research_id,model,target_round,training_start_round,training_through_round,training_window_n,window_mode,predicted_numbers,actual_numbers,hits
S001,multi_window_frequency,501,201,500,300,rolling300,4 13 20 22 27 40,1 4 10 17 31 42,1
S002,gap_regime_hazard,501,201,500,300,rolling300,5 13 14 32 39 41,1 4 10 17 31 42,0
S003,momentum_state_transition,501,201,500,300,rolling300,4 8 13 15 20 22,1 4 10 17 31 42,1
S004,conditional_probability,501,201,500,300,rolling300,4 13 20 22 24 27,1 4 10 17 31 42,1
S005,structure_transition,501,201,500,300,rolling300,3 13 21 25 30 32,1 4 10 17 31 42,0
S006,pair_residual_node,501,201,500,300,rolling300,8 16 17 20 27 40,1 4 10 17 31 42,1
S007,triple_residual_node,501,201,500,300,rolling300,8 16 17 20 27 40,1 4 10 17 31 42,1
S008,family_balanced_hybrid,501,201,500,300,rolling300,4 8 13 20 27 39,1 4 10 17 31 42,1
S001,multi_window_frequency,502,202,501,300,rolling300,4 13 20 22 27 40,6 22 28 32 34 40,2
S002,gap_regime_hazard,502,202,501,300,rolling300,3 5 23 27 35 40,6 22 28 32 34 40,1
S003,momentum_state_transition,502,202,501,300,rolling300,4 8 13 15 20 22,6 22 28 32 34 40,1
S004,conditional_probability,502,202,501,300,rolling300,4 13 20 22 24 27,6 22 28 32 34 40,1
S005,structure_transition,502,202,501,300,rolling300,3 14 18 23 25 40,6 22 28 32 34 40,1
S006,pair_residual_node,502,202,501,300,rolling300,8 16 17 20 27 40,6 22 28 32 34 40,1
S007,triple_residual_node,502,202,501,300,rolling300,8 17 20 27 40 45,6 22 28 32 34 40,1
S008,family_balanced_hybrid,502,202,501,300,rolling300,4 8 13 20 27 34,6 22 28 32 34 40,1
S001,multi_window_frequency,503,203,502,300,rolling300,4 13 20 22 27 40,1 5 27 30 34 36,1
S002,gap_regime_hazard,503,203,502,300,rolling300,1 3 4 12 20 24,1 5 27 30 34 36,1
S003,momentum_state_transition,503,203,502,300,rolling300,1 4 8 13 15 22,1 5 27 30 34 36,1
S004,conditional_probability,503,203,502,300,rolling300,4 13 20 22 24 34,1 5 27 30 34 36,1
S005,structure_transition,503,203,502,300,rolling300,5 10 21 35 36 38,1 5 27 30 34 36,2
S006,pair_residual_node,503,203,502,300,rolling300,8 17 20 27 40 45,1 5 27 30 34 36,1
S007,triple_residual_node,503,203,502,300,rolling300,8 17 20 27 40 45,1 5 27 30 34 36,1
S008,family_balanced_hybrid,503,203,502,300,rolling300,1 4 8 13 20 34,1 5 27 30 34 36,2
S001,multi_window_frequency,504,204,503,300,rolling300,4 13 20 27 34 40,6 14 22 26 43 44,0
S002,gap_regime_hazard,504,204,503,300,rolling300,4 6 10 17 31 42,6 14 22 26 43 44,1
S003,momentum_state_transition,504,204,503,300,rolling300,1 4 8 13 22 23,6 14 22 26 43 44,1
S004,conditional_probability,504,204,503,300,rolling300,4 5 13 20 24 27,6 14 22 26 43 44,0
S005,structure_transition,504,204,503,300,rolling300,3 4 26 29 38 43,6 14 22 26 43 44,2
S006,pair_residual_node,504,204,503,300,rolling300,8 17 20 27 40 45,6 14 22 26 43 44,0
S007,triple_residual_node,504,204,503,300,rolling300,8 17 20 27 40 45,6 14 22 26 43 44,0
S008,family_balanced_hybrid,504,204,503,300,rolling300,4 8 13 20 27 34,6 14 22 26 43 44,0
S001,multi_window_frequency,505,205,504,300,rolling300,4 20 22 27 34 40,7 20 22 25 38 40,3
S002,gap_regime_hazard,505,205,504,300,rolling300,1 5 27 28 32 40,7 20 22 25 38 40,1
S003,momentum_state_transition,505,205,504,300,rolling300,1 4 8 13 22 23,7 20 22 25 38 40,1
S004,conditional_probability,505,205,504,300,rolling300,4 13 22 24 27 44,7 20 22 25 38 40,1
S005,structure_transition,505,205,504,300,rolling300,1 3 5 32 35 44,7 20 22 25 38 40,0
S006,pair_residual_node,505,205,504,300,rolling300,8 17 20 27 40 45,7 20 22 25 38 40,2
S007,triple_residual_node,505,205,504,300,rolling300,8 17 20 27 40 45,7 20 22 25 38 40,2
S008,family_balanced_hybrid,505,205,504,300,rolling300,1 4 8 20 27 34,7 20 22 25 38 40,1
S001,multi_window_frequency,506,206,505,300,rolling300,4 20 22 27 34 40,6 9 11 22 24 30,1
S002,gap_regime_hazard,506,206,505,300,rolling300,1 5 27 30 34 36,6 9 11 22 24 30,1
S003,momentum_state_transition,506,206,505,300,rolling300,1 4 8 13 17 22,6 9 11 22 24 30,1
S004,conditional_probability,506,206,505,300,rolling300,4 20 22 24 34 40,6 9 11 22 24 30,2
S005,structure_transition,506,206,505,300,rolling300,6 10 19 24 27 37,6 9 11 22 24 30,2
S006,pair_residual_node,506,206,505,300,rolling300,8 17 20 27 40 45,6 9 11 22 24 30,0
S007,triple_residual_node,506,206,505,300,rolling300,8 17 20 27 40 45,6 9 11 22 24 30,0
S008,family_balanced_hybrid,506,206,505,300,rolling300,1 4 8 17 27 34,6 9 11 22 24 30,0
S001,multi_window_frequency,507,207,506,300,rolling300,4 20 22 27 34 40,12 13 32 33 40 41,1
S002,gap_regime_hazard,507,207,506,300,rolling300,7 14 20 26 43 44,12 13 32 33 40 41,0
S003,momentum_state_transition,507,207,506,300,rolling300,4 8 13 17 22 27,12 13 32 33 40 41,1
S004,conditional_probability,507,207,506,300,rolling300,6 20 22 24 34 40,12 13 32 33 40 41,1
S005,structure_transition,507,207,506,300,rolling300,12 15 20 28 35 36,12 13 32 33 40 41,1
S006,pair_residual_node,507,207,506,300,rolling300,8 17 20 27 40 45,12 13 32 33 40 41,1
S007,triple_residual_node,507,207,506,300,rolling300,8 17 20 27 40 45,12 13 32 33 40 41,1
S008,family_balanced_hybrid,507,207,506,300,rolling300,8 17 20 27 34 40,12 13 32 33 40 41,1
S001,multi_window_frequency,508,208,507,300,rolling300,4 20 22 27 34 40,5 27 31 34 35 43,2
S002,gap_regime_hazard,508,208,507,300,rolling300,6 7 9 20 25 38,5 27 31 34 35 43,0
S003,momentum_state_transition,508,208,507,300,rolling300,4 8 13 22 27 31,5 27 31 34 35 43,2
S004,conditional_probability,508,208,507,300,rolling300,6 20 22 24 32 34,5 27 31 34 35 43,1
S005,structure_transition,508,208,507,300,rolling300,11 16 18 26 27 39,5 27 31 34 35 43,1
S006,pair_residual_node,508,208,507,300,rolling300,8 17 20 27 40 45,5 27 31 34 35 43,1
S007,triple_residual_node,508,208,507,300,rolling300,8 17 20 27 40 45,5 27 31 34 35 43,1
S008,family_balanced_hybrid,508,208,507,300,rolling300,8 20 22 24 27 34,5 27 31 34 35 43,2
S001,multi_window_frequency,509,209,508,300,rolling300,4 20 22 27 34 40,12 25 29 35 42 43,0
S002,gap_regime_hazard,509,209,508,300,rolling300,6 9 11 22 24 30,12 25 29 35 42 43,0
S003,momentum_state_transition,509,209,508,300,rolling300,4 8 13 22 27 30,12 25 29 35 42 43,0
S004,conditional_probability,509,209,508,300,rolling300,5 6 20 22 27 34,12 25 29 35 42 43,0
S005,structure_transition,509,209,508,300,rolling300,5 7 10 20 23 32,12 25 29 35 42 43,0
S006,pair_residual_node,509,209,508,300,rolling300,8 17 20 27 40 45,12 25 29 35 42 43,0
S007,triple_residual_node,509,209,508,300,rolling300,8 17 20 27 40 45,12 25 29 35 42 43,0
S008,family_balanced_hybrid,509,209,508,300,rolling300,8 13 20 22 27 40,12 25 29 35 42 43,0
S001,multi_window_frequency,510,210,509,300,rolling300,4 20 22 27 34 40,12 29 32 33 39 40,1
S002,gap_regime_hazard,510,210,509,300,rolling300,5 13 32 33 40 41,12 29 32 33 39 40,3
S003,momentum_state_transition,510,210,509,300,rolling300,4 13 20 22 27 29,12 29 32 33 39 40,1
S004,conditional_probability,510,210,509,300,rolling300,6 12 22 34 40 43,12 29 32 33 39 40,2
S005,structure_transition,510,210,509,300,rolling300,2 16 21 33 38 42,12 29 32 33 39 40,1
S006,pair_residual_node,510,210,509,300,rolling300,8 17 20 27 40 45,12 29 32 33 39 40,1
S007,triple_residual_node,510,210,509,300,rolling300,8 17 20 27 40 45,12 29 32 33 39 40,1
S008,family_balanced_hybrid,510,210,509,300,rolling300,8 13 20 27 34 40,12 29 32 33 39 40,1
S001,multi_window_frequency,511,211,510,300,rolling300,20 22 27 34 40 43,3 7 14 23 26 42,0
S002,gap_regime_hazard,511,211,510,300,rolling300,5 25 27 31 34 35,3 7 14 23 26 42,0
S003,momentum_state_transition,511,211,510,300,rolling300,4 13 22 27 29 30,3 7 14 23 26 42,0
S004,conditional_probability,511,211,510,300,rolling300,6 12 22 32 34 43,3 7 14 23 26 42,0
S005,structure_transition,511,211,510,300,rolling300,14 18 19 22 35 45,3 7 14 23 26 42,1
S006,pair_residual_node,511,211,510,300,rolling300,8 17 20 27 40 45,3 7 14 23 26 42,0
S007,triple_residual_node,511,211,510,300,rolling300,8 17 20 27 40 45,3 7 14 23 26 42,0
S008,family_balanced_hybrid,511,211,510,300,rolling300,8 13 27 34 40 43,3 7 14 23 26 42,0
S001,multi_window_frequency,512,212,511,300,rolling300,20 22 27 34 40 43,4 5 9 13 26 27,1
S002,gap_regime_hazard,512,212,511,300,rolling300,12 25 29 32 35 43,4 5 9 13 26 27,0
S003,momentum_state_transition,512,212,511,300,rolling300,4 13 22 23 26 27,4 5 9 13 26 27,4
S004,conditional_probability,512,212,511,300,rolling300,6 12 22 32 34 43,4 5 9 13 26 27,0
S005,structure_transition,512,212,511,300,rolling300,1 6 16 35 37 42,4 5 9 13 26 27,0
S006,pair_residual_node,512,212,511,300,rolling300,8 14 20 27 40 45,4 5 9 13 26 27,1
S007,triple_residual_node,512,212,511,300,rolling300,8 14 20 27 40 45,4 5 9 13 26 27,1
S008,family_balanced_hybrid,512,212,511,300,rolling300,1 4 8 12 40 43,4 5 9 13 26 27,1
S001,multi_window_frequency,513,213,512,300,rolling300,20 22 26 27 34 40,5 8 21 23 27 33,1
S002,gap_regime_hazard,513,213,512,300,rolling300,12 29 32 33 39 40,5 8 21 23 27 33,1
S003,momentum_state_transition,513,213,512,300,rolling300,4 13 22 23 27 29,5 8 21 23 27 33,2
S004,conditional_probability,513,213,512,300,rolling300,5 12 22 26 27 40,5 8 21 23 27 33,2
S005,structure_transition,513,213,512,300,rolling300,1 6 20 24 40 41,5 8 21 23 27 33,0
S006,pair_residual_node,513,213,512,300,rolling300,8 14 20 27 40 45,5 8 21 23 27 33,2
S007,triple_residual_node,513,213,512,300,rolling300,8 14 20 27 40 45,5 8 21 23 27 33,2
S008,family_balanced_hybrid,513,213,512,300,rolling300,8 12 17 27 29 40,5 8 21 23 27 33,2
S001,multi_window_frequency,514,214,513,300,rolling300,13 20 22 26 27 40,1 15 20 26 35 42,2
S002,gap_regime_hazard,514,214,513,300,rolling300,3 4 7 9 14 42,1 15 20 26 35 42,1
S003,momentum_state_transition,514,214,513,300,rolling300,4 22 23 26 27 29,1 15 20 26 35 42,1
S004,conditional_probability,514,214,513,300,rolling300,5 12 22 26 27 33,1 15 20 26 35 42,1
S005,structure_transition,514,214,513,300,rolling300,16 19 20 24 31 39,1 15 20 26 35 42,1
S006,pair_residual_node,514,214,513,300,rolling300,8 17 20 27 40 45,1 15 20 26 35 42,1
S007,triple_residual_node,514,214,513,300,rolling300,8 17 20 27 40 45,1 15 20 26 35 42,1
S008,family_balanced_hybrid,514,214,513,300,rolling300,1 4 17 26 27 40,1 15 20 26 35 42,2
S001,multi_window_frequency,515,215,514,300,rolling300,13 20 22 26 27 40,2 11 12 15 23 37,0
S002,gap_regime_hazard,515,215,514,300,rolling300,4 5 8 9 13 21,2 11 12 15 23 37,0
S003,momentum_state_transition,515,215,514,300,rolling300,1 4 22 23 26 27,2 11 12 15 23 37,1
S004,conditional_probability,515,215,514,300,rolling300,5 12 26 27 33 35,2 11 12 15 23 37,1
S005,structure_transition,515,215,514,300,rolling300,3 16 21 25 28 35,2 11 12 15 23 37,0
S006,pair_residual_node,515,215,514,300,rolling300,8 17 20 27 40 45,2 11 12 15 23 37,0
S007,triple_residual_node,515,215,514,300,rolling300,8 17 20 27 40 45,2 11 12 15 23 37,0
S008,family_balanced_hybrid,515,215,514,300,rolling300,1 4 8 17 27 40,2 11 12 15 23 37,0
S001,multi_window_frequency,516,216,515,300,rolling300,13 20 26 27 34 40,2 8 23 41 43 44,0
S002,gap_regime_hazard,516,216,515,300,rolling300,1 5 8 21 27 33,2 8 23 41 43 44,1
S003,momentum_state_transition,516,216,515,300,rolling300,1 4 22 23 26 27,2 8 23 41 43 44,1
S004,conditional_probability,516,216,515,300,rolling300,5 23 26 27 33 35,2 8 23 41 43 44,1
S005,structure_transition,516,216,515,300,rolling300,9 14 18 28 36 41,2 8 23 41 43 44,1
S006,pair_residual_node,516,216,515,300,rolling300,8 17 20 27 40 45,2 8 23 41 43 44,1
S007,triple_residual_node,516,216,515,300,rolling300,8 17 20 27 40 45,2 8 23 41 43 44,1
S008,family_balanced_hybrid,516,216,515,300,rolling300,1 8 17 20 26 27,2 8 23 41 43 44,1
S001,multi_window_frequency,517,217,516,300,rolling300,8 20 23 27 40 43,1 9 12 28 36 41,0
S002,gap_regime_hazard,517,217,516,300,rolling300,1 11 20 26 35 42,1 9 12 28 36 41,1
S003,momentum_state_transition,517,217,516,300,rolling300,1 4 20 22 23 26,1 9 12 28 36 41,1
S004,conditional_probability,517,217,516,300,rolling300,5 26 27 33 35 42,1 9 12 28 36 41,0
S005,structure_transition,517,217,516,300,rolling300,1 4 6 31 40 45,1 9 12 28 36 41,1
S006,pair_residual_node,517,217,516,300,rolling300,8 14 20 27 40 45,1 9 12 28 36 41,0
S007,triple_residual_node,517,217,516,300,rolling300,8 14 20 27 40 45,1 9 12 28 36 41,0
S008,family_balanced_hybrid,517,217,516,300,rolling300,1 12 20 26 27 43,1 9 12 28 36 41,2
S001,multi_window_frequency,518,218,517,300,rolling300,12 20 23 26 27 40,14 23 30 32 34 38,1
S002,gap_regime_hazard,518,218,517,300,rolling300,2 8 11 15 23 37,14 23 30 32 34 38,1
S003,momentum_state_transition,518,218,517,300,rolling300,1 4 20 22 23 26,14 23 30 32 34 38,1
S004,conditional_probability,518,218,517,300,rolling300,5 26 27 35 42 43,14 23 30 32 34 38,0
S005,structure_transition,518,218,517,300,rolling300,4 8 15 29 33 44,14 23 30 32 34 38,0
S006,pair_residual_node,518,218,517,300,rolling300,8 14 20 27 40 45,14 23 30 32 34 38,1
S007,triple_residual_node,518,218,517,300,rolling300,1 8 20 27 40 45,14 23 30 32 34 38,0
S008,family_balanced_hybrid,518,218,517,300,rolling300,8 17 20 23 27 43,14 23 30 32 34 38,1
S001,multi_window_frequency,519,219,518,300,rolling300,12 20 23 27 34 40,6 8 13 16 30 43,0
S002,gap_regime_hazard,519,219,518,300,rolling300,1 2 8 9 43 44,6 8 13 16 30 43,2
S003,momentum_state_transition,519,219,518,300,rolling300,1 4 20 22 23 26,6 8 13 16 30 43,0
S004,conditional_probability,519,219,518,300,rolling300,6 10 12 23 26 42,6 8 13 16 30 43,1
S005,structure_transition,519,219,518,300,rolling300,2 14 19 25 29 33,6 8 13 16 30 43,0
S006,pair_residual_node,519,219,518,300,rolling300,8 14 20 27 40 45,6 8 13 16 30 43,1
S007,triple_residual_node,519,219,518,300,rolling300,8 14 20 27 40 45,6 8 13 16 30 43,1
S008,family_balanced_hybrid,519,219,518,300,rolling300,1 8 12 20 23 27,6 8 13 16 30 43,1
S001,multi_window_frequency,520,220,519,300,rolling300,8 20 23 27 34 40,4 22 27 28 38 40,2
S002,gap_regime_hazard,520,220,519,300,rolling300,1 9 12 28 36 41,4 22 27 28 38 40,1
S003,momentum_state_transition,520,220,519,300,rolling300,1 4 5 8 13 20,4 22 27 28 38 40,1
S004,conditional_probability,520,220,519,300,rolling300,8 10 12 17 18 26,4 22 27 28 38 40,0
S005,structure_transition,520,220,519,300,rolling300,12 14 19 27 29 35,4 22 27 28 38 40,1
S006,pair_residual_node,520,220,519,300,rolling300,8 14 20 27 40 45,4 22 27 28 38 40,2
S007,triple_residual_node,520,220,519,300,rolling300,1 8 14 20 27 40,4 22 27 28 38 40,2
S008,family_balanced_hybrid,520,220,519,300,rolling300,1 8 12 20 23 40,4 22 27 28 38 40,1
S001,multi_window_frequency,521,221,520,300,rolling300,8 13 20 23 27 40,3 7 18 29 32 36,0
S002,gap_regime_hazard,521,221,520,300,rolling300,6 8 14 23 32 34,3 7 18 29 32 36,1
S003,momentum_state_transition,521,221,520,300,rolling300,1 4 8 13 22 23,3 7 18 29 32 36,0
S004,conditional_probability,521,221,520,300,rolling300,8 10 17 18 26 27,3 7 18 29 32 36,1
S005,structure_transition,521,221,520,300,rolling300,7 12 14 16 27 45,3 7 18 29 32 36,1
S006,pair_residual_node,521,221,520,300,rolling300,8 14 20 27 40 45,3 7 18 29 32 36,0
S007,triple_residual_node,521,221,520,300,rolling300,8 14 20 27 40 45,3 7 18 29 32 36,0
S008,family_balanced_hybrid,521,221,520,300,rolling300,1 8 20 23 27 34,3 7 18 29 32 36,0
S001,multi_window_frequency,522,222,521,300,rolling300,8 13 20 23 27 40,4 5 13 14 37 41,1
S002,gap_regime_hazard,522,222,521,300,rolling300,6 8 13 16 30 43,4 5 13 14 37 41,1
S003,momentum_state_transition,522,222,521,300,rolling300,1 8 13 22 23 26,4 5 13 14 37 41,1
S004,conditional_probability,522,222,521,300,rolling300,8 10 17 19 23 27,4 5 13 14 37 41,0
S005,structure_transition,522,222,521,300,rolling300,10 15 18 25 39 42,4 5 13 14 37 41,0
S006,pair_residual_node,522,222,521,300,rolling300,8 14 20 27 40 45,4 5 13 14 37 41,1
S007,triple_residual_node,522,222,521,300,rolling300,8 14 20 27 40 45,4 5 13 14 37 41,1
S008,family_balanced_hybrid,522,222,521,300,rolling300,8 13 20 23 27 40,4 5 13 14 37 41,1
S001,multi_window_frequency,523,223,522,300,rolling300,4 13 20 23 27 40,1 4 37 38 40 45,2
S002,gap_regime_hazard,523,223,522,300,rolling300,3 22 27 28 38 40,1 4 37 38 40 45,2
S003,momentum_state_transition,523,223,522,300,rolling300,1 4 8 13 22 23,1 4 37 38 40 45,2
S004,conditional_probability,523,223,522,300,rolling300,8 10 17 19 23 41,1 4 37 38 40 45,0
S005,structure_transition,523,223,522,300,rolling300,4 15 27 28 30 34,1 4 37 38 40 45,1
S006,pair_residual_node,523,223,522,300,rolling300,8 14 20 27 40 45,1 4 37 38 40 45,2
S007,triple_residual_node,523,223,522,300,rolling300,1 8 14 20 27 40,1 4 37 38 40 45,2
S008,family_balanced_hybrid,523,223,522,300,rolling300,1 8 20 23 27 40,1 4 37 38 40 45,2
S001,multi_window_frequency,524,224,523,300,rolling300,4 13 20 23 27 40,10 11 29 38 41 45,0
S002,gap_regime_hazard,524,224,523,300,rolling300,3 7 18 29 32 36,10 11 29 38 41 45,1
S003,momentum_state_transition,524,224,523,300,rolling300,1 4 5 8 13 22,10 11 29 38 41 45,0
S004,conditional_probability,524,224,523,300,rolling300,1 4 23 37 38 41,10 11 29 38 41 45,2
S005,structure_transition,524,224,523,300,rolling300,5 8 18 23 25 44,10 11 29 38 41 45,0
S006,pair_residual_node,524,224,523,300,rolling300,1 8 14 20 27 40,10 11 29 38 41 45,0
S007,triple_residual_node,524,224,523,300,rolling300,1 8 14 20 27 40,10 11 29 38 41 45,0
S008,family_balanced_hybrid,524,224,523,300,rolling300,1 8 13 20 23 27,10 11 29 38 41 45,0
S001,multi_window_frequency,525,225,524,300,rolling300,4 13 23 27 38 40,11 23 26 29 39 44,1
S002,gap_regime_hazard,525,225,524,300,rolling300,1 4 5 13 14 37,11 23 26 29 39 44,0
S003,momentum_state_transition,525,225,524,300,rolling300,1 4 5 8 13 22,11 23 26 29 39 44,0
S004,conditional_probability,525,225,524,300,rolling300,4 17 23 37 38 41,11 23 26 29 39 44,1
S005,structure_transition,525,225,524,300,rolling300,2 10 31 35 37 40,11 23 26 29 39 44,0
S006,pair_residual_node,525,225,524,300,rolling300,1 8 14 20 40 45,11 23 26 29 39 44,0
S007,triple_residual_node,525,225,524,300,rolling300,1 8 14 20 40 45,11 23 26 29 39 44,0
S008,family_balanced_hybrid,525,225,524,300,rolling300,1 4 8 20 23 40,11 23 26 29 39 44,1
S001,multi_window_frequency,526,226,525,300,rolling300,4 13 23 27 38 40,7 14 17 20 35 39,0
S002,gap_regime_hazard,526,226,525,300,rolling300,1 4 10 37 38 40,7 14 17 20 35 39,0
S003,momentum_state_transition,526,226,525,300,rolling300,1 4 5 8 13 23,7 14 17 20 35 39,0
S004,conditional_probability,526,226,525,300,rolling300,4 15 23 29 38 41,7 14 17 20 35 39,0
S005,structure_transition,526,226,525,300,rolling300,4 12 14 19 38 41,7 14 17 20 35 39,1
S006,pair_residual_node,526,226,525,300,rolling300,1 8 14 20 40 45,7 14 17 20 35 39,2
S007,triple_residual_node,526,226,525,300,rolling300,1 8 14 20 40 45,7 14 17 20 35 39,2
S008,family_balanced_hybrid,526,226,525,300,rolling300,1 4 20 23 38 40,7 14 17 20 35 39,1
S001,multi_window_frequency,527,227,526,300,rolling300,4 20 23 27 38 40,1 12 22 32 33 42,0
S002,gap_regime_hazard,527,227,526,300,rolling300,10 11 23 38 41 45,1 12 22 32 33 42,0
S003,momentum_state_transition,527,227,526,300,rolling300,4 5 7 8 13 26,1 12 22 32 33 42,0
S004,conditional_probability,527,227,526,300,rolling300,2 4 14 29 38 41,1 12 22 32 33 42,0
S005,structure_transition,527,227,526,300,rolling300,13 22 30 32 36 45,1 12 22 32 33 42,2
S006,pair_residual_node,527,227,526,300,rolling300,8 14 17 20 40 45,1 12 22 32 33 42,0
S007,triple_residual_node,527,227,526,300,rolling300,8 14 17 20 40 45,1 12 22 32 33 42,0
S008,family_balanced_hybrid,527,227,526,300,rolling300,4 8 14 20 29 40,1 12 22 32 33 42,0
S001,multi_window_frequency,528,228,527,300,rolling300,4 20 23 27 38 40,5 17 25 31 39 40,1
S002,gap_regime_hazard,528,228,527,300,rolling300,7 11 23 26 29 44,5 17 25 31 39 40,0
S003,momentum_state_transition,528,228,527,300,rolling300,4 5 7 8 13 26,5 17 25 31 39 40,1
S004,conditional_probability,528,228,527,300,rolling300,2 4 14 29 32 38,5 17 25 31 39 40,0
S005,structure_transition,528,228,527,300,rolling300,6 8 16 30 33 37,5 17 25 31 39 40,0
S006,pair_residual_node,528,228,527,300,rolling300,1 8 14 20 40 45,5 17 25 31 39 40,1
S007,triple_residual_node,528,228,527,300,rolling300,1 8 14 20 40 45,5 17 25 31 39 40,1
S008,family_balanced_hybrid,528,228,527,300,rolling300,4 8 14 20 29 40,5 17 25 31 39 40,1
S001,multi_window_frequency,529,229,528,300,rolling300,1 4 20 27 38 40,18 20 24 27 31 42,2
S002,gap_regime_hazard,529,229,528,300,rolling300,1 7 12 14 20 35,18 20 24 27 31 42,1
S003,momentum_state_transition,529,229,528,300,rolling300,4 5 7 8 13 26,18 20 24 27 31 42,0
S004,conditional_probability,529,229,528,300,rolling300,2 4 29 38 39 40,18 20 24 27 31 42,0
S005,structure_transition,529,229,528,300,rolling300,17 19 21 24 26 36,18 20 24 27 31 42,1
S006,pair_residual_node,529,229,528,300,rolling300,1 8 14 20 40 45,18 20 24 27 31 42,1
S007,triple_residual_node,529,229,528,300,rolling300,1 8 14 20 40 45,18 20 24 27 31 42,1
S008,family_balanced_hybrid,529,229,528,300,rolling300,1 4 8 12 20 40,18 20 24 27 31 42,1
S001,multi_window_frequency,530,230,529,300,rolling300,1 4 20 27 38 40,16 23 27 29 33 41,1
S002,gap_regime_hazard,530,230,529,300,rolling300,1 5 12 22 32 33,16 23 27 29 33 41,1
S003,momentum_state_transition,530,230,529,300,rolling300,4 5 7 12 13 20,16 23 27 29 33 41,0
S004,conditional_probability,530,230,529,300,rolling300,2 4 29 38 39 40,16 23 27 29 33 41,1
S005,structure_transition,530,230,529,300,rolling300,5 8 18 23 25 44,16 23 27 29 33 41,1
S006,pair_residual_node,530,230,529,300,rolling300,1 8 14 20 40 45,16 23 27 29 33 41,0
S007,triple_residual_node,530,230,529,300,rolling300,1 8 14 20 40 45,16 23 27 29 33 41,0
S008,family_balanced_hybrid,530,230,529,300,rolling300,1 12 20 29 34 40,16 23 27 29 33 41,1
S001,multi_window_frequency,531,231,530,300,rolling300,1 20 23 27 29 40,1 5 9 21 27 35,2
S002,gap_regime_hazard,531,231,530,300,rolling300,5 17 18 25 39 40,1 5 9 21 27 35,1
S003,momentum_state_transition,531,231,530,300,rolling300,4 5 12 13 20 27,1 5 9 21 27 35,2
S004,conditional_probability,531,231,530,300,rolling300,2 6 8 29 39 41,1 5 9 21 27 35,0
S005,structure_transition,531,231,530,300,rolling300,10 15 17 20 31 38,1 5 9 21 27 35,0
S006,pair_residual_node,531,231,530,300,rolling300,1 8 20 23 27 45,1 5 9 21 27 35,2
S007,triple_residual_node,531,231,530,300,rolling300,1 8 20 23 27 45,1 5 9 21 27 35,2
S008,family_balanced_hybrid,531,231,530,300,rolling300,8 12 20 29 39 40,1 5 9 21 27 35,0
S001,multi_window_frequency,532,232,531,300,rolling300,1 20 23 27 29 40,16 17 23 24 29 44,2
S002,gap_regime_hazard,532,232,531,300,rolling300,16 18 20 24 31 42,16 17 23 24 29 44,2
S003,momentum_state_transition,532,232,531,300,rolling300,4 5 12 13 14 20,16 17 23 24 29 44,0
S004,conditional_probability,532,232,531,300,rolling300,1 5 27 29 39 41,16 17 23 24 29 44,1
S005,structure_transition,532,232,531,300,rolling300,7 9 12 29 38 41,16 17 23 24 29 44,1
S006,pair_residual_node,532,232,531,300,rolling300,1 8 20 23 27 45,16 17 23 24 29 44,1
S007,triple_residual_node,532,232,531,300,rolling300,1 8 20 23 27 45,16 17 23 24 29 44,1
S008,family_balanced_hybrid,532,232,531,300,rolling300,1 8 20 23 27 29,16 17 23 24 29 44,2
S001,multi_window_frequency,533,233,532,300,rolling300,1 20 23 27 29 40,9 14 15 17 31 33,0
S002,gap_regime_hazard,533,233,532,300,rolling300,1 5 9 21 33 41,9 14 15 17 31 33,2
S003,momentum_state_transition,533,233,532,300,rolling300,4 5 12 14 20 23,9 14 15 17 31 33,1
S004,conditional_probability,533,233,532,300,rolling300,1 17 23 27 29 39,9 14 15 17 31 33,1
S005,structure_transition,533,233,532,300,rolling300,3 4 17 34 36 41,9 14 15 17 31 33,1
S006,pair_residual_node,533,233,532,300,rolling300,1 8 20 23 27 34,9 14 15 17 31 33,0
S007,triple_residual_node,533,233,532,300,rolling300,1 8 20 23 27 34,9 14 15 17 31 33,0
S008,family_balanced_hybrid,533,233,532,300,rolling300,1 8 12 20 23 27,9 14 15 17 31 33,0
S001,multi_window_frequency,534,234,533,300,rolling300,1 20 23 27 29 40,10 24 26 29 37 38,1
S002,gap_regime_hazard,534,234,533,300,rolling300,1 5 16 21 27 35,10 24 26 29 37 38,0
S003,momentum_state_transition,534,234,533,300,rolling300,4 5 12 14 20 23,10 24 26 29 37 38,0
S004,conditional_probability,534,234,533,300,rolling300,17 23 27 31 33 39,10 24 26 29 37 38,0
S005,structure_transition,534,234,533,300,rolling300,5 14 30 35 38 43,10 24 26 29 37 38,1
S006,pair_residual_node,534,234,533,300,rolling300,1 8 14 20 23 27,10 24 26 29 37 38,0
S007,triple_residual_node,534,234,533,300,rolling300,1 8 14 20 23 27,10 24 26 29 37 38,0
S008,family_balanced_hybrid,534,234,533,300,rolling300,1 8 20 23 27 29,10 24 26 29 37 38,1
S001,multi_window_frequency,535,235,534,300,rolling300,1 20 23 27 29 40,11 12 14 15 18 39,0
S002,gap_regime_hazard,535,235,534,300,rolling300,9 14 15 16 23 44,11 12 14 15 18 39,2
S003,momentum_state_transition,535,235,534,300,rolling300,1 4 5 12 14 23,11 12 14 15 18 39,2
S004,conditional_probability,535,235,534,300,rolling300,23 24 27 31 33 39,11 12 14 15 18 39,1
S005,structure_transition,535,235,534,300,rolling300,5 10 19 22 35 40,11 12 14 15 18 39,0
S006,pair_residual_node,535,235,534,300,rolling300,1 8 14 20 23 27,11 12 14 15 18 39,1
S007,triple_residual_node,535,235,534,300,rolling300,1 8 14 20 23 27,11 12 14 15 18 39,1
S008,family_balanced_hybrid,535,235,534,300,rolling300,1 14 17 23 27 29,11 12 14 15 18 39,1
S001,multi_window_frequency,536,236,535,300,rolling300,14 20 23 27 29 40,7 8 18 32 37 43,0
S002,gap_regime_hazard,536,236,535,300,rolling300,9 10 17 24 31 33,7 8 18 32 37 43,0
S003,momentum_state_transition,536,236,535,300,rolling300,1 4 5 12 14 23,7 8 18 32 37 43,0
S004,conditional_probability,536,236,535,300,rolling300,14 24 27 29 31 33,7 8 18 32 37 43,0
S005,structure_transition,536,236,535,300,rolling300,1 13 14 34 38 41,7 8 18 32 37 43,0
S006,pair_residual_node,536,236,535,300,rolling300,1 8 14 20 27 34,7 8 18 32 37 43,1
S007,triple_residual_node,536,236,535,300,rolling300,1 8 14 20 27 34,7 8 18 32 37 43,1
S008,family_balanced_hybrid,536,236,535,300,rolling300,1 14 17 24 27 29,7 8 18 32 37 43,0
S001,multi_window_frequency,537,237,536,300,rolling300,1 12 23 27 29 40,12 23 26 30 36 43,2
S002,gap_regime_hazard,537,237,536,300,rolling300,10 11 24 26 29 38,12 23 26 30 36 43,1
S003,momentum_state_transition,537,237,536,300,rolling300,1 4 5 12 14 23,12 23 26 30 36 43,2
S004,conditional_probability,537,237,536,300,rolling300,17 18 24 27 29 31,12 23 26 30 36 43,0
S005,structure_transition,537,237,536,300,rolling300,4 13 16 31 33 42,12 23 26 30 36 43,0
S006,pair_residual_node,537,237,536,300,rolling300,1 8 14 20 27 34,12 23 26 30 36 43,0
S007,triple_residual_node,537,237,536,300,rolling300,1 8 14 20 27 34,12 23 26 30 36 43,0
S008,family_balanced_hybrid,537,237,536,300,rolling300,1 14 17 24 27 29,12 23 26 30 36 43,0
S001,multi_window_frequency,538,238,537,300,rolling300,12 20 23 27 29 40,6 10 18 31 32 34,0
S002,gap_regime_hazard,538,238,537,300,rolling300,7 8 11 14 15 39,6 10 18 31 32 34,0
S003,momentum_state_transition,538,238,537,300,rolling300,1 4 5 12 14 23,6 10 18 31 32 34,0
S004,conditional_probability,538,238,537,300,rolling300,17 18 23 24 27 29,6 10 18 31 32 34,1
S005,structure_transition,538,238,537,300,rolling300,10 15 17 20 31 38,6 10 18 31 32 34,2
S006,pair_residual_node,538,238,537,300,rolling300,1 8 14 20 23 27,6 10 18 31 32 34,0
S007,triple_residual_node,538,238,537,300,rolling300,1 8 14 20 23 27,6 10 18 31 32 34,0
S008,family_balanced_hybrid,538,238,537,300,rolling300,1 8 14 20 23 27,6 10 18 31 32 34,0
S001,multi_window_frequency,539,239,538,300,rolling300,12 14 20 23 27 29,3 19 22 31 42 43,0
S002,gap_regime_hazard,539,239,538,300,rolling300,7 8 12 23 26 37,3 19 22 31 42 43,0
S003,momentum_state_transition,539,239,538,300,rolling300,1 4 5 12 14 23,3 19 22 31 42 43,0
S004,conditional_probability,539,239,538,300,rolling300,18 23 24 27 29 31,3 19 22 31 42 43,1
S005,structure_transition,539,239,538,300,rolling300,2 6 13 33 38 43,3 19 22 31 42 43,1
S006,pair_residual_node,539,239,538,300,rolling300,1 8 14 20 23 27,3 19 22 31 42 43,0
S007,triple_residual_node,539,239,538,300,rolling300,1 8 14 20 23 27,3 19 22 31 42 43,0
S008,family_balanced_hybrid,539,239,538,300,rolling300,1 8 12 20 23 27,3 19 22 31 42 43,0
S001,multi_window_frequency,540,240,539,300,rolling300,12 23 27 29 31 43,3 12 13 15 34 36,1
S002,gap_regime_hazard,540,240,539,300,rolling300,6 12 23 26 30 36,3 12 13 15 34 36,2
S003,momentum_state_transition,540,240,539,300,rolling300,1 4 5 12 14 22,3 12 13 15 34 36,1
S004,conditional_probability,540,240,539,300,rolling300,2 18 23 29 31 43,3 12 13 15 34 36,0
S005,structure_transition,540,240,539,300,rolling300,5 11 16 23 26 30,3 12 13 15 34 36,0
S006,pair_residual_node,540,240,539,300,rolling300,1 8 14 20 23 27,3 12 13 15 34 36,0
S007,triple_residual_node,540,240,539,300,rolling300,1 8 14 20 23 27,3 12 13 15 34 36,0
S008,family_balanced_hybrid,540,240,539,300,rolling300,1 8 12 14 23 40,3 12 13 15 34 36,1
S001,multi_window_frequency,541,241,540,300,rolling300,12 23 27 29 31 43,8 13 26 28 32 34,0
S002,gap_regime_hazard,541,241,540,300,rolling300,6 10 18 19 22 32,8 13 26 28 32 34,1
S003,momentum_state_transition,541,241,540,300,rolling300,1 5 12 14 23 26,8 13 26 28 32 34,1
S004,conditional_probability,541,241,540,300,rolling300,2 12 15 18 31 43,8 13 26 28 32 34,0
S005,structure_transition,541,241,540,300,rolling300,5 14 30 35 38 43,8 13 26 28 32 34,0
S006,pair_residual_node,541,241,540,300,rolling300,1 8 14 20 23 27,8 13 26 28 32 34,1
S007,triple_residual_node,541,241,540,300,rolling300,1 8 14 20 23 27,8 13 26 28 32 34,1
S008,family_balanced_hybrid,541,241,540,300,rolling300,1 12 14 23 27 43,8 13 26 28 32 34,0
S001,multi_window_frequency,542,242,541,300,rolling300,12 13 23 26 27 34,5 6 19 26 41 45,1
S002,gap_regime_hazard,542,242,541,300,rolling300,3 19 22 31 42 43,5 6 19 26 41 45,1
S003,momentum_state_transition,542,242,541,300,rolling300,1 5 12 13 14 23,5 6 19 26 41 45,1
S004,conditional_probability,542,242,541,300,rolling300,12 15 18 26 31 32,5 6 19 26 41 45,1
S005,structure_transition,542,242,541,300,rolling300,1 17 20 25 37 42,5 6 19 26 41 45,0
S006,pair_residual_node,542,242,541,300,rolling300,1 8 14 20 23 27,5 6 19 26 41 45,0
S007,triple_residual_node,542,242,541,300,rolling300,1 8 14 20 23 27,5 6 19 26 41 45,0
S008,family_balanced_hybrid,542,242,541,300,rolling300,1 12 15 23 34 43,5 6 19 26 41 45,0
S001,multi_window_frequency,543,243,542,300,rolling300,12 13 23 26 34 43,13 18 26 31 34 44,3
S002,gap_regime_hazard,543,243,542,300,rolling300,3 8 12 13 15 36,13 18 26 31 34 44,1
S003,momentum_state_transition,543,243,542,300,rolling300,1 5 12 14 23 26,13 18 26 31 34 44,1
S004,conditional_probability,543,243,542,300,rolling300,12 15 18 31 32 34,13 18 26 31 34 44,3
S005,structure_transition,543,243,542,300,rolling300,4 11 16 27 32 34,13 18 26 31 34 44,1
S006,pair_residual_node,543,243,542,300,rolling300,1 8 14 20 23 27,13 18 26 31 34 44,0
S007,triple_residual_node,543,243,542,300,rolling300,1 8 14 20 23 27,13 18 26 31 34 44,0
S008,family_balanced_hybrid,543,243,542,300,rolling300,1 8 12 23 27 34,13 18 26 31 34 44,1
S001,multi_window_frequency,544,244,543,300,rolling300,12 13 23 26 31 34,5 17 21 25 36 44,0
S002,gap_regime_hazard,544,244,543,300,rolling300,5 6 8 19 28 32,5 17 21 25 36 44,1
S003,momentum_state_transition,544,244,543,300,rolling300,5 12 13 14 23 26,5 17 21 25 36 44,1
S004,conditional_probability,544,244,543,300,rolling300,12 13 18 31 32 43,5 17 21 25 36 44,0
S005,structure_transition,544,244,543,300,rolling300,6 20 23 29 32 33,5 17 21 25 36 44,0
S006,pair_residual_node,544,244,543,300,rolling300,1 8 14 20 23 27,5 17 21 25 36 44,0
S007,triple_residual_node,544,244,543,300,rolling300,1 8 14 20 23 27,5 17 21 25 36 44,0
S008,family_balanced_hybrid,544,244,543,300,rolling300,1 8 12 14 23 27,5 17 21 25 36 44,0
S001,multi_window_frequency,545,245,544,300,rolling300,12 13 23 26 31 34,4 24 25 27 34 35,1
S002,gap_regime_hazard,545,245,544,300,rolling300,6 13 18 19 41 45,4 24 25 27 34 35,0
S003,momentum_state_transition,545,245,544,300,rolling300,5 12 13 14 23 26,4 24 25 27 34 35,0
S004,conditional_probability,545,245,544,300,rolling300,12 13 31 32 36 43,4 24 25 27 34 35,0
S005,structure_transition,545,245,544,300,rolling300,4 11 16 27 32 34,4 24 25 27 34 35,3
S006,pair_residual_node,545,245,544,300,rolling300,1 8 14 20 23 45,4 24 25 27 34 35,0
S007,triple_residual_node,545,245,544,300,rolling300,1 8 14 20 23 45,4 24 25 27 34 35,0
S008,family_balanced_hybrid,545,245,544,300,rolling300,12 13 14 23 26 34,4 24 25 27 34 35,1
S001,multi_window_frequency,546,246,545,300,rolling300,13 26 27 31 34 43,8 17 20 27 37 43,2
S002,gap_regime_hazard,546,246,545,300,rolling300,5 13 17 18 26 31,8 17 20 27 37 43,1
S003,momentum_state_transition,546,246,545,300,rolling300,5 12 13 14 23 26,8 17 20 27 37 43,0
S004,conditional_probability,546,246,545,300,rolling300,13 18 26 31 32 36,8 17 20 27 37 43,0
S005,structure_transition,546,246,545,300,rolling300,1 6 20 21 35 38,8 17 20 27 37 43,1
S006,pair_residual_node,546,246,545,300,rolling300,1 8 14 20 23 40,8 17 20 27 37 43,2
S007,triple_residual_node,546,246,545,300,rolling300,1 8 14 20 23 40,8 17 20 27 37 43,2
S008,family_balanced_hybrid,546,246,545,300,rolling300,1 13 14 23 26 29,8 17 20 27 37 43,0
S001,multi_window_frequency,547,247,546,300,rolling300,13 26 27 31 34 43,6 7 15 22 34 39,1
S002,gap_regime_hazard,547,247,546,300,rolling300,4 5 21 24 36 44,6 7 15 22 34 39,0
S003,momentum_state_transition,547,247,546,300,rolling300,5 8 12 13 23 26,6 7 15 22 34 39,0
S004,conditional_probability,547,247,546,300,rolling300,1 13 26 31 36 43,6 7 15 22 34 39,0
S005,structure_transition,547,247,546,300,rolling300,3 13 21 25 30 32,6 7 15 22 34 39,0
S006,pair_residual_node,547,247,546,300,rolling300,1 8 14 20 23 34,6 7 15 22 34 39,1
S007,triple_residual_node,547,247,546,300,rolling300,1 8 14 20 34 45,6 7 15 22 34 39,1
S008,family_balanced_hybrid,547,247,546,300,rolling300,1 13 14 23 26 29,6 7 15 22 34 39,0
S001,multi_window_frequency,548,248,547,300,rolling300,8 13 26 27 31 34,1 12 13 21 32 45,1
S002,gap_regime_hazard,548,248,547,300,rolling300,4 8 17 24 25 35,1 12 13 21 32 45,0
S003,momentum_state_transition,548,248,547,300,rolling300,5 8 12 13 23 26,1 12 13 21 32 45,2
S004,conditional_probability,548,248,547,300,rolling300,1 2 6 13 26 31,1 12 13 21 32 45,2
S005,structure_transition,548,248,547,300,rolling300,9 12 17 24 39 44,1 12 13 21 32 45,1
S006,pair_residual_node,548,248,547,300,rolling300,1 8 14 20 23 34,1 12 13 21 32 45,1
S007,triple_residual_node,548,248,547,300,rolling300,1 8 14 20 23 34,1 12 13 21 32 45,1
S008,family_balanced_hybrid,548,248,547,300,rolling300,1 8 13 14 23 27,1 12 13 21 32 45,2
S001,multi_window_frequency,549,249,548,300,rolling300,13 26 27 31 34 43,29 31 35 38 40 44,1
S002,gap_regime_hazard,549,249,548,300,rolling300,8 17 20 27 37 43,29 31 35 38 40 44,0
S003,momentum_state_transition,549,249,548,300,rolling300,5 8 12 13 23 26,29 31 35 38 40 44,0
S004,conditional_probability,549,249,548,300,rolling300,1 4 7 13 18 26,29 31 35 38 40 44,0
S005,structure_transition,549,249,548,300,rolling300,7 17 24 26 30 35,29 31 35 38 40 44,1
S006,pair_residual_node,549,249,548,300,rolling300,1 14 20 23 34 45,29 31 35 38 40 44,0
S007,triple_residual_node,549,249,548,300,rolling300,1 14 20 23 34 45,29 31 35 38 40 44,0
S008,family_balanced_hybrid,549,249,548,300,rolling300,1 8 20 23 26 27,29 31 35 38 40 44,0
S001,multi_window_frequency,550,250,549,300,rolling300,13 26 27 31 34 40,1 7 14 20 34 37,1
S002,gap_regime_hazard,550,250,549,300,rolling300,6 7 15 22 34 39,1 7 14 20 34 37,2
S003,momentum_state_transition,550,250,549,300,rolling300,5 8 12 13 23 26,1 7 14 20 34 37,0
S004,conditional_probability,550,250,549,300,rolling300,2 9 10 13 26 44,1 7 14 20 34 37,0
S005,structure_transition,550,250,549,300,rolling300,1 4 6 24 31 33,1 7 14 20 34 37,1
S006,pair_residual_node,550,250,549,300,rolling300,1 14 20 23 34 45,1 7 14 20 34 37,4
S007,triple_residual_node,550,250,549,300,rolling300,1 14 20 23 34 45,1 7 14 20 34 37,4
S008,family_balanced_hybrid,550,250,549,300,rolling300,1 12 13 14 20 23,1 7 14 20 34 37,3
S001,multi_window_frequency,551,251,550,300,rolling300,13 20 26 27 31 34,3 6 20 24 27 44,2
S002,gap_regime_hazard,551,251,550,300,rolling300,12 13 21 29 32 45,3 6 20 24 27 44,0
S003,momentum_state_transition,551,251,550,300,rolling300,1 5 7 8 12 13,3 6 20 24 27 44,0
S004,conditional_probability,551,251,550,300,rolling300,4 12 13 14 26 44,3 6 20 24 27 44,1
S005,structure_transition,551,251,550,300,rolling300,4 13 33 38 42 45,3 6 20 24 27 44,0
S006,pair_residual_node,551,251,550,300,rolling300,1 8 14 20 34 45,3 6 20 24 27 44,1
S007,triple_residual_node,551,251,550,300,rolling300,1 8 14 20 34 45,3 6 20 24 27 44,1
S008,family_balanced_hybrid,551,251,550,300,rolling300,8 12 13 14 29 40,3 6 20 24 27 44,0
S001,multi_window_frequency,552,252,551,300,rolling300,13 20 27 31 34 37,1 10 20 32 35 40,1
S002,gap_regime_hazard,552,252,551,300,rolling300,1 29 31 35 38 40,1 10 20 32 35 40,3
S003,momentum_state_transition,552,252,551,300,rolling300,8 12 13 14 20 26,1 10 20 32 35 40,1
S004,conditional_probability,552,252,551,300,rolling300,3 6 20 27 34 44,1 10 20 32 35 40,1
S005,structure_transition,552,252,551,300,rolling300,2 4 14 33 37 41,1 10 20 32 35 40,0
S006,pair_residual_node,552,252,551,300,rolling300,1 8 14 20 34 45,1 10 20 32 35 40,2
S007,triple_residual_node,552,252,551,300,rolling300,1 8 14 20 34 45,1 10 20 32 35 40,2
S008,family_balanced_hybrid,552,252,551,300,rolling300,1 8 14 20 29 34,1 10 20 32 35 40,2
S001,multi_window_frequency,553,253,552,300,rolling300,1 20 27 31 34 40,2 7 17 28 29 39,0
S002,gap_regime_hazard,553,253,552,300,rolling300,3 6 7 14 34 37,2 7 17 28 29 39,1
S003,momentum_state_transition,553,253,552,300,rolling300,1 8 12 14 17 20,2 7 17 28 29 39,1
S004,conditional_probability,553,253,552,300,rolling300,1 20 27 34 35 44,2 7 17 28 29 39,0
S005,structure_transition,553,253,552,300,rolling300,2 4 14 33 37 41,2 7 17 28 29 39,1
S006,pair_residual_node,553,253,552,300,rolling300,1 8 14 20 34 45,2 7 17 28 29 39,0
S007,triple_residual_node,553,253,552,300,rolling300,1 8 14 20 34 45,2 7 17 28 29 39,0
S008,family_balanced_hybrid,553,253,552,300,rolling300,1 8 14 20 27 34,2 7 17 28 29 39,0
S001,multi_window_frequency,554,254,553,300,rolling300,1 20 27 29 34 40,13 14 17 32 41 42,0
S002,gap_regime_hazard,554,254,553,300,rolling300,1 3 6 24 27 44,13 14 17 32 41 42,0
S003,momentum_state_transition,554,254,553,300,rolling300,1 12 15 17 20 27,13 14 17 32 41 42,1
S004,conditional_probability,554,254,553,300,rolling300,1 7 17 27 34 35,13 14 17 32 41 42,1
S005,structure_transition,554,254,553,300,rolling300,6 8 16 30 33 37,13 14 17 32 41 42,0
S006,pair_residual_node,554,254,553,300,rolling300,1 14 20 29 34 45,13 14 17 32 41 42,1
S007,triple_residual_node,554,254,553,300,rolling300,1 14 20 29 34 45,13 14 17 32 41 42,1
S008,family_balanced_hybrid,554,254,553,300,rolling300,1 14 17 20 27 34,13 14 17 32 41 42,2
S001,multi_window_frequency,555,255,554,300,rolling300,1 17 20 27 32 34,11 17 21 24 26 36,1
S002,gap_regime_hazard,555,255,554,300,rolling300,1 2 10 20 35 40,11 17 21 24 26 36,0
S003,momentum_state_transition,555,255,554,300,rolling300,1 12 14 17 27 31,11 17 21 24 26 36,1
S004,conditional_probability,555,255,554,300,rolling300,1 7 17 27 32 34,11 17 21 24 26 36,1
S005,structure_transition,555,255,554,300,rolling300,1 4 20 25 26 45,11 17 21 24 26 36,1
S006,pair_residual_node,555,255,554,300,rolling300,14 20 23 29 34 45,11 17 21 24 26 36,0
S007,triple_residual_node,555,255,554,300,rolling300,14 20 23 29 34 45,11 17 21 24 26 36,0
S008,family_balanced_hybrid,555,255,554,300,rolling300,1 17 20 27 29 34,11 17 21 24 26 36,1
S001,multi_window_frequency,556,256,555,300,rolling300,1 17 20 27 32 34,12 20 23 28 30 44,1
S002,gap_regime_hazard,556,256,555,300,rolling300,2 7 13 28 29 39,12 20 23 28 30 44,1
S003,momentum_state_transition,556,256,555,300,rolling300,1 12 17 18 24 27,12 20 23 28 30 44,1
S004,conditional_probability,556,256,555,300,rolling300,1 2 7 17 20 32,12 20 23 28 30 44,1
S005,structure_transition,556,256,555,300,rolling300,1 4 6 31 40 45,12 20 23 28 30 44,0
S006,pair_residual_node,556,256,555,300,rolling300,14 17 20 23 34 45,12 20 23 28 30 44,2
S007,triple_residual_node,556,256,555,300,rolling300,14 17 20 29 34 45,12 20 23 28 30 44,1
S008,family_balanced_hybrid,556,256,555,300,rolling300,1 14 17 20 29 32,12 20 23 28 30 44,1
S001,multi_window_frequency,557,257,556,300,rolling300,1 17 20 27 32 34,4 20 26 28 35 40,1
S002,gap_regime_hazard,557,257,556,300,rolling300,11 13 14 32 41 42,4 20 26 28 35 40,0
S003,momentum_state_transition,557,257,556,300,rolling300,1 7 12 17 24 27,4 20 26 28 35 40,0
S004,conditional_probability,557,257,556,300,rolling300,1 7 17 20 32 44,4 20 26 28 35 40,1
S005,structure_transition,557,257,556,300,rolling300,1 3 5 32 35 44,4 20 26 28 35 40,1
S006,pair_residual_node,557,257,556,300,rolling300,14 17 20 29 34 45,4 20 26 28 35 40,1
S007,triple_residual_node,557,257,556,300,rolling300,14 17 20 29 34 45,4 20 26 28 35 40,1
S008,family_balanced_hybrid,557,257,556,300,rolling300,1 14 17 20 27 32,4 20 26 28 35 40,1
S001,multi_window_frequency,558,258,557,300,rolling300,17 20 27 32 34 40,12 15 19 26 40 43,1
S002,gap_regime_hazard,558,258,557,300,rolling300,11 12 17 21 24 36,12 15 19 26 40 43,1
S003,momentum_state_transition,558,258,557,300,rolling300,1 7 12 17 24 26,12 15 19 26 40 43,2
S004,conditional_probability,558,258,557,300,rolling300,1 17 28 32 35 40,12 15 19 26 40 43,1
S005,structure_transition,558,258,557,300,rolling300,1 17 20 25 37 42,12 15 19 26 40 43,0
S006,pair_residual_node,558,258,557,300,rolling300,8 14 20 29 34 45,12 15 19 26 40 43,0
S007,triple_residual_node,558,258,557,300,rolling300,8 14 20 29 34 45,12 15 19 26 40 43,0
S008,family_balanced_hybrid,558,258,557,300,rolling300,1 12 17 23 27 40,12 15 19 26 40 43,2
S001,multi_window_frequency,559,259,558,300,rolling300,17 20 26 27 34 40,11 12 25 32 44 45,0
S002,gap_regime_hazard,559,259,558,300,rolling300,4 20 23 28 30 44,11 12 25 32 44 45,1
S003,momentum_state_transition,559,259,558,300,rolling300,1 7 12 17 24 26,11 12 25 32 44 45,1
S004,conditional_probability,559,259,558,300,rolling300,17 26 28 35 40 44,11 12 25 32 44 45,1
S005,structure_transition,559,259,558,300,rolling300,1 16 18 26 29 31,11 12 25 32 44 45,0
S006,pair_residual_node,559,259,558,300,rolling300,8 14 17 20 34 45,11 12 25 32 44 45,1
S007,triple_residual_node,559,259,558,300,rolling300,8 14 17 20 34 45,11 12 25 32 44 45,1
S008,family_balanced_hybrid,559,259,558,300,rolling300,8 17 20 23 26 40,11 12 25 32 44 45,0
S001,multi_window_frequency,560,260,559,300,rolling300,12 17 20 26 32 40,1 4 20 23 29 45,1
S002,gap_regime_hazard,560,260,559,300,rolling300,4 15 19 20 28 35,1 4 20 23 29 45,2
S003,momentum_state_transition,560,260,559,300,rolling300,1 7 12 17 24 26,1 4 20 23 29 45,1
S004,conditional_probability,560,260,559,300,rolling300,12 17 26 28 32 40,1 4 20 23 29 45,0
S005,structure_transition,560,260,559,300,rolling300,9 17 20 24 29 36,1 4 20 23 29 45,2
S006,pair_residual_node,560,260,559,300,rolling300,8 14 17 20 34 45,1 4 20 23 29 45,2
S007,triple_residual_node,560,260,559,300,rolling300,8 14 17 20 34 45,1 4 20 23 29 45,2
S008,family_balanced_hybrid,560,260,559,300,rolling300,8 12 17 20 26 40,1 4 20 23 29 45,1
S001,multi_window_frequency,561,261,560,300,rolling300,12 17 20 26 32 40,5 7 18 37 42 45,0
S002,gap_regime_hazard,561,261,560,300,rolling300,11 15 19 26 40 43,5 7 18 37 42 45,0
S003,momentum_state_transition,561,261,560,300,rolling300,1 7 12 17 24 26,5 7 18 37 42 45,1
S004,conditional_probability,561,261,560,300,rolling300,12 17 26 28 32 40,5 7 18 37 42 45,0
S005,structure_transition,561,261,560,300,rolling300,2 6 13 33 38 43,5 7 18 37 42 45,0
S006,pair_residual_node,561,261,560,300,rolling300,8 14 17 20 34 45,5 7 18 37 42 45,1
S007,triple_residual_node,561,261,560,300,rolling300,8 14 17 20 34 45,5 7 18 37 42 45,1
S008,family_balanced_hybrid,561,261,560,300,rolling300,12 15 17 26 32 40,5 7 18 37 42 45,0
S001,multi_window_frequency,562,262,561,300,rolling300,12 17 20 26 32 40,4 11 13 17 20 31,2
S002,gap_regime_hazard,562,262,561,300,rolling300,1 11 12 25 32 44,4 11 13 17 20 31,1
S003,momentum_state_transition,562,262,561,300,rolling300,1 5 12 13 17 24,4 11 13 17 20 31,2
S004,conditional_probability,562,262,561,300,rolling300,12 17 20 26 28 32,4 11 13 17 20 31,2
S005,structure_transition,562,262,561,300,rolling300,1 4 11 32 36 39,4 11 13 17 20 31,2
S006,pair_residual_node,562,262,561,300,rolling300,8 14 17 20 34 45,4 11 13 17 20 31,2
S007,triple_residual_node,562,262,561,300,rolling300,8 14 17 20 34 45,4 11 13 17 20 31,2
S008,family_balanced_hybrid,562,262,561,300,rolling300,1 12 17 20 26 34,4 11 13 17 20 31,2
S001,multi_window_frequency,563,263,562,300,rolling300,12 13 17 20 26 40,5 10 16 17 31 32,1
S002,gap_regime_hazard,563,263,562,300,rolling300,1 5 7 18 23 29,5 10 16 17 31 32,1
S003,momentum_state_transition,563,263,562,300,rolling300,1 11 12 17 24 26,5 10 16 17 31 32,1
S004,conditional_probability,563,263,562,300,rolling300,4 11 12 17 20 26,5 10 16 17 31 32,1
S005,structure_transition,563,263,562,300,rolling300,2 4 14 33 37 41,5 10 16 17 31 32,0
S006,pair_residual_node,563,263,562,300,rolling300,8 14 17 20 34 45,5 10 16 17 31 32,1
S007,triple_residual_node,563,263,562,300,rolling300,8 14 17 20 34 45,5 10 16 17 31 32,1
S008,family_balanced_hybrid,563,263,562,300,rolling300,1 12 17 26 34 45,5 10 16 17 31 32,1
S001,multi_window_frequency,564,264,563,300,rolling300,12 13 17 20 26 32,14 19 25 26 27 34,1
S002,gap_regime_hazard,564,264,563,300,rolling300,4 7 18 37 42 45,14 19 25 26 27 34,0
S003,momentum_state_transition,564,264,563,300,rolling300,5 11 12 13 17 24,14 19 25 26 27 34,0
S004,conditional_probability,564,264,563,300,rolling300,4 11 12 17 20 26,14 19 25 26 27 34,1
S005,structure_transition,564,264,563,300,rolling300,5 8 18 23 25 44,14 19 25 26 27 34,1
S006,pair_residual_node,564,264,563,300,rolling300,8 17 20 34 40 45,14 19 25 26 27 34,1
S007,triple_residual_node,564,264,563,300,rolling300,8 17 20 34 40 45,14 19 25 26 27 34,1
S008,family_balanced_hybrid,564,264,563,300,rolling300,11 12 17 20 34 45,14 19 25 26 27 34,1
S001,multi_window_frequency,565,265,564,300,rolling300,12 17 20 26 32 34,4 10 18 27 40 45,0
S002,gap_regime_hazard,565,265,564,300,rolling300,4 5 10 11 13 20,4 10 18 27 40 45,2
S003,momentum_state_transition,565,265,564,300,rolling300,12 13 14 17 24 26,4 10 18 27 40 45,0
S004,conditional_probability,565,265,564,300,rolling300,4 11 12 17 20 26,4 10 18 27 40 45,1
S005,structure_transition,565,265,564,300,rolling300,11 13 22 25 30 42,4 10 18 27 40 45,0
S006,pair_residual_node,565,265,564,300,rolling300,8 17 20 34 40 45,4 10 18 27 40 45,2
S007,triple_residual_node,565,265,564,300,rolling300,8 17 20 34 40 45,4 10 18 27 40 45,2
S008,family_balanced_hybrid,565,265,564,300,rolling300,11 12 13 17 20 26,4 10 18 27 40 45,0
S001,multi_window_frequency,566,266,565,300,rolling300,4 20 26 27 34 40,4 5 6 25 26 43,2
S002,gap_regime_hazard,566,266,565,300,rolling300,5 14 16 17 31 32,4 5 6 25 26 43,1
S003,momentum_state_transition,566,266,565,300,rolling300,12 13 14 17 26 27,4 5 6 25 26 43,1
S004,conditional_probability,566,266,565,300,rolling300,4 12 20 26 40 45,4 5 6 25 26 43,2
S005,structure_transition,566,266,565,300,rolling300,7 9 12 29 38 41,4 5 6 25 26 43,0
S006,pair_residual_node,566,266,565,300,rolling300,8 14 17 20 34 45,4 5 6 25 26 43,0
S007,triple_residual_node,566,266,565,300,rolling300,8 14 17 20 34 45,4 5 6 25 26 43,0
S008,family_balanced_hybrid,566,266,565,300,rolling300,12 14 17 20 26 34,4 5 6 25 26 43,1
S001,multi_window_frequency,567,267,566,300,rolling300,4 20 26 27 34 40,1 10 15 16 32 41,0
S002,gap_regime_hazard,567,267,566,300,rolling300,10 14 18 19 27 34,1 10 15 16 32 41,1
S003,momentum_state_transition,567,267,566,300,rolling300,5 12 13 17 25 26,1 10 15 16 32 41,0
S004,conditional_probability,567,267,566,300,rolling300,5 20 25 26 40 45,1 10 15 16 32 41,0
S005,structure_transition,567,267,566,300,rolling300,8 19 22 23 25 33,1 10 15 16 32 41,0
S006,pair_residual_node,567,267,566,300,rolling300,8 14 17 20 34 45,1 10 15 16 32 41,0
S007,triple_residual_node,567,267,566,300,rolling300,8 14 17 20 34 45,1 10 15 16 32 41,0
S008,family_balanced_hybrid,567,267,566,300,rolling300,8 17 20 34 40 45,1 10 15 16 32 41,0
S001,multi_window_frequency,568,268,567,300,rolling300,4 20 26 27 32 34,1 3 17 20 31 44,1
S002,gap_regime_hazard,568,268,567,300,rolling300,2 3 18 27 40 45,1 3 17 20 31 44,1
S003,momentum_state_transition,568,268,567,300,rolling300,5 12 13 17 25 26,1 3 17 20 31 44,1
S004,conditional_probability,568,268,567,300,rolling300,4 5 10 25 26 45,1 3 17 20 31 44,0
S005,structure_transition,568,268,567,300,rolling300,6 18 23 29 31 36,1 3 17 20 31 44,1
S006,pair_residual_node,568,268,567,300,rolling300,14 17 20 29 40 45,1 3 17 20 31 44,2
S007,triple_residual_node,568,268,567,300,rolling300,14 17 20 29 40 45,1 3 17 20 31 44,2
S008,family_balanced_hybrid,568,268,567,300,rolling300,5 8 17 26 27 45,1 3 17 20 31 44,1
S001,multi_window_frequency,569,269,568,300,rolling300,1 4 17 20 26 27,3 6 13 23 24 35,0
S002,gap_regime_hazard,569,269,568,300,rolling300,4 5 6 25 26 43,3 6 13 23 24 35,1
S003,momentum_state_transition,569,269,568,300,rolling300,5 12 17 26 27 29,3 6 13 23 24 35,0
S004,conditional_probability,569,269,568,300,rolling300,1 4 5 10 17 45,3 6 13 23 24 35,0
S005,structure_transition,569,269,568,300,rolling300,2 8 25 29 32 37,3 6 13 23 24 35,0
S006,pair_residual_node,569,269,568,300,rolling300,1 14 17 20 29 45,3 6 13 23 24 35,0
S007,triple_residual_node,569,269,568,300,rolling300,1 14 17 20 29 45,3 6 13 23 24 35,0
S008,family_balanced_hybrid,569,269,568,300,rolling300,1 5 8 17 20 32,3 6 13 23 24 35,0
S001,multi_window_frequency,570,270,569,300,rolling300,1 4 17 20 26 27,1 12 26 27 29 33,3
S002,gap_regime_hazard,570,270,569,300,rolling300,2 10 15 16 32 41,1 12 26 27 29 33,0
S003,momentum_state_transition,570,270,569,300,rolling300,5 6 12 13 17 23,1 12 26 27 29 33,1
S004,conditional_probability,570,270,569,300,rolling300,1 4 5 10 17 20,1 12 26 27 29 33,1
S005,structure_transition,570,270,569,300,rolling300,6 8 16 30 33 37,1 12 26 27 29 33,1
S006,pair_residual_node,570,270,569,300,rolling300,1 14 17 20 29 45,1 12 26 27 29 33,2
S007,triple_residual_node,570,270,569,300,rolling300,1 14 17 20 29 45,1 12 26 27 29 33,2
S008,family_balanced_hybrid,570,270,569,300,rolling300,1 5 8 10 17 20,1 12 26 27 29 33,1
S001,multi_window_frequency,571,271,570,300,rolling300,1 13 17 20 26 27,11 18 21 26 38 43,1
S002,gap_regime_hazard,571,271,570,300,rolling300,2 8 17 20 31 44,11 18 21 26 38 43,0
S003,momentum_state_transition,571,271,570,300,rolling300,1 5 6 12 13 17,11 18 21 26 38 43,0
S004,conditional_probability,571,271,570,300,rolling300,1 4 5 10 17 26,11 18 21 26 38 43,1
S005,structure_transition,571,271,570,300,rolling300,1 10 28 31 35 38,11 18 21 26 38 43,1
S006,pair_residual_node,571,271,570,300,rolling300,1 14 17 20 27 45,11 18 21 26 38 43,0
S007,triple_residual_node,571,271,570,300,rolling300,1 14 17 20 27 45,11 18 21 26 38 43,0
S008,family_balanced_hybrid,571,271,570,300,rolling300,1 5 8 17 20 27,11 18 21 26 38 43,0
S001,multi_window_frequency,572,272,571,300,rolling300,1 4 17 20 26 27,3 13 18 33 37 45,0
S002,gap_regime_hazard,572,272,571,300,rolling300,3 6 13 23 24 35,3 13 18 33 37 45,2
S003,momentum_state_transition,572,272,571,300,rolling300,12 13 17 18 20 26,3 13 18 33 37 45,2
S004,conditional_probability,572,272,571,300,rolling300,1 4 10 17 26 27,3 13 18 33 37 45,0
S005,structure_transition,572,272,571,300,rolling300,9 10 12 23 25 42,3 13 18 33 37 45,0
S006,pair_residual_node,572,272,571,300,rolling300,1 14 17 20 27 45,3 13 18 33 37 45,1
S007,triple_residual_node,572,272,571,300,rolling300,1 14 17 20 27 45,3 13 18 33 37 45,1
S008,family_balanced_hybrid,572,272,571,300,rolling300,1 12 17 20 26 27,3 13 18 33 37 45,0
S001,multi_window_frequency,573,273,572,300,rolling300,1 13 17 20 26 27,2 4 20 34 35 43,1
S002,gap_regime_hazard,573,273,572,300,rolling300,1 2 7 12 27 29,2 4 20 34 35 43,1
S003,momentum_state_transition,573,273,572,300,rolling300,1 3 10 12 13 17,2 4 20 34 35 43,0
S004,conditional_probability,573,273,572,300,rolling300,1 3 10 18 26 27,2 4 20 34 35 43,0
S005,structure_transition,573,273,572,300,rolling300,1 5 22 29 32 36,2 4 20 34 35 43,0
S006,pair_residual_node,573,273,572,300,rolling300,1 14 15 17 20 45,2 4 20 34 35 43,1
S007,triple_residual_node,573,273,572,300,rolling300,1 14 15 17 20 45,2 4 20 34 35 43,1
S008,family_balanced_hybrid,573,273,572,300,rolling300,1 12 17 20 26 27,2 4 20 34 35 43,1
S001,multi_window_frequency,574,274,573,300,rolling300,1 4 17 20 26 27,14 15 16 19 25 43,0
S002,gap_regime_hazard,574,274,573,300,rolling300,7 8 11 21 26 38,14 15 16 19 25 43,0
S003,momentum_state_transition,574,274,573,300,rolling300,1 3 10 12 13 17,14 15 16 19 25 43,0
S004,conditional_probability,574,274,573,300,rolling300,1 3 4 18 26 27,14 15 16 19 25 43,0
S005,structure_transition,574,274,573,300,rolling300,4 12 17 32 36 41,14 15 16 19 25 43,0
S006,pair_residual_node,574,274,573,300,rolling300,1 14 15 17 20 34,14 15 16 19 25 43,2
S007,triple_residual_node,574,274,573,300,rolling300,1 14 17 20 29 34,14 15 16 19 25 43,1
S008,family_balanced_hybrid,574,274,573,300,rolling300,1 8 12 17 26 27,14 15 16 19 25 43,0
S001,multi_window_frequency,575,275,574,300,rolling300,1 4 20 26 27 43,2 8 20 30 33 34,1
S002,gap_regime_hazard,575,275,574,300,rolling300,3 13 18 33 37 45,2 8 20 30 33 34,1
S003,momentum_state_transition,575,275,574,300,rolling300,1 3 12 13 15 17,2 8 20 30 33 34,0
S004,conditional_probability,575,275,574,300,rolling300,1 3 4 18 26 43,2 8 20 30 33 34,0
S005,structure_transition,575,275,574,300,rolling300,1 3 30 37 38 40,2 8 20 30 33 34,1
S006,pair_residual_node,575,275,574,300,rolling300,1 14 15 17 20 34,2 8 20 30 33 34,2
S007,triple_residual_node,575,275,574,300,rolling300,1 14 15 17 20 34,2 8 20 30 33 34,2
S008,family_balanced_hybrid,575,275,574,300,rolling300,1 13 17 20 26 34,2 8 20 30 33 34,2
S001,multi_window_frequency,576,276,575,300,rolling300,1 20 26 27 34 43,10 11 15 25 35 41,0
S002,gap_regime_hazard,576,276,575,300,rolling300,4 14 15 16 19 35,10 11 15 25 35 41,2
S003,momentum_state_transition,576,276,575,300,rolling300,1 3 12 13 17 18,10 11 15 25 35 41,0
S004,conditional_probability,576,276,575,300,rolling300,1 3 20 26 33 43,10 11 15 25 35 41,0
S005,structure_transition,576,276,575,300,rolling300,1 17 20 25 37 42,10 11 15 25 35 41,1
S006,pair_residual_node,576,276,575,300,rolling300,1 14 15 17 20 34,10 11 15 25 35 41,1
S007,triple_residual_node,576,276,575,300,rolling300,1 14 15 17 20 34,10 11 15 25 35 41,1
S008,family_balanced_hybrid,576,276,575,300,rolling300,1 17 20 26 27 43,10 11 15 25 35 41,0
S001,multi_window_frequency,577,277,576,300,rolling300,1 20 26 27 34 43,16 17 22 31 34 37,1
S002,gap_regime_hazard,577,277,576,300,rolling300,7 9 14 16 19 43,16 17 22 31 34 37,1
S003,momentum_state_transition,577,277,576,300,rolling300,1 3 12 13 17 20,16 17 22 31 34 37,1
S004,conditional_probability,577,277,576,300,rolling300,1 3 15 20 33 35,16 17 22 31 34 37,0
S005,structure_transition,577,277,576,300,rolling300,1 6 20 26 33 35,16 17 22 31 34 37,0
S006,pair_residual_node,577,277,576,300,rolling300,1 14 17 20 29 34,16 17 22 31 34 37,2
S007,triple_residual_node,577,277,576,300,rolling300,1 14 17 20 29 34,16 17 22 31 34 37,2
S008,family_balanced_hybrid,577,277,576,300,rolling300,1 14 17 20 34 43,16 17 22 31 34 37,2
S001,multi_window_frequency,578,278,577,300,rolling300,1 17 20 26 34 43,5 12 14 32 34 42,1
S002,gap_regime_hazard,578,278,577,300,rolling300,2 5 8 20 30 33,5 12 14 32 34 42,1
S003,momentum_state_transition,578,278,577,300,rolling300,1 3 12 13 17 20,5 12 14 32 34 42,1
S004,conditional_probability,578,278,577,300,rolling300,3 20 33 34 35 43,5 12 14 32 34 42,1
S005,structure_transition,578,278,577,300,rolling300,7 12 17 26 29 40,5 12 14 32 34 42,1
S006,pair_residual_node,578,278,577,300,rolling300,1 14 17 20 29 34,5 12 14 32 34 42,2
S007,triple_residual_node,578,278,577,300,rolling300,1 14 17 20 29 34,5 12 14 32 34 42,2
S008,family_balanced_hybrid,578,278,577,300,rolling300,1 17 20 27 34 40,5 12 14 32 34 42,1
S001,multi_window_frequency,579,279,578,300,rolling300,1 17 20 26 34 43,5 7 20 22 37 42,1
S002,gap_regime_hazard,579,279,578,300,rolling300,10 11 15 25 35 41,5 7 20 22 37 42,0
S003,momentum_state_transition,579,279,578,300,rolling300,1 3 12 13 15 17,5 7 20 22 37 42,0
S004,conditional_probability,579,279,578,300,rolling300,7 9 33 34 35 43,5 7 20 22 37 42,1
S005,structure_transition,579,279,578,300,rolling300,6 9 11 31 40 45,5 7 20 22 37 42,0
S006,pair_residual_node,579,279,578,300,rolling300,14 17 20 27 29 34,5 7 20 22 37 42,1
S007,triple_residual_node,579,279,578,300,rolling300,1 14 17 20 29 34,5 7 20 22 37 42,1
S008,family_balanced_hybrid,579,279,578,300,rolling300,1 15 17 20 34 40,5 7 20 22 37 42,1
S001,multi_window_frequency,580,280,579,300,rolling300,1 17 20 26 34 43,5 7 9 11 32 35,0
S002,gap_regime_hazard,580,280,579,300,rolling300,9 16 17 28 31 36,5 7 9 11 32 35,1
S003,momentum_state_transition,580,280,579,300,rolling300,1 13 15 17 20 25,5 7 9 11 32 35,0
S004,conditional_probability,580,280,579,300,rolling300,6 20 33 34 37 43,5 7 9 11 32 35,0
S005,structure_transition,580,280,579,300,rolling300,7 10 19 30 32 45,5 7 9 11 32 35,2
S006,pair_residual_node,580,280,579,300,rolling300,1 14 17 20 29 34,5 7 9 11 32 35,0
S007,triple_residual_node,580,280,579,300,rolling300,1 14 17 20 29 34,5 7 9 11 32 35,0
S008,family_balanced_hybrid,580,280,579,300,rolling300,1 17 20 27 34 40,5 7 9 11 32 35,0
S001,multi_window_frequency,581,281,580,300,rolling300,5 17 20 26 32 34,3 5 14 20 42 44,2
S002,gap_regime_hazard,581,281,580,300,rolling300,12 14 20 22 34 37,3 5 14 20 42 44,2
S003,momentum_state_transition,581,281,580,300,rolling300,1 4 7 13 17 20,3 5 14 20 42 44,1
S004,conditional_probability,581,281,580,300,rolling300,5 11 20 34 35 37,3 5 14 20 42 44,2
S005,structure_transition,581,281,580,300,rolling300,1 6 16 35 37 42,3 5 14 20 42 44,1
S006,pair_residual_node,581,281,580,300,rolling300,14 17 20 29 34 45,3 5 14 20 42 44,2
S007,triple_residual_node,581,281,580,300,rolling300,11 14 17 20 29 34,3 5 14 20 42 44,2
S008,family_balanced_hybrid,581,281,580,300,rolling300,1 12 17 20 27 34,3 5 14 20 42 44,1
S001,multi_window_frequency,582,282,581,300,rolling300,5 17 20 26 32 34,2 12 14 33 40 41,0
S002,gap_regime_hazard,582,282,581,300,rolling300,7 9 11 22 32 37,2 12 14 33 40 41,0
S003,momentum_state_transition,582,282,581,300,rolling300,1 4 5 13 17 20,2 12 14 33 40 41,0
S004,conditional_probability,582,282,581,300,rolling300,5 14 20 34 35 37,2 12 14 33 40 41,1
S005,structure_transition,582,282,581,300,rolling300,1 4 6 31 40 45,2 12 14 33 40 41,1
S006,pair_residual_node,582,282,581,300,rolling300,11 17 20 29 34 45,2 12 14 33 40 41,0
S007,triple_residual_node,582,282,581,300,rolling300,11 17 20 29 34 40,2 12 14 33 40 41,1
S008,family_balanced_hybrid,582,282,581,300,rolling300,1 17 20 27 29 34,2 12 14 33 40 41,0
S001,multi_window_frequency,583,283,582,300,rolling300,5 14 17 20 32 34,8 17 27 33 40 44,1
S002,gap_regime_hazard,583,283,582,300,rolling300,3 7 9 11 32 35,8 17 27 33 40 44,0
S003,momentum_state_transition,583,283,582,300,rolling300,1 4 11 12 17 20,8 17 27 33 40 44,1
S004,conditional_probability,583,283,582,300,rolling300,2 5 14 20 35 42,8 17 27 33 40 44,0
S005,structure_transition,583,283,582,300,rolling300,7 10 19 30 32 45,8 17 27 33 40 44,0
S006,pair_residual_node,583,283,582,300,rolling300,14 17 20 29 34 40,8 17 27 33 40 44,2
S007,triple_residual_node,583,283,582,300,rolling300,14 17 20 29 34 40,8 17 27 33 40 44,2
S008,family_balanced_hybrid,583,283,582,300,rolling300,1 11 17 20 27 34,8 17 27 33 40 44,2
S001,multi_window_frequency,584,284,583,300,rolling300,5 14 17 20 34 40,7 18 30 39 40 41,1
S002,gap_regime_hazard,584,284,583,300,rolling300,2 3 5 12 20 42,7 18 30 39 40 41,0
S003,momentum_state_transition,584,284,583,300,rolling300,1 4 5 11 12 17,7 18 30 39 40 41,0
S004,conditional_probability,584,284,583,300,rolling300,5 14 20 33 34 42,7 18 30 39 40 41,0
S005,structure_transition,584,284,583,300,rolling300,2 20 22 35 37 39,7 18 30 39 40 41,1
S006,pair_residual_node,584,284,583,300,rolling300,11 17 20 29 34 40,7 18 30 39 40 41,1
S007,triple_residual_node,584,284,583,300,rolling300,11 17 20 29 34 40,7 18 30 39 40 41,1
S008,family_balanced_hybrid,584,284,583,300,rolling300,1 5 14 20 26 34,7 18 30 39 40 41,0
S001,multi_window_frequency,585,285,584,300,rolling300,5 14 17 20 34 40,6 7 10 16 38 41,0
S002,gap_regime_hazard,585,285,584,300,rolling300,2 8 12 14 17 27,6 7 10 16 38 41,0
S003,momentum_state_transition,585,285,584,300,rolling300,1 4 7 11 12 14,6 7 10 16 38 41,1
S004,conditional_probability,585,285,584,300,rolling300,7 14 20 33 34 40,6 7 10 16 38 41,1
S005,structure_transition,585,285,584,300,rolling300,5 20 24 31 33 34,6 7 10 16 38 41,0
S006,pair_residual_node,585,285,584,300,rolling300,11 14 17 20 34 40,6 7 10 16 38 41,0
S007,triple_residual_node,585,285,584,300,rolling300,11 14 17 20 34 40,6 7 10 16 38 41,0
S008,family_balanced_hybrid,585,285,584,300,rolling300,1 14 17 20 27 34,6 7 10 16 38 41,0
S001,multi_window_frequency,586,286,585,300,rolling300,5 14 17 20 34 40,2 7 12 15 21 34,1
S002,gap_regime_hazard,586,286,585,300,rolling300,8 17 18 27 33 44,2 7 12 15 21 34,0
S003,momentum_state_transition,586,286,585,300,rolling300,1 7 10 11 12 14,2 7 12 15 21 34,2
S004,conditional_probability,586,286,585,300,rolling300,5 7 14 40 41 42,2 7 12 15 21 34,1
S005,structure_transition,586,286,585,300,rolling300,1 4 6 31 40 45,2 7 12 15 21 34,0
S006,pair_residual_node,586,286,585,300,rolling300,14 17 20 29 34 40,2 7 12 15 21 34,1
S007,triple_residual_node,586,286,585,300,rolling300,11 14 17 20 34 40,2 7 12 15 21 34,1
S008,family_balanced_hybrid,586,286,585,300,rolling300,1 14 17 20 27 40,2 7 12 15 21 34,0
S001,multi_window_frequency,587,287,586,300,rolling300,5 7 12 20 34 40,14 21 29 31 32 37,0
S002,gap_regime_hazard,587,287,586,300,rolling300,6 10 18 30 39 40,14 21 29 31 32 37,0
S003,momentum_state_transition,587,287,586,300,rolling300,1 5 7 10 11 12,14 21 29 31 32 37,0
S004,conditional_probability,587,287,586,300,rolling300,5 12 14 34 40 41,14 21 29 31 32 37,1
S005,structure_transition,587,287,586,300,rolling300,4 10 20 23 37 41,14 21 29 31 32 37,1
S006,pair_residual_node,587,287,586,300,rolling300,14 17 20 29 34 40,14 21 29 31 32 37,2
S007,triple_residual_node,587,287,586,300,rolling300,14 17 20 29 34 40,14 21 29 31 32 37,2
S008,family_balanced_hybrid,587,287,586,300,rolling300,1 5 12 14 34 40,14 21 29 31 32 37,1
S001,multi_window_frequency,588,288,587,300,rolling300,5 14 20 32 34 40,2 8 15 22 25 41,0
S002,gap_regime_hazard,588,288,587,300,rolling300,2 6 10 16 38 41,2 8 15 22 25 41,2
S003,momentum_state_transition,588,288,587,300,rolling300,5 7 11 12 14 17,2 8 15 22 25 41,0
S004,conditional_probability,588,288,587,300,rolling300,5 12 14 32 40 41,2 8 15 22 25 41,1
S005,structure_transition,588,288,587,300,rolling300,3 14 18 23 25 40,2 8 15 22 25 41,1
S006,pair_residual_node,588,288,587,300,rolling300,14 17 20 29 34 40,2 8 15 22 25 41,0
S007,triple_residual_node,588,288,587,300,rolling300,14 17 20 29 34 40,2 8 15 22 25 41,0
S008,family_balanced_hybrid,588,288,587,300,rolling300,1 5 12 14 17 40,2 8 15 22 25 41,0
S001,multi_window_frequency,589,289,588,300,rolling300,5 7 14 20 34 40,6 8 28 33 38 39,0
S002,gap_regime_hazard,589,289,588,300,rolling300,7 12 14 21 29 34,6 8 28 33 38 39,0
S003,momentum_state_transition,589,289,588,300,rolling300,5 7 11 12 14 20,6 8 28 33 38 39,0
S004,conditional_probability,589,289,588,300,rolling300,1 2 5 14 40 41,6 8 28 33 38 39,0
S005,structure_transition,589,289,588,300,rolling300,3 14 18 23 25 40,6 8 28 33 38 39,0
S006,pair_residual_node,589,289,588,300,rolling300,14 17 20 29 34 40,6 8 28 33 38 39,0
S007,triple_residual_node,589,289,588,300,rolling300,14 17 20 29 34 40,6 8 28 33 38 39,0
S008,family_balanced_hybrid,589,289,588,300,rolling300,1 12 14 17 34 40,6 8 28 33 38 39,0
S001,multi_window_frequency,590,290,589,300,rolling300,5 7 14 20 34 40,20 30 36 38 41 45,1
S002,gap_regime_hazard,590,290,589,300,rolling300,14 21 29 31 32 37,20 30 36 38 41 45,0
S003,momentum_state_transition,590,290,589,300,rolling300,5 7 11 12 14 20,20 30 36 38 41 45,1
S004,conditional_probability,590,290,589,300,rolling300,2 7 8 14 33 41,20 30 36 38 41 45,1
S005,structure_transition,590,290,589,300,rolling300,7 9 12 31 34 44,20 30 36 38 41 45,0
S006,pair_residual_node,590,290,589,300,rolling300,8 17 20 29 34 40,20 30 36 38 41 45,1
S007,triple_residual_node,590,290,589,300,rolling300,8 17 20 29 34 40,20 30 36 38 41 45,1
S008,family_balanced_hybrid,590,290,589,300,rolling300,7 14 17 20 34 40,20 30 36 38 41 45,1
S001,multi_window_frequency,591,291,590,300,rolling300,5 14 20 34 40 41,8 13 14 30 38 39,1
S002,gap_regime_hazard,591,291,590,300,rolling300,2 6 8 15 22 25,8 13 14 30 38 39,1
S003,momentum_state_transition,591,291,590,300,rolling300,5 11 12 20 25 32,8 13 14 30 38 39,0
S004,conditional_probability,591,291,590,300,rolling300,2 7 8 14 33 38,8 13 14 30 38 39,3
S005,structure_transition,591,291,590,300,rolling300,1 5 14 18 34 37,8 13 14 30 38 39,1
S006,pair_residual_node,591,291,590,300,rolling300,14 17 20 29 34 40,8 13 14 30 38 39,1
S007,triple_residual_node,591,291,590,300,rolling300,14 17 20 29 34 40,8 13 14 30 38 39,1
S008,family_balanced_hybrid,591,291,590,300,rolling300,8 14 17 20 22 40,8 13 14 30 38 39,2
S001,multi_window_frequency,592,292,591,300,rolling300,8 14 20 34 40 41,2 5 6 13 28 44,0
S002,gap_regime_hazard,592,292,591,300,rolling300,6 20 28 33 36 41,2 5 6 13 28 44,2
S003,momentum_state_transition,592,292,591,300,rolling300,5 12 20 25 32 35,2 5 6 13 28 44,1
S004,conditional_probability,592,292,591,300,rolling300,2 7 8 14 30 38,2 5 6 13 28 44,1
S005,structure_transition,592,292,591,300,rolling300,6 19 21 24 38 41,2 5 6 13 28 44,1
S006,pair_residual_node,592,292,591,300,rolling300,14 17 20 29 34 40,2 5 6 13 28 44,0
S007,triple_residual_node,592,292,591,300,rolling300,14 17 20 29 34 40,2 5 6 13 28 44,0
S008,family_balanced_hybrid,592,292,591,300,rolling300,1 8 14 17 20 40,2 5 6 13 28 44,0
S001,multi_window_frequency,593,293,592,300,rolling300,5 14 20 34 40 41,9 10 13 24 33 38,0
S002,gap_regime_hazard,593,293,592,300,rolling300,8 14 20 36 41 45,9 10 13 24 33 38,0
S003,momentum_state_transition,593,293,592,300,rolling300,1 3 4 10 11 13,9 10 13 24 33 38,2
S004,conditional_probability,593,293,592,300,rolling300,2 6 7 8 30 39,9 10 13 24 33 38,0
S005,structure_transition,593,293,592,300,rolling300,2 11 21 25 38 42,9 10 13 24 33 38,1
S006,pair_residual_node,593,293,592,300,rolling300,14 17 20 29 34 40,9 10 13 24 33 38,0
S007,triple_residual_node,593,293,592,300,rolling300,14 17 20 29 34 40,9 10 13 24 33 38,0
S008,family_balanced_hybrid,593,293,592,300,rolling300,1 8 14 17 20 27,9 10 13 24 33 38,0
S001,multi_window_frequency,594,294,593,300,rolling300,13 14 20 34 38 41,2 8 13 25 28 37,1
S002,gap_regime_hazard,594,294,593,300,rolling300,2 5 8 14 30 39,2 8 13 25 28 37,2
S003,momentum_state_transition,594,294,593,300,rolling300,1 3 4 11 17 18,2 8 13 25 28 37,0
S004,conditional_probability,594,294,593,300,rolling300,2 6 7 8 13 30,2 8 13 25 28 37,3
S005,structure_transition,594,294,593,300,rolling300,4 17 20 25 39 44,2 8 13 25 28 37,1
S006,pair_residual_node,594,294,593,300,rolling300,14 17 20 29 34 40,2 8 13 25 28 37,0
S007,triple_residual_node,594,294,593,300,rolling300,14 17 20 29 34 40,2 8 13 25 28 37,0
S008,family_balanced_hybrid,594,294,593,300,rolling300,1 5 8 13 14 20,2 8 13 25 28 37,2
S001,multi_window_frequency,595,295,594,300,rolling300,8 13 14 20 34 38,8 24 28 35 38 40,2
S002,gap_regime_hazard,595,295,594,300,rolling300,5 6 9 10 24 44,8 24 28 35 38 40,1
S003,momentum_state_transition,595,295,594,300,rolling300,5 10 12 13 15 20,8 24 28 35 38 40,0
S004,conditional_probability,595,295,594,300,rolling300,2 6 8 13 28 41,8 24 28 35 38 40,2
S005,structure_transition,595,295,594,300,rolling300,6 19 21 24 38 41,8 24 28 35 38 40,2
S006,pair_residual_node,595,295,594,300,rolling300,8 14 20 29 34 40,8 24 28 35 38 40,2
S007,triple_residual_node,595,295,594,300,rolling300,8 14 20 29 34 40,8 24 28 35 38 40,2
S008,family_balanced_hybrid,595,295,594,300,rolling300,5 8 10 12 13 20,8 24 28 35 38 40,1
S001,multi_window_frequency,596,296,595,300,rolling300,8 13 14 20 34 38,3 4 12 14 25 43,1
S002,gap_regime_hazard,596,296,595,300,rolling300,2 9 10 13 25 33,3 4 12 14 25 43,1
S003,momentum_state_transition,596,296,595,300,rolling300,5 10 12 13 15 20,3 4 12 14 25 43,1
S004,conditional_probability,596,296,595,300,rolling300,2 5 7 9 13 28,3 4 12 14 25 43,0
S005,structure_transition,596,296,595,300,rolling300,1 5 22 29 32 36,3 4 12 14 25 43,0
S006,pair_residual_node,596,296,595,300,rolling300,8 14 20 29 34 40,3 4 12 14 25 43,1
S007,triple_residual_node,596,296,595,300,rolling300,8 14 20 29 34 40,3 4 12 14 25 43,1
S008,family_balanced_hybrid,596,296,595,300,rolling300,5 10 12 13 20 34,3 4 12 14 25 43,1
S001,multi_window_frequency,597,297,596,300,rolling300,8 13 14 20 34 38,8 10 23 24 35 43,1
S002,gap_regime_hazard,597,297,596,300,rolling300,2 8 13 24 28 37,8 10 23 24 35 43,2
S003,momentum_state_transition,597,297,596,300,rolling300,1 3 4 10 11 15,8 10 23 24 35 43,1
S004,conditional_probability,597,297,596,300,rolling300,2 3 13 14 25 28,8 10 23 24 35 43,0
S005,structure_transition,597,297,596,300,rolling300,12 17 20 23 30 38,8 10 23 24 35 43,1
S006,pair_residual_node,597,297,596,300,rolling300,8 14 20 29 34 40,8 10 23 24 35 43,1
S007,triple_residual_node,597,297,596,300,rolling300,8 14 20 29 34 40,8 10 23 24 35 43,1
S008,family_balanced_hybrid,597,297,596,300,rolling300,10 13 14 17 20 40,8 10 23 24 35 43,1
S001,multi_window_frequency,598,298,597,300,rolling300,8 13 14 20 34 38,4 12 24 33 38 45,1
S002,gap_regime_hazard,598,298,597,300,rolling300,3 4 12 28 38 40,4 12 24 33 38 45,3
S003,momentum_state_transition,598,298,597,300,rolling300,1 3 4 11 15 16,4 12 24 33 38 45,1
S004,conditional_probability,598,298,597,300,rolling300,2 3 13 24 25 28,4 12 24 33 38 45,1
S005,structure_transition,598,298,597,300,rolling300,1 5 14 30 37 40,4 12 24 33 38 45,0
S006,pair_residual_node,598,298,597,300,rolling300,8 14 20 29 34 40,4 12 24 33 38 45,0
S007,triple_residual_node,598,298,597,300,rolling300,8 14 20 29 34 40,4 12 24 33 38 45,0
S008,family_balanced_hybrid,598,298,597,300,rolling300,12 13 17 20 34 40,4 12 24 33 38 45,1
S001,multi_window_frequency,599,299,598,300,rolling300,8 12 13 14 20 38,5 12 17 29 34 35,1
S002,gap_regime_hazard,599,299,598,300,rolling300,3 8 10 14 23 25,5 12 17 29 34 35,0
S003,momentum_state_transition,599,299,598,300,rolling300,1 3 4 11 15 16,5 12 17 29 34 35,0
S004,conditional_probability,599,299,598,300,rolling300,3 8 13 24 28 33,5 12 17 29 34 35,0
S005,structure_transition,599,299,598,300,rolling300,6 8 16 30 33 37,5 12 17 29 34 35,0
S006,pair_residual_node,599,299,598,300,rolling300,8 14 17 20 34 40,5 12 17 29 34 35,2
S007,triple_residual_node,599,299,598,300,rolling300,8 14 17 20 34 40,5 12 17 29 34 35,2
S008,family_balanced_hybrid,599,299,598,300,rolling300,8 13 14 17 20 34,5 12 17 29 34 35,2
S001,multi_window_frequency,600,300,599,300,rolling300,8 12 13 20 34 38,5 11 14 27 29 36,0
S002,gap_regime_hazard,600,300,599,300,rolling300,4 8 10 23 24 43,5 11 14 27 29 36,0
S003,momentum_state_transition,600,300,599,300,rolling300,5 10 13 14 25 33,5 11 14 27 29 36,2
S004,conditional_probability,600,300,599,300,rolling300,8 12 13 24 28 35,5 11 14 27 29 36,0
S005,structure_transition,600,300,599,300,rolling300,6 19 21 24 38 41,5 11 14 27 29 36,0
S006,pair_residual_node,600,300,599,300,rolling300,8 14 17 20 34 40,5 11 14 27 29 36,1
S007,triple_residual_node,600,300,599,300,rolling300,8 14 17 20 34 40,5 11 14 27 29 36,1
S008,family_balanced_hybrid,600,300,599,300,rolling300,8 10 12 13 14 20,5 11 14 27 29 36,1
S001,multi_window_frequency,601,301,600,300,rolling300,5 8 12 13 14 38,2 16 19 31 34 35,0
S002,gap_regime_hazard,601,301,600,300,rolling300,4 12 24 33 38 45,2 16 19 31 34 35,0
S003,momentum_state_transition,601,301,600,300,rolling300,5 7 10 13 14 25,2 16 19 31 34 35,0
S004,conditional_probability,601,301,600,300,rolling300,5 8 12 14 28 35,2 16 19 31 34 35,1
S005,structure_transition,601,301,600,300,rolling300,7 12 17 33 36 42,2 16 19 31 34 35,0
S006,pair_residual_node,601,301,600,300,rolling300,8 14 17 20 34 40,2 16 19 31 34 35,1
S007,triple_residual_node,601,301,600,300,rolling300,8 14 17 20 34 40,2 16 19 31 34 35,1
S008,family_balanced_hybrid,601,301,600,300,rolling300,5 8 12 13 14 34,2 16 19 31 34 35,1
S001,multi_window_frequency,602,302,601,300,rolling300,5 8 12 14 34 35,13 14 22 27 30 38,1
S002,gap_regime_hazard,602,302,601,300,rolling300,5 11 12 14 17 27,13 14 22 27 30 38,2
S003,momentum_state_transition,602,302,601,300,rolling300,5 10 13 14 25 33,13 14 22 27 30 38,2
S004,conditional_probability,602,302,601,300,rolling300,2 5 8 12 13 28,13 14 22 27 30 38,1
S005,structure_transition,602,302,601,300,rolling300,2 6 13 33 38 43,13 14 22 27 30 38,2
S006,pair_residual_node,602,302,601,300,rolling300,8 14 20 29 34 40,13 14 22 27 30 38,1
S007,triple_residual_node,602,302,601,300,rolling300,8 14 20 29 34 40,13 14 22 27 30 38,1
S008,family_balanced_hybrid,602,302,601,300,rolling300,5 8 12 13 14 20,13 14 22 27 30 38,2
S001,multi_window_frequency,603,303,602,300,rolling300,5 12 14 34 35 38,2 19 25 26 27 43,0
S002,gap_regime_hazard,603,303,602,300,rolling300,2 5 11 16 29 36,2 19 25 26 27 43,1
S003,momentum_state_transition,603,303,602,300,rolling300,2 5 10 12 14 25,2 19 25 26 27 43,2
S004,conditional_probability,603,303,602,300,rolling300,8 12 13 14 24 35,2 19 25 26 27 43,0
S005,structure_transition,603,303,602,300,rolling300,7 10 15 30 32 45,2 19 25 26 27 43,0
S006,pair_residual_node,603,303,602,300,rolling300,8 14 20 29 34 40,2 19 25 26 27 43,0
S007,triple_residual_node,603,303,602,300,rolling300,8 14 20 29 34 40,2 19 25 26 27 43,0
S008,family_balanced_hybrid,603,303,602,300,rolling300,5 8 12 14 20 34,2 19 25 26 27 43,0
S001,multi_window_frequency,604,304,603,300,rolling300,5 8 12 14 34 35,2 6 18 21 33 34,1
S002,gap_regime_hazard,604,304,603,300,rolling300,13 14 16 31 34 35,2 6 18 21 33 34,1
S003,momentum_state_transition,604,304,603,300,rolling300,2 5 10 12 14 25,2 6 18 21 33 34,1
S004,conditional_probability,604,304,603,300,rolling300,2 8 12 14 24 25,2 6 18 21 33 34,1
S005,structure_transition,604,304,603,300,rolling300,10 11 14 28 31 41,2 6 18 21 33 34,0
S006,pair_residual_node,604,304,603,300,rolling300,8 14 20 29 34 40,2 6 18 21 33 34,1
S007,triple_residual_node,604,304,603,300,rolling300,8 14 20 29 34 40,2 6 18 21 33 34,1
S008,family_balanced_hybrid,604,304,603,300,rolling300,8 12 14 20 27 34,2 6 18 21 33 34,1
S001,multi_window_frequency,605,305,604,300,rolling300,5 12 14 27 34 35,1 2 7 9 10 38,0
S002,gap_regime_hazard,605,305,604,300,rolling300,13 14 19 22 30 38,1 2 7 9 10 38,1
S003,momentum_state_transition,605,305,604,300,rolling300,2 5 10 12 14 25,1 2 7 9 10 38,2
S004,conditional_probability,605,305,604,300,rolling300,2 12 14 24 27 34,1 2 7 9 10 38,1
S005,structure_transition,605,305,604,300,rolling300,9 12 17 24 39 44,1 2 7 9 10 38,1
S006,pair_residual_node,605,305,604,300,rolling300,8 14 20 29 34 40,1 2 7 9 10 38,0
S007,triple_residual_node,605,305,604,300,rolling300,8 14 20 29 34 40,1 2 7 9 10 38,0
S008,family_balanced_hybrid,605,305,604,300,rolling300,12 14 20 27 34 43,1 2 7 9 10 38,0
S001,multi_window_frequency,606,306,605,300,rolling300,2 5 12 14 34 38,1 5 6 14 20 39,2
S002,gap_regime_hazard,606,306,605,300,rolling300,6 19 25 26 27 43,1 5 6 14 20 39,1
S003,momentum_state_transition,606,306,605,300,rolling300,2 5 6 10 12 14,1 5 6 14 20 39,3
S004,conditional_probability,606,306,605,300,rolling300,12 14 27 34 35 38,1 5 6 14 20 39,1
S005,structure_transition,606,306,605,300,rolling300,2 6 11 31 32 43,1 5 6 14 20 39,1
S006,pair_residual_node,606,306,605,300,rolling300,14 17 20 29 34 40,1 5 6 14 20 39,2
S007,triple_residual_node,606,306,605,300,rolling300,14 17 20 29 34 40,1 5 6 14 20 39,2
S008,family_balanced_hybrid,606,306,605,300,rolling300,12 14 20 27 34 43,1 5 6 14 20 39,2
S001,multi_window_frequency,607,307,606,300,rolling300,2 5 14 20 34 38,8 14 23 36 38 39,2
S002,gap_regime_hazard,607,307,606,300,rolling300,2 7 18 21 33 34,8 14 23 36 38 39,0
S003,momentum_state_transition,607,307,606,300,rolling300,2 5 10 12 14 33,8 14 23 36 38 39,1
S004,conditional_probability,607,307,606,300,rolling300,5 14 27 34 35 38,8 14 23 36 38 39,2
S005,structure_transition,607,307,606,300,rolling300,7 10 15 30 32 45,8 14 23 36 38 39,0
S006,pair_residual_node,607,307,606,300,rolling300,8 14 20 29 34 40,8 14 23 36 38 39,2
S007,triple_residual_node,607,307,606,300,rolling300,8 14 20 29 34 40,8 14 23 36 38 39,2
S008,family_balanced_hybrid,607,307,606,300,rolling300,2 5 10 14 34 40,8 14 23 36 38 39,1
S001,multi_window_frequency,608,308,607,300,rolling300,2 5 14 20 34 38,4 8 18 19 39 44,0
S002,gap_regime_hazard,608,308,607,300,rolling300,1 2 5 7 9 10,4 8 18 19 39 44,0
S003,momentum_state_transition,608,308,607,300,rolling300,2 5 12 14 33 34,4 8 18 19 39 44,0
S004,conditional_probability,608,308,607,300,rolling300,2 5 14 27 34 38,4 8 18 19 39 44,0
S005,structure_transition,608,308,607,300,rolling300,15 22 25 31 36 40,4 8 18 19 39 44,0
S006,pair_residual_node,608,308,607,300,rolling300,8 14 20 29 34 40,4 8 18 19 39 44,1
S007,triple_residual_node,608,308,607,300,rolling300,8 14 20 29 34 40,4 8 18 19 39 44,1
S008,family_balanced_hybrid,608,308,607,300,rolling300,2 5 14 20 34 40,4 8 18 19 39 44,0
S001,multi_window_frequency,609,309,608,300,rolling300,2 5 8 14 34 38,4 8 27 34 39 40,2
S002,gap_regime_hazard,609,309,608,300,rolling300,1 5 6 14 20 23,4 8 27 34 39 40,0
S003,momentum_state_transition,609,309,608,300,rolling300,2 5 8 12 14 25,4 8 27 34 39 40,1
S004,conditional_probability,609,309,608,300,rolling300,5 19 27 34 38 39,4 8 27 34 39 40,3
S005,structure_transition,609,309,608,300,rolling300,6 10 19 24 27 37,4 8 27 34 39 40,1
S006,pair_residual_node,609,309,608,300,rolling300,8 14 20 29 34 40,4 8 27 34 39 40,3
S007,triple_residual_node,609,309,608,300,rolling300,8 14 20 29 34 40,4 8 27 34 39 40,3
S008,family_balanced_hybrid,609,309,608,300,rolling300,5 12 14 20 34 40,4 8 27 34 39 40,2
S001,multi_window_frequency,610,310,609,300,rolling300,2 8 14 27 34 38,14 18 20 23 28 36,1
S002,gap_regime_hazard,610,310,609,300,rolling300,14 18 19 23 36 38,14 18 20 23 28 36,4
S003,momentum_state_transition,610,310,609,300,rolling300,2 5 8 12 14 25,14 18 20 23 28 36,1
S004,conditional_probability,610,310,609,300,rolling300,2 8 14 19 34 38,14 18 20 23 28 36,1
S005,structure_transition,610,310,609,300,rolling300,1 6 16 35 37 42,14 18 20 23 28 36,0
S006,pair_residual_node,610,310,609,300,rolling300,8 14 20 29 34 40,14 18 20 23 28 36,2
S007,triple_residual_node,610,310,609,300,rolling300,8 14 20 29 34 40,14 18 20 23 28 36,2
S008,family_balanced_hybrid,610,310,609,300,rolling300,8 12 14 20 34 38,14 18 20 23 28 36,2
S001,multi_window_frequency,611,311,610,300,rolling300,8 14 20 27 34 38,2 22 27 33 36 37,1
S002,gap_regime_hazard,611,311,610,300,rolling300,4 8 19 27 34 44,2 22 27 33 36 37,1
S003,momentum_state_transition,611,311,610,300,rolling300,2 5 8 12 14 18,2 22 27 33 36 37,1
S004,conditional_probability,611,311,610,300,rolling300,8 18 19 27 34 38,2 22 27 33 36 37,1
S005,structure_transition,611,311,610,300,rolling300,1 5 14 30 37 40,2 22 27 33 36 37,1
S006,pair_residual_node,611,311,610,300,rolling300,8 14 20 29 34 40,2 22 27 33 36 37,0
S007,triple_residual_node,611,311,610,300,rolling300,8 14 20 29 34 40,2 22 27 33 36 37,0
S008,family_balanced_hybrid,611,311,610,300,rolling300,8 12 14 27 34 40,2 22 27 33 36 37,1
S001,multi_window_frequency,612,312,611,300,rolling300,2 8 14 27 34 38,6 9 18 19 25 33,0
S002,gap_regime_hazard,612,312,611,300,rolling300,4 8 14 34 39 40,6 9 18 19 25 33,0
S003,momentum_state_transition,612,312,611,300,rolling300,2 5 8 12 14 25,6 9 18 19 25 33,1
S004,conditional_probability,612,312,611,300,rolling300,2 8 14 18 36 38,6 9 18 19 25 33,1
S005,structure_transition,612,312,611,300,rolling300,7 10 21 27 32 34,6 9 18 19 25 33,0
S006,pair_residual_node,612,312,611,300,rolling300,8 14 20 29 34 40,6 9 18 19 25 33,0
S007,triple_residual_node,612,312,611,300,rolling300,8 14 20 29 34 40,6 9 18 19 25 33,0
S008,family_balanced_hybrid,612,312,611,300,rolling300,8 14 20 34 39 40,6 9 18 19 25 33,0
S001,multi_window_frequency,613,313,612,300,rolling300,2 8 14 20 27 34,7 8 11 16 41 44,1
S002,gap_regime_hazard,613,313,612,300,rolling300,2 14 20 22 23 28,7 8 11 16 41 44,0
S003,momentum_state_transition,613,313,612,300,rolling300,2 5 6 8 12 14,7 8 11 16 41 44,1
S004,conditional_probability,613,313,612,300,rolling300,6 8 14 19 27 33,7 8 11 16 41 44,1
S005,structure_transition,613,313,612,300,rolling300,8 13 25 28 34 37,7 8 11 16 41 44,1
S006,pair_residual_node,613,313,612,300,rolling300,8 14 20 29 34 40,7 8 11 16 41 44,1
S007,triple_residual_node,613,313,612,300,rolling300,8 14 20 29 34 40,7 8 11 16 41 44,1
S008,family_balanced_hybrid,613,313,612,300,rolling300,8 14 20 22 27 34,7 8 11 16 41 44,1
S001,multi_window_frequency,614,314,613,300,rolling300,2 8 14 20 34 38,8 21 25 39 40 44,1
S002,gap_regime_hazard,614,314,613,300,rolling300,2 6 22 27 36 37,8 21 25 39 40 44,0
S003,momentum_state_transition,614,314,613,300,rolling300,2 5 6 8 12 14,8 21 25 39 40 44,1
S004,conditional_probability,614,314,613,300,rolling300,2 6 8 14 33 36,8 21 25 39 40 44,1
S005,structure_transition,614,314,613,300,rolling300,3 13 18 32 37 44,8 21 25 39 40 44,1
S006,pair_residual_node,614,314,613,300,rolling300,8 14 20 29 34 40,8 21 25 39 40 44,2
S007,triple_residual_node,614,314,613,300,rolling300,8 14 20 29 34 40,8 21 25 39 40 44,2
S008,family_balanced_hybrid,614,314,613,300,rolling300,6 8 13 14 20 34,8 21 25 39 40 44,1
S001,multi_window_frequency,615,315,614,300,rolling300,8 14 20 34 38 39,10 17 18 19 23 27,0
S002,gap_regime_hazard,615,315,614,300,rolling300,6 7 9 18 19 33,10 17 18 19 23 27,2
S003,momentum_state_transition,615,315,614,300,rolling300,2 5 6 8 12 14,10 17 18 19 23 27,0
S004,conditional_probability,615,315,614,300,rolling300,8 14 18 36 39 44,10 17 18 19 23 27,1
S005,structure_transition,615,315,614,300,rolling300,4 7 22 25 32 37,10 17 18 19 23 27,0
S006,pair_residual_node,615,315,614,300,rolling300,8 14 20 29 34 40,10 17 18 19 23 27,0
S007,triple_residual_node,615,315,614,300,rolling300,8 14 20 29 34 40,10 17 18 19 23 27,0
S008,family_balanced_hybrid,615,315,614,300,rolling300,8 13 14 18 20 34,10 17 18 19 23 27,1
S001,multi_window_frequency,616,316,615,300,rolling300,8 14 20 27 34 39,5 13 18 23 40 45,0
S002,gap_regime_hazard,616,316,615,300,rolling300,7 8 11 16 21 41,5 13 18 23 40 45,0
S003,momentum_state_transition,616,316,615,300,rolling300,2 5 6 8 10 12,5 13 18 23 40 45,1
S004,conditional_probability,616,316,615,300,rolling300,14 19 23 27 36 44,5 13 18 23 40 45,1
S005,structure_transition,616,316,615,300,rolling300,8 9 15 23 28 40,5 13 18 23 40 45,2
S006,pair_residual_node,616,316,615,300,rolling300,8 14 20 29 34 40,5 13 18 23 40 45,1
S007,triple_residual_node,616,316,615,300,rolling300,8 14 20 29 34 40,5 13 18 23 40 45,1
S008,family_balanced_hybrid,616,316,615,300,rolling300,8 14 20 34 39 40,5 13 18 23 40 45,1
S001,multi_window_frequency,617,317,616,300,rolling300,8 14 18 27 39 40,4 5 11 12 24 27,1
S002,gap_regime_hazard,617,317,616,300,rolling300,8 10 21 25 39 44,4 5 11 12 24 27,0
S003,momentum_state_transition,617,317,616,300,rolling300,7 12 13 20 22 28,4 5 11 12 24 27,1
S004,conditional_probability,617,317,616,300,rolling300,19 23 27 36 40 44,4 5 11 12 24 27,1
S005,structure_transition,617,317,616,300,rolling300,1 8 18 29 33 36,4 5 11 12 24 27,0
S006,pair_residual_node,617,317,616,300,rolling300,8 14 20 29 34 40,4 5 11 12 24 27,0
S007,triple_residual_node,617,317,616,300,rolling300,8 14 20 29 34 40,4 5 11 12 24 27,0
S008,family_balanced_hybrid,617,317,616,300,rolling300,8 10 13 20 27 40,4 5 11 12 24 27,1
S001,multi_window_frequency,618,318,617,300,rolling300,5 8 14 18 27 40,8 16 25 30 42 43,1
S002,gap_regime_hazard,618,318,617,300,rolling300,10 13 17 18 19 23,8 16 25 30 42 43,0
S003,momentum_state_transition,618,318,617,300,rolling300,7 10 13 20 24 28,8 16 25 30 42 43,0
S004,conditional_probability,618,318,617,300,rolling300,4 19 23 39 40 44,8 16 25 30 42 43,0
S005,structure_transition,618,318,617,300,rolling300,10 18 25 27 28 33,8 16 25 30 42 43,1
S006,pair_residual_node,618,318,617,300,rolling300,8 14 20 29 34 40,8 16 25 30 42 43,1
S007,triple_residual_node,618,318,617,300,rolling300,8 14 20 29 34 40,8 16 25 30 42 43,1
S008,family_balanced_hybrid,618,318,617,300,rolling300,8 10 13 14 20 40,8 16 25 30 42 43,1
S001,multi_window_frequency,619,319,618,300,rolling300,5 8 14 18 27 40,6 8 13 30 35 40,2
S002,gap_regime_hazard,619,319,618,300,rolling300,4 13 18 23 40 45,6 8 13 30 35 40,2
S003,momentum_state_transition,619,319,618,300,rolling300,2 5 6 8 14 25,6 8 13 30 35 40,2
S004,conditional_probability,619,319,618,300,rolling300,8 18 23 25 27 40,6 8 13 30 35 40,2
S005,structure_transition,619,319,618,300,rolling300,4 14 25 29 34 37,6 8 13 30 35 40,0
S006,pair_residual_node,619,319,618,300,rolling300,8 14 20 29 34 40,6 8 13 30 35 40,2
S007,triple_residual_node,619,319,618,300,rolling300,8 14 20 29 34 40,6 8 13 30 35 40,2
S008,family_balanced_hybrid,619,319,618,300,rolling300,8 12 13 14 18 40,6 8 13 30 35 40,3
S001,multi_window_frequency,620,320,619,300,rolling300,8 13 14 18 27 40,2 16 17 32 39 45,0
S002,gap_regime_hazard,620,320,619,300,rolling300,4 5 11 12 24 27,2 16 17 32 39 45,0
S003,momentum_state_transition,620,320,619,300,rolling300,7 10 12 24 28 35,2 16 17 32 39 45,0
S004,conditional_probability,620,320,619,300,rolling300,8 18 23 25 27 40,2 16 17 32 39 45,0
S005,structure_transition,620,320,619,300,rolling300,4 17 20 25 39 44,2 16 17 32 39 45,2
S006,pair_residual_node,620,320,619,300,rolling300,8 14 20 29 34 40,2 16 17 32 39 45,0
S007,triple_residual_node,620,320,619,300,rolling300,8 14 20 29 34 40,2 16 17 32 39 45,0
S008,family_balanced_hybrid,620,320,619,300,rolling300,8 12 14 25 27 40,2 16 17 32 39 45,0
S001,multi_window_frequency,621,321,620,300,rolling300,5 8 13 14 27 40,1 2 6 16 19 42,0
S002,gap_regime_hazard,621,321,620,300,rolling300,6 8 13 25 42 43,1 2 6 16 19 42,2
S003,momentum_state_transition,621,321,620,300,rolling300,2 5 6 8 13 14,1 2 6 16 19 42,2
S004,conditional_probability,621,321,620,300,rolling300,8 16 18 25 27 40,1 2 6 16 19 42,1
S005,structure_transition,621,321,620,300,rolling300,1 5 22 29 32 36,1 2 6 16 19 42,1
S006,pair_residual_node,621,321,620,300,rolling300,8 14 20 29 34 40,1 2 6 16 19 42,0
S007,triple_residual_node,621,321,620,300,rolling300,8 14 20 29 34 40,1 2 6 16 19 42,0
S008,family_balanced_hybrid,621,321,620,300,rolling300,8 12 13 14 25 40,1 2 6 16 19 42,0
S001,multi_window_frequency,622,322,621,300,rolling300,5 8 13 14 27 40,9 15 16 21 28 34,0
S002,gap_regime_hazard,622,322,621,300,rolling300,8 13 17 30 35 40,9 15 16 21 28 34,0
S003,momentum_state_transition,622,322,621,300,rolling300,2 5 6 8 13 14,9 15 16 21 28 34,0
S004,conditional_probability,622,322,621,300,rolling300,6 8 16 18 19 25,9 15 16 21 28 34,1
S005,structure_transition,622,322,621,300,rolling300,1 4 11 32 36 39,9 15 16 21 28 34,0
S006,pair_residual_node,622,322,621,300,rolling300,8 14 16 20 34 40,9 15 16 21 28 34,2
S007,triple_residual_node,622,322,621,300,rolling300,8 14 20 29 34 40,9 15 16 21 28 34,1
S008,family_balanced_hybrid,622,322,621,300,rolling300,8 12 13 14 16 40,9 15 16 21 28 34,1
S001,multi_window_frequency,623,323,622,300,rolling300,5 8 16 27 34 40,7 13 30 39 41 45,0
S002,gap_regime_hazard,623,323,622,300,rolling300,1 2 17 32 39 45,7 13 30 39 41 45,2
S003,momentum_state_transition,623,323,622,300,rolling300,2 5 6 8 14 25,7 13 30 39 41 45,0
S004,conditional_probability,623,323,622,300,rolling300,1 4 7 8 9 40,7 13 30 39 41 45,1
S005,structure_transition,623,323,622,300,rolling300,7 12 17 33 36 42,7 13 30 39 41 45,1
S006,pair_residual_node,623,323,622,300,rolling300,8 14 16 20 34 40,7 13 30 39 41 45,0
S007,triple_residual_node,623,323,622,300,rolling300,8 14 16 20 34 40,7 13 30 39 41 45,0
S008,family_balanced_hybrid,623,323,622,300,rolling300,1 8 12 14 34 40,7 13 30 39 41 45,0
S001,multi_window_frequency,624,324,623,300,rolling300,8 13 27 34 39 40,1 7 19 26 27 35,1
S002,gap_regime_hazard,624,324,623,300,rolling300,1 2 6 9 19 42,1 7 19 26 27 35,2
S003,momentum_state_transition,624,324,623,300,rolling300,10 12 24 28 29 35,1 7 19 26 27 35,1
S004,conditional_probability,624,324,623,300,rolling300,8 13 16 30 39 40,1 7 19 26 27 35,0
S005,structure_transition,624,324,623,300,rolling300,12 22 27 30 33 42,1 7 19 26 27 35,1
S006,pair_residual_node,624,324,623,300,rolling300,13 14 16 20 34 40,1 7 19 26 27 35,0
S007,triple_residual_node,624,324,623,300,rolling300,13 14 16 20 34 40,1 7 19 26 27 35,0
S008,family_balanced_hybrid,624,324,623,300,rolling300,1 8 13 16 34 40,1 7 19 26 27 35,1
S001,multi_window_frequency,625,325,624,300,rolling300,8 13 16 27 34 40,3 6 7 20 21 39,0
S002,gap_regime_hazard,625,325,624,300,rolling300,9 15 16 21 28 34,3 6 7 20 21 39,1
S003,momentum_state_transition,625,325,624,300,rolling300,10 12 21 24 28 29,3 6 7 20 21 39,1
S004,conditional_probability,625,325,624,300,rolling300,13 16 19 27 30 45,3 6 7 20 21 39,0
S005,structure_transition,625,325,624,300,rolling300,12 17 20 23 30 38,3 6 7 20 21 39,1
S006,pair_residual_node,625,325,624,300,rolling300,13 14 16 20 34 40,3 6 7 20 21 39,1
S007,triple_residual_node,625,325,624,300,rolling300,13 14 16 20 34 40,3 6 7 20 21 39,1
S008,family_balanced_hybrid,625,325,624,300,rolling300,8 12 13 14 16 34,3 6 7 20 21 39,0
S001,multi_window_frequency,626,326,625,300,rolling300,8 13 20 27 34 39,13 14 26 33 40 43,1
S002,gap_regime_hazard,626,326,625,300,rolling300,1 13 19 30 41 45,13 14 26 33 40 43,1
S003,momentum_state_transition,626,326,625,300,rolling300,10 12 24 28 29 33,13 14 26 33 40 43,1
S004,conditional_probability,626,326,625,300,rolling300,6 7 13 16 30 39,13 14 26 33 40 43,1
S005,structure_transition,626,326,625,300,rolling300,2 9 22 23 38 41,13 14 26 33 40 43,0
S006,pair_residual_node,626,326,625,300,rolling300,13 14 16 20 34 40,13 14 26 33 40 43,3
S007,triple_residual_node,626,326,625,300,rolling300,13 14 16 20 34 40,13 14 26 33 40 43,3
S008,family_balanced_hybrid,626,326,625,300,rolling300,12 13 14 16 27 34,13 14 26 33 40 43,2
S001,multi_window_frequency,627,327,626,300,rolling300,8 13 14 27 39 40,2 9 22 25 31 45,0
S002,gap_regime_hazard,627,327,626,300,rolling300,1 3 6 19 27 35,2 9 22 25 31 45,0
S003,momentum_state_transition,627,327,626,300,rolling300,5 10 12 24 28 29,2 9 22 25 31 45,0
S004,conditional_probability,627,327,626,300,rolling300,6 7 13 16 30 39,2 9 22 25 31 45,0
S005,structure_transition,627,327,626,300,rolling300,8 13 25 28 34 37,2 9 22 25 31 45,1
S006,pair_residual_node,627,327,626,300,rolling300,8 13 14 20 34 40,2 9 22 25 31 45,0
S007,triple_residual_node,627,327,626,300,rolling300,8 13 14 20 34 40,2 9 22 25 31 45,0
S008,family_balanced_hybrid,627,327,626,300,rolling300,6 7 13 16 20 34,2 9 22 25 31 45,0
S001,multi_window_frequency,628,328,627,300,rolling300,8 13 14 27 39 40,1 7 12 15 23 42,0
S002,gap_regime_hazard,628,328,627,300,rolling300,3 6 7 20 21 39,1 7 12 15 23 42,1
S003,momentum_state_transition,628,328,627,300,rolling300,5 10 12 14 24 28,1 7 12 15 23 42,1
S004,conditional_probability,628,328,627,300,rolling300,2 6 7 13 16 30,1 7 12 15 23 42,1
S005,structure_transition,628,328,627,300,rolling300,2 7 15 29 34 39,1 7 12 15 23 42,2
S006,pair_residual_node,628,328,627,300,rolling300,8 14 20 29 34 40,1 7 12 15 23 42,0
S007,triple_residual_node,628,328,627,300,rolling300,8 14 20 29 34 40,1 7 12 15 23 42,0
S008,family_balanced_hybrid,628,328,627,300,rolling300,6 7 8 13 14 40,1 7 12 15 23 42,1
S001,multi_window_frequency,629,329,628,300,rolling300,8 13 14 27 34 40,19 28 31 38 43 44,0
S002,gap_regime_hazard,629,329,628,300,rolling300,13 14 26 33 40 43,19 28 31 38 43 44,1
S003,momentum_state_transition,629,329,628,300,rolling300,4 5 10 12 14 24,19 28 31 38 43 44,0
S004,conditional_probability,629,329,628,300,rolling300,1 2 6 7 13 16,19 28 31 38 43 44,0
S005,structure_transition,629,329,628,300,rolling300,6 8 23 25 34 45,19 28 31 38 43 44,0
S006,pair_residual_node,629,329,628,300,rolling300,8 14 20 29 34 40,19 28 31 38 43 44,0
S007,triple_residual_node,629,329,628,300,rolling300,8 14 20 29 34 40,19 28 31 38 43 44,0
S008,family_balanced_hybrid,629,329,628,300,rolling300,8 13 14 20 34 40,19 28 31 38 43 44,0
S001,multi_window_frequency,630,330,629,300,rolling300,2 7 13 14 27 39,8 17 21 24 27 31,1
S002,gap_regime_hazard,630,330,629,300,rolling300,1 2 9 22 25 45,8 17 21 24 27 31,0
S003,momentum_state_transition,630,330,629,300,rolling300,4 5 10 12 14 24,8 17 21 24 27 31,1
S004,conditional_probability,630,330,629,300,rolling300,1 2 7 16 19 39,8 17 21 24 27 31,0
S005,structure_transition,630,330,629,300,rolling300,4 17 21 26 39 44,8 17 21 24 27 31,2
S006,pair_residual_node,630,330,629,300,rolling300,8 13 14 20 34 40,8 17 21 24 27 31,1
S007,triple_residual_node,630,330,629,300,rolling300,8 13 14 20 34 40,8 17 21 24 27 31,1
S008,family_balanced_hybrid,630,330,629,300,rolling300,1 2 7 12 13 14,8 17 21 24 27 31,0
S001,multi_window_frequency,631,331,630,300,rolling300,7 8 13 14 27 34,1 2 4 23 31 34,1
S002,gap_regime_hazard,631,331,630,300,rolling300,1 7 12 15 23 42,1 2 4 23 31 34,2
S003,momentum_state_transition,631,331,630,300,rolling300,4 5 10 12 14 24,1 2 4 23 31 34,1
S004,conditional_probability,631,331,630,300,rolling300,1 2 7 19 21 31,1 2 4 23 31 34,3
S005,structure_transition,631,331,630,300,rolling300,4 13 22 33 36 41,1 2 4 23 31 34,1
S006,pair_residual_node,631,331,630,300,rolling300,8 13 14 20 34 40,1 2 4 23 31 34,1
S007,triple_residual_node,631,331,630,300,rolling300,8 14 20 29 34 40,1 2 4 23 31 34,1
S008,family_balanced_hybrid,631,331,630,300,rolling300,1 7 8 12 13 14,1 2 4 23 31 34,1
S001,multi_window_frequency,632,332,631,300,rolling300,1 7 8 13 27 34,15 18 21 32 35 44,0
S002,gap_regime_hazard,632,332,631,300,rolling300,8 19 28 38 43 44,15 18 21 32 35 44,1
S003,momentum_state_transition,632,332,631,300,rolling300,4 5 10 12 14 24,15 18 21 32 35 44,0
S004,conditional_probability,632,332,631,300,rolling300,1 2 7 9 21 31,15 18 21 32 35 44,1
S005,structure_transition,632,332,631,300,rolling300,5 18 22 24 29 45,15 18 21 32 35 44,1
S006,pair_residual_node,632,332,631,300,rolling300,8 13 14 20 34 40,15 18 21 32 35 44,0
S007,triple_residual_node,632,332,631,300,rolling300,8 13 14 20 34 40,15 18 21 32 35 44,0
S008,family_balanced_hybrid,632,332,631,300,rolling300,7 8 13 14 27 34,15 18 21 32 35 44,0
S001,multi_window_frequency,633,333,632,300,rolling300,1 2 7 8 27 34,9 12 19 20 39 41,0
S002,gap_regime_hazard,633,333,632,300,rolling300,1 2 8 17 24 27,9 12 19 20 39 41,0
S003,momentum_state_transition,633,333,632,300,rolling300,4 5 9 10 12 14,9 12 19 20 39 41,2
S004,conditional_probability,633,333,632,300,rolling300,1 5 7 10 21 31,9 12 19 20 39 41,0
S005,structure_transition,633,333,632,300,rolling300,6 19 21 24 38 41,9 12 19 20 39 41,2
S006,pair_residual_node,633,333,632,300,rolling300,8 13 14 20 34 40,9 12 19 20 39 41,1
S007,triple_residual_node,633,333,632,300,rolling300,8 13 14 20 34 40,9 12 19 20 39 41,1
S008,family_balanced_hybrid,633,333,632,300,rolling300,1 7 8 13 27 34,9 12 19 20 39 41,0
S001,multi_window_frequency,634,334,633,300,rolling300,1 8 20 27 34 39,4 10 11 12 20 27,2
S002,gap_regime_hazard,634,334,633,300,rolling300,1 2 4 23 31 34,4 10 11 12 20 27,1
S003,momentum_state_transition,634,334,633,300,rolling300,4 5 14 24 28 33,4 10 11 12 20 27,1
S004,conditional_probability,634,334,633,300,rolling300,1 3 7 19 21 31,4 10 11 12 20 27,0
S005,structure_transition,634,334,633,300,rolling300,5 10 25 28 32 39,4 10 11 12 20 27,1
S006,pair_residual_node,634,334,633,300,rolling300,8 13 14 20 34 40,4 10 11 12 20 27,1
S007,triple_residual_node,634,334,633,300,rolling300,8 13 14 20 34 40,4 10 11 12 20 27,1
S008,family_balanced_hybrid,634,334,633,300,rolling300,1 7 8 14 18 34,4 10 11 12 20 27,0
S001,multi_window_frequency,635,335,634,300,rolling300,8 12 20 27 34 39,11 13 25 26 29 33,0
S002,gap_regime_hazard,635,335,634,300,rolling300,15 18 21 32 35 44,11 13 25 26 29 33,0
S003,momentum_state_transition,635,335,634,300,rolling300,5 14 24 25 33 34,11 13 25 26 29 33,2
S004,conditional_probability,635,335,634,300,rolling300,1 2 12 20 21 31,11 13 25 26 29 33,0
S005,structure_transition,635,335,634,300,rolling300,2 12 13 31 35 38,11 13 25 26 29 33,1
S006,pair_residual_node,635,335,634,300,rolling300,8 12 14 20 34 40,11 13 25 26 29 33,0
S007,triple_residual_node,635,335,634,300,rolling300,8 12 14 20 34 40,11 13 25 26 29 33,0
S008,family_balanced_hybrid,635,335,634,300,rolling300,1 8 12 14 34 39,11 13 25 26 29 33,0
S001,multi_window_frequency,636,336,635,300,rolling300,8 12 13 20 27 34,6 7 15 16 20 31,1
S002,gap_regime_hazard,636,336,635,300,rolling300,4 9 10 19 39 41,6 7 15 16 20 31,0
S003,momentum_state_transition,636,336,635,300,rolling300,5 10 14 18 33 34,6 7 15 16 20 31,0
S004,conditional_probability,636,336,635,300,rolling300,3 5 6 12 16 31,6 7 15 16 20 31,3
S005,structure_transition,636,336,635,300,rolling300,10 14 22 24 27 43,6 7 15 16 20 31,0
S006,pair_residual_node,636,336,635,300,rolling300,8 13 14 20 34 40,6 7 15 16 20 31,1
S007,triple_residual_node,636,336,635,300,rolling300,8 13 14 20 34 40,6 7 15 16 20 31,1
S008,family_balanced_hybrid,636,336,635,300,rolling300,8 12 14 20 34 39,6 7 15 16 20 31,1
S001,multi_window_frequency,637,337,636,300,rolling300,8 12 13 20 27 31,3 16 22 37 38 44,0
S002,gap_regime_hazard,637,337,636,300,rolling300,4 10 11 12 13 27,3 16 22 37 38 44,0
S003,momentum_state_transition,637,337,636,300,rolling300,5 10 14 18 23 33,3 16 22 37 38 44,0
S004,conditional_probability,637,337,636,300,rolling300,3 5 12 14 15 20,3 16 22 37 38 44,1
S005,structure_transition,637,337,636,300,rolling300,2 7 23 24 32 35,3 16 22 37 38 44,0
S006,pair_residual_node,637,337,636,300,rolling300,8 13 14 20 34 40,3 16 22 37 38 44,0
S007,triple_residual_node,637,337,636,300,rolling300,8 13 14 20 34 40,3 16 22 37 38 44,0
S008,family_balanced_hybrid,637,337,636,300,rolling300,8 12 13 14 34 40,3 16 22 37 38 44,0
S001,multi_window_frequency,638,338,637,300,rolling300,8 13 20 27 31 44,7 18 22 24 31 34,1
S002,gap_regime_hazard,638,338,637,300,rolling300,11 13 25 26 29 33,7 18 22 24 31 34,0
S003,momentum_state_transition,638,338,637,300,rolling300,4 5 11 14 18 23,7 18 22 24 31 34,1
S004,conditional_probability,638,338,637,300,rolling300,5 12 15 20 31 44,7 18 22 24 31 34,1
S005,structure_transition,638,338,637,300,rolling300,7 17 20 24 31 34,7 18 22 24 31 34,4
S006,pair_residual_node,638,338,637,300,rolling300,8 13 14 20 34 40,7 18 22 24 31 34,1
S007,triple_residual_node,638,338,637,300,rolling300,8 13 14 20 34 40,7 18 22 24 31 34,1
S008,family_balanced_hybrid,638,338,637,300,rolling300,8 12 13 14 20 40,7 18 22 24 31 34,0
S001,multi_window_frequency,639,339,638,300,rolling300,8 20 27 31 34 44,6 15 22 23 25 32,0
S002,gap_regime_hazard,639,339,638,300,rolling300,3 6 15 16 20 37,6 15 22 23 25 32,2
S003,momentum_state_transition,639,339,638,300,rolling300,4 5 8 11 14 18,6 15 22 23 25 32,0
S004,conditional_probability,639,339,638,300,rolling300,5 14 20 30 36 44,6 15 22 23 25 32,0
S005,structure_transition,639,339,638,300,rolling300,4 7 20 23 41 44,6 15 22 23 25 32,1
S006,pair_residual_node,639,339,638,300,rolling300,8 12 14 20 22 40,6 15 22 23 25 32,1
S007,triple_residual_node,639,339,638,300,rolling300,8 14 20 22 34 40,6 15 22 23 25 32,1
S008,family_balanced_hybrid,639,339,638,300,rolling300,8 14 16 20 40 44,6 15 22 23 25 32,0
S001,multi_window_frequency,640,340,639,300,rolling300,8 20 25 27 31 34,14 15 18 21 26 35,0
S002,gap_regime_hazard,640,340,639,300,rolling300,3 7 16 37 38 44,14 15 18 21 26 35,0
S003,momentum_state_transition,640,340,639,300,rolling300,4 5 8 11 14 18,14 15 18 21 26 35,2
S004,conditional_probability,640,340,639,300,rolling300,5 14 15 20 22 31,14 15 18 21 26 35,2
S005,structure_transition,640,340,639,300,rolling300,8 11 21 30 33 35,14 15 18 21 26 35,2
S006,pair_residual_node,640,340,639,300,rolling300,8 12 14 20 22 40,14 15 18 21 26 35,1
S007,triple_residual_node,640,340,639,300,rolling300,8 14 20 22 34 40,14 15 18 21 26 35,1
S008,family_balanced_hybrid,640,340,639,300,rolling300,8 13 14 20 34 40,14 15 18 21 26 35,1
S001,multi_window_frequency,641,341,640,300,rolling300,15 20 25 27 31 34,11 18 21 36 37 43,0
S002,gap_regime_hazard,641,341,640,300,rolling300,6 7 22 24 31 34,11 18 21 36 37 43,0
S003,momentum_state_transition,641,341,640,300,rolling300,4 5 8 14 30 33,11 18 21 36 37 43,0
S004,conditional_probability,641,341,640,300,rolling300,5 15 18 20 22 31,11 18 21 36 37 43,1
S005,structure_transition,641,341,640,300,rolling300,3 4 26 29 38 43,11 18 21 36 37 43,1
S006,pair_residual_node,641,341,640,300,rolling300,8 14 20 22 29 40,11 18 21 36 37 43,0
S007,triple_residual_node,641,341,640,300,rolling300,8 14 20 22 29 40,11 18 21 36 37 43,0
S008,family_balanced_hybrid,641,341,640,300,rolling300,8 13 20 22 34 40,11 18 21 36 37 43,0
S001,multi_window_frequency,642,342,641,300,rolling300,7 15 18 20 25 27,8 17 18 24 39 45,1
S002,gap_regime_hazard,642,342,641,300,rolling300,6 14 22 23 25 32,8 17 18 24 39 45,0
S003,momentum_state_transition,642,342,641,300,rolling300,3 10 17 24 28 29,8 17 18 24 39 45,2
S004,conditional_probability,642,342,641,300,rolling300,11 15 18 20 21 22,8 17 18 24 39 45,1
S005,structure_transition,642,342,641,300,rolling300,6 19 21 24 38 41,8 17 18 24 39 45,1
S006,pair_residual_node,642,342,641,300,rolling300,8 14 20 22 29 40,8 17 18 24 39 45,1
S007,triple_residual_node,642,342,641,300,rolling300,8 14 20 22 29 40,8 17 18 24 39 45,1
S008,family_balanced_hybrid,642,342,641,300,rolling300,8 14 15 20 22 40,8 17 18 24 39 45,1
S001,multi_window_frequency,643,343,642,300,rolling300,7 8 15 18 20 27,15 24 31 32 33 40,1
S002,gap_regime_hazard,643,343,642,300,rolling300,11 14 15 21 26 35,15 24 31 32 33 40,1
S003,momentum_state_transition,643,343,642,300,rolling300,3 10 17 28 29 30,15 24 31 32 33 40,0
S004,conditional_probability,643,343,642,300,rolling300,1 11 15 18 20 22,15 24 31 32 33 40,1
S005,structure_transition,643,343,642,300,rolling300,2 7 15 29 34 39,15 24 31 32 33 40,1
S006,pair_residual_node,643,343,642,300,rolling300,8 12 14 20 22 40,15 24 31 32 33 40,1
S007,triple_residual_node,643,343,642,300,rolling300,8 12 14 20 22 40,15 24 31 32 33 40,1
S008,family_balanced_hybrid,643,343,642,300,rolling300,1 14 15 20 22 40,15 24 31 32 33 40,2
S001,multi_window_frequency,644,344,643,300,rolling300,15 18 20 27 31 40,5 13 17 23 28 36,0
S002,gap_regime_hazard,644,344,643,300,rolling300,8 11 21 36 37 43,5 13 17 23 28 36,1
S003,momentum_state_transition,644,344,643,300,rolling300,3 10 17 28 29 37,5 13 17 23 28 36,2
S004,conditional_probability,644,344,643,300,rolling300,11 15 18 22 24 31,5 13 17 23 28 36,0
S005,structure_transition,644,344,643,300,rolling300,1 4 20 25 26 45,5 13 17 23 28 36,0
S006,pair_residual_node,644,344,643,300,rolling300,8 14 20 22 29 40,5 13 17 23 28 36,0
S007,triple_residual_node,644,344,643,300,rolling300,8 14 20 22 29 40,5 13 17 23 28 36,0
S008,family_balanced_hybrid,644,344,643,300,rolling300,1 8 13 14 18 22,5 13 17 23 28 36,1
S001,multi_window_frequency,645,345,644,300,rolling300,13 15 18 20 31 40,1 4 16 26 40 41,1
S002,gap_regime_hazard,645,345,644,300,rolling300,8 15 18 24 39 45,1 4 16 26 40 41,0
S003,momentum_state_transition,645,345,644,300,rolling300,3 10 28 29 34 35,1 4 16 26 40 41,0
S004,conditional_probability,645,345,644,300,rolling300,1 15 18 22 24 31,1 4 16 26 40 41,1
S005,structure_transition,645,345,644,300,rolling300,2 12 13 31 35 38,1 4 16 26 40 41,0
S006,pair_residual_node,645,345,644,300,rolling300,8 12 13 20 22 40,1 4 16 26 40 41,1
S007,triple_residual_node,645,345,644,300,rolling300,8 12 13 20 22 40,1 4 16 26 40 41,1
S008,family_balanced_hybrid,645,345,644,300,rolling300,1 8 15 18 22 40,1 4 16 26 40 41,2
S001,multi_window_frequency,646,346,645,300,rolling300,13 15 18 20 31 40,2 9 24 41 43 45,0
S002,gap_regime_hazard,646,346,645,300,rolling300,5 15 24 31 32 33,2 9 24 41 43 45,1
S003,momentum_state_transition,646,346,645,300,rolling300,2 5 6 8 14 19,2 9 24 41 43 45,1
S004,conditional_probability,646,346,645,300,rolling300,15 16 18 22 24 31,2 9 24 41 43 45,1
S005,structure_transition,646,346,645,300,rolling300,9 15 17 20 24 40,2 9 24 41 43 45,2
S006,pair_residual_node,646,346,645,300,rolling300,8 12 14 20 22 40,2 9 24 41 43 45,0
S007,triple_residual_node,646,346,645,300,rolling300,8 12 14 20 22 40,2 9 24 41 43 45,0
S008,family_balanced_hybrid,646,346,645,300,rolling300,8 13 14 15 18 27,2 9 24 41 43 45,0
S001,multi_window_frequency,647,347,646,300,rolling300,15 18 20 24 31 40,5 16 21 23 24 30,1
S002,gap_regime_hazard,647,347,646,300,rolling300,5 13 17 23 28 36,5 16 21 23 24 30,2
S003,momentum_state_transition,647,347,646,300,rolling300,6 8 13 14 19 27,5 16 21 23 24 30,0
S004,conditional_probability,647,347,646,300,rolling300,10 12 15 18 22 24,5 16 21 23 24 30,1
S005,structure_transition,647,347,646,300,rolling300,7 10 15 30 32 45,5 16 21 23 24 30,1
S006,pair_residual_node,647,347,646,300,rolling300,8 12 14 20 22 40,5 16 21 23 24 30,0
S007,triple_residual_node,647,347,646,300,rolling300,8 12 14 20 22 40,5 16 21 23 24 30,0
S008,family_balanced_hybrid,647,347,646,300,rolling300,8 13 14 20 27 40,5 16 21 23 24 30,0
S001,multi_window_frequency,648,348,647,300,rolling300,15 18 20 24 31 40,13 19 28 37 38 43,0
S002,gap_regime_hazard,648,348,647,300,rolling300,1 2 4 9 26 40,13 19 28 37 38 43,0
S003,momentum_state_transition,648,348,647,300,rolling300,2 6 8 9 13 19,13 19 28 37 38 43,2
S004,conditional_probability,648,348,647,300,rolling300,3 10 15 18 21 23,13 19 28 37 38 43,0
S005,structure_transition,648,348,647,300,rolling300,8 16 19 25 29 42,13 19 28 37 38 43,1
S006,pair_residual_node,648,348,647,300,rolling300,8 12 14 20 22 40,13 19 28 37 38 43,0
S007,triple_residual_node,648,348,647,300,rolling300,8 12 14 20 22 40,13 19 28 37 38 43,0
S008,family_balanced_hybrid,648,348,647,300,rolling300,1 8 13 18 20 40,13 19 28 37 38 43,1
S001,multi_window_frequency,649,349,648,300,rolling300,13 15 18 20 24 40,3 21 22 33 41 42,0
S002,gap_regime_hazard,649,349,648,300,rolling300,2 5 9 16 41 45,3 21 22 33 41 42,1
S003,momentum_state_transition,649,349,648,300,rolling300,1 2 6 7 8 9,3 21 22 33 41 42,0
S004,conditional_probability,649,349,648,300,rolling300,15 18 21 23 24 43,3 21 22 33 41 42,1
S005,structure_transition,649,349,648,300,rolling300,8 12 23 28 31 39,3 21 22 33 41 42,0
S006,pair_residual_node,649,349,648,300,rolling300,8 12 14 20 22 40,3 21 22 33 41 42,1
S007,triple_residual_node,649,349,648,300,rolling300,8 12 13 20 22 40,3 21 22 33 41 42,1
S008,family_balanced_hybrid,649,349,648,300,rolling300,1 7 8 12 20 24,3 21 22 33 41 42,0
S001,multi_window_frequency,650,350,649,300,rolling300,13 18 20 21 24 40,3 4 7 11 31 41,0
S002,gap_regime_hazard,650,350,649,300,rolling300,5 13 16 23 24 30,3 4 7 11 31 41,0
S003,momentum_state_transition,650,350,649,300,rolling300,1 2 6 7 8 9,3 4 7 11 31 41,1
S004,conditional_probability,650,350,649,300,rolling300,6 18 21 24 41 43,3 4 7 11 31 41,1
S005,structure_transition,650,350,649,300,rolling300,3 19 20 35 39 44,3 4 7 11 31 41,1
S006,pair_residual_node,650,350,649,300,rolling300,8 13 14 20 22 40,3 4 7 11 31 41,0
S007,triple_residual_node,650,350,649,300,rolling300,8 13 14 20 22 40,3 4 7 11 31 41,0
S008,family_balanced_hybrid,650,350,649,300,rolling300,1 7 8 20 24 43,3 4 7 11 31 41,1
S001,multi_window_frequency,651,351,650,300,rolling300,13 21 24 31 40 41,11 12 16 26 29 44,0
S002,gap_regime_hazard,651,351,650,300,rolling300,13 19 28 37 38 43,11 12 16 26 29 44,0
S003,momentum_state_transition,651,351,650,300,rolling300,1 2 6 8 9 17,11 12 16 26 29 44,0
S004,conditional_probability,651,351,650,300,rolling300,6 10 21 24 41 43,11 12 16 26 29 44,0
S005,structure_transition,651,351,650,300,rolling300,3 22 24 33 36 40,11 12 16 26 29 44,0
S006,pair_residual_node,651,351,650,300,rolling300,8 12 14 20 22 40,11 12 16 26 29 44,1
S007,triple_residual_node,651,351,650,300,rolling300,8 13 14 20 22 40,11 12 16 26 29 44,0
S008,family_balanced_hybrid,651,351,650,300,rolling300,8 12 13 20 21 43,11 12 16 26 29 44,1
S001,multi_window_frequency,652,352,651,300,rolling300,16 24 26 31 40 41,3 13 15 40 41 44,2
S002,gap_regime_hazard,652,352,651,300,rolling300,3 4 21 22 33 42,3 13 15 40 41 44,1
S003,momentum_state_transition,652,352,651,300,rolling300,1 2 6 8 9 17,3 13 15 40 41 44,0
S004,conditional_probability,652,352,651,300,rolling300,6 10 14 20 24 41,3 13 15 40 41 44,1
S005,structure_transition,652,352,651,300,rolling300,1 4 6 31 40 45,3 13 15 40 41 44,1
S006,pair_residual_node,652,352,651,300,rolling300,8 12 14 20 22 40,3 13 15 40 41 44,1
S007,triple_residual_node,652,352,651,300,rolling300,8 13 14 20 22 40,3 13 15 40 41 44,2
S008,family_balanced_hybrid,652,352,651,300,rolling300,7 8 14 20 22 41,3 13 15 40 41 44,1
S001,multi_window_frequency,653,353,652,300,rolling300,13 24 26 31 40 41,5 6 26 27 38 39,1
S002,gap_regime_hazard,653,353,652,300,rolling300,4 7 11 12 16 31,5 6 26 27 38 39,0
S003,momentum_state_transition,653,353,652,300,rolling300,1 2 6 8 17 19,5 6 26 27 38 39,1
S004,conditional_probability,653,353,652,300,rolling300,6 8 10 14 18 20,5 6 26 27 38 39,1
S005,structure_transition,653,353,652,300,rolling300,2 15 21 34 37 42,5 6 26 27 38 39,0
S006,pair_residual_node,653,353,652,300,rolling300,8 13 14 20 22 40,5 6 26 27 38 39,0
S007,triple_residual_node,653,353,652,300,rolling300,8 13 14 20 22 40,5 6 26 27 38 39,0
S008,family_balanced_hybrid,653,353,652,300,rolling300,7 8 14 16 20 27,5 6 26 27 38 39,1
S001,multi_window_frequency,654,354,653,300,rolling300,13 16 26 31 40 41,16 21 26 31 36 43,3
S002,gap_regime_hazard,654,354,653,300,rolling300,3 11 12 13 16 29,16 21 26 31 36 43,1
S003,momentum_state_transition,654,354,653,300,rolling300,1 2 8 9 12 17,16 21 26 31 36 43,0
S004,conditional_probability,654,354,653,300,rolling300,8 10 14 18 20 25,16 21 26 31 36 43,0
S005,structure_transition,654,354,653,300,rolling300,2 9 22 23 38 41,16 21 26 31 36 43,0
S006,pair_residual_node,654,354,653,300,rolling300,8 12 14 20 22 40,16 21 26 31 36 43,0
S007,triple_residual_node,654,354,653,300,rolling300,8 12 14 20 22 40,16 21 26 31 36 43,0
S008,family_balanced_hybrid,654,354,653,300,rolling300,8 12 13 14 16 20,16 21 26 31 36 43,1
S001,multi_window_frequency,655,355,654,300,rolling300,16 26 31 40 41 43,7 37 38 39 40 44,1
S002,gap_regime_hazard,655,355,654,300,rolling300,3 13 15 40 41 44,7 37 38 39 40 44,2
S003,momentum_state_transition,655,355,654,300,rolling300,1 2 4 8 9 12,7 37 38 39 40 44,0
S004,conditional_probability,655,355,654,300,rolling300,8 10 14 16 17 26,7 37 38 39 40 44,0
S005,structure_transition,655,355,654,300,rolling300,3 14 18 23 25 40,7 37 38 39 40 44,1
S006,pair_residual_node,655,355,654,300,rolling300,8 12 13 20 22 40,7 37 38 39 40 44,1
S007,triple_residual_node,655,355,654,300,rolling300,8 12 13 20 22 40,7 37 38 39 40 44,1
S008,family_balanced_hybrid,655,355,654,300,rolling300,8 12 13 14 20 27,7 37 38 39 40 44,0
S001,multi_window_frequency,656,356,655,300,rolling300,16 26 31 40 41 43,3 7 14 16 31 40,3
S002,gap_regime_hazard,656,356,655,300,rolling300,5 6 8 10 14 27,3 7 14 16 31 40,1
S003,momentum_state_transition,656,356,655,300,rolling300,1 2 4 8 9 12,3 7 14 16 31 40,0
S004,conditional_probability,656,356,655,300,rolling300,1 8 10 14 17 41,3 7 14 16 31 40,1
S005,structure_transition,656,356,655,300,rolling300,3 21 22 35 38 42,3 7 14 16 31 40,1
S006,pair_residual_node,656,356,655,300,rolling300,8 12 13 20 22 40,3 7 14 16 31 40,1
S007,triple_residual_node,656,356,655,300,rolling300,8 12 13 20 22 40,3 7 14 16 31 40,1
S008,family_balanced_hybrid,656,356,655,300,rolling300,1 8 12 14 20 27,3 7 14 16 31 40,1
S001,multi_window_frequency,657,357,656,300,rolling300,7 16 26 31 40 44,10 14 19 39 40 43,1
S002,gap_regime_hazard,657,357,656,300,rolling300,21 26 36 37 38 43,10 14 19 39 40 43,1
S003,momentum_state_transition,657,357,656,300,rolling300,1 2 4 6 8 9,10 14 19 39 40 43,0
S004,conditional_probability,657,357,656,300,rolling300,1 2 3 8 9 16,10 14 19 39 40 43,0
S005,structure_transition,657,357,656,300,rolling300,5 8 18 23 25 44,10 14 19 39 40 43,0
S006,pair_residual_node,657,357,656,300,rolling300,12 13 20 22 40 43,10 14 19 39 40 43,2
S007,triple_residual_node,657,357,656,300,rolling300,12 13 20 22 40 43,10 14 19 39 40 43,2
S008,family_balanced_hybrid,657,357,656,300,rolling300,1 8 12 20 21 26,10 14 19 39 40 43,0
S001,multi_window_frequency,658,358,657,300,rolling300,7 16 26 31 40 43,8 19 25 28 32 36,0
S002,gap_regime_hazard,658,358,657,300,rolling300,3 7 16 37 38 44,8 19 25 28 32 36,0
S003,momentum_state_transition,658,358,657,300,rolling300,1 2 6 8 9 12,8 19 25 28 32 36,1
S004,conditional_probability,658,358,657,300,rolling300,1 2 3 8 9 40,8 19 25 28 32 36,1
S005,structure_transition,658,358,657,300,rolling300,2 4 14 33 37 41,8 19 25 28 32 36,0
S006,pair_residual_node,658,358,657,300,rolling300,12 13 20 22 40 43,8 19 25 28 32 36,0
S007,triple_residual_node,658,358,657,300,rolling300,12 13 20 22 40 43,8 19 25 28 32 36,0
S008,family_balanced_hybrid,658,358,657,300,rolling300,1 7 8 16 20 40,8 19 25 28 32 36,1
S001,multi_window_frequency,659,359,658,300,rolling300,7 16 26 31 40 44,7 18 19 27 29 42,1
S002,gap_regime_hazard,659,359,658,300,rolling300,3 7 10 14 16 31,7 18 19 27 29 42,1
S003,momentum_state_transition,659,359,658,300,rolling300,1 2 6 9 12 20,7 18 19 27 29 42,0
S004,conditional_probability,659,359,658,300,rolling300,1 2 3 9 17 40,7 18 19 27 29 42,0
S005,structure_transition,659,359,658,300,rolling300,4 7 20 23 41 44,7 18 19 27 29 42,1
S006,pair_residual_node,659,359,658,300,rolling300,8 13 20 22 32 40,7 18 19 27 29 42,0
S007,triple_residual_node,659,359,658,300,rolling300,8 13 20 22 32 40,7 18 19 27 29 42,0
S008,family_balanced_hybrid,659,359,658,300,rolling300,1 7 16 20 22 40,7 18 19 27 29 42,1
S001,multi_window_frequency,660,360,659,300,rolling300,7 16 26 27 31 40,4 9 23 33 39 44,0
S002,gap_regime_hazard,660,360,659,300,rolling300,8 10 14 39 40 43,4 9 23 33 39 44,1
S003,momentum_state_transition,660,360,659,300,rolling300,1 2 6 9 12 20,4 9 23 33 39 44,1
S004,conditional_probability,660,360,659,300,rolling300,1 2 7 9 17 40,4 9 23 33 39 44,1
S005,structure_transition,660,360,659,300,rolling300,9 14 16 25 28 39,4 9 23 33 39 44,2
S006,pair_residual_node,660,360,659,300,rolling300,8 13 20 22 32 40,4 9 23 33 39 44,0
S007,triple_residual_node,660,360,659,300,rolling300,8 13 20 22 32 40,4 9 23 33 39 44,0
S008,family_balanced_hybrid,660,360,659,300,rolling300,1 7 8 20 22 40,4 9 23 33 39 44,0
S001,multi_window_frequency,661,361,660,300,rolling300,7 16 26 39 40 44,2 3 12 20 27 38,0
S002,gap_regime_hazard,661,361,660,300,rolling300,1 8 25 28 32 36,2 3 12 20 27 38,0
S003,momentum_state_transition,661,361,660,300,rolling300,1 2 6 9 12 15,2 3 12 20 27 38,2
S004,conditional_probability,661,361,660,300,rolling300,1 2 17 39 40 44,2 3 12 20 27 38,1
S005,structure_transition,661,361,660,300,rolling300,1 4 6 31 40 45,2 3 12 20 27 38,0
S006,pair_residual_node,661,361,660,300,rolling300,8 13 20 22 32 40,2 3 12 20 27 38,1
S007,triple_residual_node,661,361,660,300,rolling300,8 13 20 22 32 40,2 3 12 20 27 38,1
S008,family_balanced_hybrid,661,361,660,300,rolling300,1 7 8 20 22 40,2 3 12 20 27 38,1
S001,multi_window_frequency,662,362,661,300,rolling300,7 27 31 38 39 40,5 6 9 11 15 37,0
S002,gap_regime_hazard,662,362,661,300,rolling300,1 7 18 19 29 42,5 6 9 11 15 37,0
S003,momentum_state_transition,662,362,661,300,rolling300,1 6 9 11 12 15,5 6 9 11 15 37,4
S004,conditional_probability,662,362,661,300,rolling300,1 11 17 22 39 40,5 6 9 11 15 37,1
S005,structure_transition,662,362,661,300,rolling300,7 17 24 26 30 35,5 6 9 11 15 37,0
S006,pair_residual_node,662,362,661,300,rolling300,8 13 20 22 32 40,5 6 9 11 15 37,0
S007,triple_residual_node,662,362,661,300,rolling300,8 13 20 22 32 40,5 6 9 11 15 37,0
S008,family_balanced_hybrid,662,362,661,300,rolling300,1 7 8 22 39 40,5 6 9 11 15 37,0
S001,multi_window_frequency,663,363,662,300,rolling300,7 26 27 38 39 40,3 5 8 19 38 42,1
S002,gap_regime_hazard,663,363,662,300,rolling300,1 4 23 33 39 44,3 5 8 19 38 42,0
S003,momentum_state_transition,663,363,662,300,rolling300,1 6 12 18 20 22,3 5 8 19 38 42,0
S004,conditional_probability,663,363,662,300,rolling300,1 13 17 22 24 39,3 5 8 19 38 42,0
S005,structure_transition,663,363,662,300,rolling300,5 20 24 31 33 34,3 5 8 19 38 42,1
S006,pair_residual_node,663,363,662,300,rolling300,8 13 20 22 32 40,3 5 8 19 38 42,1
S007,triple_residual_node,663,363,662,300,rolling300,7 8 20 22 32 40,3 5 8 19 38 42,1
S008,family_balanced_hybrid,663,363,662,300,rolling300,1 7 8 20 22 39,3 5 8 19 38 42,1
S001,multi_window_frequency,664,364,663,300,rolling300,7 8 27 38 39 40,10 20 33 36 41 44,0
S002,gap_regime_hazard,664,364,663,300,rolling300,1 2 12 13 20 27,10 20 33 36 41 44,1
S003,momentum_state_transition,664,364,663,300,rolling300,1 6 12 15 18 20,10 20 33 36 41 44,1
S004,conditional_probability,664,364,663,300,rolling300,1 13 17 19 22 24,10 20 33 36 41 44,0
S005,structure_transition,664,364,663,300,rolling300,7 22 27 35 36 40,10 20 33 36 41 44,1
S006,pair_residual_node,664,364,663,300,rolling300,8 13 20 22 32 40,10 20 33 36 41 44,1
S007,triple_residual_node,664,364,663,300,rolling300,8 13 20 22 32 40,10 20 33 36 41 44,1
S008,family_balanced_hybrid,664,364,663,300,rolling300,1 7 12 13 20 22,10 20 33 36 41 44,1
S001,multi_window_frequency,665,365,664,300,rolling300,7 8 38 39 40 44,5 6 11 17 38 44,2
S002,gap_regime_hazard,665,365,664,300,rolling300,1 6 9 11 15 37,5 6 11 17 38 44,2
S003,momentum_state_transition,665,365,664,300,rolling300,6 12 13 15 17 18,5 6 11 17 38 44,2
S004,conditional_probability,665,365,664,300,rolling300,1 13 17 19 21 22,5 6 11 17 38 44,1
S005,structure_transition,665,365,664,300,rolling300,2 20 22 35 37 39,5 6 11 17 38 44,0
S006,pair_residual_node,665,365,664,300,rolling300,8 13 20 22 32 40,5 6 11 17 38 44,0
S007,triple_residual_node,665,365,664,300,rolling300,8 13 20 22 32 40,5 6 11 17 38 44,0
S008,family_balanced_hybrid,665,365,664,300,rolling300,1 7 8 13 15 22,5 6 11 17 38 44,0
S001,multi_window_frequency,666,366,665,300,rolling300,5 7 8 38 40 44,2 4 6 11 17 28,0
S002,gap_regime_hazard,666,366,665,300,rolling300,1 3 8 13 19 42,2 4 6 11 17 28,0
S003,momentum_state_transition,666,366,665,300,rolling300,1 4 12 13 15 17,2 4 6 11 17 28,2
S004,conditional_probability,666,366,665,300,rolling300,1 13 19 21 22 24,2 4 6 11 17 28,0
S005,structure_transition,666,366,665,300,rolling300,6 10 19 24 27 37,2 4 6 11 17 28,1
S006,pair_residual_node,666,366,665,300,rolling300,7 8 20 32 40 43,2 4 6 11 17 28,0
S007,triple_residual_node,666,366,665,300,rolling300,7 8 20 32 40 43,2 4 6 11 17 28,0
S008,family_balanced_hybrid,666,366,665,300,rolling300,1 8 13 20 22 24,2 4 6 11 17 28,0
S001,multi_window_frequency,667,367,666,300,rolling300,5 8 11 38 40 44,15 17 25 37 42 43,0
S002,gap_regime_hazard,667,367,666,300,rolling300,1 10 20 33 36 41,15 17 25 37 42 43,0
S003,momentum_state_transition,667,367,666,300,rolling300,1 2 9 12 15 17,15 17 25 37 42 43,2
S004,conditional_probability,667,367,666,300,rolling300,1 13 16 19 21 22,15 17 25 37 42 43,0
S005,structure_transition,667,367,666,300,rolling300,3 5 24 26 38 41,15 17 25 37 42 43,0
S006,pair_residual_node,667,367,666,300,rolling300,7 8 20 32 40 43,15 17 25 37 42 43,1
S007,triple_residual_node,667,367,666,300,rolling300,7 8 20 32 40 43,15 17 25 37 42 43,1
S008,family_balanced_hybrid,667,367,666,300,rolling300,1 8 13 20 22 24,15 17 25 37 42 43,0
S001,multi_window_frequency,668,368,667,300,rolling300,5 8 11 38 40 44,12 14 15 24 27 32,0
S002,gap_regime_hazard,668,368,667,300,rolling300,1 5 13 16 38 44,12 14 15 24 27 32,0
S003,momentum_state_transition,668,368,667,300,rolling300,1 12 18 20 21 22,12 14 15 24 27 32,1
S004,conditional_probability,668,368,667,300,rolling300,1 13 14 16 21 22,12 14 15 24 27 32,1
S005,structure_transition,668,368,667,300,rolling300,8 12 20 27 29 32,12 14 15 24 27 32,3
S006,pair_residual_node,668,368,667,300,rolling300,7 8 20 32 40 43,12 14 15 24 27 32,1
S007,triple_residual_node,668,368,667,300,rolling300,1 8 20 32 40 43,12 14 15 24 27 32,1
S008,family_balanced_hybrid,668,368,667,300,rolling300,1 8 13 20 21 22,12 14 15 24 27 32,0
S001,multi_window_frequency,669,369,668,300,rolling300,5 15 27 38 40 44,7 8 20 29 33 38,1
S002,gap_regime_hazard,669,369,668,300,rolling300,1 2 4 6 11 28,7 8 20 29 33 38,0
S003,momentum_state_transition,669,369,668,300,rolling300,13 18 20 21 22 23,7 8 20 29 33 38,1
S004,conditional_probability,669,369,668,300,rolling300,1 13 16 21 22 26,7 8 20 29 33 38,0
S005,structure_transition,669,369,668,300,rolling300,6 8 16 30 33 37,7 8 20 29 33 38,2
S006,pair_residual_node,669,369,668,300,rolling300,7 8 20 32 40 43,7 8 20 29 33 38,3
S007,triple_residual_node,669,369,668,300,rolling300,7 8 20 32 40 43,7 8 20 29 33 38,3
S008,family_balanced_hybrid,669,369,668,300,rolling300,1 8 13 16 20 22,7 8 20 29 33 38,2
S001,multi_window_frequency,670,370,669,300,rolling300,8 15 20 27 38 44,11 18 26 27 40 41,1
S002,gap_regime_hazard,670,370,669,300,rolling300,1 17 25 37 42 43,11 18 26 27 40 41,0
S003,momentum_state_transition,670,370,669,300,rolling300,13 18 21 22 23 24,11 18 26 27 40 41,1
S004,conditional_probability,670,370,669,300,rolling300,5 6 11 15 17 38,11 18 26 27 40 41,1
S005,structure_transition,670,370,669,300,rolling300,4 17 20 25 39 44,11 18 26 27 40 41,0
S006,pair_residual_node,670,370,669,300,rolling300,7 8 20 32 40 43,11 18 26 27 40 41,1
S007,triple_residual_node,670,370,669,300,rolling300,7 8 20 32 40 43,11 18 26 27 40 41,1
S008,family_balanced_hybrid,670,370,669,300,rolling300,1 13 15 16 17 20,11 18 26 27 40 41,0
S001,multi_window_frequency,671,371,670,300,rolling300,8 11 20 27 38 40,7 9 10 13 31 35,0
S002,gap_regime_hazard,671,371,670,300,rolling300,1 12 14 15 24 32,7 9 10 13 31 35,0
S003,momentum_state_transition,671,371,670,300,rolling300,4 13 18 21 22 23,7 9 10 13 31 35,1
S004,conditional_probability,671,371,670,300,rolling300,1 11 13 16 21 38,7 9 10 13 31 35,1
S005,structure_transition,671,371,670,300,rolling300,7 15 17 39 40 42,7 9 10 13 31 35,1
S006,pair_residual_node,671,371,670,300,rolling300,1 7 8 20 32 43,7 9 10 13 31 35,1
S007,triple_residual_node,671,371,670,300,rolling300,1 7 8 20 32 43,7 9 10 13 31 35,1
S008,family_balanced_hybrid,671,371,670,300,rolling300,1 7 13 15 20 22,7 9 10 13 31 35,2
S001,multi_window_frequency,672,372,671,300,rolling300,7 8 11 27 38 40,8 21 28 31 36 45,1
S002,gap_regime_hazard,672,372,671,300,rolling300,1 8 20 29 33 38,8 21 28 31 36 45,1
S003,momentum_state_transition,672,372,671,300,rolling300,4 12 13 16 18 21,8 21 28 31 36 45,1
S004,conditional_probability,672,372,671,300,rolling300,1 11 16 21 22 23,8 21 28 31 36 45,1
S005,structure_transition,672,372,671,300,rolling300,2 6 25 35 38 42,8 21 28 31 36 45,0
S006,pair_residual_node,672,372,671,300,rolling300,7 8 13 20 32 43,8 21 28 31 36 45,1
S007,triple_residual_node,672,372,671,300,rolling300,1 7 8 13 20 43,8 21 28 31 36 45,1
S008,family_balanced_hybrid,672,372,671,300,rolling300,1 8 12 16 20 22,8 21 28 31 36 45,1
S001,multi_window_frequency,673,373,672,300,rolling300,7 8 27 31 38 40,7 10 17 29 33 44,1
S002,gap_regime_hazard,673,373,672,300,rolling300,11 18 26 27 40 41,7 10 17 29 33 44,0
S003,momentum_state_transition,673,373,672,300,rolling300,4 12 13 16 18 21,7 10 17 29 33 44,0
S004,conditional_probability,673,373,672,300,rolling300,1 16 22 23 30 34,7 10 17 29 33 44,0
S005,structure_transition,673,373,672,300,rolling300,1 6 11 13 30 38,7 10 17 29 33 44,0
S006,pair_residual_node,673,373,672,300,rolling300,7 8 12 13 20 43,7 10 17 29 33 44,1
S007,triple_residual_node,673,373,672,300,rolling300,1 7 8 13 20 43,7 10 17 29 33 44,1
S008,family_balanced_hybrid,673,373,672,300,rolling300,1 7 12 13 16 23,7 10 17 29 33 44,1
S001,multi_window_frequency,674,374,673,300,rolling300,7 8 27 38 40 44,9 10 14 25 27 31,1
S002,gap_regime_hazard,674,374,673,300,rolling300,1 9 13 16 22 35,9 10 14 25 27 31,1
S003,momentum_state_transition,674,374,673,300,rolling300,4 13 16 18 21 22,9 10 14 25 27 31,0
S004,conditional_probability,674,374,673,300,rolling300,1 3 16 17 19 22,9 10 14 25 27 31,0
S005,structure_transition,674,374,673,300,rolling300,3 13 18 25 29 32,9 10 14 25 27 31,1
S006,pair_residual_node,674,374,673,300,rolling300,7 8 12 13 20 43,9 10 14 25 27 31,0
S007,triple_residual_node,674,374,673,300,rolling300,1 7 8 13 20 43,9 10 14 25 27 31,0
S008,family_balanced_hybrid,674,374,673,300,rolling300,1 7 12 13 16 22,9 10 14 25 27 31,0
S001,multi_window_frequency,675,375,674,300,rolling300,7 8 27 31 38 40,1 8 11 15 18 45,1
S002,gap_regime_hazard,675,375,674,300,rolling300,1 8 21 28 36 45,1 8 11 15 18 45,3
S003,momentum_state_transition,675,375,674,300,rolling300,13 16 18 21 22 23,1 8 11 15 18 45,1
S004,conditional_probability,675,375,674,300,rolling300,1 3 16 19 22 23,1 8 11 15 18 45,1
S005,structure_transition,675,375,674,300,rolling300,16 18 20 27 29 35,1 8 11 15 18 45,1
S006,pair_residual_node,675,375,674,300,rolling300,7 8 12 13 20 43,1 8 11 15 18 45,1
S007,triple_residual_node,675,375,674,300,rolling300,7 8 12 13 20 43,1 8 11 15 18 45,1
S008,family_balanced_hybrid,675,375,674,300,rolling300,1 7 8 13 16 22,1 8 11 15 18 45,2
S001,multi_window_frequency,676,376,675,300,rolling300,7 8 11 27 31 40,1 8 17 34 39 45,1
S002,gap_regime_hazard,676,376,675,300,rolling300,3 7 17 29 33 44,1 8 17 34 39 45,1
S003,momentum_state_transition,676,376,675,300,rolling300,13 16 21 22 23 24,1 8 17 34 39 45,0
S004,conditional_probability,676,376,675,300,rolling300,7 8 10 11 15 17,1 8 17 34 39 45,2
S005,structure_transition,676,376,675,300,rolling300,2 8 25 29 32 37,1 8 17 34 39 45,1
S006,pair_residual_node,676,376,675,300,rolling300,1 7 8 12 20 43,1 8 17 34 39 45,2
S007,triple_residual_node,676,376,675,300,rolling300,1 7 8 12 20 43,1 8 17 34 39 45,2
S008,family_balanced_hybrid,676,376,675,300,rolling300,7 8 13 22 27 31,1 8 17 34 39 45,1
S001,multi_window_frequency,677,377,676,300,rolling300,7 8 27 31 38 40,12 15 24 36 41 44,0
S002,gap_regime_hazard,677,377,676,300,rolling300,9 10 14 25 27 31,12 15 24 36 41 44,0
S003,momentum_state_transition,677,377,676,300,rolling300,3 13 16 21 22 23,12 15 24 36 41 44,0
S004,conditional_probability,677,377,676,300,rolling300,2 3 4 5 6 16,12 15 24 36 41 44,0
S005,structure_transition,677,377,676,300,rolling300,12 20 22 33 37 38,12 15 24 36 41 44,1
S006,pair_residual_node,677,377,676,300,rolling300,1 7 8 12 20 43,12 15 24 36 41 44,1
S007,triple_residual_node,677,377,676,300,rolling300,1 7 8 12 20 43,12 15 24 36 41 44,1
S008,family_balanced_hybrid,677,377,676,300,rolling300,7 8 13 15 27 31,12 15 24 36 41 44,1
S001,multi_window_frequency,678,378,677,300,rolling300,7 8 27 31 40 44,4 5 6 12 25 37,0
S002,gap_regime_hazard,678,378,677,300,rolling300,2 3 4 5 11 18,4 5 6 12 25 37,2
S003,momentum_state_transition,678,378,677,300,rolling300,3 13 14 16 21 22,4 5 6 12 25 37,0
S004,conditional_probability,678,378,677,300,rolling300,2 3 4 5 6 16,4 5 6 12 25 37,3
S005,structure_transition,678,378,677,300,rolling300,7 12 17 26 29 40,4 5 6 12 25 37,1
S006,pair_residual_node,678,378,677,300,rolling300,1 7 8 12 20 43,4 5 6 12 25 37,1
S007,triple_residual_node,678,378,677,300,rolling300,1 7 8 12 20 43,4 5 6 12 25 37,1
S008,family_balanced_hybrid,678,378,677,300,rolling300,5 7 8 13 22 31,4 5 6 12 25 37,1
S001,multi_window_frequency,679,379,678,300,rolling300,7 8 27 31 40 44,3 5 7 14 26 34,1
S002,gap_regime_hazard,679,379,678,300,rolling300,1 8 17 34 39 45,3 5 7 14 26 34,1
S003,momentum_state_transition,679,379,678,300,rolling300,3 13 14 16 19 21,3 5 7 14 26 34,2
S004,conditional_probability,679,379,678,300,rolling300,2 3 16 19 22 23,3 5 7 14 26 34,1
S005,structure_transition,679,379,678,300,rolling300,3 4 26 29 38 43,3 5 7 14 26 34,2
S006,pair_residual_node,679,379,678,300,rolling300,1 7 8 12 20 43,3 5 7 14 26 34,1
S007,triple_residual_node,679,379,678,300,rolling300,1 7 8 12 20 43,3 5 7 14 26 34,1
S008,family_balanced_hybrid,679,379,678,300,rolling300,1 8 13 16 23 43,3 5 7 14 26 34,0
S001,multi_window_frequency,680,380,679,300,rolling300,7 8 27 31 40 44,4 10 19 29 32 42,0
S002,gap_regime_hazard,680,380,679,300,rolling300,2 15 24 36 41 44,4 10 19 29 32 42,0
S003,momentum_state_transition,680,380,679,300,rolling300,13 16 18 19 21 24,4 10 19 29 32 42,1
S004,conditional_probability,680,380,679,300,rolling300,2 16 19 20 22 23,4 10 19 29 32 42,1
S005,structure_transition,680,380,679,300,rolling300,6 9 28 29 34 43,4 10 19 29 32 42,1
S006,pair_residual_node,680,380,679,300,rolling300,1 7 8 12 20 43,4 10 19 29 32 42,0
S007,triple_residual_node,680,380,679,300,rolling300,1 7 8 12 20 43,4 10 19 29 32 42,0
S008,family_balanced_hybrid,680,380,679,300,rolling300,8 13 15 16 32 43,4 10 19 29 32 42,1
S001,multi_window_frequency,681,381,680,300,rolling300,7 8 10 27 31 44,21 24 27 29 43 44,2
S002,gap_regime_hazard,681,381,680,300,rolling300,2 6 12 16 25 37,21 24 27 29 43 44,0
S003,momentum_state_transition,681,381,680,300,rolling300,1 2 22 30 32 34,21 24 27 29 43 44,0
S004,conditional_probability,681,381,680,300,rolling300,2 16 20 22 23 30,21 24 27 29 43 44,0
S005,structure_transition,681,381,680,300,rolling300,7 12 17 26 29 40,21 24 27 29 43 44,1
S006,pair_residual_node,681,381,680,300,rolling300,7 8 12 13 20 43,21 24 27 29 43 44,1
S007,triple_residual_node,681,381,680,300,rolling300,1 7 8 12 20 43,21 24 27 29 43 44,1
S008,family_balanced_hybrid,681,381,680,300,rolling300,7 8 12 20 22 43,21 24 27 29 43 44,1
S001,multi_window_frequency,682,382,681,300,rolling300,7 8 27 31 40 44,17 23 27 35 38 43,1
S002,gap_regime_hazard,682,382,681,300,rolling300,3 5 7 14 26 34,17 23 27 35 38 43,0
S003,momentum_state_transition,682,382,681,300,rolling300,3 13 16 19 21 23,17 23 27 35 38 43,1
S004,conditional_probability,682,382,681,300,rolling300,2 13 16 20 22 23,17 23 27 35 38 43,1
S005,structure_transition,682,382,681,300,rolling300,10 13 15 19 30 42,17 23 27 35 38 43,0
S006,pair_residual_node,682,382,681,300,rolling300,1 7 8 20 32 43,17 23 27 35 38 43,1
S007,triple_residual_node,682,382,681,300,rolling300,1 7 8 20 32 43,17 23 27 35 38 43,1
S008,family_balanced_hybrid,682,382,681,300,rolling300,7 8 13 16 20 40,17 23 27 35 38 43,0
S001,multi_window_frequency,683,383,682,300,rolling300,7 8 17 27 38 44,6 13 20 27 28 40,1
S002,gap_regime_hazard,683,383,682,300,rolling300,2 4 10 19 32 42,6 13 20 27 28 40,0
S003,momentum_state_transition,683,383,682,300,rolling300,3 9 13 16 19 21,6 13 20 27 28 40,1
S004,conditional_probability,683,383,682,300,rolling300,2 13 16 20 22 28,6 13 20 27 28 40,3
S005,structure_transition,683,383,682,300,rolling300,7 12 19 22 24 38,6 13 20 27 28 40,0
S006,pair_residual_node,683,383,682,300,rolling300,1 7 8 12 20 32,6 13 20 27 28 40,1
S007,triple_residual_node,683,383,682,300,rolling300,1 7 8 12 20 32,6 13 20 27 28 40,1
S008,family_balanced_hybrid,683,383,682,300,rolling300,8 13 16 20 32 40,6 13 20 27 28 40,3
S001,multi_window_frequency,684,384,683,300,rolling300,7 8 27 38 40 44,1 11 15 17 25 39,0
S002,gap_regime_hazard,684,384,683,300,rolling300,2 16 21 24 29 44,1 11 15 17 25 39,0
S003,momentum_state_transition,684,384,683,300,rolling300,3 9 13 16 19 21,1 11 15 17 25 39,0
S004,conditional_probability,684,384,683,300,rolling300,2 16 22 27 30 33,1 11 15 17 25 39,0
S005,structure_transition,684,384,683,300,rolling300,1 14 19 32 34 37,1 11 15 17 25 39,1
S006,pair_residual_node,684,384,683,300,rolling300,1 7 8 12 20 32,1 11 15 17 25 39,1
S007,triple_residual_node,684,384,683,300,rolling300,1 7 8 12 20 32,1 11 15 17 25 39,1
S008,family_balanced_hybrid,684,384,683,300,rolling300,7 8 13 16 21 22,1 11 15 17 25 39,0
S001,multi_window_frequency,685,385,684,300,rolling300,7 8 15 17 27 44,6 7 12 28 38 40,1
S002,gap_regime_hazard,685,385,684,300,rolling300,2 16 23 35 38 43,6 7 12 28 38 40,1
S003,momentum_state_transition,685,385,684,300,rolling300,3 9 16 19 21 26,6 7 12 28 38 40,0
S004,conditional_probability,685,385,684,300,rolling300,2 9 16 22 30 31,6 7 12 28 38 40,0
S005,structure_transition,685,385,684,300,rolling300,4 12 15 27 31 45,6 7 12 28 38 40,1
S006,pair_residual_node,685,385,684,300,rolling300,1 7 8 12 20 43,6 7 12 28 38 40,2
S007,triple_residual_node,685,385,684,300,rolling300,1 7 8 12 20 43,6 7 12 28 38 40,2
S008,family_balanced_hybrid,685,385,684,300,rolling300,7 8 13 16 20 40,6 7 12 28 38 40,2
S001,multi_window_frequency,686,386,685,300,rolling300,6 7 8 27 38 40,7 12 15 24 25 43,1
S002,gap_regime_hazard,686,386,685,300,rolling300,2 9 13 16 20 27,7 12 15 24 25 43,0
S003,momentum_state_transition,686,386,685,300,rolling300,3 5 9 16 19 21,7 12 15 24 25 43,0
S004,conditional_probability,686,386,685,300,rolling300,2 9 16 18 22 30,7 12 15 24 25 43,0
S005,structure_transition,686,386,685,300,rolling300,1 17 20 28 36 41,7 12 15 24 25 43,0
S006,pair_residual_node,686,386,685,300,rolling300,1 7 8 12 20 43,7 12 15 24 25 43,3
S007,triple_residual_node,686,386,685,300,rolling300,1 7 8 12 20 43,7 12 15 24 25 43,3
S008,family_balanced_hybrid,686,386,685,300,rolling300,8 9 13 16 20 31,7 12 15 24 25 43,0
S001,multi_window_frequency,687,387,686,300,rolling300,6 7 12 15 27 38,1 8 10 13 28 42,0
S002,gap_regime_hazard,687,387,686,300,rolling300,1 2 9 11 17 39,1 8 10 13 28 42,1
S003,momentum_state_transition,687,387,686,300,rolling300,3 4 5 16 19 21,1 8 10 13 28 42,0
S004,conditional_probability,687,387,686,300,rolling300,2 8 9 16 18 22,1 8 10 13 28 42,1
S005,structure_transition,687,387,686,300,rolling300,3 14 18 23 25 40,1 8 10 13 28 42,0
S006,pair_residual_node,687,387,686,300,rolling300,1 7 8 20 31 43,1 8 10 13 28 42,2
S007,triple_residual_node,687,387,686,300,rolling300,1 7 8 20 31 43,1 8 10 13 28 42,2
S008,family_balanced_hybrid,687,387,686,300,rolling300,1 8 9 13 16 20,1 8 10 13 28 42,3
S001,multi_window_frequency,688,388,687,300,rolling300,6 7 8 12 27 38,5 15 22 23 34 35,0
S002,gap_regime_hazard,688,388,687,300,rolling300,2 6 9 16 38 40,5 15 22 23 34 35,0
S003,momentum_state_transition,688,388,687,300,rolling300,2 9 18 20 21 22,5 15 22 23 34 35,1
S004,conditional_probability,688,388,687,300,rolling300,2 9 16 18 22 30,5 15 22 23 34 35,1
S005,structure_transition,688,388,687,300,rolling300,1 20 24 27 40 43,5 15 22 23 34 35,0
S006,pair_residual_node,688,388,687,300,rolling300,1 8 20 31 34 43,5 15 22 23 34 35,1
S007,triple_residual_node,688,388,687,300,rolling300,1 8 20 31 34 43,5 15 22 23 34 35,1
S008,family_balanced_hybrid,688,388,687,300,rolling300,8 9 16 18 20 31,5 15 22 23 34 35,0
S001,multi_window_frequency,689,389,688,300,rolling300,7 8 15 27 38 40,7 17 19 30 36 38,2
S002,gap_regime_hazard,689,389,688,300,rolling300,2 7 12 24 25 43,7 17 19 30 36 38,1
S003,momentum_state_transition,689,389,688,300,rolling300,2 9 18 20 21 22,7 17 19 30 36 38,0
S004,conditional_probability,689,389,688,300,rolling300,2 9 16 18 30 31,7 17 19 30 36 38,1
S005,structure_transition,689,389,688,300,rolling300,16 17 20 23 33 41,7 17 19 30 36 38,1
S006,pair_residual_node,689,389,688,300,rolling300,1 8 20 31 34 43,7 17 19 30 36 38,0
S007,triple_residual_node,689,389,688,300,rolling300,1 8 20 31 34 43,7 17 19 30 36 38,0
S008,family_balanced_hybrid,689,389,688,300,rolling300,1 7 8 9 12 20,7 17 19 30 36 38,1
S001,multi_window_frequency,690,390,689,300,rolling300,7 8 15 17 27 38,24 25 33 34 38 39,1
S002,gap_regime_hazard,690,390,689,300,rolling300,1 8 10 13 28 42,24 25 33 34 38 39,0
S003,momentum_state_transition,690,390,689,300,rolling300,2 9 18 21 22 23,24 25 33 34 38 39,0
S004,conditional_probability,690,390,689,300,rolling300,2 3 9 14 16 18,24 25 33 34 38 39,0
S005,structure_transition,690,390,689,300,rolling300,16 19 22 33 43 44,24 25 33 34 38 39,1
S006,pair_residual_node,690,390,689,300,rolling300,1 7 8 20 31 43,24 25 33 34 38 39,0
S007,triple_residual_node,690,390,689,300,rolling300,1 7 8 20 31 43,24 25 33 34 38 39,0
S008,family_balanced_hybrid,690,390,689,300,rolling300,1 8 9 13 20 41,24 25 33 34 38 39,0
S001,multi_window_frequency,691,391,690,300,rolling300,7 8 15 17 27 38,15 27 33 35 43 45,2
S002,gap_regime_hazard,691,391,690,300,rolling300,2 5 15 22 23 35,15 27 33 35 43 45,2
S003,momentum_state_transition,691,391,690,300,rolling300,2 4 9 18 21 22,15 27 33 35 43 45,0
S004,conditional_probability,691,391,690,300,rolling300,2 3 4 9 14 16,15 27 33 35 43 45,0
S005,structure_transition,691,391,690,300,rolling300,1 6 14 15 42 45,15 27 33 35 43 45,2
S006,pair_residual_node,691,391,690,300,rolling300,1 7 8 20 31 43,15 27 33 35 43 45,1
S007,triple_residual_node,691,391,690,300,rolling300,1 7 8 20 31 43,15 27 33 35 43 45,1
S008,family_balanced_hybrid,691,391,690,300,rolling300,7 8 9 14 20 31,15 27 33 35 43 45,0
S001,multi_window_frequency,692,392,691,300,rolling300,7 8 15 17 27 38,3 11 14 15 32 36,1
S002,gap_regime_hazard,692,392,691,300,rolling300,2 7 17 19 30 36,3 11 14 15 32 36,1
S003,momentum_state_transition,692,392,691,300,rolling300,2 4 13 16 18 21,3 11 14 15 32 36,0
S004,conditional_probability,692,392,691,300,rolling300,2 3 4 9 14 16,3 11 14 15 32 36,2
S005,structure_transition,692,392,691,300,rolling300,2 13 17 29 34 39,3 11 14 15 32 36,0
S006,pair_residual_node,692,392,691,300,rolling300,1 7 20 31 34 43,3 11 14 15 32 36,0
S007,triple_residual_node,692,392,691,300,rolling300,1 7 8 20 31 43,3 11 14 15 32 36,0
S008,family_balanced_hybrid,692,392,691,300,rolling300,7 8 14 16 20 31,3 11 14 15 32 36,1
S001,multi_window_frequency,693,393,692,300,rolling300,7 8 15 25 27 38,1 6 11 28 34 42,0
S002,gap_regime_hazard,693,393,692,300,rolling300,2 24 25 34 38 39,1 6 11 28 34 42,1
S003,momentum_state_transition,693,393,692,300,rolling300,2 4 13 16 18 21,1 6 11 28 34 42,0
S004,conditional_probability,693,393,692,300,rolling300,2 4 9 16 18 21,1 6 11 28 34 42,0
S005,structure_transition,693,393,692,300,rolling300,4 14 25 29 34 37,1 6 11 28 34 42,1
S006,pair_residual_node,693,393,692,300,rolling300,1 7 20 31 34 43,1 6 11 28 34 42,2
S007,triple_residual_node,693,393,692,300,rolling300,1 7 20 31 34 43,1 6 11 28 34 42,2
S008,family_balanced_hybrid,693,393,692,300,rolling300,7 8 16 20 31 41,1 6 11 28 34 42,0
S001,multi_window_frequency,694,394,693,300,rolling300,7 11 15 25 27 38,7 15 20 25 33 43,3
S002,gap_regime_hazard,694,394,693,300,rolling300,2 27 33 35 43 45,7 15 20 25 33 43,2
S003,momentum_state_transition,694,394,693,300,rolling300,3 9 19 20 29 31,7 15 20 25 33 43,1
S004,conditional_probability,694,394,693,300,rolling300,2 4 9 16 18 20,7 15 20 25 33 43,1
S005,structure_transition,694,394,693,300,rolling300,3 14 18 23 25 40,7 15 20 25 33 43,1
S006,pair_residual_node,694,394,693,300,rolling300,1 7 15 20 31 34,7 15 20 25 33 43,3
S007,triple_residual_node,694,394,693,300,rolling300,1 7 20 31 34 43,7 15 20 25 33 43,3
S008,family_balanced_hybrid,694,394,693,300,rolling300,7 9 16 20 27 31,7 15 20 25 33 43,2
S001,multi_window_frequency,695,395,694,300,rolling300,7 15 25 27 38 43,4 18 26 33 34 38,1
S002,gap_regime_hazard,695,395,694,300,rolling300,2 3 4 14 32 36,4 18 26 33 34 38,1
S003,momentum_state_transition,695,395,694,300,rolling300,3 9 10 14 19 20,4 18 26 33 34 38,0
S004,conditional_probability,695,395,694,300,rolling300,2 4 9 16 18 21,4 18 26 33 34 38,2
S005,structure_transition,695,395,694,300,rolling300,2 3 20 24 35 40,4 18 26 33 34 38,0
S006,pair_residual_node,695,395,694,300,rolling300,1 7 15 20 31 34,4 18 26 33 34 38,1
S007,triple_residual_node,695,395,694,300,rolling300,1 7 15 20 31 34,4 18 26 33 34 38,1
S008,family_balanced_hybrid,695,395,694,300,rolling300,9 14 16 20 31 34,4 18 26 33 34 38,1
S001,multi_window_frequency,696,396,695,300,rolling300,7 15 27 34 38 43,1 7 16 18 34 38,3
S002,gap_regime_hazard,696,396,695,300,rolling300,1 2 6 11 28 42,1 7 16 18 34 38,1
S003,momentum_state_transition,696,396,695,300,rolling300,3 8 9 10 14 18,1 7 16 18 34 38,1
S004,conditional_probability,696,396,695,300,rolling300,2 9 16 21 29 31,1 7 16 18 34 38,1
S005,structure_transition,696,396,695,300,rolling300,1 5 22 29 32 36,1 7 16 18 34 38,1
S006,pair_residual_node,696,396,695,300,rolling300,1 7 15 20 31 34,1 7 16 18 34 38,3
S007,triple_residual_node,696,396,695,300,rolling300,1 7 15 20 31 34,1 7 16 18 34 38,3
S008,family_balanced_hybrid,696,396,695,300,rolling300,1 7 8 15 20 31,1 7 16 18 34 38,2
S001,multi_window_frequency,697,397,696,300,rolling300,7 15 27 33 34 38,2 5 8 11 33 39,1
S002,gap_regime_hazard,697,397,696,300,rolling300,2 9 15 20 25 43,2 5 8 11 33 39,1
S003,momentum_state_transition,697,397,696,300,rolling300,8 9 10 14 18 19,2 5 8 11 33 39,1
S004,conditional_probability,697,397,696,300,rolling300,2 9 12 15 33 38,2 5 8 11 33 39,2
S005,structure_transition,697,397,696,300,rolling300,9 10 12 23 25 42,2 5 8 11 33 39,0
S006,pair_residual_node,697,397,696,300,rolling300,1 7 15 20 31 34,2 5 8 11 33 39,0
S007,triple_residual_node,697,397,696,300,rolling300,1 7 15 20 31 34,2 5 8 11 33 39,0
S008,family_balanced_hybrid,697,397,696,300,rolling300,1 8 14 15 20 31,2 5 8 11 33 39,1
S001,multi_window_frequency,698,398,697,300,rolling300,7 15 27 33 34 38,3 11 13 21 33 37,1
S002,gap_regime_hazard,698,398,697,300,rolling300,4 9 12 21 26 29,3 11 13 21 33 37,1
S003,momentum_state_transition,698,398,697,300,rolling300,8 9 10 18 19 20,3 11 13 21 33 37,0
S004,conditional_probability,698,398,697,300,rolling300,9 10 12 13 15 38,3 11 13 21 33 37,1
S005,structure_transition,698,398,697,300,rolling300,7 22 26 37 39 44,3 11 13 21 33 37,1
S006,pair_residual_node,698,398,697,300,rolling300,1 7 15 20 31 34,3 11 13 21 33 37,0
S007,triple_residual_node,698,398,697,300,rolling300,1 7 15 20 31 34,3 11 13 21 33 37,0
S008,family_balanced_hybrid,698,398,697,300,rolling300,1 7 8 15 20 31,3 11 13 21 33 37,0
S001,multi_window_frequency,699,399,698,300,rolling300,7 11 15 33 34 38,4 5 8 16 21 29,0
S002,gap_regime_hazard,699,399,698,300,rolling300,1 7 16 18 34 38,4 5 8 16 21 29,1
S003,momentum_state_transition,699,399,698,300,rolling300,4 8 9 10 12 18,4 5 8 16 21 29,2
S004,conditional_probability,699,399,698,300,rolling300,9 10 11 12 34 38,4 5 8 16 21 29,0
S005,structure_transition,699,399,698,300,rolling300,2 14 19 25 29 33,4 5 8 16 21 29,1
S006,pair_residual_node,699,399,698,300,rolling300,1 7 20 31 34 43,4 5 8 16 21 29,0
S007,triple_residual_node,699,399,698,300,rolling300,1 7 20 31 34 43,4 5 8 16 21 29,0
S008,family_balanced_hybrid,699,399,698,300,rolling300,7 8 20 31 34 38,4 5 8 16 21 29,1
S001,multi_window_frequency,700,400,699,300,rolling300,7 11 15 33 34 38,11 23 28 29 30 44,1
S002,gap_regime_hazard,700,400,699,300,rolling300,2 9 10 12 22 39,11 23 28 29 30 44,0
S003,momentum_state_transition,700,400,699,300,rolling300,3 9 10 12 14 20,11 23 28 29 30 44,0
S004,conditional_probability,700,400,699,300,rolling300,9 10 12 17 19 22,11 23 28 29 30 44,0
S005,structure_transition,700,400,699,300,rolling300,6 9 22 26 29 35,11 23 28 29 30 44,1
S006,pair_residual_node,700,400,699,300,rolling300,1 7 8 20 31 34,11 23 28 29 30 44,0
S007,triple_residual_node,700,400,699,300,rolling300,1 7 8 20 31 34,11 23 28 29 30 44,0
S008,family_balanced_hybrid,700,400,699,300,rolling300,10 12 15 20 31 34,11 23 28 29 30 44,0
S001,multi_window_frequency,701,401,700,300,rolling300,7 8 11 15 33 34,3 10 14 16 36 38,0
S002,gap_regime_hazard,701,401,700,300,rolling300,3 9 10 13 33 37,3 10 14 16 36 38,2
S003,momentum_state_transition,701,401,700,300,rolling300,3 4 9 10 12 14,3 10 14 16 36 38,3
S004,conditional_probability,701,401,700,300,rolling300,9 10 12 17 19 22,3 10 14 16 36 38,1
S005,structure_transition,701,401,700,300,rolling300,1 13 14 34 38 41,3 10 14 16 36 38,2
S006,pair_residual_node,701,401,700,300,rolling300,1 7 15 20 31 34,3 10 14 16 36 38,0
S007,triple_residual_node,701,401,700,300,rolling300,1 7 15 20 31 34,3 10 14 16 36 38,0
S008,family_balanced_hybrid,701,401,700,300,rolling300,10 12 13 20 31 34,3 10 14 16 36 38,1
S001,multi_window_frequency,702,402,701,300,rolling300,7 8 11 15 33 38,3 13 16 24 26 29,0
S002,gap_regime_hazard,702,402,701,300,rolling300,4 5 8 9 12 21,3 13 16 24 26 29,0
S003,momentum_state_transition,702,402,701,300,rolling300,4 9 10 12 14 24,3 13 16 24 26 29,1
S004,conditional_probability,702,402,701,300,rolling300,9 12 17 19 22 24,3 13 16 24 26 29,1
S005,structure_transition,702,402,701,300,rolling300,9 10 12 23 25 42,3 13 16 24 26 29,0
S006,pair_residual_node,702,402,701,300,rolling300,1 7 15 20 31 34,3 13 16 24 26 29,0
S007,triple_residual_node,702,402,701,300,rolling300,7 8 15 20 31 34,3 13 16 24 26 29,0
S008,family_balanced_hybrid,702,402,701,300,rolling300,1 8 11 12 31 34,3 13 16 24 26 29,0
S001,multi_window_frequency,703,403,702,300,rolling300,7 8 11 33 34 38,10 28 31 33 41 44,1
S002,gap_regime_hazard,703,403,702,300,rolling300,9 11 23 28 30 44,10 28 31 33 41 44,2
S003,momentum_state_transition,703,403,702,300,rolling300,4 10 12 14 17 27,10 28 31 33 41 44,1
S004,conditional_probability,703,403,702,300,rolling300,9 11 12 16 17 33,10 28 31 33 41 44,1
S005,structure_transition,703,403,702,300,rolling300,1 4 20 25 26 45,10 28 31 33 41 44,0
S006,pair_residual_node,703,403,702,300,rolling300,1 7 8 20 31 34,10 28 31 33 41 44,1
S007,triple_residual_node,703,403,702,300,rolling300,1 7 8 20 31 34,10 28 31 33 41 44,1
S008,family_balanced_hybrid,703,403,702,300,rolling300,11 12 14 17 27 31,10 28 31 33 41 44,1
S001,multi_window_frequency,704,404,703,300,rolling300,7 8 11 15 33 38,1 4 8 23 33 42,2
S002,gap_regime_hazard,704,404,703,300,rolling300,9 12 14 17 36 38,1 4 8 23 33 42,0
S003,momentum_state_transition,704,404,703,300,rolling300,4 6 12 14 17 20,1 4 8 23 33 42,1
S004,conditional_probability,704,404,703,300,rolling300,6 9 12 16 17 19,1 4 8 23 33 42,0
S005,structure_transition,704,404,703,300,rolling300,1 3 16 20 31 32,1 4 8 23 33 42,1
S006,pair_residual_node,704,404,703,300,rolling300,7 8 15 20 31 34,1 4 8 23 33 42,1
S007,triple_residual_node,704,404,703,300,rolling300,1 7 8 20 31 34,1 4 8 23 33 42,2
S008,family_balanced_hybrid,704,404,703,300,rolling300,12 14 16 17 20 27,1 4 8 23 33 42,0
S001,multi_window_frequency,705,405,704,300,rolling300,4 7 8 11 33 38,1 6 17 22 28 45,0
S002,gap_regime_hazard,705,405,704,300,rolling300,3 13 16 24 26 29,1 6 17 22 28 45,0
S003,momentum_state_transition,705,405,704,300,rolling300,6 12 14 17 27 31,1 6 17 22 28 45,2
S004,conditional_probability,705,405,704,300,rolling300,6 9 12 15 16 33,1 6 17 22 28 45,1
S005,structure_transition,705,405,704,300,rolling300,2 12 13 31 35 38,1 6 17 22 28 45,0
S006,pair_residual_node,705,405,704,300,rolling300,7 8 15 20 31 34,1 6 17 22 28 45,0
S007,triple_residual_node,705,405,704,300,rolling300,7 8 15 20 31 34,1 6 17 22 28 45,0
S008,family_balanced_hybrid,705,405,704,300,rolling300,6 12 15 16 27 31,1 6 17 22 28 45,1
S001,multi_window_frequency,706,406,705,300,rolling300,1 7 8 11 33 38,3 4 6 10 28 30,0
S002,gap_regime_hazard,706,406,705,300,rolling300,9 10 12 31 41 44,3 4 6 10 28 30,1
S003,momentum_state_transition,706,406,705,300,rolling300,6 12 14 17 27 31,3 4 6 10 28 30,1
S004,conditional_probability,706,406,705,300,rolling300,9 12 15 16 19 33,3 4 6 10 28 30,0
S005,structure_transition,706,406,705,300,rolling300,3 4 18 31 35 38,3 4 6 10 28 30,2
S006,pair_residual_node,706,406,705,300,rolling300,7 8 15 20 31 34,3 4 6 10 28 30,0
S007,triple_residual_node,706,406,705,300,rolling300,7 8 15 20 31 34,3 4 6 10 28 30,0
S008,family_balanced_hybrid,706,406,705,300,rolling300,8 12 15 20 27 31,3 4 6 10 28 30,0
S001,multi_window_frequency,707,407,706,300,rolling300,4 8 11 28 33 38,2 12 19 24 39 44,0
S002,gap_regime_hazard,707,407,706,300,rolling300,8 9 12 23 33 42,2 12 19 24 39 44,1
S003,momentum_state_transition,707,407,706,300,rolling300,12 14 17 24 25 27,2 12 19 24 39 44,2
S004,conditional_probability,707,407,706,300,rolling300,3 7 9 12 28 33,2 12 19 24 39 44,1
S005,structure_transition,707,407,706,300,rolling300,1 4 11 32 36 39,2 12 19 24 39 44,1
S006,pair_residual_node,707,407,706,300,rolling300,1 8 15 20 31 34,2 12 19 24 39 44,0
S007,triple_residual_node,707,407,706,300,rolling300,1 8 15 20 31 34,2 12 19 24 39 44,0
S008,family_balanced_hybrid,707,407,706,300,rolling300,8 12 15 20 33 43,2 12 19 24 39 44,1
S001,multi_window_frequency,708,408,707,300,rolling300,4 8 11 28 33 44,2 10 16 19 34 45,0
S002,gap_regime_hazard,708,408,707,300,rolling300,1 7 9 17 22 45,2 10 16 19 34 45,1
S003,momentum_state_transition,708,408,707,300,rolling300,12 13 14 17 25 27,2 10 16 19 34 45,0
S004,conditional_probability,708,408,707,300,rolling300,3 7 9 15 18 28,2 10 16 19 34 45,0
S005,structure_transition,708,408,707,300,rolling300,2 7 15 26 34 37,2 10 16 19 34 45,2
S006,pair_residual_node,708,408,707,300,rolling300,1 8 15 20 31 34,2 10 16 19 34 45,1
S007,triple_residual_node,708,408,707,300,rolling300,1 8 15 20 31 34,2 10 16 19 34 45,1
S008,family_balanced_hybrid,708,408,707,300,rolling300,7 15 20 27 34 43,2 10 16 19 34 45,1
S001,multi_window_frequency,709,409,708,300,rolling300,8 10 28 33 38 44,10 18 30 36 39 44,2
S002,gap_regime_hazard,709,409,708,300,rolling300,3 4 6 7 28 30,10 18 30 36 39 44,1
S003,momentum_state_transition,709,409,708,300,rolling300,5 12 13 17 25 27,10 18 30 36 39 44,0
S004,conditional_probability,709,409,708,300,rolling300,7 9 10 15 16 28,10 18 30 36 39 44,1
S005,structure_transition,709,409,708,300,rolling300,5 10 21 35 36 38,10 18 30 36 39 44,2
S006,pair_residual_node,709,409,708,300,rolling300,1 8 15 16 31 34,10 18 30 36 39 44,0
S007,triple_residual_node,709,409,708,300,rolling300,1 8 15 16 31 34,10 18 30 36 39 44,0
S008,family_balanced_hybrid,709,409,708,300,rolling300,7 15 16 20 27 43,10 18 30 36 39 44,0
S001,multi_window_frequency,710,410,709,300,rolling300,10 11 28 33 38 44,3 4 9 24 25 33,1
S002,gap_regime_hazard,710,410,709,300,rolling300,7 9 12 15 20 24,3 4 9 24 25 33,2
S003,momentum_state_transition,710,410,709,300,rolling300,5 7 12 13 17 25,3 4 9 24 25 33,1
S004,conditional_probability,710,410,709,300,rolling300,5 7 9 10 28 44,3 4 9 24 25 33,1
S005,structure_transition,710,410,709,300,rolling300,6 19 20 25 37 40,3 4 9 24 25 33,1
S006,pair_residual_node,710,410,709,300,rolling300,1 8 15 16 31 34,3 4 9 24 25 33,0
S007,triple_residual_node,710,410,709,300,rolling300,1 8 15 16 31 34,3 4 9 24 25 33,0
S008,family_balanced_hybrid,710,410,709,300,rolling300,7 12 15 16 27 43,3 4 9 24 25 33,0
S001,multi_window_frequency,711,411,710,300,rolling300,4 10 28 33 38 44,11 15 24 35 37 45,0
S002,gap_regime_hazard,711,411,710,300,rolling300,2 5 16 19 34 45,11 15 24 35 37 45,1
S003,momentum_state_transition,711,411,710,300,rolling300,5 7 12 13 17 25,11 15 24 35 37 45,0
S004,conditional_probability,711,411,710,300,rolling300,3 5 7 10 11 15,11 15 24 35 37 45,2
S005,structure_transition,711,411,710,300,rolling300,11 13 22 25 30 42,11 15 24 35 37 45,1
S006,pair_residual_node,711,411,710,300,rolling300,7 8 15 16 31 34,11 15 24 35 37 45,1
S007,triple_residual_node,711,411,710,300,rolling300,7 8 15 16 31 34,11 15 24 35 37 45,1
S008,family_balanced_hybrid,711,411,710,300,rolling300,5 7 10 15 16 43,11 15 24 35 37 45,1
S001,multi_window_frequency,712,412,711,300,rolling300,10 15 24 28 33 44,17 20 30 31 33 45,1
S002,gap_regime_hazard,712,412,711,300,rolling300,10 18 30 36 39 44,17 20 30 31 33 45,1
S003,momentum_state_transition,712,412,711,300,rolling300,5 7 12 17 25 27,17 20 30 31 33 45,1
S004,conditional_probability,712,412,711,300,rolling300,5 7 14 20 21 27,17 20 30 31 33 45,1
S005,structure_transition,712,412,711,300,rolling300,4 17 20 25 39 44,17 20 30 31 33 45,2
S006,pair_residual_node,712,412,711,300,rolling300,7 8 15 16 31 34,17 20 30 31 33 45,1
S007,triple_residual_node,712,412,711,300,rolling300,7 8 15 16 31 34,17 20 30 31 33 45,1
S008,family_balanced_hybrid,712,412,711,300,rolling300,5 7 10 20 27 43,17 20 30 31 33 45,1
S001,multi_window_frequency,713,413,712,300,rolling300,10 11 15 28 33 44,2 5 15 18 19 23,1
S002,gap_regime_hazard,713,413,712,300,rolling300,3 4 5 7 9 25,2 5 15 18 19 23,1
S003,momentum_state_transition,713,413,712,300,rolling300,5 7 12 14 15 17,2 5 15 18 19 23,2
S004,conditional_probability,713,413,712,300,rolling300,5 7 10 13 33 45,2 5 15 18 19 23,1
S005,structure_transition,713,413,712,300,rolling300,6 19 21 24 38 41,2 5 15 18 19 23,1
S006,pair_residual_node,713,413,712,300,rolling300,1 8 15 16 31 34,2 5 15 18 19 23,1
S007,triple_residual_node,713,413,712,300,rolling300,1 8 15 16 31 34,2 5 15 18 19 23,1
S008,family_balanced_hybrid,713,413,712,300,rolling300,5 7 10 14 15 43,2 5 15 18 19 23,2
S001,multi_window_frequency,714,414,713,300,rolling300,4 10 11 15 24 33,1 7 22 33 37 40,1
S002,gap_regime_hazard,714,414,713,300,rolling300,7 11 13 24 35 37,1 7 22 33 37 40,2
S003,momentum_state_transition,714,414,713,300,rolling300,6 7 12 14 17 25,1 7 22 33 37 40,1
S004,conditional_probability,714,414,713,300,rolling300,7 13 14 21 26 45,1 7 22 33 37 40,1
S005,structure_transition,714,414,713,300,rolling300,11 20 21 23 28 36,1 7 22 33 37 40,0
S006,pair_residual_node,714,414,713,300,rolling300,1 10 15 16 31 34,1 7 22 33 37 40,1
S007,triple_residual_node,714,414,713,300,rolling300,1 8 15 16 31 34,1 7 22 33 37 40,1
S008,family_balanced_hybrid,714,414,713,300,rolling300,7 10 13 14 27 33,1 7 22 33 37 40,2
S001,multi_window_frequency,715,415,714,300,rolling300,7 10 11 15 24 33,2 7 27 33 41 44,2
S002,gap_regime_hazard,715,415,714,300,rolling300,13 17 20 30 31 45,2 7 27 33 41 44,0
S003,momentum_state_transition,715,415,714,300,rolling300,6 7 12 15 17 25,2 7 27 33 41 44,1
S004,conditional_probability,715,415,714,300,rolling300,8 13 14 21 26 27,2 7 27 33 41 44,1
S005,structure_transition,715,415,714,300,rolling300,16 17 19 25 30 37,2 7 27 33 41 44,0
S006,pair_residual_node,715,415,714,300,rolling300,1 8 15 16 31 34,2 7 27 33 41 44,0
S007,triple_residual_node,715,415,714,300,rolling300,1 8 15 16 31 34,2 7 27 33 41 44,0
S008,family_balanced_hybrid,715,415,714,300,rolling300,7 10 13 14 15 17,2 7 27 33 41 44,1
S001,multi_window_frequency,716,416,715,300,rolling300,7 10 15 24 33 44,2 6 13 16 29 30,0
S002,gap_regime_hazard,716,416,715,300,rolling300,5 8 15 18 19 23,2 6 13 16 29 30,0
S003,momentum_state_transition,716,416,715,300,rolling300,6 12 15 17 25 27,2 6 13 16 29 30,1
S004,conditional_probability,716,416,715,300,rolling300,8 13 14 21 26 29,2 6 13 16 29 30,2
S005,structure_transition,716,416,715,300,rolling300,1 3 5 32 35 44,2 6 13 16 29 30,0
S006,pair_residual_node,716,416,715,300,rolling300,1 7 15 16 31 34,2 6 13 16 29 30,1
S007,triple_residual_node,716,416,715,300,rolling300,1 8 15 16 31 34,2 6 13 16 29 30,1
S008,family_balanced_hybrid,716,416,715,300,rolling300,8 13 14 15 38 43,2 6 13 16 29 30,1
S001,multi_window_frequency,717,417,716,300,rolling300,2 7 15 24 33 44,2 11 19 25 28 32,1
S002,gap_regime_hazard,717,417,716,300,rolling300,1 8 14 22 37 40,2 11 19 25 28 32,0
S003,momentum_state_transition,717,417,716,300,rolling300,7 12 15 17 25 27,2 11 19 25 28 32,1
S004,conditional_probability,717,417,716,300,rolling300,2 8 14 21 26 28,2 11 19 25 28 32,2
S005,structure_transition,717,417,716,300,rolling300,6 10 19 24 27 37,2 11 19 25 28 32,1
S006,pair_residual_node,717,417,716,300,rolling300,1 14 15 16 31 34,2 11 19 25 28 32,0
S007,triple_residual_node,717,417,716,300,rolling300,1 14 15 16 31 34,2 11 19 25 28 32,0
S008,family_balanced_hybrid,717,417,716,300,rolling300,1 7 8 14 15 38,2 11 19 25 28 32,0
S001,multi_window_frequency,718,418,717,300,rolling300,2 7 11 15 33 44,4 11 20 23 32 39,1
S002,gap_regime_hazard,718,418,717,300,rolling300,7 8 27 33 41 44,4 11 20 23 32 39,0
S003,momentum_state_transition,718,418,717,300,rolling300,5 7 12 15 17 25,4 11 20 23 32 39,0
S004,conditional_probability,718,418,717,300,rolling300,2 8 12 14 21 26,4 11 20 23 32 39,0
S005,structure_transition,718,418,717,300,rolling300,6 13 15 36 37 40,4 11 20 23 32 39,0
S006,pair_residual_node,718,418,717,300,rolling300,1 7 15 16 31 34,4 11 20 23 32 39,0
S007,triple_residual_node,718,418,717,300,rolling300,1 7 15 16 31 34,4 11 20 23 32 39,0
S008,family_balanced_hybrid,718,418,717,300,rolling300,7 8 15 16 33 38,4 11 20 23 32 39,0
S001,multi_window_frequency,719,419,718,300,rolling300,2 7 11 15 33 44,4 8 13 19 20 43,0
S002,gap_regime_hazard,719,419,718,300,rolling300,6 8 13 16 29 30,4 8 13 19 20 43,2
S003,momentum_state_transition,719,419,718,300,rolling300,5 7 13 15 17 25,4 8 13 19 20 43,1
S004,conditional_probability,719,419,718,300,rolling300,8 12 14 21 26 34,4 8 13 19 20 43,1
S005,structure_transition,719,419,718,300,rolling300,3 14 18 23 25 40,4 8 13 19 20 43,0
S006,pair_residual_node,719,419,718,300,rolling300,1 7 15 16 31 34,4 8 13 19 20 43,0
S007,triple_residual_node,719,419,718,300,rolling300,1 7 15 16 31 34,4 8 13 19 20 43,0
S008,family_balanced_hybrid,719,419,718,300,rolling300,7 8 13 15 34 38,4 8 13 19 20 43,2
S001,multi_window_frequency,720,420,719,300,rolling300,2 4 7 11 15 33,1 12 29 34 36 37,0
S002,gap_regime_hazard,720,420,719,300,rolling300,2 12 14 21 25 28,1 12 29 34 36 37,1
S003,momentum_state_transition,720,420,719,300,rolling300,5 7 8 15 17 21,1 12 29 34 36 37,0
S004,conditional_probability,720,420,719,300,rolling300,10 12 14 21 26 34,1 12 29 34 36 37,2
S005,structure_transition,720,420,719,300,rolling300,2 4 14 33 37 41,1 12 29 34 36 37,1
S006,pair_residual_node,720,420,719,300,rolling300,1 7 15 16 31 34,1 12 29 34 36 37,2
S007,triple_residual_node,720,420,719,300,rolling300,1 7 15 16 31 34,1 12 29 34 36 37,2
S008,family_balanced_hybrid,720,420,719,300,rolling300,7 11 14 15 34 38,1 12 29 34 36 37,1
S001,multi_window_frequency,721,421,720,300,rolling300,2 4 7 11 15 33,1 28 35 41 43 44,0
S002,gap_regime_hazard,721,421,720,300,rolling300,10 11 14 23 32 39,1 28 35 41 43 44,0
S003,momentum_state_transition,721,421,720,300,rolling300,5 7 8 15 17 21,1 28 35 41 43 44,0
S004,conditional_probability,721,421,720,300,rolling300,3 9 10 14 21 26,1 28 35 41 43 44,0
S005,structure_transition,721,421,720,300,rolling300,15 17 22 30 37 41,1 28 35 41 43 44,1
S006,pair_residual_node,721,421,720,300,rolling300,1 7 15 16 31 34,1 28 35 41 43 44,1
S007,triple_residual_node,721,421,720,300,rolling300,1 7 15 16 31 34,1 28 35 41 43 44,1
S008,family_balanced_hybrid,721,421,720,300,rolling300,7 8 11 14 15 38,1 28 35 41 43 44,0
S001,multi_window_frequency,722,422,721,300,rolling300,1 4 7 11 33 44,12 14 21 30 39 43,0
S002,gap_regime_hazard,722,422,721,300,rolling300,3 4 8 13 19 20,12 14 21 30 39 43,0
S003,momentum_state_transition,722,422,721,300,rolling300,5 7 8 15 17 25,12 14 21 30 39 43,0
S004,conditional_probability,722,422,721,300,rolling300,3 9 10 14 21 24,12 14 21 30 39 43,2
S005,structure_transition,722,422,721,300,rolling300,2 5 9 21 26 39,12 14 21 30 39 43,2
S006,pair_residual_node,722,422,721,300,rolling300,1 7 15 16 31 34,12 14 21 30 39 43,0
S007,triple_residual_node,722,422,721,300,rolling300,1 7 15 16 31 34,12 14 21 30 39 43,0
S008,family_balanced_hybrid,722,422,721,300,rolling300,7 8 13 15 20 34,12 14 21 30 39 43,0
S001,multi_window_frequency,723,423,722,300,rolling300,1 4 7 11 33 44,20 30 33 35 36 44,2
S002,gap_regime_hazard,723,423,722,300,rolling300,3 9 29 34 36 37,20 30 33 35 36 44,1
S003,momentum_state_transition,723,423,722,300,rolling300,3 5 7 8 13 15,20 30 33 35 36 44,0
S004,conditional_probability,723,423,722,300,rolling300,3 9 10 17 24 26,20 30 33 35 36 44,0
S005,structure_transition,723,423,722,300,rolling300,3 13 18 32 37 44,20 30 33 35 36 44,1
S006,pair_residual_node,723,423,722,300,rolling300,1 15 16 31 34 43,20 30 33 35 36 44,0
S007,triple_residual_node,723,423,722,300,rolling300,1 15 16 31 34 43,20 30 33 35 36 44,0
S008,family_balanced_hybrid,723,423,722,300,rolling300,1 7 13 15 34 38,20 30 33 35 36 44,0
S001,multi_window_frequency,724,424,723,300,rolling300,1 4 11 20 33 44,2 8 33 35 37 41,1
S002,gap_regime_hazard,724,424,723,300,rolling300,1 3 9 10 28 41,2 8 33 35 37 41,1
S003,momentum_state_transition,724,424,723,300,rolling300,3 5 7 8 13 15,2 8 33 35 37 41,1
S004,conditional_probability,724,424,723,300,rolling300,3 5 9 10 15 17,2 8 33 35 37 41,0
S005,structure_transition,724,424,723,300,rolling300,3 6 19 24 31 34,2 8 33 35 37 41,0
S006,pair_residual_node,724,424,723,300,rolling300,1 7 15 16 31 34,2 8 33 35 37 41,0
S007,triple_residual_node,724,424,723,300,rolling300,1 7 15 16 31 34,2 8 33 35 37 41,0
S008,family_balanced_hybrid,724,424,723,300,rolling300,1 7 12 13 15 31,2 8 33 35 37 41,0
S001,multi_window_frequency,725,425,724,300,rolling300,2 4 11 20 33 44,6 7 19 21 41 43,0
S002,gap_regime_hazard,725,425,724,300,rolling300,3 12 14 21 39 43,6 7 19 21 41 43,2
S003,momentum_state_transition,725,425,724,300,rolling300,3 5 7 8 13 15,6 7 19 21 41 43,1
S004,conditional_probability,725,425,724,300,rolling300,3 5 9 10 15 17,6 7 19 21 41 43,0
S005,structure_transition,725,425,724,300,rolling300,5 19 22 37 42 43,6 7 19 21 41 43,2
S006,pair_residual_node,725,425,724,300,rolling300,1 15 16 31 33 34,6 7 19 21 41 43,0
S007,triple_residual_node,725,425,724,300,rolling300,1 15 16 31 33 34,6 7 19 21 41 43,0
S008,family_balanced_hybrid,725,425,724,300,rolling300,1 5 12 13 15 31,6 7 19 21 41 43,0
S001,multi_window_frequency,726,426,725,300,rolling300,2 4 11 33 43 44,1 11 21 23 34 44,2
S002,gap_regime_hazard,726,426,725,300,rolling300,3 5 20 30 36 44,1 11 21 23 34 44,1
S003,momentum_state_transition,726,426,725,300,rolling300,3 5 8 13 15 16,1 11 21 23 34 44,0
S004,conditional_probability,726,426,725,300,rolling300,3 5 9 10 15 17,1 11 21 23 34 44,0
S005,structure_transition,726,426,725,300,rolling300,14 18 29 31 38 42,1 11 21 23 34 44,0
S006,pair_residual_node,726,426,725,300,rolling300,1 15 16 31 33 34,1 11 21 23 34 44,2
S007,triple_residual_node,726,426,725,300,rolling300,1 15 16 31 33 34,1 11 21 23 34 44,2
S008,family_balanced_hybrid,726,426,725,300,rolling300,1 5 8 15 20 31,1 11 21 23 34 44,1
S001,multi_window_frequency,727,427,726,300,rolling300,1 4 11 33 43 44,7 8 10 19 21 31,0
S002,gap_regime_hazard,727,427,726,300,rolling300,2 6 8 33 35 37,7 8 10 19 21 31,1
S003,momentum_state_transition,727,427,726,300,rolling300,3 5 6 8 10 13,7 8 10 19 21 31,2
S004,conditional_probability,727,427,726,300,rolling300,3 5 9 10 15 16,7 8 10 19 21 31,1
S005,structure_transition,727,427,726,300,rolling300,4 17 20 25 39 44,7 8 10 19 21 31,0
S006,pair_residual_node,727,427,726,300,rolling300,1 7 15 16 31 34,7 8 10 19 21 31,2
S007,triple_residual_node,727,427,726,300,rolling300,1 7 15 16 31 34,7 8 10 19 21 31,2
S008,family_balanced_hybrid,727,427,726,300,rolling300,5 8 10 15 16 31,7 8 10 19 21 31,3
S001,multi_window_frequency,728,428,727,300,rolling300,1 8 11 33 43 44,3 6 10 30 34 37,0
S002,gap_regime_hazard,728,428,727,300,rolling300,1 6 11 23 41 43,3 6 10 30 34 37,1
S003,momentum_state_transition,728,428,727,300,rolling300,3 5 6 15 16 24,3 6 10 30 34 37,2
S004,conditional_probability,728,428,727,300,rolling300,3 5 9 15 16 17,3 6 10 30 34 37,1
S005,structure_transition,728,428,727,300,rolling300,6 8 23 25 34 45,3 6 10 30 34 37,2
S006,pair_residual_node,728,428,727,300,rolling300,1 7 16 31 33 34,3 6 10 30 34 37,1
S007,triple_residual_node,728,428,727,300,rolling300,1 7 16 31 33 34,3 6 10 30 34 37,1
S008,family_balanced_hybrid,728,428,727,300,rolling300,1 5 6 11 15 16,3 6 10 30 34 37,1
S001,multi_window_frequency,729,429,728,300,rolling300,1 7 8 33 43 44,11 17 21 26 36 45,0
S002,gap_regime_hazard,729,429,728,300,rolling300,1 7 8 11 23 44,11 17 21 26 36 45,1
S003,momentum_state_transition,729,429,728,300,rolling300,3 15 16 24 28 29,11 17 21 26 36 45,0
S004,conditional_probability,729,429,728,300,rolling300,5 9 15 16 17 18,11 17 21 26 36 45,1
S005,structure_transition,729,429,728,300,rolling300,13 16 22 31 37 42,11 17 21 26 36 45,0
S006,pair_residual_node,729,429,728,300,rolling300,1 7 10 15 31 34,11 17 21 26 36 45,0
S007,triple_residual_node,729,429,728,300,rolling300,1 7 10 15 31 34,11 17 21 26 36 45,0
S008,family_balanced_hybrid,729,429,728,300,rolling300,1 5 7 8 15 16,11 17 21 26 36 45,0
S001,multi_window_frequency,730,430,729,300,rolling300,1 7 11 21 33 44,4 10 14 15 18 22,0
S002,gap_regime_hazard,730,430,729,300,rolling300,3 6 7 8 19 31,4 10 14 15 18 22,0
S003,momentum_state_transition,730,430,729,300,rolling300,3 10 15 16 18 24,4 10 14 15 18 22,3
S004,conditional_probability,730,430,729,300,rolling300,4 5 9 13 15 21,4 10 14 15 18 22,2
S005,structure_transition,730,430,729,300,rolling300,7 15 17 39 40 42,4 10 14 15 18 22,1
S006,pair_residual_node,730,430,729,300,rolling300,1 7 10 15 31 34,4 10 14 15 18 22,2
S007,triple_residual_node,730,430,729,300,rolling300,1 7 10 15 31 34,4 10 14 15 18 22,2
S008,family_balanced_hybrid,730,430,729,300,rolling300,7 8 10 15 16 34,4 10 14 15 18 22,2
S001,multi_window_frequency,731,431,730,300,rolling300,7 10 11 21 33 44,2 7 13 25 42 45,1
S002,gap_regime_hazard,731,431,730,300,rolling300,3 6 11 30 34 37,2 7 13 25 42 45,0
S003,momentum_state_transition,731,431,730,300,rolling300,3 16 18 24 28 29,2 7 13 25 42 45,0
S004,conditional_probability,731,431,730,300,rolling300,5 9 13 16 21 24,2 7 13 25 42 45,1
S005,structure_transition,731,431,730,300,rolling300,5 10 21 35 36 38,2 7 13 25 42 45,0
S006,pair_residual_node,731,431,730,300,rolling300,1 7 10 15 31 34,2 7 13 25 42 45,1
S007,triple_residual_node,731,431,730,300,rolling300,1 7 10 15 31 34,2 7 13 25 42 45,1
S008,family_balanced_hybrid,731,431,730,300,rolling300,1 6 7 11 21 34,2 7 13 25 42 45,1
S001,multi_window_frequency,732,432,731,300,rolling300,7 10 11 21 33 44,2 4 5 17 27 32,0
S002,gap_regime_hazard,732,432,731,300,rolling300,4 11 17 21 26 36,2 4 5 17 27 32,2
S003,momentum_state_transition,732,432,731,300,rolling300,3 15 16 18 24 28,2 4 5 17 27 32,0
S004,conditional_probability,732,432,731,300,rolling300,5 9 16 21 24 27,2 4 5 17 27 32,2
S005,structure_transition,732,432,731,300,rolling300,4 17 21 26 39 44,2 4 5 17 27 32,2
S006,pair_residual_node,732,432,731,300,rolling300,1 7 10 15 31 34,2 4 5 17 27 32,0
S007,triple_residual_node,732,432,731,300,rolling300,1 7 10 15 31 34,2 4 5 17 27 32,0
S008,family_balanced_hybrid,732,432,731,300,rolling300,10 11 14 15 16 21,2 4 5 17 27 32,0
S001,multi_window_frequency,733,433,732,300,rolling300,2 4 7 10 33 44,11 24 32 33 35 40,1
S002,gap_regime_hazard,733,433,732,300,rolling300,7 10 14 15 18 22,11 24 32 33 35 40,0
S003,momentum_state_transition,733,433,732,300,rolling300,3 16 18 24 28 29,11 24 32 33 35 40,1
S004,conditional_probability,733,433,732,300,rolling300,9 12 16 21 24 28,11 24 32 33 35 40,1
S005,structure_transition,733,433,732,300,rolling300,4 8 15 29 33 44,11 24 32 33 35 40,1
S006,pair_residual_node,733,433,732,300,rolling300,1 7 10 15 31 34,11 24 32 33 35 40,0
S007,triple_residual_node,733,433,732,300,rolling300,1 7 10 15 31 34,11 24 32 33 35 40,0
S008,family_balanced_hybrid,733,433,732,300,rolling300,6 7 10 14 15 16,11 24 32 33 35 40,0
S001,multi_window_frequency,734,434,733,300,rolling300,2 4 7 10 11 33,6 16 37 38 41 45,0
S002,gap_regime_hazard,734,434,733,300,rolling300,2 7 13 25 42 45,6 16 37 38 41 45,1
S003,momentum_state_transition,734,434,733,300,rolling300,3 5 15 16 18 23,6 16 37 38 41 45,1
S004,conditional_probability,734,434,733,300,rolling300,9 12 16 20 28 29,6 16 37 38 41 45,1
S005,structure_transition,734,434,733,300,rolling300,3 14 18 23 25 40,6 16 37 38 41 45,0
S006,pair_residual_node,734,434,733,300,rolling300,1 7 10 14 31 34,6 16 37 38 41 45,0
S007,triple_residual_node,734,434,733,300,rolling300,1 7 10 14 31 34,6 16 37 38 41 45,0
S008,family_balanced_hybrid,734,434,733,300,rolling300,6 7 13 15 16 17,6 16 37 38 41 45,2
S001,multi_window_frequency,735,435,734,300,rolling300,4 6 7 10 11 33,5 10 13 27 37 41,1
S002,gap_regime_hazard,735,435,734,300,rolling300,2 4 5 11 17 27,5 10 13 27 37 41,2
S003,momentum_state_transition,735,435,734,300,rolling300,3 5 16 18 23 24,5 10 13 27 37 41,1
S004,conditional_probability,735,435,734,300,rolling300,9 12 20 28 29 39,5 10 13 27 37 41,0
S005,structure_transition,735,435,734,300,rolling300,2 20 22 35 37 39,5 10 13 27 37 41,1
S006,pair_residual_node,735,435,734,300,rolling300,7 10 14 15 31 34,5 10 13 27 37 41,1
S007,triple_residual_node,735,435,734,300,rolling300,7 10 14 15 31 34,5 10 13 27 37 41,1
S008,family_balanced_hybrid,735,435,734,300,rolling300,6 7 10 11 17 20,5 10 13 27 37 41,1
S001,multi_window_frequency,736,436,735,300,rolling300,4 7 10 11 33 37,2 11 17 18 21 27,1
S002,gap_regime_hazard,736,436,735,300,rolling300,11 24 32 33 35 40,2 11 17 18 21 27,1
S003,momentum_state_transition,736,436,735,300,rolling300,3 5 16 18 23 24,2 11 17 18 21 27,1
S004,conditional_probability,736,436,735,300,rolling300,9 12 20 28 29 39,2 11 17 18 21 27,0
S005,structure_transition,736,436,735,300,rolling300,8 12 20 27 29 32,2 11 17 18 21 27,1
S006,pair_residual_node,736,436,735,300,rolling300,1 7 10 14 31 34,2 11 17 18 21 27,0
S007,triple_residual_node,736,436,735,300,rolling300,1 7 10 14 31 34,2 11 17 18 21 27,0
S008,family_balanced_hybrid,736,436,735,300,rolling300,6 7 11 20 32 34,2 11 17 18 21 27,1
S001,multi_window_frequency,737,437,736,300,rolling300,2 7 10 11 27 33,13 15 18 24 27 41,1
S002,gap_regime_hazard,737,437,736,300,rolling300,5 6 10 16 38 45,13 15 18 24 27 41,0
S003,momentum_state_transition,737,437,736,300,rolling300,3 5 16 23 24 28,13 15 18 24 27 41,1
S004,conditional_probability,737,437,736,300,rolling300,1 9 12 20 23 28,13 15 18 24 27 41,0
S005,structure_transition,737,437,736,300,rolling300,4 17 20 25 39 44,13 15 18 24 27 41,0
S006,pair_residual_node,737,437,736,300,rolling300,1 6 7 10 31 34,13 15 18 24 27 41,0
S007,triple_residual_node,737,437,736,300,rolling300,1 6 7 10 31 34,13 15 18 24 27 41,0
S008,family_balanced_hybrid,737,437,736,300,rolling300,5 6 7 10 13 43,13 15 18 24 27 41,1
S001,multi_window_frequency,738,438,737,300,rolling300,2 10 11 27 33 41,23 27 28 38 42 43,1
S002,gap_regime_hazard,738,438,737,300,rolling300,2 5 10 11 17 37,23 27 28 38 42 43,0
S003,momentum_state_transition,738,438,737,300,rolling300,3 16 23 24 28 29,23 27 28 38 42 43,2
S004,conditional_probability,738,438,737,300,rolling300,4 5 6 15 21 24,23 27 28 38 42 43,0
S005,structure_transition,738,438,737,300,rolling300,6 12 15 39 42 43,23 27 28 38 42 43,2
S006,pair_residual_node,738,438,737,300,rolling300,1 6 7 10 31 34,23 27 28 38 42 43,0
S007,triple_residual_node,738,438,737,300,rolling300,1 6 7 10 31 34,23 27 28 38 42 43,0
S008,family_balanced_hybrid,738,438,737,300,rolling300,1 6 7 10 17 21,23 27 28 38 42 43,0
S001,multi_window_frequency,739,439,738,300,rolling300,2 11 13 27 33 41,7 22 29 33 34 35,1
S002,gap_regime_hazard,739,439,738,300,rolling300,2 11 13 15 17 21,7 22 29 33 34 35,0
S003,momentum_state_transition,739,439,738,300,rolling300,3 16 23 24 28 29,7 22 29 33 34 35,1
S004,conditional_probability,739,439,738,300,rolling300,4 5 10 15 21 27,7 22 29 33 34 35,0
S005,structure_transition,739,439,738,300,rolling300,6 23 24 29 41 44,7 22 29 33 34 35,1
S006,pair_residual_node,739,439,738,300,rolling300,1 6 7 10 31 34,7 22 29 33 34 35,2
S007,triple_residual_node,739,439,738,300,rolling300,1 6 7 10 31 34,7 22 29 33 34 35,2
S008,family_balanced_hybrid,739,439,738,300,rolling300,7 10 13 15 17 21,7 22 29 33 34 35,1
S001,multi_window_frequency,740,440,739,300,rolling300,2 7 11 27 33 41,4 8 9 16 17 19,0
S002,gap_regime_hazard,740,440,739,300,rolling300,13 15 18 23 24 41,4 8 9 16 17 19,0
S003,momentum_state_transition,740,440,739,300,rolling300,3 4 16 19 20 23,4 8 9 16 17 19,3
S004,conditional_probability,740,440,739,300,rolling300,4 5 7 10 11 27,4 8 9 16 17 19,1
S005,structure_transition,740,440,739,300,rolling300,7 15 16 38 42 45,4 8 9 16 17 19,1
S006,pair_residual_node,740,440,739,300,rolling300,1 6 7 10 31 34,4 8 9 16 17 19,0
S007,triple_residual_node,740,440,739,300,rolling300,1 6 7 10 31 34,4 8 9 16 17 19,0
S008,family_balanced_hybrid,740,440,739,300,rolling300,7 10 13 15 17 27,4 8 9 16 17 19,1
S001,multi_window_frequency,741,441,740,300,rolling300,2 7 11 27 33 41,5 21 27 34 44 45,1
S002,gap_regime_hazard,741,441,740,300,rolling300,23 27 28 38 42 43,5 21 27 34 44 45,1
S003,momentum_state_transition,741,441,740,300,rolling300,1 3 16 20 23 24,5 21 27 34 44 45,0
S004,conditional_probability,741,441,740,300,rolling300,4 5 7 11 16 27,5 21 27 34 44 45,2
S005,structure_transition,741,441,740,300,rolling300,1 4 20 25 26 45,5 21 27 34 44 45,1
S006,pair_residual_node,741,441,740,300,rolling300,1 6 7 16 31 34,5 21 27 34 44 45,1
S007,triple_residual_node,741,441,740,300,rolling300,1 6 7 16 31 34,5 21 27 34 44 45,1
S008,family_balanced_hybrid,741,441,740,300,rolling300,1 7 16 27 33 38,5 21 27 34 44 45,1
S001,multi_window_frequency,742,442,741,300,rolling300,4 7 11 27 33 41,8 10 13 36 37 40,0
S002,gap_regime_hazard,742,442,741,300,rolling300,4 7 22 29 33 35,8 10 13 36 37 40,0
S003,momentum_state_transition,742,442,741,300,rolling300,1 3 16 20 23 24,8 10 13 36 37 40,0
S004,conditional_probability,742,442,741,300,rolling300,2 4 11 13 16 18,8 10 13 36 37 40,1
S005,structure_transition,742,442,741,300,rolling300,1 7 9 11 40 44,8 10 13 36 37 40,1
S006,pair_residual_node,742,442,741,300,rolling300,1 6 7 16 31 34,8 10 13 36 37 40,0
S007,triple_residual_node,742,442,741,300,rolling300,1 6 7 16 31 34,8 10 13 36 37 40,0
S008,family_balanced_hybrid,742,442,741,300,rolling300,1 7 13 16 17 33,8 10 13 36 37 40,1
S001,multi_window_frequency,743,443,742,300,rolling300,8 11 13 27 33 41,15 19 21 34 41 44,1
S002,gap_regime_hazard,743,443,742,300,rolling300,4 5 9 16 17 19,15 19 21 34 41 44,1
S003,momentum_state_transition,743,443,742,300,rolling300,1 12 20 23 24 28,15 19 21 34 41 44,0
S004,conditional_probability,743,443,742,300,rolling300,5 8 10 11 16 27,15 19 21 34 41 44,0
S005,structure_transition,743,443,742,300,rolling300,5 9 20 26 29 37,15 19 21 34 41 44,0
S006,pair_residual_node,743,443,742,300,rolling300,1 6 7 16 31 34,15 19 21 34 41 44,1
S007,triple_residual_node,743,443,742,300,rolling300,1 6 7 16 31 34,15 19 21 34 41 44,1
S008,family_balanced_hybrid,743,443,742,300,rolling300,1 7 16 17 27 34,15 19 21 34 41 44,1
S001,multi_window_frequency,744,444,743,300,rolling300,13 27 33 34 41 44,10 15 18 21 34 41,2
S002,gap_regime_hazard,744,444,743,300,rolling300,5 8 10 13 27 45,10 15 18 21 34 41,1
S003,momentum_state_transition,744,444,743,300,rolling300,1 12 20 23 24 28,10 15 18 21 34 41,0
S004,conditional_probability,744,444,743,300,rolling300,5 8 10 15 16 27,10 15 18 21 34 41,2
S005,structure_transition,744,444,743,300,rolling300,16 17 19 25 30 37,10 15 18 21 34 41,0
S006,pair_residual_node,744,444,743,300,rolling300,1 6 7 16 31 34,10 15 18 21 34 41,1
S007,triple_residual_node,744,444,743,300,rolling300,1 6 7 16 31 34,10 15 18 21 34 41,1
S008,family_balanced_hybrid,744,444,743,300,rolling300,1 7 8 10 13 27,10 15 18 21 34 41,1
S001,multi_window_frequency,745,445,744,300,rolling300,10 21 27 34 41 44,1 2 3 9 12 23,0
S002,gap_regime_hazard,745,445,744,300,rolling300,8 13 19 36 37 40,1 2 3 9 12 23,0
S003,momentum_state_transition,745,445,744,300,rolling300,5 7 8 13 15 17,1 2 3 9 12 23,0
S004,conditional_probability,745,445,744,300,rolling300,5 8 21 27 34 41,1 2 3 9 12 23,0
S005,structure_transition,745,445,744,300,rolling300,2 20 22 35 37 39,1 2 3 9 12 23,1
S006,pair_residual_node,745,445,744,300,rolling300,1 6 7 10 31 34,1 2 3 9 12 23,1
S007,triple_residual_node,745,445,744,300,rolling300,1 6 7 10 31 34,1 2 3 9 12 23,1
S008,family_balanced_hybrid,745,445,744,300,rolling300,1 7 8 13 17 34,1 2 3 9 12 23,1
S001,multi_window_frequency,746,446,745,300,rolling300,15 21 27 34 41 44,3 12 33 36 42 45,0
S002,gap_regime_hazard,746,446,745,300,rolling300,10 15 18 19 21 44,3 12 33 36 42 45,0
S003,momentum_state_transition,746,446,745,300,rolling300,5 8 13 15 17 18,3 12 33 36 42 45,0
S004,conditional_probability,746,446,745,300,rolling300,2 8 9 10 13 17,3 12 33 36 42 45,0
S005,structure_transition,746,446,745,300,rolling300,1 4 20 25 26 45,3 12 33 36 42 45,1
S006,pair_residual_node,746,446,745,300,rolling300,1 6 7 17 31 34,3 12 33 36 42 45,0
S007,triple_residual_node,746,446,745,300,rolling300,1 6 7 17 31 34,3 12 33 36 42 45,0
S008,family_balanced_hybrid,746,446,745,300,rolling300,6 8 13 15 17 34,3 12 33 36 42 45,0
S001,multi_window_frequency,747,447,746,300,rolling300,21 27 33 34 41 44,7 9 12 14 23 28,0
S002,gap_regime_hazard,747,447,746,300,rolling300,10 15 18 21 34 41,7 9 12 14 23 28,0
S003,momentum_state_transition,747,447,746,300,rolling300,3 5 8 10 13 15,7 9 12 14 23 28,0
S004,conditional_probability,747,447,746,300,rolling300,3 8 9 10 12 13,7 9 12 14 23 28,2
S005,structure_transition,747,447,746,300,rolling300,4 8 15 29 33 44,7 9 12 14 23 28,0
S006,pair_residual_node,747,447,746,300,rolling300,1 6 7 31 34 43,7 9 12 14 23 28,1
S007,triple_residual_node,747,447,746,300,rolling300,1 6 7 31 34 43,7 9 12 14 23 28,1
S008,family_balanced_hybrid,747,447,746,300,rolling300,1 8 10 13 15 34,7 9 12 14 23 28,0
S001,multi_window_frequency,748,448,747,300,rolling300,7 21 27 33 34 41,3 10 13 22 31 32,0
S002,gap_regime_hazard,748,448,747,300,rolling300,1 2 3 33 36 42,3 10 13 22 31 32,1
S003,momentum_state_transition,748,448,747,300,rolling300,1 8 19 20 30 35,3 10 13 22 31 32,0
S004,conditional_probability,748,448,747,300,rolling300,3 7 8 10 15 19,3 10 13 22 31 32,2
S005,structure_transition,748,448,747,300,rolling300,9 17 20 24 29 36,3 10 13 22 31 32,0
S006,pair_residual_node,748,448,747,300,rolling300,1 6 7 12 31 34,3 10 13 22 31 32,1
S007,triple_residual_node,748,448,747,300,rolling300,1 6 7 12 31 34,3 10 13 22 31 32,1
S008,family_balanced_hybrid,748,448,747,300,rolling300,1 6 7 8 15 33,3 10 13 22 31 32,0
S001,multi_window_frequency,749,449,748,300,rolling300,7 10 27 33 34 41,12 14 24 26 34 45,1
S002,gap_regime_hazard,749,449,748,300,rolling300,7 9 33 36 42 45,12 14 24 26 34 45,1
S003,momentum_state_transition,749,449,748,300,rolling300,1 6 8 19 20 30,12 14 24 26 34 45,0
S004,conditional_probability,749,449,748,300,rolling300,7 8 13 15 19 22,12 14 24 26 34 45,0
S005,structure_transition,749,449,748,300,rolling300,10 15 18 25 39 42,12 14 24 26 34 45,0
S006,pair_residual_node,749,449,748,300,rolling300,1 6 7 10 12 31,12 14 24 26 34 45,1
S007,triple_residual_node,749,449,748,300,rolling300,1 6 7 10 12 31,12 14 24 26 34 45,1
S008,family_balanced_hybrid,749,449,748,300,rolling300,1 6 7 8 12 15,12 14 24 26 34 45,1
S001,multi_window_frequency,750,450,749,300,rolling300,10 12 27 34 41 44,1 2 15 19 24 36,0
S002,gap_regime_hazard,750,450,749,300,rolling300,3 7 9 10 23 28,1 2 15 19 24 36,0
S003,momentum_state_transition,750,450,749,300,rolling300,3 5 9 10 12 13,1 2 15 19 24 36,0
S004,conditional_probability,750,450,749,300,rolling300,8 13 14 15 19 23,1 2 15 19 24 36,2
S005,structure_transition,750,450,749,300,rolling300,4 15 17 32 34 41,1 2 15 19 24 36,1
S006,pair_residual_node,750,450,749,300,rolling300,6 7 10 12 31 34,1 2 15 19 24 36,0
S007,triple_residual_node,750,450,749,300,rolling300,6 7 10 12 31 34,1 2 15 19 24 36,0
S008,family_balanced_hybrid,750,450,749,300,rolling300,6 7 10 12 13 15,1 2 15 19 24 36,1
S001,multi_window_frequency,751,451,750,300,rolling300,10 12 15 27 34 44,3 4 16 20 28 44,1
S002,gap_regime_hazard,751,451,750,300,rolling300,3 10 13 22 31 32,3 4 16 20 28 44,1
S003,momentum_state_transition,751,451,750,300,rolling300,3 5 9 12 13 17,3 4 16 20 28 44,1
S004,conditional_probability,751,451,750,300,rolling300,1 2 9 13 14 19,3 4 16 20 28 44,0
S005,structure_transition,751,451,750,300,rolling300,4 8 15 29 33 44,3 4 16 20 28 44,2
S006,pair_residual_node,751,451,750,300,rolling300,1 6 7 10 31 34,3 4 16 20 28 44,0
S007,triple_residual_node,751,451,750,300,rolling300,1 6 7 10 31 34,3 4 16 20 28 44,0
S008,family_balanced_hybrid,751,451,750,300,rolling300,1 6 12 13 14 34,3 4 16 20 28 44,0
S001,multi_window_frequency,752,452,751,300,rolling300,10 12 15 33 34 44,4 16 20 33 40 43,1
S002,gap_regime_hazard,752,452,751,300,rolling300,1 12 14 26 34 45,4 16 20 33 40 43,0
S003,momentum_state_transition,752,452,751,300,rolling300,1 6 7 8 11 20,4 16 20 33 40 43,1
S004,conditional_probability,752,452,751,300,rolling300,1 2 9 13 14 19,4 16 20 33 40 43,0
S005,structure_transition,752,452,751,300,rolling300,6 9 28 29 34 43,4 16 20 33 40 43,1
S006,pair_residual_node,752,452,751,300,rolling300,1 7 12 16 34 43,4 16 20 33 40 43,2
S007,triple_residual_node,752,452,751,300,rolling300,1 7 12 16 34 43,4 16 20 33 40 43,2
S008,family_balanced_hybrid,752,452,751,300,rolling300,1 6 7 12 14 15,4 16 20 33 40 43,0
S001,multi_window_frequency,753,453,752,300,rolling300,4 10 15 33 34 44,2 17 19 24 37 41,0
S002,gap_regime_hazard,753,453,752,300,rolling300,1 2 15 19 24 36,2 17 19 24 37 41,3
S003,momentum_state_transition,753,453,752,300,rolling300,1 6 7 8 11 20,2 17 19 24 37 41,0
S004,conditional_probability,753,453,752,300,rolling300,1 2 4 9 10 14,2 17 19 24 37 41,1
S005,structure_transition,753,453,752,300,rolling300,1 2 18 23 37 41,2 17 19 24 37 41,3
S006,pair_residual_node,753,453,752,300,rolling300,1 7 12 15 31 34,2 17 19 24 37 41,0
S007,triple_residual_node,753,453,752,300,rolling300,1 6 7 15 31 34,2 17 19 24 37 41,0
S008,family_balanced_hybrid,753,453,752,300,rolling300,1 6 7 10 12 15,2 17 19 24 37 41,0
S001,multi_window_frequency,754,454,753,300,rolling300,2 4 10 33 34 41,2 8 17 24 29 31,1
S002,gap_regime_hazard,754,454,753,300,rolling300,3 4 16 20 28 44,2 8 17 24 29 31,0
S003,momentum_state_transition,754,454,753,300,rolling300,1 6 7 8 11 20,2 8 17 24 29 31,1
S004,conditional_probability,754,454,753,300,rolling300,1 4 9 10 14 15,2 8 17 24 29 31,0
S005,structure_transition,754,454,753,300,rolling300,11 14 22 27 41 43,2 8 17 24 29 31,0
S006,pair_residual_node,754,454,753,300,rolling300,1 6 7 12 14 34,2 8 17 24 29 31,0
S007,triple_residual_node,754,454,753,300,rolling300,1 6 7 12 14 34,2 8 17 24 29 31,0
S008,family_balanced_hybrid,754,454,753,300,rolling300,1 6 7 12 15 16,2 8 17 24 29 31,0
S001,multi_window_frequency,755,455,754,300,rolling300,2 4 10 24 33 34,13 14 26 28 30 36,0
S002,gap_regime_hazard,755,455,754,300,rolling300,4 16 20 33 40 43,13 14 26 28 30 36,0
S003,momentum_state_transition,755,455,754,300,rolling300,1 6 7 11 20 30,13 14 26 28 30 36,1
S004,conditional_probability,755,455,754,300,rolling300,1 4 9 14 16 17,13 14 26 28 30 36,1
S005,structure_transition,755,455,754,300,rolling300,11 16 18 26 27 39,13 14 26 28 30 36,1
S006,pair_residual_node,755,455,754,300,rolling300,1 6 7 14 15 34,13 14 26 28 30 36,1
S007,triple_residual_node,755,455,754,300,rolling300,1 6 7 14 15 34,13 14 26 28 30 36,1
S008,family_balanced_hybrid,755,455,754,300,rolling300,1 4 6 7 12 16,13 14 26 28 30 36,0
S001,multi_window_frequency,756,456,755,300,rolling300,2 4 10 24 33 34,10 14 16 18 27 28,1
S002,gap_regime_hazard,756,456,755,300,rolling300,2 8 17 19 37 41,10 14 16 18 27 28,0
S003,momentum_state_transition,756,456,755,300,rolling300,1 6 7 11 20 30,10 14 16 18 27 28,0
S004,conditional_probability,756,456,755,300,rolling300,4 13 16 17 19 20,10 14 16 18 27 28,1
S005,structure_transition,756,456,755,300,rolling300,2 18 21 23 30 41,10 14 16 18 27 28,1
S006,pair_residual_node,756,456,755,300,rolling300,1 6 7 13 14 34,10 14 16 18 27 28,1
S007,triple_residual_node,756,456,755,300,rolling300,1 6 7 13 14 34,10 14 16 18 27 28,1
S008,family_balanced_hybrid,756,456,755,300,rolling300,1 6 7 11 15 17,10 14 16 18 27 28,0
S001,multi_window_frequency,757,457,756,300,rolling300,2 10 24 27 28 33,6 7 11 17 33 44,1
S002,gap_regime_hazard,757,457,756,300,rolling300,2 8 17 24 29 31,6 7 11 17 33 44,1
S003,momentum_state_transition,757,457,756,300,rolling300,3 9 12 14 15 16,6 7 11 17 33 44,0
S004,conditional_probability,757,457,756,300,rolling300,3 4 10 12 13 17,6 7 11 17 33 44,1
S005,structure_transition,757,457,756,300,rolling300,1 13 18 30 32 43,6 7 11 17 33 44,0
S006,pair_residual_node,757,457,756,300,rolling300,1 7 13 14 15 34,6 7 11 17 33 44,1
S007,triple_residual_node,757,457,756,300,rolling300,1 7 13 14 15 34,6 7 11 17 33 44,1
S008,family_balanced_hybrid,757,457,756,300,rolling300,3 7 12 13 14 17,6 7 11 17 33 44,2
S001,multi_window_frequency,758,458,757,300,rolling300,2 10 17 24 27 33,5 9 12 30 39 43,0
S002,gap_regime_hazard,758,458,757,300,rolling300,10 13 14 26 30 36,5 9 12 30 39 43,1
S003,momentum_state_transition,758,458,757,300,rolling300,1 6 11 18 20 30,5 9 12 30 39 43,1
S004,conditional_probability,758,458,757,300,rolling300,3 4 10 13 19 20,5 9 12 30 39 43,0
S005,structure_transition,758,458,757,300,rolling300,6 10 19 24 27 37,5 9 12 30 39 43,0
S006,pair_residual_node,758,458,757,300,rolling300,1 7 10 13 14 34,5 9 12 30 39 43,0
S007,triple_residual_node,758,458,757,300,rolling300,1 7 10 13 14 34,5 9 12 30 39 43,0
S008,family_balanced_hybrid,758,458,757,300,rolling300,1 10 13 14 16 36,5 9 12 30 39 43,0
S001,multi_window_frequency,759,459,758,300,rolling300,2 17 24 27 33 44,9 33 36 40 42 43,1
S002,gap_regime_hazard,759,459,758,300,rolling300,10 14 16 18 27 28,9 33 36 40 42 43,0
S003,momentum_state_transition,759,459,758,300,rolling300,3 9 12 14 15 16,9 33 36 40 42 43,1
S004,conditional_probability,759,459,758,300,rolling300,21 22 23 25 32 35,9 33 36 40 42 43,0
S005,structure_transition,759,459,758,300,rolling300,4 17 20 25 39 44,9 33 36 40 42 43,0
S006,pair_residual_node,759,459,758,300,rolling300,1 7 12 13 14 43,9 33 36 40 42 43,1
S007,triple_residual_node,759,459,758,300,rolling300,1 7 12 13 14 43,9 33 36 40 42 43,1
S008,family_balanced_hybrid,759,459,758,300,rolling300,7 12 14 16 27 33,9 33 36 40 42 43,1
S001,multi_window_frequency,760,460,759,300,rolling300,2 17 24 27 33 44,10 22 27 31 42 43,1
S002,gap_regime_hazard,760,460,759,300,rolling300,5 6 7 11 17 44,10 22 27 31 42 43,0
S003,momentum_state_transition,760,460,759,300,rolling300,1 6 7 11 18 27,10 22 27 31 42 43,1
S004,conditional_probability,760,460,759,300,rolling300,4 9 14 19 20 30,10 22 27 31 42 43,0
S005,structure_transition,760,460,759,300,rolling300,11 16 20 31 35 42,10 22 27 31 42 43,2
S006,pair_residual_node,760,460,759,300,rolling300,1 7 13 14 34 43,10 22 27 31 42 43,1
S007,triple_residual_node,760,460,759,300,rolling300,1 7 13 14 34 43,10 22 27 31 42 43,1
S008,family_balanced_hybrid,760,460,759,300,rolling300,1 6 7 11 12 14,10 22 27 31 42 43,0
S001,multi_window_frequency,761,461,760,300,rolling300,2 10 17 27 33 43,4 7 11 24 42 45,0
S002,gap_regime_hazard,761,461,760,300,rolling300,5 9 12 30 33 39,4 7 11 24 42 45,0
S003,momentum_state_transition,761,461,760,300,rolling300,4 6 7 8 11 18,4 7 11 24 42 45,3
S004,conditional_probability,761,461,760,300,rolling300,2 4 9 10 14 20,4 7 11 24 42 45,1
S005,structure_transition,761,461,760,300,rolling300,1 7 20 31 36 38,4 7 11 24 42 45,1
S006,pair_residual_node,761,461,760,300,rolling300,1 7 12 13 14 43,4 7 11 24 42 45,1
S007,triple_residual_node,761,461,760,300,rolling300,1 7 12 13 14 43,4 7 11 24 42 45,1
S008,family_balanced_hybrid,761,461,760,300,rolling300,7 10 12 14 33 36,4 7 11 24 42 45,1
S001,multi_window_frequency,762,462,761,300,rolling300,10 17 24 27 33 43,1 3 12 21 26 41,0
S002,gap_regime_hazard,762,462,761,300,rolling300,9 10 22 33 36 40,1 3 12 21 26 41,0
S003,momentum_state_transition,762,462,761,300,rolling300,5 6 8 11 18 21,1 3 12 21 26 41,1
S004,conditional_probability,762,462,761,300,rolling300,2 4 7 9 10 11,1 3 12 21 26 41,0
S005,structure_transition,762,462,761,300,rolling300,4 17 21 26 39 44,1 3 12 21 26 41,2
S006,pair_residual_node,762,462,761,300,rolling300,1 7 13 14 34 43,1 3 12 21 26 41,1
S007,triple_residual_node,762,462,761,300,rolling300,1 7 13 14 34 43,1 3 12 21 26 41,1
S008,family_balanced_hybrid,762,462,761,300,rolling300,7 10 14 15 27 36,1 3 12 21 26 41,0
S001,multi_window_frequency,763,463,762,300,rolling300,10 17 24 27 33 43,3 8 16 32 34 43,1
S002,gap_regime_hazard,763,463,762,300,rolling300,4 10 22 27 31 43,3 8 16 32 34 43,1
S003,momentum_state_transition,763,463,762,300,rolling300,5 6 8 11 13 18,3 8 16 32 34 43,1
S004,conditional_probability,763,463,762,300,rolling300,2 7 9 10 11 12,3 8 16 32 34 43,0
S005,structure_transition,763,463,762,300,rolling300,3 4 18 31 35 38,3 8 16 32 34 43,1
S006,pair_residual_node,763,463,762,300,rolling300,1 7 12 13 14 43,3 8 16 32 34 43,1
S007,triple_residual_node,763,463,762,300,rolling300,1 7 12 13 14 43,3 8 16 32 34 43,1
S008,family_balanced_hybrid,763,463,762,300,rolling300,7 10 11 12 15 27,3 8 16 32 34 43,0
S001,multi_window_frequency,764,464,763,300,rolling300,7 10 27 33 34 43,7 22 24 31 34 36,2
S002,gap_regime_hazard,764,464,763,300,rolling300,4 7 11 24 42 45,7 22 24 31 34 36,2
S003,momentum_state_transition,764,464,763,300,rolling300,5 6 8 11 13 15,7 22 24 31 34 36,0
S004,conditional_probability,764,464,763,300,rolling300,3 7 8 9 10 11,7 22 24 31 34 36,1
S005,structure_transition,764,464,763,300,rolling300,11 18 22 33 41 45,7 22 24 31 34 36,1
S006,pair_residual_node,764,464,763,300,rolling300,1 7 12 13 34 43,7 22 24 31 34 36,2
S007,triple_residual_node,764,464,763,300,rolling300,1 7 12 13 34 43,7 22 24 31 34 36,2
S008,family_balanced_hybrid,764,464,763,300,rolling300,1 7 11 12 15 27,7 22 24 31 34 36,1
S001,multi_window_frequency,765,465,764,300,rolling300,7 24 27 33 34 43,1 3 8 12 42 43,1
S002,gap_regime_hazard,765,465,764,300,rolling300,1 3 12 21 26 41,1 3 8 12 42 43,3
S003,momentum_state_transition,765,465,764,300,rolling300,1 3 9 12 14 16,1 3 8 12 42 43,3
S004,conditional_probability,765,465,764,300,rolling300,3 9 10 11 12 14,1 3 8 12 42 43,2
S005,structure_transition,765,465,764,300,rolling300,1 3 21 25 34 38,1 3 8 12 42 43,2
S006,pair_residual_node,765,465,764,300,rolling300,1 7 12 13 14 43,1 3 8 12 42 43,3
S007,triple_residual_node,765,465,764,300,rolling300,1 7 12 13 34 43,1 3 8 12 42 43,3
S008,family_balanced_hybrid,765,465,764,300,rolling300,1 12 14 16 33 43,1 3 8 12 42 43,3
S001,multi_window_frequency,766,466,765,300,rolling300,7 12 27 33 34 43,9 30 34 35 39 41,1
S002,gap_regime_hazard,766,466,765,300,rolling300,7 16 22 24 31 32,9 30 34 35 39 41,0
S003,momentum_state_transition,766,466,765,300,rolling300,1 3 9 12 14 16,9 30 34 35 39 41,1
S004,conditional_probability,766,466,765,300,rolling300,1 8 9 10 11 43,9 30 34 35 39 41,1
S005,structure_transition,766,466,765,300,rolling300,1 4 6 31 40 45,9 30 34 35 39 41,0
S006,pair_residual_node,766,466,765,300,rolling300,1 7 12 13 34 43,9 30 34 35 39 41,1
S007,triple_residual_node,766,466,765,300,rolling300,1 7 12 13 34 43,9 30 34 35 39 41,1
S008,family_balanced_hybrid,766,466,765,300,rolling300,1 7 16 31 36 43,9 30 34 35 39 41,0
S001,multi_window_frequency,767,467,766,300,rolling300,7 12 24 33 34 43,5 15 20 31 34 42,1
S002,gap_regime_hazard,767,467,766,300,rolling300,1 7 22 24 31 36,5 15 20 31 34 42,1
S003,momentum_state_transition,767,467,766,300,rolling300,1 9 12 14 16 22,5 15 20 31 34 42,0
S004,conditional_probability,767,467,766,300,rolling300,1 8 11 22 24 30,5 15 20 31 34 42,0
S005,structure_transition,767,467,766,300,rolling300,4 17 21 26 39 44,5 15 20 31 34 42,0
S006,pair_residual_node,767,467,766,300,rolling300,1 7 12 13 34 43,5 15 20 31 34 42,1
S007,triple_residual_node,767,467,766,300,rolling300,1 7 12 13 34 43,5 15 20 31 34 42,1
S008,family_balanced_hybrid,767,467,766,300,rolling300,1 7 12 13 31 43,5 15 20 31 34 42,1
S001,multi_window_frequency,768,468,767,300,rolling300,7 8 12 33 34 43,7 27 29 30 38 44,1
S002,gap_regime_hazard,768,468,767,300,rolling300,1 3 8 9 12 43,7 27 29 30 38 44,0
S003,momentum_state_transition,768,468,767,300,rolling300,1 8 14 16 20 22,7 27 29 30 38 44,0
S004,conditional_probability,768,468,767,300,rolling300,1 5 7 8 22 24,7 27 29 30 38 44,1
S005,structure_transition,768,468,767,300,rolling300,3 4 17 34 36 41,7 27 29 30 38 44,0
S006,pair_residual_node,768,468,767,300,rolling300,1 7 12 13 34 43,7 27 29 30 38 44,1
S007,triple_residual_node,768,468,767,300,rolling300,1 7 13 33 34 43,7 27 29 30 38 44,1
S008,family_balanced_hybrid,768,468,767,300,rolling300,1 7 8 13 14 43,7 27 29 30 38 44,1
S001,multi_window_frequency,769,469,768,300,rolling300,7 8 27 33 34 43,5 7 11 16 41 45,1
S002,gap_regime_hazard,769,469,768,300,rolling300,5 9 15 35 39 41,5 7 11 16 41 45,2
S003,momentum_state_transition,769,469,768,300,rolling300,5 10 11 13 15 18,5 7 11 16 41 45,2
S004,conditional_probability,769,469,768,300,rolling300,1 8 9 12 22 24,5 7 11 16 41 45,0
S005,structure_transition,769,469,768,300,rolling300,5 7 10 20 23 32,5 7 11 16 41 45,2
S006,pair_residual_node,769,469,768,300,rolling300,1 7 12 13 34 43,5 7 11 16 41 45,1
S007,triple_residual_node,769,469,768,300,rolling300,1 7 12 13 34 43,5 7 11 16 41 45,1
S008,family_balanced_hybrid,769,469,768,300,rolling300,1 5 8 12 13 15,5 7 11 16 41 45,1
S001,multi_window_frequency,770,470,769,300,rolling300,3 7 27 34 41 43,1 9 12 23 39 43,1
S002,gap_regime_hazard,770,470,769,300,rolling300,15 20 27 31 34 42,1 9 12 23 39 43,0
S003,momentum_state_transition,770,470,769,300,rolling300,10 13 14 15 18 21,1 9 12 23 39 43,0
S004,conditional_probability,770,470,769,300,rolling300,1 5 8 11 12 16,1 9 12 23 39 43,2
S005,structure_transition,770,470,769,300,rolling300,3 21 22 35 38 42,1 9 12 23 39 43,0
S006,pair_residual_node,770,470,769,300,rolling300,1 7 12 13 34 43,1 9 12 23 39 43,3
S007,triple_residual_node,770,470,769,300,rolling300,1 7 12 13 34 43,1 9 12 23 39 43,3
S008,family_balanced_hybrid,770,470,769,300,rolling300,1 8 13 14 15 27,1 9 12 23 39 43,1
S001,multi_window_frequency,771,471,770,300,rolling300,1 7 12 34 41 43,6 10 17 18 21 29,0
S002,gap_regime_hazard,771,471,770,300,rolling300,5 27 29 30 38 44,6 10 17 18 21 29,1
S003,momentum_state_transition,771,471,770,300,rolling300,2 10 13 15 18 19,6 10 17 18 21 29,2
S004,conditional_probability,771,471,770,300,rolling300,5 8 9 11 16 24,6 10 17 18 21 29,0
S005,structure_transition,771,471,770,300,rolling300,9 14 18 28 36 41,6 10 17 18 21 29,1
S006,pair_residual_node,771,471,770,300,rolling300,1 7 12 13 34 43,6 10 17 18 21 29,0
S007,triple_residual_node,771,471,770,300,rolling300,1 7 12 13 34 43,6 10 17 18 21 29,0
S008,family_balanced_hybrid,771,471,770,300,rolling300,1 7 8 11 13 16,6 10 17 18 21 29,0
S001,multi_window_frequency,772,472,771,300,rolling300,1 7 12 34 41 43,5 6 11 14 21 41,1
S002,gap_regime_hazard,772,472,771,300,rolling300,5 7 11 16 41 45,5 6 11 14 21 41,3
S003,momentum_state_transition,772,472,771,300,rolling300,2 4 13 15 18 19,5 6 11 14 21 41,0
S004,conditional_probability,772,472,771,300,rolling300,5 8 9 16 21 29,5 6 11 14 21 41,2
S005,structure_transition,772,472,771,300,rolling300,3 14 18 23 25 40,5 6 11 14 21 41,1
S006,pair_residual_node,772,472,771,300,rolling300,1 7 12 13 34 43,5 6 11 14 21 41,0
S007,triple_residual_node,772,472,771,300,rolling300,1 7 12 13 34 43,5 6 11 14 21 41,0
S008,family_balanced_hybrid,772,472,771,300,rolling300,1 5 7 12 13 43,5 6 11 14 21 41,1
S001,multi_window_frequency,773,473,772,300,rolling300,1 7 12 34 41 43,8 12 19 21 31 35,1
S002,gap_regime_hazard,773,473,772,300,rolling300,1 9 12 23 39 43,8 12 19 21 31 35,1
S003,momentum_state_transition,773,473,772,300,rolling300,2 4 13 15 18 19,8 12 19 21 31 35,1
S004,conditional_probability,773,473,772,300,rolling300,1 3 6 8 9 11,8 12 19 21 31 35,1
S005,structure_transition,773,473,772,300,rolling300,6 8 23 25 34 45,8 12 19 21 31 35,1
S006,pair_residual_node,773,473,772,300,rolling300,1 7 12 13 34 43,8 12 19 21 31 35,1
S007,triple_residual_node,773,473,772,300,rolling300,1 7 12 13 34 43,8 12 19 21 31 35,1
S008,family_balanced_hybrid,773,473,772,300,rolling300,1 7 12 13 33 43,8 12 19 21 31 35,1
S001,multi_window_frequency,774,474,773,300,rolling300,1 7 12 34 41 43,12 15 18 28 34 42,2
S002,gap_regime_hazard,774,474,773,300,rolling300,5 6 10 17 18 29,12 15 18 28 34 42,1
S003,momentum_state_transition,774,474,773,300,rolling300,2 4 13 15 18 19,12 15 18 28 34 42,2
S004,conditional_probability,774,474,773,300,rolling300,1 6 8 9 11 29,12 15 18 28 34 42,0
S005,structure_transition,774,474,773,300,rolling300,7 12 17 26 29 40,12 15 18 28 34 42,1
S006,pair_residual_node,774,474,773,300,rolling300,1 7 12 13 34 43,12 15 18 28 34 42,2
S007,triple_residual_node,774,474,773,300,rolling300,1 7 12 33 34 43,12 15 18 28 34 42,2
S008,family_balanced_hybrid,774,474,773,300,rolling300,1 6 7 11 33 43,12 15 18 28 34 42,0
S001,multi_window_frequency,775,475,774,300,rolling300,1 7 12 34 41 43,11 12 29 33 38 42,1
S002,gap_regime_hazard,775,475,774,300,rolling300,5 6 8 11 14 41,11 12 29 33 38 42,1
S003,momentum_state_transition,775,475,774,300,rolling300,2 4 13 15 17 19,11 12 29 33 38 42,0
S004,conditional_probability,775,475,774,300,rolling300,1 6 7 8 9 11,11 12 29 33 38 42,1
S005,structure_transition,775,475,774,300,rolling300,16 19 22 33 43 44,11 12 29 33 38 42,1
S006,pair_residual_node,775,475,774,300,rolling300,1 7 12 13 34 43,11 12 29 33 38 42,1
S007,triple_residual_node,775,475,774,300,rolling300,1 7 12 33 34 43,11 12 29 33 38 42,2
S008,family_balanced_hybrid,775,475,774,300,rolling300,1 6 7 11 33 43,11 12 29 33 38 42,2
S001,multi_window_frequency,776,476,775,300,rolling300,7 11 12 33 34 41,8 9 18 21 28 40,0
S002,gap_regime_hazard,776,476,775,300,rolling300,8 15 19 21 31 35,8 9 18 21 28 40,2
S003,momentum_state_transition,776,476,775,300,rolling300,2 4 13 14 15 17,8 9 18 21 28 40,0
S004,conditional_probability,776,476,775,300,rolling300,6 7 9 15 18 30,8 9 18 21 28 40,2
S005,structure_transition,776,476,775,300,rolling300,3 13 18 24 39 42,8 9 18 21 28 40,1
S006,pair_residual_node,776,476,775,300,rolling300,7 12 13 33 34 43,8 9 18 21 28 40,0
S007,triple_residual_node,776,476,775,300,rolling300,7 12 13 33 34 43,8 9 18 21 28 40,0
S008,family_balanced_hybrid,776,476,775,300,rolling300,6 7 13 15 31 34,8 9 18 21 28 40,0
S001,multi_window_frequency,777,477,776,300,rolling300,7 11 12 21 34 43,6 12 17 21 34 37,3
S002,gap_regime_hazard,777,477,776,300,rolling300,11 12 15 29 33 34,6 12 17 21 34 37,2
S003,momentum_state_transition,777,477,776,300,rolling300,2 4 10 13 14 15,6 12 17 21 34 37,0
S004,conditional_probability,777,477,776,300,rolling300,6 7 8 9 15 28,6 12 17 21 34 37,1
S005,structure_transition,777,477,776,300,rolling300,13 16 18 37 43 45,6 12 17 21 34 37,1
S006,pair_residual_node,777,477,776,300,rolling300,7 10 12 33 34 43,6 12 17 21 34 37,2
S007,triple_residual_node,777,477,776,300,rolling300,7 10 12 33 34 43,6 12 17 21 34 37,2
S008,family_balanced_hybrid,777,477,776,300,rolling300,7 10 11 13 15 34,6 12 17 21 34 37,1
S001,multi_window_frequency,778,478,777,300,rolling300,7 11 12 21 34 43,6 21 35 36 37 41,1
S002,gap_regime_hazard,778,478,777,300,rolling300,8 11 29 33 38 42,6 21 35 36 37 41,0
S003,momentum_state_transition,778,478,777,300,rolling300,2 4 10 13 14 15,6 21 35 36 37 41,0
S004,conditional_probability,778,478,777,300,rolling300,5 7 8 9 17 28,6 21 35 36 37 41,0
S005,structure_transition,778,478,777,300,rolling300,16 19 20 28 39 43,6 21 35 36 37 41,0
S006,pair_residual_node,778,478,777,300,rolling300,7 10 12 33 34 43,6 21 35 36 37 41,0
S007,triple_residual_node,778,478,777,300,rolling300,7 10 12 33 34 43,6 21 35 36 37 41,0
S008,family_balanced_hybrid,778,478,777,300,rolling300,7 8 11 13 28 33,6 21 35 36 37 41,0
S001,multi_window_frequency,779,479,778,300,rolling300,11 12 21 34 41 43,6 12 19 24 34 41,3
S002,gap_regime_hazard,779,479,778,300,rolling300,8 9 12 18 28 40,6 12 19 24 34 41,1
S003,momentum_state_transition,779,479,778,300,rolling300,2 4 10 13 14 15,6 12 19 24 34 41,0
S004,conditional_probability,779,479,778,300,rolling300,5 8 9 12 17 28,6 12 19 24 34 41,1
S005,structure_transition,779,479,778,300,rolling300,4 13 16 31 33 42,6 12 19 24 34 41,0
S006,pair_residual_node,779,479,778,300,rolling300,7 10 12 33 34 43,6 12 19 24 34 41,2
S007,triple_residual_node,779,479,778,300,rolling300,7 10 12 33 34 43,6 12 19 24 34 41,2
S008,family_balanced_hybrid,779,479,778,300,rolling300,8 12 13 17 28 34,6 12 19 24 34 41,2
S001,multi_window_frequency,780,480,779,300,rolling300,6 12 21 34 41 43,15 17 19 21 27 45,1
S002,gap_regime_hazard,780,480,779,300,rolling300,2 17 21 35 36 37,15 17 19 21 27 45,2
S003,momentum_state_transition,780,480,779,300,rolling300,2 4 10 13 14 15,15 17 19 21 27 45,1
S004,conditional_probability,780,480,779,300,rolling300,6 8 9 11 17 19,15 17 19 21 27 45,2
S005,structure_transition,780,480,779,300,rolling300,11 14 22 27 41 43,15 17 19 21 27 45,1
S006,pair_residual_node,780,480,779,300,rolling300,7 10 12 33 34 43,15 17 19 21 27 45,0
S007,triple_residual_node,780,480,779,300,rolling300,7 10 12 33 34 43,15 17 19 21 27 45,0
S008,family_balanced_hybrid,780,480,779,300,rolling300,7 8 11 13 17 28,15 17 19 21 27 45,1
S001,multi_window_frequency,781,481,780,300,rolling300,6 12 17 21 34 41,11 16 18 19 24 39,0
S002,gap_regime_hazard,781,481,780,300,rolling300,6 12 24 34 35 41,11 16 18 19 24 39,1
S003,momentum_state_transition,781,481,780,300,rolling300,2 10 13 14 16 27,11 16 18 19 24 39,1
S004,conditional_probability,781,481,780,300,rolling300,6 8 11 12 15 28,11 16 18 19 24 39,1
S005,structure_transition,781,481,780,300,rolling300,6 12 15 39 42 43,11 16 18 19 24 39,1
S006,pair_residual_node,781,481,780,300,rolling300,7 12 13 33 34 43,11 16 18 19 24 39,0
S007,triple_residual_node,781,481,780,300,rolling300,7 12 13 33 34 43,11 16 18 19 24 39,0
S008,family_balanced_hybrid,781,481,780,300,rolling300,6 7 8 12 13 28,11 16 18 19 24 39,0
S001,multi_window_frequency,782,482,781,300,rolling300,6 11 12 21 34 41,6 18 31 34 38 45,2
S002,gap_regime_hazard,782,482,781,300,rolling300,6 12 15 17 34 41,6 18 31 34 38 45,2
S003,momentum_state_transition,782,482,781,300,rolling300,2 4 10 13 14 28,6 18 31 34 38 45,0
S004,conditional_probability,782,482,781,300,rolling300,8 12 15 17 24 28,6 18 31 34 38 45,0
S005,structure_transition,782,482,781,300,rolling300,2 12 18 37 41 45,6 18 31 34 38 45,2
S006,pair_residual_node,782,482,781,300,rolling300,7 12 13 33 34 43,6 18 31 34 38 45,1
S007,triple_residual_node,782,482,781,300,rolling300,7 12 13 33 34 43,6 18 31 34 38 45,1
S008,family_balanced_hybrid,782,482,781,300,rolling300,1 6 7 8 12 13,6 18 31 34 38 45,1
S001,multi_window_frequency,783,483,782,300,rolling300,6 11 12 21 34 41,14 15 16 17 38 45,0
S002,gap_regime_hazard,783,483,782,300,rolling300,11 15 16 19 24 39,14 15 16 17 38 45,2
S003,momentum_state_transition,783,483,782,300,rolling300,1 2 3 4 10 14,14 15 16 17 38 45,1
S004,conditional_probability,783,483,782,300,rolling300,8 11 12 15 17 21,14 15 16 17 38 45,2
S005,structure_transition,783,483,782,300,rolling300,1 4 20 25 26 45,14 15 16 17 38 45,1
S006,pair_residual_node,783,483,782,300,rolling300,7 12 13 33 34 43,14 15 16 17 38 45,0
S007,triple_residual_node,783,483,782,300,rolling300,7 12 13 33 34 43,14 15 16 17 38 45,0
S008,family_balanced_hybrid,783,483,782,300,rolling300,1 7 8 10 11 12,14 15 16 17 38 45,0
S001,multi_window_frequency,784,484,783,300,rolling300,6 11 12 17 21 34,3 10 23 24 31 39,0
S002,gap_regime_hazard,784,484,783,300,rolling300,6 11 18 19 31 34,3 10 23 24 31 39,1
S003,momentum_state_transition,784,484,783,300,rolling300,1 2 3 4 10 14,3 10 23 24 31 39,2
S004,conditional_probability,784,484,783,300,rolling300,11 16 24 28 37 41,3 10 23 24 31 39,1
S005,structure_transition,784,484,783,300,rolling300,3 21 22 35 38 42,3 10 23 24 31 39,1
S006,pair_residual_node,784,484,783,300,rolling300,7 12 13 33 34 43,3 10 23 24 31 39,0
S007,triple_residual_node,784,484,783,300,rolling300,7 12 13 33 34 43,3 10 23 24 31 39,0
S008,family_balanced_hybrid,784,484,783,300,rolling300,1 6 7 11 34 43,3 10 23 24 31 39,0
S001,multi_window_frequency,785,485,784,300,rolling300,6 11 12 21 34 41,4 6 15 25 26 33,1
S002,gap_regime_hazard,785,485,784,300,rolling300,14 15 16 17 38 45,4 6 15 25 26 33,1
S003,momentum_state_transition,785,485,784,300,rolling300,1 2 3 4 7 10,4 6 15 25 26 33,1
S004,conditional_probability,785,485,784,300,rolling300,11 15 16 31 37 39,4 6 15 25 26 33,1
S005,structure_transition,785,485,784,300,rolling300,6 8 22 27 37 45,4 6 15 25 26 33,1
S006,pair_residual_node,785,485,784,300,rolling300,7 12 13 33 34 43,4 6 15 25 26 33,1
S007,triple_residual_node,785,485,784,300,rolling300,7 12 13 33 34 43,4 6 15 25 26 33,1
S008,family_balanced_hybrid,785,485,784,300,rolling300,1 6 7 11 15 43,4 6 15 25 26 33,2
S001,multi_window_frequency,786,486,785,300,rolling300,6 12 15 21 34 41,12 15 16 20 24 30,2
S002,gap_regime_hazard,786,486,785,300,rolling300,3 10 23 24 31 39,12 15 16 20 24 30,1
S003,momentum_state_transition,786,486,785,300,rolling300,1 2 3 4 7 8,12 15 16 20 24 30,0
S004,conditional_probability,786,486,785,300,rolling300,6 12 16 31 37 38,12 15 16 20 24 30,2
S005,structure_transition,786,486,785,300,rolling300,7 12 17 25 36 38,12 15 16 20 24 30,1
S006,pair_residual_node,786,486,785,300,rolling300,7 12 13 33 34 43,12 15 16 20 24 30,1
S007,triple_residual_node,786,486,785,300,rolling300,7 12 13 33 34 43,12 15 16 20 24 30,1
S008,family_balanced_hybrid,786,486,785,300,rolling300,6 7 10 12 31 43,12 15 16 20 24 30,1
S001,multi_window_frequency,787,487,786,300,rolling300,6 12 15 21 24 34,5 6 13 16 27 28,1
S002,gap_regime_hazard,787,487,786,300,rolling300,3 4 6 25 26 33,5 6 13 16 27 28,1
S003,momentum_state_transition,787,487,786,300,rolling300,1 2 3 4 7 8,5 6 13 16 27 28,0
S004,conditional_probability,787,487,786,300,rolling300,6 18 31 37 38 39,5 6 13 16 27 28,1
S005,structure_transition,787,487,786,300,rolling300,1 3 16 33 38 44,5 6 13 16 27 28,1
S006,pair_residual_node,787,487,786,300,rolling300,7 12 13 33 34 43,5 6 13 16 27 28,1
S007,triple_residual_node,787,487,786,300,rolling300,7 12 13 33 34 43,5 6 13 16 27 28,1
S008,family_balanced_hybrid,787,487,786,300,rolling300,6 7 8 31 33 43,5 6 13 16 27 28,1
S001,multi_window_frequency,788,488,787,300,rolling300,6 12 15 21 24 34,2 10 11 19 35 39,0
S002,gap_regime_hazard,788,488,787,300,rolling300,4 12 15 20 24 30,2 10 11 19 35 39,0
S003,momentum_state_transition,788,488,787,300,rolling300,1 2 3 4 7 8,2 10 11 19 35 39,1
S004,conditional_probability,788,488,787,300,rolling300,6 12 17 18 21 27,2 10 11 19 35 39,0
S005,structure_transition,788,488,787,300,rolling300,1 5 14 30 37 40,2 10 11 19 35 39,0
S006,pair_residual_node,788,488,787,300,rolling300,7 12 13 33 34 43,2 10 11 19 35 39,0
S007,triple_residual_node,788,488,787,300,rolling300,7 12 13 33 34 43,2 10 11 19 35 39,0
S008,family_balanced_hybrid,788,488,787,300,rolling300,6 7 8 12 15 33,2 10 11 19 35 39,0
S001,multi_window_frequency,789,489,788,300,rolling300,6 12 15 16 24 34,2 6 7 12 19 45,2
S002,gap_regime_hazard,789,489,788,300,rolling300,5 6 13 16 27 28,2 6 7 12 19 45,1
S003,momentum_state_transition,789,489,788,300,rolling300,1 2 3 4 7 8,2 6 7 12 19 45,2
S004,conditional_probability,789,489,788,300,rolling300,10 11 12 17 18 27,2 6 7 12 19 45,1
S005,structure_transition,789,489,788,300,rolling300,5 11 16 23 26 30,2 6 7 12 19 45,0
S006,pair_residual_node,789,489,788,300,rolling300,7 12 13 33 34 43,2 6 7 12 19 45,2
S007,triple_residual_node,789,489,788,300,rolling300,7 12 13 33 34 43,2 6 7 12 19 45,2
S008,family_balanced_hybrid,789,489,788,300,rolling300,6 7 8 12 27 43,2 6 7 12 19 45,3
S001,multi_window_frequency,790,490,789,300,rolling300,6 12 15 16 19 34,3 8 19 27 30 41,1
S002,gap_regime_hazard,790,490,789,300,rolling300,5 10 11 13 35 39,3 8 19 27 30 41,0
S003,momentum_state_transition,790,490,789,300,rolling300,1 2 3 4 5 7,3 8 19 27 30 41,1
S004,conditional_probability,790,490,789,300,rolling300,2 10 11 12 17 18,3 8 19 27 30 41,0
S005,structure_transition,790,490,789,300,rolling300,2 14 16 25 29 35,3 8 19 27 30 41,0
S006,pair_residual_node,790,490,789,300,rolling300,7 12 13 33 34 43,3 8 19 27 30 41,0
S007,triple_residual_node,790,490,789,300,rolling300,7 12 13 33 34 43,3 8 19 27 30 41,0
S008,family_balanced_hybrid,790,490,789,300,rolling300,1 8 10 11 27 43,3 8 19 27 30 41,2
S001,multi_window_frequency,791,491,790,300,rolling300,6 12 15 16 19 34,2 10 12 31 33 42,1
S002,gap_regime_hazard,791,491,790,300,rolling300,2 6 7 10 12 45,2 10 12 31 33 42,3
S003,momentum_state_transition,791,491,790,300,rolling300,1 3 4 5 7 9,2 10 12 31 33 42,0
S004,conditional_probability,791,491,790,300,rolling300,2 3 10 11 12 18,2 10 12 31 33 42,3
S005,structure_transition,791,491,790,300,rolling300,3 4 18 31 35 38,2 10 12 31 33 42,1
S006,pair_residual_node,791,491,790,300,rolling300,7 12 13 33 34 43,2 10 12 31 33 42,2
S007,triple_residual_node,791,491,790,300,rolling300,7 12 13 33 34 43,2 10 12 31 33 42,2
S008,family_balanced_hybrid,791,491,790,300,rolling300,6 7 10 11 12 43,2 10 12 31 33 42,2
S001,multi_window_frequency,792,492,791,300,rolling300,6 12 15 19 33 34,2 7 19 25 29 36,1
S002,gap_regime_hazard,792,492,791,300,rolling300,3 8 19 27 30 41,2 7 19 25 29 36,1
S003,momentum_state_transition,792,492,791,300,rolling300,1 3 5 7 9 29,2 7 19 25 29 36,2
S004,conditional_probability,792,492,791,300,rolling300,3 24 27 30 33 38,2 7 19 25 29 36,0
S005,structure_transition,792,492,791,300,rolling300,16 19 22 33 43 44,2 7 19 25 29 36,1
S006,pair_residual_node,792,492,791,300,rolling300,7 12 13 33 34 43,2 7 19 25 29 36,1
S007,triple_residual_node,792,492,791,300,rolling300,7 12 13 33 34 43,2 7 19 25 29 36,1
S008,family_balanced_hybrid,792,492,791,300,rolling300,1 3 6 7 27 43,2 7 19 25 29 36,1
S001,multi_window_frequency,793,493,792,300,rolling300,2 6 12 19 33 34,10 15 21 35 38 43,0
S002,gap_regime_hazard,793,493,792,300,rolling300,3 10 12 31 33 42,10 15 21 35 38 43,1
S003,momentum_state_transition,793,493,792,300,rolling300,1 3 5 7 9 14,10 15 21 35 38 43,0
S004,conditional_probability,793,493,792,300,rolling300,3 7 24 25 27 30,10 15 21 35 38 43,0
S005,structure_transition,793,493,792,300,rolling300,11 20 21 23 28 36,10 15 21 35 38 43,1
S006,pair_residual_node,793,493,792,300,rolling300,7 12 13 33 34 43,10 15 21 35 38 43,1
S007,triple_residual_node,793,493,792,300,rolling300,7 12 13 33 34 43,10 15 21 35 38 43,1
S008,family_balanced_hybrid,793,493,792,300,rolling300,3 7 10 12 27 33,10 15 21 35 38 43,1
S001,multi_window_frequency,794,494,793,300,rolling300,2 6 10 12 15 19,6 7 18 19 30 38,2
S002,gap_regime_hazard,794,494,793,300,rolling300,2 7 19 25 29 36,6 7 18 19 30 38,2
S003,momentum_state_transition,794,494,793,300,rolling300,1 3 5 7 8 9,6 7 18 19 30 38,1
S004,conditional_probability,794,494,793,300,rolling300,3 7 16 24 25 27,6 7 18 19 30 38,1
S005,structure_transition,794,494,793,300,rolling300,7 12 17 25 36 38,6 7 18 19 30 38,2
S006,pair_residual_node,794,494,793,300,rolling300,7 12 13 33 34 43,6 7 18 19 30 38,1
S007,triple_residual_node,794,494,793,300,rolling300,7 12 13 33 34 43,6 7 18 19 30 38,1
S008,family_balanced_hybrid,794,494,793,300,rolling300,1 3 7 8 12 33,6 7 18 19 30 38,1
S001,multi_window_frequency,795,495,794,300,rolling300,2 6 7 12 15 19,3 10 13 26 34 38,0
S002,gap_regime_hazard,795,495,794,300,rolling300,2 10 15 25 29 36,3 10 13 26 34 38,1
S003,momentum_state_transition,795,495,794,300,rolling300,1 3 5 8 9 14,3 10 13 26 34 38,1
S004,conditional_probability,795,495,794,300,rolling300,16 19 25 27 33 35,3 10 13 26 34 38,0
S005,structure_transition,795,495,794,300,rolling300,1 6 14 15 42 45,3 10 13 26 34 38,0
S006,pair_residual_node,795,495,794,300,rolling300,7 12 13 33 34 43,3 10 13 26 34 38,2
S007,triple_residual_node,795,495,794,300,rolling300,7 12 13 33 34 43,3 10 13 26 34 38,2
S008,family_balanced_hybrid,795,495,794,300,rolling300,1 10 12 14 15 33,3 10 13 26 34 38,1
S001,multi_window_frequency,796,496,795,300,rolling300,6 7 10 12 19 34,1 21 26 36 40 41,0
S002,gap_regime_hazard,796,496,795,300,rolling300,6 7 15 21 35 43,1 21 26 36 40 41,1
S003,momentum_state_transition,796,496,795,300,rolling300,1 5 8 9 11 29,1 21 26 36 40 41,1
S004,conditional_probability,796,496,795,300,rolling300,3 13 15 16 19 27,1 21 26 36 40 41,0
S005,structure_transition,796,496,795,300,rolling300,13 16 22 25 39 43,1 21 26 36 40 41,0
S006,pair_residual_node,796,496,795,300,rolling300,7 12 13 33 34 43,1 21 26 36 40 41,0
S007,triple_residual_node,796,496,795,300,rolling300,7 12 13 33 34 43,1 21 26 36 40 41,0
S008,family_balanced_hybrid,796,496,795,300,rolling300,1 6 7 12 15 33,1 21 26 36 40 41,1
S001,multi_window_frequency,797,497,796,300,rolling300,6 10 12 19 21 41,5 22 31 32 39 45,0
S002,gap_regime_hazard,797,497,796,300,rolling300,3 6 10 13 34 38,5 22 31 32 39 45,0
S003,momentum_state_transition,797,497,796,300,rolling300,1 5 8 9 11 29,5 22 31 32 39 45,1
S004,conditional_probability,797,497,796,300,rolling300,3 12 13 19 21 26,5 22 31 32 39 45,0
S005,structure_transition,797,497,796,300,rolling300,4 10 20 23 37 41,5 22 31 32 39 45,0
S006,pair_residual_node,797,497,796,300,rolling300,7 12 13 33 34 43,5 22 31 32 39 45,0
S007,triple_residual_node,797,497,796,300,rolling300,7 12 13 33 34 43,5 22 31 32 39 45,0
S008,family_balanced_hybrid,797,497,796,300,rolling300,6 7 10 12 13 33,5 22 31 32 39 45,0
S001,multi_window_frequency,798,498,797,300,rolling300,6 10 12 19 21 41,2 10 14 22 32 36,1
S002,gap_regime_hazard,798,498,797,300,rolling300,1 21 26 36 40 41,2 10 14 22 32 36,1
S003,momentum_state_transition,798,498,797,300,rolling300,1 5 8 9 11 29,2 10 14 22 32 36,0
S004,conditional_probability,798,498,797,300,rolling300,3 6 12 19 21 26,2 10 14 22 32 36,0
S005,structure_transition,798,498,797,300,rolling300,4 17 20 25 39 44,2 10 14 22 32 36,0
S006,pair_residual_node,798,498,797,300,rolling300,7 12 13 33 34 43,2 10 14 22 32 36,0
S007,triple_residual_node,798,498,797,300,rolling300,7 12 13 33 34 43,2 10 14 22 32 36,0
S008,family_balanced_hybrid,798,498,797,300,rolling300,1 6 10 12 36 38,2 10 14 22 32 36,2
S001,multi_window_frequency,799,499,798,300,rolling300,2 6 10 12 19 21,12 17 23 34 42 45,1
S002,gap_regime_hazard,799,499,798,300,rolling300,1 5 21 31 39 45,12 17 23 34 42 45,1
S003,momentum_state_transition,799,499,798,300,rolling300,1 5 8 9 11 29,12 17 23 34 42 45,0
S004,conditional_probability,799,499,798,300,rolling300,3 6 12 21 22 26,12 17 23 34 42 45,1
S005,structure_transition,799,499,798,300,rolling300,10 15 18 25 39 42,12 17 23 34 42 45,1
S006,pair_residual_node,799,499,798,300,rolling300,7 10 12 13 33 43,12 17 23 34 42 45,1
S007,triple_residual_node,799,499,798,300,rolling300,7 10 12 13 33 43,12 17 23 34 42 45,1
S008,family_balanced_hybrid,799,499,798,300,rolling300,5 6 7 10 12 31,12 17 23 34 42 45,1
S001,multi_window_frequency,800,500,799,300,rolling300,6 10 12 19 21 34,1 4 10 12 28 45,2
S002,gap_regime_hazard,800,500,799,300,rolling300,2 10 14 22 32 36,1 4 10 12 28 45,1
S003,momentum_state_transition,800,500,799,300,rolling300,1 5 8 9 11 29,1 4 10 12 28 45,1
S004,conditional_probability,800,500,799,300,rolling300,3 7 12 21 22 26,1 4 10 12 28 45,1
S005,structure_transition,800,500,799,300,rolling300,1 4 20 25 26 45,1 4 10 12 28 45,3
S006,pair_residual_node,800,500,799,300,rolling300,7 10 12 13 33 43,1 4 10 12 28 45,2
S007,triple_residual_node,800,500,799,300,rolling300,7 10 12 13 33 43,1 4 10 12 28 45,2
S008,family_balanced_hybrid,800,500,799,300,rolling300,5 7 10 11 12 31,1 4 10 12 28 45,2
S001,multi_window_frequency,801,501,800,300,rolling300,6 10 12 19 21 34,17 25 28 37 43 44,0
S002,gap_regime_hazard,801,501,800,300,rolling300,2 14 17 23 34 42,17 25 28 37 43 44,1
S003,momentum_state_transition,801,501,800,300,rolling300,2 10 16 26 30 36,17 25 28 37 43 44,0
S004,conditional_probability,801,501,800,300,rolling300,1 7 10 19 21 22,17 25 28 37 43 44,0
S005,structure_transition,801,501,800,300,rolling300,1 19 21 24 32 33,17 25 28 37 43 44,0
S006,pair_residual_node,801,501,800,300,rolling300,7 10 12 13 33 43,17 25 28 37 43 44,1
S007,triple_residual_node,801,501,800,300,rolling300,7 10 12 13 33 43,17 25 28 37 43 44,1
S008,family_balanced_hybrid,801,501,800,300,rolling300,2 7 10 11 34 36,17 25 28 37 43 44,0
S001,multi_window_frequency,802,502,801,300,rolling300,10 12 19 21 34 45,10 11 12 18 24 42,2
S002,gap_regime_hazard,802,502,801,300,rolling300,1 4 10 12 23 45,10 11 12 18 24 42,2
S003,momentum_state_transition,802,502,801,300,rolling300,2 10 25 26 28 30,10 11 12 18 24 42,1
S004,conditional_probability,802,502,801,300,rolling300,1 2 7 12 17 19,10 11 12 18 24 42,1
S005,structure_transition,802,502,801,300,rolling300,1 6 16 35 37 42,10 11 12 18 24 42,1
S006,pair_residual_node,802,502,801,300,rolling300,7 10 12 33 34 43,10 11 12 18 24 42,2
S007,triple_residual_node,802,502,801,300,rolling300,7 10 12 33 34 43,10 11 12 18 24 42,2
S008,family_balanced_hybrid,802,502,801,300,rolling300,1 7 8 10 12 34,10 11 12 18 24 42,2
S001,multi_window_frequency,803,503,802,300,rolling300,10 12 19 21 34 45,5 9 14 26 30 43,0
S002,gap_regime_hazard,803,503,802,300,rolling300,17 25 28 37 43 44,5 9 14 26 30 43,1
S003,momentum_state_transition,803,503,802,300,rolling300,2 3 10 25 26 28,5 9 14 26 30 43,1
S004,conditional_probability,803,503,802,300,rolling300,1 10 17 18 21 22,5 9 14 26 30 43,0
S005,structure_transition,803,503,802,300,rolling300,2 12 13 31 35 38,5 9 14 26 30 43,0
S006,pair_residual_node,803,503,802,300,rolling300,7 10 12 13 33 43,5 9 14 26 30 43,1
S007,triple_residual_node,803,503,802,300,rolling300,7 10 12 13 33 43,5 9 14 26 30 43,1
S008,family_balanced_hybrid,803,503,802,300,rolling300,8 10 28 33 34 43,5 9 14 26 30 43,1
S001,multi_window_frequency,804,504,803,300,rolling300,6 10 12 19 34 45,1 10 13 26 32 36,1
S002,gap_regime_hazard,804,504,803,300,rolling300,10 11 12 18 24 42,1 10 13 26 32 36,1
S003,momentum_state_transition,804,504,803,300,rolling300,2 3 10 25 26 28,1 10 13 26 32 36,2
S004,conditional_probability,804,504,803,300,rolling300,1 5 14 17 18 22,1 10 13 26 32 36,1
S005,structure_transition,804,504,803,300,rolling300,2 4 14 33 37 41,1 10 13 26 32 36,0
S006,pair_residual_node,804,504,803,300,rolling300,7 10 12 13 33 43,1 10 13 26 32 36,2
S007,triple_residual_node,804,504,803,300,rolling300,7 10 12 13 33 43,1 10 13 26 32 36,2
S008,family_balanced_hybrid,804,504,803,300,rolling300,8 10 12 17 28 34,1 10 13 26 32 36,1
S001,multi_window_frequency,805,505,804,300,rolling300,10 12 19 21 34 45,3 12 13 18 31 32,1
S002,gap_regime_hazard,805,505,804,300,rolling300,5 9 11 14 30 43,3 12 13 18 31 32,0
S003,momentum_state_transition,805,505,804,300,rolling300,1 2 7 10 13 25,3 12 13 18 31 32,1
S004,conditional_probability,805,505,804,300,rolling300,5 10 13 14 17 22,3 12 13 18 31 32,1
S005,structure_transition,805,505,804,300,rolling300,10 15 18 25 39 42,3 12 13 18 31 32,1
S006,pair_residual_node,805,505,804,300,rolling300,7 10 12 13 33 43,3 12 13 18 31 32,2
S007,triple_residual_node,805,505,804,300,rolling300,7 10 12 13 33 43,3 12 13 18 31 32,2
S008,family_balanced_hybrid,805,505,804,300,rolling300,5 7 10 12 34 43,3 12 13 18 31 32,1
S001,multi_window_frequency,806,506,805,300,rolling300,10 12 19 21 34 45,14 20 23 31 37 38,0
S002,gap_regime_hazard,806,506,805,300,rolling300,1 5 9 10 26 36,14 20 23 31 37 38,0
S003,momentum_state_transition,806,506,805,300,rolling300,1 2 3 7 10 13,14 20 23 31 37 38,0
S004,conditional_probability,806,506,805,300,rolling300,5 13 14 17 18 22,14 20 23 31 37 38,1
S005,structure_transition,806,506,805,300,rolling300,2 3 11 24 39 44,14 20 23 31 37 38,0
S006,pair_residual_node,806,506,805,300,rolling300,7 10 12 13 33 43,14 20 23 31 37 38,0
S007,triple_residual_node,806,506,805,300,rolling300,7 10 12 13 33 43,14 20 23 31 37 38,0
S008,family_balanced_hybrid,806,506,805,300,rolling300,1 7 10 13 36 43,14 20 23 31 37 38,0
S001,multi_window_frequency,807,507,806,300,rolling300,10 12 19 31 34 45,6 10 18 25 34 35,2
S002,gap_regime_hazard,807,507,806,300,rolling300,1 3 12 13 18 32,6 10 18 25 34 35,1
S003,momentum_state_transition,807,507,806,300,rolling300,1 2 3 7 10 13,6 10 18 25 34 35,1
S004,conditional_probability,807,507,806,300,rolling300,1 5 13 17 18 22,6 10 18 25 34 35,1
S005,structure_transition,807,507,806,300,rolling300,3 13 18 32 37 44,6 10 18 25 34 35,1
S006,pair_residual_node,807,507,806,300,rolling300,7 12 13 31 33 43,6 10 18 25 34 35,0
S007,triple_residual_node,807,507,806,300,rolling300,7 12 13 31 33 43,6 10 18 25 34 35,0
S008,family_balanced_hybrid,807,507,806,300,rolling300,1 7 10 12 13 43,6 10 18 25 34 35,1
S001,multi_window_frequency,808,508,807,300,rolling300,6 10 12 18 34 45,15 21 31 32 41 43,0
S002,gap_regime_hazard,808,508,807,300,rolling300,14 20 23 31 37 38,15 21 31 32 41 43,1
S003,momentum_state_transition,808,508,807,300,rolling300,1 2 3 7 10 13,15 21 31 32 41 43,0
S004,conditional_probability,808,508,807,300,rolling300,1 10 13 17 23 25,15 21 31 32 41 43,0
S005,structure_transition,808,508,807,300,rolling300,13 16 22 25 39 43,15 21 31 32 41 43,1
S006,pair_residual_node,808,508,807,300,rolling300,7 10 12 13 33 43,15 21 31 32 41 43,1
S007,triple_residual_node,808,508,807,300,rolling300,7 10 12 13 33 43,15 21 31 32 41 43,1
S008,family_balanced_hybrid,808,508,807,300,rolling300,7 10 12 13 14 31,15 21 31 32 41 43,1
S001,multi_window_frequency,809,509,808,300,rolling300,10 12 18 31 34 45,6 11 15 17 23 40,0
S002,gap_regime_hazard,809,509,808,300,rolling300,6 10 18 25 34 35,6 11 15 17 23 40,1
S003,momentum_state_transition,809,509,808,300,rolling300,1 2 3 7 13 14,6 11 15 17 23 40,0
S004,conditional_probability,809,509,808,300,rolling300,1 13 14 17 23 25,6 11 15 17 23 40,2
S005,structure_transition,809,509,808,300,rolling300,4 11 16 27 32 34,6 11 15 17 23 40,1
S006,pair_residual_node,809,509,808,300,rolling300,7 10 12 13 33 43,6 11 15 17 23 40,0
S007,triple_residual_node,809,509,808,300,rolling300,7 10 12 13 33 43,6 11 15 17 23 40,0
S008,family_balanced_hybrid,809,509,808,300,rolling300,1 7 10 13 14 34,6 11 15 17 23 40,0
S001,multi_window_frequency,810,510,809,300,rolling300,6 10 12 15 18 31,5 10 13 21 39 43,1
S002,gap_regime_hazard,810,510,809,300,rolling300,10 21 31 32 41 43,5 10 13 21 39 43,3
S003,momentum_state_transition,810,510,809,300,rolling300,11 16 24 28 35 39,5 10 13 21 39 43,1
S004,conditional_probability,810,510,809,300,rolling300,1 6 11 13 14 15,5 10 13 21 39 43,1
S005,structure_transition,810,510,809,300,rolling300,6 7 13 26 31 38,5 10 13 21 39 43,1
S006,pair_residual_node,810,510,809,300,rolling300,7 10 12 13 33 43,5 10 13 21 39 43,3
S007,triple_residual_node,810,510,809,300,rolling300,7 10 12 13 33 43,5 10 13 21 39 43,3
S008,family_balanced_hybrid,810,510,809,300,rolling300,1 7 10 13 14 43,5 10 13 21 39 43,3
S001,multi_window_frequency,811,511,810,300,rolling300,6 10 12 15 31 43,8 11 19 21 36 45,0
S002,gap_regime_hazard,811,511,810,300,rolling300,6 11 15 31 32 41,8 11 19 21 36 45,1
S003,momentum_state_transition,811,511,810,300,rolling300,1 2 5 13 14 23,8 11 19 21 36 45,0
S004,conditional_probability,811,511,810,300,rolling300,5 6 11 12 14 15,8 11 19 21 36 45,1
S005,structure_transition,811,511,810,300,rolling300,4 16 18 28 31 43,8 11 19 21 36 45,0
S006,pair_residual_node,811,511,810,300,rolling300,7 10 12 13 33 43,8 11 19 21 36 45,0
S007,triple_residual_node,811,511,810,300,rolling300,7 10 12 13 33 43,8 11 19 21 36 45,0
S008,family_balanced_hybrid,811,511,810,300,rolling300,5 7 12 14 23 43,8 11 19 21 36 45,0
S001,multi_window_frequency,812,512,811,300,rolling300,6 10 12 21 31 43,1 3 12 14 16 43,2
S002,gap_regime_hazard,812,512,811,300,rolling300,5 6 15 17 23 40,1 3 12 14 16 43,0
S003,momentum_state_transition,812,512,811,300,rolling300,2 8 16 24 27 28,1 3 12 14 16 43,1
S004,conditional_probability,812,512,811,300,rolling300,5 6 12 14 15 23,1 3 12 14 16 43,2
S005,structure_transition,812,512,811,300,rolling300,6 10 19 24 27 37,1 3 12 14 16 43,0
S006,pair_residual_node,812,512,811,300,rolling300,7 10 12 13 33 43,1 3 12 14 16 43,2
S007,triple_residual_node,812,512,811,300,rolling300,7 10 12 13 33 43,1 3 12 14 16 43,2
S008,family_balanced_hybrid,812,512,811,300,rolling300,5 7 10 13 33 43,1 3 12 14 16 43,1
S001,multi_window_frequency,813,513,812,300,rolling300,6 10 12 15 21 43,11 30 34 35 42 44,0
S002,gap_regime_hazard,813,513,812,300,rolling300,5 8 10 11 13 39,11 30 34 35 42 44,1
S003,momentum_state_transition,813,513,812,300,rolling300,1 3 5 13 14 23,11 30 34 35 42 44,0
S004,conditional_probability,813,513,812,300,rolling300,1 3 5 6 11 12,11 30 34 35 42 44,1
S005,structure_transition,813,513,812,300,rolling300,2 5 18 31 32 43,11 30 34 35 42 44,0
S006,pair_residual_node,813,513,812,300,rolling300,7 10 12 31 33 43,11 30 34 35 42 44,0
S007,triple_residual_node,813,513,812,300,rolling300,7 10 12 31 33 43,11 30 34 35 42 44,0
S008,family_balanced_hybrid,813,513,812,300,rolling300,5 7 10 13 33 36,11 30 34 35 42 44,0
S001,multi_window_frequency,814,514,813,300,rolling300,10 11 12 21 34 43,2 21 28 38 42 45,1
S002,gap_regime_hazard,814,514,813,300,rolling300,1 8 19 21 36 45,2 21 28 38 42 45,2
S003,momentum_state_transition,814,514,813,300,rolling300,1 3 5 13 14 23,2 21 28 38 42 45,0
S004,conditional_probability,814,514,813,300,rolling300,1 3 6 12 14 15,2 21 28 38 42 45,0
S005,structure_transition,814,514,813,300,rolling300,3 11 16 26 37 40,2 21 28 38 42 45,0
S006,pair_residual_node,814,514,813,300,rolling300,7 10 12 31 33 43,2 21 28 38 42 45,0
S007,triple_residual_node,814,514,813,300,rolling300,7 10 12 31 33 43,2 21 28 38 42 45,0
S008,family_balanced_hybrid,814,514,813,300,rolling300,1 3 12 14 36 43,2 21 28 38 42 45,0
S001,multi_window_frequency,815,515,814,300,rolling300,10 11 12 21 34 43,17 21 25 26 27 36,1
S002,gap_regime_hazard,815,515,814,300,rolling300,1 3 12 14 16 43,17 21 25 26 27 36,0
S003,momentum_state_transition,815,515,814,300,rolling300,1 3 5 13 14 23,17 21 25 26 27 36,0
S004,conditional_probability,815,515,814,300,rolling300,3 6 10 12 13 14,17 21 25 26 27 36,0
S005,structure_transition,815,515,814,300,rolling300,3 4 18 31 35 38,17 21 25 26 27 36,0
S006,pair_residual_node,815,515,814,300,rolling300,7 10 12 31 33 43,17 21 25 26 27 36,0
S007,triple_residual_node,815,515,814,300,rolling300,7 10 12 31 33 43,17 21 25 26 27 36,0
S008,family_balanced_hybrid,815,515,814,300,rolling300,3 7 12 13 14 43,17 21 25 26 27 36,0
S001,multi_window_frequency,816,516,815,300,rolling300,10 11 12 21 34 43,12 18 19 29 31 39,1
S002,gap_regime_hazard,816,516,815,300,rolling300,2 11 30 34 35 44,12 18 19 29 31 39,0
S003,momentum_state_transition,816,516,815,300,rolling300,1 5 11 13 14 23,12 18 19 29 31 39,0
S004,conditional_probability,816,516,815,300,rolling300,6 10 14 15 17 21,12 18 19 29 31 39,0
S005,structure_transition,816,516,815,300,rolling300,2 6 13 27 43 44,12 18 19 29 31 39,0
S006,pair_residual_node,816,516,815,300,rolling300,7 10 12 31 33 43,12 18 19 29 31 39,2
S007,triple_residual_node,816,516,815,300,rolling300,7 10 12 31 33 43,12 18 19 29 31 39,2
S008,family_balanced_hybrid,816,516,815,300,rolling300,7 10 11 14 34 43,12 18 19 29 31 39,0
S001,multi_window_frequency,817,517,816,300,rolling300,10 11 12 19 21 43,3 9 12 13 25 43,2
S002,gap_regime_hazard,817,517,816,300,rolling300,2 17 28 38 42 45,3 9 12 13 25 43,0
S003,momentum_state_transition,817,517,816,300,rolling300,1 5 11 13 14 23,3 9 12 13 25 43,1
S004,conditional_probability,817,517,816,300,rolling300,6 10 12 15 17 21,3 9 12 13 25 43,1
S005,structure_transition,817,517,816,300,rolling300,2 20 22 35 37 39,3 9 12 13 25 43,0
S006,pair_residual_node,817,517,816,300,rolling300,7 10 12 31 33 43,3 9 12 13 25 43,2
S007,triple_residual_node,817,517,816,300,rolling300,7 10 12 31 33 43,3 9 12 13 25 43,2
S008,family_balanced_hybrid,817,517,816,300,rolling300,7 10 11 12 17 43,3 9 12 13 25 43,2
S001,multi_window_frequency,818,518,817,300,rolling300,10 11 12 19 21 43,14 15 25 28 29 30,0
S002,gap_regime_hazard,818,518,817,300,rolling300,17 18 21 26 27 36,14 15 25 28 29 30,0
S003,momentum_state_transition,818,518,817,300,rolling300,1 11 13 14 17 23,14 15 25 28 29 30,1
S004,conditional_probability,818,518,817,300,rolling300,3 13 15 17 21 43,14 15 25 28 29 30,1
S005,structure_transition,818,518,817,300,rolling300,4 12 17 32 36 41,14 15 25 28 29 30,0
S006,pair_residual_node,818,518,817,300,rolling300,7 10 12 13 33 43,14 15 25 28 29 30,0
S007,triple_residual_node,818,518,817,300,rolling300,7 10 12 13 33 43,14 15 25 28 29 30,0
S008,family_balanced_hybrid,818,518,817,300,rolling300,7 11 13 17 31 43,14 15 25 28 29 30,0
S001,multi_window_frequency,819,519,818,300,rolling300,10 12 19 21 43 45,16 25 33 38 40 45,1
S002,gap_regime_hazard,819,519,818,300,rolling300,3 9 18 19 31 39,16 25 33 38 40 45,0
S003,momentum_state_transition,819,519,818,300,rolling300,1 11 13 14 17 23,16 25 33 38 40 45,0
S004,conditional_probability,819,519,818,300,rolling300,3 13 14 15 17 21,16 25 33 38 40 45,0
S005,structure_transition,819,519,818,300,rolling300,1 6 14 26 43 45,16 25 33 38 40 45,1
S006,pair_residual_node,819,519,818,300,rolling300,7 10 12 13 33 43,16 25 33 38 40 45,1
S007,triple_residual_node,819,519,818,300,rolling300,7 10 12 13 33 43,16 25 33 38 40 45,1
S008,family_balanced_hybrid,819,519,818,300,rolling300,7 12 13 14 17 43,16 25 33 38 40 45,0
S001,multi_window_frequency,820,520,819,300,rolling300,10 12 21 34 43 45,10 21 22 30 35 42,2
S002,gap_regime_hazard,820,520,819,300,rolling300,3 9 12 13 14 43,10 21 22 30 35 42,0
S003,momentum_state_transition,820,520,819,300,rolling300,1 11 13 14 25 28,10 21 22 30 35 42,0
S004,conditional_probability,820,520,819,300,rolling300,3 11 13 14 21 25,10 21 22 30 35 42,1
S005,structure_transition,820,520,819,300,rolling300,1 6 14 23 24 45,10 21 22 30 35 42,0
S006,pair_residual_node,820,520,819,300,rolling300,7 10 12 13 33 43,10 21 22 30 35 42,1
S007,triple_residual_node,820,520,819,300,rolling300,7 10 12 13 33 43,10 21 22 30 35 42,1
S008,family_balanced_hybrid,820,520,819,300,rolling300,7 12 13 14 28 43,10 21 22 30 35 42,0
S001,multi_window_frequency,821,521,820,300,rolling300,10 12 21 34 43 45,1 12 13 24 29 44,1
S002,gap_regime_hazard,821,521,820,300,rolling300,14 15 16 25 28 29,1 12 13 24 29 44,1
S003,momentum_state_transition,821,521,820,300,rolling300,11 13 14 17 21 25,1 12 13 24 29 44,1
S004,conditional_probability,821,521,820,300,rolling300,3 11 14 16 21 25,1 12 13 24 29 44,0
S005,structure_transition,821,521,820,300,rolling300,1 6 14 15 42 45,1 12 13 24 29 44,1
S006,pair_residual_node,821,521,820,300,rolling300,7 10 12 13 33 43,1 12 13 24 29 44,2
S007,triple_residual_node,821,521,820,300,rolling300,7 10 12 13 33 43,1 12 13 24 29 44,2
S008,family_balanced_hybrid,821,521,820,300,rolling300,7 12 14 25 28 43,1 12 13 24 29 44,1
S001,multi_window_frequency,822,522,821,300,rolling300,10 12 21 34 43 45,9 18 20 24 27 36,0
S002,gap_regime_hazard,822,522,821,300,rolling300,16 25 33 38 40 45,9 18 20 24 27 36,0
S003,momentum_state_transition,822,522,821,300,rolling300,1 11 13 14 18 21,9 18 20 24 27 36,1
S004,conditional_probability,822,522,821,300,rolling300,1 3 12 13 14 25,9 18 20 24 27 36,0
S005,structure_transition,822,522,821,300,rolling300,4 7 22 35 40 44,9 18 20 24 27 36,0
S006,pair_residual_node,822,522,821,300,rolling300,10 12 13 31 33 43,9 18 20 24 27 36,0
S007,triple_residual_node,822,522,821,300,rolling300,7 10 12 13 33 43,9 18 20 24 27 36,0
S008,family_balanced_hybrid,822,522,821,300,rolling300,1 10 12 13 14 43,9 18 20 24 27 36,0
S001,multi_window_frequency,823,523,822,300,rolling300,10 12 18 21 43 45,12 18 24 26 39 40,2
S002,gap_regime_hazard,823,523,822,300,rolling300,10 21 22 30 35 42,12 18 24 26 39 40,0
S003,momentum_state_transition,823,523,822,300,rolling300,1 9 11 13 14 18,12 18 24 26 39 40,1
S004,conditional_probability,823,523,822,300,rolling300,9 13 18 24 25 27,12 18 24 26 39 40,2
S005,structure_transition,823,523,822,300,rolling300,2 3 11 24 39 44,12 18 24 26 39 40,2
S006,pair_residual_node,823,523,822,300,rolling300,7 10 12 13 33 43,12 18 24 26 39 40,1
S007,triple_residual_node,823,523,822,300,rolling300,7 10 12 13 33 43,12 18 24 26 39 40,1
S008,family_balanced_hybrid,823,523,822,300,rolling300,1 7 10 12 13 14,12 18 24 26 39 40,1
S001,multi_window_frequency,824,524,823,300,rolling300,10 12 18 21 24 45,7 9 24 29 34 38,1
S002,gap_regime_hazard,824,524,823,300,rolling300,1 9 13 20 29 44,7 9 24 29 34 38,2
S003,momentum_state_transition,824,524,823,300,rolling300,1 11 13 14 18 21,7 9 24 29 34 38,0
S004,conditional_probability,824,524,823,300,rolling300,9 12 13 25 26 27,7 9 24 29 34 38,1
S005,structure_transition,824,524,823,300,rolling300,1 4 6 31 40 45,7 9 24 29 34 38,0
S006,pair_residual_node,824,524,823,300,rolling300,7 10 12 13 33 43,7 9 24 29 34 38,1
S007,triple_residual_node,824,524,823,300,rolling300,7 10 12 13 33 43,7 9 24 29 34 38,1
S008,family_balanced_hybrid,824,524,823,300,rolling300,1 5 7 12 13 27,7 9 24 29 34 38,1
S001,multi_window_frequency,825,525,824,300,rolling300,10 12 18 21 24 34,8 15 21 31 33 38,1
S002,gap_regime_hazard,825,525,824,300,rolling300,12 18 20 26 27 36,8 15 21 31 33 38,0
S003,momentum_state_transition,825,525,824,300,rolling300,3 9 11 14 18 21,8 15 21 31 33 38,1
S004,conditional_probability,825,525,824,300,rolling300,13 21 26 27 30 36,8 15 21 31 33 38,1
S005,structure_transition,825,525,824,300,rolling300,5 6 17 27 30 38,8 15 21 31 33 38,1
S006,pair_residual_node,825,525,824,300,rolling300,7 10 12 13 33 43,8 15 21 31 33 38,1
S007,triple_residual_node,825,525,824,300,rolling300,7 10 12 13 33 43,8 15 21 31 33 38,1
S008,family_balanced_hybrid,825,525,824,300,rolling300,10 12 13 21 27 36,8 15 21 31 33 38,1
S001,multi_window_frequency,826,526,825,300,rolling300,10 12 18 21 24 34,13 16 24 25 33 36,1
S002,gap_regime_hazard,826,526,825,300,rolling300,7 12 18 26 39 40,13 16 24 25 33 36,0
S003,momentum_state_transition,826,526,825,300,rolling300,9 11 14 15 21 24,13 16 24 25 33 36,1
S004,conditional_probability,826,526,825,300,rolling300,13 15 21 30 31 33,13 16 24 25 33 36,2
S005,structure_transition,826,526,825,300,rolling300,12 13 21 28 32 45,13 16 24 25 33 36,1
S006,pair_residual_node,826,526,825,300,rolling300,7 10 12 13 33 43,13 16 24 25 33 36,2
S007,triple_residual_node,826,526,825,300,rolling300,7 10 12 13 33 43,13 16 24 25 33 36,2
S008,family_balanced_hybrid,826,526,825,300,rolling300,5 7 10 12 13 34,13 16 24 25 33 36,1
S001,multi_window_frequency,827,527,826,300,rolling300,10 12 13 18 21 24,5 11 12 29 33 44,1
S002,gap_regime_hazard,827,527,826,300,rolling300,7 8 9 15 29 34,5 11 12 29 33 44,1
S003,momentum_state_transition,827,527,826,300,rolling300,9 11 15 16 21 24,5 11 12 29 33 44,1
S004,conditional_probability,827,527,826,300,rolling300,15 16 18 21 24 30,5 11 12 29 33 44,0
S005,structure_transition,827,527,826,300,rolling300,4 9 22 23 33 40,5 11 12 29 33 44,1
S006,pair_residual_node,827,527,826,300,rolling300,7 10 12 13 33 43,5 11 12 29 33 44,2
S007,triple_residual_node,827,527,826,300,rolling300,7 10 12 13 33 43,5 11 12 29 33 44,2
S008,family_balanced_hybrid,827,527,826,300,rolling300,7 12 15 21 33 34,5 11 12 29 33 44,2
S001,multi_window_frequency,828,528,827,300,rolling300,10 12 18 21 24 33,4 7 13 29 31 39,0
S002,gap_regime_hazard,828,528,827,300,rolling300,8 13 15 21 31 38,4 7 13 29 31 39,2
S003,momentum_state_transition,828,528,827,300,rolling300,9 11 15 16 21 24,4 7 13 29 31 39,0
S004,conditional_probability,828,528,827,300,rolling300,9 13 15 16 18 24,4 7 13 29 31 39,1
S005,structure_transition,828,528,827,300,rolling300,1 5 14 30 37 40,4 7 13 29 31 39,0
S006,pair_residual_node,828,528,827,300,rolling300,7 10 12 13 33 43,4 7 13 29 31 39,2
S007,triple_residual_node,828,528,827,300,rolling300,7 10 12 13 33 43,4 7 13 29 31 39,2
S008,family_balanced_hybrid,828,528,827,300,rolling300,13 15 16 21 24 33,4 7 13 29 31 39,1
S001,multi_window_frequency,829,529,828,300,rolling300,10 12 13 21 24 33,4 5 31 35 43 45,0
S002,gap_regime_hazard,829,529,828,300,rolling300,5 11 16 24 25 36,4 5 31 35 43 45,1
S003,momentum_state_transition,829,529,828,300,rolling300,9 11 15 16 24 29,4 5 31 35 43 45,0
S004,conditional_probability,829,529,828,300,rolling300,7 9 16 24 29 33,4 5 31 35 43 45,0
S005,structure_transition,829,529,828,300,rolling300,10 15 18 25 39 42,4 5 31 35 43 45,0
S006,pair_residual_node,829,529,828,300,rolling300,7 10 12 13 33 43,4 5 31 35 43 45,1
S007,triple_residual_node,829,529,828,300,rolling300,7 10 12 13 33 43,4 5 31 35 43 45,1
S008,family_balanced_hybrid,829,529,828,300,rolling300,7 10 12 16 24 33,4 5 31 35 43 45,0
S001,multi_window_frequency,830,530,829,300,rolling300,10 12 13 21 24 31,5 6 16 18 37 38,0
S002,gap_regime_hazard,830,530,829,300,rolling300,7 11 12 13 33 44,5 6 16 18 37 38,0
S003,momentum_state_transition,830,530,829,300,rolling300,5 9 11 16 24 29,5 6 16 18 37 38,2
S004,conditional_probability,830,530,829,300,rolling300,4 5 7 9 18 24,5 6 16 18 37 38,2
S005,structure_transition,830,530,829,300,rolling300,1 3 19 31 34 42,5 6 16 18 37 38,0
S006,pair_residual_node,830,530,829,300,rolling300,7 10 12 13 33 43,5 6 16 18 37 38,0
S007,triple_residual_node,830,530,829,300,rolling300,7 10 12 13 33 43,5 6 16 18 37 38,0
S008,family_balanced_hybrid,830,530,829,300,rolling300,5 7 12 13 33 44,5 6 16 18 37 38,1
S001,multi_window_frequency,831,531,830,300,rolling300,12 13 18 21 24 31,3 10 16 19 31 39,1
S002,gap_regime_hazard,831,531,830,300,rolling300,4 7 31 35 43 45,3 10 16 19 31 39,1
S003,momentum_state_transition,831,531,830,300,rolling300,9 11 16 24 29 30,3 10 16 19 31 39,1
S004,conditional_probability,831,531,830,300,rolling300,4 7 9 16 24 36,3 10 16 19 31 39,1
S005,structure_transition,831,531,830,300,rolling300,6 9 15 29 30 42,3 10 16 19 31 39,0
S006,pair_residual_node,831,531,830,300,rolling300,7 10 12 13 33 43,3 10 16 19 31 39,1
S007,triple_residual_node,831,531,830,300,rolling300,7 10 12 13 33 43,3 10 16 19 31 39,1
S008,family_balanced_hybrid,831,531,830,300,rolling300,7 10 12 13 31 33,3 10 16 19 31 39,2
S001,multi_window_frequency,832,532,831,300,rolling300,10 12 18 21 24 31,13 14 19 26 40 43,0
S002,gap_regime_hazard,832,532,831,300,rolling300,4 5 6 18 37 38,13 14 19 26 40 43,0
S003,momentum_state_transition,832,532,831,300,rolling300,3 9 16 24 29 30,13 14 19 26 40 43,0
S004,conditional_probability,832,532,831,300,rolling300,4 7 9 12 13 36,13 14 19 26 40 43,1
S005,structure_transition,832,532,831,300,rolling300,9 10 12 23 25 42,13 14 19 26 40 43,0
S006,pair_residual_node,832,532,831,300,rolling300,7 10 12 13 33 43,13 14 19 26 40 43,2
S007,triple_residual_node,832,532,831,300,rolling300,7 10 12 13 33 43,13 14 19 26 40 43,2
S008,family_balanced_hybrid,832,532,831,300,rolling300,4 5 7 12 13 33,13 14 19 26 40 43,1
S001,multi_window_frequency,833,533,832,300,rolling300,12 13 21 24 31 43,12 18 30 39 41 42,1
S002,gap_regime_hazard,833,533,832,300,rolling300,3 5 10 16 31 39,12 18 30 39 41 42,1
S003,momentum_state_transition,833,533,832,300,rolling300,9 16 19 24 25 29,12 18 30 39 41 42,0
S004,conditional_probability,833,533,832,300,rolling300,4 7 12 18 19 26,12 18 30 39 41 42,2
S005,structure_transition,833,533,832,300,rolling300,1 6 20 26 33 35,12 18 30 39 41 42,0
S006,pair_residual_node,833,533,832,300,rolling300,7 10 12 13 33 43,12 18 30 39 41 42,1
S007,triple_residual_node,833,533,832,300,rolling300,7 10 12 13 33 43,12 18 30 39 41 42,1
S008,family_balanced_hybrid,833,533,832,300,rolling300,5 7 10 12 31 33,12 18 30 39 41 42,1
S001,multi_window_frequency,834,534,833,300,rolling300,12 13 18 21 31 43,6 8 18 35 42 43,2
S002,gap_regime_hazard,834,534,833,300,rolling300,13 14 19 26 40 43,6 8 18 35 42 43,1
S003,momentum_state_transition,834,534,833,300,rolling300,9 16 19 24 25 29,6 8 18 35 42 43,0
S004,conditional_probability,834,534,833,300,rolling300,4 7 12 18 19 24,6 8 18 35 42 43,1
S005,structure_transition,834,534,833,300,rolling300,5 16 20 29 39 43,6 8 18 35 42 43,1
S006,pair_residual_node,834,534,833,300,rolling300,7 10 12 13 33 43,6 8 18 35 42 43,1
S007,triple_residual_node,834,534,833,300,rolling300,7 10 12 13 33 43,6 8 18 35 42 43,1
S008,family_balanced_hybrid,834,534,833,300,rolling300,7 10 13 31 33 43,6 8 18 35 42 43,1
S001,multi_window_frequency,835,535,834,300,rolling300,12 13 18 21 31 43,9 10 13 28 38 45,1
S002,gap_regime_hazard,835,535,834,300,rolling300,12 13 14 30 39 41,9 10 13 28 38 45,1
S003,momentum_state_transition,835,535,834,300,rolling300,9 16 19 24 25 29,9 10 13 28 38 45,1
S004,conditional_probability,835,535,834,300,rolling300,4 6 8 12 19 29,9 10 13 28 38 45,0
S005,structure_transition,835,535,834,300,rolling300,1 3 5 32 35 44,9 10 13 28 38 45,0
S006,pair_residual_node,835,535,834,300,rolling300,7 10 12 13 33 43,9 10 13 28 38 45,2
S007,triple_residual_node,835,535,834,300,rolling300,7 10 12 13 33 43,9 10 13 28 38 45,2
S008,family_balanced_hybrid,835,535,834,300,rolling300,7 12 13 31 33 39,9 10 13 28 38 45,1
S001,multi_window_frequency,836,536,835,300,rolling300,10 12 13 18 31 43,1 9 11 14 26 28,0
S002,gap_regime_hazard,836,536,835,300,rolling300,6 8 18 35 42 43,1 9 11 14 26 28,0
S003,momentum_state_transition,836,536,835,300,rolling300,9 16 19 24 29 30,1 9 11 14 26 28,1
S004,conditional_probability,836,536,835,300,rolling300,4 6 10 12 19 29,1 9 11 14 26 28,0
S005,structure_transition,836,536,835,300,rolling300,10 15 18 25 39 42,1 9 11 14 26 28,0
S006,pair_residual_node,836,536,835,300,rolling300,7 10 12 13 33 43,1 9 11 14 26 28,0
S007,triple_residual_node,836,536,835,300,rolling300,7 10 12 13 33 43,1 9 11 14 26 28,0
S008,family_balanced_hybrid,836,536,835,300,rolling300,6 10 12 33 35 43,1 9 11 14 26 28,0
S001,multi_window_frequency,837,537,836,300,rolling300,10 12 13 18 31 43,2 25 28 30 33 45,0
S002,gap_regime_hazard,837,537,836,300,rolling300,6 8 10 13 38 45,2 25 28 30 33 45,1
S003,momentum_state_transition,837,537,836,300,rolling300,9 16 24 29 30 33,2 25 28 30 33 45,2
S004,conditional_probability,837,537,836,300,rolling300,4 6 9 10 11 12,2 25 28 30 33 45,0
S005,structure_transition,837,537,836,300,rolling300,6 7 13 26 31 38,2 25 28 30 33 45,0
S006,pair_residual_node,837,537,836,300,rolling300,7 10 12 13 33 43,2 25 28 30 33 45,1
S007,triple_residual_node,837,537,836,300,rolling300,7 10 12 13 33 43,2 25 28 30 33 45,1
S008,family_balanced_hybrid,837,537,836,300,rolling300,6 10 12 13 33 38,2 25 28 30 33 45,1
S001,multi_window_frequency,838,538,837,300,rolling300,12 13 18 31 43 45,9 14 17 33 36 38,0
S002,gap_regime_hazard,838,538,837,300,rolling300,1 9 10 11 14 26,9 14 17 33 36 38,2
S003,momentum_state_transition,838,538,837,300,rolling300,5 9 16 24 29 30,9 14 17 33 36 38,1
S004,conditional_probability,838,538,837,300,rolling300,4 5 6 9 10 14,9 14 17 33 36 38,2
S005,structure_transition,838,538,837,300,rolling300,8 16 19 25 29 42,9 14 17 33 36 38,0
S006,pair_residual_node,838,538,837,300,rolling300,7 10 12 13 33 43,9 14 17 33 36 38,1
S007,triple_residual_node,838,538,837,300,rolling300,7 10 12 13 33 43,9 14 17 33 36 38,1
S008,family_balanced_hybrid,838,538,837,300,rolling300,5 10 13 14 15 38,9 14 17 33 36 38,2
S001,multi_window_frequency,839,539,838,300,rolling300,10 12 18 38 43 45,3 9 11 12 13 19,1
S002,gap_regime_hazard,839,539,838,300,rolling300,1 2 25 28 30 45,3 9 11 12 13 19,0
S003,momentum_state_transition,839,539,838,300,rolling300,5 9 16 24 29 33,3 9 11 12 13 19,1
S004,conditional_probability,839,539,838,300,rolling300,5 6 10 13 16 19,3 9 11 12 13 19,2
S005,structure_transition,839,539,838,300,rolling300,11 20 21 23 28 36,3 9 11 12 13 19,1
S006,pair_residual_node,839,539,838,300,rolling300,7 10 12 13 14 33,3 9 11 12 13 19,2
S007,triple_residual_node,839,539,838,300,rolling300,7 10 12 13 14 33,3 9 11 12 13 19,2
S008,family_balanced_hybrid,839,539,838,300,rolling300,5 10 13 15 31 33,3 9 11 12 13 19,1
S001,multi_window_frequency,840,540,839,300,rolling300,10 12 13 18 19 38,2 4 11 28 29 43,0
S002,gap_regime_hazard,840,540,839,300,rolling300,2 14 17 33 36 38,2 4 11 28 29 43,1
S003,momentum_state_transition,840,540,839,300,rolling300,5 9 16 19 24 29,2 4 11 28 29 43,1
S004,conditional_probability,840,540,839,300,rolling300,3 6 10 11 12 16,2 4 11 28 29 43,1
S005,structure_transition,840,540,839,300,rolling300,1 12 29 37 40 42,2 4 11 28 29 43,1
S006,pair_residual_node,840,540,839,300,rolling300,7 10 12 13 14 33,2 4 11 28 29 43,0
S007,triple_residual_node,840,540,839,300,rolling300,7 10 12 13 14 33,2 4 11 28 29 43,0
S008,family_balanced_hybrid,840,540,839,300,rolling300,7 10 12 14 15 33,2 4 11 28 29 43,0
S001,multi_window_frequency,841,541,840,300,rolling300,11 12 13 19 28 43,5 11 14 30 33 38,1
S002,gap_regime_hazard,841,541,840,300,rolling300,3 9 12 13 14 19,5 11 14 30 33 38,1
S003,momentum_state_transition,841,541,840,300,rolling300,4 5 9 16 19 24,5 11 14 30 33 38,1
S004,conditional_probability,841,541,840,300,rolling300,2 3 10 12 18 26,5 11 14 30 33 38,0
S005,structure_transition,841,541,840,300,rolling300,4 8 14 33 37 41,5 11 14 30 33 38,2
S006,pair_residual_node,841,541,840,300,rolling300,7 10 12 13 14 33,5 11 14 30 33 38,2
S007,triple_residual_node,841,541,840,300,rolling300,7 10 12 13 14 33,5 11 14 30 33 38,2
S008,family_balanced_hybrid,841,541,840,300,rolling300,3 5 10 12 13 33,5 11 14 30 33 38,2
S001,multi_window_frequency,842,542,841,300,rolling300,11 12 13 33 38 43,14 26 32 36 39 42,0
S002,gap_regime_hazard,842,542,841,300,rolling300,2 3 4 28 29 43,14 26 32 36 39 42,0
S003,momentum_state_transition,842,542,841,300,rolling300,4 5 9 16 19 24,14 26 32 36 39 42,0
S004,conditional_probability,842,542,841,300,rolling300,2 12 18 19 26 42,14 26 32 36 39 42,2
S005,structure_transition,842,542,841,300,rolling300,1 13 16 28 29 38,14 26 32 36 39 42,0
S006,pair_residual_node,842,542,841,300,rolling300,7 10 12 13 14 33,14 26 32 36 39 42,1
S007,triple_residual_node,842,542,841,300,rolling300,7 10 12 13 14 33,14 26 32 36 39 42,1
S008,family_balanced_hybrid,842,542,841,300,rolling300,2 12 13 28 33 43,14 26 32 36 39 42,0
S001,multi_window_frequency,843,543,842,300,rolling300,11 12 14 28 33 38,19 21 30 33 34 42,1
S002,gap_regime_hazard,843,543,842,300,rolling300,2 5 11 30 33 38,19 21 30 33 34 42,2
S003,momentum_state_transition,843,543,842,300,rolling300,4 5 16 19 24 28,19 21 30 33 34 42,1
S004,conditional_probability,843,543,842,300,rolling300,2 12 13 18 26 36,19 21 30 33 34 42,0
S005,structure_transition,843,543,842,300,rolling300,7 8 21 32 41 44,19 21 30 33 34 42,1
S006,pair_residual_node,843,543,842,300,rolling300,7 10 12 13 14 33,19 21 30 33 34 42,1
S007,triple_residual_node,843,543,842,300,rolling300,7 10 12 13 14 33,19 21 30 33 34 42,1
S008,family_balanced_hybrid,843,543,842,300,rolling300,2 5 11 12 28 33,19 21 30 33 34 42,1
S001,multi_window_frequency,844,544,843,300,rolling300,11 12 14 28 33 38,7 8 13 15 33 45,1
S002,gap_regime_hazard,844,544,843,300,rolling300,5 14 26 32 36 39,7 8 13 15 33 45,0
S003,momentum_state_transition,844,544,843,300,rolling300,4 5 9 16 19 28,7 8 13 15 33 45,0
S004,conditional_probability,844,544,843,300,rolling300,2 13 19 26 36 43,7 8 13 15 33 45,1
S005,structure_transition,844,544,843,300,rolling300,1 13 18 25 30 40,7 8 13 15 33 45,1
S006,pair_residual_node,844,544,843,300,rolling300,7 10 12 13 14 33,7 8 13 15 33 45,3
S007,triple_residual_node,844,544,843,300,rolling300,7 10 12 13 14 33,7 8 13 15 33 45,3
S008,family_balanced_hybrid,844,544,843,300,rolling300,11 13 14 33 36 38,7 8 13 15 33 45,2
S001,multi_window_frequency,845,545,844,300,rolling300,11 12 13 14 33 38,1 16 29 33 40 45,1
S002,gap_regime_hazard,845,545,844,300,rolling300,14 19 21 30 34 42,1 16 29 33 40 45,0
S003,momentum_state_transition,845,545,844,300,rolling300,4 5 8 16 19 26,1 16 29 33 40 45,1
S004,conditional_probability,845,545,844,300,rolling300,2 9 19 26 36 42,1 16 29 33 40 45,0
S005,structure_transition,845,545,844,300,rolling300,2 15 21 34 37 42,1 16 29 33 40 45,0
S006,pair_residual_node,845,545,844,300,rolling300,7 10 12 13 14 33,1 16 29 33 40 45,1
S007,triple_residual_node,845,545,844,300,rolling300,7 10 12 13 14 33,1 16 29 33 40 45,1
S008,family_balanced_hybrid,845,545,844,300,rolling300,11 13 14 28 33 36,1 16 29 33 40 45,1
S001,multi_window_frequency,846,546,845,300,rolling300,11 12 14 33 38 45,5 18 30 41 43 45,1
S002,gap_regime_hazard,846,546,845,300,rolling300,7 8 13 15 19 21,5 18 30 41 43 45,0
S003,momentum_state_transition,846,546,845,300,rolling300,4 5 16 19 26 28,5 18 30 41 43 45,1
S004,conditional_probability,846,546,845,300,rolling300,1 2 13 19 26 29,5 18 30 41 43 45,0
S005,structure_transition,846,546,845,300,rolling300,6 19 20 25 37 40,5 18 30 41 43 45,0
S006,pair_residual_node,846,546,845,300,rolling300,10 12 13 14 33 43,5 18 30 41 43 45,1
S007,triple_residual_node,846,546,845,300,rolling300,10 12 13 14 33 43,5 18 30 41 43 45,1
S008,family_balanced_hybrid,846,546,845,300,rolling300,10 11 12 13 14 33,5 18 30 41 43 45,0
S001,multi_window_frequency,847,547,846,300,rolling300,11 12 33 38 43 45,12 16 26 28 30 42,1
S002,gap_regime_hazard,847,547,846,300,rolling300,1 7 16 29 33 40,12 16 26 28 30 42,1
S003,momentum_state_transition,847,547,846,300,rolling300,4 5 14 19 26 28,12 16 26 28 30 42,2
S004,conditional_probability,847,547,846,300,rolling300,2 5 9 13 19 28,12 16 26 28 30 42,1
S005,structure_transition,847,547,846,300,rolling300,6 12 15 39 42 43,12 16 26 28 30 42,2
S006,pair_residual_node,847,547,846,300,rolling300,10 12 13 14 31 33,12 16 26 28 30 42,1
S007,triple_residual_node,847,547,846,300,rolling300,10 12 13 14 31 33,12 16 26 28 30 42,1
S008,family_balanced_hybrid,847,547,846,300,rolling300,5 10 13 14 28 33,12 16 26 28 30 42,1
S001,multi_window_frequency,848,548,847,300,rolling300,11 12 30 33 38 45,1 2 16 22 38 39,1
S002,gap_regime_hazard,848,548,847,300,rolling300,1 5 18 41 43 45,1 2 16 22 38 39,1
S003,momentum_state_transition,848,548,847,300,rolling300,4 5 14 19 26 28,1 2 16 22 38 39,0
S004,conditional_probability,848,548,847,300,rolling300,5 9 12 13 16 19,1 2 16 22 38 39,1
S005,structure_transition,848,548,847,300,rolling300,9 18 21 24 37 38,1 2 16 22 38 39,1
S006,pair_residual_node,848,548,847,300,rolling300,10 12 13 14 31 33,1 2 16 22 38 39,0
S007,triple_residual_node,848,548,847,300,rolling300,10 12 13 14 31 33,1 2 16 22 38 39,0
S008,family_balanced_hybrid,848,548,847,300,rolling300,5 12 13 14 33 43,1 2 16 22 38 39,0
S001,multi_window_frequency,849,549,848,300,rolling300,12 16 30 33 38 45,5 13 17 29 34 39,0
S002,gap_regime_hazard,849,549,848,300,rolling300,5 12 26 28 30 42,5 13 17 29 34 39,1
S003,momentum_state_transition,849,549,848,300,rolling300,1 2 5 14 19 26,5 13 17 29 34 39,1
S004,conditional_probability,849,549,848,300,rolling300,1 2 5 12 13 14,5 13 17 29 34 39,2
S005,structure_transition,849,549,848,300,rolling300,3 16 19 26 40 41,5 13 17 29 34 39,0
S006,pair_residual_node,849,549,848,300,rolling300,10 12 13 14 31 33,5 13 17 29 34 39,1
S007,triple_residual_node,849,549,848,300,rolling300,10 12 13 14 31 33,5 13 17 29 34 39,1
S008,family_balanced_hybrid,849,549,848,300,rolling300,5 12 13 14 28 43,5 13 17 29 34 39,2
S001,multi_window_frequency,850,550,849,300,rolling300,12 30 33 38 39 45,16 20 24 28 36 39,1
S002,gap_regime_hazard,850,550,849,300,rolling300,1 2 12 16 22 38,16 20 24 28 36 39,1
S003,momentum_state_transition,850,550,849,300,rolling300,1 2 14 19 26 28,16 20 24 28 36 39,1
S004,conditional_probability,850,550,849,300,rolling300,1 2 11 13 14 26,16 20 24 28 36 39,0
S005,structure_transition,850,550,849,300,rolling300,1 13 18 25 30 40,16 20 24 28 36 39,0
S006,pair_residual_node,850,550,849,300,rolling300,10 12 13 14 31 33,16 20 24 28 36 39,0
S007,triple_residual_node,850,550,849,300,rolling300,10 12 13 14 31 33,16 20 24 28 36 39,0
S008,family_balanced_hybrid,850,550,849,300,rolling300,1 2 12 14 16 28,16 20 24 28 36 39,2
S001,multi_window_frequency,851,551,850,300,rolling300,12 16 33 38 39 45,14 18 22 26 31 44,0
S002,gap_regime_hazard,851,551,850,300,rolling300,1 5 13 17 29 34,14 18 22 26 31 44,0
S003,momentum_state_transition,851,551,850,300,rolling300,1 2 14 19 26 28,14 18 22 26 31 44,2
S004,conditional_probability,851,551,850,300,rolling300,1 13 14 26 28 29,14 18 22 26 31 44,2
S005,structure_transition,851,551,850,300,rolling300,3 16 19 26 40 41,14 18 22 26 31 44,1
S006,pair_residual_node,851,551,850,300,rolling300,10 12 13 14 31 33,14 18 22 26 31 44,2
S007,triple_residual_node,851,551,850,300,rolling300,10 12 13 14 31 33,14 18 22 26 31 44,2
S008,family_balanced_hybrid,851,551,850,300,rolling300,1 5 12 13 14 33,14 18 22 26 31 44,1
S001,multi_window_frequency,852,552,851,300,rolling300,12 16 18 33 39 45,11 17 28 30 33 35,1
S002,gap_regime_hazard,852,552,851,300,rolling300,16 20 24 28 36 39,11 17 28 30 33 35,1
S003,momentum_state_transition,852,552,851,300,rolling300,1 2 11 14 19 26,11 17 28 30 33 35,1
S004,conditional_probability,852,552,851,300,rolling300,1 5 13 14 18 22,11 17 28 30 33 35,0
S005,structure_transition,852,552,851,300,rolling300,4 13 16 31 33 42,11 17 28 30 33 35,1
S006,pair_residual_node,852,552,851,300,rolling300,10 12 13 14 31 33,11 17 28 30 33 35,1
S007,triple_residual_node,852,552,851,300,rolling300,10 12 13 14 31 33,11 17 28 30 33 35,1
S008,family_balanced_hybrid,852,552,851,300,rolling300,5 13 14 28 33 36,11 17 28 30 33 35,2
S001,multi_window_frequency,853,553,852,300,rolling300,12 16 30 33 39 45,2 8 23 26 27 44,0
S002,gap_regime_hazard,853,553,852,300,rolling300,14 18 22 26 31 44,2 8 23 26 27 44,2
S003,momentum_state_transition,853,553,852,300,rolling300,1 2 11 14 17 28,2 8 23 26 27 44,1
S004,conditional_probability,853,553,852,300,rolling300,1 5 13 17 18 22,2 8 23 26 27 44,0
S005,structure_transition,853,553,852,300,rolling300,4 9 22 23 33 40,2 8 23 26 27 44,1
S006,pair_residual_node,853,553,852,300,rolling300,10 12 13 14 31 33,2 8 23 26 27 44,0
S007,triple_residual_node,853,553,852,300,rolling300,10 12 13 14 31 33,2 8 23 26 27 44,0
S008,family_balanced_hybrid,853,553,852,300,rolling300,5 13 14 16 18 39,2 8 23 26 27 44,0
S001,multi_window_frequency,854,554,853,300,rolling300,12 16 28 33 39 45,20 25 31 32 36 43,0
S002,gap_regime_hazard,854,554,853,300,rolling300,11 17 28 30 33 35,20 25 31 32 36 43,0
S003,momentum_state_transition,854,554,853,300,rolling300,1 2 8 11 14 17,20 25 31 32 36 43,0
S004,conditional_probability,854,554,853,300,rolling300,1 2 5 8 13 17,20 25 31 32 36 43,0
S005,structure_transition,854,554,853,300,rolling300,2 4 14 33 37 41,20 25 31 32 36 43,0
S006,pair_residual_node,854,554,853,300,rolling300,10 12 13 14 31 33,20 25 31 32 36 43,1
S007,triple_residual_node,854,554,853,300,rolling300,10 12 13 14 31 33,20 25 31 32 36 43,1
S008,family_balanced_hybrid,854,554,853,300,rolling300,5 11 13 14 28 33,20 25 31 32 36 43,0
S001,multi_window_frequency,855,555,854,300,rolling300,12 16 28 33 39 43,8 15 17 19 43 44,1
S002,gap_regime_hazard,855,555,854,300,rolling300,2 8 23 26 27 44,8 15 17 19 43 44,2
S003,momentum_state_transition,855,555,854,300,rolling300,1 2 11 14 17 28,8 15 17 19 43 44,1
S004,conditional_probability,855,555,854,300,rolling300,1 2 5 17 18 20,8 15 17 19 43 44,1
S005,structure_transition,855,555,854,300,rolling300,6 22 27 29 32 45,8 15 17 19 43 44,0
S006,pair_residual_node,855,555,854,300,rolling300,10 12 13 31 33 43,8 15 17 19 43 44,1
S007,triple_residual_node,855,555,854,300,rolling300,10 12 14 31 33 43,8 15 17 19 43 44,1
S008,family_balanced_hybrid,855,555,854,300,rolling300,2 11 12 28 31 33,8 15 17 19 43 44,0
S001,multi_window_frequency,856,556,855,300,rolling300,12 16 28 33 39 43,10 24 40 41 43 44,1
S002,gap_regime_hazard,856,556,855,300,rolling300,2 20 25 31 32 36,10 24 40 41 43 44,0
S003,momentum_state_transition,856,556,855,300,rolling300,1 2 8 11 14 17,10 24 40 41 43 44,0
S004,conditional_probability,856,556,855,300,rolling300,2 5 8 18 20 22,10 24 40 41 43 44,0
S005,structure_transition,856,556,855,300,rolling300,1 3 16 33 38 44,10 24 40 41 43 44,1
S006,pair_residual_node,856,556,855,300,rolling300,10 12 13 14 31 33,10 24 40 41 43 44,1
S007,triple_residual_node,856,556,855,300,rolling300,10 12 13 14 31 33,10 24 40 41 43 44,1
S008,family_balanced_hybrid,856,556,855,300,rolling300,2 5 10 12 31 36,10 24 40 41 43 44,1
S001,multi_window_frequency,857,557,856,300,rolling300,12 16 28 33 39 43,6 10 16 28 34 38,2
S002,gap_regime_hazard,857,557,856,300,rolling300,8 15 17 19 20 25,6 10 16 28 34 38,0
S003,momentum_state_transition,857,557,856,300,rolling300,2 8 11 17 19 36,6 10 16 28 34 38,0
S004,conditional_probability,857,557,856,300,rolling300,2 8 20 22 24 30,6 10 16 28 34 38,0
S005,structure_transition,857,557,856,300,rolling300,13 16 22 25 39 43,6 10 16 28 34 38,1
S006,pair_residual_node,857,557,856,300,rolling300,10 12 14 31 33 43,6 10 16 28 34 38,1
S007,triple_residual_node,857,557,856,300,rolling300,10 12 14 31 33 43,6 10 16 28 34 38,1
S008,family_balanced_hybrid,857,557,856,300,rolling300,8 11 12 16 31 36,6 10 16 28 34 38,1
S001,multi_window_frequency,858,558,857,300,rolling300,16 28 33 38 39 43,9 13 32 38 39 43,3
S002,gap_regime_hazard,858,558,857,300,rolling300,8 24 40 41 43 44,9 13 32 38 39 43,1
S003,momentum_state_transition,858,558,857,300,rolling300,2 8 11 17 19 34,9 13 32 38 39 43,0
S004,conditional_probability,858,558,857,300,rolling300,2 8 10 20 22 24,9 13 32 38 39 43,0
S005,structure_transition,858,558,857,300,rolling300,12 13 21 28 32 45,9 13 32 38 39 43,2
S006,pair_residual_node,858,558,857,300,rolling300,10 12 14 31 33 43,9 13 32 38 39 43,1
S007,triple_residual_node,858,558,857,300,rolling300,10 12 14 31 33 43,9 13 32 38 39 43,1
S008,family_balanced_hybrid,858,558,857,300,rolling300,2 8 10 12 31 43,9 13 32 38 39 43,1
S001,multi_window_frequency,859,559,858,300,rolling300,16 28 33 38 39 43,8 22 35 38 39 41,2
S002,gap_regime_hazard,859,559,858,300,rolling300,6 10 16 24 28 34,8 22 35 38 39 41,0
S003,momentum_state_transition,859,559,858,300,rolling300,2 8 11 17 19 32,8 22 35 38 39 41,1
S004,conditional_probability,859,559,858,300,rolling300,8 10 13 16 20 24,8 22 35 38 39 41,1
S005,structure_transition,859,559,858,300,rolling300,1 3 16 33 38 44,8 22 35 38 39 41,1
S006,pair_residual_node,859,559,858,300,rolling300,12 13 14 31 33 43,8 22 35 38 39 41,0
S007,triple_residual_node,859,559,858,300,rolling300,12 13 14 31 33 43,8 22 35 38 39 41,0
S008,family_balanced_hybrid,859,559,858,300,rolling300,10 11 12 16 31 34,8 22 35 38 39 41,0
S001,multi_window_frequency,860,560,859,300,rolling300,16 28 33 38 39 43,4 8 18 25 27 32,0
S002,gap_regime_hazard,860,560,859,300,rolling300,6 9 10 13 32 43,4 8 18 25 27 32,1
S003,momentum_state_transition,860,560,859,300,rolling300,2 8 17 22 32 34,4 8 18 25 27 32,2
S004,conditional_probability,860,560,859,300,rolling300,8 10 16 28 38 39,4 8 18 25 27 32,1
S005,structure_transition,860,560,859,300,rolling300,5 18 20 36 39 45,4 8 18 25 27 32,1
S006,pair_residual_node,860,560,859,300,rolling300,12 13 14 31 33 43,4 8 18 25 27 32,0
S007,triple_residual_node,860,560,859,300,rolling300,12 13 14 31 33 43,4 8 18 25 27 32,0
S008,family_balanced_hybrid,860,560,859,300,rolling300,10 12 13 16 28 31,4 8 18 25 27 32,0
S001,multi_window_frequency,861,561,860,300,rolling300,8 28 33 38 39 43,11 17 19 21 22 25,0
S002,gap_regime_hazard,861,561,860,300,rolling300,9 22 35 38 39 41,11 17 19 21 22 25,1
S003,momentum_state_transition,861,561,860,300,rolling300,8 17 22 30 32 34,11 17 19 21 22 25,2
S004,conditional_probability,861,561,860,300,rolling300,10 17 18 22 32 38,11 17 19 21 22 25,2
S005,structure_transition,861,561,860,300,rolling300,4 12 13 29 33 40,11 17 19 21 22 25,0
S006,pair_residual_node,861,561,860,300,rolling300,12 13 14 31 33 43,11 17 19 21 22 25,0
S007,triple_residual_node,861,561,860,300,rolling300,12 13 14 31 33 43,11 17 19 21 22 25,0
S008,family_balanced_hybrid,861,561,860,300,rolling300,12 13 31 38 39 43,11 17 19 21 22 25,0
S001,multi_window_frequency,862,562,861,300,rolling300,8 11 33 38 39 43,10 34 38 40 42 43,2
S002,gap_regime_hazard,862,562,861,300,rolling300,4 8 18 27 32 35,10 34 38 40 42 43,0
S003,momentum_state_transition,862,562,861,300,rolling300,8 17 22 25 32 34,10 34 38 40 42 43,1
S004,conditional_probability,862,562,861,300,rolling300,10 17 25 32 38 44,10 34 38 40 42 43,2
S005,structure_transition,862,562,861,300,rolling300,1 10 25 31 34 37,10 34 38 40 42 43,2
S006,pair_residual_node,862,562,861,300,rolling300,12 13 14 31 33 43,10 34 38 40 42 43,1
S007,triple_residual_node,862,562,861,300,rolling300,12 13 14 31 33 43,10 34 38 40 42 43,1
S008,family_balanced_hybrid,862,562,861,300,rolling300,8 11 12 14 38 39,10 34 38 40 42 43,1
S001,multi_window_frequency,863,563,862,300,rolling300,8 10 33 38 39 43,16 21 28 35 39 43,2
S002,gap_regime_hazard,863,563,862,300,rolling300,11 17 19 21 22 25,16 21 28 35 39 43,1
S003,momentum_state_transition,863,563,862,300,rolling300,8 10 17 22 25 32,16 21 28 35 39 43,0
S004,conditional_probability,863,563,862,300,rolling300,10 17 19 25 32 44,16 21 28 35 39 43,0
S005,structure_transition,863,563,862,300,rolling300,3 14 18 36 43 45,16 21 28 35 39 43,1
S006,pair_residual_node,863,563,862,300,rolling300,12 13 14 31 33 43,16 21 28 35 39 43,1
S007,triple_residual_node,863,563,862,300,rolling300,12 13 14 31 33 43,16 21 28 35 39 43,1
S008,family_balanced_hybrid,863,563,862,300,rolling300,8 10 11 12 17 25,16 21 28 35 39 43,0
S001,multi_window_frequency,864,564,863,300,rolling300,10 16 28 38 39 43,3 7 10 13 25 36,1
S002,gap_regime_hazard,864,564,863,300,rolling300,10 11 34 38 40 42,3 7 10 13 25 36,1
S003,momentum_state_transition,864,564,863,300,rolling300,8 10 17 22 25 32,3 7 10 13 25 36,2
S004,conditional_probability,864,564,863,300,rolling300,8 10 16 25 32 39,3 7 10 13 25 36,2
S005,structure_transition,864,564,863,300,rolling300,8 9 11 20 39 44,3 7 10 13 25 36,0
S006,pair_residual_node,864,564,863,300,rolling300,12 13 14 31 33 43,3 7 10 13 25 36,1
S007,triple_residual_node,864,564,863,300,rolling300,12 13 14 31 33 43,3 7 10 13 25 36,1
S008,family_balanced_hybrid,864,564,863,300,rolling300,10 11 12 25 33 34,3 7 10 13 25 36,2
S001,multi_window_frequency,865,565,864,300,rolling300,10 16 28 38 39 43,3 15 22 32 33 45,0
S002,gap_regime_hazard,865,565,864,300,rolling300,16 21 28 35 39 43,3 15 22 32 33 45,0
S003,momentum_state_transition,865,565,864,300,rolling300,10 17 22 25 32 34,3 15 22 32 33 45,2
S004,conditional_probability,865,565,864,300,rolling300,8 13 16 25 39 43,3 15 22 32 33 45,0
S005,structure_transition,865,565,864,300,rolling300,2 3 11 24 39 44,3 15 22 32 33 45,1
S006,pair_residual_node,865,565,864,300,rolling300,12 14 31 33 36 43,3 15 22 32 33 45,1
S007,triple_residual_node,865,565,864,300,rolling300,12 14 31 33 36 43,3 15 22 32 33 45,1
S008,family_balanced_hybrid,865,565,864,300,rolling300,12 16 33 34 39 43,3 15 22 32 33 45,1
S001,multi_window_frequency,866,566,865,300,rolling300,10 28 33 38 39 43,9 15 29 34 37 39,1
S002,gap_regime_hazard,866,566,865,300,rolling300,7 10 13 16 25 36,9 15 29 34 37 39,0
S003,momentum_state_transition,866,566,865,300,rolling300,8 10 17 22 25 32,9 15 29 34 37 39,0
S004,conditional_probability,866,566,865,300,rolling300,3 8 22 25 32 39,9 15 29 34 37 39,1
S005,structure_transition,866,566,865,300,rolling300,7 16 18 29 33 38,9 15 29 34 37 39,1
S006,pair_residual_node,866,566,865,300,rolling300,12 13 14 33 36 43,9 15 29 34 37 39,0
S007,triple_residual_node,866,566,865,300,rolling300,11 12 14 31 33 43,9 15 29 34 37 39,0
S008,family_balanced_hybrid,866,566,865,300,rolling300,10 12 13 14 16 39,9 15 29 34 37 39,1
S001,multi_window_frequency,867,567,866,300,rolling300,10 33 34 38 39 43,14 17 19 22 24 40,0
S002,gap_regime_hazard,867,567,866,300,rolling300,3 7 22 32 33 45,14 17 19 22 24 40,1
S003,momentum_state_transition,867,567,866,300,rolling300,8 10 15 17 22 25,14 17 19 22 24 40,2
S004,conditional_probability,867,567,866,300,rolling300,10 22 25 32 34 43,14 17 19 22 24 40,1
S005,structure_transition,867,567,866,300,rolling300,1 6 18 19 34 44,14 17 19 22 24 40,1
S006,pair_residual_node,867,567,866,300,rolling300,11 12 13 14 33 43,14 17 19 22 24 40,1
S007,triple_residual_node,867,567,866,300,rolling300,11 12 13 14 33 43,14 17 19 22 24 40,1
S008,family_balanced_hybrid,867,567,866,300,rolling300,10 12 13 32 33 43,14 17 19 22 24 40,0
S001,multi_window_frequency,868,568,867,300,rolling300,10 19 33 38 39 43,12 17 28 41 43 44,1
S002,gap_regime_hazard,868,568,867,300,rolling300,9 15 29 34 37 39,12 17 28 41 43 44,0
S003,momentum_state_transition,868,568,867,300,rolling300,8 10 15 17 22 24,12 17 28 41 43 44,1
S004,conditional_probability,868,568,867,300,rolling300,3 8 25 32 38 43,12 17 28 41 43 44,1
S005,structure_transition,868,568,867,300,rolling300,6 9 17 29 34 35,12 17 28 41 43 44,1
S006,pair_residual_node,868,568,867,300,rolling300,11 12 13 14 33 43,12 17 28 41 43 44,2
S007,triple_residual_node,868,568,867,300,rolling300,11 12 13 14 33 43,12 17 28 41 43 44,2
S008,family_balanced_hybrid,868,568,867,300,rolling300,10 12 15 33 34 43,12 17 28 41 43 44,2
S001,multi_window_frequency,869,569,868,300,rolling300,12 28 33 38 39 43,2 6 20 27 37 39,1
S002,gap_regime_hazard,869,569,868,300,rolling300,9 14 19 22 24 40,2 6 20 27 37 39,0
S003,momentum_state_transition,869,569,868,300,rolling300,8 10 15 17 22 24,2 6 20 27 37 39,0
S004,conditional_probability,869,569,868,300,rolling300,3 8 17 25 39 43,2 6 20 27 37 39,1
S005,structure_transition,869,569,868,300,rolling300,3 14 18 36 43 45,2 6 20 27 37 39,0
S006,pair_residual_node,869,569,868,300,rolling300,12 13 14 33 36 43,2 6 20 27 37 39,0
S007,triple_residual_node,869,569,868,300,rolling300,11 12 14 33 36 43,2 6 20 27 37 39,0
S008,family_balanced_hybrid,869,569,868,300,rolling300,8 10 14 15 34 39,2 6 20 27 37 39,1
S001,multi_window_frequency,870,570,869,300,rolling300,10 28 33 38 39 43,21 25 30 32 40 42,0
S002,gap_regime_hazard,870,570,869,300,rolling300,12 17 28 41 43 44,21 25 30 32 40 42,0
S003,momentum_state_transition,870,570,869,300,rolling300,8 10 15 17 20 22,21 25 30 32 40 42,0
S004,conditional_probability,870,570,869,300,rolling300,3 17 22 25 39 43,21 25 30 32 40 42,1
S005,structure_transition,870,570,869,300,rolling300,12 13 21 28 32 45,21 25 30 32 40 42,2
S006,pair_residual_node,870,570,869,300,rolling300,11 12 14 33 39 43,21 25 30 32 40 42,0
S007,triple_residual_node,870,570,869,300,rolling300,11 12 14 33 39 43,21 25 30 32 40 42,0
S008,family_balanced_hybrid,870,570,869,300,rolling300,10 12 15 17 22 43,21 25 30 32 40 42,0
S001,multi_window_frequency,871,571,870,300,rolling300,10 21 33 38 39 43,2 6 12 26 30 34,0
S002,gap_regime_hazard,871,571,870,300,rolling300,2 6 20 27 37 39,2 6 12 26 30 34,2
S003,momentum_state_transition,871,571,870,300,rolling300,8 10 15 17 21 22,2 6 12 26 30 34,0
S004,conditional_probability,871,571,870,300,rolling300,17 21 22 25 39 40,2 6 12 26 30 34,0
S005,structure_transition,871,571,870,300,rolling300,3 13 18 40 41 44,2 6 12 26 30 34,0
S006,pair_residual_node,871,571,870,300,rolling300,11 12 14 33 39 43,2 6 12 26 30 34,1
S007,triple_residual_node,871,571,870,300,rolling300,11 12 14 33 39 43,2 6 12 26 30 34,1
S008,family_balanced_hybrid,871,571,870,300,rolling300,10 12 15 17 39 43,2 6 12 26 30 34,1
S001,multi_window_frequency,872,572,871,300,rolling300,12 21 34 38 39 43,2 4 30 32 33 43,1
S002,gap_regime_hazard,872,572,871,300,rolling300,20 21 25 32 40 42,2 4 30 32 33 43,1
S003,momentum_state_transition,872,572,871,300,rolling300,6 8 10 15 17 21,2 4 30 32 33 43,0
S004,conditional_probability,872,572,871,300,rolling300,2 3 34 39 40 43,2 4 30 32 33 43,2
S005,structure_transition,872,572,871,300,rolling300,2 13 14 23 37 40,2 4 30 32 33 43,1
S006,pair_residual_node,872,572,871,300,rolling300,11 12 14 33 36 43,2 4 30 32 33 43,2
S007,triple_residual_node,872,572,871,300,rolling300,11 12 14 33 39 43,2 4 30 32 33 43,2
S008,family_balanced_hybrid,872,572,871,300,rolling300,10 12 15 21 34 39,2 4 30 32 33 43,0
S001,multi_window_frequency,873,573,872,300,rolling300,12 28 30 33 39 43,3 5 12 13 33 39,3
S002,gap_regime_hazard,873,573,872,300,rolling300,6 12 21 25 26 34,3 5 12 13 33 39,1
S003,momentum_state_transition,873,573,872,300,rolling300,6 8 10 15 19 21,3 5 12 13 33 39,0
S004,conditional_probability,873,573,872,300,rolling300,2 3 30 32 39 43,3 5 12 13 33 39,2
S005,structure_transition,873,573,872,300,rolling300,1 6 11 13 30 38,3 5 12 13 33 39,1
S006,pair_residual_node,873,573,872,300,rolling300,11 12 14 33 36 43,3 5 12 13 33 39,2
S007,triple_residual_node,873,573,872,300,rolling300,11 12 14 33 36 43,3 5 12 13 33 39,2
S008,family_balanced_hybrid,873,573,872,300,rolling300,6 10 12 15 21 34,3 5 12 13 33 39,1
S001,multi_window_frequency,874,574,873,300,rolling300,2 12 30 33 39 43,1 15 19 23 28 42,0
S002,gap_regime_hazard,874,574,873,300,rolling300,2 4 6 30 32 43,1 15 19 23 28 42,0
S003,momentum_state_transition,874,574,873,300,rolling300,3 6 10 12 15 19,1 15 19 23 28 42,2
S004,conditional_probability,874,574,873,300,rolling300,2 3 12 30 32 33,1 15 19 23 28 42,0
S005,structure_transition,874,574,873,300,rolling300,4 12 17 32 36 41,1 15 19 23 28 42,0
S006,pair_residual_node,874,574,873,300,rolling300,11 12 14 33 36 43,1 15 19 23 28 42,0
S007,triple_residual_node,874,574,873,300,rolling300,11 12 14 33 36 43,1 15 19 23 28 42,0
S008,family_balanced_hybrid,874,574,873,300,rolling300,2 12 15 32 34 43,1 15 19 23 28 42,1
S001,multi_window_frequency,875,575,874,300,rolling300,12 28 30 33 39 43,19 22 30 34 39 44,2
S002,gap_regime_hazard,875,575,874,300,rolling300,3 5 12 13 33 39,19 22 30 34 39 44,1
S003,momentum_state_transition,875,575,874,300,rolling300,3 6 8 10 12 15,19 22 30 34 39 44,0
S004,conditional_probability,875,575,874,300,rolling300,2 12 15 30 32 33,19 22 30 34 39 44,1
S005,structure_transition,875,575,874,300,rolling300,5 14 16 28 29 35,19 22 30 34 39 44,0
S006,pair_residual_node,875,575,874,300,rolling300,11 12 14 33 36 43,19 22 30 34 39 44,0
S007,triple_residual_node,875,575,874,300,rolling300,11 12 14 33 36 43,19 22 30 34 39 44,0
S008,family_balanced_hybrid,875,575,874,300,rolling300,2 12 15 33 39 43,19 22 30 34 39 44,1
S001,multi_window_frequency,876,576,875,300,rolling300,12 19 28 30 39 43,5 16 21 26 34 42,0
S002,gap_regime_hazard,876,576,875,300,rolling300,1 3 15 23 28 42,5 16 21 26 34 42,1
S003,momentum_state_transition,876,576,875,300,rolling300,3 6 10 12 15 21,5 16 21 26 34 42,1
S004,conditional_probability,876,576,875,300,rolling300,2 6 12 15 19 34,5 16 21 26 34 42,1
S005,structure_transition,876,576,875,300,rolling300,5 7 8 20 25 34,5 16 21 26 34 42,2
S006,pair_residual_node,876,576,875,300,rolling300,12 14 33 36 39 43,5 16 21 26 34 42,0
S007,triple_residual_node,876,576,875,300,rolling300,12 14 33 36 39 43,5 16 21 26 34 42,0
S008,family_balanced_hybrid,876,576,875,300,rolling300,10 12 15 28 33 34,5 16 21 26 34 42,1
S001,multi_window_frequency,877,577,876,300,rolling300,12 19 30 34 39 43,5 17 18 22 23 43,1
S002,gap_regime_hazard,877,577,876,300,rolling300,1 19 22 30 39 44,5 17 18 22 23 43,1
S003,momentum_state_transition,877,577,876,300,rolling300,5 8 11 14 26 29,5 17 18 22 23 43,1
S004,conditional_probability,877,577,876,300,rolling300,2 12 19 34 39 42,5 17 18 22 23 43,0
S005,structure_transition,877,577,876,300,rolling300,6 12 15 39 42 43,5 17 18 22 23 43,1
S006,pair_residual_node,877,577,876,300,rolling300,12 14 33 36 39 43,5 17 18 22 23 43,1
S007,triple_residual_node,877,577,876,300,rolling300,12 14 33 36 39 43,5 17 18 22 23 43,1
S008,family_balanced_hybrid,877,577,876,300,rolling300,10 11 12 15 28 39,5 17 18 22 23 43,0
S001,multi_window_frequency,878,578,877,300,rolling300,12 19 30 34 39 43,2 6 11 16 25 31,0
S002,gap_regime_hazard,878,578,877,300,rolling300,16 19 21 26 34 42,2 6 11 16 25 31,1
S003,momentum_state_transition,878,578,877,300,rolling300,8 11 14 16 26 29,2 6 11 16 25 31,2
S004,conditional_probability,878,578,877,300,rolling300,2 5 12 34 39 42,2 6 11 16 25 31,1
S005,structure_transition,878,578,877,300,rolling300,5 14 16 28 29 35,2 6 11 16 25 31,1
S006,pair_residual_node,878,578,877,300,rolling300,12 14 33 36 39 43,2 6 11 16 25 31,0
S007,triple_residual_node,878,578,877,300,rolling300,12 14 33 36 39 43,2 6 11 16 25 31,0
S008,family_balanced_hybrid,878,578,877,300,rolling300,11 12 21 34 39 43,2 6 11 16 25 31,1
S001,multi_window_frequency,879,579,878,300,rolling300,2 19 30 34 39 43,1 4 10 14 15 35,0
S002,gap_regime_hazard,879,579,878,300,rolling300,5 17 18 22 23 43,1 4 10 14 15 35,0
S003,momentum_state_transition,879,579,878,300,rolling300,8 11 13 14 26 29,1 4 10 14 15 35,1
S004,conditional_probability,879,579,878,300,rolling300,5 6 12 34 39 42,1 4 10 14 15 35,0
S005,structure_transition,879,579,878,300,rolling300,1 6 20 26 33 35,1 4 10 14 15 35,2
S006,pair_residual_node,879,579,878,300,rolling300,14 15 33 36 39 43,1 4 10 14 15 35,2
S007,triple_residual_node,879,579,878,300,rolling300,14 15 33 36 39 43,1 4 10 14 15 35,2
S008,family_balanced_hybrid,879,579,878,300,rolling300,5 12 14 21 34 43,1 4 10 14 15 35,1
S001,multi_window_frequency,880,580,879,300,rolling300,12 19 30 34 39 43,7 17 19 23 24 45,1
S002,gap_regime_hazard,880,580,879,300,rolling300,2 6 11 16 25 31,7 17 19 23 24 45,0
S003,momentum_state_transition,880,580,879,300,rolling300,3 4 6 10 12 15,7 17 19 23 24 45,0
S004,conditional_probability,880,580,879,300,rolling300,1 2 4 5 34 42,7 17 19 23 24 45,0
S005,structure_transition,880,580,879,300,rolling300,7 15 24 31 34 38,7 17 19 23 24 45,2
S006,pair_residual_node,880,580,879,300,rolling300,14 15 33 36 39 43,7 17 19 23 24 45,0
S007,triple_residual_node,880,580,879,300,rolling300,14 15 33 36 39 43,7 17 19 23 24 45,0
S008,family_balanced_hybrid,880,580,879,300,rolling300,2 5 12 15 33 43,7 17 19 23 24 45,0
S001,multi_window_frequency,881,581,880,300,rolling300,12 19 33 34 39 43,4 18 20 26 27 32,0
S002,gap_regime_hazard,881,581,880,300,rolling300,1 4 10 14 15 35,4 18 20 26 27 32,1
S003,momentum_state_transition,881,581,880,300,rolling300,2 3 6 10 12 15,4 18 20 26 27 32,0
S004,conditional_probability,881,581,880,300,rolling300,2 5 19 23 30 34,4 18 20 26 27 32,0
S005,structure_transition,881,581,880,300,rolling300,1 12 17 27 29 38,4 18 20 26 27 32,1
S006,pair_residual_node,881,581,880,300,rolling300,14 15 33 36 39 43,4 18 20 26 27 32,0
S007,triple_residual_node,881,581,880,300,rolling300,14 15 33 36 39 43,4 18 20 26 27 32,0
S008,family_balanced_hybrid,881,581,880,300,rolling300,2 10 12 14 15 33,4 18 20 26 27 32,0
S001,multi_window_frequency,882,582,881,300,rolling300,10 19 33 34 39 43,18 34 39 43 44 45,3
S002,gap_regime_hazard,882,582,881,300,rolling300,7 17 19 23 24 45,18 34 39 43 44 45,1
S003,momentum_state_transition,882,582,881,300,rolling300,8 13 18 36 38 41,18 34 39 43 44 45,1
S004,conditional_probability,882,582,881,300,rolling300,1 2 4 5 19 23,18 34 39 43 44 45,0
S005,structure_transition,882,582,881,300,rolling300,1 14 19 32 34 37,18 34 39 43 44 45,1
S006,pair_residual_node,882,582,881,300,rolling300,14 15 33 36 39 43,18 34 39 43 44 45,2
S007,triple_residual_node,882,582,881,300,rolling300,14 15 33 36 39 43,18 34 39 43 44 45,2
S008,family_balanced_hybrid,882,582,881,300,rolling300,2 10 12 15 33 36,18 34 39 43 44 45,0
S001,multi_window_frequency,883,583,882,300,rolling300,10 18 19 34 39 43,9 18 32 33 37 44,1
S002,gap_regime_hazard,883,583,882,300,rolling300,4 8 20 26 27 32,9 18 32 33 37 44,1
S003,momentum_state_transition,883,583,882,300,rolling300,8 10 13 38 40 41,9 18 32 33 37 44,0
S004,conditional_probability,883,583,882,300,rolling300,5 18 19 23 34 39,9 18 32 33 37 44,1
S005,structure_transition,883,583,882,300,rolling300,1 4 20 25 26 45,9 18 32 33 37 44,0
S006,pair_residual_node,883,583,882,300,rolling300,14 15 33 36 39 43,9 18 32 33 37 44,1
S007,triple_residual_node,883,583,882,300,rolling300,14 15 33 36 39 43,9 18 32 33 37 44,1
S008,family_balanced_hybrid,883,583,882,300,rolling300,4 10 12 15 38 39,9 18 32 33 37 44,0
S001,multi_window_frequency,884,584,883,300,rolling300,10 18 19 34 39 43,4 14 23 28 37 45,0
S002,gap_regime_hazard,884,584,883,300,rolling300,8 29 34 39 43 45,4 14 23 28 37 45,1
S003,momentum_state_transition,884,584,883,300,rolling300,8 10 13 16 28 35,4 14 23 28 37 45,1
S004,conditional_probability,884,584,883,300,rolling300,1 4 19 23 34 44,4 14 23 28 37 45,2
S005,structure_transition,884,584,883,300,rolling300,9 15 17 20 24 40,4 14 23 28 37 45,0
S006,pair_residual_node,884,584,883,300,rolling300,14 15 33 36 39 43,4 14 23 28 37 45,1
S007,triple_residual_node,884,584,883,300,rolling300,14 15 33 36 39 43,4 14 23 28 37 45,1
S008,family_balanced_hybrid,884,584,883,300,rolling300,12 13 15 34 39 43,4 14 23 28 37 45,0
S001,multi_window_frequency,885,585,884,300,rolling300,18 19 34 39 43 45,1 3 24 27 39 45,2
S002,gap_regime_hazard,885,585,884,300,rolling300,3 9 18 32 33 44,1 3 24 27 39 45,1
S003,momentum_state_transition,885,585,884,300,rolling300,8 10 13 16 25 35,1 3 24 27 39 45,0
S004,conditional_probability,885,585,884,300,rolling300,4 5 23 34 44 45,1 3 24 27 39 45,1
S005,structure_transition,885,585,884,300,rolling300,2 14 17 22 25 43,1 3 24 27 39 45,0
S006,pair_residual_node,885,585,884,300,rolling300,14 15 33 36 39 43,1 3 24 27 39 45,1
S007,triple_residual_node,885,585,884,300,rolling300,14 15 33 36 39 43,1 3 24 27 39 45,1
S008,family_balanced_hybrid,885,585,884,300,rolling300,12 13 16 33 39 43,1 3 24 27 39 45,1
S001,multi_window_frequency,886,586,885,300,rolling300,18 19 34 39 43 45,19 23 28 37 42 45,2
S002,gap_regime_hazard,886,586,885,300,rolling300,4 8 14 23 28 37,19 23 28 37 42 45,3
S003,momentum_state_transition,886,586,885,300,rolling300,8 10 13 16 25 35,19 23 28 37 42 45,0
S004,conditional_probability,886,586,885,300,rolling300,1 4 5 14 16 23,19 23 28 37 42 45,1
S005,structure_transition,886,586,885,300,rolling300,9 11 22 35 40 45,19 23 28 37 42 45,1
S006,pair_residual_node,886,586,885,300,rolling300,14 15 33 36 39 43,19 23 28 37 42 45,0
S007,triple_residual_node,886,586,885,300,rolling300,14 15 33 36 39 43,19 23 28 37 42 45,0
S008,family_balanced_hybrid,886,586,885,300,rolling300,4 10 12 13 14 16,19 23 28 37 42 45,0
S001,multi_window_frequency,887,587,886,300,rolling300,18 19 28 39 43 45,8 14 17 27 36 45,1
S002,gap_regime_hazard,887,587,886,300,rolling300,1 3 4 24 27 39,8 14 17 27 36 45,1
S003,momentum_state_transition,887,587,886,300,rolling300,1 2 4 5 6 12,8 14 17 27 36 45,0
S004,conditional_probability,887,587,886,300,rolling300,1 4 14 17 37 45,8 14 17 27 36 45,3
S005,structure_transition,887,587,886,300,rolling300,7 12 14 16 27 45,8 14 17 27 36 45,3
S006,pair_residual_node,887,587,886,300,rolling300,14 15 33 36 39 43,8 14 17 27 36 45,2
S007,triple_residual_node,887,587,886,300,rolling300,14 15 33 36 39 43,8 14 17 27 36 45,2
S008,family_balanced_hybrid,887,587,886,300,rolling300,4 12 13 14 27 39,8 14 17 27 36 45,2
S001,multi_window_frequency,888,588,887,300,rolling300,18 19 28 39 43 45,3 7 12 31 34 38,0
S002,gap_regime_hazard,888,588,887,300,rolling300,1 19 23 28 37 42,3 7 12 31 34 38,0
S003,momentum_state_transition,888,588,887,300,rolling300,1 2 4 5 6 12,3 7 12 31 34 38,1
S004,conditional_probability,888,588,887,300,rolling300,4 14 18 23 27 37,3 7 12 31 34 38,0
S005,structure_transition,888,588,887,300,rolling300,6 10 19 24 27 37,3 7 12 31 34 38,0
S006,pair_residual_node,888,588,887,300,rolling300,14 15 33 36 39 43,3 7 12 31 34 38,0
S007,triple_residual_node,888,588,887,300,rolling300,14 15 33 36 39 43,3 7 12 31 34 38,0
S008,family_balanced_hybrid,888,588,887,300,rolling300,4 12 14 18 28 39,3 7 12 31 34 38,1
S001,multi_window_frequency,889,589,888,300,rolling300,18 19 34 39 43 45,3 13 29 38 39 42,1
S002,gap_regime_hazard,889,589,888,300,rolling300,8 14 17 27 36 45,3 13 29 38 39 42,0
S003,momentum_state_transition,889,589,888,300,rolling300,1 2 3 4 5 6,3 13 29 38 39 42,1
S004,conditional_probability,889,589,888,300,rolling300,4 14 18 23 27 37,3 13 29 38 39 42,0
S005,structure_transition,889,589,888,300,rolling300,16 19 22 33 43 44,3 13 29 38 39 42,0
S006,pair_residual_node,889,589,888,300,rolling300,14 15 33 36 39 43,3 13 29 38 39 42,1
S007,triple_residual_node,889,589,888,300,rolling300,14 15 33 36 39 43,3 13 29 38 39 42,1
S008,family_balanced_hybrid,889,589,888,300,rolling300,4 13 14 18 27 28,3 13 29 38 39 42,1
S001,multi_window_frequency,890,590,889,300,rolling300,18 19 34 39 43 45,1 4 14 18 29 37,1
S002,gap_regime_hazard,890,590,889,300,rolling300,2 5 7 12 31 34,1 4 14 18 29 37,0
S003,momentum_state_transition,890,590,889,300,rolling300,1 2 3 4 5 12,1 4 14 18 29 37,2
S004,conditional_probability,890,590,889,300,rolling300,3 18 23 27 37 39,1 4 14 18 29 37,2
S005,structure_transition,890,590,889,300,rolling300,7 12 17 25 36 38,1 4 14 18 29 37,0
S006,pair_residual_node,890,590,889,300,rolling300,14 15 33 36 39 43,1 4 14 18 29 37,1
S007,triple_residual_node,890,590,889,300,rolling300,14 15 33 36 39 43,1 4 14 18 29 37,1
S008,family_balanced_hybrid,890,590,889,300,rolling300,2 12 14 18 27 34,1 4 14 18 29 37,2
S001,multi_window_frequency,891,591,890,300,rolling300,18 28 34 39 43 45,9 13 28 31 39 41,2
S002,gap_regime_hazard,891,591,890,300,rolling300,2 3 13 38 39 42,9 13 28 31 39 41,2
S003,momentum_state_transition,891,591,890,300,rolling300,1 2 3 4 5 12,9 13 28 31 39 41,0
S004,conditional_probability,891,591,890,300,rolling300,3 4 14 27 39 45,9 13 28 31 39 41,1
S005,structure_transition,891,591,890,300,rolling300,1 6 20 26 33 35,9 13 28 31 39 41,0
S006,pair_residual_node,891,591,890,300,rolling300,14 15 33 36 39 43,9 13 28 31 39 41,1
S007,triple_residual_node,891,591,890,300,rolling300,14 15 33 36 39 43,9 13 28 31 39 41,1
S008,family_balanced_hybrid,891,591,890,300,rolling300,3 4 10 14 38 39,9 13 28 31 39 41,1
S001,multi_window_frequency,892,592,891,300,rolling300,18 28 34 39 43 45,4 9 17 18 26 42,1
S002,gap_regime_hazard,892,592,891,300,rolling300,1 4 14 18 29 37,4 9 17 18 26 42,2
S003,momentum_state_transition,892,592,891,300,rolling300,1 3 4 5 13 14,4 9 17 18 26 42,1
S004,conditional_probability,892,592,891,300,rolling300,1 3 14 18 28 45,4 9 17 18 26 42,1
S005,structure_transition,892,592,891,300,rolling300,8 19 21 22 37 39,4 9 17 18 26 42,0
S006,pair_residual_node,892,592,891,300,rolling300,14 15 33 36 39 43,4 9 17 18 26 42,0
S007,triple_residual_node,892,592,891,300,rolling300,14 15 33 36 39 43,4 9 17 18 26 42,0
S008,family_balanced_hybrid,892,592,891,300,rolling300,1 3 4 13 14 18,4 9 17 18 26 42,2
S001,multi_window_frequency,893,593,892,300,rolling300,18 28 39 42 43 45,1 15 17 23 25 41,0
S002,gap_regime_hazard,893,593,892,300,rolling300,1 13 28 31 39 41,1 15 17 23 25 41,2
S003,momentum_state_transition,893,593,892,300,rolling300,1 3 4 5 9 13,1 15 17 23 25 41,1
S004,conditional_probability,893,593,892,300,rolling300,3 4 9 14 18 28,1 15 17 23 25 41,0
S005,structure_transition,893,593,892,300,rolling300,1 14 17 27 32 35,1 15 17 23 25 41,2
S006,pair_residual_node,893,593,892,300,rolling300,14 15 33 36 39 43,1 15 17 23 25 41,1
S007,triple_residual_node,893,593,892,300,rolling300,14 15 33 36 39 43,1 15 17 23 25 41,1
S008,family_balanced_hybrid,893,593,892,300,rolling300,13 14 18 28 31 39,1 15 17 23 25 41,0
S001,multi_window_frequency,894,594,893,300,rolling300,17 18 28 39 42 45,19 32 37 40 41 43,0
S002,gap_regime_hazard,894,594,893,300,rolling300,2 4 9 18 26 42,19 32 37 40 41 43,0
S003,momentum_state_transition,894,594,893,300,rolling300,1 4 9 14 18 23,19 32 37 40 41 43,0
S004,conditional_probability,894,594,893,300,rolling300,1 3 4 14 17 23,19 32 37 40 41 43,0
S005,structure_transition,894,594,893,300,rolling300,7 12 17 26 29 40,19 32 37 40 41 43,1
S006,pair_residual_node,894,594,893,300,rolling300,14 15 33 36 39 43,19 32 37 40 41 43,1
S007,triple_residual_node,894,594,893,300,rolling300,14 15 33 36 39 43,19 32 37 40 41 43,1
S008,family_balanced_hybrid,894,594,893,300,rolling300,4 13 14 18 28 39,19 32 37 40 41 43,0
S001,multi_window_frequency,895,595,894,300,rolling300,17 18 19 39 43 45,16 26 31 38 39 41,1
S002,gap_regime_hazard,895,595,894,300,rolling300,1 2 15 17 23 25,16 26 31 38 39 41,0
S003,momentum_state_transition,895,595,894,300,rolling300,1 4 9 14 18 23,16 26 31 38 39 41,0
S004,conditional_probability,895,595,894,300,rolling300,1 3 17 37 39 41,16 26 31 38 39 41,2
S005,structure_transition,895,595,894,300,rolling300,2 15 21 34 37 42,16 26 31 38 39 41,0
S006,pair_residual_node,895,595,894,300,rolling300,14 15 33 36 39 43,16 26 31 38 39 41,1
S007,triple_residual_node,895,595,894,300,rolling300,14 15 33 36 39 43,16 26 31 38 39 41,1
S008,family_balanced_hybrid,895,595,894,300,rolling300,1 4 13 14 18 39,16 26 31 38 39 41,1
S001,multi_window_frequency,896,596,895,300,rolling300,17 18 19 39 43 45,5 12 25 26 38 45,1
S002,gap_regime_hazard,896,596,895,300,rolling300,2 19 32 37 40 43,5 12 25 26 38 45,0
S003,momentum_state_transition,896,596,895,300,rolling300,1 4 9 14 16 18,5 12 25 26 38 45,0
S004,conditional_probability,896,596,895,300,rolling300,17 31 37 38 39 42,5 12 25 26 38 45,1
S005,structure_transition,896,596,895,300,rolling300,7 22 23 28 39 42,5 12 25 26 38 45,0
S006,pair_residual_node,896,596,895,300,rolling300,14 15 33 36 39 43,5 12 25 26 38 45,0
S007,triple_residual_node,896,596,895,300,rolling300,14 15 33 36 39 43,5 12 25 26 38 45,0
S008,family_balanced_hybrid,896,596,895,300,rolling300,4 14 18 19 33 39,5 12 25 26 38 45,0
S001,multi_window_frequency,897,597,896,300,rolling300,17 18 38 39 43 45,6 7 12 22 26 36,0
S002,gap_regime_hazard,897,597,896,300,rolling300,2 6 16 31 39 41,6 7 12 22 26 36,1
S003,momentum_state_transition,897,597,896,300,rolling300,1 4 9 14 18 23,6 7 12 22 26 36,0
S004,conditional_probability,897,597,896,300,rolling300,1 3 17 26 31 39,6 7 12 22 26 36,1
S005,structure_transition,897,597,896,300,rolling300,2 14 17 22 25 43,6 7 12 22 26 36,1
S006,pair_residual_node,897,597,896,300,rolling300,14 15 33 36 39 43,6 7 12 22 26 36,1
S007,triple_residual_node,897,597,896,300,rolling300,14 15 33 36 39 43,6 7 12 22 26 36,1
S008,family_balanced_hybrid,897,597,896,300,rolling300,4 14 18 31 33 39,6 7 12 22 26 36,0
S001,multi_window_frequency,898,598,897,300,rolling300,12 18 26 38 39 43,18 21 28 35 37 42,1
S002,gap_regime_hazard,898,598,897,300,rolling300,2 5 10 25 38 45,18 21 28 35 37 42,0
S003,momentum_state_transition,898,598,897,300,rolling300,1 4 7 9 14 18,18 21 28 35 37 42,1
S004,conditional_probability,898,598,897,300,rolling300,1 3 4 12 31 39,18 21 28 35 37 42,0
S005,structure_transition,898,598,897,300,rolling300,1 12 16 29 37 40,18 21 28 35 37 42,1
S006,pair_residual_node,898,598,897,300,rolling300,14 15 33 36 39 43,18 21 28 35 37 42,0
S007,triple_residual_node,898,598,897,300,rolling300,14 15 33 36 39 43,18 21 28 35 37 42,0
S008,family_balanced_hybrid,898,598,897,300,rolling300,4 13 14 18 33 39,18 21 28 35 37 42,1
S001,multi_window_frequency,899,599,898,300,rolling300,12 18 26 39 42 45,8 19 20 21 33 39,1
S002,gap_regime_hazard,899,599,898,300,rolling300,6 7 12 22 26 36,8 19 20 21 33 39,0
S003,momentum_state_transition,899,599,898,300,rolling300,1 4 7 9 14 18,8 19 20 21 33 39,0
S004,conditional_probability,899,599,898,300,rolling300,1 18 37 38 39 42,8 19 20 21 33 39,1
S005,structure_transition,899,599,898,300,rolling300,9 16 21 22 32 43,8 19 20 21 33 39,1
S006,pair_residual_node,899,599,898,300,rolling300,14 15 33 36 39 43,8 19 20 21 33 39,2
S007,triple_residual_node,899,599,898,300,rolling300,14 15 33 36 39 43,8 19 20 21 33 39,2
S008,family_balanced_hybrid,899,599,898,300,rolling300,4 12 14 18 33 39,8 19 20 21 33 39,2
S001,multi_window_frequency,900,600,899,300,rolling300,12 18 19 26 39 43,7 13 16 18 35 38,1
S002,gap_regime_hazard,900,600,899,300,rolling300,2 18 28 35 37 42,7 13 16 18 35 38,2
S003,momentum_state_transition,900,600,899,300,rolling300,1 7 9 14 18 23,7 13 16 18 35 38,2
S004,conditional_probability,900,600,899,300,rolling300,1 4 9 12 17 19,7 13 16 18 35 38,0
S005,structure_transition,900,600,899,300,rolling300,11 14 21 30 35 38,7 13 16 18 35 38,2
S006,pair_residual_node,900,600,899,300,rolling300,14 15 33 36 39 43,7 13 16 18 35 38,0
S007,triple_residual_node,900,600,899,300,rolling300,14 15 33 36 39 43,7 13 16 18 35 38,0
S008,family_balanced_hybrid,900,600,899,300,rolling300,1 4 14 18 28 31,7 13 16 18 35 38,1
S001,multi_window_frequency,901,601,900,300,rolling300,18 19 26 38 39 43,5 18 20 23 30 34,1
S002,gap_regime_hazard,901,601,900,300,rolling300,8 19 20 21 33 39,5 18 20 23 30 34,1
S003,momentum_state_transition,901,601,900,300,rolling300,1 4 7 9 13 14,5 18 20 23 30 34,0
S004,conditional_probability,901,601,900,300,rolling300,7 9 12 18 38 39,5 18 20 23 30 34,1
S005,structure_transition,901,601,900,300,rolling300,7 10 19 30 32 45,5 18 20 23 30 34,1
S006,pair_residual_node,901,601,900,300,rolling300,4 15 33 36 39 43,5 18 20 23 30 34,0
S007,triple_residual_node,901,601,900,300,rolling300,14 15 33 36 39 43,5 18 20 23 30 34,0
S008,family_balanced_hybrid,901,601,900,300,rolling300,4 13 14 18 33 39,5 18 20 23 30 34,1
S001,multi_window_frequency,902,602,901,300,rolling300,18 19 26 38 39 43,7 19 23 24 36 39,2
S002,gap_regime_hazard,902,602,901,300,rolling300,2 7 13 16 35 38,7 19 23 24 36 39,1
S003,momentum_state_transition,902,602,901,300,rolling300,1 7 9 13 14 18,7 19 23 24 36 39,1
S004,conditional_probability,902,602,901,300,rolling300,5 7 12 16 38 41,7 19 23 24 36 39,1
S005,structure_transition,902,602,901,300,rolling300,2 13 14 23 37 40,7 19 23 24 36 39,1
S006,pair_residual_node,902,602,901,300,rolling300,15 18 33 36 39 43,7 19 23 24 36 39,2
S007,triple_residual_node,902,602,901,300,rolling300,15 18 33 36 39 43,7 19 23 24 36 39,2
S008,family_balanced_hybrid,902,602,901,300,rolling300,7 12 13 14 16 38,7 19 23 24 36 39,1
S001,multi_window_frequency,903,603,902,300,rolling300,18 19 26 38 39 45,2 15 16 21 22 28,0
S002,gap_regime_hazard,903,603,902,300,rolling300,2 5 18 20 30 34,2 15 16 21 22 28,1
S003,momentum_state_transition,903,603,902,300,rolling300,1 7 9 13 14 31,2 15 16 21 22 28,0
S004,conditional_probability,903,603,902,300,rolling300,7 18 19 23 26 38,2 15 16 21 22 28,0
S005,structure_transition,903,603,902,300,rolling300,7 18 21 22 30 37,2 15 16 21 22 28,2
S006,pair_residual_node,903,603,902,300,rolling300,15 18 33 36 39 43,2 15 16 21 22 28,1
S007,triple_residual_node,903,603,902,300,rolling300,15 18 33 36 39 43,2 15 16 21 22 28,1
S008,family_balanced_hybrid,903,603,902,300,rolling300,7 12 14 15 18 39,2 15 16 21 22 28,1
S001,multi_window_frequency,904,604,903,300,rolling300,16 18 19 28 38 39,2 6 8 26 43 45,0
S002,gap_regime_hazard,904,604,903,300,rolling300,7 19 23 24 36 39,2 6 8 26 43 45,0
S003,momentum_state_transition,904,604,903,300,rolling300,1 7 13 14 16 21,2 6 8 26 43 45,0
S004,conditional_probability,904,604,903,300,rolling300,7 16 18 19 21 26,2 6 8 26 43 45,1
S005,structure_transition,904,604,903,300,rolling300,1 5 22 29 32 36,2 6 8 26 43 45,0
S006,pair_residual_node,904,604,903,300,rolling300,15 18 33 36 39 43,2 6 8 26 43 45,1
S007,triple_residual_node,904,604,903,300,rolling300,15 18 33 36 39 43,2 6 8 26 43 45,1
S008,family_balanced_hybrid,904,604,903,300,rolling300,7 18 19 28 36 39,2 6 8 26 43 45,0
S001,multi_window_frequency,905,605,904,300,rolling300,18 19 26 38 39 45,3 4 16 27 38 40,1
S002,gap_regime_hazard,905,605,904,300,rolling300,1 15 16 21 22 28,3 4 16 27 38 40,1
S003,momentum_state_transition,905,605,904,300,rolling300,1 3 7 8 13 16,3 4 16 27 38 40,2
S004,conditional_probability,905,605,904,300,rolling300,7 16 18 21 38 39,3 4 16 27 38 40,2
S005,structure_transition,905,605,904,300,rolling300,1 2 18 23 37 41,3 4 16 27 38 40,0
S006,pair_residual_node,905,605,904,300,rolling300,15 18 33 36 39 43,3 4 16 27 38 40,0
S007,triple_residual_node,905,605,904,300,rolling300,15 18 33 36 39 43,3 4 16 27 38 40,0
S008,family_balanced_hybrid,905,605,904,300,rolling300,7 16 18 21 28 39,3 4 16 27 38 40,1
S001,multi_window_frequency,906,606,905,300,rolling300,16 18 38 39 43 45,2 5 14 28 31 32,0
S002,gap_regime_hazard,906,606,905,300,rolling300,2 6 8 26 43 45,2 5 14 28 31 32,1
S003,momentum_state_transition,906,606,905,300,rolling300,3 7 8 13 16 21,2 5 14 28 31 32,0
S004,conditional_probability,906,606,905,300,rolling300,7 16 18 21 26 38,2 5 14 28 31 32,0
S005,structure_transition,906,606,905,300,rolling300,13 16 22 25 39 43,2 5 14 28 31 32,0
S006,pair_residual_node,906,606,905,300,rolling300,15 18 33 36 39 43,2 5 14 28 31 32,0
S007,triple_residual_node,906,606,905,300,rolling300,15 18 33 36 39 43,2 5 14 28 31 32,0
S008,family_balanced_hybrid,906,606,905,300,rolling300,6 7 12 16 18 43,2 5 14 28 31 32,0
S001,multi_window_frequency,907,607,906,300,rolling300,16 18 28 38 39 45,21 27 29 38 40 44,1
S002,gap_regime_hazard,907,607,906,300,rolling300,3 4 16 27 38 40,21 27 29 38 40 44,3
S003,momentum_state_transition,907,607,906,300,rolling300,3 7 8 13 16 21,21 27 29 38 40 44,1
S004,conditional_probability,907,607,906,300,rolling300,2 7 16 18 21 28,21 27 29 38 40 44,1
S005,structure_transition,907,607,906,300,rolling300,2 7 15 29 34 39,21 27 29 38 40 44,1
S006,pair_residual_node,907,607,906,300,rolling300,15 18 28 33 39 43,21 27 29 38 40 44,0
S007,triple_residual_node,907,607,906,300,rolling300,15 18 28 33 39 43,21 27 29 38 40 44,0
S008,family_balanced_hybrid,907,607,906,300,rolling300,7 16 18 21 38 39,21 27 29 38 40 44,2
S001,multi_window_frequency,908,608,907,300,rolling300,18 21 28 38 39 45,3 16 21 22 23 44,1
S002,gap_regime_hazard,908,608,907,300,rolling300,2 5 14 28 31 32,3 16 21 22 23 44,0
S003,momentum_state_transition,908,608,907,300,rolling300,3 7 13 16 21 29,3 16 21 22 23 44,3
S004,conditional_probability,908,608,907,300,rolling300,2 5 16 18 28 38,3 16 21 22 23 44,1
S005,structure_transition,908,608,907,300,rolling300,6 10 19 24 27 37,3 16 21 22 23 44,0
S006,pair_residual_node,908,608,907,300,rolling300,15 18 28 33 39 43,3 16 21 22 23 44,0
S007,triple_residual_node,908,608,907,300,rolling300,15 18 28 33 39 43,3 16 21 22 23 44,0
S008,family_balanced_hybrid,908,608,907,300,rolling300,2 7 13 16 18 28,3 16 21 22 23 44,1
S001,multi_window_frequency,909,609,908,300,rolling300,16 18 21 28 38 39,7 24 29 30 34 35,0
S002,gap_regime_hazard,909,609,908,300,rolling300,1 9 27 29 38 40,7 24 29 30 34 35,1
S003,momentum_state_transition,909,609,908,300,rolling300,7 13 16 21 22 29,7 24 29 30 34 35,2
S004,conditional_probability,909,609,908,300,rolling300,2 3 5 7 23 38,7 24 29 30 34 35,1
S005,structure_transition,909,609,908,300,rolling300,1 5 22 29 32 36,7 24 29 30 34 35,1
S006,pair_residual_node,909,609,908,300,rolling300,4 15 18 33 39 43,7 24 29 30 34 35,0
S007,triple_residual_node,909,609,908,300,rolling300,4 15 18 33 39 43,7 24 29 30 34 35,0
S008,family_balanced_hybrid,909,609,908,300,rolling300,7 12 18 27 38 39,7 24 29 30 34 35,1
S001,multi_window_frequency,910,610,909,300,rolling300,16 18 21 28 38 39,1 11 17 27 35 39,1
S002,gap_regime_hazard,910,610,909,300,rolling300,3 16 21 22 23 44,1 11 17 27 35 39,0
S003,momentum_state_transition,910,610,909,300,rolling300,7 16 21 22 29 31,1 11 17 27 35 39,0
S004,conditional_probability,910,610,909,300,rolling300,2 3 7 21 23 38,1 11 17 27 35 39,0
S005,structure_transition,910,610,909,300,rolling300,1 5 22 29 32 36,1 11 17 27 35 39,1
S006,pair_residual_node,910,610,909,300,rolling300,4 15 18 33 39 43,1 11 17 27 35 39,1
S007,triple_residual_node,910,610,909,300,rolling300,4 15 18 33 39 43,1 11 17 27 35 39,1
S008,family_balanced_hybrid,910,610,909,300,rolling300,3 7 12 16 18 21,1 11 17 27 35 39,0
S001,multi_window_frequency,911,611,910,300,rolling300,16 18 21 28 38 39,4 5 12 14 32 42,0
S002,gap_regime_hazard,911,611,910,300,rolling300,7 9 24 29 30 34,4 5 12 14 32 42,0
S003,momentum_state_transition,911,611,910,300,rolling300,7 16 21 22 31 35,4 5 12 14 32 42,0
S004,conditional_probability,911,611,910,300,rolling300,2 3 16 21 23 27,4 5 12 14 32 42,0
S005,structure_transition,911,611,910,300,rolling300,16 19 20 28 39 43,4 5 12 14 32 42,0
S006,pair_residual_node,911,611,910,300,rolling300,4 15 18 33 39 43,4 5 12 14 32 42,1
S007,triple_residual_node,911,611,910,300,rolling300,4 15 18 33 39 43,4 5 12 14 32 42,1
S008,family_balanced_hybrid,911,611,910,300,rolling300,7 12 16 21 28 33,4 5 12 14 32 42,1
S001,multi_window_frequency,912,612,911,300,rolling300,16 21 28 38 39 45,5 8 18 21 22 38,2
S002,gap_regime_hazard,912,612,911,300,rolling300,1 11 17 27 35 39,5 8 18 21 22 38,0
S003,momentum_state_transition,912,612,911,300,rolling300,2 7 12 16 21 22,5 8 18 21 22 38,2
S004,conditional_probability,912,612,911,300,rolling300,2 3 4 16 21 27,5 8 18 21 22 38,1
S005,structure_transition,912,612,911,300,rolling300,4 13 22 33 36 41,5 8 18 21 22 38,1
S006,pair_residual_node,912,612,911,300,rolling300,4 15 18 33 39 43,5 8 18 21 22 38,1
S007,triple_residual_node,912,612,911,300,rolling300,4 15 18 33 39 43,5 8 18 21 22 38,1
S008,family_balanced_hybrid,912,612,911,300,rolling300,16 18 21 27 33 39,5 8 18 21 22 38,2
S001,multi_window_frequency,913,613,912,300,rolling300,16 18 21 28 38 39,6 14 16 21 27 37,2
S002,gap_regime_hazard,913,613,912,300,rolling300,4 9 12 14 32 42,6 14 16 21 27 37,1
S003,momentum_state_transition,913,613,912,300,rolling300,2 7 8 12 16 21,6 14 16 21 27 37,2
S004,conditional_probability,913,613,912,300,rolling300,2 5 16 22 27 38,6 14 16 21 27 37,2
S005,structure_transition,913,613,912,300,rolling300,7 12 17 25 36 38,6 14 16 21 27 37,0
S006,pair_residual_node,913,613,912,300,rolling300,4 15 18 33 39 43,6 14 16 21 27 37,0
S007,triple_residual_node,913,613,912,300,rolling300,4 15 18 33 39 43,6 14 16 21 27 37,0
S008,family_balanced_hybrid,913,613,912,300,rolling300,2 4 12 14 16 32,6 14 16 21 27 37,2
S001,multi_window_frequency,914,614,913,300,rolling300,16 18 21 28 38 39,16 19 24 33 42 44,1
S002,gap_regime_hazard,914,614,913,300,rolling300,5 8 9 18 22 38,16 19 24 33 42 44,0
S003,momentum_state_transition,914,614,913,300,rolling300,2 5 6 7 8 12,16 19 24 33 42 44,0
S004,conditional_probability,914,614,913,300,rolling300,2 3 5 14 16 38,16 19 24 33 42 44,1
S005,structure_transition,914,614,913,300,rolling300,7 16 18 29 33 38,16 19 24 33 42 44,2
S006,pair_residual_node,914,614,913,300,rolling300,4 15 18 33 39 43,16 19 24 33 42 44,1
S007,triple_residual_node,914,614,913,300,rolling300,4 15 18 33 39 43,16 19 24 33 42 44,1
S008,family_balanced_hybrid,914,614,913,300,rolling300,2 4 5 16 18 38,16 19 24 33 42 44,1
S001,multi_window_frequency,915,615,914,300,rolling300,16 18 21 27 38 39,2 6 11 13 22 37,0
S002,gap_regime_hazard,915,615,914,300,rolling300,6 9 14 21 27 37,2 6 11 13 22 37,2
S003,momentum_state_transition,915,615,914,300,rolling300,2 5 6 7 8 12,2 6 11 13 22 37,2
S004,conditional_probability,915,615,914,300,rolling300,3 4 5 14 38 44,2 6 11 13 22 37,0
S005,structure_transition,915,615,914,300,rolling300,11 16 18 26 27 39,2 6 11 13 22 37,1
S006,pair_residual_node,915,615,914,300,rolling300,4 15 18 33 39 43,2 6 11 13 22 37,0
S007,triple_residual_node,915,615,914,300,rolling300,4 15 18 33 39 43,2 6 11 13 22 37,0
S008,family_balanced_hybrid,915,615,914,300,rolling300,4 12 14 21 38 43,2 6 11 13 22 37,0
S001,multi_window_frequency,916,616,915,300,rolling300,16 18 21 38 39 42,6 21 22 32 35 36,1
S002,gap_regime_hazard,916,616,915,300,rolling300,16 19 24 33 42 44,6 21 22 32 35 36,0
S003,momentum_state_transition,916,616,915,300,rolling300,2 5 6 7 8 12,6 21 22 32 35 36,1
S004,conditional_probability,916,616,915,300,rolling300,5 14 16 22 27 44,6 21 22 32 35 36,1
S005,structure_transition,916,616,915,300,rolling300,1 5 14 30 37 40,6 21 22 32 35 36,0
S006,pair_residual_node,916,616,915,300,rolling300,4 13 15 33 39 43,6 21 22 32 35 36,0
S007,triple_residual_node,916,616,915,300,rolling300,4 13 15 33 39 43,6 21 22 32 35 36,0
S008,family_balanced_hybrid,916,616,915,300,rolling300,12 14 16 24 43 44,6 21 22 32 35 36,0
S001,multi_window_frequency,917,617,916,300,rolling300,16 18 21 22 38 39,1 3 23 24 27 43,0
S002,gap_regime_hazard,917,617,916,300,rolling300,2 9 10 11 13 37,1 3 23 24 27 43,0
S003,momentum_state_transition,917,617,916,300,rolling300,2 5 6 7 8 16,1 3 23 24 27 43,0
S004,conditional_probability,917,617,916,300,rolling300,6 16 21 27 35 44,1 3 23 24 27 43,1
S005,structure_transition,917,617,916,300,rolling300,1 4 6 31 40 45,1 3 23 24 27 43,1
S006,pair_residual_node,917,617,916,300,rolling300,4 13 15 33 39 43,1 3 23 24 27 43,1
S007,triple_residual_node,917,617,916,300,rolling300,4 13 15 33 39 43,1 3 23 24 27 43,1
S008,family_balanced_hybrid,917,617,916,300,rolling300,6 11 16 21 28 43,1 3 23 24 27 43,1
S001,multi_window_frequency,918,618,917,300,rolling300,16 18 21 38 39 43,7 11 12 31 33 38,1
S002,gap_regime_hazard,918,618,917,300,rolling300,6 21 22 32 35 36,7 11 12 31 33 38,0
S003,momentum_state_transition,918,618,917,300,rolling300,1 4 9 12 17 25,7 11 12 31 33 38,1
S004,conditional_probability,918,618,917,300,rolling300,1 6 16 24 27 35,7 11 12 31 33 38,0
S005,structure_transition,918,618,917,300,rolling300,1 6 13 33 37 42,7 11 12 31 33 38,1
S006,pair_residual_node,918,618,917,300,rolling300,4 13 15 33 39 43,7 11 12 31 33 38,1
S007,triple_residual_node,918,618,917,300,rolling300,4 13 15 33 39 43,7 11 12 31 33 38,1
S008,family_balanced_hybrid,918,618,917,300,rolling300,4 6 16 21 28 32,7 11 12 31 33 38,0
S001,multi_window_frequency,919,619,918,300,rolling300,16 18 21 33 38 39,9 14 17 18 42 44,1
S002,gap_regime_hazard,919,619,918,300,rolling300,1 3 23 24 27 43,9 14 17 18 42 44,0
S003,momentum_state_transition,919,619,918,300,rolling300,1 4 9 12 17 26,9 14 17 18 42 44,2
S004,conditional_probability,919,619,918,300,rolling300,6 11 21 22 24 27,9 14 17 18 42 44,0
S005,structure_transition,919,619,918,300,rolling300,1 6 20 26 33 35,9 14 17 18 42 44,0
S006,pair_residual_node,919,619,918,300,rolling300,4 15 21 33 39 43,9 14 17 18 42 44,0
S007,triple_residual_node,919,619,918,300,rolling300,4 15 21 33 39 43,9 14 17 18 42 44,0
S008,family_balanced_hybrid,919,619,918,300,rolling300,4 12 21 27 28 33,9 14 17 18 42 44,0
S001,multi_window_frequency,920,620,919,300,rolling300,16 18 21 38 39 42,2 3 26 33 34 43,0
S002,gap_regime_hazard,920,620,919,300,rolling300,7 11 12 31 33 38,2 3 26 33 34 43,1
S003,momentum_state_transition,920,620,919,300,rolling300,1 4 9 12 17 19,2 3 26 33 34 43,0
S004,conditional_probability,920,620,919,300,rolling300,6 11 14 21 22 27,2 3 26 33 34 43,0
S005,structure_transition,920,620,919,300,rolling300,1 3 16 33 38 44,2 3 26 33 34 43,2
S006,pair_residual_node,920,620,919,300,rolling300,4 15 21 33 39 43,2 3 26 33 34 43,2
S007,triple_residual_node,920,620,919,300,rolling300,4 15 21 33 39 43,2 3 26 33 34 43,2
S008,family_balanced_hybrid,920,620,919,300,rolling300,11 12 21 28 33 39,2 3 26 33 34 43,1
S001,multi_window_frequency,921,621,920,300,rolling300,16 18 21 33 38 43,5 7 12 22 28 41,0
S002,gap_regime_hazard,921,621,920,300,rolling300,9 14 17 18 42 44,5 7 12 22 28 41,0
S003,momentum_state_transition,921,621,920,300,rolling300,2 5 6 11 16 21,5 7 12 22 28 41,1
S004,conditional_probability,921,621,920,300,rolling300,6 14 21 22 33 42,5 7 12 22 28 41,1
S005,structure_transition,921,621,920,300,rolling300,5 10 18 20 31 39,5 7 12 22 28 41,1
S006,pair_residual_node,921,621,920,300,rolling300,4 15 21 33 39 43,5 7 12 22 28 41,0
S007,triple_residual_node,921,621,920,300,rolling300,4 15 21 33 39 43,5 7 12 22 28 41,0
S008,family_balanced_hybrid,921,621,920,300,rolling300,6 14 16 18 21 33,5 7 12 22 28 41,0
S001,multi_window_frequency,922,622,921,300,rolling300,16 18 21 33 38 43,2 6 13 17 27 43,1
S002,gap_regime_hazard,922,622,921,300,rolling300,2 3 26 33 34 43,2 6 13 17 27 43,2
S003,momentum_state_transition,922,622,921,300,rolling300,2 5 6 11 16 21,2 6 13 17 27 43,2
S004,conditional_probability,922,622,921,300,rolling300,2 3 5 6 21 33,2 6 13 17 27 43,2
S005,structure_transition,922,622,921,300,rolling300,2 4 14 33 37 41,2 6 13 17 27 43,1
S006,pair_residual_node,922,622,921,300,rolling300,4 15 28 33 39 43,2 6 13 17 27 43,1
S007,triple_residual_node,922,622,921,300,rolling300,4 15 28 33 39 43,2 6 13 17 27 43,1
S008,family_balanced_hybrid,922,622,921,300,rolling300,2 6 16 21 33 43,2 6 13 17 27 43,3
S001,multi_window_frequency,923,623,922,300,rolling300,6 16 21 33 38 43,3 17 18 23 36 41,0
S002,gap_regime_hazard,923,623,922,300,rolling300,5 7 12 22 28 41,3 17 18 23 36 41,1
S003,momentum_state_transition,923,623,922,300,rolling300,2 5 6 11 16 21,3 17 18 23 36 41,0
S004,conditional_probability,923,623,922,300,rolling300,2 3 22 27 33 43,3 17 18 23 36 41,1
S005,structure_transition,923,623,922,300,rolling300,7 12 17 25 36 38,3 17 18 23 36 41,2
S006,pair_residual_node,923,623,922,300,rolling300,4 15 28 33 39 43,3 17 18 23 36 41,0
S007,triple_residual_node,923,623,922,300,rolling300,4 15 28 33 39 43,3 17 18 23 36 41,0
S008,family_balanced_hybrid,923,623,922,300,rolling300,7 12 16 21 33 43,3 17 18 23 36 41,0
S001,multi_window_frequency,924,624,923,300,rolling300,16 18 21 33 38 43,3 11 34 42 43 44,1
S002,gap_regime_hazard,924,624,923,300,rolling300,2 4 6 13 27 43,3 11 34 42 43 44,1
S003,momentum_state_transition,924,624,923,300,rolling300,1 4 13 19 26 28,3 11 34 42 43 44,0
S004,conditional_probability,924,624,923,300,rolling300,2 3 6 17 22 33,3 11 34 42 43 44,1
S005,structure_transition,924,624,923,300,rolling300,1 4 11 32 36 39,3 11 34 42 43 44,1
S006,pair_residual_node,924,624,923,300,rolling300,4 18 28 33 39 43,3 11 34 42 43 44,1
S007,triple_residual_node,924,624,923,300,rolling300,4 18 28 33 39 43,3 11 34 42 43 44,1
S008,family_balanced_hybrid,924,624,923,300,rolling300,4 6 13 33 39 43,3 11 34 42 43 44,1
S001,multi_window_frequency,925,625,924,300,rolling300,3 18 21 33 38 43,13 24 32 34 39 42,0
S002,gap_regime_hazard,925,625,924,300,rolling300,4 17 18 23 36 41,13 24 32 34 39 42,0
S003,momentum_state_transition,925,625,924,300,rolling300,2 5 6 11 14 22,13 24 32 34 39 42,0
S004,conditional_probability,925,625,924,300,rolling300,2 6 7 11 17 22,13 24 32 34 39 42,0
S005,structure_transition,925,625,924,300,rolling300,2 14 17 22 25 43,13 24 32 34 39 42,0
S006,pair_residual_node,925,625,924,300,rolling300,4 18 28 33 39 43,13 24 32 34 39 42,1
S007,triple_residual_node,925,625,924,300,rolling300,4 18 28 33 39 43,13 24 32 34 39 42,1
S008,family_balanced_hybrid,925,625,924,300,rolling300,11 17 18 33 36 39,13 24 32 34 39 42,1
S001,multi_window_frequency,926,626,925,300,rolling300,3 18 34 39 42 43,10 16 18 20 25 31,1
S002,gap_regime_hazard,926,626,925,300,rolling300,3 4 8 11 43 44,10 16 18 20 25 31,0
S003,momentum_state_transition,926,626,925,300,rolling300,2 5 6 11 14 22,10 16 18 20 25 31,0
S004,conditional_probability,926,626,925,300,rolling300,2 6 7 17 34 42,10 16 18 20 25 31,0
S005,structure_transition,926,626,925,300,rolling300,6 19 21 24 38 41,10 16 18 20 25 31,0
S006,pair_residual_node,926,626,925,300,rolling300,4 18 28 33 39 43,10 16 18 20 25 31,1
S007,triple_residual_node,926,626,925,300,rolling300,4 18 28 33 39 43,10 16 18 20 25 31,1
S008,family_balanced_hybrid,926,626,925,300,rolling300,2 4 11 18 33 43,10 16 18 20 25 31,1
S001,multi_window_frequency,927,627,926,300,rolling300,3 18 34 39 42 43,4 15 22 38 41 43,1
S002,gap_regime_hazard,927,627,926,300,rolling300,13 24 32 34 39 42,4 15 22 38 41 43,0
S003,momentum_state_transition,927,627,926,300,rolling300,6 11 22 24 27 32,4 15 22 38 41 43,1
S004,conditional_probability,927,627,926,300,rolling300,2 7 17 18 34 42,4 15 22 38 41 43,0
S005,structure_transition,927,627,926,300,rolling300,1 2 18 23 37 41,4 15 22 38 41 43,1
S006,pair_residual_node,927,627,926,300,rolling300,4 18 28 33 39 43,4 15 22 38 41 43,2
S007,triple_residual_node,927,627,926,300,rolling300,4 18 28 33 39 43,4 15 22 38 41 43,2
S008,family_balanced_hybrid,927,627,926,300,rolling300,4 18 24 33 34 39,4 15 22 38 41 43,1
S001,multi_window_frequency,928,628,927,300,rolling300,18 34 38 39 42 43,3 4 10 20 28 44,0
S002,gap_regime_hazard,928,628,927,300,rolling300,10 16 18 20 25 31,3 4 10 20 28 44,2
S003,momentum_state_transition,928,628,927,300,rolling300,6 11 14 17 22 24,3 4 10 20 28 44,0
S004,conditional_probability,928,628,927,300,rolling300,3 17 18 34 41 42,3 4 10 20 28 44,1
S005,structure_transition,928,628,927,300,rolling300,1 4 6 31 40 45,3 4 10 20 28 44,1
S006,pair_residual_node,928,628,927,300,rolling300,4 18 28 33 36 43,3 4 10 20 28 44,2
S007,triple_residual_node,928,628,927,300,rolling300,4 18 28 33 36 43,3 4 10 20 28 44,2
S008,family_balanced_hybrid,928,628,927,300,rolling300,11 12 17 18 28 33,3 4 10 20 28 44,1
S001,multi_window_frequency,929,629,928,300,rolling300,3 18 34 38 42 43,7 9 12 15 19 23,0
S002,gap_regime_hazard,929,629,928,300,rolling300,2 15 22 38 41 43,7 9 12 15 19 23,1
S003,momentum_state_transition,929,629,928,300,rolling300,6 11 12 14 17 24,7 9 12 15 19 23,1
S004,conditional_probability,929,629,928,300,rolling300,17 18 34 41 42 44,7 9 12 15 19 23,0
S005,structure_transition,929,629,928,300,rolling300,9 18 21 24 37 38,7 9 12 15 19 23,1
S006,pair_residual_node,929,629,928,300,rolling300,4 18 28 33 39 43,7 9 12 15 19 23,0
S007,triple_residual_node,929,629,928,300,rolling300,4 18 28 33 39 43,7 9 12 15 19 23,0
S008,family_balanced_hybrid,929,629,928,300,rolling300,12 17 18 28 33 43,7 9 12 15 19 23,1
S001,multi_window_frequency,930,630,929,300,rolling300,3 16 18 34 38 43,8 21 25 38 39 44,1
S002,gap_regime_hazard,930,630,929,300,rolling300,3 4 10 20 28 44,8 21 25 38 39 44,1
S003,momentum_state_transition,930,630,929,300,rolling300,3 6 11 12 13 14,8 21 25 38 39 44,0
S004,conditional_probability,930,630,929,300,rolling300,2 4 7 10 34 41,8 21 25 38 39 44,0
S005,structure_transition,930,630,929,300,rolling300,1 6 19 27 41 42,8 21 25 38 39 44,0
S006,pair_residual_node,930,630,929,300,rolling300,4 15 18 28 33 43,8 21 25 38 39 44,0
S007,triple_residual_node,930,630,929,300,rolling300,4 15 18 28 33 43,8 21 25 38 39 44,0
S008,family_balanced_hybrid,930,630,929,300,rolling300,4 12 17 18 28 33,8 21 25 38 39 44,0
S001,multi_window_frequency,931,631,930,300,rolling300,3 18 38 39 43 44,14 15 23 25 35 43,1
S002,gap_regime_hazard,931,631,930,300,rolling300,7 9 12 15 19 23,14 15 23 25 35 43,2
S003,momentum_state_transition,931,631,930,300,rolling300,3 4 6 11 12 13,14 15 23 25 35 43,0
S004,conditional_probability,931,631,930,300,rolling300,3 4 7 41 43 44,14 15 23 25 35 43,1
S005,structure_transition,931,631,930,300,rolling300,5 10 12 21 36 45,14 15 23 25 35 43,0
S006,pair_residual_node,931,631,930,300,rolling300,4 15 18 28 33 43,14 15 23 25 35 43,2
S007,triple_residual_node,931,631,930,300,rolling300,4 15 18 28 33 43,14 15 23 25 35 43,2
S008,family_balanced_hybrid,931,631,930,300,rolling300,4 7 12 18 33 43,14 15 23 25 35 43,1
S001,multi_window_frequency,932,632,931,300,rolling300,3 18 38 39 43 44,1 6 15 36 37 38,1
S002,gap_regime_hazard,932,632,931,300,rolling300,2 8 21 38 39 44,1 6 15 36 37 38,1
S003,momentum_state_transition,932,632,931,300,rolling300,3 6 11 13 14 15,1 6 15 36 37 38,2
S004,conditional_probability,932,632,931,300,rolling300,3 4 15 23 25 44,1 6 15 36 37 38,1
S005,structure_transition,932,632,931,300,rolling300,1 6 15 19 30 33,1 6 15 36 37 38,3
S006,pair_residual_node,932,632,931,300,rolling300,4 15 18 28 33 43,1 6 15 36 37 38,1
S007,triple_residual_node,932,632,931,300,rolling300,4 15 18 28 33 43,1 6 15 36 37 38,1
S008,family_balanced_hybrid,932,632,931,300,rolling300,3 13 15 33 39 44,1 6 15 36 37 38,1
S001,multi_window_frequency,933,633,932,300,rolling300,3 15 38 39 43 44,23 27 29 31 36 45,0
S002,gap_regime_hazard,933,633,932,300,rolling300,5 14 23 25 35 43,23 27 29 31 36 45,1
S003,momentum_state_transition,933,633,932,300,rolling300,3 6 11 13 14 15,23 27 29 31 36 45,0
S004,conditional_probability,933,633,932,300,rolling300,3 23 25 38 43 44,23 27 29 31 36 45,1
S005,structure_transition,933,633,932,300,rolling300,4 13 22 33 36 41,23 27 29 31 36 45,1
S006,pair_residual_node,933,633,932,300,rolling300,4 15 28 33 39 43,23 27 29 31 36 45,0
S007,triple_residual_node,933,633,932,300,rolling300,4 15 28 33 39 43,23 27 29 31 36 45,0
S008,family_balanced_hybrid,933,633,932,300,rolling300,3 14 18 33 39 43,23 27 29 31 36 45,0
S001,multi_window_frequency,934,634,933,300,rolling300,3 15 38 39 43 44,1 3 30 33 36 39,2
S002,gap_regime_hazard,934,634,933,300,rolling300,1 6 14 15 37 38,1 3 30 33 36 39,1
S003,momentum_state_transition,934,634,933,300,rolling300,3 11 13 15 17 24,1 3 30 33 36 39,1
S004,conditional_probability,934,634,933,300,rolling300,3 23 25 38 43 44,1 3 30 33 36 39,1
S005,structure_transition,934,634,933,300,rolling300,6 15 23 25 30 42,1 3 30 33 36 39,1
S006,pair_residual_node,934,634,933,300,rolling300,4 15 28 33 36 43,1 3 30 33 36 39,2
S007,triple_residual_node,934,634,933,300,rolling300,4 15 28 33 36 43,1 3 30 33 36 39,2
S008,family_balanced_hybrid,934,634,933,300,rolling300,3 11 15 33 38 43,1 3 30 33 36 39,2
S001,multi_window_frequency,935,635,934,300,rolling300,3 15 38 39 43 44,4 10 20 32 38 44,2
S002,gap_regime_hazard,935,635,934,300,rolling300,4 23 27 29 31 45,4 10 20 32 38 44,1
S003,momentum_state_transition,935,635,934,300,rolling300,1 3 11 13 15 17,4 10 20 32 38 44,0
S004,conditional_probability,935,635,934,300,rolling300,1 23 25 36 38 39,4 10 20 32 38 44,1
S005,structure_transition,935,635,934,300,rolling300,5 8 14 22 35 39,4 10 20 32 38 44,0
S006,pair_residual_node,935,635,934,300,rolling300,4 15 28 33 36 43,4 10 20 32 38 44,1
S007,triple_residual_node,935,635,934,300,rolling300,4 15 18 28 33 43,4 10 20 32 38 44,1
S008,family_balanced_hybrid,935,635,934,300,rolling300,4 15 16 31 36 43,4 10 20 32 38 44,1
S001,multi_window_frequency,936,636,935,300,rolling300,3 15 38 39 43 44,7 11 13 17 18 29,0
S002,gap_regime_hazard,936,636,935,300,rolling300,1 3 30 33 36 39,7 11 13 17 18 29,0
S003,momentum_state_transition,936,636,935,300,rolling300,1 3 4 10 15 17,7 11 13 17 18 29,1
S004,conditional_probability,936,636,935,300,rolling300,4 10 20 23 25 36,7 11 13 17 18 29,0
S005,structure_transition,936,636,935,300,rolling300,8 10 13 24 30 39,7 11 13 17 18 29,1
S006,pair_residual_node,936,636,935,300,rolling300,4 15 28 33 36 43,7 11 13 17 18 29,0
S007,triple_residual_node,936,636,935,300,rolling300,4 15 28 33 36 43,7 11 13 17 18 29,0
S008,family_balanced_hybrid,936,636,935,300,rolling300,3 4 33 36 39 43,7 11 13 17 18 29,0
S001,multi_window_frequency,937,637,936,300,rolling300,3 15 38 39 43 44,2 10 13 22 29 40,0
S002,gap_regime_hazard,937,637,936,300,rolling300,4 10 20 32 38 44,2 10 13 22 29 40,1
S003,momentum_state_transition,937,637,936,300,rolling300,1 3 4 10 11 12,2 10 13 22 29 40,1
S004,conditional_probability,937,637,936,300,rolling300,1 3 4 23 36 44,2 10 13 22 29 40,0
S005,structure_transition,937,637,936,300,rolling300,1 6 17 31 40 45,2 10 13 22 29 40,1
S006,pair_residual_node,937,637,936,300,rolling300,4 18 28 33 36 43,2 10 13 22 29 40,0
S007,triple_residual_node,937,637,936,300,rolling300,4 18 28 33 36 43,2 10 13 22 29 40,0
S008,family_balanced_hybrid,937,637,936,300,rolling300,3 4 10 12 36 43,2 10 13 22 29 40,1
S001,multi_window_frequency,938,638,937,300,rolling300,3 18 38 39 43 44,4 8 10 16 31 36,0
S002,gap_regime_hazard,938,638,937,300,rolling300,7 8 9 11 17 18,4 8 10 16 31 36,1
S003,momentum_state_transition,938,638,937,300,rolling300,4 10 11 12 13 15,4 8 10 16 31 36,2
S004,conditional_probability,938,638,937,300,rolling300,10 15 23 29 36 38,4 8 10 16 31 36,2
S005,structure_transition,938,638,937,300,rolling300,3 11 16 26 37 40,4 8 10 16 31 36,1
S006,pair_residual_node,938,638,937,300,rolling300,4 18 28 33 36 43,4 8 10 16 31 36,2
S007,triple_residual_node,938,638,937,300,rolling300,4 18 28 33 36 43,4 8 10 16 31 36,2
S008,family_balanced_hybrid,938,638,937,300,rolling300,4 10 15 36 38 43,4 8 10 16 31 36,3
S001,multi_window_frequency,939,639,938,300,rolling300,18 36 38 39 43 44,4 11 28 39 42 45,1
S002,gap_regime_hazard,939,639,938,300,rolling300,2 6 13 22 29 40,4 11 28 39 42 45,0
S003,momentum_state_transition,939,639,938,300,rolling300,4 10 13 15 17 20,4 11 28 39 42 45,1
S004,conditional_probability,939,639,938,300,rolling300,1 10 15 23 29 38,4 11 28 39 42 45,0
S005,structure_transition,939,639,938,300,rolling300,7 12 17 25 36 38,4 11 28 39 42 45,0
S006,pair_residual_node,939,639,938,300,rolling300,4 15 28 33 36 43,4 11 28 39 42 45,2
S007,triple_residual_node,939,639,938,300,rolling300,4 15 28 33 36 43,4 11 28 39 42 45,2
S008,family_balanced_hybrid,939,639,938,300,rolling300,4 10 13 15 38 43,4 11 28 39 42 45,1
S001,multi_window_frequency,940,640,939,300,rolling300,4 36 38 39 43 44,3 15 20 22 24 41,0
S002,gap_regime_hazard,940,640,939,300,rolling300,6 8 10 16 31 36,3 15 20 22 24 41,0
S003,momentum_state_transition,940,640,939,300,rolling300,4 10 13 15 17 20,3 15 20 22 24 41,2
S004,conditional_probability,940,640,939,300,rolling300,1 4 10 29 38 39,3 15 20 22 24 41,0
S005,structure_transition,940,640,939,300,rolling300,3 6 8 13 25 42,3 15 20 22 24 41,1
S006,pair_residual_node,940,640,939,300,rolling300,4 18 28 33 36 43,3 15 20 22 24 41,0
S007,triple_residual_node,940,640,939,300,rolling300,4 18 28 33 36 43,3 15 20 22 24 41,0
S008,family_balanced_hybrid,940,640,939,300,rolling300,4 10 13 15 36 39,3 15 20 22 24 41,1
S001,multi_window_frequency,941,641,940,300,rolling300,3 15 36 38 39 43,12 14 25 27 39 40,1
S002,gap_regime_hazard,941,641,940,300,rolling300,4 11 28 39 42 45,12 14 25 27 39 40,1
S003,momentum_state_transition,941,641,940,300,rolling300,4 10 13 15 17 20,12 14 25 27 39 40,0
S004,conditional_probability,941,641,940,300,rolling300,1 3 11 13 20 22,12 14 25 27 39 40,0
S005,structure_transition,941,641,940,300,rolling300,3 14 18 23 25 40,12 14 25 27 39 40,3
S006,pair_residual_node,941,641,940,300,rolling300,4 15 28 33 36 43,12 14 25 27 39 40,0
S007,triple_residual_node,941,641,940,300,rolling300,4 15 28 33 36 43,12 14 25 27 39 40,0
S008,family_balanced_hybrid,941,641,940,300,rolling300,4 10 11 15 28 39,12 14 25 27 39 40,1
S001,multi_window_frequency,942,642,941,300,rolling300,3 18 36 38 39 43,10 12 18 35 42 43,2
S002,gap_regime_hazard,942,642,941,300,rolling300,3 15 20 22 24 41,10 12 18 35 42 43,0
S003,momentum_state_transition,942,642,941,300,rolling300,4 10 13 15 17 18,10 12 18 35 42 43,2
S004,conditional_probability,942,642,941,300,rolling300,1 3 11 13 15 20,10 12 18 35 42 43,0
S005,structure_transition,942,642,941,300,rolling300,1 6 22 25 30 45,10 12 18 35 42 43,0
S006,pair_residual_node,942,642,941,300,rolling300,4 15 28 33 36 43,10 12 18 35 42 43,1
S007,triple_residual_node,942,642,941,300,rolling300,4 15 28 33 36 43,10 12 18 35 42 43,1
S008,family_balanced_hybrid,942,642,941,300,rolling300,3 4 10 15 38 43,10 12 18 35 42 43,2
S001,multi_window_frequency,943,643,942,300,rolling300,3 10 18 39 42 43,1 8 13 36 44 45,0
S002,gap_regime_hazard,943,643,942,300,rolling300,1 14 25 27 39 40,1 8 13 36 44 45,1
S003,momentum_state_transition,943,643,942,300,rolling300,4 10 13 15 18 20,1 8 13 36 44 45,1
S004,conditional_probability,943,643,942,300,rolling300,3 11 12 13 18 20,1 8 13 36 44 45,1
S005,structure_transition,943,643,942,300,rolling300,5 10 25 28 32 39,1 8 13 36 44 45,0
S006,pair_residual_node,943,643,942,300,rolling300,4 15 33 36 39 43,1 8 13 36 44 45,1
S007,triple_residual_node,943,643,942,300,rolling300,4 15 33 36 39 43,1 8 13 36 44 45,1
S008,family_balanced_hybrid,943,643,942,300,rolling300,4 13 18 27 36 39,1 8 13 36 44 45,2
S001,multi_window_frequency,944,644,943,300,rolling300,3 10 36 39 43 44,2 13 16 19 32 33,0
S002,gap_regime_hazard,944,644,943,300,rolling300,10 12 18 35 42 43,2 13 16 19 32 33,0
S003,momentum_state_transition,944,644,943,300,rolling300,1 4 8 10 13 15,2 13 16 19 32 33,1
S004,conditional_probability,944,644,943,300,rolling300,1 3 4 13 36 39,2 13 16 19 32 33,1
S005,structure_transition,944,644,943,300,rolling300,7 10 19 30 32 45,2 13 16 19 32 33,2
S006,pair_residual_node,944,644,943,300,rolling300,4 15 33 36 39 43,2 13 16 19 32 33,1
S007,triple_residual_node,944,644,943,300,rolling300,4 18 33 36 39 43,2 13 16 19 32 33,1
S008,family_balanced_hybrid,944,644,943,300,rolling300,4 10 12 18 36 39,2 13 16 19 32 33,0
S001,multi_window_frequency,945,645,944,300,rolling300,10 13 18 38 39 43,9 10 15 30 33 37,1
S002,gap_regime_hazard,945,645,944,300,rolling300,1 7 8 36 44 45,9 10 15 30 33 37,0
S003,momentum_state_transition,945,645,944,300,rolling300,1 4 8 10 13 15,9 10 15 30 33 37,2
S004,conditional_probability,945,645,944,300,rolling300,2 4 8 11 12 16,9 10 15 30 33 37,0
S005,structure_transition,945,645,944,300,rolling300,9 14 16 25 28 39,9 10 15 30 33 37,1
S006,pair_residual_node,945,645,944,300,rolling300,4 15 33 36 39 43,9 10 15 30 33 37,2
S007,triple_residual_node,945,645,944,300,rolling300,4 18 33 36 39 43,9 10 15 30 33 37,1
S008,family_balanced_hybrid,945,645,944,300,rolling300,4 10 12 18 36 39,9 10 15 30 33 37,1
S001,multi_window_frequency,946,646,945,300,rolling300,10 12 13 18 39 43,9 18 19 30 34 40,1
S002,gap_regime_hazard,946,646,945,300,rolling300,2 5 13 16 19 32,9 18 19 30 34 40,1
S003,momentum_state_transition,946,646,945,300,rolling300,1 4 8 10 15 20,9 18 19 30 34 40,0
S004,conditional_probability,946,646,945,300,rolling300,2 4 8 11 12 15,9 18 19 30 34 40,0
S005,structure_transition,946,646,945,300,rolling300,14 15 26 29 36 43,9 18 19 30 34 40,0
S006,pair_residual_node,946,646,945,300,rolling300,4 15 33 36 39 43,9 18 19 30 34 40,0
S007,triple_residual_node,946,646,945,300,rolling300,10 15 33 36 39 43,9 18 19 30 34 40,0
S008,family_balanced_hybrid,946,646,945,300,rolling300,2 4 15 18 36 39,9 18 19 30 34 40,1
S001,multi_window_frequency,947,647,946,300,rolling300,10 12 13 18 39 43,3 8 17 20 27 35,0
S002,gap_regime_hazard,947,647,946,300,rolling300,5 6 10 15 33 37,3 8 17 20 27 35,0
S003,momentum_state_transition,947,647,946,300,rolling300,1 4 8 9 10 15,3 8 17 20 27 35,1
S004,conditional_probability,947,647,946,300,rolling300,2 4 8 9 13 40,3 8 17 20 27 35,1
S005,structure_transition,947,647,946,300,rolling300,11 14 21 30 35 38,3 8 17 20 27 35,1
S006,pair_residual_node,947,647,946,300,rolling300,4 15 18 33 36 43,3 8 17 20 27 35,0
S007,triple_residual_node,947,647,946,300,rolling300,15 18 33 36 39 43,3 8 17 20 27 35,0
S008,family_balanced_hybrid,947,647,946,300,rolling300,4 10 15 33 36 39,3 8 17 20 27 35,0
S001,multi_window_frequency,948,648,947,300,rolling300,3 10 12 18 39 43,13 18 30 31 38 41,1
S002,gap_regime_hazard,948,648,947,300,rolling300,9 18 19 30 34 40,13 18 30 31 38 41,2
S003,momentum_state_transition,948,648,947,300,rolling300,1 4 8 9 10 15,13 18 30 31 38 41,0
S004,conditional_probability,948,648,947,300,rolling300,3 4 8 9 10 12,13 18 30 31 38 41,0
S005,structure_transition,948,648,947,300,rolling300,1 8 18 29 33 36,13 18 30 31 38 41,1
S006,pair_residual_node,948,648,947,300,rolling300,15 18 33 36 39 43,13 18 30 31 38 41,1
S007,triple_residual_node,948,648,947,300,rolling300,15 18 33 36 39 43,13 18 30 31 38 41,1
S008,family_balanced_hybrid,948,648,947,300,rolling300,4 10 15 18 19 39,13 18 30 31 38 41,1
S001,multi_window_frequency,949,649,948,300,rolling300,3 13 18 38 39 43,14 21 35 36 40 44,0
S002,gap_regime_hazard,949,649,948,300,rolling300,3 8 17 20 27 35,14 21 35 36 40 44,1
S003,momentum_state_transition,949,649,948,300,rolling300,1 8 9 10 15 19,14 21 35 36 40 44,0
S004,conditional_probability,949,649,948,300,rolling300,3 8 9 13 18 30,14 21 35 36 40 44,0
S005,structure_transition,949,649,948,300,rolling300,6 10 19 24 27 37,14 21 35 36 40 44,0
S006,pair_residual_node,949,649,948,300,rolling300,15 18 33 36 39 43,14 21 35 36 40 44,1
S007,triple_residual_node,949,649,948,300,rolling300,15 18 33 36 39 43,14 21 35 36 40 44,1
S008,family_balanced_hybrid,949,649,948,300,rolling300,3 10 15 18 27 39,14 21 35 36 40 44,0
S001,multi_window_frequency,950,650,949,300,rolling300,3 13 18 39 43 44,3 4 15 22 28 40,1
S002,gap_regime_hazard,950,650,949,300,rolling300,5 6 7 23 26 29,3 4 15 22 28 40,0
S003,momentum_state_transition,950,650,949,300,rolling300,1 8 10 15 20 25,3 4 15 22 28 40,1
S004,conditional_probability,950,650,949,300,rolling300,3 13 18 30 35 40,3 4 15 22 28 40,2
S005,structure_transition,950,650,949,300,rolling300,9 15 17 20 24 40,3 4 15 22 28 40,2
S006,pair_residual_node,950,650,949,300,rolling300,15 18 33 36 39 43,3 4 15 22 28 40,1
S007,triple_residual_node,950,650,949,300,rolling300,15 18 33 36 39 43,3 4 15 22 28 40,1
S008,family_balanced_hybrid,950,650,949,300,rolling300,10 12 13 15 18 36,3 4 15 22 28 40,1
S001,multi_window_frequency,951,651,950,300,rolling300,3 13 18 39 43 44,2 12 30 31 39 43,2
S002,gap_regime_hazard,951,651,950,300,rolling300,5 6 7 11 23 26,2 12 30 31 39 43,0
S003,momentum_state_transition,951,651,950,300,rolling300,1 8 10 15 20 29,2 12 30 31 39 43,0
S004,conditional_probability,951,651,950,300,rolling300,3 8 13 18 30 35,2 12 30 31 39 43,1
S005,structure_transition,951,651,950,300,rolling300,7 12 17 26 29 40,2 12 30 31 39 43,1
S006,pair_residual_node,951,651,950,300,rolling300,4 15 18 33 36 43,2 12 30 31 39 43,1
S007,triple_residual_node,951,651,950,300,rolling300,15 18 28 33 36 43,2 12 30 31 39 43,1
S008,family_balanced_hybrid,951,651,950,300,rolling300,10 12 15 18 36 39,2 12 30 31 39 43,2
S001,multi_window_frequency,952,652,951,300,rolling300,3 13 18 38 39 43,4 12 22 24 33 41,0
S002,gap_regime_hazard,952,652,951,300,rolling300,5 6 7 11 23 24,4 12 22 24 33 41,1
S003,momentum_state_transition,952,652,951,300,rolling300,1 4 8 10 20 29,4 12 22 24 33 41,1
S004,conditional_probability,952,652,951,300,rolling300,2 3 13 18 35 40,4 12 22 24 33 41,0
S005,structure_transition,952,652,951,300,rolling300,1 6 11 13 30 38,4 12 22 24 33 41,0
S006,pair_residual_node,952,652,951,300,rolling300,4 15 18 33 36 43,4 12 22 24 33 41,2
S007,triple_residual_node,952,652,951,300,rolling300,4 15 18 33 36 43,4 12 22 24 33 41,2
S008,family_balanced_hybrid,952,652,951,300,rolling300,4 10 15 18 33 36,4 12 22 24 33 41,2
S001,multi_window_frequency,953,653,952,300,rolling300,3 12 18 38 39 43,7 9 22 27 37 42,0
S002,gap_regime_hazard,953,653,952,300,rolling300,5 6 7 11 23 25,7 9 22 27 37 42,1
S003,momentum_state_transition,953,653,952,300,rolling300,4 8 10 20 29 30,7 9 22 27 37 42,0
S004,conditional_probability,953,653,952,300,rolling300,2 3 4 13 33 40,7 9 22 27 37 42,0
S005,structure_transition,953,653,952,300,rolling300,6 10 19 24 27 37,7 9 22 27 37 42,2
S006,pair_residual_node,953,653,952,300,rolling300,4 15 18 33 36 43,7 9 22 27 37 42,0
S007,triple_residual_node,953,653,952,300,rolling300,4 15 18 33 36 43,7 9 22 27 37 42,0
S008,family_balanced_hybrid,953,653,952,300,rolling300,4 10 15 18 33 39,7 9 22 27 37 42,0
S001,multi_window_frequency,954,654,953,300,rolling300,3 12 18 38 39 43,1 9 26 28 30 41,0
S002,gap_regime_hazard,954,654,953,300,rolling300,5 6 11 23 25 26,1 9 26 28 30 41,1
S003,momentum_state_transition,954,654,953,300,rolling300,4 8 9 10 20 30,1 9 26 28 30 41,2
S004,conditional_probability,954,654,953,300,rolling300,2 3 9 22 33 40,1 9 26 28 30 41,1
S005,structure_transition,954,654,953,300,rolling300,14 21 26 31 42 45,1 9 26 28 30 41,1
S006,pair_residual_node,954,654,953,300,rolling300,4 18 27 33 36 43,1 9 26 28 30 41,0
S007,triple_residual_node,954,654,953,300,rolling300,4 18 27 33 36 43,1 9 26 28 30 41,0
S008,family_balanced_hybrid,954,654,953,300,rolling300,4 10 12 15 18 33,1 9 26 28 30 41,0
S001,multi_window_frequency,955,655,954,300,rolling300,12 18 30 38 39 43,4 9 23 26 29 33,0
S002,gap_regime_hazard,955,655,954,300,rolling300,5 6 11 23 25 29,4 9 23 26 29 33,2
S003,momentum_state_transition,955,655,954,300,rolling300,4 8 9 10 20 28,4 9 23 26 29 33,2
S004,conditional_probability,955,655,954,300,rolling300,5 6 22 30 40 41,4 9 23 26 29 33,0
S005,structure_transition,955,655,954,300,rolling300,1 14 19 32 34 37,4 9 23 26 29 33,0
S006,pair_residual_node,955,655,954,300,rolling300,4 27 28 33 36 43,4 9 23 26 29 33,2
S007,triple_residual_node,955,655,954,300,rolling300,18 27 28 33 36 43,4 9 23 26 29 33,1
S008,family_balanced_hybrid,955,655,954,300,rolling300,4 10 11 18 27 28,4 9 23 26 29 33,1
S001,multi_window_frequency,956,656,955,300,rolling300,4 12 18 30 38 39,10 11 20 21 25 41,0
S002,gap_regime_hazard,956,656,955,300,rolling300,5 6 11 16 25 32,10 11 20 21 25 41,2
S003,momentum_state_transition,956,656,955,300,rolling300,2 8 9 13 28 29,10 11 20 21 25 41,0
S004,conditional_probability,956,656,955,300,rolling300,4 5 6 22 40 41,10 11 20 21 25 41,1
S005,structure_transition,956,656,955,300,rolling300,4 13 15 19 32 44,10 11 20 21 25 41,0
S006,pair_residual_node,956,656,955,300,rolling300,4 27 28 33 36 43,10 11 20 21 25 41,0
S007,triple_residual_node,956,656,955,300,rolling300,4 27 28 33 36 43,10 11 20 21 25 41,0
S008,family_balanced_hybrid,956,656,955,300,rolling300,4 6 10 13 18 28,10 11 20 21 25 41,1
S001,multi_window_frequency,957,657,956,300,rolling300,4 12 22 38 39 41,4 15 24 35 36 40,1
S002,gap_regime_hazard,957,657,956,300,rolling300,4 5 6 16 32 45,4 15 24 35 36 40,1
S003,momentum_state_transition,957,657,956,300,rolling300,2 8 9 22 28 30,4 15 24 35 36 40,0
S004,conditional_probability,957,657,956,300,rolling300,4 5 6 9 22 30,4 15 24 35 36 40,1
S005,structure_transition,957,657,956,300,rolling300,3 14 18 23 25 40,4 15 24 35 36 40,1
S006,pair_residual_node,957,657,956,300,rolling300,4 27 28 33 36 43,4 15 24 35 36 40,2
S007,triple_residual_node,957,657,956,300,rolling300,4 27 28 33 36 43,4 15 24 35 36 40,2
S008,family_balanced_hybrid,957,657,956,300,rolling300,3 4 9 22 28 33,4 15 24 35 36 40,1
S001,multi_window_frequency,958,658,957,300,rolling300,4 12 15 33 39 41,2 9 10 16 35 37,0
S002,gap_regime_hazard,958,658,957,300,rolling300,5 6 16 19 32 34,2 9 10 16 35 37,1
S003,momentum_state_transition,958,658,957,300,rolling300,8 9 24 27 28 30,2 9 10 16 35 37,1
S004,conditional_probability,958,658,957,300,rolling300,5 6 9 22 30 40,2 9 10 16 35 37,1
S005,structure_transition,958,658,957,300,rolling300,11 14 21 30 35 38,2 9 10 16 35 37,1
S006,pair_residual_node,958,658,957,300,rolling300,4 27 28 33 36 43,2 9 10 16 35 37,0
S007,triple_residual_node,958,658,957,300,rolling300,4 27 28 33 36 43,2 9 10 16 35 37,0
S008,family_balanced_hybrid,958,658,957,300,rolling300,12 17 19 27 28 43,2 9 10 16 35 37,0
S001,multi_window_frequency,959,659,958,300,rolling300,4 10 12 15 33 39,1 14 15 24 40 41,1
S002,gap_regime_hazard,959,659,958,300,rolling300,5 6 8 17 19 32,1 14 15 24 40 41,0
S003,momentum_state_transition,959,659,958,300,rolling300,9 12 24 27 28 30,1 14 15 24 40 41,1
S004,conditional_probability,959,659,958,300,rolling300,5 6 22 35 40 41,1 14 15 24 40 41,2
S005,structure_transition,959,659,958,300,rolling300,7 16 18 29 33 38,1 14 15 24 40 41,0
S006,pair_residual_node,959,659,958,300,rolling300,4 10 27 33 36 43,1 14 15 24 40 41,0
S007,triple_residual_node,959,659,958,300,rolling300,4 10 27 33 36 43,1 14 15 24 40 41,0
S008,family_balanced_hybrid,959,659,958,300,rolling300,12 17 18 28 33 38,1 14 15 24 40 41,0
S001,multi_window_frequency,960,660,959,300,rolling300,4 10 15 33 39 41,2 18 24 30 32 45,0
S002,gap_regime_hazard,960,660,959,300,rolling300,5 6 8 13 17 18,2 18 24 30 32 45,1
S003,momentum_state_transition,960,660,959,300,rolling300,1 9 12 14 24 27,2 18 24 30 32 45,1
S004,conditional_probability,960,660,959,300,rolling300,5 6 15 22 24 40,2 18 24 30 32 45,1
S005,structure_transition,960,660,959,300,rolling300,1 4 11 32 36 39,2 18 24 30 32 45,1
S006,pair_residual_node,960,660,959,300,rolling300,4 15 27 33 36 43,2 18 24 30 32 45,0
S007,triple_residual_node,960,660,959,300,rolling300,4 15 27 33 36 43,2 18 24 30 32 45,0
S008,family_balanced_hybrid,960,660,959,300,rolling300,12 17 18 27 33 38,2 18 24 30 32 45,1
S001,multi_window_frequency,961,661,960,300,rolling300,4 10 15 24 30 41,11 20 29 31 33 42,0
S002,gap_regime_hazard,961,661,960,300,rolling300,5 6 8 13 17 19,11 20 29 31 33 42,0
S003,momentum_state_transition,961,661,960,300,rolling300,1 2 9 12 14 24,11 20 29 31 33 42,0
S004,conditional_probability,961,661,960,300,rolling300,2 3 4 5 6 30,11 20 29 31 33 42,0
S005,structure_transition,961,661,960,300,rolling300,2 14 17 22 25 43,11 20 29 31 33 42,0
S006,pair_residual_node,961,661,960,300,rolling300,4 15 27 33 36 43,11 20 29 31 33 42,1
S007,triple_residual_node,961,661,960,300,rolling300,4 10 15 33 36 43,11 20 29 31 33 42,1
S008,family_balanced_hybrid,961,661,960,300,rolling300,2 4 12 14 15 33,11 20 29 31 33 42,1
S001,multi_window_frequency,962,662,961,300,rolling300,4 10 15 24 33 41,1 18 28 31 34 43,0
S002,gap_regime_hazard,962,662,961,300,rolling300,3 5 6 8 13 17,1 18 28 31 34 43,0
S003,momentum_state_transition,962,662,961,300,rolling300,1 2 9 12 24 30,1 18 28 31 34 43,1
S004,conditional_probability,962,662,961,300,rolling300,3 4 5 6 8 33,1 18 28 31 34 43,0
S005,structure_transition,962,662,961,300,rolling300,6 10 19 24 27 37,1 18 28 31 34 43,0
S006,pair_residual_node,962,662,961,300,rolling300,4 15 27 33 36 43,1 18 28 31 34 43,1
S007,triple_residual_node,962,662,961,300,rolling300,4 15 27 33 36 43,1 18 28 31 34 43,1
S008,family_balanced_hybrid,962,662,961,300,rolling300,3 4 12 33 38 43,1 18 28 31 34 43,1
S001,multi_window_frequency,963,663,962,300,rolling300,4 10 15 18 33 41,6 12 19 23 34 42,0
S002,gap_regime_hazard,963,663,962,300,rolling300,3 5 6 8 13 17,6 12 19 23 34 42,1
S003,momentum_state_transition,963,663,962,300,rolling300,1 2 9 24 28 30,6 12 19 23 34 42,0
S004,conditional_probability,963,663,962,300,rolling300,1 3 5 6 24 41,6 12 19 23 34 42,1
S005,structure_transition,963,663,962,300,rolling300,1 6 11 13 30 38,6 12 19 23 34 42,1
S006,pair_residual_node,963,663,962,300,rolling300,4 10 27 33 36 43,6 12 19 23 34 42,0
S007,triple_residual_node,963,663,962,300,rolling300,4 10 27 33 36 43,6 12 19 23 34 42,0
S008,family_balanced_hybrid,963,663,962,300,rolling300,2 3 12 24 33 39,6 12 19 23 34 42,1
S001,multi_window_frequency,964,664,963,300,rolling300,4 10 18 33 41 42,6 21 36 38 39 43,0
S002,gap_regime_hazard,964,664,963,300,rolling300,3 5 8 13 17 38,6 21 36 38 39 43,1
S003,momentum_state_transition,964,664,963,300,rolling300,2 9 19 24 28 30,6 21 36 38 39 43,0
S004,conditional_probability,964,664,963,300,rolling300,1 3 5 9 24 41,6 21 36 38 39 43,0
S005,structure_transition,964,664,963,300,rolling300,1 6 20 26 33 35,6 21 36 38 39 43,1
S006,pair_residual_node,964,664,963,300,rolling300,4 10 27 33 36 43,6 21 36 38 39 43,2
S007,triple_residual_node,964,664,963,300,rolling300,4 10 27 33 36 43,6 21 36 38 39 43,2
S008,family_balanced_hybrid,964,664,963,300,rolling300,4 13 18 24 28 33,6 21 36 38 39 43,0
S001,multi_window_frequency,965,665,964,300,rolling300,4 12 18 33 42 43,2 13 25 28 29 36,0
S002,gap_regime_hazard,965,665,964,300,rolling300,3 5 7 8 13 17,2 13 25 28 29 36,1
S003,momentum_state_transition,965,665,964,300,rolling300,2 9 21 24 28 30,2 13 25 28 29 36,2
S004,conditional_probability,965,665,964,300,rolling300,3 5 7 8 13 24,2 13 25 28 29 36,1
S005,structure_transition,965,665,964,300,rolling300,5 8 14 22 35 39,2 13 25 28 29 36,0
S006,pair_residual_node,965,665,964,300,rolling300,4 18 27 33 36 43,2 13 25 28 29 36,1
S007,triple_residual_node,965,665,964,300,rolling300,4 18 27 33 36 43,2 13 25 28 29 36,1
S008,family_balanced_hybrid,965,665,964,300,rolling300,2 4 10 13 24 33,2 13 25 28 29 36,2
S001,multi_window_frequency,966,666,965,300,rolling300,2 18 28 36 42 43,1 21 25 29 34 37,0
S002,gap_regime_hazard,966,666,965,300,rolling300,3 5 7 8 17 22,1 21 25 29 34 37,0
S003,momentum_state_transition,966,666,965,300,rolling300,2 9 21 24 28 30,1 21 25 29 34 37,1
S004,conditional_probability,966,666,965,300,rolling300,2 3 5 7 24 36,1 21 25 29 34 37,0
S005,structure_transition,966,666,965,300,rolling300,2 5 20 21 35 38,1 21 25 29 34 37,1
S006,pair_residual_node,966,666,965,300,rolling300,4 18 27 33 36 43,1 21 25 29 34 37,0
S007,triple_residual_node,966,666,965,300,rolling300,4 18 27 33 36 43,1 21 25 29 34 37,0
S008,family_balanced_hybrid,966,666,965,300,rolling300,2 10 21 24 27 28,1 21 25 29 34 37,1
S001,multi_window_frequency,967,667,966,300,rolling300,2 18 34 36 42 43,1 6 13 37 38 40,0
S002,gap_regime_hazard,967,667,966,300,rolling300,3 5 7 8 17 22,1 6 13 37 38 40,0
S003,momentum_state_transition,967,667,966,300,rolling300,2 21 24 28 31 34,1 6 13 37 38 40,0
S004,conditional_probability,967,667,966,300,rolling300,1 2 24 29 34 36,1 6 13 37 38 40,1
S005,structure_transition,967,667,966,300,rolling300,3 12 15 23 37 40,1 6 13 37 38 40,2
S006,pair_residual_node,967,667,966,300,rolling300,4 18 27 33 36 43,1 6 13 37 38 40,0
S007,triple_residual_node,967,667,966,300,rolling300,4 18 27 33 36 43,1 6 13 37 38 40,0
S008,family_balanced_hybrid,967,667,966,300,rolling300,2 4 21 24 28 36,1 6 13 37 38 40,0
S001,multi_window_frequency,968,668,967,300,rolling300,1 2 18 28 34 43,2 5 12 14 24 39,1
S002,gap_regime_hazard,968,668,967,300,rolling300,3 5 7 8 17 22,2 5 12 14 24 39,1
S003,momentum_state_transition,968,668,967,300,rolling300,2 6 21 22 24 28,2 5 12 14 24 39,2
S004,conditional_probability,968,668,967,300,rolling300,2 3 6 29 34 37,2 5 12 14 24 39,1
S005,structure_transition,968,668,967,300,rolling300,4 13 22 33 36 41,2 5 12 14 24 39,0
S006,pair_residual_node,968,668,967,300,rolling300,4 18 27 33 36 43,2 5 12 14 24 39,0
S007,triple_residual_node,968,668,967,300,rolling300,4 18 27 33 36 43,2 5 12 14 24 39,0
S008,family_balanced_hybrid,968,668,967,300,rolling300,2 4 21 27 28 34,2 5 12 14 24 39,1
S001,multi_window_frequency,969,669,968,300,rolling300,1 2 12 18 34 39,3 9 10 29 40 45,0
S002,gap_regime_hazard,969,669,968,300,rolling300,3 4 7 8 17 22,3 9 10 29 40 45,1
S003,momentum_state_transition,969,669,968,300,rolling300,2 6 14 21 22 24,3 9 10 29 40 45,0
S004,conditional_probability,969,669,968,300,rolling300,2 3 6 24 29 34,3 9 10 29 40 45,2
S005,structure_transition,969,669,968,300,rolling300,2 7 15 26 34 37,3 9 10 29 40 45,0
S006,pair_residual_node,969,669,968,300,rolling300,4 18 27 33 36 43,3 9 10 29 40 45,0
S007,triple_residual_node,969,669,968,300,rolling300,4 18 27 33 36 43,3 9 10 29 40 45,0
S008,family_balanced_hybrid,969,669,968,300,rolling300,2 4 13 18 21 27,3 9 10 29 40 45,0
S001,multi_window_frequency,970,670,969,300,rolling300,1 2 12 18 34 39,9 11 16 21 28 36,0
S002,gap_regime_hazard,970,670,969,300,rolling300,4 7 8 16 17 22,9 11 16 21 28 36,1
S003,momentum_state_transition,970,670,969,300,rolling300,2 6 9 12 21 22,9 11 16 21 28 36,2
S004,conditional_probability,970,670,969,300,rolling300,1 2 4 6 7 34,9 11 16 21 28 36,0
S005,structure_transition,970,670,969,300,rolling300,1 4 20 25 26 45,9 11 16 21 28 36,0
S006,pair_residual_node,970,670,969,300,rolling300,4 18 27 33 36 43,9 11 16 21 28 36,1
S007,triple_residual_node,970,670,969,300,rolling300,4 18 27 33 36 43,9 11 16 21 28 36,1
S008,family_balanced_hybrid,970,670,969,300,rolling300,2 4 12 18 21 27,9 11 16 21 28 36,1
S001,multi_window_frequency,971,671,970,300,rolling300,1 12 21 28 36 39,2 6 17 18 21 26,1
S002,gap_regime_hazard,971,671,970,300,rolling300,3 4 10 29 40 45,2 6 17 18 21 26,0
S003,momentum_state_transition,971,671,970,300,rolling300,2 6 9 11 12 21,2 6 17 18 21 26,3
S004,conditional_probability,971,671,970,300,rolling300,1 6 21 28 34 36,2 6 17 18 21 26,2
S005,structure_transition,971,671,970,300,rolling300,7 12 17 25 36 38,2 6 17 18 21 26,1
S006,pair_residual_node,971,671,970,300,rolling300,4 21 27 33 36 43,2 6 17 18 21 26,1
S007,triple_residual_node,971,671,970,300,rolling300,4 21 27 33 36 43,2 6 17 18 21 26,1
S008,family_balanced_hybrid,971,671,970,300,rolling300,2 4 12 21 28 43,2 6 17 18 21 26,2
S001,multi_window_frequency,972,672,971,300,rolling300,2 12 18 21 28 36,3 6 17 23 37 39,0
S002,gap_regime_hazard,972,672,971,300,rolling300,4 9 11 16 28 36,3 6 17 23 37 39,0
S003,momentum_state_transition,972,672,971,300,rolling300,6 9 11 21 24 25,3 6 17 23 37 39,1
S004,conditional_probability,972,672,971,300,rolling300,1 2 28 29 34 36,3 6 17 23 37 39,0
S005,structure_transition,972,672,971,300,rolling300,1 8 18 29 33 36,3 6 17 23 37 39,0
S006,pair_residual_node,972,672,971,300,rolling300,4 21 27 33 36 43,3 6 17 23 37 39,0
S007,triple_residual_node,972,672,971,300,rolling300,4 18 21 33 36 43,3 6 17 23 37 39,0
S008,family_balanced_hybrid,972,672,971,300,rolling300,4 15 27 28 34 36,3 6 17 23 37 39,0
S001,multi_window_frequency,973,673,972,300,rolling300,2 6 18 21 36 39,22 26 31 37 41 42,0
S002,gap_regime_hazard,973,673,972,300,rolling300,2 4 7 18 21 26,22 26 31 37 41 42,1
S003,momentum_state_transition,973,673,972,300,rolling300,1 6 9 11 21 23,22 26 31 37 41 42,0
S004,conditional_probability,973,673,972,300,rolling300,2 6 29 36 37 39,22 26 31 37 41 42,1
S005,structure_transition,973,673,972,300,rolling300,1 14 17 27 32 35,22 26 31 37 41 42,0
S006,pair_residual_node,973,673,972,300,rolling300,4 18 21 33 36 43,22 26 31 37 41 42,0
S007,triple_residual_node,973,673,972,300,rolling300,4 18 21 33 36 43,22 26 31 37 41 42,0
S008,family_balanced_hybrid,973,673,972,300,rolling300,2 4 12 21 28 33,22 26 31 37 41 42,0
S001,multi_window_frequency,974,674,973,300,rolling300,2 6 18 21 37 39,1 2 11 16 39 44,2
S002,gap_regime_hazard,974,674,973,300,rolling300,3 4 6 17 23 39,1 2 11 16 39 44,1
S003,momentum_state_transition,974,674,973,300,rolling300,1 6 11 21 23 24,1 2 11 16 39 44,2
S004,conditional_probability,974,674,973,300,rolling300,1 2 3 29 36 39,1 2 11 16 39 44,3
S005,structure_transition,974,674,973,300,rolling300,1 5 14 30 37 40,1 2 11 16 39 44,1
S006,pair_residual_node,974,674,973,300,rolling300,4 21 27 33 36 43,1 2 11 16 39 44,0
S007,triple_residual_node,974,674,973,300,rolling300,4 21 27 33 36 43,1 2 11 16 39 44,0
S008,family_balanced_hybrid,974,674,973,300,rolling300,3 4 13 21 28 39,1 2 11 16 39 44,1
S001,multi_window_frequency,975,675,974,300,rolling300,1 2 18 21 37 39,7 8 9 17 22 24,0
S002,gap_regime_hazard,975,675,974,300,rolling300,22 26 31 37 41 42,7 8 9 17 22 24,1
S003,momentum_state_transition,975,675,974,300,rolling300,1 6 11 16 21 23,7 8 9 17 22 24,0
S004,conditional_probability,975,675,974,300,rolling300,1 3 6 21 29 39,7 8 9 17 22 24,0
S005,structure_transition,975,675,974,300,rolling300,4 13 22 33 36 41,7 8 9 17 22 24,1
S006,pair_residual_node,975,675,974,300,rolling300,4 18 21 33 36 43,7 8 9 17 22 24,0
S007,triple_residual_node,975,675,974,300,rolling300,4 18 21 33 36 43,7 8 9 17 22 24,0
S008,family_balanced_hybrid,975,675,974,300,rolling300,3 4 13 15 21 33,7 8 9 17 22 24,0
S001,multi_window_frequency,976,676,975,300,rolling300,1 2 18 21 37 39,4 12 14 25 35 37,1
S002,gap_regime_hazard,976,676,975,300,rolling300,1 2 11 16 39 44,4 12 14 25 35 37,0
S003,momentum_state_transition,976,676,975,300,rolling300,1 6 11 16 17 21,4 12 14 25 35 37,0
S004,conditional_probability,976,676,975,300,rolling300,1 2 6 9 17 21,4 12 14 25 35 37,0
S005,structure_transition,976,676,975,300,rolling300,1 7 20 31 36 38,4 12 14 25 35 37,0
S006,pair_residual_node,976,676,975,300,rolling300,4 18 21 33 36 43,4 12 14 25 35 37,1
S007,triple_residual_node,976,676,975,300,rolling300,4 18 21 33 36 43,4 12 14 25 35 37,1
S008,family_balanced_hybrid,976,676,975,300,rolling300,2 4 16 17 21 39,4 12 14 25 35 37,1
S001,multi_window_frequency,977,677,976,300,rolling300,2 12 18 21 37 39,2 9 10 14 22 44,1
S002,gap_regime_hazard,977,677,976,300,rolling300,7 8 9 17 22 24,2 9 10 14 22 44,2
S003,momentum_state_transition,977,677,976,300,rolling300,1 6 11 14 16 17,2 9 10 14 22 44,1
S004,conditional_probability,977,677,976,300,rolling300,2 6 9 15 17 39,2 9 10 14 22 44,2
S005,structure_transition,977,677,976,300,rolling300,10 15 17 20 31 38,2 9 10 14 22 44,1
S006,pair_residual_node,977,677,976,300,rolling300,4 18 21 33 36 43,2 9 10 14 22 44,0
S007,triple_residual_node,977,677,976,300,rolling300,4 18 21 33 36 43,2 9 10 14 22 44,0
S008,family_balanced_hybrid,977,677,976,300,rolling300,15 17 21 24 33 43,2 9 10 14 22 44,0
S001,multi_window_frequency,978,678,977,300,rolling300,2 9 12 21 37 39,1 7 15 32 34 42,0
S002,gap_regime_hazard,978,678,977,300,rolling300,4 12 15 25 35 37,1 7 15 32 34 42,1
S003,momentum_state_transition,978,678,977,300,rolling300,1 2 6 11 14 16,1 7 15 32 34 42,1
S004,conditional_probability,978,678,977,300,rolling300,13 14 17 22 37 39,1 7 15 32 34 42,0
S005,structure_transition,978,678,977,300,rolling300,9 18 21 24 37 38,1 7 15 32 34 42,0
S006,pair_residual_node,978,678,977,300,rolling300,4 18 21 33 36 43,1 7 15 32 34 42,0
S007,triple_residual_node,978,678,977,300,rolling300,4 18 21 33 36 43,1 7 15 32 34 42,0
S008,family_balanced_hybrid,978,678,977,300,rolling300,4 14 17 21 33 37,1 7 15 32 34 42,0
S001,multi_window_frequency,979,679,978,300,rolling300,1 2 9 21 37 39,7 11 16 21 27 33,1
S002,gap_regime_hazard,979,679,978,300,rolling300,13 19 20 27 30 33,7 11 16 21 27 33,2
S003,momentum_state_transition,979,679,978,300,rolling300,1 6 11 14 17 21,7 11 16 21 27 33,2
S004,conditional_probability,979,679,978,300,rolling300,2 5 13 17 22 37,7 11 16 21 27 33,0
S005,structure_transition,979,679,978,300,rolling300,6 10 19 24 27 37,7 11 16 21 27 33,1
S006,pair_residual_node,979,679,978,300,rolling300,4 21 27 33 36 43,7 11 16 21 27 33,3
S007,triple_residual_node,979,679,978,300,rolling300,4 18 21 33 36 43,7 11 16 21 27 33,2
S008,family_balanced_hybrid,979,679,978,300,rolling300,2 10 14 17 21 33,7 11 16 21 27 33,2
S001,multi_window_frequency,980,680,979,300,rolling300,2 9 21 37 39 42,3 13 16 23 24 35,0
S002,gap_regime_hazard,980,680,979,300,rolling300,1 5 15 32 34 42,3 13 16 23 24 35,0
S003,momentum_state_transition,980,680,979,300,rolling300,6 7 11 16 17 21,3 13 16 23 24 35,1
S004,conditional_probability,980,680,979,300,rolling300,2 7 9 11 16 17,3 13 16 23 24 35,1
S005,structure_transition,980,680,979,300,rolling300,1 14 17 27 32 35,3 13 16 23 24 35,1
S006,pair_residual_node,980,680,979,300,rolling300,4 18 21 33 36 43,3 13 16 23 24 35,0
S007,triple_residual_node,980,680,979,300,rolling300,4 18 21 33 36 43,3 13 16 23 24 35,0
S008,family_balanced_hybrid,980,680,979,300,rolling300,4 13 15 17 21 43,3 13 16 23 24 35,1
S001,multi_window_frequency,981,681,980,300,rolling300,2 16 21 24 37 39,27 36 37 41 43 45,1
S002,gap_regime_hazard,981,681,980,300,rolling300,5 7 11 21 27 33,27 36 37 41 43 45,1
S003,momentum_state_transition,981,681,980,300,rolling300,4 10 15 18 27 30,27 36 37 41 43 45,1
S004,conditional_probability,981,681,980,300,rolling300,2 7 16 17 22 37,27 36 37 41 43 45,1
S005,structure_transition,981,681,980,300,rolling300,6 18 23 29 31 36,27 36 37 41 43 45,1
S006,pair_residual_node,981,681,980,300,rolling300,4 18 21 33 36 43,27 36 37 41 43 45,2
S007,triple_residual_node,981,681,980,300,rolling300,4 18 21 33 36 43,27 36 37 41 43 45,2
S008,family_balanced_hybrid,981,681,980,300,rolling300,2 4 17 18 21 33,27 36 37 41 43 45,0
S001,multi_window_frequency,982,682,981,300,rolling300,2 16 21 24 37 39,5 7 13 20 21 44,1
S002,gap_regime_hazard,982,682,981,300,rolling300,5 19 20 28 29 30,5 7 13 20 21 44,2
S003,momentum_state_transition,982,682,981,300,rolling300,4 10 15 18 20 30,5 7 13 20 21 44,1
S004,conditional_probability,982,682,981,300,rolling300,5 7 16 18 19 22,5 7 13 20 21 44,2
S005,structure_transition,982,682,981,300,rolling300,1 8 30 33 39 43,5 7 13 20 21 44,0
S006,pair_residual_node,982,682,981,300,rolling300,4 18 21 33 36 43,5 7 13 20 21 44,1
S007,triple_residual_node,982,682,981,300,rolling300,4 18 21 33 36 43,5 7 13 20 21 44,1
S008,family_balanced_hybrid,982,682,981,300,rolling300,3 4 16 17 18 28,5 7 13 20 21 44,0
S001,multi_window_frequency,983,683,982,300,rolling300,1 2 7 16 21 37,13 23 26 31 35 43,0
S002,gap_regime_hazard,983,683,982,300,rolling300,18 19 28 29 30 38,13 23 26 31 35 43,0
S003,momentum_state_transition,983,683,982,300,rolling300,4 10 15 18 20 28,13 23 26 31 35 43,0
S004,conditional_probability,983,683,982,300,rolling300,6 16 18 22 37 44,13 23 26 31 35 43,0
S005,structure_transition,983,683,982,300,rolling300,6 19 20 25 37 40,13 23 26 31 35 43,0
S006,pair_residual_node,983,683,982,300,rolling300,4 18 21 33 36 43,13 23 26 31 35 43,1
S007,triple_residual_node,983,683,982,300,rolling300,4 18 21 33 36 43,13 23 26 31 35 43,1
S008,family_balanced_hybrid,983,683,982,300,rolling300,4 14 18 21 28 33,13 23 26 31 35 43,0
S001,multi_window_frequency,984,684,983,300,rolling300,1 2 13 16 21 43,3 10 23 35 36 37,0
S002,gap_regime_hazard,984,684,983,300,rolling300,6 18 19 28 29 30,3 10 23 35 36 37,0
S003,momentum_state_transition,984,684,983,300,rolling300,4 10 12 15 18 19,3 10 23 35 36 37,1
S004,conditional_probability,984,684,983,300,rolling300,6 13 16 18 35 44,3 10 23 35 36 37,1
S005,structure_transition,984,684,983,300,rolling300,1 14 17 27 32 35,3 10 23 35 36 37,1
S006,pair_residual_node,984,684,983,300,rolling300,4 18 21 33 36 43,3 10 23 35 36 37,1
S007,triple_residual_node,984,684,983,300,rolling300,4 18 21 33 36 43,3 10 23 35 36 37,1
S008,family_balanced_hybrid,984,684,983,300,rolling300,4 13 16 18 21 28,3 10 23 35 36 37,0
S001,multi_window_frequency,985,685,984,300,rolling300,2 13 21 35 36 37,17 21 23 30 34 44,1
S002,gap_regime_hazard,985,685,984,300,rolling300,6 13 18 26 31 43,17 21 23 30 34 44,0
S003,momentum_state_transition,985,685,984,300,rolling300,4 12 15 18 20 28,17 21 23 30 34 44,0
S004,conditional_probability,985,685,984,300,rolling300,6 13 18 19 23 37,17 21 23 30 34 44,1
S005,structure_transition,985,685,984,300,rolling300,2 4 14 33 37 41,17 21 23 30 34 44,0
S006,pair_residual_node,985,685,984,300,rolling300,4 18 21 33 36 43,17 21 23 30 34 44,1
S007,triple_residual_node,985,685,984,300,rolling300,4 18 21 33 36 43,17 21 23 30 34 44,1
S008,family_balanced_hybrid,985,685,984,300,rolling300,4 13 18 28 33 43,17 21 23 30 34 44,0
S001,multi_window_frequency,986,686,985,300,rolling300,13 21 23 35 36 37,7 10 16 28 41 42,0
S002,gap_regime_hazard,986,686,985,300,rolling300,3 6 10 35 36 37,7 10 16 28 41 42,1
S003,momentum_state_transition,986,686,985,300,rolling300,4 12 15 18 20 28,7 10 16 28 41 42,1
S004,conditional_probability,986,686,985,300,rolling300,6 7 13 21 37 44,7 10 16 28 41 42,1
S005,structure_transition,986,686,985,300,rolling300,2 14 17 22 25 43,7 10 16 28 41 42,0
S006,pair_residual_node,986,686,985,300,rolling300,4 18 21 33 36 43,7 10 16 28 41 42,0
S007,triple_residual_node,986,686,985,300,rolling300,4 18 21 33 36 43,7 10 16 28 41 42,0
S008,family_balanced_hybrid,986,686,985,300,rolling300,3 10 13 18 36 37,7 10 16 28 41 42,1
S001,multi_window_frequency,987,687,986,300,rolling300,10 13 16 21 23 36,2 4 15 23 29 38,1
S002,gap_regime_hazard,987,687,986,300,rolling300,6 8 18 19 29 38,2 4 15 23 29 38,2
S003,momentum_state_transition,987,687,986,300,rolling300,4 12 15 18 20 25,2 4 15 23 29 38,2
S004,conditional_probability,987,687,986,300,rolling300,10 13 16 21 35 44,2 4 15 23 29 38,0
S005,structure_transition,987,687,986,300,rolling300,6 19 21 24 38 41,2 4 15 23 29 38,1
S006,pair_residual_node,987,687,986,300,rolling300,4 18 21 33 36 43,2 4 15 23 29 38,1
S007,triple_residual_node,987,687,986,300,rolling300,4 18 21 33 36 43,2 4 15 23 29 38,1
S008,family_balanced_hybrid,987,687,986,300,rolling300,4 10 13 18 21 43,2 4 15 23 29 38,1
S001,multi_window_frequency,988,688,987,300,rolling300,2 7 13 16 21 23,2 13 20 30 31 41,2
S002,gap_regime_hazard,988,688,987,300,rolling300,7 10 16 28 41 42,2 13 20 30 31 41,1
S003,momentum_state_transition,988,688,987,300,rolling300,1 4 6 12 15 18,2 13 20 30 31 41,0
S004,conditional_probability,988,688,987,300,rolling300,6 13 16 21 23 35,2 13 20 30 31 41,1
S005,structure_transition,988,688,987,300,rolling300,4 13 22 33 36 41,2 13 20 30 31 41,2
S006,pair_residual_node,988,688,987,300,rolling300,4 18 21 33 36 43,2 13 20 30 31 41,0
S007,triple_residual_node,988,688,987,300,rolling300,4 18 21 33 36 43,2 13 20 30 31 41,0
S008,family_balanced_hybrid,988,688,987,300,rolling300,10 13 16 18 21 43,2 13 20 30 31 41,1
S001,multi_window_frequency,989,689,988,300,rolling300,2 13 16 21 23 41,17 18 21 27 29 33,1
S002,gap_regime_hazard,989,689,988,300,rolling300,4 6 15 23 29 38,17 18 21 27 29 33,1
S003,momentum_state_transition,989,689,988,300,rolling300,1 4 6 12 14 15,17 18 21 27 29 33,0
S004,conditional_probability,989,689,988,300,rolling300,7 16 21 23 35 41,17 18 21 27 29 33,1
S005,structure_transition,989,689,988,300,rolling300,10 11 24 31 35 38,17 18 21 27 29 33,0
S006,pair_residual_node,989,689,988,300,rolling300,4 18 21 33 36 43,17 18 21 27 29 33,3
S007,triple_residual_node,989,689,988,300,rolling300,4 18 21 33 36 43,17 18 21 27 29 33,3
S008,family_balanced_hybrid,989,689,988,300,rolling300,4 14 18 21 23 43,17 18 21 27 29 33,2
S001,multi_window_frequency,990,690,989,300,rolling300,2 13 16 21 23 41,2 4 25 26 36 37,1
S002,gap_regime_hazard,990,690,989,300,rolling300,2 13 20 30 31 41,2 4 25 26 36 37,1
S003,momentum_state_transition,990,690,989,300,rolling300,1 4 6 12 15 24,2 4 25 26 36 37,1
S004,conditional_probability,990,690,989,300,rolling300,1 6 21 23 35 41,2 4 25 26 36 37,0
S005,structure_transition,990,690,989,300,rolling300,1 2 19 31 33 40,2 4 25 26 36 37,1
S006,pair_residual_node,990,690,989,300,rolling300,4 18 21 33 36 43,2 4 25 26 36 37,2
S007,triple_residual_node,990,690,989,300,rolling300,4 18 21 33 36 43,2 4 25 26 36 37,2
S008,family_balanced_hybrid,990,690,989,300,rolling300,2 12 13 21 39 43,2 4 25 26 36 37,1
S001,multi_window_frequency,991,691,990,300,rolling300,2 13 21 23 36 37,13 18 25 31 33 44,1
S002,gap_regime_hazard,991,691,990,300,rolling300,17 18 21 27 29 33,13 18 25 31 33 44,2
S003,momentum_state_transition,991,691,990,300,rolling300,1 6 9 11 12 24,13 18 25 31 33 44,0
S004,conditional_probability,991,691,990,300,rolling300,2 13 21 36 37 41,13 18 25 31 33 44,1
S005,structure_transition,991,691,990,300,rolling300,6 10 19 24 27 37,13 18 25 31 33 44,0
S006,pair_residual_node,991,691,990,300,rolling300,2 4 21 33 36 43,13 18 25 31 33 44,1
S007,triple_residual_node,991,691,990,300,rolling300,2 4 21 33 36 43,13 18 25 31 33 44,1
S008,family_balanced_hybrid,991,691,990,300,rolling300,2 13 17 21 33 43,13 18 25 31 33 44,2
S001,multi_window_frequency,992,692,991,300,rolling300,2 13 18 21 23 36,12 20 26 33 44 45,0
S002,gap_regime_hazard,992,692,991,300,rolling300,1 2 4 26 36 37,12 20 26 33 44 45,1
S003,momentum_state_transition,992,692,991,300,rolling300,1 6 9 11 12 18,12 20 26 33 44 45,1
S004,conditional_probability,992,692,991,300,rolling300,2 4 7 21 31 44,12 20 26 33 44 45,1
S005,structure_transition,992,692,991,300,rolling300,6 10 19 24 27 37,12 20 26 33 44 45,0
S006,pair_residual_node,992,692,991,300,rolling300,4 18 21 33 36 43,12 20 26 33 44 45,1
S007,triple_residual_node,992,692,991,300,rolling300,4 18 21 33 36 43,12 20 26 33 44 45,1
S008,family_balanced_hybrid,992,692,991,300,rolling300,2 4 17 18 21 36,12 20 26 33 44 45,0
S001,multi_window_frequency,993,693,992,300,rolling300,2 13 21 23 33 44,6 14 16 18 24 42,0
S002,gap_regime_hazard,993,693,992,300,rolling300,1 6 8 9 11 14,6 14 16 18 24 42,2
S003,momentum_state_transition,993,693,992,300,rolling300,1 6 9 11 18 24,6 14 16 18 24 42,3
S004,conditional_probability,993,693,992,300,rolling300,2 13 26 31 33 44,6 14 16 18 24 42,0
S005,structure_transition,993,693,992,300,rolling300,5 9 12 16 29 40,6 14 16 18 24 42,1
S006,pair_residual_node,993,693,992,300,rolling300,2 4 21 33 36 43,6 14 16 18 24 42,0
S007,triple_residual_node,993,693,992,300,rolling300,4 18 21 33 36 43,6 14 16 18 24 42,1
S008,family_balanced_hybrid,993,693,992,300,rolling300,2 4 13 18 21 33,6 14 16 18 24 42,1
S001,multi_window_frequency,994,694,993,300,rolling300,2 13 16 18 21 44,1 3 8 24 27 35,0
S002,gap_regime_hazard,994,694,993,300,rolling300,12 20 26 33 44 45,1 3 8 24 27 35,0
S003,momentum_state_transition,994,694,993,300,rolling300,1 6 9 11 28 29,1 3 8 24 27 35,1
S004,conditional_probability,994,694,993,300,rolling300,1 2 18 23 33 44,1 3 8 24 27 35,1
S005,structure_transition,994,694,993,300,rolling300,4 5 20 25 28 42,1 3 8 24 27 35,0
S006,pair_residual_node,994,694,993,300,rolling300,4 18 21 33 36 43,1 3 8 24 27 35,0
S007,triple_residual_node,994,694,993,300,rolling300,4 18 21 33 36 43,1 3 8 24 27 35,0
S008,family_balanced_hybrid,994,694,993,300,rolling300,2 4 13 33 39 44,1 3 8 24 27 35,0
S001,multi_window_frequency,995,695,994,300,rolling300,2 13 16 18 21 44,1 4 13 29 38 39,1
S002,gap_regime_hazard,995,695,994,300,rolling300,5 6 14 16 18 42,1 4 13 29 38 39,0
S003,momentum_state_transition,995,695,994,300,rolling300,1 6 9 11 28 29,1 4 13 29 38 39,2
S004,conditional_probability,995,695,994,300,rolling300,2 5 9 18 33 44,1 4 13 29 38 39,0
S005,structure_transition,995,695,994,300,rolling300,11 19 30 35 40 42,1 4 13 29 38 39,0
S006,pair_residual_node,995,695,994,300,rolling300,2 4 18 21 33 36,1 4 13 29 38 39,1
S007,triple_residual_node,995,695,994,300,rolling300,2 4 18 21 33 36,1 4 13 29 38 39,1
S008,family_balanced_hybrid,995,695,994,300,rolling300,2 4 13 18 21 33,1 4 13 29 38 39,2
S001,multi_window_frequency,996,696,995,300,rolling300,2 13 16 18 21 33,6 11 15 24 32 39,0
S002,gap_regime_hazard,996,696,995,300,rolling300,5 9 11 19 22 32,6 11 15 24 32 39,2
S003,momentum_state_transition,996,696,995,300,rolling300,6 9 11 17 28 34,6 11 15 24 32 39,2
S004,conditional_probability,996,696,995,300,rolling300,2 4 13 18 29 33,6 11 15 24 32 39,0
S005,structure_transition,996,696,995,300,rolling300,7 18 19 30 34 39,6 11 15 24 32 39,1
S006,pair_residual_node,996,696,995,300,rolling300,2 4 18 21 33 36,6 11 15 24 32 39,0
S007,triple_residual_node,996,696,995,300,rolling300,2 4 18 21 33 36,6 11 15 24 32 39,0
S008,family_balanced_hybrid,996,696,995,300,rolling300,2 4 13 18 24 33,6 11 15 24 32 39,1
S001,multi_window_frequency,997,697,996,300,rolling300,2 13 18 21 24 39,4 7 14 16 24 44,1
S002,gap_regime_hazard,997,697,996,300,rolling300,1 4 5 13 29 38,4 7 14 16 24 44,1
S003,momentum_state_transition,997,697,996,300,rolling300,6 9 11 12 14 17,4 7 14 16 24 44,1
S004,conditional_probability,997,697,996,300,rolling300,2 4 13 18 24 29,4 7 14 16 24 44,2
S005,structure_transition,997,697,996,300,rolling300,11 14 21 30 35 38,4 7 14 16 24 44,1
S006,pair_residual_node,997,697,996,300,rolling300,4 18 21 33 36 43,4 7 14 16 24 44,1
S007,triple_residual_node,997,697,996,300,rolling300,4 18 21 33 36 43,4 7 14 16 24 44,1
S008,family_balanced_hybrid,997,697,996,300,rolling300,2 4 10 13 18 33,4 7 14 16 24 44,1
S001,multi_window_frequency,998,698,997,300,rolling300,2 13 16 21 24 44,13 17 18 20 42 45,1
S002,gap_regime_hazard,998,698,997,300,rolling300,5 9 10 19 22 28,13 17 18 20 42 45,0
S003,momentum_state_transition,998,698,997,300,rolling300,6 9 10 11 12 14,13 17 18 20 42 45,0
S004,conditional_probability,998,698,997,300,rolling300,4 5 13 18 33 44,13 17 18 20 42 45,2
S005,structure_transition,998,698,997,300,rolling300,7 12 17 25 36 38,13 17 18 20 42 45,1
S006,pair_residual_node,998,698,997,300,rolling300,4 18 21 33 36 43,13 17 18 20 42 45,1
S007,triple_residual_node,998,698,997,300,rolling300,4 18 21 33 36 43,13 17 18 20 42 45,1
S008,family_balanced_hybrid,998,698,997,300,rolling300,2 4 10 13 18 33,13 17 18 20 42 45,2
S001,multi_window_frequency,999,699,998,300,rolling300,13 16 18 21 24 44,1 3 9 14 18 28,1
S002,gap_regime_hazard,999,699,998,300,rolling300,5 9 10 19 22 23,1 3 9 14 18 28,1
S003,momentum_state_transition,999,699,998,300,rolling300,1 6 9 11 12 14,1 3 9 14 18 28,3
S004,conditional_probability,999,699,998,300,rolling300,4 5 9 13 33 44,1 3 9 14 18 28,1
S005,structure_transition,999,699,998,300,rolling300,1 13 16 28 29 38,1 3 9 14 18 28,2
S006,pair_residual_node,999,699,998,300,rolling300,4 13 21 33 36 43,1 3 9 14 18 28,0
S007,triple_residual_node,999,699,998,300,rolling300,4 13 21 33 36 43,1 3 9 14 18 28,0
S008,family_balanced_hybrid,999,699,998,300,rolling300,4 10 13 14 21 33,1 3 9 14 18 28,1
S001,multi_window_frequency,1000,700,999,300,rolling300,2 13 16 18 24 44,2 8 19 22 32 42,1
S002,gap_regime_hazard,1000,700,999,300,rolling300,5 10 19 22 23 30,2 8 19 22 32 42,2
S003,momentum_state_transition,1000,700,999,300,rolling300,6 9 11 12 22 25,2 8 19 22 32 42,1
S004,conditional_probability,1000,700,999,300,rolling300,1 4 5 13 14 44,2 8 19 22 32 42,0
S005,structure_transition,1000,700,999,300,rolling300,1 6 20 26 33 35,2 8 19 22 32 42,0
S006,pair_residual_node,1000,700,999,300,rolling300,4 13 18 21 33 36,2 8 19 22 32 42,0
S007,triple_residual_node,1000,700,999,300,rolling300,4 13 18 21 33 36,2 8 19 22 32 42,0
S008,family_balanced_hybrid,1000,700,999,300,rolling300,2 4 10 13 21 33,2 8 19 22 32 42,1
S001,multi_window_frequency,1001,701,1000,300,rolling300,2 13 18 24 42 44,6 10 12 14 20 42,1
S002,gap_regime_hazard,1001,701,1000,300,rolling300,12 25 26 27 31 33,6 10 12 14 20 42,1
S003,momentum_state_transition,1001,701,1000,300,rolling300,6 9 11 12 22 25,6 10 12 14 20 42,2
S004,conditional_probability,1001,701,1000,300,rolling300,1 5 13 14 42 44,6 10 12 14 20 42,2
S005,structure_transition,1001,701,1000,300,rolling300,10 15 18 25 39 42,6 10 12 14 20 42,2
S006,pair_residual_node,1001,701,1000,300,rolling300,2 4 13 21 33 36,6 10 12 14 20 42,0
S007,triple_residual_node,1001,701,1000,300,rolling300,2 4 18 21 33 36,6 10 12 14 20 42,0
S008,family_balanced_hybrid,1001,701,1000,300,rolling300,4 13 14 18 21 33,6 10 12 14 20 42,1
S001,multi_window_frequency,1002,702,1001,300,rolling300,2 13 14 18 24 42,17 25 33 35 38 45,0
S002,gap_regime_hazard,1002,702,1001,300,rolling300,25 26 27 29 31 33,17 25 33 35 38 45,2
S003,momentum_state_transition,1002,702,1001,300,rolling300,9 11 12 22 25 28,17 25 33 35 38 45,1
S004,conditional_probability,1002,702,1001,300,rolling300,1 5 6 18 20 21,17 25 33 35 38 45,0
S005,structure_transition,1002,702,1001,300,rolling300,4 16 21 31 35 37,17 25 33 35 38 45,1
S006,pair_residual_node,1002,702,1001,300,rolling300,2 4 13 21 33 36,17 25 33 35 38 45,1
S007,triple_residual_node,1002,702,1001,300,rolling300,2 4 13 21 33 36,17 25 33 35 38 45,1
S008,family_balanced_hybrid,1002,702,1001,300,rolling300,4 18 21 33 36 43,17 25 33 35 38 45,1
S001,multi_window_frequency,1003,703,1002,300,rolling300,2 13 14 18 24 42,1 4 29 39 43 45,0
S002,gap_regime_hazard,1003,703,1002,300,rolling300,11 15 26 27 29 39,1 4 29 39 43 45,2
S003,momentum_state_transition,1003,703,1002,300,rolling300,7 9 11 12 21 22,1 4 29 39 43 45,0
S004,conditional_probability,1003,703,1002,300,rolling300,1 5 6 18 21 23,1 4 29 39 43 45,1
S005,structure_transition,1003,703,1002,300,rolling300,2 21 24 27 31 45,1 4 29 39 43 45,1
S006,pair_residual_node,1003,703,1002,300,rolling300,2 4 13 21 33 36,1 4 29 39 43 45,1
S007,triple_residual_node,1003,703,1002,300,rolling300,2 4 13 21 33 36,1 4 29 39 43 45,1
S008,family_balanced_hybrid,1003,703,1002,300,rolling300,4 13 18 21 36 39,1 4 29 39 43 45,2
S001,multi_window_frequency,1004,704,1003,300,rolling300,1 2 4 13 24 42,7 15 30 37 39 44,0
S002,gap_regime_hazard,1004,704,1003,300,rolling300,7 11 15 16 24 27,7 15 30 37 39 44,2
S003,momentum_state_transition,1004,704,1003,300,rolling300,7 9 11 21 22 26,7 15 30 37 39 44,1
S004,conditional_probability,1004,704,1003,300,rolling300,4 14 24 39 42 45,7 15 30 37 39 44,1
S005,structure_transition,1004,704,1003,300,rolling300,1 5 12 19 25 28,7 15 30 37 39 44,0
S006,pair_residual_node,1004,704,1003,300,rolling300,2 4 13 21 33 36,7 15 30 37 39 44,0
S007,triple_residual_node,1004,704,1003,300,rolling300,2 4 13 21 33 36,7 15 30 37 39 44,0
S008,family_balanced_hybrid,1004,704,1003,300,rolling300,4 18 21 24 33 36,7 15 30 37 39 44,0
S001,multi_window_frequency,1005,705,1004,300,rolling300,4 13 18 39 42 44,8 13 18 24 27 29,2
S002,gap_regime_hazard,1005,705,1004,300,rolling300,5 11 13 16 24 27,8 13 18 24 27 29,3
S003,momentum_state_transition,1005,705,1004,300,rolling300,3 9 10 11 21 22,8 13 18 24 27 29,0
S004,conditional_probability,1005,705,1004,300,rolling300,1 4 5 14 42 45,8 13 18 24 27 29,0
S005,structure_transition,1005,705,1004,300,rolling300,1 6 11 13 30 38,8 13 18 24 27 29,1
S006,pair_residual_node,1005,705,1004,300,rolling300,2 4 13 21 33 36,8 13 18 24 27 29,1
S007,triple_residual_node,1005,705,1004,300,rolling300,2 4 18 21 33 36,8 13 18 24 27 29,1
S008,family_balanced_hybrid,1005,705,1004,300,rolling300,4 13 18 21 36 45,8 13 18 24 27 29,2
S001,multi_window_frequency,1006,706,1005,300,rolling300,13 18 24 39 42 44,8 11 15 16 17 37,0
S002,gap_regime_hazard,1006,706,1005,300,rolling300,3 5 9 11 16 28,8 11 15 16 17 37,2
S003,momentum_state_transition,1006,706,1005,300,rolling300,3 9 10 11 21 22,8 11 15 16 17 37,1
S004,conditional_probability,1006,706,1005,300,rolling300,14 18 24 39 42 45,8 11 15 16 17 37,0
S005,structure_transition,1006,706,1005,300,rolling300,2 12 21 26 29 37,8 11 15 16 17 37,1
S006,pair_residual_node,1006,706,1005,300,rolling300,4 13 18 21 33 36,8 11 15 16 17 37,0
S007,triple_residual_node,1006,706,1005,300,rolling300,2 4 18 21 33 36,8 11 15 16 17 37,0
S008,family_balanced_hybrid,1006,706,1005,300,rolling300,3 4 14 18 21 36,8 11 15 16 17 37,0
S001,multi_window_frequency,1007,707,1006,300,rolling300,13 16 18 24 42 44,8 11 16 19 21 25,1
S002,gap_regime_hazard,1007,707,1006,300,rolling300,2 3 9 19 22 28,8 11 16 19 21 25,1
S003,momentum_state_transition,1007,707,1006,300,rolling300,3 7 9 10 11 21,8 11 16 19 21 25,2
S004,conditional_probability,1007,707,1006,300,rolling300,8 14 17 18 42 45,8 11 16 19 21 25,1
S005,structure_transition,1007,707,1006,300,rolling300,1 3 16 33 38 44,8 11 16 19 21 25,1
S006,pair_residual_node,1007,707,1006,300,rolling300,4 13 18 21 33 36,8 11 16 19 21 25,1
S007,triple_residual_node,1007,707,1006,300,rolling300,4 13 18 21 33 36,8 11 16 19 21 25,1
S008,family_balanced_hybrid,1007,707,1006,300,rolling300,2 4 13 18 21 36,8 11 16 19 21 25,1
S001,multi_window_frequency,1008,708,1007,300,rolling300,13 16 18 21 39 42,9 11 30 31 41 44,0
S002,gap_regime_hazard,1008,708,1007,300,rolling300,2 3 6 9 10 12,9 11 30 31 41 44,1
S003,momentum_state_transition,1008,708,1007,300,rolling300,3 7 9 10 21 22,9 11 30 31 41 44,1
S004,conditional_probability,1008,708,1007,300,rolling300,1 11 17 18 42 45,9 11 30 31 41 44,1
S005,structure_transition,1008,708,1007,300,rolling300,12 14 18 27 29 44,9 11 30 31 41 44,1
S006,pair_residual_node,1008,708,1007,300,rolling300,4 13 18 21 33 36,9 11 30 31 41 44,0
S007,triple_residual_node,1008,708,1007,300,rolling300,4 13 18 21 33 36,9 11 30 31 41 44,0
S008,family_balanced_hybrid,1008,708,1007,300,rolling300,2 4 13 14 15 18,9 11 30 31 41 44,0
S001,multi_window_frequency,1009,709,1008,300,rolling300,11 13 16 18 42 44,15 23 29 34 40 44,1
S002,gap_regime_hazard,1009,709,1008,300,rolling300,2 3 6 10 12 14,15 23 29 34 40 44,0
S003,momentum_state_transition,1009,709,1008,300,rolling300,2 3 7 9 10 21,15 23 29 34 40 44,0
S004,conditional_probability,1009,709,1008,300,rolling300,1 9 11 14 15 16,15 23 29 34 40 44,1
S005,structure_transition,1009,709,1008,300,rolling300,2 14 17 22 25 43,15 23 29 34 40 44,0
S006,pair_residual_node,1009,709,1008,300,rolling300,2 4 13 21 33 36,15 23 29 34 40 44,0
S007,triple_residual_node,1009,709,1008,300,rolling300,2 4 13 18 21 33,15 23 29 34 40 44,0
S008,family_balanced_hybrid,1009,709,1008,300,rolling300,2 3 4 14 18 21,15 23 29 34 40 44,0
S001,multi_window_frequency,1010,710,1009,300,rolling300,13 15 16 18 42 44,9 12 15 25 34 36,1
S002,gap_regime_hazard,1010,710,1009,300,rolling300,1 2 3 4 6 10,9 12 15 25 34 36,0
S003,momentum_state_transition,1010,710,1009,300,rolling300,2 3 7 9 10 21,9 12 15 25 34 36,1
S004,conditional_probability,1010,710,1009,300,rolling300,11 15 16 17 29 44,9 12 15 25 34 36,1
S005,structure_transition,1010,710,1009,300,rolling300,1 3 30 37 38 40,9 12 15 25 34 36,0
S006,pair_residual_node,1010,710,1009,300,rolling300,2 4 13 21 33 36,9 12 15 25 34 36,1
S007,triple_residual_node,1010,710,1009,300,rolling300,2 4 13 21 33 36,9 12 15 25 34 36,1
S008,family_balanced_hybrid,1010,710,1009,300,rolling300,2 3 4 10 15 21,9 12 15 25 34 36,1
S001,multi_window_frequency,1011,711,1010,300,rolling300,13 15 16 18 42 44,1 9 12 26 35 38,0
S002,gap_regime_hazard,1011,711,1010,300,rolling300,1 2 4 6 7 10,1 9 12 26 35 38,1
S003,momentum_state_transition,1011,711,1010,300,rolling300,2 3 7 10 21 22,1 9 12 26 35 38,0
S004,conditional_probability,1011,711,1010,300,rolling300,8 9 11 25 29 44,1 9 12 26 35 38,1
S005,structure_transition,1011,711,1010,300,rolling300,11 15 16 23 32 42,1 9 12 26 35 38,0
S006,pair_residual_node,1011,711,1010,300,rolling300,2 4 13 21 33 36,1 9 12 26 35 38,0
S007,triple_residual_node,1011,711,1010,300,rolling300,2 4 13 21 33 36,1 9 12 26 35 38,0
S008,family_balanced_hybrid,1011,711,1010,300,rolling300,2 4 10 12 21 39,1 9 12 26 35 38,1
S001,multi_window_frequency,1012,712,1011,300,rolling300,12 13 15 16 18 44,5 11 18 20 35 45,1
S002,gap_regime_hazard,1012,712,1011,300,rolling300,4 6 7 10 13 14,5 11 18 20 35 45,0
S003,momentum_state_transition,1012,712,1011,300,rolling300,2 3 7 10 21 22,5 11 18 20 35 45,0
S004,conditional_probability,1012,712,1011,300,rolling300,8 9 11 25 29 44,5 11 18 20 35 45,1
S005,structure_transition,1012,712,1011,300,rolling300,7 16 18 29 33 38,5 11 18 20 35 45,1
S006,pair_residual_node,1012,712,1011,300,rolling300,2 4 13 21 33 36,5 11 18 20 35 45,0
S007,triple_residual_node,1012,712,1011,300,rolling300,2 4 13 21 33 36,5 11 18 20 35 45,0
S008,family_balanced_hybrid,1012,712,1011,300,rolling300,2 10 13 18 21 39,5 11 18 20 35 45,1
S001,multi_window_frequency,1013,713,1012,300,rolling300,11 12 13 15 18 44,21 22 26 34 36 41,0
S002,gap_regime_hazard,1013,713,1012,300,rolling300,4 7 13 17 24 27,21 22 26 34 36 41,0
S003,momentum_state_transition,1013,713,1012,300,rolling300,2 7 10 21 22 23,21 22 26 34 36 41,2
S004,conditional_probability,1013,713,1012,300,rolling300,1 8 9 12 29 44,21 22 26 34 36 41,0
S005,structure_transition,1013,713,1012,300,rolling300,1 4 6 31 40 45,21 22 26 34 36 41,0
S006,pair_residual_node,1013,713,1012,300,rolling300,2 4 13 18 21 36,21 22 26 34 36 41,2
S007,triple_residual_node,1013,713,1012,300,rolling300,2 4 13 18 21 36,21 22 26 34 36 41,2
S008,family_balanced_hybrid,1013,713,1012,300,rolling300,2 12 18 21 33 39,21 22 26 34 36 41,1
S001,multi_window_frequency,1014,714,1013,300,rolling300,11 12 15 18 21 44,3 11 14 18 26 27,2
S002,gap_regime_hazard,1014,714,1013,300,rolling300,4 7 8 13 16 17,3 11 14 18 26 27,0
S003,momentum_state_transition,1014,714,1013,300,rolling300,2 7 10 21 23 26,3 11 14 18 26 27,1
S004,conditional_probability,1014,714,1013,300,rolling300,8 9 12 16 34 44,3 11 14 18 26 27,0
S005,structure_transition,1014,714,1013,300,rolling300,6 14 21 25 27 44,3 11 14 18 26 27,2
S006,pair_residual_node,1014,714,1013,300,rolling300,2 4 13 18 21 36,3 11 14 18 26 27,1
S007,triple_residual_node,1014,714,1013,300,rolling300,2 4 13 18 21 36,3 11 14 18 26 27,1
S008,family_balanced_hybrid,1014,714,1013,300,rolling300,2 4 16 18 21 36,3 11 14 18 26 27,1
S001,multi_window_frequency,1015,715,1014,300,rolling300,11 12 15 18 21 44,14 23 31 33 37 40,0
S002,gap_regime_hazard,1015,715,1014,300,rolling300,7 8 13 16 17 19,14 23 31 33 37 40,0
S003,momentum_state_transition,1015,715,1014,300,rolling300,2 3 7 10 21 23,14 23 31 33 37 40,1
S004,conditional_probability,1015,715,1014,300,rolling300,8 9 15 18 26 34,14 23 31 33 37 40,0
S005,structure_transition,1015,715,1014,300,rolling300,8 9 11 20 39 44,14 23 31 33 37 40,0
S006,pair_residual_node,1015,715,1014,300,rolling300,2 4 13 18 21 36,14 23 31 33 37 40,0
S007,triple_residual_node,1015,715,1014,300,rolling300,2 4 13 18 21 36,14 23 31 33 37 40,0
S008,family_balanced_hybrid,1015,715,1014,300,rolling300,2 4 13 15 21 36,14 23 31 33 37 40,0
S001,multi_window_frequency,1016,716,1015,300,rolling300,11 12 15 18 21 44,15 26 28 34 41 42,1
S002,gap_regime_hazard,1016,716,1015,300,rolling300,8 13 16 17 19 24,15 26 28 34 41 42,0
S003,momentum_state_transition,1016,716,1015,300,rolling300,2 3 4 7 10 13,15 26 28 34 41 42,0
S004,conditional_probability,1016,716,1015,300,rolling300,2 4 6 7 10 13,15 26 28 34 41 42,0
S005,structure_transition,1016,716,1015,300,rolling300,1 11 24 26 32 37,15 26 28 34 41 42,1
S006,pair_residual_node,1016,716,1015,300,rolling300,2 4 13 18 21 36,15 26 28 34 41 42,0
S007,triple_residual_node,1016,716,1015,300,rolling300,2 4 13 18 21 36,15 26 28 34 41 42,0
S008,family_balanced_hybrid,1016,716,1015,300,rolling300,2 4 12 13 18 21,15 26 28 34 41 42,0
S001,multi_window_frequency,1017,717,1016,300,rolling300,11 12 15 18 34 41,12 18 22 23 30 34,3
S002,gap_regime_hazard,1017,717,1016,300,rolling300,8 16 17 19 25 29,12 18 22 23 30 34,0
S003,momentum_state_transition,1017,717,1016,300,rolling300,2 3 4 7 10 13,12 18 22 23 30 34,0
S004,conditional_probability,1017,717,1016,300,rolling300,2 4 6 7 10 13,12 18 22 23 30 34,0
S005,structure_transition,1017,717,1016,300,rolling300,4 17 20 25 39 44,12 18 22 23 30 34,0
S006,pair_residual_node,1017,717,1016,300,rolling300,2 4 13 18 21 36,12 18 22 23 30 34,1
S007,triple_residual_node,1017,717,1016,300,rolling300,2 4 13 18 21 36,12 18 22 23 30 34,1
S008,family_balanced_hybrid,1017,717,1016,300,rolling300,2 4 12 13 14 21,12 18 22 23 30 34,1
S001,multi_window_frequency,1018,718,1017,300,rolling300,11 12 15 18 34 41,3 19 21 25 37 45,0
S002,gap_regime_hazard,1018,718,1017,300,rolling300,1 8 9 16 19 25,3 19 21 25 37 45,2
S003,momentum_state_transition,1018,718,1017,300,rolling300,2 3 4 7 13 16,3 19 21 25 37 45,1
S004,conditional_probability,1018,718,1017,300,rolling300,2 4 6 7 8 10,3 19 21 25 37 45,0
S005,structure_transition,1018,718,1017,300,rolling300,1 5 22 29 32 36,3 19 21 25 37 45,0
S006,pair_residual_node,1018,718,1017,300,rolling300,4 13 18 21 33 36,3 19 21 25 37 45,1
S007,triple_residual_node,1018,718,1017,300,rolling300,4 13 18 21 33 36,3 19 21 25 37 45,1
S008,family_balanced_hybrid,1018,718,1017,300,rolling300,2 4 13 15 16 21,3 19 21 25 37 45,1
S001,multi_window_frequency,1019,719,1018,300,rolling300,12 15 18 21 26 34,1 4 13 17 34 39,1
S002,gap_regime_hazard,1019,719,1018,300,rolling300,1 5 9 20 29 35,1 4 13 17 34 39,1
S003,momentum_state_transition,1019,719,1018,300,rolling300,2 4 7 13 16 17,1 4 13 17 34 39,3
S004,conditional_probability,1019,719,1018,300,rolling300,2 4 6 7 8 10,1 4 13 17 34 39,1
S005,structure_transition,1019,719,1018,300,rolling300,3 4 26 29 38 43,1 4 13 17 34 39,1
S006,pair_residual_node,1019,719,1018,300,rolling300,4 13 18 21 33 36,1 4 13 17 34 39,2
S007,triple_residual_node,1019,719,1018,300,rolling300,4 13 18 21 33 36,1 4 13 17 34 39,2
S008,family_balanced_hybrid,1019,719,1018,300,rolling300,2 4 12 13 16 18,1 4 13 17 34 39,2
S001,multi_window_frequency,1020,720,1019,300,rolling300,12 15 18 21 26 34,12 27 29 38 41 45,1
S002,gap_regime_hazard,1020,720,1019,300,rolling300,5 9 20 29 35 36,12 27 29 38 41 45,1
S003,momentum_state_transition,1020,720,1019,300,rolling300,2 3 4 7 13 16,12 27 29 38 41 45,0
S004,conditional_probability,1020,720,1019,300,rolling300,2 6 7 8 10 16,12 27 29 38 41 45,0
S005,structure_transition,1020,720,1019,300,rolling300,8 16 19 25 29 42,12 27 29 38 41 45,1
S006,pair_residual_node,1020,720,1019,300,rolling300,4 13 18 21 33 36,12 27 29 38 41 45,0
S007,triple_residual_node,1020,720,1019,300,rolling300,4 13 18 21 33 36,12 27 29 38 41 45,0
S008,family_balanced_hybrid,1020,720,1019,300,rolling300,2 15 16 21 24 36,12 27 29 38 41 45,0
S001,multi_window_frequency,1021,721,1020,300,rolling300,12 18 21 34 41 45,12 15 17 24 29 45,2
S002,gap_regime_hazard,1021,721,1020,300,rolling300,5 9 11 20 35 36,12 15 17 24 29 45,0
S003,momentum_state_transition,1021,721,1020,300,rolling300,2 3 4 7 13 16,12 15 17 24 29 45,0
S004,conditional_probability,1021,721,1020,300,rolling300,2 6 12 18 41 45,12 15 17 24 29 45,2
S005,structure_transition,1021,721,1020,300,rolling300,1 17 20 28 36 41,12 15 17 24 29 45,1
S006,pair_residual_node,1021,721,1020,300,rolling300,4 13 18 21 33 36,12 15 17 24 29 45,0
S007,triple_residual_node,1021,721,1020,300,rolling300,4 13 18 21 33 36,12 15 17 24 29 45,0
S008,family_balanced_hybrid,1021,721,1020,300,rolling300,2 4 13 16 18 36,12 15 17 24 29 45,0
S001,multi_window_frequency,1022,722,1021,300,rolling300,12 15 18 34 41 45,5 6 11 29 42 45,1
S002,gap_regime_hazard,1022,722,1021,300,rolling300,5 9 11 14 20 31,5 6 11 29 42 45,2
S003,momentum_state_transition,1022,722,1021,300,rolling300,2 3 4 6 7 10,5 6 11 29 42 45,1
S004,conditional_probability,1022,722,1021,300,rolling300,2 6 12 18 26 41,5 6 11 29 42 45,1
S005,structure_transition,1022,722,1021,300,rolling300,1 3 16 33 38 44,5 6 11 29 42 45,0
S006,pair_residual_node,1022,722,1021,300,rolling300,4 13 18 21 33 36,5 6 11 29 42 45,0
S007,triple_residual_node,1022,722,1021,300,rolling300,4 13 18 21 33 36,5 6 11 29 42 45,0
S008,family_balanced_hybrid,1022,722,1021,300,rolling300,2 4 12 14 16 18,5 6 11 29 42 45,0
S001,multi_window_frequency,1023,723,1022,300,rolling300,12 15 18 34 42 45,10 14 16 18 29 35,1
S002,gap_regime_hazard,1023,723,1022,300,rolling300,14 20 26 28 31 33,10 14 16 18 29 35,1
S003,momentum_state_transition,1023,723,1022,300,rolling300,2 3 4 6 10 13,10 14 16 18 29 35,1
S004,conditional_probability,1023,723,1022,300,rolling300,2 7 12 26 29 41,10 14 16 18 29 35,1
S005,structure_transition,1023,723,1022,300,rolling300,2 10 13 28 29 43,10 14 16 18 29 35,2
S006,pair_residual_node,1023,723,1022,300,rolling300,4 13 18 21 33 36,10 14 16 18 29 35,1
S007,triple_residual_node,1023,723,1022,300,rolling300,4 13 18 21 33 36,10 14 16 18 29 35,1
S008,family_balanced_hybrid,1023,723,1022,300,rolling300,2 4 12 14 16 21,10 14 16 18 29 35,2
S001,multi_window_frequency,1024,724,1023,300,rolling300,12 15 18 29 34 45,9 18 20 22 38 44,1
S002,gap_regime_hazard,1024,724,1023,300,rolling300,22 23 26 28 30 31,9 18 20 22 38 44,1
S003,momentum_state_transition,1024,724,1023,300,rolling300,1 2 3 4 6 10,9 18 20 22 38 44,0
S004,conditional_probability,1024,724,1023,300,rolling300,2 7 12 14 18 34,9 18 20 22 38 44,1
S005,structure_transition,1024,724,1023,300,rolling300,4 8 15 29 33 44,9 18 20 22 38 44,1
S006,pair_residual_node,1024,724,1023,300,rolling300,2 4 13 18 21 36,9 18 20 22 38 44,1
S007,triple_residual_node,1024,724,1023,300,rolling300,2 4 13 18 21 36,9 18 20 22 38 44,1
S008,family_balanced_hybrid,1024,724,1023,300,rolling300,2 4 12 13 18 36,9 18 20 22 38 44,1
S001,multi_window_frequency,1025,725,1024,300,rolling300,12 15 18 29 34 45,8 9 20 25 29 33,1
S002,gap_regime_hazard,1025,725,1024,300,rolling300,2 7 8 32 36 43,8 9 20 25 29 33,1
S003,momentum_state_transition,1025,725,1024,300,rolling300,1 2 4 6 7 13,8 9 20 25 29 33,0
S004,conditional_probability,1025,725,1024,300,rolling300,2 7 8 12 18 34,8 9 20 25 29 33,1
S005,structure_transition,1025,725,1024,300,rolling300,6 19 21 24 38 41,8 9 20 25 29 33,0
S006,pair_residual_node,1025,725,1024,300,rolling300,4 13 14 18 21 36,8 9 20 25 29 33,0
S007,triple_residual_node,1025,725,1024,300,rolling300,4 13 14 18 21 36,8 9 20 25 29 33,0
S008,family_balanced_hybrid,1025,725,1024,300,rolling300,2 4 12 13 21 36,8 9 20 25 29 33,0
S001,multi_window_frequency,1026,726,1025,300,rolling300,12 15 18 29 34 45,5 12 13 31 32 41,1
S002,gap_regime_hazard,1026,726,1025,300,rolling300,1 2 7 32 36 43,5 12 13 31 32 41,1
S003,momentum_state_transition,1026,726,1025,300,rolling300,1 2 4 6 7 13,5 12 13 31 32 41,1
S004,conditional_probability,1026,726,1025,300,rolling300,2 7 12 18 29 34,5 12 13 31 32 41,1
S005,structure_transition,1026,726,1025,300,rolling300,4 13 22 33 36 41,5 12 13 31 32 41,2
S006,pair_residual_node,1026,726,1025,300,rolling300,4 13 18 21 33 36,5 12 13 31 32 41,1
S007,triple_residual_node,1026,726,1025,300,rolling300,4 13 18 21 33 36,5 12 13 31 32 41,1
S008,family_balanced_hybrid,1026,726,1025,300,rolling300,2 4 12 13 18 21,5 12 13 31 32 41,2
S001,multi_window_frequency,1027,727,1026,300,rolling300,9 12 13 18 29 45,14 16 27 35 39 45,1
S002,gap_regime_hazard,1027,727,1026,300,rolling300,1 3 4 19 21 23,14 16 27 35 39 45,0
S003,momentum_state_transition,1027,727,1026,300,rolling300,1 2 4 6 8 13,14 16 27 35 39 45,0
S004,conditional_probability,1027,727,1026,300,rolling300,2 7 18 26 28 36,14 16 27 35 39 45,0
S005,structure_transition,1027,727,1026,300,rolling300,4 17 20 25 39 44,14 16 27 35 39 45,1
S006,pair_residual_node,1027,727,1026,300,rolling300,4 13 18 21 33 36,14 16 27 35 39 45,0
S007,triple_residual_node,1027,727,1026,300,rolling300,4 13 18 21 33 36,14 16 27 35 39 45,0
S008,family_balanced_hybrid,1027,727,1026,300,rolling300,2 4 16 18 21 36,14 16 27 35 39 45,1
S001,multi_window_frequency,1028,728,1027,300,rolling300,9 12 13 18 29 45,5 7 12 13 18 35,3
S002,gap_regime_hazard,1028,728,1027,300,rolling300,1 3 4 15 17 19,5 7 12 13 18 35,0
S003,momentum_state_transition,1028,728,1027,300,rolling300,1 2 4 6 8 13,5 7 12 13 18 35,1
S004,conditional_probability,1028,728,1027,300,rolling300,2 7 12 23 26 28,5 7 12 13 18 35,2
S005,structure_transition,1028,728,1027,300,rolling300,6 10 19 24 27 37,5 7 12 13 18 35,0
S006,pair_residual_node,1028,728,1027,300,rolling300,13 15 18 21 33 36,5 7 12 13 18 35,2
S007,triple_residual_node,1028,728,1027,300,rolling300,13 15 18 21 33 36,5 7 12 13 18 35,2
S008,family_balanced_hybrid,1028,728,1027,300,rolling300,2 4 12 13 15 21,5 7 12 13 18 35,2
S001,multi_window_frequency,1029,729,1028,300,rolling300,12 13 18 29 35 45,12 30 32 37 39 41,1
S002,gap_regime_hazard,1029,729,1028,300,rolling300,1 3 4 6 11 15,12 30 32 37 39 41,0
S003,momentum_state_transition,1029,729,1028,300,rolling300,1 4 6 8 16 17,12 30 32 37 39 41,0
S004,conditional_probability,1029,729,1028,300,rolling300,2 3 5 13 18 35,12 30 32 37 39 41,0
S005,structure_transition,1029,729,1028,300,rolling300,1 13 16 28 29 38,12 30 32 37 39 41,0
S006,pair_residual_node,1029,729,1028,300,rolling300,13 15 18 21 33 36,12 30 32 37 39 41,0
S007,triple_residual_node,1029,729,1028,300,rolling300,13 15 18 21 33 36,12 30 32 37 39 41,0
S008,family_balanced_hybrid,1029,729,1028,300,rolling300,2 4 13 15 18 21,12 30 32 37 39 41,0
S001,multi_window_frequency,1030,730,1029,300,rolling300,12 18 29 39 41 45,2 5 11 17 24 29,1
S002,gap_regime_hazard,1030,730,1029,300,rolling300,1 4 6 10 11 15,2 5 11 17 24 29,1
S003,momentum_state_transition,1030,730,1029,300,rolling300,1 4 6 8 16 17,2 5 11 17 24 29,1
S004,conditional_probability,1030,730,1029,300,rolling300,1 2 5 18 35 41,2 5 11 17 24 29,2
S005,structure_transition,1030,730,1029,300,rolling300,6 10 19 24 27 37,2 5 11 17 24 29,1
S006,pair_residual_node,1030,730,1029,300,rolling300,13 15 18 21 33 36,2 5 11 17 24 29,0
S007,triple_residual_node,1030,730,1029,300,rolling300,13 15 18 21 33 36,2 5 11 17 24 29,0
S008,family_balanced_hybrid,1030,730,1029,300,rolling300,2 4 15 17 18 21,2 5 11 17 24 29,2
S001,multi_window_frequency,1031,731,1030,300,rolling300,12 13 18 29 35 45,6 7 22 32 35 36,1
S002,gap_regime_hazard,1031,731,1030,300,rolling300,6 10 15 22 38 42,6 7 22 32 35 36,2
S003,momentum_state_transition,1031,731,1030,300,rolling300,1 4 6 8 15 16,6 7 22 32 35 36,1
S004,conditional_probability,1031,731,1030,300,rolling300,1 3 18 29 35 45,6 7 22 32 35 36,1
S005,structure_transition,1031,731,1030,300,rolling300,7 10 12 29 37 40,6 7 22 32 35 36,1
S006,pair_residual_node,1031,731,1030,300,rolling300,2 15 18 21 33 36,6 7 22 32 35 36,1
S007,triple_residual_node,1031,731,1030,300,rolling300,2 15 18 21 33 36,6 7 22 32 35 36,1
S008,family_balanced_hybrid,1031,731,1030,300,rolling300,4 15 16 18 21 36,6 7 22 32 35 36,1
S001,multi_window_frequency,1032,732,1031,300,rolling300,12 18 29 35 39 45,1 6 12 19 36 42,1
S002,gap_regime_hazard,1032,732,1031,300,rolling300,8 9 10 15 20 25,1 6 12 19 36 42,0
S003,momentum_state_transition,1032,732,1031,300,rolling300,1 4 6 8 9 15,1 6 12 19 36 42,2
S004,conditional_probability,1032,732,1031,300,rolling300,1 3 4 12 18 32,1 6 12 19 36 42,2
S005,structure_transition,1032,732,1031,300,rolling300,6 10 14 33 37 43,1 6 12 19 36 42,1
S006,pair_residual_node,1032,732,1031,300,rolling300,12 15 18 21 33 36,1 6 12 19 36 42,2
S007,triple_residual_node,1032,732,1031,300,rolling300,12 15 18 21 33 36,1 6 12 19 36 42,2
S008,family_balanced_hybrid,1032,732,1031,300,rolling300,4 12 15 18 21 33,1 6 12 19 36 42,1
S001,multi_window_frequency,1033,733,1032,300,rolling300,12 18 29 35 39 45,3 11 15 20 35 44,1
S002,gap_regime_hazard,1033,733,1032,300,rolling300,3 4 15 21 23 26,3 11 15 20 35 44,2
S003,momentum_state_transition,1033,733,1032,300,rolling300,1 4 8 9 15 16,3 11 15 20 35 44,1
S004,conditional_probability,1033,733,1032,300,rolling300,3 4 5 18 29 32,3 11 15 20 35 44,1
S005,structure_transition,1033,733,1032,300,rolling300,4 13 22 33 36 41,3 11 15 20 35 44,0
S006,pair_residual_node,1033,733,1032,300,rolling300,12 13 18 21 33 36,3 11 15 20 35 44,0
S007,triple_residual_node,1033,733,1032,300,rolling300,12 15 18 21 33 36,3 11 15 20 35 44,1
S008,family_balanced_hybrid,1033,733,1032,300,rolling300,4 9 15 16 18 21,3 11 15 20 35 44,1
S001,multi_window_frequency,1034,734,1033,300,rolling300,11 12 13 18 29 35,26 31 32 33 38 40,0
S002,gap_regime_hazard,1034,734,1033,300,rolling300,4 21 23 26 28 34,26 31 32 33 38 40,1
S003,momentum_state_transition,1034,734,1033,300,rolling300,1 4 8 9 16 24,26 31 32 33 38 40,0
S004,conditional_probability,1034,734,1033,300,rolling300,4 5 10 20 21 32,26 31 32 33 38 40,1
S005,structure_transition,1034,734,1033,300,rolling300,1 4 11 32 36 39,26 31 32 33 38 40,1
S006,pair_residual_node,1034,734,1033,300,rolling300,12 13 15 18 21 36,26 31 32 33 38 40,0
S007,triple_residual_node,1034,734,1033,300,rolling300,12 13 15 18 21 36,26 31 32 33 38 40,0
S008,family_balanced_hybrid,1034,734,1033,300,rolling300,4 9 14 16 21 36,26 31 32 33 38 40,0
S001,multi_window_frequency,1035,735,1034,300,rolling300,11 12 13 18 29 35,9 14 34 35 41 42,1
S002,gap_regime_hazard,1035,735,1034,300,rolling300,4 10 21 23 28 34,9 14 34 35 41 42,1
S003,momentum_state_transition,1035,735,1034,300,rolling300,1 4 8 9 16 24,9 14 34 35 41 42,1
S004,conditional_probability,1035,735,1034,300,rolling300,4 5 10 21 23 28,9 14 34 35 41 42,0
S005,structure_transition,1035,735,1034,300,rolling300,2 8 25 29 32 37,9 14 34 35 41 42,0
S006,pair_residual_node,1035,735,1034,300,rolling300,12 15 18 21 33 36,9 14 34 35 41 42,0
S007,triple_residual_node,1035,735,1034,300,rolling300,12 15 18 21 33 36,9 14 34 35 41 42,0
S008,family_balanced_hybrid,1035,735,1034,300,rolling300,4 9 15 16 18 21,9 14 34 35 41 42,1
S001,multi_window_frequency,1036,736,1035,300,rolling300,11 12 18 29 35 41,2 5 22 32 34 45,0
S002,gap_regime_hazard,1036,736,1035,300,rolling300,4 10 21 23 28 43,2 5 22 32 34 45,0
S003,momentum_state_transition,1036,736,1035,300,rolling300,1 8 16 24 25 26,2 5 22 32 34 45,0
S004,conditional_probability,1036,736,1035,300,rolling300,4 5 8 10 21 41,2 5 22 32 34 45,1
S005,structure_transition,1036,736,1035,300,rolling300,3 6 11 19 26 30,2 5 22 32 34 45,0
S006,pair_residual_node,1036,736,1035,300,rolling300,15 16 18 21 33 36,2 5 22 32 34 45,0
S007,triple_residual_node,1036,736,1035,300,rolling300,15 16 18 21 33 36,2 5 22 32 34 45,0
S008,family_balanced_hybrid,1036,736,1035,300,rolling300,2 4 13 16 18 21,2 5 22 32 34 45,1
S001,multi_window_frequency,1037,737,1036,300,rolling300,12 18 34 35 41 45,2 14 15 22 27 33,0
S002,gap_regime_hazard,1037,737,1036,300,rolling300,4 8 10 21 23 25,2 14 15 22 27 33,0
S003,momentum_state_transition,1037,737,1036,300,rolling300,1 8 15 16 25 26,2 14 15 22 27 33,1
S004,conditional_probability,1037,737,1036,300,rolling300,4 5 8 10 12 21,2 14 15 22 27 33,0
S005,structure_transition,1037,737,1036,300,rolling300,5 8 18 23 25 44,2 14 15 22 27 33,0
S006,pair_residual_node,1037,737,1036,300,rolling300,2 15 16 18 21 36,2 14 15 22 27 33,2
S007,triple_residual_node,1037,737,1036,300,rolling300,2 15 16 18 21 36,2 14 15 22 27 33,2
S008,family_balanced_hybrid,1037,737,1036,300,rolling300,12 13 15 16 18 21,2 14 15 22 27 33,1
S001,multi_window_frequency,1038,738,1037,300,rolling300,12 18 34 35 41 45,7 16 24 27 37 44,0
S002,gap_regime_hazard,1038,738,1037,300,rolling300,4 8 10 21 23 25,7 16 24 27 37 44,0
S003,momentum_state_transition,1038,738,1037,300,rolling300,1 8 23 25 26 30,7 16 24 27 37 44,0
S004,conditional_probability,1038,738,1037,300,rolling300,2 4 5 8 12 22,7 16 24 27 37 44,0
S005,structure_transition,1038,738,1037,300,rolling300,3 14 18 23 25 40,7 16 24 27 37 44,0
S006,pair_residual_node,1038,738,1037,300,rolling300,2 15 16 18 21 36,7 16 24 27 37 44,1
S007,triple_residual_node,1038,738,1037,300,rolling300,2 15 16 18 21 36,7 16 24 27 37 44,1
S008,family_balanced_hybrid,1038,738,1037,300,rolling300,2 12 13 16 18 21,7 16 24 27 37 44,1
S001,multi_window_frequency,1039,739,1038,300,rolling300,12 14 18 34 35 45,2 3 6 19 36 39,0
S002,gap_regime_hazard,1039,739,1038,300,rolling300,4 8 10 21 23 25,2 3 6 19 36 39,0
S003,momentum_state_transition,1039,739,1038,300,rolling300,1 3 8 19 21 23,2 3 6 19 36 39,2
S004,conditional_probability,1039,739,1038,300,rolling300,2 4 8 10 22 35,2 3 6 19 36 39,1
S005,structure_transition,1039,739,1038,300,rolling300,1 7 28 30 38 41,2 3 6 19 36 39,0
S006,pair_residual_node,1039,739,1038,300,rolling300,2 15 16 18 21 36,2 3 6 19 36 39,2
S007,triple_residual_node,1039,739,1038,300,rolling300,2 15 16 18 21 36,2 3 6 19 36 39,2
S008,family_balanced_hybrid,1039,739,1038,300,rolling300,2 4 12 13 18 21,2 3 6 19 36 39,1
S001,multi_window_frequency,1040,740,1039,300,rolling300,2 12 14 18 34 35,8 16 26 29 31 36,0
S002,gap_regime_hazard,1040,740,1039,300,rolling300,4 8 10 13 18 21,8 16 26 29 31 36,1
S003,momentum_state_transition,1040,740,1039,300,rolling300,1 8 17 19 21 23,8 16 26 29 31 36,1
S004,conditional_probability,1040,740,1039,300,rolling300,4 6 22 32 35 36,8 16 26 29 31 36,1
S005,structure_transition,1040,740,1039,300,rolling300,1 17 20 28 36 41,8 16 26 29 31 36,1
S006,pair_residual_node,1040,740,1039,300,rolling300,2 15 16 18 21 36,8 16 26 29 31 36,2
S007,triple_residual_node,1040,740,1039,300,rolling300,2 15 16 18 21 36,8 16 26 29 31 36,2
S008,family_balanced_hybrid,1040,740,1039,300,rolling300,12 13 16 18 21 36,8 16 26 29 31 36,2
S001,multi_window_frequency,1041,741,1040,300,rolling300,12 14 18 35 36 45,6 7 9 11 17 18,1
S002,gap_regime_hazard,1041,741,1040,300,rolling300,4 10 13 18 21 23,6 7 9 11 17 18,1
S003,momentum_state_transition,1041,741,1040,300,rolling300,1 8 17 21 23 25,6 7 9 11 17 18,1
S004,conditional_probability,1041,741,1040,300,rolling300,2 4 6 22 32 35,6 7 9 11 17 18,1
S005,structure_transition,1041,741,1040,300,rolling300,5 8 14 22 35 39,6 7 9 11 17 18,0
S006,pair_residual_node,1041,741,1040,300,rolling300,15 16 18 21 36 45,6 7 9 11 17 18,1
S007,triple_residual_node,1041,741,1040,300,rolling300,15 16 18 21 36 45,6 7 9 11 17 18,1
S008,family_balanced_hybrid,1041,741,1040,300,rolling300,2 12 13 18 21 22,6 7 9 11 17 18,1
S001,multi_window_frequency,1042,742,1041,300,rolling300,2 12 18 35 36 45,5 14 15 23 34 43,0
S002,gap_regime_hazard,1042,742,1041,300,rolling300,4 10 13 21 23 25,5 14 15 23 34 43,1
S003,momentum_state_transition,1042,742,1041,300,rolling300,1 8 15 17 21 23,5 14 15 23 34 43,2
S004,conditional_probability,1042,742,1041,300,rolling300,2 4 6 10 13 36,5 14 15 23 34 43,0
S005,structure_transition,1042,742,1041,300,rolling300,1 6 14 26 43 45,5 14 15 23 34 43,2
S006,pair_residual_node,1042,742,1041,300,rolling300,14 15 16 18 21 36,5 14 15 23 34 43,2
S007,triple_residual_node,1042,742,1041,300,rolling300,14 15 16 18 21 36,5 14 15 23 34 43,2
S008,family_balanced_hybrid,1042,742,1041,300,rolling300,2 12 13 15 21 36,5 14 15 23 34 43,1
S001,multi_window_frequency,1043,743,1042,300,rolling300,2 12 14 15 18 34,3 5 12 22 26 31,1
S002,gap_regime_hazard,1043,743,1042,300,rolling300,1 12 20 32 35 38,3 5 12 22 26 31,1
S003,momentum_state_transition,1043,743,1042,300,rolling300,1 8 17 21 23 25,3 5 12 22 26 31,0
S004,conditional_probability,1043,743,1042,300,rolling300,1 2 4 14 15 34,3 5 12 22 26 31,0
S005,structure_transition,1043,743,1042,300,rolling300,7 9 20 26 30 37,3 5 12 22 26 31,1
S006,pair_residual_node,1043,743,1042,300,rolling300,14 15 16 18 21 36,3 5 12 22 26 31,0
S007,triple_residual_node,1043,743,1042,300,rolling300,14 15 16 18 21 36,3 5 12 22 26 31,0
S008,family_balanced_hybrid,1043,743,1042,300,rolling300,2 12 14 18 21 45,3 5 12 22 26 31,1
S001,multi_window_frequency,1044,744,1043,300,rolling300,2 12 14 18 31 34,12 17 20 26 28 36,1
S002,gap_regime_hazard,1044,744,1043,300,rolling300,20 32 33 35 38 40,12 17 20 26 28 36,1
S003,momentum_state_transition,1044,744,1043,300,rolling300,8 17 21 23 25 30,12 17 20 26 28 36,1
S004,conditional_probability,1044,744,1043,300,rolling300,2 5 14 22 26 31,12 17 20 26 28 36,1
S005,structure_transition,1044,744,1043,300,rolling300,4 13 22 33 36 41,12 17 20 26 28 36,1
S006,pair_residual_node,1044,744,1043,300,rolling300,14 15 16 18 21 36,12 17 20 26 28 36,1
S007,triple_residual_node,1044,744,1043,300,rolling300,14 15 16 18 21 36,12 17 20 26 28 36,1
S008,family_balanced_hybrid,1044,744,1043,300,rolling300,2 14 21 22 33 45,12 17 20 26 28 36,0
S001,multi_window_frequency,1045,745,1044,300,rolling300,2 12 14 18 34 36,6 14 15 19 21 41,1
S002,gap_regime_hazard,1045,745,1044,300,rolling300,24 27 32 33 35 37,6 14 15 19 21 41,0
S003,momentum_state_transition,1045,745,1044,300,rolling300,8 18 21 23 25 37,6 14 15 19 21 41,1
S004,conditional_probability,1045,745,1044,300,rolling300,2 5 14 22 26 34,6 14 15 19 21 41,1
S005,structure_transition,1045,745,1044,300,rolling300,1 6 14 26 43 45,6 14 15 19 21 41,2
S006,pair_residual_node,1045,745,1044,300,rolling300,14 15 16 18 21 36,6 14 15 19 21 41,3
S007,triple_residual_node,1045,745,1044,300,rolling300,14 15 16 18 21 36,6 14 15 19 21 41,3
S008,family_balanced_hybrid,1045,745,1044,300,rolling300,2 14 18 21 36 38,6 14 15 19 21 41,2
S001,multi_window_frequency,1046,746,1045,300,rolling300,12 14 15 18 34 36,7 16 25 29 35 36,1
S002,gap_regime_hazard,1046,746,1045,300,rolling300,2 24 27 32 33 35,7 16 25 29 35 36,1
S003,momentum_state_transition,1046,746,1045,300,rolling300,8 9 18 20 21 23,7 16 25 29 35 36,0
S004,conditional_probability,1046,746,1045,300,rolling300,2 5 6 14 15 22,7 16 25 29 35 36,0
S005,structure_transition,1046,746,1045,300,rolling300,2 10 13 28 29 43,7 16 25 29 35 36,1
S006,pair_residual_node,1046,746,1045,300,rolling300,14 15 16 18 21 36,7 16 25 29 35 36,2
S007,triple_residual_node,1046,746,1045,300,rolling300,14 15 16 18 21 36,7 16 25 29 35 36,2
S008,family_balanced_hybrid,1046,746,1045,300,rolling300,2 14 15 18 36 45,7 16 25 29 35 36,1
S001,multi_window_frequency,1047,747,1046,300,rolling300,12 14 16 18 29 36,2 20 33 40 42 44,0
S002,gap_regime_hazard,1047,747,1046,300,rolling300,2 8 24 27 32 33,2 20 33 40 42 44,2
S003,momentum_state_transition,1047,747,1046,300,rolling300,9 18 20 21 23 25,2 20 33 40 42 44,1
S004,conditional_probability,1047,747,1046,300,rolling300,6 7 14 15 16 26,2 20 33 40 42 44,0
S005,structure_transition,1047,747,1046,300,rolling300,6 17 19 23 29 30,2 20 33 40 42 44,0
S006,pair_residual_node,1047,747,1046,300,rolling300,14 15 16 18 21 36,2 20 33 40 42 44,0
S007,triple_residual_node,1047,747,1046,300,rolling300,14 15 16 18 21 36,2 20 33 40 42 44,0
S008,family_balanced_hybrid,1047,747,1046,300,rolling300,14 15 16 18 21 45,2 20 33 40 42 44,0
S001,multi_window_frequency,1048,748,1047,300,rolling300,6 12 14 16 29 36,6 12 17 21 32 39,2
S002,gap_regime_hazard,1048,748,1047,300,rolling300,8 9 11 18 24 27,6 12 17 21 32 39,0
S003,momentum_state_transition,1048,748,1047,300,rolling300,9 18 23 25 27 38,6 12 17 21 32 39,0
S004,conditional_probability,1048,748,1047,300,rolling300,1 4 6 7 16 26,6 12 17 21 32 39,1
S005,structure_transition,1048,748,1047,300,rolling300,2 14 17 22 25 43,6 12 17 21 32 39,1
S006,pair_residual_node,1048,748,1047,300,rolling300,15 16 18 21 33 36,6 12 17 21 32 39,1
S007,triple_residual_node,1048,748,1047,300,rolling300,15 16 18 21 33 36,6 12 17 21 32 39,1
S008,family_balanced_hybrid,1048,748,1047,300,rolling300,9 16 18 36 38 45,6 12 17 21 32 39,0
S001,multi_window_frequency,1049,749,1048,300,rolling300,6 12 14 17 29 36,3 5 13 20 21 37,0
S002,gap_regime_hazard,1049,749,1048,300,rolling300,8 9 11 18 23 24,3 5 13 20 21 37,0
S003,momentum_state_transition,1049,749,1048,300,rolling300,9 13 18 23 25 27,3 5 13 20 21 37,1
S004,conditional_probability,1049,749,1048,300,rolling300,1 4 10 12 17 26,3 5 13 20 21 37,0
S005,structure_transition,1049,749,1048,300,rolling300,11 14 21 30 35 38,3 5 13 20 21 37,1
S006,pair_residual_node,1049,749,1048,300,rolling300,15 16 18 21 33 36,3 5 13 20 21 37,1
S007,triple_residual_node,1049,749,1048,300,rolling300,15 16 18 21 33 36,3 5 13 20 21 37,1
S008,family_balanced_hybrid,1049,749,1048,300,rolling300,2 9 13 18 33 45,3 5 13 20 21 37,1
S001,multi_window_frequency,1050,750,1049,300,rolling300,6 12 14 16 29 36,6 12 31 35 38 43,2
S002,gap_regime_hazard,1050,750,1049,300,rolling300,8 9 11 18 22 23,6 12 31 35 38 43,0
S003,momentum_state_transition,1050,750,1049,300,rolling300,9 13 18 25 27 37,6 12 31 35 38 43,0
S004,conditional_probability,1050,750,1049,300,rolling300,5 6 12 17 20 21,6 12 31 35 38 43,2
S005,structure_transition,1050,750,1049,300,rolling300,2 7 15 29 34 39,6 12 31 35 38 43,0
S006,pair_residual_node,1050,750,1049,300,rolling300,14 15 16 18 21 36,6 12 31 35 38 43,0
S007,triple_residual_node,1050,750,1049,300,rolling300,14 15 16 18 21 36,6 12 31 35 38 43,0
S008,family_balanced_hybrid,1050,750,1049,300,rolling300,2 16 18 21 36 45,6 12 31 35 38 43,0
S001,multi_window_frequency,1051,751,1050,300,rolling300,6 12 14 17 29 35,21 26 30 32 33 35,1
S002,gap_regime_hazard,1051,751,1050,300,rolling300,8 9 11 18 22 23,21 26 30 32 33 35,0
S003,momentum_state_transition,1051,751,1050,300,rolling300,9 11 13 18 27 29,21 26 30 32 33 35,0
S004,conditional_probability,1051,751,1050,300,rolling300,1 4 5 17 20 21,21 26 30 32 33 35,1
S005,structure_transition,1051,751,1050,300,rolling300,9 16 21 22 32 43,21 26 30 32 33 35,2
S006,pair_residual_node,1051,751,1050,300,rolling300,14 15 16 18 21 36,21 26 30 32 33 35,1
S007,triple_residual_node,1051,751,1050,300,rolling300,14 15 16 18 21 36,21 26 30 32 33 35,1
S008,family_balanced_hybrid,1051,751,1050,300,rolling300,3 15 18 21 36 45,21 26 30 32 33 35,1
S001,multi_window_frequency,1052,752,1051,300,rolling300,6 12 14 21 26 35,5 17 26 27 35 38,2
S002,gap_regime_hazard,1052,752,1051,300,rolling300,9 11 14 15 18 19,5 17 26 27 35 38,0
S003,momentum_state_transition,1052,752,1051,300,rolling300,11 13 18 27 29 37,5 17 26 27 35 38,1
S004,conditional_probability,1052,752,1051,300,rolling300,1 5 6 20 26 35,5 17 26 27 35 38,3
S005,structure_transition,1052,752,1051,300,rolling300,1 4 11 32 36 39,5 17 26 27 35 38,0
S006,pair_residual_node,1052,752,1051,300,rolling300,14 15 18 21 33 36,5 17 26 27 35 38,0
S007,triple_residual_node,1052,752,1051,300,rolling300,14 15 18 21 33 36,5 17 26 27 35 38,0
S008,family_balanced_hybrid,1052,752,1051,300,rolling300,14 15 16 18 36 45,5 17 26 27 35 38,0
S001,multi_window_frequency,1053,753,1052,300,rolling300,6 12 17 21 26 35,22 26 29 30 34 45,1
S002,gap_regime_hazard,1053,753,1052,300,rolling300,7 14 15 16 19 22,22 26 29 30 34 45,1
S003,momentum_state_transition,1053,753,1052,300,rolling300,11 13 18 29 37 39,22 26 29 30 34 45,1
S004,conditional_probability,1053,753,1052,300,rolling300,1 4 5 6 17 20,22 26 29 30 34 45,0
S005,structure_transition,1053,753,1052,300,rolling300,5 15 18 22 23 30,22 26 29 30 34 45,2
S006,pair_residual_node,1053,753,1052,300,rolling300,14 15 18 21 33 36,22 26 29 30 34 45,0
S007,triple_residual_node,1053,753,1052,300,rolling300,14 15 18 21 33 36,22 26 29 30 34 45,0
S008,family_balanced_hybrid,1053,753,1052,300,rolling300,14 15 16 18 29 36,22 26 29 30 34 45,1
S001,multi_window_frequency,1054,754,1053,300,rolling300,6 12 21 26 29 35,14 19 27 28 30 45,0
S002,gap_regime_hazard,1054,754,1053,300,rolling300,2 7 14 15 16 19,14 19 27 28 30 45,2
S003,momentum_state_transition,1054,754,1053,300,rolling300,11 13 18 37 39 41,14 19 27 28 30 45,0
S004,conditional_probability,1054,754,1053,300,rolling300,1 4 6 12 17 20,14 19 27 28 30 45,0
S005,structure_transition,1054,754,1053,300,rolling300,1 13 16 28 29 38,14 19 27 28 30 45,1
S006,pair_residual_node,1054,754,1053,300,rolling300,14 15 18 21 36 45,14 19 27 28 30 45,2
S007,triple_residual_node,1054,754,1053,300,rolling300,14 15 18 21 36 45,14 19 27 28 30 45,2
S008,family_balanced_hybrid,1054,754,1053,300,rolling300,2 12 14 16 18 36,14 19 27 28 30 45,1
S001,multi_window_frequency,1055,755,1054,300,rolling300,6 12 14 21 26 35,4 7 12 14 22 33,2
S002,gap_regime_hazard,1055,755,1054,300,rolling300,2 7 15 16 25 36,4 7 12 14 22 33,1
S003,momentum_state_transition,1055,755,1054,300,rolling300,11 13 18 37 38 39,4 7 12 14 22 33,0
S004,conditional_probability,1055,755,1054,300,rolling300,1 4 6 8 26 30,4 7 12 14 22 33,1
S005,structure_transition,1055,755,1054,300,rolling300,5 8 14 22 35 39,4 7 12 14 22 33,2
S006,pair_residual_node,1055,755,1054,300,rolling300,14 15 18 21 36 45,4 7 12 14 22 33,1
S007,triple_residual_node,1055,755,1054,300,rolling300,14 15 18 21 36 45,4 7 12 14 22 33,1
S008,family_balanced_hybrid,1055,755,1054,300,rolling300,2 15 16 18 36 39,4 7 12 14 22 33,0
S001,multi_window_frequency,1056,756,1055,300,rolling300,6 12 14 21 26 35,13 20 24 32 36 45,0
S002,gap_regime_hazard,1056,756,1055,300,rolling300,2 3 13 15 16 20,13 20 24 32 36 45,2
S003,momentum_state_transition,1056,756,1055,300,rolling300,9 11 13 18 38 39,13 20 24 32 36 45,1
S004,conditional_probability,1056,756,1055,300,rolling300,1 12 21 26 30 33,13 20 24 32 36 45,0
S005,structure_transition,1056,756,1055,300,rolling300,1 5 14 30 37 40,13 20 24 32 36 45,0
S006,pair_residual_node,1056,756,1055,300,rolling300,14 15 18 21 36 45,13 20 24 32 36 45,2
S007,triple_residual_node,1056,756,1055,300,rolling300,14 15 18 21 36 45,13 20 24 32 36 45,2
S008,family_balanced_hybrid,1056,756,1055,300,rolling300,2 15 16 18 21 36,13 20 24 32 36 45,1
S001,multi_window_frequency,1057,757,1056,300,rolling300,12 14 21 26 35 45,8 13 19 27 40 45,1
S002,gap_regime_hazard,1057,757,1056,300,rolling300,2 3 6 16 25 31,8 13 19 27 40 45,0
S003,momentum_state_transition,1057,757,1056,300,rolling300,9 11 13 18 34 38,8 13 19 27 40 45,1
S004,conditional_probability,1057,757,1056,300,rolling300,12 20 21 26 30 32,8 13 19 27 40 45,0
S005,structure_transition,1057,757,1056,300,rolling300,6 10 19 24 27 37,8 13 19 27 40 45,2
S006,pair_residual_node,1057,757,1056,300,rolling300,14 15 18 21 36 45,8 13 19 27 40 45,1
S007,triple_residual_node,1057,757,1056,300,rolling300,14 15 18 21 36 45,8 13 19 27 40 45,1
S008,family_balanced_hybrid,1057,757,1056,300,rolling300,2 15 16 18 21 33,8 13 19 27 40 45,0
S001,multi_window_frequency,1058,758,1057,300,rolling300,12 14 21 26 35 45,11 23 25 30 32 40,0
S002,gap_regime_hazard,1058,758,1057,300,rolling300,2 3 6 21 31 37,11 23 25 30 32 40,0
S003,momentum_state_transition,1058,758,1057,300,rolling300,2 9 11 15 18 34,11 23 25 30 32 40,1
S004,conditional_probability,1058,758,1057,300,rolling300,12 13 21 26 27 30,11 23 25 30 32 40,1
S005,structure_transition,1058,758,1057,300,rolling300,3 9 20 24 27 39,11 23 25 30 32 40,0
S006,pair_residual_node,1058,758,1057,300,rolling300,14 15 18 21 36 45,11 23 25 30 32 40,0
S007,triple_residual_node,1058,758,1057,300,rolling300,14 15 18 21 36 45,11 23 25 30 32 40,0
S008,family_balanced_hybrid,1058,758,1057,300,rolling300,2 12 15 16 18 21,11 23 25 30 32 40,0
S001,multi_window_frequency,1059,759,1058,300,rolling300,12 14 26 32 35 45,7 10 22 25 34 40,0
S002,gap_regime_hazard,1059,759,1058,300,rolling300,3 5 6 17 21 31,7 10 22 25 34 40,0
S003,momentum_state_transition,1059,759,1058,300,rolling300,2 9 11 15 16 18,7 10 22 25 34 40,0
S004,conditional_probability,1059,759,1058,300,rolling300,1 13 26 27 32 35,7 10 22 25 34 40,0
S005,structure_transition,1059,759,1058,300,rolling300,2 5 19 31 40 42,7 10 22 25 34 40,1
S006,pair_residual_node,1059,759,1058,300,rolling300,14 15 18 21 36 45,7 10 22 25 34 40,0
S007,triple_residual_node,1059,759,1058,300,rolling300,14 15 18 21 36 45,7 10 22 25 34 40,0
S008,family_balanced_hybrid,1059,759,1058,300,rolling300,2 13 15 18 21 39,7 10 22 25 34 40,0
S001,multi_window_frequency,1060,760,1059,300,rolling300,12 14 22 26 35 45,3 10 24 33 38 45,1
S002,gap_regime_hazard,1060,760,1059,300,rolling300,3 5 6 17 21 26,3 10 24 33 38 45,1
S003,momentum_state_transition,1060,760,1059,300,rolling300,2 9 11 15 16 18,3 10 24 33 38 45,0
S004,conditional_probability,1060,760,1059,300,rolling300,22 26 27 32 35 40,3 10 24 33 38 45,0
S005,structure_transition,1060,760,1059,300,rolling300,6 10 19 24 27 37,3 10 24 33 38 45,2
S006,pair_residual_node,1060,760,1059,300,rolling300,14 15 18 21 36 45,3 10 24 33 38 45,1
S007,triple_residual_node,1060,760,1059,300,rolling300,14 15 18 21 36 45,3 10 24 33 38 45,1
S008,family_balanced_hybrid,1060,760,1059,300,rolling300,2 15 16 18 21 26,3 10 24 33 38 45,0
S001,multi_window_frequency,1061,761,1060,300,rolling300,12 14 22 26 35 45,4 24 27 35 37 45,2
S002,gap_regime_hazard,1061,761,1060,300,rolling300,5 6 17 21 26 28,4 24 27 35 37 45,0
S003,momentum_state_transition,1061,761,1060,300,rolling300,2 9 11 15 16 18,4 24 27 35 37 45,0
S004,conditional_probability,1061,761,1060,300,rolling300,22 26 27 32 33 40,4 24 27 35 37 45,1
S005,structure_transition,1061,761,1060,300,rolling300,3 14 18 23 25 40,4 24 27 35 37 45,0
S006,pair_residual_node,1061,761,1060,300,rolling300,14 15 18 21 36 45,4 24 27 35 37 45,1
S007,triple_residual_node,1061,761,1060,300,rolling300,14 15 18 21 36 45,4 24 27 35 37 45,1
S008,family_balanced_hybrid,1061,761,1060,300,rolling300,2 15 16 18 21 26,4 24 27 35 37 45,0
S001,multi_window_frequency,1062,762,1061,300,rolling300,12 14 26 27 35 45,20 31 32 40 41 45,1
S002,gap_regime_hazard,1062,762,1061,300,rolling300,5 12 14 17 21 26,20 31 32 40 41 45,0
S003,momentum_state_transition,1062,762,1061,300,rolling300,2 9 11 16 18 29,20 31 32 40 41 45,0
S004,conditional_probability,1062,762,1061,300,rolling300,1 2 22 24 30 40,20 31 32 40 41 45,1
S005,structure_transition,1062,762,1061,300,rolling300,4 14 19 26 29 33,20 31 32 40 41 45,0
S006,pair_residual_node,1062,762,1061,300,rolling300,14 15 18 21 36 45,20 31 32 40 41 45,1
S007,triple_residual_node,1062,762,1061,300,rolling300,14 15 18 21 36 45,20 31 32 40 41 45,1
S008,family_balanced_hybrid,1062,762,1061,300,rolling300,2 14 15 16 18 21,20 31 32 40 41 45,0
S001,multi_window_frequency,1063,763,1062,300,rolling300,12 14 22 34 35 45,3 6 22 23 24 38,1
S002,gap_regime_hazard,1063,763,1062,300,rolling300,5 12 14 17 26 28,3 6 22 23 24 38,0
S003,momentum_state_transition,1063,763,1062,300,rolling300,2 9 11 15 16 18,3 6 22 23 24 38,0
S004,conditional_probability,1063,763,1062,300,rolling300,1 22 24 27 30 32,3 6 22 23 24 38,2
S005,structure_transition,1063,763,1062,300,rolling300,1 5 14 30 37 40,3 6 22 23 24 38,0
S006,pair_residual_node,1063,763,1062,300,rolling300,14 15 18 21 36 45,3 6 22 23 24 38,0
S007,triple_residual_node,1063,763,1062,300,rolling300,14 15 18 21 36 45,3 6 22 23 24 38,0
S008,family_balanced_hybrid,1063,763,1062,300,rolling300,2 14 15 16 18 21,3 6 22 23 24 38,0
S001,multi_window_frequency,1064,764,1063,300,rolling300,12 14 22 24 35 45,3 6 9 18 22 35,2
S002,gap_regime_hazard,1064,764,1063,300,rolling300,8 12 13 14 19 26,3 6 9 18 22 35,0
S003,momentum_state_transition,1064,764,1063,300,rolling300,2 5 9 11 15 16,3 6 9 18 22 35,1
S004,conditional_probability,1064,764,1063,300,rolling300,1 2 22 27 32 45,3 6 9 18 22 35,1
S005,structure_transition,1064,764,1063,300,rolling300,8 16 19 25 29 42,3 6 9 18 22 35,0
S006,pair_residual_node,1064,764,1063,300,rolling300,14 15 18 21 36 45,3 6 9 18 22 35,1
S007,triple_residual_node,1064,764,1063,300,rolling300,14 15 18 21 36 45,3 6 9 18 22 35,1
S008,family_balanced_hybrid,1064,764,1063,300,rolling300,2 13 14 15 18 45,3 6 9 18 22 35,1
S001,multi_window_frequency,1065,765,1064,300,rolling300,6 12 22 24 35 45,3 18 19 23 32 45,1
S002,gap_regime_hazard,1065,765,1064,300,rolling300,8 11 12 13 14 19,3 18 19 23 32 45,1
S003,momentum_state_transition,1065,765,1064,300,rolling300,2 5 9 11 15 16,3 18 19 23 32 45,0
S004,conditional_probability,1065,765,1064,300,rolling300,1 2 3 5 32 45,3 18 19 23 32 45,3
S005,structure_transition,1065,765,1064,300,rolling300,8 19 22 32 35 41,3 18 19 23 32 45,2
S006,pair_residual_node,1065,765,1064,300,rolling300,14 15 18 21 36 45,3 18 19 23 32 45,2
S007,triple_residual_node,1065,765,1064,300,rolling300,14 15 18 21 36 45,3 18 19 23 32 45,2
S008,family_balanced_hybrid,1065,765,1064,300,rolling300,2 13 15 16 21 45,3 18 19 23 32 45,1
S001,multi_window_frequency,1066,766,1065,300,rolling300,3 6 22 32 35 45,6 11 16 19 21 32,2
S002,gap_regime_hazard,1066,766,1065,300,rolling300,7 8 11 12 13 14,6 11 16 19 21 32,1
S003,momentum_state_transition,1066,766,1065,300,rolling300,2 5 11 14 15 16,6 11 16 19 21 32,2
S004,conditional_probability,1066,766,1065,300,rolling300,1 2 5 22 23 45,6 11 16 19 21 32,0
S005,structure_transition,1066,766,1065,300,rolling300,6 10 19 24 27 37,6 11 16 19 21 32,2
S006,pair_residual_node,1066,766,1065,300,rolling300,14 15 18 21 36 45,6 11 16 19 21 32,1
S007,triple_residual_node,1066,766,1065,300,rolling300,14 15 18 21 36 45,6 11 16 19 21 32,1
S008,family_balanced_hybrid,1066,766,1065,300,rolling300,2 12 13 14 15 21,6 11 16 19 21 32,1
S001,multi_window_frequency,1067,767,1066,300,rolling300,3 6 22 32 35 45,7 10 19 23 28 33,0
S002,gap_regime_hazard,1067,767,1066,300,rolling300,7 8 10 13 25 30,7 10 19 23 28 33,2
S003,momentum_state_transition,1067,767,1066,300,rolling300,2 5 7 11 14 15,7 10 19 23 28 33,1
S004,conditional_probability,1067,767,1066,300,rolling300,6 19 22 23 24 45,7 10 19 23 28 33,2
S005,structure_transition,1067,767,1066,300,rolling300,1 13 18 30 32 43,7 10 19 23 28 33,0
S006,pair_residual_node,1067,767,1066,300,rolling300,14 15 18 21 36 45,7 10 19 23 28 33,0
S007,triple_residual_node,1067,767,1066,300,rolling300,14 15 18 21 36 45,7 10 19 23 28 33,0
S008,family_balanced_hybrid,1067,767,1066,300,rolling300,12 13 14 15 36 45,7 10 19 23 28 33,0
S001,multi_window_frequency,1068,768,1067,300,rolling300,3 6 22 32 35 45,4 7 19 26 33 35,1
S002,gap_regime_hazard,1068,768,1067,300,rolling300,4 8 13 25 27 30,4 7 19 26 33 35,1
S003,momentum_state_transition,1068,768,1067,300,rolling300,2 5 11 14 15 16,4 7 19 26 33 35,0
S004,conditional_probability,1068,768,1067,300,rolling300,6 10 19 22 24 40,4 7 19 26 33 35,1
S005,structure_transition,1068,768,1067,300,rolling300,4 13 22 33 36 41,4 7 19 26 33 35,2
S006,pair_residual_node,1068,768,1067,300,rolling300,14 15 18 21 36 45,4 7 19 26 33 35,0
S007,triple_residual_node,1068,768,1067,300,rolling300,14 15 18 21 36 45,4 7 19 26 33 35,0
S008,family_balanced_hybrid,1068,768,1067,300,rolling300,12 13 14 15 21 36,4 7 19 26 33 35,0
S001,multi_window_frequency,1069,769,1068,300,rolling300,3 6 19 33 35 45,1 10 18 22 28 31,0
S002,gap_regime_hazard,1069,769,1068,300,rolling300,20 25 27 30 31 34,1 10 18 22 28 31,1
S003,momentum_state_transition,1069,769,1068,300,rolling300,2 5 11 12 14 15,1 10 18 22 28 31,0
S004,conditional_probability,1069,769,1068,300,rolling300,6 7 10 22 23 24,1 10 18 22 28 31,2
S005,structure_transition,1069,769,1068,300,rolling300,7 16 18 29 33 38,1 10 18 22 28 31,1
S006,pair_residual_node,1069,769,1068,300,rolling300,14 15 18 21 36 45,1 10 18 22 28 31,1
S007,triple_residual_node,1069,769,1068,300,rolling300,14 15 18 21 36 45,1 10 18 22 28 31,1
S008,family_balanced_hybrid,1069,769,1068,300,rolling300,12 13 14 15 22 36,1 10 18 22 28 31,1
S001,multi_window_frequency,1070,770,1069,300,rolling300,3 6 18 22 35 45,3 6 14 22 30 41,3
S002,gap_regime_hazard,1070,770,1069,300,rolling300,20 24 25 27 34 37,3 6 14 22 30 41,0
S003,momentum_state_transition,1070,770,1069,300,rolling300,2 5 11 12 14 15,3 6 14 22 30 41,1
S004,conditional_probability,1070,770,1069,300,rolling300,6 10 18 22 23 24,3 6 14 22 30 41,2
S005,structure_transition,1070,770,1069,300,rolling300,4 13 22 33 36 41,3 6 14 22 30 41,2
S006,pair_residual_node,1070,770,1069,300,rolling300,14 15 18 21 33 45,3 6 14 22 30 41,1
S007,triple_residual_node,1070,770,1069,300,rolling300,14 15 18 21 33 45,3 6 14 22 30 41,1
S008,family_balanced_hybrid,1070,770,1069,300,rolling300,12 14 15 18 24 33,3 6 14 22 30 41,1
S001,multi_window_frequency,1071,771,1070,300,rolling300,3 6 18 22 35 45,1 2 11 21 30 35,1
S002,gap_regime_hazard,1071,771,1070,300,rolling300,9 20 24 27 37 38,1 2 11 21 30 35,0
S003,momentum_state_transition,1071,771,1070,300,rolling300,2 5 12 15 16 17,1 2 11 21 30 35,1
S004,conditional_probability,1071,771,1070,300,rolling300,2 18 23 32 35 45,1 2 11 21 30 35,2
S005,structure_transition,1071,771,1070,300,rolling300,1 6 16 35 37 42,1 2 11 21 30 35,2
S006,pair_residual_node,1071,771,1070,300,rolling300,13 14 15 18 21 45,1 2 11 21 30 35,1
S007,triple_residual_node,1071,771,1070,300,rolling300,14 15 18 21 33 45,1 2 11 21 30 35,1
S008,family_balanced_hybrid,1071,771,1070,300,rolling300,12 15 18 21 36 45,1 2 11 21 30 35,1
S001,multi_window_frequency,1072,772,1071,300,rolling300,3 6 19 22 35 45,16 18 20 23 32 43,0
S002,gap_regime_hazard,1072,772,1071,300,rolling300,9 20 24 27 37 38,16 18 20 23 32 43,1
S003,momentum_state_transition,1072,772,1071,300,rolling300,2 5 12 15 16 17,16 18 20 23 32 43,1
S004,conditional_probability,1072,772,1071,300,rolling300,5 8 18 23 32 35,16 18 20 23 32 43,3
S005,structure_transition,1072,772,1071,300,rolling300,3 11 25 32 36 41,16 18 20 23 32 43,1
S006,pair_residual_node,1072,772,1071,300,rolling300,13 14 15 18 21 45,16 18 20 23 32 43,1
S007,triple_residual_node,1072,772,1071,300,rolling300,13 14 15 18 21 45,16 18 20 23 32 43,1
S008,family_balanced_hybrid,1072,772,1071,300,rolling300,12 13 15 18 36 45,16 18 20 23 32 43,1
S001,multi_window_frequency,1073,773,1072,300,rolling300,3 6 18 22 35 45,6 18 28 30 32 38,2
S002,gap_regime_hazard,1073,773,1072,300,rolling300,5 9 24 38 40 45,6 18 28 30 32 38,1
S003,momentum_state_transition,1073,773,1072,300,rolling300,2 5 12 15 16 17,6 18 28 30 32 38,0
S004,conditional_probability,1073,773,1072,300,rolling300,5 8 12 13 32 35,6 18 28 30 32 38,1
S005,structure_transition,1073,773,1072,300,rolling300,13 16 22 31 37 42,6 18 28 30 32 38,0
S006,pair_residual_node,1073,773,1072,300,rolling300,13 14 15 18 21 45,6 18 28 30 32 38,1
S007,triple_residual_node,1073,773,1072,300,rolling300,13 14 15 18 21 45,6 18 28 30 32 38,1
S008,family_balanced_hybrid,1073,773,1072,300,rolling300,12 13 15 21 36 45,6 18 28 30 32 38,0
S001,multi_window_frequency,1074,774,1073,300,rolling300,6 18 22 32 35 45,1 6 20 27 28 41,1
S002,gap_regime_hazard,1074,774,1073,300,rolling300,9 16 20 23 24 45,1 6 20 27 28 41,1
S003,momentum_state_transition,1074,774,1073,300,rolling300,2 5 12 15 16 17,1 6 20 27 28 41,0
S004,conditional_probability,1074,774,1073,300,rolling300,3 18 22 23 28 30,1 6 20 27 28 41,1
S005,structure_transition,1074,774,1073,300,rolling300,3 11 15 18 40 43,1 6 20 27 28 41,0
S006,pair_residual_node,1074,774,1073,300,rolling300,14 15 18 21 36 45,1 6 20 27 28 41,0
S007,triple_residual_node,1074,774,1073,300,rolling300,14 15 18 21 36 45,1 6 20 27 28 41,0
S008,family_balanced_hybrid,1074,774,1073,300,rolling300,12 15 18 21 36 45,1 6 20 27 28 41,0
S001,multi_window_frequency,1075,775,1074,300,rolling300,6 18 19 32 35 45,1 23 24 35 44 45,2
S002,gap_regime_hazard,1075,775,1074,300,rolling300,4 7 9 19 26 33,1 23 24 35 44 45,0
S003,momentum_state_transition,1075,775,1074,300,rolling300,2 5 12 14 15 16,1 23 24 35 44 45,0
S004,conditional_probability,1075,775,1074,300,rolling300,1 5 8 9 23 30,1 23 24 35 44 45,2
S005,structure_transition,1075,775,1074,300,rolling300,2 4 14 33 37 41,1 23 24 35 44 45,0
S006,pair_residual_node,1075,775,1074,300,rolling300,14 15 18 21 33 45,1 23 24 35 44 45,1
S007,triple_residual_node,1075,775,1074,300,rolling300,14 15 18 21 33 45,1 23 24 35 44 45,1
S008,family_balanced_hybrid,1075,775,1074,300,rolling300,12 13 14 15 18 45,1 23 24 35 44 45,1
S001,multi_window_frequency,1076,776,1075,300,rolling300,6 18 22 32 35 45,3 7 9 33 36 37,0
S002,gap_regime_hazard,1076,776,1075,300,rolling300,4 7 10 19 26 31,3 7 9 33 36 37,1
S003,momentum_state_transition,1076,776,1075,300,rolling300,2 5 12 14 15 16,3 7 9 33 36 37,0
S004,conditional_probability,1076,776,1075,300,rolling300,18 19 23 30 32 35,3 7 9 33 36 37,0
S005,structure_transition,1076,776,1075,300,rolling300,1 4 11 32 36 39,3 7 9 33 36 37,1
S006,pair_residual_node,1076,776,1075,300,rolling300,14 15 18 21 33 45,3 7 9 33 36 37,1
S007,triple_residual_node,1076,776,1075,300,rolling300,14 15 18 21 33 45,3 7 9 33 36 37,1
S008,family_balanced_hybrid,1076,776,1075,300,rolling300,12 13 14 15 18 21,3 7 9 33 36 37,0
S001,multi_window_frequency,1077,777,1076,300,rolling300,6 18 32 33 35 45,4 8 17 30 40 43,0
S002,gap_regime_hazard,1077,777,1076,300,rolling300,4 10 14 19 22 26,4 8 17 30 40 43,1
S003,momentum_state_transition,1077,777,1076,300,rolling300,2 5 12 14 15 16,4 8 17 30 40 43,0
S004,conditional_probability,1077,777,1076,300,rolling300,6 7 18 23 30 33,4 8 17 30 40 43,1
S005,structure_transition,1077,777,1076,300,rolling300,1 3 5 32 35 44,4 8 17 30 40 43,0
S006,pair_residual_node,1077,777,1076,300,rolling300,14 15 18 21 33 45,4 8 17 30 40 43,0
S007,triple_residual_node,1077,777,1076,300,rolling300,14 15 18 21 33 45,4 8 17 30 40 43,0
S008,family_balanced_hybrid,1077,777,1076,300,rolling300,12 14 15 18 21 35,4 8 17 30 40 43,0
S001,multi_window_frequency,1078,778,1077,300,rolling300,6 18 30 32 35 45,6 10 11 14 36 38,1
S002,gap_regime_hazard,1078,778,1077,300,rolling300,2 10 11 14 19 21,6 10 11 14 36 38,3
S003,momentum_state_transition,1078,778,1077,300,rolling300,5 12 13 14 16 17,6 10 11 14 36 38,1
S004,conditional_probability,1078,778,1077,300,rolling300,5 6 12 18 28 35,6 10 11 14 36 38,1
S005,structure_transition,1078,778,1077,300,rolling300,1 17 20 28 36 41,6 10 11 14 36 38,1
S006,pair_residual_node,1078,778,1077,300,rolling300,14 15 18 21 33 45,6 10 11 14 36 38,1
S007,triple_residual_node,1078,778,1077,300,rolling300,14 15 18 21 33 45,6 10 11 14 36 38,1
S008,family_balanced_hybrid,1078,778,1077,300,rolling300,12 13 14 15 18 21,6 10 11 14 36 38,1
S001,multi_window_frequency,1079,779,1078,300,rolling300,3 6 18 30 35 45,4 8 18 24 37 45,2
S002,gap_regime_hazard,1079,779,1078,300,rolling300,2 16 19 21 22 26,4 8 18 24 37 45,0
S003,momentum_state_transition,1079,779,1078,300,rolling300,5 12 13 14 17 21,4 8 18 24 37 45,0
S004,conditional_probability,1079,779,1078,300,rolling300,5 12 13 15 18 28,4 8 18 24 37 45,1
S005,structure_transition,1079,779,1078,300,rolling300,11 15 16 23 32 42,4 8 18 24 37 45,0
S006,pair_residual_node,1079,779,1078,300,rolling300,14 15 18 21 33 45,4 8 18 24 37 45,2
S007,triple_residual_node,1079,779,1078,300,rolling300,14 15 18 21 33 45,4 8 18 24 37 45,2
S008,family_balanced_hybrid,1079,779,1078,300,rolling300,12 13 15 18 21 26,4 8 18 24 37 45,1
S001,multi_window_frequency,1080,780,1079,300,rolling300,6 18 30 32 35 45,13 16 23 31 36 44,0
S002,gap_regime_hazard,1080,780,1079,300,rolling300,2 16 21 22 31 32,13 16 23 31 36 44,2
S003,momentum_state_transition,1080,780,1079,300,rolling300,5 12 13 14 17 21,13 16 23 31 36 44,1
S004,conditional_probability,1080,780,1079,300,rolling300,1 2 7 9 10 18,13 16 23 31 36 44,0
S005,structure_transition,1080,780,1079,300,rolling300,1 13 18 30 32 43,13 16 23 31 36 44,1
S006,pair_residual_node,1080,780,1079,300,rolling300,14 15 18 21 33 45,13 16 23 31 36 44,0
S007,triple_residual_node,1080,780,1079,300,rolling300,14 15 18 21 33 45,13 16 23 31 36 44,0
S008,family_balanced_hybrid,1080,780,1079,300,rolling300,12 13 14 18 21 22,13 16 23 31 36 44,1
S001,multi_window_frequency,1081,781,1080,300,rolling300,6 18 30 32 35 45,1 9 16 23 24 38,0
S002,gap_regime_hazard,1081,781,1080,300,rolling300,2 20 21 22 27 28,1 9 16 23 24 38,0
S003,momentum_state_transition,1081,781,1080,300,rolling300,5 12 13 14 17 21,1 9 16 23 24 38,0
S004,conditional_probability,1081,781,1080,300,rolling300,1 6 18 23 30 36,1 9 16 23 24 38,2
S005,structure_transition,1081,781,1080,300,rolling300,4 17 20 25 39 44,1 9 16 23 24 38,0
S006,pair_residual_node,1081,781,1080,300,rolling300,15 18 21 33 36 45,1 9 16 23 24 38,0
S007,triple_residual_node,1081,781,1080,300,rolling300,15 18 21 33 36 45,1 9 16 23 24 38,0
S008,family_balanced_hybrid,1081,781,1080,300,rolling300,12 13 14 18 21 27,1 9 16 23 24 38,0
S001,multi_window_frequency,1082,782,1081,300,rolling300,6 18 23 35 38 45,21 26 27 32 34 42,0
S002,gap_regime_hazard,1082,782,1081,300,rolling300,2 20 21 27 28 32,21 26 27 32 34 42,3
S003,momentum_state_transition,1082,782,1081,300,rolling300,5 12 13 14 17 21,21 26 27 32 34 42,1
S004,conditional_probability,1082,782,1081,300,rolling300,1 6 16 18 24 36,21 26 27 32 34 42,0
S005,structure_transition,1082,782,1081,300,rolling300,1 5 14 30 37 40,21 26 27 32 34 42,0
S006,pair_residual_node,1082,782,1081,300,rolling300,15 18 21 33 36 45,21 26 27 32 34 42,1
S007,triple_residual_node,1082,782,1081,300,rolling300,15 18 21 33 36 45,21 26 27 32 34 42,1
S008,family_balanced_hybrid,1082,782,1081,300,rolling300,12 13 14 18 21 36,21 26 27 32 34 42,1
S001,multi_window_frequency,1083,783,1082,300,rolling300,6 18 23 24 32 45,3 7 14 15 22 38,0
S002,gap_regime_hazard,1083,783,1082,300,rolling300,3 7 20 28 33 35,3 7 14 15 22 38,2
S003,momentum_state_transition,1083,783,1082,300,rolling300,5 12 13 14 17 20,3 7 14 15 22 38,1
S004,conditional_probability,1083,783,1082,300,rolling300,1 6 23 24 36 38,3 7 14 15 22 38,1
S005,structure_transition,1083,783,1082,300,rolling300,6 10 19 24 27 37,3 7 14 15 22 38,0
S006,pair_residual_node,1083,783,1082,300,rolling300,14 15 18 21 33 45,3 7 14 15 22 38,2
S007,triple_residual_node,1083,783,1082,300,rolling300,14 15 18 21 33 45,3 7 14 15 22 38,2
S008,family_balanced_hybrid,1083,783,1082,300,rolling300,12 13 14 18 23 33,3 7 14 15 22 38,1
S001,multi_window_frequency,1084,784,1083,300,rolling300,6 18 23 24 38 45,8 12 13 29 33 42,0
S002,gap_regime_hazard,1084,784,1083,300,rolling300,17 20 28 30 33 35,8 12 13 29 33 42,1
S003,momentum_state_transition,1084,784,1083,300,rolling300,12 13 17 20 25 26,8 12 13 29 33 42,2
S004,conditional_probability,1084,784,1083,300,rolling300,1 10 23 24 36 38,8 12 13 29 33 42,0
S005,structure_transition,1084,784,1083,300,rolling300,13 16 22 31 37 42,8 12 13 29 33 42,2
S006,pair_residual_node,1084,784,1083,300,rolling300,14 15 18 21 33 45,8 12 13 29 33 42,1
S007,triple_residual_node,1084,784,1083,300,rolling300,14 15 18 21 33 45,8 12 13 29 33 42,1
S008,family_balanced_hybrid,1084,784,1083,300,rolling300,12 13 17 18 21 33,8 12 13 29 33 42,3
S001,multi_window_frequency,1085,785,1084,300,rolling300,3 18 23 24 38 45,4 7 17 18 38 44,2
S002,gap_regime_hazard,1085,785,1084,300,rolling300,6 10 11 17 20 28,4 7 17 18 38 44,1
S003,momentum_state_transition,1085,785,1084,300,rolling300,12 13 20 25 26 27,4 7 17 18 38 44,0
S004,conditional_probability,1085,785,1084,300,rolling300,6 8 23 24 36 38,4 7 17 18 38 44,1
S005,structure_transition,1085,785,1084,300,rolling300,8 9 15 23 28 40,4 7 17 18 38 44,0
S006,pair_residual_node,1085,785,1084,300,rolling300,13 14 15 18 21 45,4 7 17 18 38 44,1
S007,triple_residual_node,1085,785,1084,300,rolling300,14 15 18 21 33 45,4 7 17 18 38 44,1
S008,family_balanced_hybrid,1085,785,1084,300,rolling300,11 12 15 18 23 36,4 7 17 18 38 44,1
S001,multi_window_frequency,1086,786,1085,300,rolling300,3 6 18 32 38 45,11 16 25 27 35 36,0
S002,gap_regime_hazard,1086,786,1085,300,rolling300,6 10 11 30 35 37,11 16 25 27 35 36,2
S003,momentum_state_transition,1086,786,1085,300,rolling300,12 13 20 25 26 27,11 16 25 27 35 36,2
S004,conditional_probability,1086,786,1085,300,rolling300,1 4 6 7 8 36,11 16 25 27 35 36,1
S005,structure_transition,1086,786,1085,300,rolling300,7 9 20 26 30 37,11 16 25 27 35 36,0
S006,pair_residual_node,1086,786,1085,300,rolling300,14 15 18 21 36 45,11 16 25 27 35 36,1
S007,triple_residual_node,1086,786,1085,300,rolling300,14 15 18 21 36 45,11 16 25 27 35 36,1
S008,family_balanced_hybrid,1086,786,1085,300,rolling300,11 12 13 18 36 45,11 16 25 27 35 36,2
S001,multi_window_frequency,1087,787,1086,300,rolling300,6 16 18 35 38 45,13 14 18 21 34 44,1
S002,gap_regime_hazard,1087,787,1086,300,rolling300,6 10 30 31 37 40,13 14 18 21 34 44,0
S003,momentum_state_transition,1087,787,1086,300,rolling300,12 13 19 20 21 26,13 14 18 21 34 44,2
S004,conditional_probability,1087,787,1086,300,rolling300,1 3 4 8 16 36,13 14 18 21 34 44,0
S005,structure_transition,1087,787,1086,300,rolling300,3 10 22 27 28 43,13 14 18 21 34 44,0
S006,pair_residual_node,1087,787,1086,300,rolling300,14 15 18 21 36 45,13 14 18 21 34 44,3
S007,triple_residual_node,1087,787,1086,300,rolling300,14 15 18 21 36 45,13 14 18 21 34 44,3
S008,family_balanced_hybrid,1087,787,1086,300,rolling300,12 16 18 21 36 45,13 14 18 21 34 44,2
S001,multi_window_frequency,1088,788,1087,300,rolling300,14 16 18 35 38 45,11 21 22 30 39 44,0
S002,gap_regime_hazard,1088,788,1087,300,rolling300,1 6 9 10 23 24,11 21 22 30 39 44,0
S003,momentum_state_transition,1088,788,1087,300,rolling300,10 12 19 20 26 40,11 21 22 30 39 44,0
S004,conditional_probability,1088,788,1087,300,rolling300,13 14 16 18 36 44,11 21 22 30 39 44,1
S005,structure_transition,1088,788,1087,300,rolling300,2 17 27 30 31 38,11 21 22 30 39 44,1
S006,pair_residual_node,1088,788,1087,300,rolling300,14 15 18 21 36 45,11 21 22 30 39 44,1
S007,triple_residual_node,1088,788,1087,300,rolling300,14 15 18 21 36 45,11 21 22 30 39 44,1
S008,family_balanced_hybrid,1088,788,1087,300,rolling300,12 14 16 18 36 45,11 21 22 30 39 44,0
S001,multi_window_frequency,1089,789,1088,300,rolling300,18 22 35 38 44 45,4 18 31 37 42 43,1
S002,gap_regime_hazard,1089,789,1088,300,rolling300,1 6 9 10 23 24,4 18 31 37 42 43,0
S003,momentum_state_transition,1089,789,1088,300,rolling300,10 19 20 26 33 40,4 18 31 37 42 43,0
S004,conditional_probability,1089,789,1088,300,rolling300,2 13 16 18 21 38,4 18 31 37 42 43,1
S005,structure_transition,1089,789,1088,300,rolling300,4 7 20 23 41 44,4 18 31 37 42 43,1
S006,pair_residual_node,1089,789,1088,300,rolling300,14 15 18 21 36 45,4 18 31 37 42 43,1
S007,triple_residual_node,1089,789,1088,300,rolling300,14 15 18 21 36 45,4 18 31 37 42 43,1
S008,family_balanced_hybrid,1089,789,1088,300,rolling300,14 16 18 33 38 45,4 18 31 37 42 43,1
S001,multi_window_frequency,1090,790,1089,300,rolling300,18 22 35 38 44 45,12 19 21 29 40 45,1
S002,gap_regime_hazard,1090,790,1089,300,rolling300,1 3 9 15 23 24,12 19 21 29 40 45,0
S003,momentum_state_transition,1090,790,1089,300,rolling300,10 19 26 28 31 33,12 19 21 29 40 45,1
S004,conditional_probability,1090,790,1089,300,rolling300,13 16 18 21 38 42,12 19 21 29 40 45,1
S005,structure_transition,1090,790,1089,300,rolling300,6 19 20 25 37 40,12 19 21 29 40 45,2
S006,pair_residual_node,1090,790,1089,300,rolling300,14 15 18 21 36 45,12 19 21 29 40 45,2
S007,triple_residual_node,1090,790,1089,300,rolling300,14 15 18 21 36 45,12 19 21 29 40 45,2
S008,family_balanced_hybrid,1090,790,1089,300,rolling300,13 16 18 21 33 45,12 19 21 29 40 45,2
S001,multi_window_frequency,1091,791,1090,300,rolling300,18 21 22 35 38 45,6 20 23 24 28 30,0
S002,gap_regime_hazard,1091,791,1090,300,rolling300,1 3 8 9 15 23,6 20 23 24 28 30,1
S003,momentum_state_transition,1091,791,1090,300,rolling300,3 10 19 22 26 28,6 20 23 24 28 30,1
S004,conditional_probability,1091,791,1090,300,rolling300,2 5 18 38 42 44,6 20 23 24 28 30,0
S005,structure_transition,1091,791,1090,300,rolling300,1 4 11 32 36 39,6 20 23 24 28 30,0
S006,pair_residual_node,1091,791,1090,300,rolling300,14 15 18 21 36 45,6 20 23 24 28 30,0
S007,triple_residual_node,1091,791,1090,300,rolling300,14 15 18 21 36 45,6 20 23 24 28 30,0
S008,family_balanced_hybrid,1091,791,1090,300,rolling300,3 15 18 22 33 38,6 20 23 24 28 30,0
S001,multi_window_frequency,1092,792,1091,300,rolling300,6 18 21 22 38 45,7 18 19 26 33 45,2
S002,gap_regime_hazard,1092,792,1091,300,rolling300,1 3 7 8 9 15,7 18 19 26 33 45,1
S003,momentum_state_transition,1092,792,1091,300,rolling300,3 10 19 22 26 33,7 18 19 26 33 45,3
S004,conditional_probability,1092,792,1091,300,rolling300,1 2 5 18 42 44,7 18 19 26 33 45,1
S005,structure_transition,1092,792,1091,300,rolling300,1 10 16 21 43 44,7 18 19 26 33 45,0
S006,pair_residual_node,1092,792,1091,300,rolling300,14 15 18 21 36 45,7 18 19 26 33 45,2
S007,triple_residual_node,1092,792,1091,300,rolling300,14 15 18 21 36 45,7 18 19 26 33 45,2
S008,family_balanced_hybrid,1092,792,1091,300,rolling300,3 15 16 18 22 33,7 18 19 26 33 45,2
S001,multi_window_frequency,1093,793,1092,300,rolling300,6 18 21 22 38 45,10 17 22 30 35 43,1
S002,gap_regime_hazard,1093,793,1092,300,rolling300,3 8 15 16 17 25,10 17 22 30 35 43,1
S003,momentum_state_transition,1093,793,1092,300,rolling300,3 10 19 20 22 32,10 17 22 30 35 43,2
S004,conditional_probability,1093,793,1092,300,rolling300,1 2 5 7 21 44,10 17 22 30 35 43,0
S005,structure_transition,1093,793,1092,300,rolling300,5 6 17 27 30 38,10 17 22 30 35 43,2
S006,pair_residual_node,1093,793,1092,300,rolling300,14 15 18 21 36 45,10 17 22 30 35 43,0
S007,triple_residual_node,1093,793,1092,300,rolling300,14 15 18 21 36 45,10 17 22 30 35 43,0
S008,family_balanced_hybrid,1093,793,1092,300,rolling300,3 15 16 21 22 36,10 17 22 30 35 43,1
S001,multi_window_frequency,1094,794,1093,300,rolling300,18 21 22 30 35 45,6 7 15 22 26 40,1
S002,gap_regime_hazard,1094,794,1093,300,rolling300,3 8 13 14 15 16,6 7 15 22 26 40,1
S003,momentum_state_transition,1094,794,1093,300,rolling300,3 10 19 20 28 32,6 7 15 22 26 40,0
S004,conditional_probability,1094,794,1093,300,rolling300,6 8 10 21 30 44,6 7 15 22 26 40,1
S005,structure_transition,1094,794,1093,300,rolling300,6 8 23 25 34 45,6 7 15 22 26 40,1
S006,pair_residual_node,1094,794,1093,300,rolling300,14 15 18 21 22 45,6 7 15 22 26 40,2
S007,triple_residual_node,1094,794,1093,300,rolling300,14 15 18 21 22 45,6 7 15 22 26 40,2
S008,family_balanced_hybrid,1094,794,1093,300,rolling300,13 14 16 21 36 44,6 7 15 22 26 40,0
S001,multi_window_frequency,1095,795,1094,300,rolling300,6 18 22 30 35 45,8 14 28 29 34 40,0
S002,gap_regime_hazard,1095,795,1094,300,rolling300,8 11 13 14 16 25,8 14 28 29 34 40,2
S003,momentum_state_transition,1095,795,1094,300,rolling300,1 3 10 19 20 27,8 14 28 29 34 40,0
S004,conditional_probability,1095,795,1094,300,rolling300,7 10 21 22 30 44,8 14 28 29 34 40,0
S005,structure_transition,1095,795,1094,300,rolling300,1 4 20 25 26 45,8 14 28 29 34 40,0
S006,pair_residual_node,1095,795,1094,300,rolling300,14 15 18 21 22 45,8 14 28 29 34 40,1
S007,triple_residual_node,1095,795,1094,300,rolling300,14 15 18 21 22 45,8 14 28 29 34 40,1
S008,family_balanced_hybrid,1095,795,1094,300,rolling300,13 14 16 21 36 44,8 14 28 29 34 40,1
S001,multi_window_frequency,1096,796,1095,300,rolling300,6 18 22 30 35 45,1 12 16 19 23 43,0
S002,gap_regime_hazard,1096,796,1095,300,rolling300,4 11 13 16 25 27,1 12 16 19 23 43,1
S003,momentum_state_transition,1096,796,1095,300,rolling300,1 3 10 19 20 27,1 12 16 19 23 43,2
S004,conditional_probability,1096,796,1095,300,rolling300,1 18 21 22 30 40,1 12 16 19 23 43,1
S005,structure_transition,1096,796,1095,300,rolling300,6 9 15 29 30 42,1 12 16 19 23 43,0
S006,pair_residual_node,1096,796,1095,300,rolling300,14 15 18 21 22 45,1 12 16 19 23 43,0
S007,triple_residual_node,1096,796,1095,300,rolling300,14 15 18 21 22 45,1 12 16 19 23 43,0
S008,family_balanced_hybrid,1096,796,1095,300,rolling300,13 16 18 21 22 36,1 12 16 19 23 43,1
S001,multi_window_frequency,1097,797,1096,300,rolling300,6 14 18 22 30 45,14 33 34 35 37 40,1
S002,gap_regime_hazard,1097,797,1096,300,rolling300,4 11 13 21 25 27,14 33 34 35 37 40,0
S003,momentum_state_transition,1097,797,1096,300,rolling300,1 3 10 20 27 28,14 33 34 35 37 40,0
S004,conditional_probability,1097,797,1096,300,rolling300,18 19 21 22 30 40,14 33 34 35 37 40,1
S005,structure_transition,1097,797,1096,300,rolling300,6 13 25 27 36 38,14 33 34 35 37 40,0
S006,pair_residual_node,1097,797,1096,300,rolling300,14 15 18 21 22 45,14 33 34 35 37 40,1
S007,triple_residual_node,1097,797,1096,300,rolling300,14 15 18 21 22 45,14 33 34 35 37 40,1
S008,family_balanced_hybrid,1097,797,1096,300,rolling300,13 14 18 21 22 33,14 33 34 35 37 40,2
S001,multi_window_frequency,1098,798,1097,300,rolling300,14 18 22 30 35 45,12 16 21 24 41 43,0
S002,gap_regime_hazard,1098,798,1097,300,rolling300,4 11 13 20 21 24,12 16 21 24 41 43,2
S003,momentum_state_transition,1098,798,1097,300,rolling300,1 3 10 20 28 32,12 16 21 24 41 43,0
S004,conditional_probability,1098,798,1097,300,rolling300,1 4 19 22 30 43,12 16 21 24 41 43,1
S005,structure_transition,1098,798,1097,300,rolling300,1 7 20 31 36 38,12 16 21 24 41 43,0
S006,pair_residual_node,1098,798,1097,300,rolling300,13 14 18 21 22 45,12 16 21 24 41 43,1
S007,triple_residual_node,1098,798,1097,300,rolling300,13 14 18 21 22 45,12 16 21 24 41 43,1
S008,family_balanced_hybrid,1098,798,1097,300,rolling300,11 13 15 18 21 22,12 16 21 24 41 43,1
S001,multi_window_frequency,1099,799,1098,300,rolling300,12 14 18 22 35 45,3 20 28 38 40 43,0
S002,gap_regime_hazard,1099,799,1098,300,rolling300,4 11 18 20 31 39,3 20 28 38 40 43,1
S003,momentum_state_transition,1099,799,1098,300,rolling300,1 3 6 10 11 20,3 20 28 38 40 43,2
S004,conditional_probability,1099,799,1098,300,rolling300,1 4 8 10 12 19,3 20 28 38 40 43,0
S005,structure_transition,1099,799,1098,300,rolling300,1 5 14 30 37 40,3 20 28 38 40 43,1
S006,pair_residual_node,1099,799,1098,300,rolling300,13 14 18 21 22 45,3 20 28 38 40 43,0
S007,triple_residual_node,1099,799,1098,300,rolling300,13 14 18 21 22 45,3 20 28 38 40 43,0
S008,family_balanced_hybrid,1099,799,1098,300,rolling300,11 12 13 14 15 18,3 20 28 38 40 43,0
S001,multi_window_frequency,1100,800,1099,300,rolling300,12 18 35 40 43 45,17 26 29 30 31 43,1
S002,gap_regime_hazard,1100,800,1099,300,rolling300,4 10 17 18 30 31,17 26 29 30 31 43,3
S003,momentum_state_transition,1100,800,1099,300,rolling300,1 3 4 6 10 11,17 26 29 30 31 43,0
S004,conditional_probability,1100,800,1099,300,rolling300,1 3 12 19 28 40,17 26 29 30 31 43,0
S005,structure_transition,1100,800,1099,300,rolling300,9 12 17 24 39 44,17 26 29 30 31 43,1
S006,pair_residual_node,1100,800,1099,300,rolling300,13 14 18 21 22 45,17 26 29 30 31 43,0
S007,triple_residual_node,1100,800,1099,300,rolling300,13 14 18 21 22 45,17 26 29 30 31 43,0
S008,family_balanced_hybrid,1100,800,1099,300,rolling300,11 12 15 17 18 45,17 26 29 30 31 43,1
S001,multi_window_frequency,1101,801,1100,300,rolling300,12 14 18 30 35 43,6 7 13 28 36 42,0
S002,gap_regime_hazard,1101,801,1100,300,rolling300,6 7 10 15 18 22,6 7 13 28 36 42,2
S003,momentum_state_transition,1101,801,1100,300,rolling300,1 3 4 6 10 11,6 7 13 28 36 42,1
S004,conditional_probability,1101,801,1100,300,rolling300,1 3 26 28 30 43,6 7 13 28 36 42,1
S005,structure_transition,1101,801,1100,300,rolling300,1 6 18 25 43 45,6 7 13 28 36 42,1
S006,pair_residual_node,1101,801,1100,300,rolling300,13 14 18 21 22 45,6 7 13 28 36 42,1
S007,triple_residual_node,1101,801,1100,300,rolling300,13 14 18 21 22 45,6 7 13 28 36 42,1
S008,family_balanced_hybrid,1101,801,1100,300,rolling300,14 15 18 21 43 45,6 7 13 28 36 42,0
S001,multi_window_frequency,1102,802,1101,300,rolling300,6 12 18 35 43 45,13 14 22 26 37 38,0
S002,gap_regime_hazard,1102,802,1101,300,rolling300,8 10 15 18 22 45,13 14 22 26 37 38,1
S003,momentum_state_transition,1102,802,1101,300,rolling300,1 3 4 9 10 11,13 14 22 26 37 38,0
S004,conditional_probability,1102,802,1101,300,rolling300,1 3 7 26 28 43,13 14 22 26 37 38,1
S005,structure_transition,1102,802,1101,300,rolling300,3 16 19 26 40 41,13 14 22 26 37 38,1
S006,pair_residual_node,1102,802,1101,300,rolling300,13 14 18 21 22 45,13 14 22 26 37 38,3
S007,triple_residual_node,1102,802,1101,300,rolling300,13 14 18 21 22 45,13 14 22 26 37 38,3
S008,family_balanced_hybrid,1102,802,1101,300,rolling300,14 15 18 21 43 45,13 14 22 26 37 38,1
S001,multi_window_frequency,1103,803,1102,300,rolling300,14 22 26 35 38 43,10 12 29 31 40 44,0
S002,gap_regime_hazard,1103,803,1102,300,rolling300,1 8 10 15 18 19,10 12 29 31 40 44,1
S003,momentum_state_transition,1103,803,1102,300,rolling300,1 3 4 9 10 11,10 12 29 31 40 44,1
S004,conditional_probability,1103,803,1102,300,rolling300,1 14 22 26 28 43,10 12 29 31 40 44,0
S005,structure_transition,1103,803,1102,300,rolling300,1 13 18 30 32 43,10 12 29 31 40 44,0
S006,pair_residual_node,1103,803,1102,300,rolling300,13 14 18 21 22 45,10 12 29 31 40 44,0
S007,triple_residual_node,1103,803,1102,300,rolling300,13 14 18 21 22 45,10 12 29 31 40 44,0
S008,family_balanced_hybrid,1103,803,1102,300,rolling300,14 15 18 23 43 45,10 12 29 31 40 44,0
S001,multi_window_frequency,1104,804,1103,300,rolling300,12 14 22 38 40 43,1 7 21 30 35 38,1
S002,gap_regime_hazard,1104,804,1103,300,rolling300,1 8 15 19 23 33,1 7 21 30 35 38,1
S003,momentum_state_transition,1104,804,1103,300,rolling300,1 3 4 9 10 11,1 7 21 30 35 38,1
S004,conditional_probability,1104,804,1103,300,rolling300,12 14 26 28 29 40,1 7 21 30 35 38,0
S005,structure_transition,1104,804,1103,300,rolling300,1 13 18 30 32 43,1 7 21 30 35 38,2
S006,pair_residual_node,1104,804,1103,300,rolling300,13 14 18 21 22 45,1 7 21 30 35 38,1
S007,triple_residual_node,1104,804,1103,300,rolling300,13 14 18 21 22 45,1 7 21 30 35 38,1
S008,family_balanced_hybrid,1104,804,1103,300,rolling300,12 14 15 18 23 45,1 7 21 30 35 38,0
S001,multi_window_frequency,1105,805,1104,300,rolling300,12 14 35 38 40 43,6 16 34 37 39 40,1
S002,gap_regime_hazard,1105,805,1104,300,rolling300,8 15 16 19 23 24,6 16 34 37 39 40,1
S003,momentum_state_transition,1105,805,1104,300,rolling300,1 3 4 8 10 11,6 16 34 37 39 40,0
S004,conditional_probability,1105,805,1104,300,rolling300,3 12 14 28 29 38,6 16 34 37 39 40,0
S005,structure_transition,1105,805,1104,300,rolling300,5 20 24 31 33 34,6 16 34 37 39 40,1
S006,pair_residual_node,1105,805,1104,300,rolling300,14 15 18 21 22 45,6 16 34 37 39 40,0
S007,triple_residual_node,1105,805,1104,300,rolling300,13 14 18 21 22 45,6 16 34 37 39 40,0
S008,family_balanced_hybrid,1105,805,1104,300,rolling300,3 12 14 23 33 45,6 16 34 37 39 40,0
S001,multi_window_frequency,1106,806,1105,300,rolling300,12 14 16 35 38 40,1 3 4 29 42 45,0
S002,gap_regime_hazard,1106,806,1105,300,rolling300,3 8 19 20 23 24,1 3 4 29 42 45,1
S003,momentum_state_transition,1106,806,1105,300,rolling300,1 3 4 8 10 11,1 3 4 29 42 45,3
S004,conditional_probability,1106,806,1105,300,rolling300,3 10 12 16 37 38,1 3 4 29 42 45,1
S005,structure_transition,1106,806,1105,300,rolling300,2 5 18 31 32 43,1 3 4 29 42 45,0
S006,pair_residual_node,1106,806,1105,300,rolling300,13 14 18 21 22 45,1 3 4 29 42 45,1
S007,triple_residual_node,1106,806,1105,300,rolling300,13 14 18 21 22 45,1 3 4 29 42 45,1
S008,family_balanced_hybrid,1106,806,1105,300,rolling300,3 12 14 22 23 33,1 3 4 29 42 45,1
S001,multi_window_frequency,1107,807,1106,300,rolling300,12 14 29 35 38 40,6 14 30 31 40 41,2
S002,gap_regime_hazard,1107,807,1106,300,rolling300,17 19 20 23 24 33,6 14 30 31 40 41,0
S003,momentum_state_transition,1107,807,1106,300,rolling300,3 4 8 10 11 23,6 14 30 31 40 41,0
S004,conditional_probability,1107,807,1106,300,rolling300,4 10 29 37 38 43,6 14 30 31 40 41,0
S005,structure_transition,1107,807,1106,300,rolling300,6 7 13 26 31 38,6 14 30 31 40 41,2
S006,pair_residual_node,1107,807,1106,300,rolling300,13 18 21 22 33 45,6 14 30 31 40 41,0
S007,triple_residual_node,1107,807,1106,300,rolling300,13 18 21 22 33 45,6 14 30 31 40 41,0
S008,family_balanced_hybrid,1107,807,1106,300,rolling300,12 13 21 22 33 43,6 14 30 31 40 41,0
S001,multi_window_frequency,1108,808,1107,300,rolling300,6 12 14 30 38 40,7 19 26 37 39 44,0
S002,gap_regime_hazard,1108,808,1107,300,rolling300,17 20 24 28 33 36,7 19 26 37 39 44,0
S003,momentum_state_transition,1108,808,1107,300,rolling300,3 4 8 11 13 18,7 19 26 37 39 44,0
S004,conditional_probability,1108,808,1107,300,rolling300,6 29 30 31 38 43,7 19 26 37 39 44,0
S005,structure_transition,1108,808,1107,300,rolling300,1 5 22 29 32 36,7 19 26 37 39 44,0
S006,pair_residual_node,1108,808,1107,300,rolling300,13 14 18 21 22 45,7 19 26 37 39 44,0
S007,triple_residual_node,1108,808,1107,300,rolling300,13 14 18 21 22 45,7 19 26 37 39 44,0
S008,family_balanced_hybrid,1108,808,1107,300,rolling300,12 13 18 22 36 43,7 19 26 37 39 44,0
S001,multi_window_frequency,1109,809,1108,300,rolling300,6 7 14 26 38 40,10 12 13 19 33 40,1
S002,gap_regime_hazard,1109,809,1108,300,rolling300,13 17 20 22 24 28,10 12 13 19 33 40,1
S003,momentum_state_transition,1109,809,1108,300,rolling300,3 4 8 11 13 18,10 12 13 19 33 40,1
S004,conditional_probability,1109,809,1108,300,rolling300,6 7 26 29 30 31,10 12 13 19 33 40,0
S005,structure_transition,1109,809,1108,300,rolling300,1 5 22 29 32 36,10 12 13 19 33 40,0
S006,pair_residual_node,1109,809,1108,300,rolling300,13 14 18 21 22 45,10 12 13 19 33 40,1
S007,triple_residual_node,1109,809,1108,300,rolling300,13 14 18 21 22 45,10 12 13 19 33 40,1
S008,family_balanced_hybrid,1109,809,1108,300,rolling300,12 13 18 22 29 36,10 12 13 19 33 40,2
S001,multi_window_frequency,1110,810,1109,300,rolling300,6 7 12 14 26 40,3 7 11 20 22 41,1
S002,gap_regime_hazard,1110,810,1109,300,rolling300,17 20 22 28 36 43,3 7 11 20 22 41,2
S003,momentum_state_transition,1110,810,1109,300,rolling300,3 4 8 11 18 23,3 7 11 20 22 41,2
S004,conditional_probability,1110,810,1109,300,rolling300,6 7 13 26 29 30,3 7 11 20 22 41,1
S005,structure_transition,1110,810,1109,300,rolling300,3 14 18 23 25 40,3 7 11 20 22 41,1
S006,pair_residual_node,1110,810,1109,300,rolling300,13 14 18 21 22 45,3 7 11 20 22 41,1
S007,triple_residual_node,1110,810,1109,300,rolling300,13 14 18 21 22 45,3 7 11 20 22 41,1
S008,family_balanced_hybrid,1110,810,1109,300,rolling300,12 14 18 22 29 36,3 7 11 20 22 41,1
S001,multi_window_frequency,1111,811,1110,300,rolling300,6 7 12 14 22 40,3 13 30 33 43 45,0
S002,gap_regime_hazard,1111,811,1110,300,rolling300,17 21 28 35 36 38,3 13 30 33 43 45,0
S003,momentum_state_transition,1111,811,1110,300,rolling300,4 8 11 18 21 23,3 13 30 33 43 45,0
S004,conditional_probability,1111,811,1110,300,rolling300,4 6 11 13 16 37,3 13 30 33 43 45,1
S005,structure_transition,1111,811,1110,300,rolling300,1 13 18 30 32 43,3 13 30 33 43 45,3
S006,pair_residual_node,1111,811,1110,300,rolling300,13 14 16 18 22 45,3 13 30 33 43 45,2
S007,triple_residual_node,1111,811,1110,300,rolling300,13 14 16 18 22 45,3 13 30 33 43 45,2
S008,family_balanced_hybrid,1111,811,1110,300,rolling300,12 14 18 21 36 45,3 13 30 33 43 45,1
S001,multi_window_frequency,1112,812,1111,300,rolling300,7 12 22 30 40 45,16 20 26 36 42 44,0
S002,gap_regime_hazard,1112,812,1111,300,rolling300,16 21 28 34 35 36,16 20 26 36 42 44,2
S003,momentum_state_transition,1112,812,1111,300,rolling300,4 8 11 18 20 21,16 20 26 36 42 44,1
S004,conditional_probability,1112,812,1111,300,rolling300,3 4 7 13 30 37,16 20 26 36 42 44,0
S005,structure_transition,1112,812,1111,300,rolling300,5 15 20 22 27 45,16 20 26 36 42 44,1
S006,pair_residual_node,1112,812,1111,300,rolling300,14 16 18 22 33 45,16 20 26 36 42 44,1
S007,triple_residual_node,1112,812,1111,300,rolling300,14 16 18 22 33 45,16 20 26 36 42 44,1
S008,family_balanced_hybrid,1112,812,1111,300,rolling300,12 16 18 21 22 35,16 20 26 36 42 44,1
S001,multi_window_frequency,1113,813,1112,300,rolling300,7 12 22 30 40 45,11 13 20 21 32 44,0
S002,gap_regime_hazard,1113,813,1112,300,rolling300,1 4 21 29 34 35,11 13 20 21 32 44,1
S003,momentum_state_transition,1113,813,1112,300,rolling300,4 8 11 18 21 23,11 13 20 21 32 44,2
S004,conditional_probability,1113,813,1112,300,rolling300,1 3 6 7 30 44,11 13 20 21 32 44,1
S005,structure_transition,1113,813,1112,300,rolling300,5 6 13 38 41 43,11 13 20 21 32 44,1
S006,pair_residual_node,1113,813,1112,300,rolling300,13 14 16 18 22 45,11 13 20 21 32 44,1
S007,triple_residual_node,1113,813,1112,300,rolling300,13 14 16 18 22 45,11 13 20 21 32 44,1
S008,family_balanced_hybrid,1113,813,1112,300,rolling300,3 12 18 21 29 45,11 13 20 21 32 44,1
S001,multi_window_frequency,1114,814,1113,300,rolling300,7 13 30 40 44 45,10 16 19 32 33 38,0
S002,gap_regime_hazard,1114,814,1113,300,rolling300,1 4 6 14 29 31,10 16 19 32 33 38,0
S003,momentum_state_transition,1114,814,1113,300,rolling300,4 8 11 17 18 23,10 16 19 32 33 38,0
S004,conditional_probability,1114,814,1113,300,rolling300,3 7 13 20 30 40,10 16 19 32 33 38,0
S005,structure_transition,1114,814,1113,300,rolling300,9 18 21 24 37 38,10 16 19 32 33 38,1
S006,pair_residual_node,1114,814,1113,300,rolling300,13 14 16 18 22 45,10 16 19 32 33 38,1
S007,triple_residual_node,1114,814,1113,300,rolling300,13 14 16 18 22 45,10 16 19 32 33 38,1
S008,family_balanced_hybrid,1114,814,1113,300,rolling300,12 14 18 29 35 45,10 16 19 32 33 38,0
S001,multi_window_frequency,1115,815,1114,300,rolling300,13 16 30 33 40 45,7 12 23 32 34 36,0
S002,gap_regime_hazard,1115,815,1114,300,rolling300,1 4 6 14 29 31,7 12 23 32 34 36,0
S003,momentum_state_transition,1115,815,1114,300,rolling300,4 8 11 17 18 22,7 12 23 32 34 36,0
S004,conditional_probability,1115,815,1114,300,rolling300,3 13 16 19 20 33,7 12 23 32 34 36,0
S005,structure_transition,1115,815,1114,300,rolling300,2 17 27 30 31 38,7 12 23 32 34 36,0
S006,pair_residual_node,1115,815,1114,300,rolling300,14 16 18 22 29 45,7 12 23 32 34 36,0
S007,triple_residual_node,1115,815,1114,300,rolling300,14 16 18 22 29 45,7 12 23 32 34 36,0
S008,family_balanced_hybrid,1115,815,1114,300,rolling300,13 14 18 22 29 45,7 12 23 32 34 36,0
S001,multi_window_frequency,1116,816,1115,300,rolling300,7 12 13 30 33 45,15 16 17 25 30 31,1
S002,gap_regime_hazard,1116,816,1115,300,rolling300,1 4 6 14 29 31,15 16 17 25 30 31,1
S003,momentum_state_transition,1116,816,1115,300,rolling300,4 8 11 17 18 22,15 16 17 25 30 31,1
S004,conditional_probability,1116,816,1115,300,rolling300,3 7 13 19 20 32,15 16 17 25 30 31,0
S005,structure_transition,1116,816,1115,300,rolling300,11 14 21 30 35 38,15 16 17 25 30 31,1
S006,pair_residual_node,1116,816,1115,300,rolling300,14 16 18 22 29 45,15 16 17 25 30 31,1
S007,triple_residual_node,1116,816,1115,300,rolling300,14 16 18 22 29 45,15 16 17 25 30 31,1
S008,family_balanced_hybrid,1116,816,1115,300,rolling300,13 14 18 22 29 45,15 16 17 25 30 31,0
S001,multi_window_frequency,1117,817,1116,300,rolling300,7 12 13 16 30 33,3 4 9 30 33 36,2
S002,gap_regime_hazard,1117,817,1116,300,rolling300,1 4 6 14 22 29,3 4 9 30 33 36,1
S003,momentum_state_transition,1117,817,1116,300,rolling300,4 8 11 17 18 22,3 4 9 30 33 36,1
S004,conditional_probability,1117,817,1116,300,rolling300,7 13 16 19 20 30,3 4 9 30 33 36,1
S005,structure_transition,1117,817,1116,300,rolling300,7 12 14 16 27 45,3 4 9 30 33 36,0
S006,pair_residual_node,1117,817,1116,300,rolling300,12 14 16 18 22 45,3 4 9 30 33 36,0
S007,triple_residual_node,1117,817,1116,300,rolling300,14 16 18 22 29 45,3 4 9 30 33 36,0
S008,family_balanced_hybrid,1117,817,1116,300,rolling300,13 14 16 22 33 45,3 4 9 30 33 36,1
S001,multi_window_frequency,1118,818,1117,300,rolling300,3 7 12 16 30 33,11 13 14 15 16 45,1
S002,gap_regime_hazard,1118,818,1117,300,rolling300,6 14 22 37 39 40,11 13 14 15 16 45,1
S003,momentum_state_transition,1118,818,1117,300,rolling300,4 8 11 14 18 22,11 13 14 15 16 45,2
S004,conditional_probability,1118,818,1117,300,rolling300,3 7 13 16 19 20,11 13 14 15 16 45,2
S005,structure_transition,1118,818,1117,300,rolling300,1 2 24 30 39 41,11 13 14 15 16 45,0
S006,pair_residual_node,1118,818,1117,300,rolling300,14 16 18 22 29 45,11 13 14 15 16 45,3
S007,triple_residual_node,1118,818,1117,300,rolling300,14 16 18 22 29 45,11 13 14 15 16 45,3
S008,family_balanced_hybrid,1118,818,1117,300,rolling300,13 14 16 18 22 45,11 13 14 15 16 45,4
S001,multi_window_frequency,1119,819,1118,300,rolling300,12 13 16 30 33 45,1 9 12 13 20 45,3
S002,gap_regime_hazard,1119,819,1118,300,rolling300,22 26 37 39 40 41,1 9 12 13 20 45,0
S003,momentum_state_transition,1119,819,1118,300,rolling300,4 8 18 21 22 23,1 9 12 13 20 45,0
S004,conditional_probability,1119,819,1118,300,rolling300,3 11 20 30 32 36,1 9 12 13 20 45,1
S005,structure_transition,1119,819,1118,300,rolling300,2 5 18 31 32 43,1 9 12 13 20 45,0
S006,pair_residual_node,1119,819,1118,300,rolling300,12 14 16 18 22 45,1 9 12 13 20 45,2
S007,triple_residual_node,1119,819,1118,300,rolling300,12 14 16 18 22 45,1 9 12 13 20 45,2
S008,family_balanced_hybrid,1119,819,1118,300,rolling300,3 12 18 20 21 22,1 9 12 13 20 45,2
S001,multi_window_frequency,1120,820,1119,300,rolling300,12 13 16 30 33 45,2 19 26 31 38 41,0
S002,gap_regime_hazard,1120,820,1119,300,rolling300,21 22 26 40 41 42,2 19 26 31 38 41,2
S003,momentum_state_transition,1120,820,1119,300,rolling300,18 21 22 23 24 28,2 19 26 31 38 41,0
S004,conditional_probability,1120,820,1119,300,rolling300,3 11 30 32 33 36,2 19 26 31 38 41,0
S005,structure_transition,1120,820,1119,300,rolling300,4 9 18 31 34 35,2 19 26 31 38 41,1
S006,pair_residual_node,1120,820,1119,300,rolling300,12 14 16 18 22 45,2 19 26 31 38 41,0
S007,triple_residual_node,1120,820,1119,300,rolling300,12 14 16 18 22 45,2 19 26 31 38 41,0
S008,family_balanced_hybrid,1120,820,1119,300,rolling300,12 18 21 22 43 45,2 19 26 31 38 41,0
S001,multi_window_frequency,1121,821,1120,300,rolling300,12 13 16 30 33 45,6 24 31 32 38 44,0
S002,gap_regime_hazard,1121,821,1120,300,rolling300,10 21 22 42 43 44,6 24 31 32 38 44,1
S003,momentum_state_transition,1121,821,1120,300,rolling300,17 18 21 22 23 24,6 24 31 32 38 44,1
S004,conditional_probability,1121,821,1120,300,rolling300,20 30 32 33 36 45,6 24 31 32 38 44,1
S005,structure_transition,1121,821,1120,300,rolling300,1 5 22 29 32 36,6 24 31 32 38 44,1
S006,pair_residual_node,1121,821,1120,300,rolling300,12 14 16 18 22 45,6 24 31 32 38 44,0
S007,triple_residual_node,1121,821,1120,300,rolling300,12 14 16 18 22 45,6 24 31 32 38 44,0
S008,family_balanced_hybrid,1121,821,1120,300,rolling300,21 22 33 36 43 45,6 24 31 32 38 44,0
S001,multi_window_frequency,1122,822,1121,300,rolling300,13 16 30 32 38 45,3 6 21 30 34 35,1
S002,gap_regime_hazard,1122,822,1121,300,rolling300,7 10 21 23 34 42,3 6 21 30 34 35,2
S003,momentum_state_transition,1122,822,1121,300,rolling300,17 18 21 22 28 29,3 6 21 30 34 35,1
S004,conditional_probability,1122,822,1121,300,rolling300,13 20 31 36 38 44,3 6 21 30 34 35,0
S005,structure_transition,1122,822,1121,300,rolling300,5 15 22 24 27 40,3 6 21 30 34 35,0
S006,pair_residual_node,1122,822,1121,300,rolling300,14 16 18 22 33 45,3 6 21 30 34 35,0
S007,triple_residual_node,1122,822,1121,300,rolling300,14 16 18 22 33 45,3 6 21 30 34 35,0
S008,family_balanced_hybrid,1122,822,1121,300,rolling300,13 14 18 21 36 45,3 6 21 30 34 35,1
S001,multi_window_frequency,1123,823,1122,300,rolling300,6 13 16 30 32 38,13 19 21 24 34 35,1
S002,gap_regime_hazard,1123,823,1122,300,rolling300,7 10 17 23 25 42,13 19 21 24 34 35,0
S003,momentum_state_transition,1123,823,1122,300,rolling300,14 17 18 22 28 29,13 19 21 24 34 35,0
S004,conditional_probability,1123,823,1122,300,rolling300,1 13 16 30 31 38,13 19 21 24 34 35,1
S005,structure_transition,1123,823,1122,300,rolling300,7 15 24 31 34 38,13 19 21 24 34 35,2
S006,pair_residual_node,1123,823,1122,300,rolling300,13 14 16 18 22 45,13 19 21 24 34 35,1
S007,triple_residual_node,1123,823,1122,300,rolling300,13 14 16 18 22 45,13 19 21 24 34 35,1
S008,family_balanced_hybrid,1123,823,1122,300,rolling300,12 13 14 16 17 18,13 19 21 24 34 35,1
S001,multi_window_frequency,1124,824,1123,300,rolling300,6 12 13 16 30 38,3 8 17 30 33 34,1
S002,gap_regime_hazard,1124,824,1123,300,rolling300,4 7 10 17 23 25,3 8 17 30 33 34,1
S003,momentum_state_transition,1124,824,1123,300,rolling300,14 17 18 22 28 29,3 8 17 30 33 34,1
S004,conditional_probability,1124,824,1123,300,rolling300,13 16 19 30 31 32,3 8 17 30 33 34,1
S005,structure_transition,1124,824,1123,300,rolling300,3 13 18 24 39 42,3 8 17 30 33 34,1
S006,pair_residual_node,1124,824,1123,300,rolling300,13 14 16 18 22 45,3 8 17 30 33 34,0
S007,triple_residual_node,1124,824,1123,300,rolling300,13 14 16 18 22 45,3 8 17 30 33 34,0
S008,family_balanced_hybrid,1124,824,1123,300,rolling300,12 13 14 16 17 45,3 8 17 30 33 34,1
S001,multi_window_frequency,1125,825,1124,300,rolling300,3 13 16 30 33 34,6 14 25 33 40 44,1
S002,gap_regime_hazard,1125,825,1124,300,rolling300,4 7 10 11 14 15,6 14 25 33 40 44,1
S003,momentum_state_transition,1125,825,1124,300,rolling300,14 17 18 22 28 29,6 14 25 33 40 44,1
S004,conditional_probability,1125,825,1124,300,rolling300,1 2 3 4 13 31,6 14 25 33 40 44,0
S005,structure_transition,1125,825,1124,300,rolling300,4 12 13 29 33 40,6 14 25 33 40 44,2
S006,pair_residual_node,1125,825,1124,300,rolling300,13 14 16 18 22 45,6 14 25 33 40 44,1
S007,triple_residual_node,1125,825,1124,300,rolling300,13 14 16 18 22 45,6 14 25 33 40 44,1
S008,family_balanced_hybrid,1125,825,1124,300,rolling300,3 12 13 14 16 45,6 14 25 33 40 44,1
S001,multi_window_frequency,1126,826,1125,300,rolling300,3 6 13 16 30 33,4 5 9 11 37 40,0
S002,gap_regime_hazard,1126,826,1125,300,rolling300,1 4 7 9 11 12,4 5 9 11 37 40,3
S003,momentum_state_transition,1126,826,1125,300,rolling300,18 22 28 29 35 37,4 5 9 11 37 40,1
S004,conditional_probability,1126,826,1125,300,rolling300,3 6 13 31 33 34,4 5 9 11 37 40,0
S005,structure_transition,1126,826,1125,300,rolling300,6 19 21 24 38 41,4 5 9 11 37 40,0
S006,pair_residual_node,1126,826,1125,300,rolling300,13 14 16 18 22 45,4 5 9 11 37 40,0
S007,triple_residual_node,1126,826,1125,300,rolling300,13 14 16 18 22 45,4 5 9 11 37 40,0
S008,family_balanced_hybrid,1126,826,1125,300,rolling300,12 13 16 33 35 45,4 5 9 11 37 40,0
S001,multi_window_frequency,1127,827,1126,300,rolling300,3 6 13 30 33 40,10 15 24 30 31 37,1
S002,gap_regime_hazard,1127,827,1126,300,rolling300,1 2 12 15 16 20,10 15 24 30 31 37,1
S003,momentum_state_transition,1127,827,1126,300,rolling300,1 18 22 28 29 35,10 15 24 30 31 37,0
S004,conditional_probability,1127,827,1126,300,rolling300,3 6 9 13 30 33,10 15 24 30 31 37,1
S005,structure_transition,1127,827,1126,300,rolling300,3 16 19 26 40 41,10 15 24 30 31 37,0
S006,pair_residual_node,1127,827,1126,300,rolling300,13 14 16 18 22 45,10 15 24 30 31 37,0
S007,triple_residual_node,1127,827,1126,300,rolling300,13 14 16 18 22 45,10 15 24 30 31 37,0
S008,family_balanced_hybrid,1127,827,1126,300,rolling300,3 12 13 16 33 35,10 15 24 30 31 37,0
S001,multi_window_frequency,1128,828,1127,300,rolling300,3 6 13 30 33 38,1 5 8 16 28 33,1
S002,gap_regime_hazard,1128,828,1127,300,rolling300,1 2 12 16 20 26,1 5 8 16 28 33,2
S003,momentum_state_transition,1128,828,1127,300,rolling300,1 14 22 28 29 35,1 5 8 16 28 33,2
S004,conditional_probability,1128,828,1127,300,rolling300,6 13 24 30 31 34,1 5 8 16 28 33,0
S005,structure_transition,1128,828,1127,300,rolling300,9 10 12 23 25 42,1 5 8 16 28 33,0
S006,pair_residual_node,1128,828,1127,300,rolling300,13 14 16 18 22 45,1 5 8 16 28 33,1
S007,triple_residual_node,1128,828,1127,300,rolling300,13 14 16 18 22 45,1 5 8 16 28 33,1
S008,family_balanced_hybrid,1128,828,1127,300,rolling300,3 12 13 14 16 35,1 5 8 16 28 33,1
S001,multi_window_frequency,1129,829,1128,300,rolling300,3 6 13 30 33 38,5 10 11 17 28 34,0
S002,gap_regime_hazard,1129,829,1128,300,rolling300,2 12 20 26 32 38,5 10 11 17 28 34,0
S003,momentum_state_transition,1129,829,1128,300,rolling300,1 7 14 22 26 28,5 10 11 17 28 34,1
S004,conditional_probability,1129,829,1128,300,rolling300,6 24 30 31 33 34,5 10 11 17 28 34,1
S005,structure_transition,1129,829,1128,300,rolling300,4 17 20 25 39 44,5 10 11 17 28 34,1
S006,pair_residual_node,1129,829,1128,300,rolling300,13 14 16 18 33 45,5 10 11 17 28 34,0
S007,triple_residual_node,1129,829,1128,300,rolling300,13 14 16 18 33 45,5 10 11 17 28 34,0
S008,family_balanced_hybrid,1129,829,1128,300,rolling300,3 12 13 14 35 45,5 10 11 17 28 34,0
S001,multi_window_frequency,1130,830,1129,300,rolling300,3 6 30 31 33 34,15 19 21 25 27 28,0
S002,gap_regime_hazard,1130,830,1129,300,rolling300,2 12 13 19 20 21,15 19 21 25 27 28,2
S003,momentum_state_transition,1130,830,1129,300,rolling300,1 7 12 14 22 26,15 19 21 25 27 28,0
S004,conditional_probability,1130,830,1129,300,rolling300,5 6 24 30 31 33,15 19 21 25 27 28,0
S005,structure_transition,1130,830,1129,300,rolling300,6 7 10 23 38 43,15 19 21 25 27 28,0
S006,pair_residual_node,1130,830,1129,300,rolling300,13 14 16 18 33 45,15 19 21 25 27 28,0
S007,triple_residual_node,1130,830,1129,300,rolling300,13 14 16 18 33 45,15 19 21 25 27 28,0
S008,family_balanced_hybrid,1130,830,1129,300,rolling300,3 12 13 14 26 35,15 19 21 25 27 28,0
S001,multi_window_frequency,1131,831,1130,300,rolling300,3 6 21 30 33 34,1 2 6 14 27 38,1
S002,gap_regime_hazard,1131,831,1130,300,rolling300,2 3 13 26 32 35,1 2 6 14 27 38,1
S003,momentum_state_transition,1131,831,1130,300,rolling300,1 7 12 14 22 26,1 2 6 14 27 38,2
S004,conditional_probability,1131,831,1130,300,rolling300,5 6 21 24 28 30,1 2 6 14 27 38,1
S005,structure_transition,1131,831,1130,300,rolling300,7 17 25 26 31 34,1 2 6 14 27 38,0
S006,pair_residual_node,1131,831,1130,300,rolling300,13 14 16 18 28 45,1 2 6 14 27 38,1
S007,triple_residual_node,1131,831,1130,300,rolling300,13 14 16 18 28 45,1 2 6 14 27 38,1
S008,family_balanced_hybrid,1131,831,1130,300,rolling300,3 13 14 16 33 35,1 2 6 14 27 38,1
S001,multi_window_frequency,1132,832,1131,300,rolling300,3 6 14 30 33 34,6 7 19 28 34 41,2
S002,gap_regime_hazard,1132,832,1131,300,rolling300,3 4 13 32 35 44,6 7 19 28 34 41,0
S003,momentum_state_transition,1132,832,1131,300,rolling300,7 12 22 26 29 35,6 7 19 28 34 41,1
S004,conditional_probability,1132,832,1131,300,rolling300,5 6 21 28 30 33,6 7 19 28 34 41,2
S005,structure_transition,1132,832,1131,300,rolling300,4 17 20 25 39 44,6 7 19 28 34 41,0
S006,pair_residual_node,1132,832,1131,300,rolling300,13 14 16 18 33 45,6 7 19 28 34 41,0
S007,triple_residual_node,1132,832,1131,300,rolling300,13 14 16 18 33 45,6 7 19 28 34 41,0
S008,family_balanced_hybrid,1132,832,1131,300,rolling300,3 12 13 16 33 35,6 7 19 28 34 41,0
S001,multi_window_frequency,1133,833,1132,300,rolling300,6 19 28 30 33 34,13 14 20 28 29 34,2
S002,gap_regime_hazard,1133,833,1132,300,rolling300,3 4 9 13 35 40,13 14 20 28 29 34,1
S003,momentum_state_transition,1133,833,1132,300,rolling300,7 12 20 22 26 29,13 14 20 28 29 34,2
S004,conditional_probability,1133,833,1132,300,rolling300,2 3 5 6 19 33,13 14 20 28 29 34,0
S005,structure_transition,1133,833,1132,300,rolling300,12 13 23 25 36 38,13 14 20 28 29 34,1
S006,pair_residual_node,1133,833,1132,300,rolling300,13 16 18 28 33 45,13 14 20 28 29 34,2
S007,triple_residual_node,1133,833,1132,300,rolling300,13 16 18 28 33 45,13 14 20 28 29 34,2
S008,family_balanced_hybrid,1133,833,1132,300,rolling300,3 4 13 16 33 35,13 14 20 28 29 34,1
S001,multi_window_frequency,1134,834,1133,300,rolling300,6 14 28 30 33 34,3 7 9 13 19 24,0
S002,gap_regime_hazard,1134,834,1133,300,rolling300,3 4 9 24 30 31,3 7 9 13 19 24,3
S003,momentum_state_transition,1134,834,1133,300,rolling300,7 12 20 22 26 29,3 7 9 13 19 24,1
S004,conditional_probability,1134,834,1133,300,rolling300,2 5 6 14 28 33,3 7 9 13 19 24,0
S005,structure_transition,1134,834,1133,300,rolling300,7 12 14 16 27 45,3 7 9 13 19 24,1
S006,pair_residual_node,1134,834,1133,300,rolling300,13 14 16 28 33 45,3 7 9 13 19 24,1
S007,triple_residual_node,1134,834,1133,300,rolling300,13 14 16 28 33 45,3 7 9 13 19 24,1
S008,family_balanced_hybrid,1134,834,1133,300,rolling300,3 4 16 33 37 44,3 7 9 13 19 24,1
S001,multi_window_frequency,1135,835,1134,300,rolling300,6 13 19 28 33 34,1 6 13 19 21 33,4
S002,gap_regime_hazard,1135,835,1134,300,rolling300,4 8 16 30 31 33,1 6 13 19 21 33,1
S003,momentum_state_transition,1135,835,1134,300,rolling300,10 12 20 26 29 37,1 6 13 19 21 33,0
S004,conditional_probability,1135,835,1134,300,rolling300,5 6 14 19 28 34,1 6 13 19 21 33,2
S005,structure_transition,1135,835,1134,300,rolling300,1 3 20 25 34 41,1 6 13 19 21 33,1
S006,pair_residual_node,1135,835,1134,300,rolling300,13 14 16 17 28 45,1 6 13 19 21 33,1
S007,triple_residual_node,1135,835,1134,300,rolling300,13 14 16 17 28 45,1 6 13 19 21 33,1
S008,family_balanced_hybrid,1135,835,1134,300,rolling300,4 14 16 28 37 44,1 6 13 19 21 33,0
S001,multi_window_frequency,1136,836,1135,300,rolling300,6 13 19 28 33 34,21 33 35 38 42 44,1
S002,gap_regime_hazard,1136,836,1135,300,rolling300,4 5 8 10 11 16,21 33 35 38 42 44,0
S003,momentum_state_transition,1136,836,1135,300,rolling300,7 10 12 20 26 29,21 33 35 38 42 44,0
S004,conditional_probability,1136,836,1135,300,rolling300,1 5 6 13 28 34,21 33 35 38 42 44,0
S005,structure_transition,1136,836,1135,300,rolling300,1 17 20 25 37 42,21 33 35 38 42 44,1
S006,pair_residual_node,1136,836,1135,300,rolling300,13 14 16 17 33 45,21 33 35 38 42 44,1
S007,triple_residual_node,1136,836,1135,300,rolling300,13 14 16 17 18 45,21 33 35 38 42 44,0
S008,family_balanced_hybrid,1136,836,1135,300,rolling300,4 13 14 16 20 28,21 33 35 38 42 44,0
S001,multi_window_frequency,1137,837,1136,300,rolling300,6 13 19 21 28 33,4 9 12 15 33 45,1
S002,gap_regime_hazard,1137,837,1136,300,rolling300,4 5 8 10 11 15,4 9 12 15 33 45,2
S003,momentum_state_transition,1137,837,1136,300,rolling300,7 10 12 16 20 26,4 9 12 15 33 45,1
S004,conditional_probability,1137,837,1136,300,rolling300,1 6 13 21 28 33,4 9 12 15 33 45,1
S005,structure_transition,1137,837,1136,300,rolling300,1 7 20 28 30 33,4 9 12 15 33 45,1
S006,pair_residual_node,1137,837,1136,300,rolling300,13 14 16 17 18 45,4 9 12 15 33 45,1
S007,triple_residual_node,1137,837,1136,300,rolling300,13 14 16 17 18 45,4 9 12 15 33 45,1
S008,family_balanced_hybrid,1137,837,1136,300,rolling300,13 14 16 17 28 33,4 9 12 15 33 45,1
S001,multi_window_frequency,1138,838,1137,300,rolling300,6 13 19 21 28 33,14 16 19 20 29 34,1
S002,gap_regime_hazard,1138,838,1137,300,rolling300,2 5 8 10 11 16,14 16 19 20 29 34,1
S003,momentum_state_transition,1138,838,1137,300,rolling300,7 10 12 16 20 26,14 16 19 20 29 34,2
S004,conditional_probability,1138,838,1137,300,rolling300,1 6 13 21 28 34,14 16 19 20 29 34,1
S005,structure_transition,1138,838,1137,300,rolling300,6 10 19 24 27 37,14 16 19 20 29 34,1
S006,pair_residual_node,1138,838,1137,300,rolling300,12 13 16 17 18 45,14 16 19 20 29 34,1
S007,triple_residual_node,1138,838,1137,300,rolling300,13 14 16 17 18 45,14 16 19 20 29 34,2
S008,family_balanced_hybrid,1138,838,1137,300,rolling300,12 13 16 17 20 28,14 16 19 20 29 34,2
S001,multi_window_frequency,1139,839,1138,300,rolling300,6 13 19 21 33 34,5 12 15 30 37 40,0
S002,gap_regime_hazard,1139,839,1138,300,rolling300,2 5 8 10 11 17,5 12 15 30 37 40,1
S003,momentum_state_transition,1139,839,1138,300,rolling300,7 10 11 12 16 26,5 12 15 30 37 40,1
S004,conditional_probability,1139,839,1138,300,rolling300,6 13 14 19 21 33,5 12 15 30 37 40,0
S005,structure_transition,1139,839,1138,300,rolling300,2 3 11 24 39 44,5 12 15 30 37 40,0
S006,pair_residual_node,1139,839,1138,300,rolling300,12 13 16 17 18 45,5 12 15 30 37 40,1
S007,triple_residual_node,1139,839,1138,300,rolling300,13 14 16 17 18 45,5 12 15 30 37 40,0
S008,family_balanced_hybrid,1139,839,1138,300,rolling300,3 11 12 13 16 17,5 12 15 30 37 40,1
S001,multi_window_frequency,1140,840,1139,300,rolling300,6 13 19 21 33 34,7 10 22 29 31 38,0
S002,gap_regime_hazard,1140,840,1139,300,rolling300,2 10 11 17 25 27,7 10 22 29 31 38,1
S003,momentum_state_transition,1140,840,1139,300,rolling300,7 10 11 12 16 20,7 10 22 29 31 38,2
S004,conditional_probability,1140,840,1139,300,rolling300,6 13 14 15 21 28,7 10 22 29 31 38,0
S005,structure_transition,1140,840,1139,300,rolling300,2 7 11 16 23 36,7 10 22 29 31 38,1
S006,pair_residual_node,1140,840,1139,300,rolling300,12 13 16 17 18 45,7 10 22 29 31 38,0
S007,triple_residual_node,1140,840,1139,300,rolling300,12 13 16 17 18 45,7 10 22 29 31 38,0
S008,family_balanced_hybrid,1140,840,1139,300,rolling300,13 14 16 28 33 45,7 10 22 29 31 38,0
S001,multi_window_frequency,1141,841,1140,300,rolling300,6 13 19 33 34 38,7 11 12 21 26 35,0
S002,gap_regime_hazard,1141,841,1140,300,rolling300,2 3 24 25 27 28,7 11 12 21 26 35,0
S003,momentum_state_transition,1141,841,1140,300,rolling300,11 12 16 20 26 32,7 11 12 21 26 35,3
S004,conditional_probability,1141,841,1140,300,rolling300,6 7 13 14 29 33,7 11 12 21 26 35,1
S005,structure_transition,1141,841,1140,300,rolling300,11 14 21 30 35 38,7 11 12 21 26 35,3
S006,pair_residual_node,1141,841,1140,300,rolling300,12 13 16 17 18 45,7 11 12 21 26 35,1
S007,triple_residual_node,1141,841,1140,300,rolling300,12 13 16 17 18 45,7 11 12 21 26 35,1
S008,family_balanced_hybrid,1141,841,1140,300,rolling300,3 13 14 16 33 45,7 11 12 21 26 35,0
S001,multi_window_frequency,1142,842,1141,300,rolling300,7 13 19 21 33 34,2 8 28 30 37 41,0
S002,gap_regime_hazard,1142,842,1141,300,rolling300,1 2 3 6 13 24,2 8 28 30 37 41,1
S003,momentum_state_transition,1142,842,1141,300,rolling300,16 20 26 31 32 36,2 8 28 30 37 41,0
S004,conditional_probability,1142,842,1141,300,rolling300,12 13 21 29 33 34,2 8 28 30 37 41,0
S005,structure_transition,1142,842,1141,300,rolling300,1 13 16 28 29 38,2 8 28 30 37 41,1
S006,pair_residual_node,1142,842,1141,300,rolling300,12 13 16 17 18 45,2 8 28 30 37 41,0
S007,triple_residual_node,1142,842,1141,300,rolling300,12 13 16 17 18 45,2 8 28 30 37 41,0
S008,family_balanced_hybrid,1142,842,1141,300,rolling300,3 12 13 16 33 45,2 8 28 30 37 41,0
S001,multi_window_frequency,1143,843,1142,300,rolling300,7 13 19 21 30 33,10 16 17 27 28 36,0
S002,gap_regime_hazard,1143,843,1142,300,rolling300,1 3 6 13 24 42,10 16 17 27 28 36,0
S003,momentum_state_transition,1143,843,1142,300,rolling300,3 16 20 26 31 32,10 16 17 27 28 36,1
S004,conditional_probability,1143,843,1142,300,rolling300,7 12 13 19 21 29,10 16 17 27 28 36,0
S005,structure_transition,1143,843,1142,300,rolling300,1 6 22 25 30 45,10 16 17 27 28 36,0
S006,pair_residual_node,1143,843,1142,300,rolling300,12 16 17 18 37 45,10 16 17 27 28 36,2
S007,triple_residual_node,1143,843,1142,300,rolling300,12 16 17 18 37 45,10 16 17 27 28 36,2
S008,family_balanced_hybrid,1143,843,1142,300,rolling300,3 12 13 16 29 45,10 16 17 27 28 36,1
S001,multi_window_frequency,1144,844,1143,300,rolling300,7 19 21 30 33 38,3 4 12 15 26 34,0
S002,gap_regime_hazard,1144,844,1143,300,rolling300,1 3 4 6 9 13,3 4 12 15 26 34,2
S003,momentum_state_transition,1144,844,1143,300,rolling300,3 20 26 31 32 35,3 4 12 15 26 34,2
S004,conditional_probability,1144,844,1143,300,rolling300,1 7 12 19 21 33,3 4 12 15 26 34,1
S005,structure_transition,1144,844,1143,300,rolling300,3 14 18 23 25 40,3 4 12 15 26 34,1
S006,pair_residual_node,1144,844,1143,300,rolling300,12 13 16 17 18 45,3 4 12 15 26 34,1
S007,triple_residual_node,1144,844,1143,300,rolling300,12 13 16 17 18 45,3 4 12 15 26 34,1
S008,family_balanced_hybrid,1144,844,1143,300,rolling300,3 12 13 14 33 45,3 4 12 15 26 34,2
S001,multi_window_frequency,1145,845,1144,300,rolling300,12 19 21 30 33 34,2 11 31 33 37 44,1
S002,gap_regime_hazard,1145,845,1144,300,rolling300,1 6 9 13 14 19,2 11 31 33 37 44,0
S003,momentum_state_transition,1145,845,1144,300,rolling300,3 20 26 31 32 36,2 11 31 33 37 44,1
S004,conditional_probability,1145,845,1144,300,rolling300,1 2 3 15 21 33,2 11 31 33 37 44,2
S005,structure_transition,1145,845,1144,300,rolling300,6 7 10 23 38 43,2 11 31 33 37 44,0
S006,pair_residual_node,1145,845,1144,300,rolling300,12 13 16 17 18 45,2 11 31 33 37 44,0
S007,triple_residual_node,1145,845,1144,300,rolling300,12 16 17 18 37 45,2 11 31 33 37 44,1
S008,family_balanced_hybrid,1145,845,1144,300,rolling300,13 14 20 33 44 45,2 11 31 33 37 44,2
S001,multi_window_frequency,1146,846,1145,300,rolling300,12 21 30 33 34 38,6 11 17 19 40 43,0
S002,gap_regime_hazard,1146,846,1145,300,rolling300,1 5 6 9 13 14,6 11 17 19 40 43,1
S003,momentum_state_transition,1146,846,1145,300,rolling300,3 20 26 32 36 40,6 11 17 19 40 43,1
S004,conditional_probability,1146,846,1145,300,rolling300,3 5 8 15 33 37,6 11 17 19 40 43,0
S005,structure_transition,1146,846,1145,300,rolling300,6 19 21 24 38 41,6 11 17 19 40 43,2
S006,pair_residual_node,1146,846,1145,300,rolling300,12 16 17 18 37 45,6 11 17 19 40 43,1
S007,triple_residual_node,1146,846,1145,300,rolling300,12 16 17 18 37 45,6 11 17 19 40 43,1
S008,family_balanced_hybrid,1146,846,1145,300,rolling300,3 14 16 20 28 45,6 11 17 19 40 43,0
S001,multi_window_frequency,1147,847,1146,300,rolling300,6 12 19 30 33 34,7 11 24 26 27 37,0
S002,gap_regime_hazard,1147,847,1146,300,rolling300,5 9 14 20 22 29,7 11 24 26 27 37,0
S003,momentum_state_transition,1147,847,1146,300,rolling300,3 9 20 26 32 36,7 11 24 26 27 37,1
S004,conditional_probability,1147,847,1146,300,rolling300,3 5 6 11 15 37,7 11 24 26 27 37,2
S005,structure_transition,1147,847,1146,300,rolling300,1 3 16 33 38 44,7 11 24 26 27 37,0
S006,pair_residual_node,1147,847,1146,300,rolling300,12 16 17 28 37 45,7 11 24 26 27 37,1
S007,triple_residual_node,1147,847,1146,300,rolling300,12 16 17 28 37 45,7 11 24 26 27 37,1
S008,family_balanced_hybrid,1147,847,1146,300,rolling300,3 14 16 20 38 45,7 11 24 26 27 37,0
S001,multi_window_frequency,1148,848,1147,300,rolling300,6 7 11 19 34 37,3 6 13 15 16 22,1
S002,gap_regime_hazard,1148,848,1147,300,rolling300,5 9 14 20 21 22,3 6 13 15 16 22,1
S003,momentum_state_transition,1148,848,1147,300,rolling300,3 9 20 24 30 31,3 6 13 15 16 22,1
S004,conditional_probability,1148,848,1147,300,rolling300,3 4 5 7 12 26,3 6 13 15 16 22,1
S005,structure_transition,1148,848,1147,300,rolling300,1 10 16 21 43 44,3 6 13 15 16 22,1
S006,pair_residual_node,1148,848,1147,300,rolling300,12 16 17 28 37 45,3 6 13 15 16 22,1
S007,triple_residual_node,1148,848,1147,300,rolling300,12 16 17 28 37 45,3 6 13 15 16 22,1
S008,family_balanced_hybrid,1148,848,1147,300,rolling300,3 12 16 20 33 45,3 6 13 15 16 22,2
S001,multi_window_frequency,1149,849,1148,300,rolling300,6 7 19 30 33 37,8 15 19 21 32 36,1
S002,gap_regime_hazard,1149,849,1148,300,rolling300,5 8 14 20 21 29,8 15 19 21 32 36,2
S003,momentum_state_transition,1149,849,1148,300,rolling300,9 20 24 30 31 32,8 15 19 21 32 36,1
S004,conditional_probability,1149,849,1148,300,rolling300,4 5 7 12 15 26,8 15 19 21 32 36,1
S005,structure_transition,1149,849,1148,300,rolling300,1 4 20 25 26 45,8 15 19 21 32 36,0
S006,pair_residual_node,1149,849,1148,300,rolling300,12 16 17 28 37 45,8 15 19 21 32 36,0
S007,triple_residual_node,1149,849,1148,300,rolling300,12 16 17 28 37 45,8 15 19 21 32 36,0
S008,family_balanced_hybrid,1149,849,1148,300,rolling300,12 13 28 30 33 34,8 15 19 21 32 36,0
S001,multi_window_frequency,1150,850,1149,300,rolling300,6 7 11 19 21 33,8 9 18 35 39 45,0
S002,gap_regime_hazard,1150,850,1149,300,rolling300,5 10 28 29 30 35,8 9 18 35 39 45,1
S003,momentum_state_transition,1150,850,1149,300,rolling300,5 9 10 17 20 24,8 9 18 35 39 45,1
S004,conditional_probability,1150,850,1149,300,rolling300,4 7 13 15 26 37,8 9 18 35 39 45,0
S005,structure_transition,1150,850,1149,300,rolling300,1 5 14 30 37 40,8 9 18 35 39 45,0
S006,pair_residual_node,1150,850,1149,300,rolling300,12 16 17 28 37 45,8 9 18 35 39 45,1
S007,triple_residual_node,1150,850,1149,300,rolling300,12 16 17 28 37 45,8 9 18 35 39 45,1
S008,family_balanced_hybrid,1150,850,1149,300,rolling300,12 17 30 33 34 37,8 9 18 35 39 45,0
S001,multi_window_frequency,1151,851,1150,300,rolling300,6 7 11 19 21 33,2 3 9 15 27 29,0
S002,gap_regime_hazard,1151,851,1150,300,rolling300,4 10 12 28 29 30,2 3 9 15 27 29,1
S003,momentum_state_transition,1151,851,1150,300,rolling300,5 10 17 20 24 25,2 3 9 15 27 29,0
S004,conditional_probability,1151,851,1150,300,rolling300,4 8 9 15 26 37,2 3 9 15 27 29,2
S005,structure_transition,1151,851,1150,300,rolling300,4 14 19 26 29 33,2 3 9 15 27 29,1
S006,pair_residual_node,1151,851,1150,300,rolling300,12 16 17 18 28 45,2 3 9 15 27 29,0
S007,triple_residual_node,1151,851,1150,300,rolling300,12 16 18 28 37 45,2 3 9 15 27 29,0
S008,family_balanced_hybrid,1151,851,1150,300,rolling300,13 17 28 31 33 34,2 3 9 15 27 29,0
S001,multi_window_frequency,1152,852,1151,300,rolling300,3 6 15 19 33 37,30 31 32 35 36 37,1
S002,gap_regime_hazard,1152,852,1151,300,rolling300,4 10 12 28 30 31,30 31 32 35 36 37,2
S003,momentum_state_transition,1152,852,1151,300,rolling300,1 5 10 14 17 20,30 31 32 35 36 37,0
S004,conditional_probability,1152,852,1151,300,rolling300,2 3 8 11 27 37,30 31 32 35 36 37,1
S005,structure_transition,1152,852,1151,300,rolling300,1 16 17 30 35 37,30 31 32 35 36 37,3
S006,pair_residual_node,1152,852,1151,300,rolling300,12 16 17 18 28 45,30 31 32 35 36 37,0
S007,triple_residual_node,1152,852,1151,300,rolling300,12 16 17 18 28 45,30 31 32 35 36 37,0
S008,family_balanced_hybrid,1152,852,1151,300,rolling300,12 13 28 31 33 37,30 31 32 35 36 37,2
S001,multi_window_frequency,1153,853,1152,300,rolling300,3 6 15 19 33 37,1 9 10 13 35 44,0
S002,gap_regime_hazard,1153,853,1152,300,rolling300,4 10 12 17 28 33,1 9 10 13 35 44,1
S003,momentum_state_transition,1153,853,1152,300,rolling300,1 5 10 14 17 24,1 9 10 13 35 44,2
S004,conditional_probability,1153,853,1152,300,rolling300,3 4 11 27 36 37,1 9 10 13 35 44,0
S005,structure_transition,1153,853,1152,300,rolling300,3 4 26 29 38 43,1 9 10 13 35 44,0
S006,pair_residual_node,1153,853,1152,300,rolling300,12 16 17 18 28 45,1 9 10 13 35 44,0
S007,triple_residual_node,1153,853,1152,300,rolling300,12 16 17 18 28 45,1 9 10 13 35 44,0
S008,family_balanced_hybrid,1153,853,1152,300,rolling300,3 11 12 13 17 28,1 9 10 13 35 44,1
S001,multi_window_frequency,1154,854,1153,300,rolling300,3 6 15 19 35 37,4 8 22 26 32 38,0
S002,gap_regime_hazard,1154,854,1153,300,rolling300,4 7 11 12 17 24,4 8 22 26 32 38,1
S003,momentum_state_transition,1154,854,1153,300,rolling300,1 5 14 17 24 25,4 8 22 26 32 38,0
S004,conditional_probability,1154,854,1153,300,rolling300,1 3 9 11 35 37,4 8 22 26 32 38,0
S005,structure_transition,1154,854,1153,300,rolling300,3 4 17 34 36 41,4 8 22 26 32 38,1
S006,pair_residual_node,1154,854,1153,300,rolling300,12 16 17 18 28 45,4 8 22 26 32 38,0
S007,triple_residual_node,1154,854,1153,300,rolling300,12 16 17 18 28 45,4 8 22 26 32 38,0
S008,family_balanced_hybrid,1154,854,1153,300,rolling300,3 11 12 16 17 34,4 8 22 26 32 38,0
S001,multi_window_frequency,1155,855,1154,300,rolling300,6 13 15 19 35 37,10 16 19 27 37 38,2
S002,gap_regime_hazard,1155,855,1154,300,rolling300,6 7 11 12 16 17,10 16 19 27 37 38,1
S003,momentum_state_transition,1155,855,1154,300,rolling300,1 5 14 17 24 25,10 16 19 27 37 38,0
S004,conditional_probability,1155,855,1154,300,rolling300,8 9 11 15 32 35,10 16 19 27 37 38,0
S005,structure_transition,1155,855,1154,300,rolling300,1 13 18 25 30 40,10 16 19 27 37 38,0
S006,pair_residual_node,1155,855,1154,300,rolling300,12 16 17 18 28 45,10 16 19 27 37 38,1
S007,triple_residual_node,1155,855,1154,300,rolling300,12 16 17 18 28 45,10 16 19 27 37 38,1
S008,family_balanced_hybrid,1155,855,1154,300,rolling300,3 11 15 16 17 37,10 16 19 27 37 38,2
S001,multi_window_frequency,1156,856,1155,300,rolling300,6 13 19 35 37 38,30 31 34 39 41 45,0
S002,gap_regime_hazard,1156,856,1155,300,rolling300,6 7 11 17 21 24,30 31 34 39 41 45,0
S003,momentum_state_transition,1156,856,1155,300,rolling300,1 5 6 13 14 17,30 31 34 39 41 45,0
S004,conditional_probability,1156,856,1155,300,rolling300,8 9 15 19 27 32,30 31 34 39 41 45,0
S005,structure_transition,1156,856,1155,300,rolling300,2 3 12 31 34 45,30 31 34 39 41 45,3
S006,pair_residual_node,1156,856,1155,300,rolling300,12 16 17 18 28 45,30 31 34 39 41 45,1
S007,triple_residual_node,1156,856,1155,300,rolling300,12 16 17 18 28 45,30 31 34 39 41 45,1
S008,family_balanced_hybrid,1156,856,1155,300,rolling300,3 11 13 15 17 21,30 31 34 39 41 45,0
S001,multi_window_frequency,1157,857,1156,300,rolling300,6 19 30 35 37 38,5 7 12 20 25 26,0
S002,gap_regime_hazard,1157,857,1156,300,rolling300,6 7 11 17 18 21,5 7 12 20 25 26,1
S003,momentum_state_transition,1157,857,1156,300,rolling300,1 5 6 13 14 21,5 7 12 20 25 26,1
S004,conditional_probability,1157,857,1156,300,rolling300,1 2 4 6 7 11,5 7 12 20 25 26,1
S005,structure_transition,1157,857,1156,300,rolling300,1 9 14 16 33 44,5 7 12 20 25 26,0
S006,pair_residual_node,1157,857,1156,300,rolling300,12 16 17 18 28 45,5 7 12 20 25 26,1
S007,triple_residual_node,1157,857,1156,300,rolling300,12 16 17 18 28 45,5 7 12 20 25 26,1
S008,family_balanced_hybrid,1157,857,1156,300,rolling300,3 6 11 13 18 21,5 7 12 20 25 26,0
S001,multi_window_frequency,1158,858,1157,300,rolling300,6 19 30 35 37 38,21 25 27 32 37 38,2
S002,gap_regime_hazard,1158,858,1157,300,rolling300,2 3 6 11 15 18,21 25 27 32 37 38,0
S003,momentum_state_transition,1158,858,1157,300,rolling300,1 5 6 13 14 21,21 25 27 32 37 38,1
S004,conditional_probability,1158,858,1157,300,rolling300,1 2 4 5 6 7,21 25 27 32 37 38,0
S005,structure_transition,1158,858,1157,300,rolling300,1 8 18 29 33 36,21 25 27 32 37 38,0
S006,pair_residual_node,1158,858,1157,300,rolling300,12 16 17 18 28 45,21 25 27 32 37 38,0
S007,triple_residual_node,1158,858,1157,300,rolling300,12 16 17 18 28 45,21 25 27 32 37 38,0
S008,family_balanced_hybrid,1158,858,1157,300,rolling300,3 6 13 18 21 35,21 25 27 32 37 38,1
S001,multi_window_frequency,1159,859,1158,300,rolling300,7 19 21 35 37 38,3 9 27 28 38 39,1
S002,gap_regime_hazard,1159,859,1158,300,rolling300,2 3 6 15 18 29,3 9 27 28 38 39,1
S003,momentum_state_transition,1159,859,1158,300,rolling300,1 5 6 13 14 20,3 9 27 28 38 39,0
S004,conditional_probability,1159,859,1158,300,rolling300,1 2 3 4 5 7,3 9 27 28 38 39,1
S005,structure_transition,1159,859,1158,300,rolling300,5 11 22 28 33 34,3 9 27 28 38 39,1
S006,pair_residual_node,1159,859,1158,300,rolling300,12 16 17 18 28 45,3 9 27 28 38 39,1
S007,triple_residual_node,1159,859,1158,300,rolling300,12 16 17 18 28 45,3 9 27 28 38 39,1
S008,family_balanced_hybrid,1159,859,1158,300,rolling300,3 12 13 16 34 35,3 9 27 28 38 39,1
S001,multi_window_frequency,1160,860,1159,300,rolling300,3 19 27 35 37 38,7 13 18 36 39 45,0
S002,gap_regime_hazard,1160,860,1159,300,rolling300,1 2 13 15 18 29,7 13 18 36 39 45,2
S003,momentum_state_transition,1160,860,1159,300,rolling300,1 5 6 13 14 24,7 13 18 36 39 45,1
S004,conditional_probability,1160,860,1159,300,rolling300,1 2 4 5 7 12,7 13 18 36 39 45,1
S005,structure_transition,1160,860,1159,300,rolling300,3 11 16 26 37 40,7 13 18 36 39 45,0
S006,pair_residual_node,1160,860,1159,300,rolling300,12 16 17 18 28 45,7 13 18 36 39 45,2
S007,triple_residual_node,1160,860,1159,300,rolling300,12 16 17 18 28 45,7 13 18 36 39 45,2
S008,family_balanced_hybrid,1160,860,1159,300,rolling300,1 12 13 15 16 34,7 13 18 36 39 45,1
S001,multi_window_frequency,1161,861,1160,300,rolling300,3 7 13 19 37 38,2 12 20 24 34 42,0
S002,gap_regime_hazard,1161,861,1160,300,rolling300,1 2 4 8 15 22,2 12 20 24 34 42,1
S003,momentum_state_transition,1161,861,1160,300,rolling300,1 5 6 14 24 29,2 12 20 24 34 42,1
S004,conditional_probability,1161,861,1160,300,rolling300,1 2 4 5 8 12,2 12 20 24 34 42,2
S005,structure_transition,1161,861,1160,300,rolling300,13 16 22 31 37 42,2 12 20 24 34 42,1
S006,pair_residual_node,1161,861,1160,300,rolling300,12 16 17 28 37 45,2 12 20 24 34 42,1
S007,triple_residual_node,1161,861,1160,300,rolling300,12 16 17 28 37 45,2 12 20 24 34 42,1
S008,family_balanced_hybrid,1161,861,1160,300,rolling300,12 15 16 29 34 37,2 12 20 24 34 42,2
S001,multi_window_frequency,1162,862,1161,300,rolling300,7 13 19 34 37 38,20 21 22 25 28 29,0
S002,gap_regime_hazard,1162,862,1161,300,rolling300,1 4 8 10 15 16,20 21 22 25 28 29,0
S003,momentum_state_transition,1162,862,1161,300,rolling300,1 5 6 14 21 24,20 21 22 25 28 29,1
S004,conditional_probability,1162,862,1161,300,rolling300,1 2 3 4 5 8,20 21 22 25 28 29,0
S005,structure_transition,1162,862,1161,300,rolling300,7 9 20 26 30 37,20 21 22 25 28 29,1
S006,pair_residual_node,1162,862,1161,300,rolling300,12 16 17 28 37 45,20 21 22 25 28 29,1
S007,triple_residual_node,1162,862,1161,300,rolling300,12 16 17 28 37 45,20 21 22 25 28 29,1
S008,family_balanced_hybrid,1162,862,1161,300,rolling300,3 12 16 21 28 37,20 21 22 25 28 29,2
S001,multi_window_frequency,1163,863,1162,300,rolling300,7 12 13 21 37 38,2 13 15 16 33 43,1
S002,gap_regime_hazard,1163,863,1162,300,rolling300,1 4 8 10 16 19,2 13 15 16 33 43,1
S003,momentum_state_transition,1163,863,1162,300,rolling300,1 5 6 14 24 29,2 13 15 16 33 43,0
S004,conditional_probability,1163,863,1162,300,rolling300,1 2 3 4 5 8,2 13 15 16 33 43,1
S005,structure_transition,1163,863,1162,300,rolling300,2 3 11 24 39 44,2 13 15 16 33 43,1
S006,pair_residual_node,1163,863,1162,300,rolling300,12 16 17 28 37 45,2 13 15 16 33 43,1
S007,triple_residual_node,1163,863,1162,300,rolling300,12 16 17 28 37 45,2 13 15 16 33 43,1
S008,family_balanced_hybrid,1163,863,1162,300,rolling300,3 12 13 16 30 37,2 13 15 16 33 43,2
S001,multi_window_frequency,1164,864,1163,300,rolling300,7 13 16 21 37 38,17 18 23 25 38 39,1
S002,gap_regime_hazard,1164,864,1163,300,rolling300,1 4 5 8 10 19,17 18 23 25 38 39,0
S003,momentum_state_transition,1164,864,1163,300,rolling300,1 5 6 10 14 17,17 18 23 25 38 39,1
S004,conditional_probability,1164,864,1163,300,rolling300,3 4 5 8 9 10,17 18 23 25 38 39,0
S005,structure_transition,1164,864,1163,300,rolling300,6 17 21 24 30 37,17 18 23 25 38 39,1
S006,pair_residual_node,1164,864,1163,300,rolling300,12 16 17 28 37 45,17 18 23 25 38 39,1
S007,triple_residual_node,1164,864,1163,300,rolling300,12 16 17 28 37 45,17 18 23 25 38 39,1
S008,family_balanced_hybrid,1164,864,1163,300,rolling300,3 12 16 30 31 37,17 18 23 25 38 39,0
S001,multi_window_frequency,1165,865,1164,300,rolling300,7 13 16 21 37 38,6 7 27 29 38 45,2
S002,gap_regime_hazard,1165,865,1164,300,rolling300,4 5 8 10 19 26,6 7 27 29 38 45,0
S003,momentum_state_transition,1165,865,1164,300,rolling300,1 4 5 6 10 12,6 7 27 29 38 45,1
S004,conditional_probability,1165,865,1164,300,rolling300,3 5 9 10 15 17,6 7 27 29 38 45,0
S005,structure_transition,1165,865,1164,300,rolling300,1 5 14 30 37 40,6 7 27 29 38 45,0
S006,pair_residual_node,1165,865,1164,300,rolling300,12 16 17 28 37 45,6 7 27 29 38 45,1
S007,triple_residual_node,1165,865,1164,300,rolling300,12 16 17 28 37 45,6 7 27 29 38 45,1
S008,family_balanced_hybrid,1165,865,1164,300,rolling300,3 12 28 29 30 31,6 7 27 29 38 45,1
S001,multi_window_frequency,1166,866,1165,300,rolling300,7 12 13 21 37 38,14 23 25 27 29 42,0
S002,gap_regime_hazard,1166,866,1165,300,rolling300,3 5 9 10 19 26,14 23 25 27 29 42,0
S003,momentum_state_transition,1166,866,1165,300,rolling300,1 4 5 10 11 12,14 23 25 27 29 42,0
S004,conditional_probability,1166,866,1165,300,rolling300,3 5 6 9 15 16,14 23 25 27 29 42,0
S005,structure_transition,1166,866,1165,300,rolling300,1 13 18 25 30 40,14 23 25 27 29 42,1
S006,pair_residual_node,1166,866,1165,300,rolling300,12 16 17 28 37 45,14 23 25 27 29 42,0
S007,triple_residual_node,1166,866,1165,300,rolling300,12 16 17 28 37 45,14 23 25 27 29 42,0
S008,family_balanced_hybrid,1166,866,1165,300,rolling300,12 16 28 30 31 37,14 23 25 27 29 42,0
S001,multi_window_frequency,1167,867,1166,300,rolling300,7 12 13 27 37 38,8 23 31 35 39 40,0
S002,gap_regime_hazard,1167,867,1166,300,rolling300,3 5 9 26 30 31,8 23 31 35 39 40,1
S003,momentum_state_transition,1167,867,1166,300,rolling300,1 5 6 10 11 12,8 23 31 35 39 40,0
S004,conditional_probability,1167,867,1166,300,rolling300,3 5 6 9 14 15,8 23 31 35 39 40,0
S005,structure_transition,1167,867,1166,300,rolling300,1 5 14 30 37 40,8 23 31 35 39 40,1
S006,pair_residual_node,1167,867,1166,300,rolling300,12 16 17 28 37 45,8 23 31 35 39 40,0
S007,triple_residual_node,1167,867,1166,300,rolling300,12 16 17 28 37 45,8 23 31 35 39 40,0
S008,family_balanced_hybrid,1167,867,1166,300,rolling300,3 12 16 28 30 37,8 23 31 35 39 40,0
S001,multi_window_frequency,1168,868,1167,300,rolling300,7 13 21 27 37 38,9 21 24 30 33 37,2
S002,gap_regime_hazard,1168,868,1167,300,rolling300,3 5 9 12 24 26,9 21 24 30 33 37,2
S003,momentum_state_transition,1168,868,1167,300,rolling300,1 5 6 10 11 12,9 21 24 30 33 37,0
S004,conditional_probability,1168,868,1167,300,rolling300,3 6 8 9 23 29,9 21 24 30 33 37,1
S005,structure_transition,1168,868,1167,300,rolling300,1 13 16 28 29 38,9 21 24 30 33 37,0
S006,pair_residual_node,1168,868,1167,300,rolling300,12 16 17 18 28 45,9 21 24 30 33 37,0
S007,triple_residual_node,1168,868,1167,300,rolling300,12 16 17 28 37 45,9 21 24 30 33 37,1
S008,family_balanced_hybrid,1168,868,1167,300,rolling300,12 16 17 28 34 37,9 21 24 30 33 37,1
S001,multi_window_frequency,1169,869,1168,300,rolling300,7 21 27 30 37 38,5 12 24 26 39 42,0
S002,gap_regime_hazard,1169,869,1168,300,rolling300,3 12 20 22 28 32,5 12 24 26 39 42,1
S003,momentum_state_transition,1169,869,1168,300,rolling300,3 6 10 11 12 14,5 12 24 26 39 42,1
S004,conditional_probability,1169,869,1168,300,rolling300,3 23 25 27 29 38,5 12 24 26 39 42,0
S005,structure_transition,1169,869,1168,300,rolling300,1 4 11 32 36 39,5 12 24 26 39 42,1
S006,pair_residual_node,1169,869,1168,300,rolling300,12 16 18 28 31 45,5 12 24 26 39 42,1
S007,triple_residual_node,1169,869,1168,300,rolling300,12 16 18 28 31 45,5 12 24 26 39 42,1
S008,family_balanced_hybrid,1169,869,1168,300,rolling300,3 12 16 28 29 34,5 12 24 26 39 42,1
S001,multi_window_frequency,1170,870,1169,300,rolling300,7 13 21 37 38 39,3 13 28 34 38 42,2
S002,gap_regime_hazard,1170,870,1169,300,rolling300,2 3 13 15 16 20,3 13 28 34 38 42,2
S003,momentum_state_transition,1170,870,1169,300,rolling300,3 6 11 14 15 16,3 13 28 34 38 42,1
S004,conditional_probability,1170,870,1169,300,rolling300,5 23 24 25 29 42,3 13 28 34 38 42,1
S005,structure_transition,1170,870,1169,300,rolling300,6 8 22 27 37 45,3 13 28 34 38 42,0
S006,pair_residual_node,1170,870,1169,300,rolling300,12 16 18 28 31 45,3 13 28 34 38 42,1
S007,triple_residual_node,1170,870,1169,300,rolling300,12 16 18 28 31 45,3 13 28 34 38 42,1
S008,family_balanced_hybrid,1170,870,1169,300,rolling300,13 14 15 16 28 29,3 13 28 34 38 42,2
S001,multi_window_frequency,1171,871,1170,300,rolling300,12 13 21 27 37 38,3 6 7 11 12 17,1
S002,gap_regime_hazard,1171,871,1170,300,rolling300,2 15 16 17 18 20,3 6 7 11 12 17,1
S003,momentum_state_transition,1171,871,1170,300,rolling300,6 8 11 14 15 16,3 6 7 11 12 17,2
S004,conditional_probability,1171,871,1170,300,rolling300,23 24 25 29 38 39,3 6 7 11 12 17,0
S005,structure_transition,1171,871,1170,300,rolling300,4 18 20 23 35 45,3 6 7 11 12 17,0
S006,pair_residual_node,1171,871,1170,300,rolling300,12 16 28 31 37 45,3 6 7 11 12 17,1
S007,triple_residual_node,1171,871,1170,300,rolling300,12 16 28 31 37 45,3 6 7 11 12 17,1
S008,family_balanced_hybrid,1171,871,1170,300,rolling300,12 14 15 16 29 37,3 6 7 11 12 17,1
S001,multi_window_frequency,1172,872,1171,300,rolling300,3 7 12 13 37 38,7 9 24 40 42 44,1
S002,gap_regime_hazard,1172,872,1171,300,rolling300,2 15 16 18 20 22,7 9 24 40 42 44,0
S003,momentum_state_transition,1172,872,1171,300,rolling300,2 6 8 11 15 16,7 9 24 40 42 44,0
S004,conditional_probability,1172,872,1171,300,rolling300,23 25 29 38 39 42,7 9 24 40 42 44,1
S005,structure_transition,1172,872,1171,300,rolling300,1 13 18 30 32 43,7 9 24 40 42 44,0
S006,pair_residual_node,1172,872,1171,300,rolling300,12 16 28 31 37 45,7 9 24 40 42 44,0
S007,triple_residual_node,1172,872,1171,300,rolling300,12 16 28 31 37 45,7 9 24 40 42 44,0
S008,family_balanced_hybrid,1172,872,1171,300,rolling300,2 15 16 18 29 37,7 9 24 40 42 44,0
S001,multi_window_frequency,1173,873,1172,300,rolling300,3 6 7 12 13 38,1 5 18 20 30 35,0
S002,gap_regime_hazard,1173,873,1172,300,rolling300,2 14 15 16 18 20,1 5 18 20 30 35,2
S003,momentum_state_transition,1173,873,1172,300,rolling300,2 6 8 11 15 16,1 5 18 20 30 35,0
S004,conditional_probability,1173,873,1172,300,rolling300,2 7 23 24 38 39,1 5 18 20 30 35,0
S005,structure_transition,1173,873,1172,300,rolling300,4 13 22 33 36 41,1 5 18 20 30 35,0
S006,pair_residual_node,1173,873,1172,300,rolling300,12 16 28 31 37 45,1 5 18 20 30 35,0
S007,triple_residual_node,1173,873,1172,300,rolling300,12 16 28 31 37 45,1 5 18 20 30 35,0
S008,family_balanced_hybrid,1173,873,1172,300,rolling300,2 15 16 30 31 37,1 5 18 20 30 35,1
S001,multi_window_frequency,1174,874,1173,300,rolling300,3 6 7 12 13 38,8 11 14 17 36 39,0
S002,gap_regime_hazard,1174,874,1173,300,rolling300,2 8 14 15 16 23,8 11 14 17 36 39,2
S003,momentum_state_transition,1174,874,1173,300,rolling300,2 6 8 10 11 15,8 11 14 17 36 39,2
S004,conditional_probability,1174,874,1173,300,rolling300,1 7 23 24 38 39,8 11 14 17 36 39,1
S005,structure_transition,1174,874,1173,300,rolling300,13 16 22 31 37 42,8 11 14 17 36 39,0
S006,pair_residual_node,1174,874,1173,300,rolling300,12 16 28 31 37 45,8 11 14 17 36 39,0
S007,triple_residual_node,1174,874,1173,300,rolling300,12 16 28 31 37 45,8 11 14 17 36 39,0
S008,family_balanced_hybrid,1174,874,1173,300,rolling300,12 13 16 21 31 37,8 11 14 17 36 39,0
S001,multi_window_frequency,1175,875,1174,300,rolling300,3 7 13 35 38 39,3 4 6 8 32 42,1
S002,gap_regime_hazard,1175,875,1174,300,rolling300,21 23 25 27 29 31,3 4 6 8 32 42,0
S003,momentum_state_transition,1175,875,1174,300,rolling300,2 4 6 8 10 11,3 4 6 8 32 42,3
S004,conditional_probability,1175,875,1174,300,rolling300,1 7 13 18 24 39,3 4 6 8 32 42,0
S005,structure_transition,1175,875,1174,300,rolling300,1 6 20 26 33 35,3 4 6 8 32 42,1
S006,pair_residual_node,1175,875,1174,300,rolling300,12 16 28 31 37 45,3 4 6 8 32 42,0
S007,triple_residual_node,1175,875,1174,300,rolling300,12 16 28 31 37 45,3 4 6 8 32 42,0
S008,family_balanced_hybrid,1175,875,1174,300,rolling300,12 13 21 31 33 37,3 4 6 8 32 42,0
S001,multi_window_frequency,1176,876,1175,300,rolling300,3 6 7 13 38 42,7 9 11 21 30 35,1
S002,gap_regime_hazard,1176,876,1175,300,rolling300,21 23 25 26 27 29,7 9 11 21 30 35,1
S003,momentum_state_transition,1176,876,1175,300,rolling300,2 4 10 11 15 16,7 9 11 21 30 35,1
S004,conditional_probability,1176,876,1175,300,rolling300,1 3 4 8 24 39,7 9 11 21 30 35,0
S005,structure_transition,1176,876,1175,300,rolling300,1 13 16 28 29 38,7 9 11 21 30 35,0
S006,pair_residual_node,1176,876,1175,300,rolling300,12 16 28 31 37 45,7 9 11 21 30 35,0
S007,triple_residual_node,1176,876,1175,300,rolling300,12 16 28 31 37 45,7 9 11 21 30 35,0
S008,family_balanced_hybrid,1176,876,1175,300,rolling300,3 12 21 26 31 37,7 9 11 21 30 35,1
S001,multi_window_frequency,1177,877,1176,300,rolling300,3 7 21 30 35 38,3 7 15 16 19 43,2
S002,gap_regime_hazard,1177,877,1176,300,rolling300,13 23 25 26 27 28,3 7 15 16 19 43,0
S003,momentum_state_transition,1177,877,1176,300,rolling300,2 4 10 15 16 19,3 7 15 16 19 43,3
S004,conditional_probability,1177,877,1176,300,rolling300,3 7 8 9 11 24,3 7 15 16 19 43,2
S005,structure_transition,1177,877,1176,300,rolling300,1 17 20 25 37 42,3 7 15 16 19 43,0
S006,pair_residual_node,1177,877,1176,300,rolling300,12 14 16 28 31 45,3 7 15 16 19 43,1
S007,triple_residual_node,1177,877,1176,300,rolling300,12 14 16 28 31 45,3 7 15 16 19 43,1
S008,family_balanced_hybrid,1177,877,1176,300,rolling300,3 12 13 31 34 37,3 7 15 16 19 43,1
S001,multi_window_frequency,1178,878,1177,300,rolling300,3 7 21 30 35 38,5 6 11 27 43 44,0
S002,gap_regime_hazard,1178,878,1177,300,rolling300,12 13 23 26 28 31,5 6 11 27 43 44,0
S003,momentum_state_transition,1178,878,1177,300,rolling300,2 10 15 16 19 22,5 6 11 27 43 44,0
S004,conditional_probability,1178,878,1177,300,rolling300,1 4 9 11 24 30,5 6 11 27 43 44,1
S005,structure_transition,1178,878,1177,300,rolling300,4 13 22 33 36 41,5 6 11 27 43 44,0
S006,pair_residual_node,1178,878,1177,300,rolling300,12 14 16 28 31 45,5 6 11 27 43 44,0
S007,triple_residual_node,1178,878,1177,300,rolling300,12 14 16 28 31 45,5 6 11 27 43 44,0
S008,family_balanced_hybrid,1178,878,1177,300,rolling300,12 14 16 30 34 37,5 6 11 27 43 44,0
S001,multi_window_frequency,1179,879,1178,300,rolling300,3 6 7 35 38 42,3 16 18 24 40 44,1
S002,gap_regime_hazard,1179,879,1178,300,rolling300,12 13 24 26 28 33,3 16 18 24 40 44,1
S003,momentum_state_transition,1179,879,1178,300,rolling300,2 10 15 16 19 22,3 16 18 24 40 44,1
S004,conditional_probability,1179,879,1178,300,rolling300,1 4 5 6 13 14,3 16 18 24 40 44,0
S005,structure_transition,1179,879,1178,300,rolling300,9 15 17 20 24 40,3 16 18 24 40 44,2
S006,pair_residual_node,1179,879,1178,300,rolling300,12 14 28 31 37 45,3 16 18 24 40 44,0
S007,triple_residual_node,1179,879,1178,300,rolling300,12 14 16 28 31 45,3 16 18 24 40 44,1
S008,family_balanced_hybrid,1179,879,1178,300,rolling300,12 13 14 16 37 38,3 16 18 24 40 44,1
S001,multi_window_frequency,1180,880,1179,300,rolling300,3 6 7 30 35 38,6 12 18 37 40 41,1
S002,gap_regime_hazard,1180,880,1179,300,rolling300,1 12 13 20 26 28,6 12 18 37 40 41,1
S003,momentum_state_transition,1180,880,1179,300,rolling300,2 10 15 19 22 26,6 12 18 37 40 41,0
S004,conditional_probability,1180,880,1179,300,rolling300,1 4 6 12 42 44,6 12 18 37 40 41,2
S005,structure_transition,1180,880,1179,300,rolling300,5 6 17 27 30 38,6 12 18 37 40 41,1
S006,pair_residual_node,1180,880,1179,300,rolling300,12 16 28 31 37 45,6 12 18 37 40 41,2
S007,triple_residual_node,1180,880,1179,300,rolling300,12 16 28 31 37 45,6 12 18 37 40 41,2
S008,family_balanced_hybrid,1180,880,1179,300,rolling300,12 14 15 28 34 38,6 12 18 37 40 41,1
S001,multi_window_frequency,1181,881,1180,300,rolling300,3 6 7 12 30 38,8 10 14 20 33 41,0
S002,gap_regime_hazard,1181,881,1180,300,rolling300,1 13 14 17 20 28,8 10 14 20 33 41,2
S003,momentum_state_transition,1181,881,1180,300,rolling300,2 10 13 15 19 26,8 10 14 20 33 41,1
S004,conditional_probability,1181,881,1180,300,rolling300,1 4 14 18 40 44,8 10 14 20 33 41,1
S005,structure_transition,1181,881,1180,300,rolling300,1 13 18 30 32 43,8 10 14 20 33 41,0
S006,pair_residual_node,1181,881,1180,300,rolling300,12 16 28 31 37 45,8 10 14 20 33 41,0
S007,triple_residual_node,1181,881,1180,300,rolling300,12 16 28 31 37 45,8 10 14 20 33 41,0
S008,family_balanced_hybrid,1181,881,1180,300,rolling300,12 13 14 15 28 30,8 10 14 20 33 41,1
S001,multi_window_frequency,1182,882,1181,300,rolling300,3 6 7 30 35 38,1 13 21 25 28 31,0
S002,gap_regime_hazard,1182,882,1181,300,rolling300,1 4 17 32 36 39,1 13 21 25 28 31,1
S003,momentum_state_transition,1182,882,1181,300,rolling300,2 10 13 15 19 26,1 13 21 25 28 31,1
S004,conditional_probability,1182,882,1181,300,rolling300,3 6 7 8 11 18,1 13 21 25 28 31,0
S005,structure_transition,1182,882,1181,300,rolling300,5 6 17 27 30 38,1 13 21 25 28 31,0
S006,pair_residual_node,1182,882,1181,300,rolling300,12 14 16 28 37 45,1 13 21 25 28 31,1
S007,triple_residual_node,1182,882,1181,300,rolling300,12 14 16 28 37 45,1 13 21 25 28 31,1
S008,family_balanced_hybrid,1182,882,1181,300,rolling300,3 11 12 15 16 37,1 13 21 25 28 31,0
S001,multi_window_frequency,1183,883,1182,300,rolling300,3 6 7 13 21 38,4 15 17 23 27 36,0
S002,gap_regime_hazard,1183,883,1182,300,rolling300,4 9 17 30 32 35,4 15 17 23 27 36,2
S003,momentum_state_transition,1183,883,1182,300,rolling300,2 10 15 19 20 22,4 15 17 23 27 36,1
S004,conditional_probability,1183,883,1182,300,rolling300,3 4 6 8 11 18,4 15 17 23 27 36,1
S005,structure_transition,1183,883,1182,300,rolling300,2 9 14 27 35 39,4 15 17 23 27 36,1
S006,pair_residual_node,1183,883,1182,300,rolling300,12 14 28 31 37 45,4 15 17 23 27 36,0
S007,triple_residual_node,1183,883,1182,300,rolling300,12 14 28 31 37 45,4 15 17 23 27 36,0
S008,family_balanced_hybrid,1183,883,1182,300,rolling300,3 11 12 15 16 37,4 15 17 23 27 36,1
S001,multi_window_frequency,1184,884,1183,300,rolling300,3 6 7 13 21 38,14 16 23 25 31 37,0
S002,gap_regime_hazard,1184,884,1183,300,rolling300,7 9 19 30 32 35,14 16 23 25 31 37,0
S003,momentum_state_transition,1184,884,1183,300,rolling300,2 13 15 16 19 20,14 16 23 25 31 37,1
S004,conditional_probability,1184,884,1183,300,rolling300,1 3 5 6 8 11,14 16 23 25 31 37,0
S005,structure_transition,1184,884,1183,300,rolling300,1 13 18 25 30 40,14 16 23 25 31 37,1
S006,pair_residual_node,1184,884,1183,300,rolling300,12 14 20 28 31 45,14 16 23 25 31 37,2
S007,triple_residual_node,1184,884,1183,300,rolling300,12 14 20 28 31 45,14 16 23 25 31 37,2
S008,family_balanced_hybrid,1184,884,1183,300,rolling300,3 12 13 16 20 37,14 16 23 25 31 37,2
S001,multi_window_frequency,1185,885,1184,300,rolling300,3 6 7 16 21 37,6 17 22 28 29 32,1
S002,gap_regime_hazard,1185,885,1184,300,rolling300,5 7 9 11 19 30,6 17 22 28 29 32,0
S003,momentum_state_transition,1185,885,1184,300,rolling300,2 13 15 19 20 22,6 17 22 28 29 32,1
S004,conditional_probability,1185,885,1184,300,rolling300,1 5 9 10 12 13,6 17 22 28 29 32,0
S005,structure_transition,1185,885,1184,300,rolling300,1 6 20 26 33 35,6 17 22 28 29 32,1
S006,pair_residual_node,1185,885,1184,300,rolling300,12 14 20 28 31 45,6 17 22 28 29 32,1
S007,triple_residual_node,1185,885,1184,300,rolling300,12 14 16 28 31 45,6 17 22 28 29 32,1
S008,family_balanced_hybrid,1185,885,1184,300,rolling300,3 12 13 20 28 30,6 17 22 28 29 32,1
S001,multi_window_frequency,1186,886,1185,300,rolling300,3 6 7 16 21 37,2 8 13 16 23 28,1
S002,gap_regime_hazard,1186,886,1185,300,rolling300,3 5 7 9 11 19,2 8 13 16 23 28,0
S003,momentum_state_transition,1186,886,1185,300,rolling300,2 13 15 19 20 22,2 8 13 16 23 28,2
S004,conditional_probability,1186,886,1185,300,rolling300,1 4 5 8 9 10,2 8 13 16 23 28,1
S005,structure_transition,1186,886,1185,300,rolling300,1 13 18 25 30 40,2 8 13 16 23 28,1
S006,pair_residual_node,1186,886,1185,300,rolling300,12 14 16 28 31 45,2 8 13 16 23 28,2
S007,triple_residual_node,1186,886,1185,300,rolling300,12 14 16 28 31 45,2 8 13 16 23 28,2
S008,family_balanced_hybrid,1186,886,1185,300,rolling300,3 12 13 16 20 30,2 8 13 16 23 28,2
S001,multi_window_frequency,1187,887,1186,300,rolling300,3 6 7 13 16 28,5 13 26 29 37 40,1
S002,gap_regime_hazard,1187,887,1186,300,rolling300,3 5 7 9 11 12,5 13 26 29 37 40,1
S003,momentum_state_transition,1187,887,1186,300,rolling300,2 15 20 22 25 26,5 13 26 29 37 40,1
S004,conditional_probability,1187,887,1186,300,rolling300,1 2 4 5 7 10,5 13 26 29 37 40,1
S005,structure_transition,1187,887,1186,300,rolling300,1 5 14 30 37 40,5 13 26 29 37 40,3
S006,pair_residual_node,1187,887,1186,300,rolling300,12 14 16 28 31 45,5 13 26 29 37 40,0
S007,triple_residual_node,1187,887,1186,300,rolling300,12 14 16 28 31 45,5 13 26 29 37 40,0
S008,family_balanced_hybrid,1187,887,1186,300,rolling300,3 12 20 21 29 33,5 13 26 29 37 40,1
S001,multi_window_frequency,1188,888,1187,300,rolling300,3 6 13 16 28 37,3 4 12 19 22 27,1
S002,gap_regime_hazard,1188,888,1187,300,rolling300,3 7 10 11 12 18,3 4 12 19 22 27,2
S003,momentum_state_transition,1188,888,1187,300,rolling300,2 15 20 22 25 27,3 4 12 19 22 27,2
S004,conditional_probability,1188,888,1187,300,rolling300,1 2 3 4 10 11,3 4 12 19 22 27,2
S005,structure_transition,1188,888,1187,300,rolling300,7 12 14 16 27 45,3 4 12 19 22 27,2
S006,pair_residual_node,1188,888,1187,300,rolling300,12 13 16 28 29 31,3 4 12 19 22 27,1
S007,triple_residual_node,1188,888,1187,300,rolling300,12 13 16 28 29 31,3 4 12 19 22 27,1
S008,family_balanced_hybrid,1188,888,1187,300,rolling300,3 12 15 16 20 33,3 4 12 19 22 27,2
S001,multi_window_frequency,1189,889,1188,300,rolling300,3 6 12 13 16 37,9 19 29 35 37 38,1
S002,gap_regime_hazard,1189,889,1188,300,rolling300,1 10 11 18 20 21,9 19 29 35 37 38,0
S003,momentum_state_transition,1189,889,1188,300,rolling300,2 9 15 20 21 25,9 19 29 35 37 38,1
S004,conditional_probability,1189,889,1188,300,rolling300,1 2 5 10 15 19,9 19 29 35 37 38,1
S005,structure_transition,1189,889,1188,300,rolling300,1 5 14 30 37 40,9 19 29 35 37 38,1
S006,pair_residual_node,1189,889,1188,300,rolling300,12 13 16 28 29 31,9 19 29 35 37 38,1
S007,triple_residual_node,1189,889,1188,300,rolling300,12 13 16 28 29 31,9 19 29 35 37 38,1
S008,family_balanced_hybrid,1189,889,1188,300,rolling300,13 15 16 20 21 33,9 19 29 35 37 38,0
S001,multi_window_frequency,1190,890,1189,300,rolling300,3 6 12 13 29 37,7 9 19 23 26 45,0
S002,gap_regime_hazard,1190,890,1189,300,rolling300,1 10 15 18 20 21,7 9 19 23 26 45,0
S003,momentum_state_transition,1190,890,1189,300,rolling300,2 20 21 24 25 26,7 9 19 23 26 45,1
S004,conditional_probability,1190,890,1189,300,rolling300,1 2 3 5 9 10,7 9 19 23 26 45,1
S005,structure_transition,1190,890,1189,300,rolling300,11 16 18 26 27 39,7 9 19 23 26 45,1
S006,pair_residual_node,1190,890,1189,300,rolling300,12 13 16 28 29 31,7 9 19 23 26 45,0
S007,triple_residual_node,1190,890,1189,300,rolling300,12 13 16 28 29 31,7 9 19 23 26 45,0
S008,family_balanced_hybrid,1190,890,1189,300,rolling300,2 13 15 18 20 21,7 9 19 23 26 45,0
S001,multi_window_frequency,1191,891,1190,300,rolling300,3 6 7 13 16 37,1 4 11 12 20 41,0
S002,gap_regime_hazard,1191,891,1190,300,rolling300,1 10 14 15 18 20,1 4 11 12 20 41,2
S003,momentum_state_transition,1191,891,1190,300,rolling300,2 20 21 24 25 26,1 4 11 12 20 41,1
S004,conditional_probability,1191,891,1190,300,rolling300,1 2 3 5 6 7,1 4 11 12 20 41,1
S005,structure_transition,1191,891,1190,300,rolling300,3 9 20 24 27 39,1 4 11 12 20 41,1
S006,pair_residual_node,1191,891,1190,300,rolling300,12 13 16 28 29 31,1 4 11 12 20 41,1
S007,triple_residual_node,1191,891,1190,300,rolling300,12 13 16 28 29 31,1 4 11 12 20 41,1
S008,family_balanced_hybrid,1191,891,1190,300,rolling300,3 12 13 20 28 31,1 4 11 12 20 41,2
S001,multi_window_frequency,1192,892,1191,300,rolling300,3 6 7 12 13 37,10 16 23 36 39 40,0
S002,gap_regime_hazard,1192,892,1191,300,rolling300,6 10 14 15 17 21,10 16 23 36 39 40,1
S003,momentum_state_transition,1192,892,1191,300,rolling300,21 24 25 26 30 31,10 16 23 36 39 40,0
S004,conditional_probability,1192,892,1191,300,rolling300,2 3 5 6 7 8,10 16 23 36 39 40,0
S005,structure_transition,1192,892,1191,300,rolling300,2 6 13 27 43 44,10 16 23 36 39 40,0
S006,pair_residual_node,1192,892,1191,300,rolling300,12 16 20 28 29 31,10 16 23 36 39 40,1
S007,triple_residual_node,1192,892,1191,300,rolling300,12 13 16 28 29 31,10 16 23 36 39 40,1
S008,family_balanced_hybrid,1192,892,1191,300,rolling300,3 13 21 28 31 38,10 16 23 36 39 40,0
S001,multi_window_frequency,1193,893,1192,300,rolling300,6 7 13 16 23 37,6 9 16 19 24 28,2
S002,gap_regime_hazard,1193,893,1192,300,rolling300,2 6 8 14 15 17,6 9 16 19 24 28,1
S003,momentum_state_transition,1193,893,1192,300,rolling300,21 24 25 26 34 38,6 9 16 19 24 28,1
S004,conditional_probability,1193,893,1192,300,rolling300,1 2 3 5 6 7,6 9 16 19 24 28,1
S005,structure_transition,1193,893,1192,300,rolling300,6 9 15 29 30 42,6 9 16 19 24 28,2
S006,pair_residual_node,1193,893,1192,300,rolling300,12 16 20 28 29 31,6 9 16 19 24 28,2
S007,triple_residual_node,1193,893,1192,300,rolling300,12 16 20 28 29 31,6 9 16 19 24 28,2
S008,family_balanced_hybrid,1193,893,1192,300,rolling300,2 3 13 29 31 38,6 9 16 19 24 28,0
S001,multi_window_frequency,1194,894,1193,300,rolling300,6 7 12 16 19 37,3 13 15 24 33 37,1
S002,gap_regime_hazard,1194,894,1193,300,rolling300,2 5 8 13 14 15,3 13 15 24 33 37,2
S003,momentum_state_transition,1194,894,1193,300,rolling300,5 18 20 21 24 25,3 13 15 24 33 37,1
S004,conditional_probability,1194,894,1193,300,rolling300,1 2 3 5 7 8,3 13 15 24 33 37,1
S005,structure_transition,1194,894,1193,300,rolling300,1 5 14 30 37 40,3 13 15 24 33 37,1
S006,pair_residual_node,1194,894,1193,300,rolling300,12 16 20 28 29 31,3 13 15 24 33 37,0
S007,triple_residual_node,1194,894,1193,300,rolling300,12 16 20 28 29 31,3 13 15 24 33 37,0
S008,family_balanced_hybrid,1194,894,1193,300,rolling300,2 3 20 29 31 38,3 13 15 24 33 37,1
S001,multi_window_frequency,1195,895,1194,300,rolling300,3 6 13 16 19 37,3 15 27 33 34 36,1
S002,gap_regime_hazard,1195,895,1194,300,rolling300,2 5 8 14 17 22,3 15 27 33 34 36,0
S003,momentum_state_transition,1195,895,1194,300,rolling300,5 17 18 20 21 25,3 15 27 33 34 36,0
S004,conditional_probability,1195,895,1194,300,rolling300,9 13 16 23 28 29,3 15 27 33 34 36,0
S005,structure_transition,1195,895,1194,300,rolling300,1 6 17 31 40 45,3 15 27 33 34 36,0
S006,pair_residual_node,1195,895,1194,300,rolling300,12 16 20 28 29 31,3 15 27 33 34 36,0
S007,triple_residual_node,1195,895,1194,300,rolling300,12 16 20 28 29 31,3 15 27 33 34 36,0
S008,family_balanced_hybrid,1195,895,1194,300,rolling300,12 13 16 20 28 29,3 15 27 33 34 36,0
S001,multi_window_frequency,1196,896,1195,300,rolling300,3 6 13 16 19 37,8 12 15 29 40 45,0
S002,gap_regime_hazard,1196,896,1195,300,rolling300,2 5 8 17 22 29,8 12 15 29 40 45,2
S003,momentum_state_transition,1196,896,1195,300,rolling300,5 8 17 18 20 21,8 12 15 29 40 45,1
S004,conditional_probability,1196,896,1195,300,rolling300,1 2 5 6 7 8,8 12 15 29 40 45,1
S005,structure_transition,1196,896,1195,300,rolling300,3 5 17 25 26 44,8 12 15 29 40 45,0
S006,pair_residual_node,1196,896,1195,300,rolling300,12 16 20 28 30 31,8 12 15 29 40 45,1
S007,triple_residual_node,1196,896,1195,300,rolling300,12 16 20 28 30 31,8 12 15 29 40 45,1
S008,family_balanced_hybrid,1196,896,1195,300,rolling300,6 8 12 13 20 38,8 12 15 29 40 45,2
S001,multi_window_frequency,1197,897,1196,300,rolling300,3 12 13 16 19 37,1 5 7 26 28 43,0
S002,gap_regime_hazard,1197,897,1196,300,rolling300,2 5 7 22 26 35,1 5 7 26 28 43,3
S003,momentum_state_transition,1197,897,1196,300,rolling300,5 7 11 17 18 20,1 5 7 26 28 43,2
S004,conditional_probability,1197,897,1196,300,rolling300,1 5 6 7 8 10,1 5 7 26 28 43,3
S005,structure_transition,1197,897,1196,300,rolling300,6 10 19 24 27 37,1 5 7 26 28 43,0
S006,pair_residual_node,1197,897,1196,300,rolling300,12 20 28 29 30 31,1 5 7 26 28 43,1
S007,triple_residual_node,1197,897,1196,300,rolling300,12 20 28 29 30 31,1 5 7 26 28 43,1
S008,family_balanced_hybrid,1197,897,1196,300,rolling300,6 11 12 20 28 35,1 5 7 26 28 43,1
S001,multi_window_frequency,1198,898,1197,300,rolling300,3 7 12 16 19 37,26 30 33 38 39 41,0
S002,gap_regime_hazard,1198,898,1197,300,rolling300,4 11 20 22 35 38,26 30 33 38 39 41,1
S003,momentum_state_transition,1198,898,1197,300,rolling300,7 11 17 18 20 21,26 30 33 38 39 41,0
S004,conditional_probability,1198,898,1197,300,rolling300,5 6 8 10 11 13,26 30 33 38 39 41,0
S005,structure_transition,1198,898,1197,300,rolling300,2 9 17 30 35 40,26 30 33 38 39 41,1
S006,pair_residual_node,1198,898,1197,300,rolling300,12 20 28 29 30 31,26 30 33 38 39 41,1
S007,triple_residual_node,1198,898,1197,300,rolling300,12 16 20 28 29 31,26 30 33 38 39 41,0
S008,family_balanced_hybrid,1198,898,1197,300,rolling300,6 11 12 13 20 35,26 30 33 38 39 41,0
S001,multi_window_frequency,1199,899,1198,300,rolling300,3 6 7 12 16 33,16 24 25 30 31 32,1
S002,gap_regime_hazard,1199,899,1198,300,rolling300,4 10 11 20 22 23,16 24 25 30 31 32,0
S003,momentum_state_transition,1199,899,1198,300,rolling300,5 7 11 17 18 20,16 24 25 30 31 32,0
S004,conditional_probability,1199,899,1198,300,rolling300,4 5 6 8 10 11,16 24 25 30 31 32,0
S005,structure_transition,1199,899,1198,300,rolling300,4 9 11 18 34 45,16 24 25 30 31 32,0
S006,pair_residual_node,1199,899,1198,300,rolling300,12 16 20 28 29 31,16 24 25 30 31 32,2
S007,triple_residual_node,1199,899,1198,300,rolling300,12 16 20 28 29 31,16 24 25 30 31 32,2
S008,family_balanced_hybrid,1199,899,1198,300,rolling300,6 11 12 13 20 35,16 24 25 30 31 32,0
S001,multi_window_frequency,1200,900,1199,300,rolling300,3 6 7 13 16 33,1 2 4 16 20 32,1
S002,gap_regime_hazard,1200,900,1199,300,rolling300,4 6 9 10 11 19,1 2 4 16 20 32,1
S003,momentum_state_transition,1200,900,1199,300,rolling300,5 7 11 17 18 20,1 2 4 16 20 32,1
S004,conditional_probability,1200,900,1199,300,rolling300,4 5 6 8 10 11,1 2 4 16 20 32,1
S005,structure_transition,1200,900,1199,300,rolling300,4 9 22 23 33 40,1 2 4 16 20 32,1
S006,pair_residual_node,1200,900,1199,300,rolling300,12 16 28 29 30 31,1 2 4 16 20 32,1
S007,triple_residual_node,1200,900,1199,300,rolling300,12 16 28 29 30 31,1 2 4 16 20 32,1
S008,family_balanced_hybrid,1200,900,1199,300,rolling300,6 11 12 13 20 29,1 2 4 16 20 32,1
S001,multi_window_frequency,1201,901,1200,300,rolling300,3 6 7 12 16 33,7 9 24 27 35 36,1
S002,gap_regime_hazard,1201,901,1200,300,rolling300,6 9 10 11 13 19,7 9 24 27 35 36,1
S003,momentum_state_transition,1201,901,1200,300,rolling300,5 6 7 11 17 18,7 9 24 27 35 36,1
S004,conditional_probability,1201,901,1200,300,rolling300,2 5 6 7 8 9,7 9 24 27 35 36,2
S005,structure_transition,1201,901,1200,300,rolling300,1 3 19 31 34 42,7 9 24 27 35 36,0
S006,pair_residual_node,1201,901,1200,300,rolling300,12 16 28 29 30 31,7 9 24 27 35 36,0
S007,triple_residual_node,1201,901,1200,300,rolling300,12 16 28 29 30 31,7 9 24 27 35 36,0
S008,family_balanced_hybrid,1201,901,1200,300,rolling300,6 7 11 12 13 29,7 9 24 27 35 36,1
S001,multi_window_frequency,1202,902,1201,300,rolling300,3 7 15 16 24 33,5 12 21 33 37 40,1
S002,gap_regime_hazard,1202,902,1201,300,rolling300,3 6 10 11 13 19,5 12 21 33 37 40,0
S003,momentum_state_transition,1202,902,1201,300,rolling300,5 6 8 11 14 17,5 12 21 33 37 40,1
S004,conditional_probability,1202,902,1201,300,rolling300,2 4 5 6 8 10,5 12 21 33 37 40,1
S005,structure_transition,1202,902,1201,300,rolling300,1 13 16 28 29 38,5 12 21 33 37 40,0
S006,pair_residual_node,1202,902,1201,300,rolling300,12 13 16 28 29 31,5 12 21 33 37 40,1
S007,triple_residual_node,1202,902,1201,300,rolling300,12 13 16 28 29 31,5 12 21 33 37 40,1
S008,family_balanced_hybrid,1202,902,1201,300,rolling300,3 6 12 13 20 29,5 12 21 33 37 40,1
S001,multi_window_frequency,1203,903,1202,300,rolling300,3 7 16 24 33 37,3 6 18 29 35 39,1
S002,gap_regime_hazard,1203,903,1202,300,rolling300,3 6 8 10 13 15,3 6 18 29 35 39,2
S003,momentum_state_transition,1203,903,1202,300,rolling300,6 8 11 14 17 18,3 6 18 29 35 39,2
S004,conditional_probability,1203,903,1202,300,rolling300,2 4 6 8 13 19,3 6 18 29 35 39,1
S005,structure_transition,1203,903,1202,300,rolling300,1 13 18 30 32 43,3 6 18 29 35 39,1
S006,pair_residual_node,1203,903,1202,300,rolling300,12 13 16 28 29 31,3 6 18 29 35 39,1
S007,triple_residual_node,1203,903,1202,300,rolling300,12 13 16 28 29 31,3 6 18 29 35 39,1
S008,family_balanced_hybrid,1203,903,1202,300,rolling300,3 6 8 13 16 30,3 6 18 29 35 39,2
S001,multi_window_frequency,1204,904,1203,300,rolling300,3 6 7 16 33 37,8 16 28 30 31 44,1
S002,gap_regime_hazard,1204,904,1203,300,rolling300,8 13 15 19 28 34,8 16 28 30 31 44,2
S003,momentum_state_transition,1204,904,1203,300,rolling300,8 11 14 17 18 21,8 16 28 30 31 44,1
S004,conditional_probability,1204,904,1203,300,rolling300,2 4 6 8 9 13,8 16 28 30 31 44,1
S005,structure_transition,1204,904,1203,300,rolling300,5 12 16 25 33 37,8 16 28 30 31 44,1
S006,pair_residual_node,1204,904,1203,300,rolling300,12 13 16 28 29 31,8 16 28 30 31 44,3
S007,triple_residual_node,1204,904,1203,300,rolling300,12 13 16 28 29 31,8 16 28 30 31 44,3
S008,family_balanced_hybrid,1204,904,1203,300,rolling300,8 13 16 20 28 30,8 16 28 30 31 44,4
S001,multi_window_frequency,1205,905,1204,300,rolling300,3 6 7 16 30 33,1 4 16 23 31 41,1
S002,gap_regime_hazard,1205,905,1204,300,rolling300,13 15 26 34 38 41,1 4 16 23 31 41,1
S003,momentum_state_transition,1205,905,1204,300,rolling300,11 14 17 18 21 25,1 4 16 23 31 41,0
S004,conditional_probability,1205,905,1204,300,rolling300,2 4 6 9 18 20,1 4 16 23 31 41,1
S005,structure_transition,1205,905,1204,300,rolling300,3 9 20 24 27 39,1 4 16 23 31 41,0
S006,pair_residual_node,1205,905,1204,300,rolling300,12 13 16 28 29 31,1 4 16 23 31 41,2
S007,triple_residual_node,1205,905,1204,300,rolling300,12 13 16 28 29 31,1 4 16 23 31 41,2
S008,family_balanced_hybrid,1205,905,1204,300,rolling300,3 12 16 20 34 38,1 4 16 23 31 41,1
S001,multi_window_frequency,1206,906,1205,300,rolling300,3 7 12 16 30 33,1 3 17 26 27 42,1
S002,gap_regime_hazard,1206,906,1205,300,rolling300,15 25 26 34 38 43,1 3 17 26 27 42,1
S003,momentum_state_transition,1206,906,1205,300,rolling300,6 11 14 17 18 21,1 3 17 26 27 42,1
S004,conditional_probability,1206,906,1205,300,rolling300,2 3 6 9 15 18,1 3 17 26 27 42,1
S005,structure_transition,1206,906,1205,300,rolling300,12 18 21 29 31 33,1 3 17 26 27 42,0
S006,pair_residual_node,1206,906,1205,300,rolling300,12 13 16 28 29 31,1 3 17 26 27 42,0
S007,triple_residual_node,1206,906,1205,300,rolling300,12 13 16 28 29 31,1 3 17 26 27 42,0
S008,family_balanced_hybrid,1206,906,1205,300,rolling300,3 6 12 20 30 31,1 3 17 26 27 42,1
S001,multi_window_frequency,1207,907,1206,300,rolling300,1 3 6 7 16 33,10 22 24 27 38 45,0
S002,gap_regime_hazard,1207,907,1206,300,rolling300,2 15 20 25 32 38,10 22 24 27 38 45,1
S003,momentum_state_transition,1207,907,1206,300,rolling300,6 8 11 13 14 17,10 22 24 27 38 45,0
S004,conditional_probability,1207,907,1206,300,rolling300,2 6 8 9 12 17,10 22 24 27 38 45,0
S005,structure_transition,1207,907,1206,300,rolling300,8 9 15 23 28 40,10 22 24 27 38 45,0
S006,pair_residual_node,1207,907,1206,300,rolling300,12 13 16 28 29 31,10 22 24 27 38 45,0
S007,triple_residual_node,1207,907,1206,300,rolling300,12 13 16 28 29 31,10 22 24 27 38 45,0
S008,family_balanced_hybrid,1207,907,1206,300,rolling300,6 12 13 20 29 30,10 22 24 27 38 45,0
S001,multi_window_frequency,1208,908,1207,300,rolling300,3 16 24 27 33 37,6 27 30 36 38 42,1
S002,gap_regime_hazard,1208,908,1207,300,rolling300,2 7 9 20 25 32,6 27 30 36 38 42,0
S003,momentum_state_transition,1208,908,1207,300,rolling300,5 6 8 11 13 14,6 27 30 36 38 42,1
S004,conditional_probability,1208,908,1207,300,rolling300,2 5 6 7 8 9,6 27 30 36 38 42,1
S005,structure_transition,1208,908,1207,300,rolling300,1 5 14 30 37 40,6 27 30 36 38 42,1
S006,pair_residual_node,1208,908,1207,300,rolling300,12 13 16 28 29 31,6 27 30 36 38 42,0
S007,triple_residual_node,1208,908,1207,300,rolling300,12 13 16 28 29 31,6 27 30 36 38 42,0
S008,family_balanced_hybrid,1208,908,1207,300,rolling300,6 12 13 20 28 30,6 27 30 36 38 42,2
S001,multi_window_frequency,1209,909,1208,300,rolling300,3 6 16 24 27 30,2 17 20 35 37 39,0
S002,gap_regime_hazard,1209,909,1208,300,rolling300,2 5 7 9 12 20,2 17 20 35 37 39,2
S003,momentum_state_transition,1209,909,1208,300,rolling300,5 8 11 13 14 17,2 17 20 35 37 39,1
S004,conditional_probability,1209,909,1208,300,rolling300,2 5 7 8 9 10,2 17 20 35 37 39,1
S005,structure_transition,1209,909,1208,300,rolling300,11 16 21 30 39 45,2 17 20 35 37 39,1
S006,pair_residual_node,1209,909,1208,300,rolling300,12 13 16 28 29 31,2 17 20 35 37 39,0
S007,triple_residual_node,1209,909,1208,300,rolling300,12 13 16 28 29 31,2 17 20 35 37 39,0
S008,family_balanced_hybrid,1209,909,1208,300,rolling300,12 13 16 20 28 37,2 17 20 35 37 39,2
S001,multi_window_frequency,1210,910,1209,300,rolling300,3 6 16 27 35 37,1 7 9 17 27 38,1
S002,gap_regime_hazard,1210,910,1209,300,rolling300,5 7 9 12 18 21,1 7 9 17 27 38,2
S003,momentum_state_transition,1210,910,1209,300,rolling300,5 8 11 13 14 17,1 7 9 17 27 38,1
S004,conditional_probability,1210,910,1209,300,rolling300,5 7 8 9 10 12,1 7 9 17 27 38,2
S005,structure_transition,1210,910,1209,300,rolling300,7 15 24 31 34 38,1 7 9 17 27 38,2
S006,pair_residual_node,1210,910,1209,300,rolling300,12 13 16 28 29 31,1 7 9 17 27 38,0
S007,triple_residual_node,1210,910,1209,300,rolling300,12 13 16 28 29 31,1 7 9 17 27 38,0
S008,family_balanced_hybrid,1210,910,1209,300,rolling300,3 12 13 16 28 29,1 7 9 17 27 38,0
S001,multi_window_frequency,1211,911,1210,300,rolling300,3 6 16 27 37 38,23 26 27 35 38 40,2
S002,gap_regime_hazard,1211,911,1210,300,rolling300,5 8 12 18 21 28,23 26 27 35 38 40,0
S003,momentum_state_transition,1211,911,1210,300,rolling300,5 8 11 13 14 18,23 26 27 35 38 40,0
S004,conditional_probability,1211,911,1210,300,rolling300,2 4 5 8 10 12,23 26 27 35 38 40,0
S005,structure_transition,1211,911,1210,300,rolling300,3 13 18 25 39 42,23 26 27 35 38 40,0
S006,pair_residual_node,1211,911,1210,300,rolling300,12 13 16 20 29 31,23 26 27 35 38 40,0
S007,triple_residual_node,1211,911,1210,300,rolling300,12 13 16 20 29 31,23 26 27 35 38 40,0
S008,family_balanced_hybrid,1211,911,1210,300,rolling300,3 12 13 16 28 29,23 26 27 35 38 40,0
S001,multi_window_frequency,1212,912,1211,300,rolling300,3 16 27 35 37 38,5 8 25 31 41 44,0
S002,gap_regime_hazard,1212,912,1211,300,rolling300,4 5 8 12 16 18,5 8 25 31 41 44,2
S003,momentum_state_transition,1212,912,1211,300,rolling300,4 5 8 11 12 13,5 8 25 31 41 44,2
S004,conditional_probability,1212,912,1211,300,rolling300,2 4 5 7 8 9,5 8 25 31 41 44,2
S005,structure_transition,1212,912,1211,300,rolling300,1 11 24 26 32 37,5 8 25 31 41 44,0
S006,pair_residual_node,1212,912,1211,300,rolling300,12 13 16 20 28 31,5 8 25 31 41 44,1
S007,triple_residual_node,1212,912,1211,300,rolling300,12 13 16 20 28 31,5 8 25 31 41 44,1
S008,family_balanced_hybrid,1212,912,1211,300,rolling300,4 12 13 16 28 29,5 8 25 31 41 44,0
S001,multi_window_frequency,1213,913,1212,300,rolling300,3 6 16 27 35 38,5 11 25 27 36 38,2
S002,gap_regime_hazard,1213,913,1212,300,rolling300,3 4 12 16 18 21,5 11 25 27 36 38,0
S003,momentum_state_transition,1213,913,1212,300,rolling300,4 11 12 13 14 18,5 11 25 27 36 38,1
S004,conditional_probability,1213,913,1212,300,rolling300,2 4 5 7 9 10,5 11 25 27 36 38,1
S005,structure_transition,1213,913,1212,300,rolling300,4 13 22 33 36 41,5 11 25 27 36 38,1
S006,pair_residual_node,1213,913,1212,300,rolling300,12 13 16 20 28 31,5 11 25 27 36 38,0
S007,triple_residual_node,1213,913,1212,300,rolling300,12 13 16 20 28 31,5 11 25 27 36 38,0
S008,family_balanced_hybrid,1213,913,1212,300,rolling300,3 12 16 20 28 29,5 11 25 27 36 38,0
S001,multi_window_frequency,1214,914,1213,300,rolling300,3 16 27 31 35 38,10 15 19 27 30 33,1
S002,gap_regime_hazard,1214,914,1213,300,rolling300,3 4 10 16 18 22,10 15 19 27 30 33,1
S003,momentum_state_transition,1214,914,1213,300,rolling300,4 6 9 11 12 13,10 15 19 27 30 33,0
S004,conditional_probability,1214,914,1213,300,rolling300,2 3 4 6 7 27,10 15 19 27 30 33,1
S005,structure_transition,1214,914,1213,300,rolling300,4 7 13 26 27 45,10 15 19 27 30 33,1
S006,pair_residual_node,1214,914,1213,300,rolling300,12 13 16 20 28 31,10 15 19 27 30 33,0
S007,triple_residual_node,1214,914,1213,300,rolling300,12 13 16 20 28 31,10 15 19 27 30 33,0
S008,family_balanced_hybrid,1214,914,1213,300,rolling300,3 6 12 13 16 28,10 15 19 27 30 33,0
S001,multi_window_frequency,1215,915,1214,300,rolling300,3 16 27 30 35 38,13 15 19 21 44 45,0
S002,gap_regime_hazard,1215,915,1214,300,rolling300,3 4 6 16 22 24,13 15 19 21 44 45,0
S003,momentum_state_transition,1215,915,1214,300,rolling300,4 6 9 11 12 13,13 15 19 21 44 45,1
S004,conditional_probability,1215,915,1214,300,rolling300,2 3 4 6 7 8,13 15 19 21 44 45,0
S005,structure_transition,1215,915,1214,300,rolling300,1 17 22 29 31 44,13 15 19 21 44 45,1
S006,pair_residual_node,1215,915,1214,300,rolling300,12 13 16 20 28 31,13 15 19 21 44 45,1
S007,triple_residual_node,1215,915,1214,300,rolling300,12 13 16 20 30 31,13 15 19 21 44 45,1
S008,family_balanced_hybrid,1215,915,1214,300,rolling300,3 6 12 13 16 28,13 15 19 21 44 45,1
S001,multi_window_frequency,1216,916,1215,300,rolling300,3 15 27 30 35 38,3 10 14 15 23 24,2
S002,gap_regime_hazard,1216,916,1215,300,rolling300,2 3 4 6 16 20,3 10 14 15 23 24,1
S003,momentum_state_transition,1216,916,1215,300,rolling300,3 4 6 9 11 12,3 10 14 15 23 24,1
S004,conditional_probability,1216,916,1215,300,rolling300,2 3 6 7 8 9,3 10 14 15 23 24,1
S005,structure_transition,1216,916,1215,300,rolling300,1 3 16 33 38 44,3 10 14 15 23 24,1
S006,pair_residual_node,1216,916,1215,300,rolling300,12 13 16 20 28 31,3 10 14 15 23 24,0
S007,triple_residual_node,1216,916,1215,300,rolling300,12 13 16 20 30 31,3 10 14 15 23 24,0
S008,family_balanced_hybrid,1216,916,1215,300,rolling300,3 6 12 13 16 20,3 10 14 15 23 24,1
S001,multi_window_frequency,1217,917,1216,300,rolling300,3 15 24 27 35 38,8 10 15 20 29 31,1
S002,gap_regime_hazard,1217,917,1216,300,rolling300,1 2 6 7 9 17,8 10 15 20 29 31,0
S003,momentum_state_transition,1217,917,1216,300,rolling300,4 6 8 9 12 13,8 10 15 20 29 31,1
S004,conditional_probability,1217,917,1216,300,rolling300,1 2 3 6 7 27,8 10 15 20 29 31,0
S005,structure_transition,1217,917,1216,300,rolling300,1 6 20 26 33 35,8 10 15 20 29 31,1
S006,pair_residual_node,1217,917,1216,300,rolling300,12 13 16 20 30 31,8 10 15 20 29 31,2
S007,triple_residual_node,1217,917,1216,300,rolling300,12 13 16 20 30 31,8 10 15 20 29 31,2
S008,family_balanced_hybrid,1217,917,1216,300,rolling300,3 6 12 13 16 37,8 10 15 20 29 31,0
S001,multi_window_frequency,1218,918,1217,300,rolling300,3 15 19 27 35 38,3 28 31 32 42 45,1
S002,gap_regime_hazard,1218,918,1217,300,rolling300,1 2 6 7 9 17,3 28 31 32 42 45,0
S003,momentum_state_transition,1218,918,1217,300,rolling300,4 6 9 12 13 19,3 28 31 32 42 45,0
S004,conditional_probability,1218,918,1217,300,rolling300,1 2 3 6 7 9,3 28 31 32 42 45,1
S005,structure_transition,1218,918,1217,300,rolling300,13 16 22 31 37 42,3 28 31 32 42 45,2
S006,pair_residual_node,1218,918,1217,300,rolling300,12 13 16 20 30 31,3 28 31 32 42 45,1
S007,triple_residual_node,1218,918,1217,300,rolling300,12 13 16 20 30 31,3 28 31 32 42 45,1
S008,family_balanced_hybrid,1218,918,1217,300,rolling300,1 3 6 12 13 16,3 28 31 32 42 45,1
S001,multi_window_frequency,1219,919,1218,300,rolling300,3 15 27 31 35 38,1 2 15 28 39 45,1
S002,gap_regime_hazard,1219,919,1218,300,rolling300,1 2 6 7 9 17,1 2 15 28 39 45,2
S003,momentum_state_transition,1219,919,1218,300,rolling300,4 6 9 12 13 19,1 2 15 28 39 45,0
S004,conditional_probability,1219,919,1218,300,rolling300,1 2 7 9 11 13,1 2 15 28 39 45,2
S005,structure_transition,1219,919,1218,300,rolling300,1 5 14 30 37 40,1 2 15 28 39 45,1
S006,pair_residual_node,1219,919,1218,300,rolling300,12 13 16 20 30 31,1 2 15 28 39 45,0
S007,triple_residual_node,1219,919,1218,300,rolling300,12 13 16 20 30 31,1 2 15 28 39 45,0
S008,family_balanced_hybrid,1219,919,1218,300,rolling300,6 13 26 28 29 37,1 2 15 28 39 45,1
S001,multi_window_frequency,1220,920,1219,300,rolling300,3 15 27 31 38 45,2 22 25 28 34 43,0
S002,gap_regime_hazard,1220,920,1219,300,rolling300,5 7 9 11 17 25,2 22 25 28 34 43,1
S003,momentum_state_transition,1220,920,1219,300,rolling300,4 6 9 12 13 19,2 22 25 28 34 43,0
S004,conditional_probability,1220,920,1219,300,rolling300,2 7 10 31 38 45,2 22 25 28 34 43,1
S005,structure_transition,1220,920,1219,300,rolling300,4 7 13 26 27 45,2 22 25 28 34 43,0
S006,pair_residual_node,1220,920,1219,300,rolling300,12 13 16 20 28 31,2 22 25 28 34 43,1
S007,triple_residual_node,1220,920,1219,300,rolling300,12 13 16 20 28 31,2 22 25 28 34 43,1
S008,family_balanced_hybrid,1220,920,1219,300,rolling300,11 13 26 29 31 38,2 22 25 28 34 43,0
S001,multi_window_frequency,1221,921,1220,300,rolling300,3 15 27 28 31 38,6 13 18 28 30 36,1
S002,gap_regime_hazard,1221,921,1220,300,rolling300,5 7 9 11 17 26,6 13 18 28 30 36,0
S003,momentum_state_transition,1221,921,1220,300,rolling300,4 9 12 13 16 19,6 13 18 28 30 36,1
S004,conditional_probability,1221,921,1220,300,rolling300,10 25 27 28 31 45,6 13 18 28 30 36,1
S005,structure_transition,1221,921,1220,300,rolling300,3 21 22 35 38 42,6 13 18 28 30 36,0
S006,pair_residual_node,1221,921,1220,300,rolling300,12 13 16 20 28 31,6 13 18 28 30 36,2
S007,triple_residual_node,1221,921,1220,300,rolling300,12 13 16 20 28 31,6 13 18 28 30 36,2
S008,family_balanced_hybrid,1221,921,1220,300,rolling300,12 13 16 27 28 31,6 13 18 28 30 36,2
S001,multi_window_frequency,1222,922,1221,300,rolling300,3 15 27 28 30 31,4 11 17 22 32 41,0
S002,gap_regime_hazard,1222,922,1221,300,rolling300,5 11 19 21 26 27,4 11 17 22 32 41,1
S003,momentum_state_transition,1222,922,1221,300,rolling300,4 7 9 12 13 16,4 11 17 22 32 41,1
S004,conditional_probability,1222,922,1221,300,rolling300,1 6 10 25 31 45,4 11 17 22 32 41,0
S005,structure_transition,1222,922,1221,300,rolling300,1 12 17 27 29 38,4 11 17 22 32 41,1
S006,pair_residual_node,1222,922,1221,300,rolling300,12 13 16 20 28 31,4 11 17 22 32 41,0
S007,triple_residual_node,1222,922,1221,300,rolling300,12 13 16 20 28 31,4 11 17 22 32 41,0
S008,family_balanced_hybrid,1222,922,1221,300,rolling300,11 12 16 26 29 31,4 11 17 22 32 41,1
S001,multi_window_frequency,1223,923,1222,300,rolling300,3 15 27 28 30 38,16 18 20 32 33 39,0
S002,gap_regime_hazard,1223,923,1222,300,rolling300,5 14 19 21 23 24,16 18 20 32 33 39,0
S003,momentum_state_transition,1223,923,1222,300,rolling300,4 5 7 9 12 13,16 18 20 32 33 39,0
S004,conditional_probability,1223,923,1222,300,rolling300,1 4 5 6 8 14,16 18 20 32 33 39,0
S005,structure_transition,1223,923,1222,300,rolling300,6 10 19 24 27 37,16 18 20 32 33 39,0
S006,pair_residual_node,1223,923,1222,300,rolling300,11 12 16 20 28 31,16 18 20 32 33 39,2
S007,triple_residual_node,1223,923,1222,300,rolling300,11 12 16 20 28 31,16 18 20 32 33 39,2
S008,family_balanced_hybrid,1223,923,1222,300,rolling300,12 13 16 28 29 38,16 18 20 32 33 39,1
S001,multi_window_frequency,1224,924,1223,300,rolling300,3 15 27 28 30 33,9 18 21 27 44 45,1
S002,gap_regime_hazard,1224,924,1223,300,rolling300,5 8 10 14 19 21,9 18 21 27 44 45,1
S003,momentum_state_transition,1224,924,1223,300,rolling300,4 5 6 7 9 12,9 18 21 27 44 45,1
S004,conditional_probability,1224,924,1223,300,rolling300,1 4 6 8 11 14,9 18 21 27 44 45,0
S005,structure_transition,1224,924,1223,300,rolling300,1 3 19 31 34 42,9 18 21 27 44 45,0
S006,pair_residual_node,1224,924,1223,300,rolling300,11 12 16 20 28 31,9 18 21 27 44 45,0
S007,triple_residual_node,1224,924,1223,300,rolling300,11 12 16 20 28 31,9 18 21 27 44 45,0
S008,family_balanced_hybrid,1224,924,1223,300,rolling300,6 11 12 13 16 29,9 18 21 27 44 45,0
S001,multi_window_frequency,1225,925,1224,300,rolling300,3 15 16 27 28 45,8 9 19 25 41 42,0
S002,gap_regime_hazard,1225,925,1224,300,rolling300,3 8 10 14 19 23,8 9 19 25 41 42,2
S003,momentum_state_transition,1225,925,1224,300,rolling300,4 5 6 7 8 9,8 9 19 25 41 42,2
S004,conditional_probability,1225,925,1224,300,rolling300,1 4 6 8 9 11,8 9 19 25 41 42,2
S005,structure_transition,1225,925,1224,300,rolling300,1 3 19 31 34 42,8 9 19 25 41 42,2
S006,pair_residual_node,1225,925,1224,300,rolling300,12 16 20 28 30 31,8 9 19 25 41 42,0
S007,triple_residual_node,1225,925,1224,300,rolling300,12 16 20 28 30 31,8 9 19 25 41 42,0
S008,family_balanced_hybrid,1225,925,1224,300,rolling300,6 12 16 29 30 31,8 9 19 25 41 42,0
S001,multi_window_frequency,1226,926,1225,300,rolling300,3 15 16 27 28 45,4 6 13 17 26 28,1
S002,gap_regime_hazard,1226,926,1225,300,rolling300,1 3 10 14 15 23,4 6 13 17 26 28,0
S003,momentum_state_transition,1226,926,1225,300,rolling300,4 5 7 12 13 16,4 6 13 17 26 28,2
S004,conditional_probability,1226,926,1225,300,rolling300,1 4 6 11 13 14,4 6 13 17 26 28,3
S005,structure_transition,1226,926,1225,300,rolling300,4 12 15 27 31 45,4 6 13 17 26 28,1
S006,pair_residual_node,1226,926,1225,300,rolling300,12 16 20 28 30 31,4 6 13 17 26 28,1
S007,triple_residual_node,1226,926,1225,300,rolling300,12 16 20 28 30 31,4 6 13 17 26 28,1
S008,family_balanced_hybrid,1226,926,1225,300,rolling300,1 12 15 16 29 31,4 6 13 17 26 28,0
S001,multi_window_frequency,1227,927,1226,300,rolling300,6 15 16 27 28 45,1 14 16 34 41 44,1
S002,gap_regime_hazard,1227,927,1226,300,rolling300,1 2 3 10 14 15,1 14 16 34 41 44,2
S003,momentum_state_transition,1227,927,1226,300,rolling300,1 3 4 5 7 12,1 14 16 34 41 44,1
S004,conditional_probability,1227,927,1226,300,rolling300,1 3 10 11 16 19,1 14 16 34 41 44,2
S005,structure_transition,1227,927,1226,300,rolling300,5 12 17 23 34 37,1 14 16 34 41 44,1
S006,pair_residual_node,1227,927,1226,300,rolling300,12 16 20 28 30 31,1 14 16 34 41 44,1
S007,triple_residual_node,1227,927,1226,300,rolling300,12 16 20 28 30 31,1 14 16 34 41 44,1
S008,family_balanced_hybrid,1227,927,1226,300,rolling300,1 3 15 16 29 30,1 14 16 34 41 44,2
S001,multi_window_frequency,1228,928,1227,300,rolling300,6 15 16 27 28 45,24 29 30 31 35 44,0
S002,gap_regime_hazard,1228,928,1227,300,rolling300,2 3 10 15 29 30,24 29 30 31 35 44,2
S003,momentum_state_transition,1228,928,1227,300,rolling300,3 4 7 12 16 23,24 29 30 31 35 44,0
S004,conditional_probability,1228,928,1227,300,rolling300,3 8 11 14 15 19,24 29 30 31 35 44,0
S005,structure_transition,1228,928,1227,300,rolling300,2 5 11 33 42 43,24 29 30 31 35 44,0
S006,pair_residual_node,1228,928,1227,300,rolling300,12 16 20 28 30 31,24 29 30 31 35 44,2
S007,triple_residual_node,1228,928,1227,300,rolling300,12 16 20 28 30 31,24 29 30 31 35 44,2
S008,family_balanced_hybrid,1228,928,1227,300,rolling300,3 12 15 26 30 31,24 29 30 31 35 44,2
S001,multi_window_frequency,1229,929,1228,300,rolling300,6 16 27 28 30 44,12 13 29 34 37 42,0
S002,gap_regime_hazard,1229,929,1228,300,rolling300,2 3 11 15 22 36,12 13 29 34 37 42,0
S003,momentum_state_transition,1229,929,1228,300,rolling300,3 4 6 7 12 16,12 13 29 34 37 42,1
S004,conditional_probability,1229,929,1228,300,rolling300,8 11 14 15 19 20,12 13 29 34 37 42,0
S005,structure_transition,1229,929,1228,300,rolling300,1 10 25 31 34 37,12 13 29 34 37 42,2
S006,pair_residual_node,1229,929,1228,300,rolling300,12 16 20 28 30 31,12 13 29 34 37 42,1
S007,triple_residual_node,1229,929,1228,300,rolling300,12 16 20 28 30 31,12 13 29 34 37 42,1
S008,family_balanced_hybrid,1229,929,1228,300,rolling300,11 12 15 16 28 31,12 13 29 34 37 42,1
S001,multi_window_frequency,1230,930,1229,300,rolling300,6 13 16 27 28 30,3 8 9 22 28 42,1
S002,gap_regime_hazard,1230,930,1229,300,rolling300,2 11 15 20 22 32,3 8 9 22 28 42,1
S003,momentum_state_transition,1230,930,1229,300,rolling300,3 4 6 7 12 16,3 8 9 22 28 42,1
S004,conditional_probability,1230,930,1229,300,rolling300,1 2 8 11 12 14,3 8 9 22 28 42,1
S005,structure_transition,1230,930,1229,300,rolling300,1 17 20 28 36 41,3 8 9 22 28 42,1
S006,pair_residual_node,1230,930,1229,300,rolling300,12 16 20 28 30 31,3 8 9 22 28 42,1
S007,triple_residual_node,1230,930,1229,300,rolling300,12 16 20 28 30 31,3 8 9 22 28 42,1
S008,family_balanced_hybrid,1230,930,1229,300,rolling300,6 12 20 28 31 35,3 8 9 22 28 42,1
S001,multi_window_frequency,1231,931,1230,300,rolling300,3 9 13 16 27 28,4 13 14 18 31 38,1
S002,gap_regime_hazard,1231,931,1230,300,rolling300,2 11 18 20 21 27,4 13 14 18 31 38,1
S003,momentum_state_transition,1231,931,1230,300,rolling300,1 4 6 7 12 16,4 13 14 18 31 38,1
S004,conditional_probability,1231,931,1230,300,rolling300,1 3 11 12 14 19,4 13 14 18 31 38,1
S005,structure_transition,1231,931,1230,300,rolling300,1 6 17 31 40 45,4 13 14 18 31 38,1
S006,pair_residual_node,1231,931,1230,300,rolling300,11 12 16 28 30 31,4 13 14 18 31 38,1
S007,triple_residual_node,1231,931,1230,300,rolling300,11 12 16 28 30 31,4 13 14 18 31 38,1
S008,family_balanced_hybrid,1231,931,1230,300,rolling300,1 11 12 16 20 37,4 13 14 18 31 38,0
S001,multi_window_frequency,1232,932,1231,300,rolling300,3 13 16 27 28 31,12 15 19 22 24 36,0
S002,gap_regime_hazard,1232,932,1231,300,rolling300,11 19 20 21 25 27,12 15 19 22 24 36,1
S003,momentum_state_transition,1232,932,1231,300,rolling300,1 6 7 16 17 23,12 15 19 22 24 36,0
S004,conditional_probability,1232,932,1231,300,rolling300,1 3 6 11 12 19,12 15 19 22 24 36,2
S005,structure_transition,1232,932,1231,300,rolling300,1 8 20 29 31 35,12 15 19 22 24 36,0
S006,pair_residual_node,1232,932,1231,300,rolling300,11 12 16 28 30 31,12 15 19 22 24 36,1
S007,triple_residual_node,1232,932,1231,300,rolling300,11 12 16 28 30 31,12 15 19 22 24 36,1
S008,family_balanced_hybrid,1232,932,1231,300,rolling300,1 3 6 11 16 30,12 15 19 22 24 36,0
S001,multi_window_frequency,1233,933,1232,300,rolling300,3 13 16 27 28 31,2 7 20 25 37 40,0
S002,gap_regime_hazard,1233,933,1232,300,rolling300,6 11 17 20 21 25,2 7 20 25 37 40,2
S003,momentum_state_transition,1233,933,1232,300,rolling300,1 5 6 7 16 17,2 7 20 25 37 40,1
S004,conditional_probability,1233,933,1232,300,rolling300,1 3 6 15 17 20,2 7 20 25 37 40,1
S005,structure_transition,1233,933,1232,300,rolling300,1 2 10 29 35 39,2 7 20 25 37 40,1
S006,pair_residual_node,1233,933,1232,300,rolling300,11 12 16 28 30 31,2 7 20 25 37 40,0
S007,triple_residual_node,1233,933,1232,300,rolling300,11 12 16 28 30 31,2 7 20 25 37 40,0
S008,family_balanced_hybrid,1233,933,1232,300,rolling300,6 16 17 26 30 35,2 7 20 25 37 40,0
S001,multi_window_frequency,1234,934,1233,300,rolling300,9 13 27 28 31 38,1 15 19 31 35 43,1
S002,gap_regime_hazard,1234,934,1233,300,rolling300,1 6 16 17 21 26,1 15 19 31 35 43,1
S003,momentum_state_transition,1234,934,1233,300,rolling300,1 5 7 16 17 26,1 15 19 31 35 43,1
S004,conditional_probability,1234,934,1233,300,rolling300,1 2 3 6 7 15,1 15 19 31 35 43,2
S005,structure_transition,1234,934,1233,300,rolling300,5 12 15 23 34 38,1 15 19 31 35 43,1
S006,pair_residual_node,1234,934,1233,300,rolling300,12 16 20 28 30 31,1 15 19 31 35 43,1
S007,triple_residual_node,1234,934,1233,300,rolling300,11 12 16 28 30 31,1 15 19 31 35 43,1
S008,family_balanced_hybrid,1234,934,1233,300,rolling300,1 6 16 17 27 30,1 15 19 31 35 43,1
S001,multi_window_frequency,1235,935,1234,300,rolling300,13 15 19 27 28 31,6 7 11 15 39 43,1
S002,gap_regime_hazard,1235,935,1234,300,rolling300,6 16 17 21 26 27,6 7 11 15 39 43,1
S003,momentum_state_transition,1235,935,1234,300,rolling300,5 7 16 17 26 27,6 7 11 15 39 43,1
S004,conditional_probability,1235,935,1234,300,rolling300,2 3 6 7 16 17,6 7 11 15 39 43,2
S005,structure_transition,1235,935,1234,300,rolling300,3 13 18 25 39 42,6 7 11 15 39 43,1
S006,pair_residual_node,1235,935,1234,300,rolling300,11 12 16 20 28 31,6 7 11 15 39 43,1
S007,triple_residual_node,1235,935,1234,300,rolling300,11 12 16 20 28 31,6 7 11 15 39 43,1
S008,family_balanced_hybrid,1235,935,1234,300,rolling300,6 16 17 26 27 30,6 7 11 15 39 43,1
S001,multi_window_frequency,1236,936,1235,300,rolling300,13 15 27 28 31 35,12 18 21 29 34 38,0
S002,gap_regime_hazard,1236,936,1235,300,rolling300,16 17 26 29 30 34,12 18 21 29 34 38,2
S003,momentum_state_transition,1236,936,1235,300,rolling300,5 7 16 17 26 27,12 18 21 29 34 38,0
S004,conditional_probability,1236,936,1235,300,rolling300,2 3 8 9 11 16,12 18 21 29 34 38,0
S005,structure_transition,1236,936,1235,300,rolling300,5 15 22 24 27 40,12 18 21 29 34 38,0
S006,pair_residual_node,1236,936,1235,300,rolling300,11 12 16 20 28 31,12 18 21 29 34 38,1
S007,triple_residual_node,1236,936,1235,300,rolling300,11 12 16 20 28 31,12 18 21 29 34 38,1
S008,family_balanced_hybrid,1236,936,1235,300,rolling300,16 17 26 30 31 35,12 18 21 29 34 38,0
S001,multi_window_frequency,1237,937,1236,300,rolling300,12 13 15 27 31 38,10 20 23 34 37 40,0
S002,gap_regime_hazard,1237,937,1236,300,rolling300,3 8 9 16 17 26,10 20 23 34 37 40,0
S003,momentum_state_transition,1237,937,1236,300,rolling300,3 5 7 10 16 17,10 20 23 34 37 40,1
S004,conditional_probability,1237,937,1236,300,rolling300,2 3 4 6 8 9,10 20 23 34 37 40,0
S005,structure_transition,1237,937,1236,300,rolling300,1 5 14 30 37 40,10 20 23 34 37 40,2
S006,pair_residual_node,1237,937,1236,300,rolling300,11 12 16 20 28 31,10 20 23 34 37 40,1
S007,triple_residual_node,1237,937,1236,300,rolling300,11 12 16 20 28 31,10 20 23 34 37 40,1
S008,family_balanced_hybrid,1237,937,1236,300,rolling300,3 6 15 16 28 30,10 20 23 34 37 40,0
S001,multi_window_frequency,1238,938,1237,300,rolling300,12 15 27 31 37 38,2 13 18 32 38 42,1
S002,gap_regime_hazard,1238,938,1237,300,rolling300,3 4 8 9 13 14,2 13 18 32 38 42,1
S003,momentum_state_transition,1238,938,1237,300,rolling300,3 5 8 10 16 17,2 13 18 32 38 42,0
S004,conditional_probability,1238,938,1237,300,rolling300,1 2 3 4 6 8,2 13 18 32 38 42,1
S005,structure_transition,1238,938,1237,300,rolling300,1 8 18 29 33 36,2 13 18 32 38 42,1
S006,pair_residual_node,1238,938,1237,300,rolling300,11 12 16 20 28 31,2 13 18 32 38 42,0
S007,triple_residual_node,1238,938,1237,300,rolling300,11 12 16 20 28 31,2 13 18 32 38 42,0
S008,family_balanced_hybrid,1238,938,1237,300,rolling300,3 12 16 28 30 31,2 13 18 32 38 42,0
S001,multi_window_frequency,1239,939,1238,300,rolling300,13 15 18 31 37 38,11 13 22 32 33 36,1
S002,gap_regime_hazard,1239,939,1238,300,rolling300,3 4 8 9 14 22,11 13 22 32 33 36,1
S003,momentum_state_transition,1239,939,1238,300,rolling300,3 5 8 10 16 17,11 13 22 32 33 36,0
S004,conditional_probability,1239,939,1238,300,rolling300,1 3 4 6 8 9,11 13 22 32 33 36,0
S005,structure_transition,1239,939,1238,300,rolling300,3 10 15 17 35 44,11 13 22 32 33 36,0
S006,pair_residual_node,1239,939,1238,300,rolling300,11 12 16 20 28 31,11 13 22 32 33 36,1
S007,triple_residual_node,1239,939,1238,300,rolling300,11 12 16 20 28 31,11 13 22 32 33 36,1
S008,family_balanced_hybrid,1239,939,1238,300,rolling300,3 8 15 16 28 35,11 13 22 32 33 36,0
S001,multi_window_frequency,1240,940,1239,300,rolling300,13 15 18 31 37 38,11 13 19 20 31 44,2
S002,gap_regime_hazard,1240,940,1239,300,rolling300,3 4 8 9 14 24,11 13 19 20 31 44,0
S003,momentum_state_transition,1240,940,1239,300,rolling300,1 3 5 8 10 16,11 13 19 20 31 44,0
S004,conditional_probability,1240,940,1239,300,rolling300,1 3 4 6 8 9,11 13 19 20 31 44,0
S005,structure_transition,1240,940,1239,300,rolling300,1 3 16 33 38 44,11 13 19 20 31 44,1
S006,pair_residual_node,1240,940,1239,300,rolling300,11 12 16 20 28 31,11 13 19 20 31 44,3
S007,triple_residual_node,1240,940,1239,300,rolling300,11 12 16 20 28 31,11 13 19 20 31 44,3
S008,family_balanced_hybrid,1240,940,1239,300,rolling300,1 3 15 16 28 35,11 13 19 20 31 44,0
S001,multi_window_frequency,1241,941,1240,300,rolling300,13 15 18 19 31 38,7 13 16 23 24 43,1
S002,gap_regime_hazard,1241,941,1240,300,rolling300,1 3 4 8 9 14,7 13 16 23 24 43,0
S003,momentum_state_transition,1241,941,1240,300,rolling300,1 2 3 5 8 10,7 13 16 23 24 43,0
S004,conditional_probability,1241,941,1240,300,rolling300,1 4 6 10 14 21,7 13 16 23 24 43,0
S005,structure_transition,1241,941,1240,300,rolling300,1 3 20 25 34 41,7 13 16 23 24 43,0
S006,pair_residual_node,1241,941,1240,300,rolling300,11 12 16 20 28 31,7 13 16 23 24 43,1
S007,triple_residual_node,1241,941,1240,300,rolling300,11 12 16 28 31 37,7 13 16 23 24 43,1
S008,family_balanced_hybrid,1241,941,1240,300,rolling300,1 6 15 28 31 35,7 13 16 23 24 43,0
S001,multi_window_frequency,1242,942,1241,300,rolling300,7 13 15 19 31 38,2 4 10 16 31 41,1
S002,gap_regime_hazard,1242,942,1241,300,rolling300,1 4 6 14 15 25,2 4 10 16 31 41,1
S003,momentum_state_transition,1242,942,1241,300,rolling300,1 2 3 5 6 8,2 4 10 16 31 41,1
S004,conditional_probability,1242,942,1241,300,rolling300,1 6 10 16 21 25,2 4 10 16 31 41,2
S005,structure_transition,1242,942,1241,300,rolling300,4 12 21 32 35 37,2 4 10 16 31 41,1
S006,pair_residual_node,1242,942,1241,300,rolling300,11 12 16 28 31 37,2 4 10 16 31 41,2
S007,triple_residual_node,1242,942,1241,300,rolling300,11 12 16 28 31 37,2 4 10 16 31 41,2
S008,family_balanced_hybrid,1242,942,1241,300,rolling300,1 6 11 15 31 35,2 4 10 16 31 41,1
S001,multi_window_frequency,1243,943,1242,300,rolling300,7 13 15 16 31 38,9 18 24 38 43 44,1
S002,gap_regime_hazard,1243,943,1242,300,rolling300,1 6 12 15 21 25,9 18 24 38 43 44,0
S003,momentum_state_transition,1243,943,1242,300,rolling300,1 3 6 8 10 17,9 18 24 38 43 44,0
S004,conditional_probability,1243,943,1242,300,rolling300,1 4 6 12 21 22,9 18 24 38 43 44,0
S005,structure_transition,1243,943,1242,300,rolling300,1 3 21 25 34 38,9 18 24 38 43 44,1
S006,pair_residual_node,1243,943,1242,300,rolling300,11 12 16 28 31 37,9 18 24 38 43 44,0
S007,triple_residual_node,1243,943,1242,300,rolling300,11 12 16 28 31 37,9 18 24 38 43 44,0
S008,family_balanced_hybrid,1243,943,1242,300,rolling300,1 6 12 15 31 35,9 18 24 38 43 44,0
S001,multi_window_frequency,1244,944,1243,300,rolling300,13 15 16 18 31 38,1 13 18 26 34 38,3
S002,gap_regime_hazard,1244,944,1243,300,rolling300,1 6 12 15 21 25,1 13 18 26 34 38,1
S003,momentum_state_transition,1244,944,1243,300,rolling300,1 3 8 10 17 23,1 13 18 26 34 38,1
S004,conditional_probability,1244,944,1243,300,rolling300,1 4 6 9 12 21,1 13 18 26 34 38,1
S005,structure_transition,1244,944,1243,300,rolling300,11 18 22 33 41 45,1 13 18 26 34 38,1
S006,pair_residual_node,1244,944,1243,300,rolling300,11 12 16 20 28 31,1 13 18 26 34 38,0
S007,triple_residual_node,1244,944,1243,300,rolling300,11 12 16 20 28 31,1 13 18 26 34 38,0
S008,family_balanced_hybrid,1244,944,1243,300,rolling300,1 6 12 15 16 31,1 13 18 26 34 38,1
