structure,current_state,next_state,transition_n,current_state_n,transition_probability,wilson95_low,wilson95_high,next_state_marginal,delta_vs_marginal,small_sample
odd_even,odd0,odd1,1,17,0.058823529411764705,0.010460400984997592,0.26982030637575405,0.0667739340305712,-0.0079504046188065,True
odd_even,odd0,odd2,3,17,0.17647058823529413,0.06191126637620997,0.41029458568834126,0.22687047465808527,-0.05039988642279114,True
odd_even,odd0,odd3,9,17,0.5294117647058824,0.30963235060004424,0.7383489355759056,0.333065164923572,0.19634659978231034,True
odd_even,odd0,odd4,2,17,0.11764705882352941,0.03287977376379267,0.3433635059488588,0.26468222043443285,-0.14703516161090344,True
odd_even,odd0,odd5,2,17,0.11764705882352941,0.03287977376379267,0.3433635059488588,0.07964601769911504,0.03800104112441437,True
odd_even,odd1,odd0,2,83,0.024096385542168676,0.006633166140727599,0.08366309243416317,0.013676588897827836,0.01041979664434084,False
odd_even,odd1,odd1,4,83,0.04819277108433735,0.01889861550329229,0.1174585920045154,0.0667739340305712,-0.018581162946233853,False
odd_even,odd1,odd2,14,83,0.1686746987951807,0.10322081202109416,0.2634411401512981,0.22687047465808527,-0.05819577586290456,False
odd_even,odd1,odd3,32,83,0.3855421686746988,0.2881115719314856,0.4930989206371591,0.333065164923572,0.052477003751126794,False
odd_even,odd1,odd4,24,83,0.2891566265060241,0.20267448849174827,0.3942922083452287,0.26468222043443285,0.024474406071591237,False
odd_even,odd1,odd5,5,83,0.060240963855421686,0.026003401041882007,0.13338428093238414,0.07964601769911504,-0.019405053843693357,False
odd_even,odd1,odd6,2,83,0.024096385542168676,0.006633166140727599,0.08366309243416317,0.015285599356395816,0.00881078618577286,False
odd_even,odd2,odd0,4,281,0.014234875444839857,0.005549220543038051,0.036022883706534156,0.013676588897827836,0.0005582865470120206,False
odd_even,odd2,odd1,22,281,0.07829181494661921,0.05226874306033916,0.11568945733214658,0.0667739340305712,0.01151788091604801,False
odd_even,odd2,odd2,67,281,0.23843416370106763,0.1923499110823006,0.291573529667469,0.22687047465808527,0.011563689042982356,False
odd_even,odd2,odd3,88,281,0.31316725978647686,0.2617688038932047,0.36960508235663064,0.333065164923572,-0.019897905137095162,False
odd_even,odd2,odd4,70,281,0.2491103202846975,0.2021538427604448,0.3028339473464772,0.26468222043443285,-0.015571900149735335,False
odd_even,odd2,odd5,25,281,0.08896797153024912,0.06098771195999995,0.12803483778963806,0.07964601769911504,0.009321953831134072,False
odd_even,odd2,odd6,5,281,0.017793594306049824,0.007623705881025664,0.040969848154263966,0.015285599356395816,0.0025079949496540077,False
odd_even,odd3,odd0,4,414,0.00966183574879227,0.0037635334436161294,0.0245760641973532,0.013676588897827836,-0.004014753149035566,False
odd_even,odd3,odd1,32,414,0.07729468599033816,0.05528123804448694,0.10708048405979696,0.0667739340305712,0.010520751959766955,False
odd_even,odd3,odd2,88,414,0.21256038647342995,0.1758864413199773,0.2545195297109357,0.22687047465808527,-0.014310088184655317,False
odd_even,odd3,odd3,149,414,0.35990338164251207,0.31515213873858244,0.4072306034445517,0.333065164923572,0.026838216718940044,False
odd_even,odd3,odd4,105,414,0.2536231884057971,0.21410955645977714,0.29766699013814846,0.26468222043443285,-0.011059032028635729,False
odd_even,odd3,odd5,31,414,0.0748792270531401,0.05325065263935416,0.10432456501981138,0.07964601769911504,-0.004766790645974947,False
odd_even,odd3,odd6,5,414,0.012077294685990338,0.0051694301038633355,0.027956671982224374,0.015285599356395816,-0.003208304670405478,False
odd_even,odd4,odd0,6,330,0.01818181818181818,0.008358865436630013,0.039093176250027464,0.013676588897827836,0.004505229283990345,False
odd_even,odd4,odd1,17,330,0.051515151515151514,0.03240911541620306,0.08094247055628313,0.0667739340305712,-0.015258782515419692,False
odd_even,odd4,odd2,84,330,0.2545454545454545,0.21055722126123136,0.30418249808857517,0.22687047465808527,0.02767497988736925,False
odd_even,odd4,odd3,98,330,0.296969696969697,0.25023618544167836,0.34837568118100115,0.333065164923572,-0.03609546795387503,False
odd_even,odd4,odd4,96,330,0.2909090909090909,0.24453566223960496,0.34209446905837837,0.26468222043443285,0.02622687047465805,False
odd_even,odd4,odd5,24,330,0.07272727272727272,0.0493565409546419,0.10593111865428076,0.07964601769911504,-0.006918744971842319,False
odd_even,odd4,odd6,5,330,0.015151515151515152,0.00648873206005857,0.03497244196425084,0.015285599356395816,-0.0001340842048806641,False
odd_even,odd5,odd0,1,99,0.010101010101010102,0.0017853072791700793,0.055015314645872934,0.013676588897827836,-0.0035755787968177345,False
odd_even,odd5,odd1,5,99,0.050505050505050504,0.021763234491416872,0.11282702686248858,0.0667739340305712,-0.0162688835255207,False
odd_even,odd5,odd2,24,99,0.24242424242424243,0.1686628935812074,0.3354281550597947,0.22687047465808527,0.015553767766157162,False
odd_even,odd5,odd3,32,99,0.32323232323232326,0.2392000064339727,0.4204703210647543,0.333065164923572,-0.009832841691248762,False
odd_even,odd5,odd4,26,99,0.26262626262626265,0.185981496830867,0.35700437152456627,0.26468222043443285,-0.0020559578081701946,False
odd_even,odd5,odd5,9,99,0.09090909090909091,0.048565762881513215,0.16381413790125468,0.07964601769911504,0.011263073209975868,False
odd_even,odd5,odd6,2,99,0.020202020202020204,0.005557720110757801,0.07069031167150083,0.015285599356395816,0.004916420845624388,False
odd_even,odd6,odd1,2,19,0.10526315789473684,0.02935856029887013,0.31394082711109006,0.0667739340305712,0.03848922386416563,True
odd_even,odd6,odd2,2,19,0.10526315789473684,0.02935856029887013,0.31394082711109006,0.22687047465808527,-0.12160731676334843,True
odd_even,odd6,odd3,6,19,0.3157894736842105,0.1536437908779228,0.5398959232467253,0.333065164923572,-0.017275691239361513,True
odd_even,odd6,odd4,6,19,0.3157894736842105,0.1536437908779228,0.5398959232467253,0.26468222043443285,0.05110725324977766,True
odd_even,odd6,odd5,3,19,0.15789473684210525,0.05520471638534141,0.37565475270329074,0.07964601769911504,0.07824871914299021,True
low_high,low0,low1,2,17,0.11764705882352941,0.03287977376379267,0.3433635059488588,0.09010458567980692,0.02754247314372249,True
low_high,low0,low2,7,17,0.4117647058823529,0.2161105679021481,0.6399455735700021,0.250201126307321,0.16156357957503192,True
low_high,low0,low3,3,17,0.17647058823529413,0.06191126637620997,0.41029458568834126,0.33065164923572005,-0.15418106100042592,True
low_high,low0,low4,3,17,0.17647058823529413,0.06191126637620997,0.41029458568834126,0.22687047465808527,-0.05039988642279114,True
low_high,low0,low5,2,17,0.11764705882352941,0.03287977376379267,0.3433635059488588,0.0756234915526951,0.04202356727083431,True
low_high,low1,low0,1,113,0.008849557522123894,0.0015638760684392287,0.0484308679175844,0.013676588897827836,-0.004827031375703943,False
low_high,low1,low1,13,113,0.11504424778761062,0.06847720774536285,0.1869240780815205,0.09010458567980692,0.024939662107803698,False
low_high,low1,low2,25,113,0.22123893805309736,0.15458477745535626,0.3062230502123869,0.250201126307321,-0.028962188254223642,False
low_high,low1,low3,42,113,0.37168141592920356,0.288174328345868,0.46362610026309325,0.33065164923572005,0.041029766693483516,False
low_high,low1,low4,27,113,0.23893805309734514,0.16972434844583786,0.32531790286204854,0.22687047465808527,0.012067578439259874,False
low_high,low1,low5,5,113,0.04424778761061947,0.019045868604199254,0.09941772266211095,0.0756234915526951,-0.03137570394207563,False
low_high,low2,low0,4,311,0.012861736334405145,0.005012738782076495,0.03259812372964238,0.013676588897827836,-0.0008148525634226918,False
low_high,low2,low1,29,311,0.0932475884244373,0.06571007558998654,0.13071087561616818,0.09010458567980692,0.003143002744630377,False
low_high,low2,low2,70,311,0.22508038585209003,0.18218127506864212,0.2746882215963874,0.250201126307321,-0.025120740455230967,False
low_high,low2,low3,105,311,0.33762057877813506,0.28732824050152717,0.39187538033571256,0.33065164923572005,0.006968929542415014,False
low_high,low2,low4,84,311,0.27009646302250806,0.22377646778025492,0.32202667855365874,0.22687047465808527,0.04322598836442279,False
low_high,low2,low5,12,311,0.03858520900321544,0.02220783452656874,0.0662222563673696,0.0756234915526951,-0.03703828254947966,False
low_high,low2,low6,7,311,0.022508038585209004,0.010944754700205804,0.045723318454845376,0.012872083668543845,0.009635954916665159,False
low_high,low3,low0,7,410,0.01707317073170732,0.00829431613374815,0.03481750468656345,0.013676588897827836,0.003396581833879482,False
low_high,low3,low1,31,410,0.07560975609756097,0.053775201012147694,0.10532306576933825,0.09010458567980692,-0.014494829582245947,False
low_high,low3,low2,103,410,0.25121951219512195,0.21167863290449396,0.2953789717605151,0.250201126307321,0.0010183858878009544,False
low_high,low3,low3,135,410,0.32926829268292684,0.2855480778142734,0.3761581214656349,0.33065164923572005,-0.0013833565527932024,False
low_high,low3,low4,97,410,0.23658536585365852,0.19801213931011974,0.28004885386459566,0.22687047465808527,0.009714891195573255,False
low_high,low3,low5,31,410,0.07560975609756097,0.053775201012147694,0.10532306576933825,0.0756234915526951,-1.3735455134125663e-05,False
low_high,low3,low6,6,410,0.014634146341463415,0.006723764680967593,0.03155528755762841,0.012872083668543845,0.0017620626729195708,False
low_high,low4,low0,5,282,0.01773049645390071,0.007596588405830239,0.04082696385912218,0.013676588897827836,0.004053907556072874,False
low_high,low4,low1,27,282,0.09574468085106383,0.06663705899833998,0.13571797745904657,0.09010458567980692,0.005640095171256909,False
low_high,low4,low2,75,282,0.26595744680851063,0.21778480656324936,0.32042074085944805,0.250201126307321,0.015756320501189636,False
low_high,low4,low3,86,282,0.3049645390070922,0.25414930285162085,0.3610219866672937,0.33065164923572005,-0.025687110228627852,False
low_high,low4,low4,53,282,0.1879432624113475,0.14665434508441133,0.23761971814585192,0.22687047465808527,-0.03892721224673776,False
low_high,low4,low5,34,282,0.12056737588652482,0.08757509046626798,0.16375814550689305,0.0756234915526951,0.04494388433382972,False
low_high,low4,low6,2,282,0.0070921985815602835,0.0019470961918579156,0.02548579913776257,0.012872083668543845,-0.005779885086983561,False
low_high,low5,low1,9,94,0.09574468085106383,0.05119196076308952,0.17204120730241473,0.09010458567980692,0.005640095171256909,False
low_high,low5,low2,26,94,0.2765957446808511,0.1963001972899988,0.37443392190409563,0.250201126307321,0.026394618373530077,False
low_high,low5,low3,34,94,0.3617021276595745,0.27176918645474224,0.4624947920939829,0.33065164923572005,0.031050478423854444,False
low_high,low5,low4,16,94,0.1702127659574468,0.10757621191020425,0.2587455830906018,0.22687047465808527,-0.056657708700638465,False
low_high,low5,low5,9,94,0.09574468085106383,0.05119196076308952,0.17204120730241473,0.0756234915526951,0.02012118929836873,False
low_high,low6,low1,1,16,0.0625,0.01111934476464252,0.28328737570298945,0.09010458567980692,-0.02760458567980692,True
low_high,low6,low2,5,16,0.3125,0.14164643854782039,0.5559564416525933,0.250201126307321,0.062298873692679,True
low_high,low6,low3,6,16,0.375,0.18481232558863633,0.6135895945449727,0.33065164923572005,0.044348350764279953,True
low_high,low6,low4,2,16,0.125,0.03497748774324047,0.36022827265758695,0.22687047465808527,-0.10187047465808527,True
low_high,low6,low5,1,16,0.0625,0.01111934476464252,0.28328737570298945,0.0756234915526951,-0.013123491552695099,True
low_high,low6,low6,1,16,0.0625,0.01111934476464252,0.28328737570298945,0.012872083668543845,0.049627916331456155,True
sum_band,sum1,sum4,2,5,0.4,0.11762077423264783,0.769275718723987,0.37087691069991957,0.02912308930008045,True
sum_band,sum1,sum5,2,5,0.4,0.11762077423264783,0.769275718723987,0.2670957361222848,0.1329042638777152,True
sum_band,sum1,sum6,1,5,0.2,0.03622410863243014,0.6244653702374747,0.08045052292839903,0.11954947707160098,True
sum_band,sum2,sum2,5,67,0.07462686567164178,0.03229604916632263,0.16309036792776987,0.053901850362027354,0.02072501530961443,False
sum_band,sum2,sum3,14,67,0.208955223880597,0.12875685189029118,0.3207180650688247,0.21560740144810941,-0.006652177567512407,False
sum_band,sum2,sum4,28,67,0.417910447761194,0.30742300955672297,0.5373006849702071,0.37087691069991957,0.047033537061274444,False
sum_band,sum2,sum5,16,67,0.23880597014925373,0.1526813904849293,0.353257637555303,0.2670957361222848,-0.028289765973031095,False
sum_band,sum2,sum6,4,67,0.05970149253731343,0.023459351139819028,0.14369501041371535,0.08045052292839903,-0.020749030391085603,False
sum_band,sum3,sum1,1,268,0.0037313432835820895,0.000658977659182219,0.020829498918436266,0.004022526146419952,-0.00029118286283786243,False
sum_band,sum3,sum2,15,268,0.055970149253731345,0.034208592298840615,0.09028109727060751,0.053901850362027354,0.0020682988917039916,False
sum_band,sum3,sum3,62,268,0.23134328358208955,0.18486765976411945,0.2854118162778996,0.21560740144810941,0.01573588213398014,False
sum_band,sum3,sum4,96,268,0.3582089552238806,0.3031799994548131,0.41724527956736346,0.37087691069991957,-0.012667955476038995,False
sum_band,sum3,sum5,69,268,0.2574626865671642,0.20880072251506254,0.3129793600228713,0.2670957361222848,-0.00963304955512062,False
sum_band,sum3,sum6,23,268,0.08582089552238806,0.057866478000261436,0.1254810475645179,0.08045052292839903,0.005370372593989023,False
sum_band,sum3,sum7,2,268,0.007462686567164179,0.0020489291655564883,0.026796776911478394,0.008045052292839904,-0.0005823657256757249,False
sum_band,sum4,sum1,3,460,0.006521739130434782,0.002220408009652078,0.018996882151766006,0.004022526146419952,0.0024992129840148303,False
sum_band,sum4,sum2,29,460,0.06304347826086956,0.0442503310615319,0.08907422983029645,0.053901850362027354,0.009141627898842208,False
sum_band,sum4,sum3,88,460,0.19130434782608696,0.157975068243422,0.22974676084433732,0.21560740144810941,-0.024303053622022452,False
sum_band,sum4,sum4,172,460,0.3739130434782609,0.33091314467342314,0.41900140523566154,0.37087691069991957,0.003036132778341305,False
sum_band,sum4,sum5,126,460,0.27391304347826084,0.2351574352389438,0.31641348183941503,0.2670957361222848,0.006817307355976021,False
sum_band,sum4,sum6,36,460,0.0782608695652174,0.05706318291701924,0.10644410470991957,0.08045052292839903,-0.0021896533631816373,False
sum_band,sum4,sum7,6,460,0.013043478260869565,0.005991284432270434,0.02816146004419498,0.008045052292839904,0.004998425968029661,False
sum_band,sum5,sum1,1,333,0.003003003003003003,0.0005303006021057811,0.01681156355305341,0.004022526146419952,-0.001019523143416949,False
sum_band,sum5,sum2,16,333,0.04804804804804805,0.029788711444231446,0.07661582363342087,0.053901850362027354,-0.005853802313979306,False
sum_band,sum5,sum3,77,333,0.23123123123123124,0.1891668737853518,0.27942585637710593,0.21560740144810941,0.015623829783121823,False
sum_band,sum5,sum4,127,333,0.3813813813813814,0.3308452818421769,0.4346230180619247,0.37087691069991957,0.01050447068146182,False
sum_band,sum5,sum5,81,333,0.24324324324324326,0.20026015500646874,0.29208262073532054,0.2670957361222848,-0.023852492879041565,False
sum_band,sum5,sum6,29,333,0.08708708708708708,0.06131898312817073,0.12227320008230898,0.08045052292839903,0.006636564158688046,False
sum_band,sum5,sum7,2,333,0.006006006006006006,0.0016486116366965804,0.021630763913295485,0.008045052292839904,-0.002039046286833898,False
sum_band,sum6,sum2,2,100,0.02,0.00550196755016235,0.07001179072854388,0.053901850362027354,-0.03390185036202735,False
sum_band,sum6,sum3,23,100,0.23,0.15843265880303448,0.3215438302287378,0.21560740144810941,0.014392598551890595,False
sum_band,sum6,sum4,33,100,0.33,0.24563122734128034,0.4269465620490947,0.37087691069991957,-0.040876910699919555,False
sum_band,sum6,sum5,36,100,0.36,0.2727122040140433,0.4576459754839126,0.2670957361222848,0.09290426387771517,False
sum_band,sum6,sum6,6,100,0.06,0.027786123963188192,0.1247681544589592,0.08045052292839903,-0.020450522928399037,False
sum_band,sum7,sum3,4,10,0.4,0.16818032970623614,0.6873262302663417,0.21560740144810941,0.1843925985518906,True
sum_band,sum7,sum4,3,10,0.3,0.10779126740630099,0.6032218525388546,0.37087691069991957,-0.07087691069991958,True
sum_band,sum7,sum5,2,10,0.2,0.05668215145437519,0.5098375284633583,0.2670957361222848,-0.06709573612228481,True
sum_band,sum7,sum6,1,10,0.1,0.017876213095072896,0.4041500267952385,0.08045052292839903,0.01954947707160097,True
five_band,0-0-0-3-3,1-2-0-1-2,1,1,1.0,0.20654931437723745,1.0,0.007240547063555913,0.9927594529364441,True
five_band,0-0-1-2-3,2-2-1-0-1,1,1,1.0,0.20654931437723745,1.0,0.016090104585679808,0.9839098954143202,True
five_band,0-0-1-3-2,2-0-2-1-1,1,3,0.3333333333333333,0.06149194472039621,0.7923403991979522,0.012067578439259855,0.32126575489407344,True
five_band,0-0-1-3-2,2-2-0-1-1,1,3,0.3333333333333333,0.06149194472039621,0.7923403991979522,0.013676588897827836,0.31965674443550546,True
five_band,0-0-1-3-2,2-2-2-0-0,1,3,0.3333333333333333,0.06149194472039621,0.7923403991979522,0.017699115044247787,0.31563421828908556,True
five_band,0-0-1-4-1,2-2-0-2-0,1,1,1.0,0.20654931437723745,1.0,0.011263073209975865,0.9887369267900241,True
five_band,0-0-1-5-0,1-1-0-2-2,1,2,0.5,0.09453120573423074,0.9054687942657693,0.008849557522123894,0.4911504424778761,True
five_band,0-0-1-5-0,3-1-0-1-1,1,2,0.5,0.09453120573423074,0.9054687942657693,0.0056315366049879325,0.49436846339501206,True
five_band,0-0-2-2-2,2-2-0-1-1,1,1,1.0,0.20654931437723745,1.0,0.013676588897827836,0.9863234111021721,True
five_band,0-0-2-3-1,0-1-3-2-0,1,2,0.5,0.09453120573423074,0.9054687942657693,0.004827031375703942,0.49517296862429605,True
five_band,0-0-2-3-1,1-2-0-1-2,1,2,0.5,0.09453120573423074,0.9054687942657693,0.007240547063555913,0.4927594529364441,True
five_band,0-0-2-4-0,0-1-1-2-2,1,3,0.3333333333333333,0.06149194472039621,0.7923403991979522,0.004827031375703942,0.32850630195762937,True
five_band,0-0-2-4-0,0-1-2-3-0,1,3,0.3333333333333333,0.06149194472039621,0.7923403991979522,0.006436041834271922,0.3268972914990614,True
five_band,0-0-2-4-0,1-1-1-1-2,1,3,0.3333333333333333,0.06149194472039621,0.7923403991979522,0.012872083668543845,0.32046124966478945,True
five_band,0-0-3-0-3,1-2-1-2-0,1,1,1.0,0.20654931437723745,1.0,0.02574416733708769,0.9742558326629123,True
five_band,0-0-3-1-2,1-0-2-3-0,1,2,0.5,0.09453120573423074,0.9054687942657693,0.008045052292839904,0.4919549477071601,True
five_band,0-0-3-1-2,2-0-1-2-1,1,2,0.5,0.09453120573423074,0.9054687942657693,0.008849557522123894,0.4911504424778761,True
five_band,0-0-3-2-1,0-2-1-2-1,1,7,0.14285714285714285,0.02567962434474355,0.5131278292743189,0.016894609814963796,0.12596253304217905,True
five_band,0-0-3-2-1,1-1-3-0-1,1,7,0.14285714285714285,0.02567962434474355,0.5131278292743189,0.009654062751407884,0.13320308010573498,True
five_band,0-0-3-2-1,1-3-2-0-0,1,7,0.14285714285714285,0.02567962434474355,0.5131278292743189,0.008849557522123894,0.13400758533501894,True
five_band,0-0-3-2-1,2-0-1-3-0,1,7,0.14285714285714285,0.02567962434474355,0.5131278292743189,0.008045052292839904,0.13481209056430293,True
five_band,0-0-3-2-1,2-1-0-3-0,1,7,0.14285714285714285,0.02567962434474355,0.5131278292743189,0.007240547063555913,0.13561659579358692,True
five_band,0-0-3-2-1,2-1-2-1-0,1,7,0.14285714285714285,0.02567962434474355,0.5131278292743189,0.03298471440064361,0.10987242845649925,True
five_band,0-0-3-2-1,2-2-1-1-0,1,7,0.14285714285714285,0.02567962434474355,0.5131278292743189,0.02091713596138375,0.1219400068957591,True
five_band,0-0-3-3-0,1-1-2-2-0,1,4,0.25,0.04558726080970055,0.6993581574175981,0.02172164119066774,0.22827835880933225,True
five_band,0-0-3-3-0,2-0-1-1-2,1,4,0.25,0.04558726080970055,0.6993581574175981,0.004022526146419952,0.24597747385358004,True
five_band,0-0-3-3-0,2-0-2-2-0,1,4,0.25,0.04558726080970055,0.6993581574175981,0.015285599356395816,0.2347144006436042,True
five_band,0-0-3-3-0,3-2-0-0-1,1,4,0.25,0.04558726080970055,0.6993581574175981,0.004022526146419952,0.24597747385358004,True
five_band,0-0-4-0-2,0-1-2-2-1,1,1,1.0,0.20654931437723745,1.0,0.014481094127111826,0.9855189058728882,True
five_band,0-0-4-1-1,0-2-3-0-1,1,1,1.0,0.20654931437723745,1.0,0.003218020917135961,0.996781979082864,True
five_band,0-0-4-2-0,2-0-0-2-2,1,2,0.5,0.09453120573423074,0.9054687942657693,0.003218020917135961,0.49678197908286403,True
five_band,0-0-4-2-0,3-1-0-2-0,1,2,0.5,0.09453120573423074,0.9054687942657693,0.010458567980691875,0.4895414320193081,True
five_band,0-1-0-2-3,1-1-0-3-1,1,1,1.0,0.20654931437723745,1.0,0.006436041834271922,0.9935639581657281,True
five_band,0-1-0-3-2,0-1-1-3-1,1,4,0.25,0.04558726080970055,0.6993581574175981,0.011263073209975865,0.23873692679002415,True
five_band,0-1-0-3-2,1-2-0-1-2,1,4,0.25,0.04558726080970055,0.6993581574175981,0.007240547063555913,0.24275945293644408,True
five_band,0-1-0-3-2,2-0-3-1-0,1,4,0.25,0.04558726080970055,0.6993581574175981,0.004022526146419952,0.24597747385358004,True
five_band,0-1-0-3-2,2-1-0-1-2,1,4,0.25,0.04558726080970055,0.6993581574175981,0.0056315366049879325,0.24436846339501206,True
five_band,0-1-0-5-0,0-2-2-0-2,1,1,1.0,0.20654931437723745,1.0,0.002413515687851971,0.997586484312148,True
five_band,0-1-1-1-3,0-4-1-1-0,1,1,1.0,0.20654931437723745,1.0,0.002413515687851971,0.997586484312148,True
five_band,0-1-1-2-2,1-0-2-1-2,1,6,0.16666666666666666,0.030053369748306635,0.5635028221864702,0.006436041834271922,0.16023062483239472,True
five_band,0-1-1-2-2,1-1-3-1-0,1,6,0.16666666666666666,0.030053369748306635,0.5635028221864702,0.012872083668543845,0.15379458299812282,True
five_band,0-1-1-2-2,1-2-1-2-0,1,6,0.16666666666666666,0.030053369748306635,0.5635028221864702,0.02574416733708769,0.14092249932957895,True
five_band,0-1-1-2-2,1-3-0-1-1,1,6,0.16666666666666666,0.030053369748306635,0.5635028221864702,0.008045052292839904,0.15862161437382674,True
five_band,0-1-1-2-2,1-3-0-2-0,1,6,0.16666666666666666,0.030053369748306635,0.5635028221864702,0.012872083668543845,0.15379458299812282,True
five_band,0-1-1-2-2,1-3-1-1-0,1,6,0.16666666666666666,0.030053369748306635,0.5635028221864702,0.008849557522123894,0.15781710914454278,True
five_band,0-1-1-3-1,0-1-2-2-1,2,14,0.14285714285714285,0.040093921271464966,0.39941379496970353,0.014481094127111826,0.12837604873003103,True
five_band,0-1-1-3-1,0-1-3-1-1,1,14,0.07142857142857142,0.012722215247890939,0.31468704424151117,0.006436041834271922,0.0649925295942995,True
five_band,0-1-1-3-1,1-0-3-1-1,1,14,0.07142857142857142,0.012722215247890939,0.31468704424151117,0.0056315366049879325,0.0657970348235835,True
five_band,0-1-1-3-1,1-1-1-3-0,1,14,0.07142857142857142,0.012722215247890939,0.31468704424151117,0.017699115044247787,0.05372945638432364,True
five_band,0-1-1-3-1,1-1-2-1-1,1,14,0.07142857142857142,0.012722215247890939,0.31468704424151117,0.016894609814963796,0.05453396161360763,True
five_band,0-1-1-3-1,1-3-0-0-2,1,14,0.07142857142857142,0.012722215247890939,0.31468704424151117,0.0016090104585679806,0.06981956097000344,True
five_band,0-1-1-3-1,1-3-1-1-0,1,14,0.07142857142857142,0.012722215247890939,0.31468704424151117,0.008849557522123894,0.06257901390644753,True
five_band,0-1-1-3-1,2-0-0-3-1,1,14,0.07142857142857142,0.012722215247890939,0.31468704424151117,0.002413515687851971,0.06901505574071945,True
five_band,0-1-1-3-1,2-0-1-1-2,1,14,0.07142857142857142,0.012722215247890939,0.31468704424151117,0.004022526146419952,0.06740604528215147,True
five_band,0-1-1-3-1,2-1-2-1-0,1,14,0.07142857142857142,0.012722215247890939,0.31468704424151117,0.03298471440064361,0.03844385702792782,True
five_band,0-1-1-3-1,2-2-1-1-0,1,14,0.07142857142857142,0.012722215247890939,0.31468704424151117,0.02091713596138375,0.05051143546718767,True
five_band,0-1-1-3-1,2-2-2-0-0,1,14,0.07142857142857142,0.012722215247890939,0.31468704424151117,0.017699115044247787,0.05372945638432364,True
five_band,0-1-1-3-1,3-1-1-1-0,1,14,0.07142857142857142,0.012722215247890939,0.31468704424151117,0.015285599356395816,0.05614297207217561,True
five_band,0-1-1-4-0,0-1-2-1-2,1,4,0.25,0.04558726080970055,0.6993581574175981,0.006436041834271922,0.24356395816572807,True
five_band,0-1-1-4-0,1-1-0-2-2,1,4,0.25,0.04558726080970055,0.6993581574175981,0.008849557522123894,0.2411504424778761,True
five_band,0-1-1-4-0,1-2-2-1-0,1,4,0.25,0.04558726080970055,0.6993581574175981,0.02172164119066774,0.22827835880933225,True
five_band,0-1-1-4-0,2-1-2-0-1,1,4,0.25,0.04558726080970055,0.6993581574175981,0.016894609814963796,0.2331053901850362,True
five_band,0-1-2-1-2,0-1-1-4-0,1,8,0.125,0.02241749145005667,0.4708881822128535,0.003218020917135961,0.12178197908286403,True
five_band,0-1-2-1-2,0-2-2-1-1,1,8,0.125,0.02241749145005667,0.4708881822128535,0.012067578439259855,0.11293242156074014,True
five_band,0-1-2-1-2,0-2-3-1-0,1,8,0.125,0.02241749145005667,0.4708881822128535,0.006436041834271922,0.11856395816572808,True
five_band,0-1-2-1-2,0-3-2-0-1,1,8,0.125,0.02241749145005667,0.4708881822128535,0.004022526146419952,0.12097747385358004,True
five_band,0-1-2-1-2,1-2-1-1-1,1,8,0.125,0.02241749145005667,0.4708881822128535,0.031375703942075624,0.09362429605792438,True
five_band,0-1-2-1-2,1-3-1-0-1,1,8,0.125,0.02241749145005667,0.4708881822128535,0.006436041834271922,0.11856395816572808,True
five_band,0-1-2-1-2,2-1-1-2-0,1,8,0.125,0.02241749145005667,0.4708881822128535,0.032180209171359615,0.09281979082864039,True
five_band,0-1-2-1-2,2-1-2-1-0,1,8,0.125,0.02241749145005667,0.4708881822128535,0.03298471440064361,0.0920152855993564,True
five_band,0-1-2-2-1,0-1-2-1-2,1,18,0.05555555555555555,0.009875190978303097,0.25757300781872594,0.006436041834271922,0.049119513721283634,True
five_band,0-1-2-2-1,0-1-2-2-1,1,18,0.05555555555555555,0.009875190978303097,0.25757300781872594,0.014481094127111826,0.041074461428443725,True
five_band,0-1-2-2-1,0-2-2-2-0,1,18,0.05555555555555555,0.009875190978303097,0.25757300781872594,0.009654062751407884,0.04590149280414767,True
five_band,0-1-2-2-1,1-0-0-4-1,1,18,0.05555555555555555,0.009875190978303097,0.25757300781872594,0.0016090104585679806,0.05394654509698757,True
five_band,0-1-2-2-1,1-0-3-1-1,1,18,0.05555555555555555,0.009875190978303097,0.25757300781872594,0.0056315366049879325,0.04992401895056762,True
five_band,0-1-2-2-1,1-1-1-3-0,1,18,0.05555555555555555,0.009875190978303097,0.25757300781872594,0.017699115044247787,0.037856440511307765,True
five_band,0-1-2-2-1,1-1-2-1-1,1,18,0.05555555555555555,0.009875190978303097,0.25757300781872594,0.016894609814963796,0.03866094574059176,True
five_band,0-1-2-2-1,1-2-1-2-0,3,18,0.16666666666666666,0.05836576805861446,0.39222038103915724,0.02574416733708769,0.14092249932957895,True
five_band,0-1-2-2-1,1-2-2-1-0,3,18,0.16666666666666666,0.05836576805861446,0.39222038103915724,0.02172164119066774,0.1449450254759989,True
five_band,0-1-2-2-1,1-3-0-2-0,1,18,0.05555555555555555,0.009875190978303097,0.25757300781872594,0.012872083668543845,0.04268347188701171,True
five_band,0-1-2-2-1,2-0-1-3-0,1,18,0.05555555555555555,0.009875190978303097,0.25757300781872594,0.008045052292839904,0.04751050326271565,True
five_band,0-1-2-2-1,2-2-0-1-1,1,18,0.05555555555555555,0.009875190978303097,0.25757300781872594,0.013676588897827836,0.041878966657727716,True
five_band,0-1-2-2-1,3-1-1-1-0,2,18,0.1111111111111111,0.03101952264561239,0.32799765130178804,0.015285599356395816,0.09582551175471529,True
five_band,0-1-2-3-0,1-1-1-3-0,1,8,0.125,0.02241749145005667,0.4708881822128535,0.017699115044247787,0.10730088495575221,True
five_band,0-1-2-3-0,1-2-2-1-0,1,8,0.125,0.02241749145005667,0.4708881822128535,0.02172164119066774,0.10327835880933225,True
five_band,0-1-2-3-0,1-3-0-1-1,1,8,0.125,0.02241749145005667,0.4708881822128535,0.008045052292839904,0.1169549477071601,True
five_band,0-1-2-3-0,2-1-0-1-2,1,8,0.125,0.02241749145005667,0.4708881822128535,0.0056315366049879325,0.11936846339501207,True
five_band,0-1-2-3-0,2-1-2-0-1,1,8,0.125,0.02241749145005667,0.4708881822128535,0.016894609814963796,0.1081053901850362,True
five_band,0-1-2-3-0,2-2-1-0-1,1,8,0.125,0.02241749145005667,0.4708881822128535,0.016090104585679808,0.1089098954143202,True
five_band,0-1-2-3-0,2-2-1-1-0,1,8,0.125,0.02241749145005667,0.4708881822128535,0.02091713596138375,0.10408286403861625,True
five_band,0-1-2-3-0,3-1-1-0-1,1,8,0.125,0.02241749145005667,0.4708881822128535,0.007240547063555913,0.11775945293644409,True
five_band,0-1-3-1-1,0-2-0-2-2,1,8,0.125,0.02241749145005667,0.4708881822128535,0.0016090104585679806,0.12339098954143202,True
five_band,0-1-3-1-1,1-1-0-2-2,1,8,0.125,0.02241749145005667,0.4708881822128535,0.008849557522123894,0.1161504424778761,True
five_band,0-1-3-1-1,1-1-2-0-2,1,8,0.125,0.02241749145005667,0.4708881822128535,0.004827031375703942,0.12017296862429606,True
five_band,0-1-3-1-1,1-3-0-2-0,1,8,0.125,0.02241749145005667,0.4708881822128535,0.012872083668543845,0.11212791633145616,True
five_band,0-1-3-1-1,2-1-0-3-0,1,8,0.125,0.02241749145005667,0.4708881822128535,0.007240547063555913,0.11775945293644409,True
five_band,0-1-3-1-1,2-1-1-0-2,1,8,0.125,0.02241749145005667,0.4708881822128535,0.006436041834271922,0.11856395816572808,True
five_band,0-1-3-1-1,2-1-1-1-1,1,8,0.125,0.02241749145005667,0.4708881822128535,0.028962188254223652,0.09603781174577634,True
five_band,0-1-3-1-1,3-0-2-1-0,1,8,0.125,0.02241749145005667,0.4708881822128535,0.004827031375703942,0.12017296862429606,True
five_band,0-1-3-2-0,1-1-0-3-1,1,6,0.16666666666666666,0.030053369748306635,0.5635028221864702,0.006436041834271922,0.16023062483239472,True
five_band,0-1-3-2-0,1-2-2-0-1,1,6,0.16666666666666666,0.030053369748306635,0.5635028221864702,0.013676588897827836,0.15299007776883883,True
five_band,0-1-3-2-0,2-0-2-2-0,2,6,0.3333333333333333,0.09677141110578041,0.700006684861608,0.015285599356395816,0.3180477339769375,True
five_band,0-1-3-2-0,2-1-0-2-1,1,6,0.16666666666666666,0.030053369748306635,0.5635028221864702,0.010458567980691875,0.1562080986859748,True
five_band,0-1-3-2-0,3-2-0-1-0,1,6,0.16666666666666666,0.030053369748306635,0.5635028221864702,0.0056315366049879325,0.16103513006167872,True
five_band,0-1-4-0-1,1-0-1-4-0,1,2,0.5,0.09453120573423074,0.9054687942657693,0.0008045052292839903,0.499195494770716,True
five_band,0-1-4-0-1,2-2-0-2-0,1,2,0.5,0.09453120573423074,0.9054687942657693,0.011263073209975865,0.4887369267900241,True
five_band,0-1-4-1-0,0-0-4-2-0,1,3,0.3333333333333333,0.06149194472039621,0.7923403991979522,0.0016090104585679806,0.33172432287476533,True
five_band,0-1-4-1-0,0-3-1-2-0,1,3,0.3333333333333333,0.06149194472039621,0.7923403991979522,0.0056315366049879325,0.3277017967283454,True
five_band,0-1-4-1-0,2-4-0-0-0,1,3,0.3333333333333333,0.06149194472039621,0.7923403991979522,0.002413515687851971,0.33091981764548134,True
five_band,0-1-5-0-0,1-3-0-1-1,1,1,1.0,0.20654931437723745,1.0,0.008045052292839904,0.9919549477071601,True
five_band,0-2-0-1-3,2-0-2-1-1,1,1,1.0,0.20654931437723745,1.0,0.012067578439259855,0.9879324215607401,True
five_band,0-2-0-2-2,0-2-1-0-3,1,2,0.5,0.09453120573423074,0.9054687942657693,0.0016090104585679806,0.498390989541432,True
five_band,0-2-0-2-2,1-1-2-1-1,1,2,0.5,0.09453120573423074,0.9054687942657693,0.016894609814963796,0.4831053901850362,True
five_band,0-2-0-3-1,0-3-2-1-0,1,2,0.5,0.09453120573423074,0.9054687942657693,0.013676588897827836,0.48632341110217214,True
five_band,0-2-0-3-1,1-0-1-3-1,1,2,0.5,0.09453120573423074,0.9054687942657693,0.008849557522123894,0.4911504424778761,True
five_band,0-2-0-4-0,2-1-2-1-0,1,1,1.0,0.20654931437723745,1.0,0.03298471440064361,0.9670152855993563,True
five_band,0-2-1-0-3,2-1-1-2-0,1,2,0.5,0.09453120573423074,0.9054687942657693,0.032180209171359615,0.4678197908286404,True
five_band,0-2-1-0-3,2-1-2-0-1,1,2,0.5,0.09453120573423074,0.9054687942657693,0.016894609814963796,0.4831053901850362,True
five_band,0-2-1-1-2,0-2-2-1-1,1,12,0.08333333333333333,0.014865094404917095,0.35387991114111694,0.012067578439259855,0.07126575489407347,True
five_band,0-2-1-1-2,0-3-1-1-1,1,12,0.08333333333333333,0.014865094404917095,0.35387991114111694,0.0056315366049879325,0.0777017967283454,True
five_band,0-2-1-1-2,0-3-2-1-0,1,12,0.08333333333333333,0.014865094404917095,0.35387991114111694,0.013676588897827836,0.06965674443550549,True
five_band,0-2-1-1-2,1-2-1-1-1,1,12,0.08333333333333333,0.014865094404917095,0.35387991114111694,0.031375703942075624,0.051957629391257705,True
five_band,0-2-1-1-2,1-2-2-1-0,1,12,0.08333333333333333,0.014865094404917095,0.35387991114111694,0.02172164119066774,0.06161169214266559,True
five_band,0-2-1-1-2,1-3-1-0-1,1,12,0.08333333333333333,0.014865094404917095,0.35387991114111694,0.006436041834271922,0.07689729149906141,True
five_band,0-2-1-1-2,2-1-0-1-2,2,12,0.16666666666666666,0.04696514218385378,0.4480308622529734,0.0056315366049879325,0.16103513006167872,True
five_band,0-2-1-1-2,2-1-2-0-1,1,12,0.08333333333333333,0.014865094404917095,0.35387991114111694,0.016894609814963796,0.06643872351836953,True
five_band,0-2-1-1-2,2-2-1-1-0,1,12,0.08333333333333333,0.014865094404917095,0.35387991114111694,0.02091713596138375,0.062416197371949575,True
five_band,0-2-1-1-2,3-1-1-0-1,1,12,0.08333333333333333,0.014865094404917095,0.35387991114111694,0.007240547063555913,0.07609278626977742,True
five_band,0-2-1-1-2,3-1-1-1-0,1,12,0.08333333333333333,0.014865094404917095,0.35387991114111694,0.015285599356395816,0.06804773397693752,True
five_band,0-2-1-2-1,0-0-3-0-3,1,21,0.047619047619047616,0.008455987809826399,0.22669360074122563,0.0008045052292839903,0.046814542389763625,True
five_band,0-2-1-2-1,0-1-1-3-1,1,21,0.047619047619047616,0.008455987809826399,0.22669360074122563,0.011263073209975865,0.03635597440907175,True
five_band,0-2-1-2-1,0-2-1-1-2,1,21,0.047619047619047616,0.008455987809826399,0.22669360074122563,0.009654062751407884,0.03796498486763973,True
five_band,0-2-1-2-1,0-2-1-2-1,1,21,0.047619047619047616,0.008455987809826399,0.22669360074122563,0.016894609814963796,0.03072443780408382,True
five_band,0-2-1-2-1,0-3-2-1-0,1,21,0.047619047619047616,0.008455987809826399,0.22669360074122563,0.013676588897827836,0.03394245872121978,True
five_band,0-2-1-2-1,1-0-2-1-2,1,21,0.047619047619047616,0.008455987809826399,0.22669360074122563,0.006436041834271922,0.0411830057847757,True
five_band,0-2-1-2-1,1-0-4-0-1,1,21,0.047619047619047616,0.008455987809826399,0.22669360074122563,0.0008045052292839903,0.046814542389763625,True
five_band,0-2-1-2-1,1-1-1-2-1,1,21,0.047619047619047616,0.008455987809826399,0.22669360074122563,0.0249396621078037,0.022679385511243915,True
five_band,0-2-1-2-1,1-1-2-1-1,1,21,0.047619047619047616,0.008455987809826399,0.22669360074122563,0.016894609814963796,0.03072443780408382,True
five_band,0-2-1-2-1,1-1-2-2-0,1,21,0.047619047619047616,0.008455987809826399,0.22669360074122563,0.02172164119066774,0.025897406428379878,True
five_band,0-2-1-2-1,1-2-1-1-1,2,21,0.09523809523809523,0.02651876743807452,0.2891413907391826,0.031375703942075624,0.06386239129601962,True
five_band,0-2-1-2-1,1-3-0-1-1,1,21,0.047619047619047616,0.008455987809826399,0.22669360074122563,0.008045052292839904,0.039573995326207714,True
five_band,0-2-1-2-1,2-0-2-1-1,1,21,0.047619047619047616,0.008455987809826399,0.22669360074122563,0.012067578439259855,0.03555146917978776,True
five_band,0-2-1-2-1,2-1-1-2-0,1,21,0.047619047619047616,0.008455987809826399,0.22669360074122563,0.032180209171359615,0.015438838447688001,True
five_band,0-2-1-2-1,2-1-2-1-0,3,21,0.14285714285714285,0.04981012499725268,0.34636060280620945,0.03298471440064361,0.10987242845649925,True
five_band,0-2-1-2-1,2-3-0-1-0,1,21,0.047619047619047616,0.008455987809826399,0.22669360074122563,0.006436041834271922,0.0411830057847757,True
five_band,0-2-1-2-1,2-3-1-0-0,1,21,0.047619047619047616,0.008455987809826399,0.22669360074122563,0.006436041834271922,0.0411830057847757,True
five_band,0-2-1-2-1,3-0-2-0-1,1,21,0.047619047619047616,0.008455987809826399,0.22669360074122563,0.004022526146419952,0.043596521472627665,True
five_band,0-2-1-3-0,0-4-0-1-1,1,10,0.1,0.017876213095072896,0.4041500267952385,0.003218020917135961,0.09678197908286404,True
five_band,0-2-1-3-0,1-0-2-2-1,1,10,0.1,0.017876213095072896,0.4041500267952385,0.008045052292839904,0.0919549477071601,True
five_band,0-2-1-3-0,1-1-1-2-1,1,10,0.1,0.017876213095072896,0.4041500267952385,0.0249396621078037,0.07506033789219631,True
five_band,0-2-1-3-0,1-1-1-3-0,1,10,0.1,0.017876213095072896,0.4041500267952385,0.017699115044247787,0.08230088495575222,True
five_band,0-2-1-3-0,1-2-0-2-1,1,10,0.1,0.017876213095072896,0.4041500267952385,0.016894609814963796,0.08310539018503621,True
five_band,0-2-1-3-0,1-2-2-1-0,1,10,0.1,0.017876213095072896,0.4041500267952385,0.02172164119066774,0.07827835880933226,True
five_band,0-2-1-3-0,2-0-0-1-3,1,10,0.1,0.017876213095072896,0.4041500267952385,0.0008045052292839903,0.09919549477071601,True
five_band,0-2-1-3-0,2-1-1-1-1,1,10,0.1,0.017876213095072896,0.4041500267952385,0.028962188254223652,0.07103781174577635,True
five_band,0-2-1-3-0,2-1-1-2-0,1,10,0.1,0.017876213095072896,0.4041500267952385,0.032180209171359615,0.0678197908286404,True
five_band,0-2-1-3-0,2-2-1-0-1,1,10,0.1,0.017876213095072896,0.4041500267952385,0.016090104585679808,0.0839098954143202,True
five_band,0-2-2-0-2,0-2-1-2-1,1,3,0.3333333333333333,0.06149194472039621,0.7923403991979522,0.016894609814963796,0.31643872351836955,True
five_band,0-2-2-0-2,0-3-2-1-0,1,3,0.3333333333333333,0.06149194472039621,0.7923403991979522,0.013676588897827836,0.31965674443550546,True
five_band,0-2-2-0-2,1-1-1-2-1,1,3,0.3333333333333333,0.06149194472039621,0.7923403991979522,0.0249396621078037,0.30839367122552963,True
five_band,0-2-2-1-1,0-1-1-3-1,1,15,0.06666666666666667,0.011866895493268553,0.2981652987378003,0.011263073209975865,0.0554035934566908,True
five_band,0-2-2-1-1,0-1-3-1-1,1,15,0.06666666666666667,0.011866895493268553,0.2981652987378003,0.006436041834271922,0.06023062483239475,True
five_band,0-2-2-1-1,0-2-2-2-0,1,15,0.06666666666666667,0.011866895493268553,0.2981652987378003,0.009654062751407884,0.05701260391525878,True
five_band,0-2-2-1-1,1-1-4-0-0,1,15,0.06666666666666667,0.011866895493268553,0.2981652987378003,0.002413515687851971,0.06425315097881469,True
five_band,0-2-2-1-1,1-2-0-2-1,1,15,0.06666666666666667,0.011866895493268553,0.2981652987378003,0.016894609814963796,0.04977205685170287,True
five_band,0-2-2-1-1,1-2-1-0-2,1,15,0.06666666666666667,0.011866895493268553,0.2981652987378003,0.0016090104585679806,0.06505765620809868,True
five_band,0-2-2-1-1,1-3-1-1-0,1,15,0.06666666666666667,0.011866895493268553,0.2981652987378003,0.008849557522123894,0.05781710914454277,True
five_band,0-2-2-1-1,2-1-0-3-0,1,15,0.06666666666666667,0.011866895493268553,0.2981652987378003,0.007240547063555913,0.059426119603110755,True
five_band,0-2-2-1-1,2-1-1-2-0,1,15,0.06666666666666667,0.011866895493268553,0.2981652987378003,0.032180209171359615,0.03448645749530705,True
five_band,0-2-2-1-1,2-1-2-0-1,1,15,0.06666666666666667,0.011866895493268553,0.2981652987378003,0.016894609814963796,0.04977205685170287,True
five_band,0-2-2-1-1,2-1-2-1-0,1,15,0.06666666666666667,0.011866895493268553,0.2981652987378003,0.03298471440064361,0.03368195226602306,True
five_band,0-2-2-1-1,2-2-1-0-1,1,15,0.06666666666666667,0.011866895493268553,0.2981652987378003,0.016090104585679808,0.05057656208098686,True
five_band,0-2-2-1-1,2-2-1-1-0,1,15,0.06666666666666667,0.011866895493268553,0.2981652987378003,0.02091713596138375,0.04574953070528291,True
five_band,0-2-2-1-1,2-3-1-0-0,1,15,0.06666666666666667,0.011866895493268553,0.2981652987378003,0.006436041834271922,0.06023062483239475,True
five_band,0-2-2-1-1,3-1-0-2-0,1,15,0.06666666666666667,0.011866895493268553,0.2981652987378003,0.010458567980691875,0.05620809868597479,True
five_band,0-2-2-2-0,0-2-2-1-1,1,12,0.08333333333333333,0.014865094404917095,0.35387991114111694,0.012067578439259855,0.07126575489407347,True
five_band,0-2-2-2-0,0-3-1-1-1,1,12,0.08333333333333333,0.014865094404917095,0.35387991114111694,0.0056315366049879325,0.0777017967283454,True
five_band,0-2-2-2-0,1-1-1-2-1,2,12,0.16666666666666666,0.04696514218385378,0.4480308622529734,0.0249396621078037,0.14172700455886295,True
five_band,0-2-2-2-0,1-1-1-3-0,1,12,0.08333333333333333,0.014865094404917095,0.35387991114111694,0.017699115044247787,0.06563421828908554,True
five_band,0-2-2-2-0,1-1-3-1-0,1,12,0.08333333333333333,0.014865094404917095,0.35387991114111694,0.012872083668543845,0.07046124966478948,True
five_band,0-2-2-2-0,1-2-0-1-2,1,12,0.08333333333333333,0.014865094404917095,0.35387991114111694,0.007240547063555913,0.07609278626977742,True
five_band,0-2-2-2-0,1-2-1-1-1,1,12,0.08333333333333333,0.014865094404917095,0.35387991114111694,0.031375703942075624,0.051957629391257705,True
five_band,0-2-2-2-0,2-0-2-1-1,1,12,0.08333333333333333,0.014865094404917095,0.35387991114111694,0.012067578439259855,0.07126575489407347,True
five_band,0-2-2-2-0,2-0-2-2-0,1,12,0.08333333333333333,0.014865094404917095,0.35387991114111694,0.015285599356395816,0.06804773397693752,True
five_band,0-2-2-2-0,2-0-3-0-1,1,12,0.08333333333333333,0.014865094404917095,0.35387991114111694,0.002413515687851971,0.08091981764548135,True
five_band,0-2-2-2-0,2-1-1-2-0,1,12,0.08333333333333333,0.014865094404917095,0.35387991114111694,0.032180209171359615,0.05115312416197371,True
five_band,0-2-3-0-1,1-1-2-2-0,1,4,0.25,0.04558726080970055,0.6993581574175981,0.02172164119066774,0.22827835880933225,True
five_band,0-2-3-0-1,1-3-0-2-0,1,4,0.25,0.04558726080970055,0.6993581574175981,0.012872083668543845,0.23712791633145616,True
five_band,0-2-3-0-1,2-1-1-2-0,1,4,0.25,0.04558726080970055,0.6993581574175981,0.032180209171359615,0.2178197908286404,True
five_band,0-2-3-0-1,2-2-1-1-0,1,4,0.25,0.04558726080970055,0.6993581574175981,0.02091713596138375,0.22908286403861625,True
five_band,0-2-3-1-0,0-2-1-3-0,1,8,0.125,0.02241749145005667,0.4708881822128535,0.008045052292839904,0.1169549477071601,True
five_band,0-2-3-1-0,0-2-3-0-1,1,8,0.125,0.02241749145005667,0.4708881822128535,0.003218020917135961,0.12178197908286403,True
five_band,0-2-3-1-0,1-1-2-1-1,1,8,0.125,0.02241749145005667,0.4708881822128535,0.016894609814963796,0.1081053901850362,True
five_band,0-2-3-1-0,1-1-3-0-1,1,8,0.125,0.02241749145005667,0.4708881822128535,0.009654062751407884,0.11534593724859211,True
five_band,0-2-3-1-0,1-3-2-0-0,1,8,0.125,0.02241749145005667,0.4708881822128535,0.008849557522123894,0.1161504424778761,True
five_band,0-2-3-1-0,2-0-2-2-0,1,8,0.125,0.02241749145005667,0.4708881822128535,0.015285599356395816,0.10971440064360419,True
five_band,0-2-3-1-0,2-1-1-1-1,1,8,0.125,0.02241749145005667,0.4708881822128535,0.028962188254223652,0.09603781174577634,True
five_band,0-2-3-1-0,2-3-0-1-0,1,8,0.125,0.02241749145005667,0.4708881822128535,0.006436041834271922,0.11856395816572808,True
five_band,0-2-4-0-0,0-1-1-3-1,1,3,0.3333333333333333,0.06149194472039621,0.7923403991979522,0.011263073209975865,0.32207026012335743,True
five_band,0-2-4-0-0,2-3-0-1-0,1,3,0.3333333333333333,0.06149194472039621,0.7923403991979522,0.006436041834271922,0.3268972914990614,True
five_band,0-2-4-0-0,3-1-1-1-0,1,3,0.3333333333333333,0.06149194472039621,0.7923403991979522,0.015285599356395816,0.3180477339769375,True
five_band,0-3-0-1-2,0-2-3-1-0,1,1,1.0,0.20654931437723745,1.0,0.006436041834271922,0.9935639581657281,True
five_band,0-3-0-2-1,1-1-0-2-2,1,3,0.3333333333333333,0.06149194472039621,0.7923403991979522,0.008849557522123894,0.3244837758112094,True
five_band,0-3-0-2-1,1-1-2-0-2,1,3,0.3333333333333333,0.06149194472039621,0.7923403991979522,0.004827031375703942,0.32850630195762937,True
five_band,0-3-0-2-1,1-2-1-1-1,1,3,0.3333333333333333,0.06149194472039621,0.7923403991979522,0.031375703942075624,0.3019576293912577,True
five_band,0-3-0-3-0,1-1-1-2-1,1,2,0.5,0.09453120573423074,0.9054687942657693,0.0249396621078037,0.4750603378921963,True
five_band,0-3-0-3-0,1-1-2-0-2,1,2,0.5,0.09453120573423074,0.9054687942657693,0.004827031375703942,0.49517296862429605,True
five_band,0-3-1-0-2,0-1-4-1-0,1,2,0.5,0.09453120573423074,0.9054687942657693,0.002413515687851971,0.497586484312148,True
five_band,0-3-1-0-2,2-2-2-0-0,1,2,0.5,0.09453120573423074,0.9054687942657693,0.017699115044247787,0.4823008849557522,True
five_band,0-3-1-1-1,0-1-3-1-1,1,7,0.14285714285714285,0.02567962434474355,0.5131278292743189,0.006436041834271922,0.13642110102287092,True
five_band,0-3-1-1-1,0-2-1-1-2,2,7,0.2857142857142857,0.08221892400405678,0.6410655481673808,0.009654062751407884,0.2760602229628778,True
five_band,0-3-1-1-1,0-2-1-2-1,1,7,0.14285714285714285,0.02567962434474355,0.5131278292743189,0.016894609814963796,0.12596253304217905,True
five_band,0-3-1-1-1,1-1-2-2-0,1,7,0.14285714285714285,0.02567962434474355,0.5131278292743189,0.02172164119066774,0.1211355016664751,True
five_band,0-3-1-1-1,1-2-0-3-0,1,7,0.14285714285714285,0.02567962434474355,0.5131278292743189,0.0056315366049879325,0.1372256062521549,True
five_band,0-3-1-1-1,2-1-2-1-0,1,7,0.14285714285714285,0.02567962434474355,0.5131278292743189,0.03298471440064361,0.10987242845649925,True
five_band,0-3-1-2-0,0-1-2-3-0,1,7,0.14285714285714285,0.02567962434474355,0.5131278292743189,0.006436041834271922,0.13642110102287092,True
five_band,0-3-1-2-0,0-2-0-3-1,1,7,0.14285714285714285,0.02567962434474355,0.5131278292743189,0.0016090104585679806,0.14124813239857487,True
five_band,0-3-1-2-0,0-3-0-3-0,1,7,0.14285714285714285,0.02567962434474355,0.5131278292743189,0.0016090104585679806,0.14124813239857487,True
five_band,0-3-1-2-0,1-0-2-2-1,1,7,0.14285714285714285,0.02567962434474355,0.5131278292743189,0.008045052292839904,0.13481209056430293,True
five_band,0-3-1-2-0,2-2-1-0-1,1,7,0.14285714285714285,0.02567962434474355,0.5131278292743189,0.016090104585679808,0.12676703827146305,True
five_band,0-3-1-2-0,3-2-0-1-0,1,7,0.14285714285714285,0.02567962434474355,0.5131278292743189,0.0056315366049879325,0.1372256062521549,True
five_band,0-3-1-2-0,4-1-1-0-0,1,7,0.14285714285714285,0.02567962434474355,0.5131278292743189,0.0016090104585679806,0.14124813239857487,True
five_band,0-3-2-0-1,0-0-3-1-2,1,5,0.2,0.03622410863243014,0.6244653702374747,0.0016090104585679806,0.19839098954143203,True
five_band,0-3-2-0-1,0-4-1-1-0,1,5,0.2,0.03622410863243014,0.6244653702374747,0.002413515687851971,0.19758648431214804,True
five_band,0-3-2-0-1,1-2-0-1-2,1,5,0.2,0.03622410863243014,0.6244653702374747,0.007240547063555913,0.1927594529364441,True
five_band,0-3-2-0-1,2-1-1-0-2,1,5,0.2,0.03622410863243014,0.6244653702374747,0.006436041834271922,0.19356395816572808,True
five_band,0-3-2-0-1,4-0-2-0-0,1,5,0.2,0.03622410863243014,0.6244653702374747,0.0016090104585679806,0.19839098954143203,True
five_band,0-3-2-1-0,0-1-2-2-1,1,17,0.058823529411764705,0.010460400984997592,0.26982030637575405,0.014481094127111826,0.04434243528465288,True
five_band,0-3-2-1-0,0-2-0-1-3,1,17,0.058823529411764705,0.010460400984997592,0.26982030637575405,0.0008045052292839903,0.058019024182480713,True
five_band,0-3-2-1-0,0-2-1-0-3,1,17,0.058823529411764705,0.010460400984997592,0.26982030637575405,0.0016090104585679806,0.05721451895319672,True
five_band,0-3-2-1-0,0-2-1-2-1,1,17,0.058823529411764705,0.010460400984997592,0.26982030637575405,0.016894609814963796,0.04192891959680091,True
five_band,0-3-2-1-0,1-0-0-4-1,1,17,0.058823529411764705,0.010460400984997592,0.26982030637575405,0.0016090104585679806,0.05721451895319672,True
five_band,0-3-2-1-0,1-0-1-3-1,1,17,0.058823529411764705,0.010460400984997592,0.26982030637575405,0.008849557522123894,0.04997397188964081,True
five_band,0-3-2-1-0,1-0-2-3-0,1,17,0.058823529411764705,0.010460400984997592,0.26982030637575405,0.008045052292839904,0.0507784771189248,True
five_band,0-3-2-1-0,1-1-1-2-1,1,17,0.058823529411764705,0.010460400984997592,0.26982030637575405,0.0249396621078037,0.03388386730396101,True
five_band,0-3-2-1-0,1-2-1-0-2,1,17,0.058823529411764705,0.010460400984997592,0.26982030637575405,0.0016090104585679806,0.05721451895319672,True
five_band,0-3-2-1-0,1-3-1-0-1,1,17,0.058823529411764705,0.010460400984997592,0.26982030637575405,0.006436041834271922,0.052387487577492786,True
five_band,0-3-2-1-0,1-3-2-0-0,1,17,0.058823529411764705,0.010460400984997592,0.26982030637575405,0.008849557522123894,0.04997397188964081,True
five_band,0-3-2-1-0,2-0-2-1-1,1,17,0.058823529411764705,0.010460400984997592,0.26982030637575405,0.012067578439259855,0.04675595097250485,True
five_band,0-3-2-1-0,2-1-1-2-0,3,17,0.17647058823529413,0.06191126637620997,0.41029458568834126,0.032180209171359615,0.14429037906393452,True
five_band,0-3-2-1-0,3-0-1-2-0,1,17,0.058823529411764705,0.010460400984997592,0.26982030637575405,0.003218020917135961,0.055605508494628746,True
five_band,0-3-2-1-0,3-2-1-0-0,1,17,0.058823529411764705,0.010460400984997592,0.26982030637575405,0.006436041834271922,0.052387487577492786,True
five_band,0-3-3-0-0,1-0-0-3-2,1,1,1.0,0.20654931437723745,1.0,0.002413515687851971,0.997586484312148,True
five_band,0-4-0-0-2,3-2-1-0-0,1,1,1.0,0.20654931437723745,1.0,0.006436041834271922,0.9935639581657281,True
five_band,0-4-0-1-1,0-3-1-2-0,1,4,0.25,0.04558726080970055,0.6993581574175981,0.0056315366049879325,0.24436846339501206,True
five_band,0-4-0-1-1,1-2-2-0-1,1,4,0.25,0.04558726080970055,0.6993581574175981,0.013676588897827836,0.23632341110217217,True
five_band,0-4-0-1-1,2-0-2-2-0,1,4,0.25,0.04558726080970055,0.6993581574175981,0.015285599356395816,0.2347144006436042,True
five_band,0-4-0-1-1,3-2-0-1-0,1,4,0.25,0.04558726080970055,0.6993581574175981,0.0056315366049879325,0.24436846339501206,True
five_band,0-4-1-0-1,2-1-1-2-0,1,1,1.0,0.20654931437723745,1.0,0.032180209171359615,0.9678197908286403,True
five_band,0-4-1-1-0,1-1-0-3-1,1,3,0.3333333333333333,0.06149194472039621,0.7923403991979522,0.006436041834271922,0.3268972914990614,True
five_band,0-4-1-1-0,1-2-1-2-0,1,3,0.3333333333333333,0.06149194472039621,0.7923403991979522,0.02574416733708769,0.30758916599624564,True
five_band,0-4-1-1-0,2-1-2-0-1,1,3,0.3333333333333333,0.06149194472039621,0.7923403991979522,0.016894609814963796,0.31643872351836955,True
five_band,0-4-2-0-0,2-2-2-0-0,1,1,1.0,0.20654931437723745,1.0,0.017699115044247787,0.9823008849557522,True
five_band,0-5-0-0-1,2-3-0-0-1,1,1,1.0,0.20654931437723745,1.0,0.0056315366049879325,0.9943684633950121,True
five_band,0-5-0-1-0,2-1-0-2-1,1,1,1.0,0.20654931437723745,1.0,0.010458567980691875,0.9895414320193081,True
five_band,1-0-0-3-2,0-1-2-2-1,1,3,0.3333333333333333,0.06149194472039621,0.7923403991979522,0.014481094127111826,0.31885223920622147,True
five_band,1-0-0-3-2,1-0-2-1-2,1,3,0.3333333333333333,0.06149194472039621,0.7923403991979522,0.006436041834271922,0.3268972914990614,True
five_band,1-0-0-3-2,1-1-1-2-1,1,3,0.3333333333333333,0.06149194472039621,0.7923403991979522,0.0249396621078037,0.30839367122552963,True
five_band,1-0-0-4-1,1-1-2-1-1,1,2,0.5,0.09453120573423074,0.9054687942657693,0.016894609814963796,0.4831053901850362,True
five_band,1-0-0-4-1,2-2-0-2-0,1,2,0.5,0.09453120573423074,0.9054687942657693,0.011263073209975865,0.4887369267900241,True
five_band,1-0-1-1-3,0-2-2-1-1,1,2,0.5,0.09453120573423074,0.9054687942657693,0.012067578439259855,0.4879324215607401,True
five_band,1-0-1-1-3,2-1-1-2-0,1,2,0.5,0.09453120573423074,0.9054687942657693,0.032180209171359615,0.4678197908286404,True
five_band,1-0-1-2-2,2-0-1-2-1,1,3,0.3333333333333333,0.06149194472039621,0.7923403991979522,0.008849557522123894,0.3244837758112094,True
five_band,1-0-1-2-2,2-1-1-1-1,1,3,0.3333333333333333,0.06149194472039621,0.7923403991979522,0.028962188254223652,0.3043711450791097,True
five_band,1-0-1-2-2,3-0-1-1-1,1,3,0.3333333333333333,0.06149194472039621,0.7923403991979522,0.002413515687851971,0.33091981764548134,True
five_band,1-0-1-3-1,0-1-2-1-2,1,11,0.09090909090909091,0.016232172885884855,0.37735843645159567,0.006436041834271922,0.08447304907481899,True
five_band,1-0-1-3-1,1-1-3-1-0,1,11,0.09090909090909091,0.016232172885884855,0.37735843645159567,0.012872083668543845,0.07803700724054707,True
five_band,1-0-1-3-1,1-2-0-2-1,1,11,0.09090909090909091,0.016232172885884855,0.37735843645159567,0.016894609814963796,0.07401448109412712,True
five_band,1-0-1-3-1,1-2-1-1-1,1,11,0.09090909090909091,0.016232172885884855,0.37735843645159567,0.031375703942075624,0.05953338696701529,True
five_band,1-0-1-3-1,1-3-2-0-0,1,11,0.09090909090909091,0.016232172885884855,0.37735843645159567,0.008849557522123894,0.08205953338696702,True
five_band,1-0-1-3-1,2-0-2-2-0,1,11,0.09090909090909091,0.016232172885884855,0.37735843645159567,0.015285599356395816,0.0756234915526951,True
five_band,1-0-1-3-1,2-1-1-1-1,1,11,0.09090909090909091,0.016232172885884855,0.37735843645159567,0.028962188254223652,0.061946902654867256,True
five_band,1-0-1-3-1,2-1-1-2-0,1,11,0.09090909090909091,0.016232172885884855,0.37735843645159567,0.032180209171359615,0.058728881737731296,True
five_band,1-0-1-3-1,2-1-2-1-0,1,11,0.09090909090909091,0.016232172885884855,0.37735843645159567,0.03298471440064361,0.057924376508447305,True
five_band,1-0-1-3-1,3-1-1-1-0,1,11,0.09090909090909091,0.016232172885884855,0.37735843645159567,0.015285599356395816,0.0756234915526951,True
five_band,1-0-1-3-1,3-1-2-0-0,1,11,0.09090909090909091,0.016232172885884855,0.37735843645159567,0.0056315366049879325,0.08527755430410298,True
five_band,1-0-1-4-0,1-0-3-2-0,1,1,1.0,0.20654931437723745,1.0,0.007240547063555913,0.9927594529364441,True
five_band,1-0-2-1-2,0-1-4-1-0,1,8,0.125,0.02241749145005667,0.4708881822128535,0.002413515687851971,0.12258648431214803,True
five_band,1-0-2-1-2,1-0-2-3-0,1,8,0.125,0.02241749145005667,0.4708881822128535,0.008045052292839904,0.1169549477071601,True
five_band,1-0-2-1-2,1-2-0-2-1,1,8,0.125,0.02241749145005667,0.4708881822128535,0.016894609814963796,0.1081053901850362,True
five_band,1-0-2-1-2,2-0-0-2-2,1,8,0.125,0.02241749145005667,0.4708881822128535,0.003218020917135961,0.12178197908286403,True
five_band,1-0-2-1-2,2-1-0-3-0,1,8,0.125,0.02241749145005667,0.4708881822128535,0.007240547063555913,0.11775945293644409,True
five_band,1-0-2-1-2,2-1-1-0-2,1,8,0.125,0.02241749145005667,0.4708881822128535,0.006436041834271922,0.11856395816572808,True
five_band,1-0-2-1-2,3-0-0-3-0,1,8,0.125,0.02241749145005667,0.4708881822128535,0.0016090104585679806,0.12339098954143202,True
five_band,1-0-2-1-2,3-1-0-1-1,1,8,0.125,0.02241749145005667,0.4708881822128535,0.0056315366049879325,0.11936846339501207,True
five_band,1-0-2-2-1,0-1-0-3-2,1,10,0.1,0.017876213095072896,0.4041500267952385,0.003218020917135961,0.09678197908286404,True
five_band,1-0-2-2-1,0-2-2-1-1,1,10,0.1,0.017876213095072896,0.4041500267952385,0.012067578439259855,0.08793242156074015,True
five_band,1-0-2-2-1,1-0-0-3-2,1,10,0.1,0.017876213095072896,0.4041500267952385,0.002413515687851971,0.09758648431214803,True
five_band,1-0-2-2-1,1-0-1-2-2,1,10,0.1,0.017876213095072896,0.4041500267952385,0.002413515687851971,0.09758648431214803,True
five_band,1-0-2-2-1,1-0-1-3-1,1,10,0.1,0.017876213095072896,0.4041500267952385,0.008849557522123894,0.09115044247787611,True
five_band,1-0-2-2-1,1-0-3-2-0,1,10,0.1,0.017876213095072896,0.4041500267952385,0.007240547063555913,0.0927594529364441,True
five_band,1-0-2-2-1,1-2-0-3-0,1,10,0.1,0.017876213095072896,0.4041500267952385,0.0056315366049879325,0.09436846339501208,True
five_band,1-0-2-2-1,1-3-2-0-0,1,10,0.1,0.017876213095072896,0.4041500267952385,0.008849557522123894,0.09115044247787611,True
five_band,1-0-2-2-1,2-1-1-1-1,1,10,0.1,0.017876213095072896,0.4041500267952385,0.028962188254223652,0.07103781174577635,True
five_band,1-0-2-2-1,2-2-1-1-0,1,10,0.1,0.017876213095072896,0.4041500267952385,0.02091713596138375,0.07908286403861625,True
five_band,1-0-2-3-0,0-2-2-1-1,1,11,0.09090909090909091,0.016232172885884855,0.37735843645159567,0.012067578439259855,0.07884151246983105,True
five_band,1-0-2-3-0,1-1-1-1-2,1,11,0.09090909090909091,0.016232172885884855,0.37735843645159567,0.012872083668543845,0.07803700724054707,True
five_band,1-0-2-3-0,1-1-2-1-1,1,11,0.09090909090909091,0.016232172885884855,0.37735843645159567,0.016894609814963796,0.07401448109412712,True
five_band,1-0-2-3-0,1-2-0-1-2,1,11,0.09090909090909091,0.016232172885884855,0.37735843645159567,0.007240547063555913,0.083668543845535,True
five_band,1-0-2-3-0,2-0-1-3-0,1,11,0.09090909090909091,0.016232172885884855,0.37735843645159567,0.008045052292839904,0.08286403861625101,True
five_band,1-0-2-3-0,2-0-2-2-0,1,11,0.09090909090909091,0.016232172885884855,0.37735843645159567,0.015285599356395816,0.0756234915526951,True
five_band,1-0-2-3-0,2-0-3-0-1,1,11,0.09090909090909091,0.016232172885884855,0.37735843645159567,0.002413515687851971,0.08849557522123894,True
five_band,1-0-2-3-0,2-2-1-0-1,1,11,0.09090909090909091,0.016232172885884855,0.37735843645159567,0.016090104585679808,0.07481898632341111,True
five_band,1-0-2-3-0,2-2-1-1-0,1,11,0.09090909090909091,0.016232172885884855,0.37735843645159567,0.02091713596138375,0.06999195494770716,True
five_band,1-0-2-3-0,3-1-0-0-2,1,11,0.09090909090909091,0.016232172885884855,0.37735843645159567,0.0016090104585679806,0.08930008045052293,True
five_band,1-0-2-3-0,3-3-0-0-0,1,11,0.09090909090909091,0.016232172885884855,0.37735843645159567,0.004022526146419952,0.08688656476267095,True
five_band,1-0-3-1-1,0-1-3-1-1,1,7,0.14285714285714285,0.02567962434474355,0.5131278292743189,0.006436041834271922,0.13642110102287092,True
five_band,1-0-3-1-1,1-0-2-2-1,1,7,0.14285714285714285,0.02567962434474355,0.5131278292743189,0.008045052292839904,0.13481209056430293,True
five_band,1-0-3-1-1,1-2-0-3-0,1,7,0.14285714285714285,0.02567962434474355,0.5131278292743189,0.0056315366049879325,0.1372256062521549,True
five_band,1-0-3-1-1,1-2-2-0-1,1,7,0.14285714285714285,0.02567962434474355,0.5131278292743189,0.013676588897827836,0.12918055395931502,True
five_band,1-0-3-1-1,1-2-2-1-0,1,7,0.14285714285714285,0.02567962434474355,0.5131278292743189,0.02172164119066774,0.1211355016664751,True
five_band,1-0-3-1-1,2-2-0-0-2,1,7,0.14285714285714285,0.02567962434474355,0.5131278292743189,0.002413515687851971,0.14044362716929087,True
five_band,1-0-3-1-1,3-1-1-1-0,1,7,0.14285714285714285,0.02567962434474355,0.5131278292743189,0.015285599356395816,0.12757154350074704,True
five_band,1-0-3-2-0,0-0-3-3-0,1,9,0.1111111111111111,0.019890887638544907,0.434999705576656,0.003218020917135961,0.10789309019397514,True
five_band,1-0-3-2-0,0-2-1-2-1,1,9,0.1111111111111111,0.019890887638544907,0.434999705576656,0.016894609814963796,0.09421650129614731,True
five_band,1-0-3-2-0,0-5-0-1-0,1,9,0.1111111111111111,0.019890887638544907,0.434999705576656,0.0008045052292839903,0.11030660588182711,True
five_band,1-0-3-2-0,1-1-2-1-1,1,9,0.1111111111111111,0.019890887638544907,0.434999705576656,0.016894609814963796,0.09421650129614731,True
five_band,1-0-3-2-0,1-2-1-1-1,1,9,0.1111111111111111,0.019890887638544907,0.434999705576656,0.031375703942075624,0.07973540716903549,True
five_band,1-0-3-2-0,1-2-1-2-0,1,9,0.1111111111111111,0.019890887638544907,0.434999705576656,0.02574416733708769,0.08536694377402342,True
five_band,1-0-3-2-0,1-3-1-0-1,1,9,0.1111111111111111,0.019890887638544907,0.434999705576656,0.006436041834271922,0.10467506927683919,True
five_band,1-0-3-2-0,2-1-0-3-0,1,9,0.1111111111111111,0.019890887638544907,0.434999705576656,0.007240547063555913,0.1038705640475552,True
five_band,1-0-3-2-0,2-1-1-2-0,1,9,0.1111111111111111,0.019890887638544907,0.434999705576656,0.032180209171359615,0.0789309019397515,True
five_band,1-0-4-0-1,1-1-1-3-0,1,1,1.0,0.20654931437723745,1.0,0.017699115044247787,0.9823008849557522,True
five_band,1-1-0-1-3,0-1-1-3-1,1,1,1.0,0.20654931437723745,1.0,0.011263073209975865,0.9887369267900241,True
five_band,1-1-0-2-2,0-2-2-1-1,1,11,0.09090909090909091,0.016232172885884855,0.37735843645159567,0.012067578439259855,0.07884151246983105,True
five_band,1-1-0-2-2,0-3-0-2-1,1,11,0.09090909090909091,0.016232172885884855,0.37735843645159567,0.002413515687851971,0.08849557522123894,True
five_band,1-1-0-2-2,1-1-0-4-0,1,11,0.09090909090909091,0.016232172885884855,0.37735843645159567,0.003218020917135961,0.08769106999195495,True
five_band,1-1-0-2-2,1-1-2-2-0,1,11,0.09090909090909091,0.016232172885884855,0.37735843645159567,0.02172164119066774,0.06918744971842317,True
five_band,1-1-0-2-2,1-2-1-1-1,1,11,0.09090909090909091,0.016232172885884855,0.37735843645159567,0.031375703942075624,0.05953338696701529,True
five_band,1-1-0-2-2,1-2-1-2-0,1,11,0.09090909090909091,0.016232172885884855,0.37735843645159567,0.02574416733708769,0.06516492357200322,True
five_band,1-1-0-2-2,2-0-1-2-1,1,11,0.09090909090909091,0.016232172885884855,0.37735843645159567,0.008849557522123894,0.08205953338696702,True
five_band,1-1-0-2-2,2-1-1-1-1,1,11,0.09090909090909091,0.016232172885884855,0.37735843645159567,0.028962188254223652,0.061946902654867256,True
five_band,1-1-0-2-2,2-1-2-1-0,1,11,0.09090909090909091,0.016232172885884855,0.37735843645159567,0.03298471440064361,0.057924376508447305,True
five_band,1-1-0-2-2,2-2-0-1-1,1,11,0.09090909090909091,0.016232172885884855,0.37735843645159567,0.013676588897827836,0.07723250201126308,True
five_band,1-1-0-2-2,2-2-2-0-0,1,11,0.09090909090909091,0.016232172885884855,0.37735843645159567,0.017699115044247787,0.07320997586484312,True
five_band,1-1-0-3-1,0-0-2-4-0,1,8,0.125,0.02241749145005667,0.4708881822128535,0.002413515687851971,0.12258648431214803,True
five_band,1-1-0-3-1,0-0-3-3-0,1,8,0.125,0.02241749145005667,0.4708881822128535,0.003218020917135961,0.12178197908286403,True
five_band,1-1-0-3-1,0-4-0-1-1,1,8,0.125,0.02241749145005667,0.4708881822128535,0.003218020917135961,0.12178197908286403,True
five_band,1-1-0-3-1,1-0-1-3-1,1,8,0.125,0.02241749145005667,0.4708881822128535,0.008849557522123894,0.1161504424778761,True
five_band,1-1-0-3-1,1-1-2-1-1,1,8,0.125,0.02241749145005667,0.4708881822128535,0.016894609814963796,0.1081053901850362,True
five_band,1-1-0-3-1,1-2-0-2-1,1,8,0.125,0.02241749145005667,0.4708881822128535,0.016894609814963796,0.1081053901850362,True
five_band,1-1-0-3-1,1-2-1-1-1,1,8,0.125,0.02241749145005667,0.4708881822128535,0.031375703942075624,0.09362429605792438,True
five_band,1-1-0-3-1,1-3-0-1-1,1,8,0.125,0.02241749145005667,0.4708881822128535,0.008045052292839904,0.1169549477071601,True
five_band,1-1-0-4-0,0-0-3-1-2,1,4,0.25,0.04558726080970055,0.6993581574175981,0.0016090104585679806,0.24839098954143202,True
five_band,1-1-0-4-0,1-1-2-2-0,1,4,0.25,0.04558726080970055,0.6993581574175981,0.02172164119066774,0.22827835880933225,True
five_band,1-1-0-4-0,2-0-2-1-1,1,4,0.25,0.04558726080970055,0.6993581574175981,0.012067578439259855,0.23793242156074015,True
five_band,1-1-0-4-0,3-0-1-0-2,1,4,0.25,0.04558726080970055,0.6993581574175981,0.0016090104585679806,0.24839098954143202,True
five_band,1-1-1-0-3,0-2-3-0-1,1,2,0.5,0.09453120573423074,0.9054687942657693,0.003218020917135961,0.49678197908286403,True
five_band,1-1-1-0-3,3-0-0-2-1,1,2,0.5,0.09453120573423074,0.9054687942657693,0.0008045052292839903,0.499195494770716,True
five_band,1-1-1-1-2,0-1-2-2-1,1,16,0.0625,0.01111934476464252,0.28328737570298945,0.014481094127111826,0.04801890587288817,True
five_band,1-1-1-1-2,0-1-3-1-1,1,16,0.0625,0.01111934476464252,0.28328737570298945,0.006436041834271922,0.05606395816572808,True
five_band,1-1-1-1-2,0-2-1-1-2,1,16,0.0625,0.01111934476464252,0.28328737570298945,0.009654062751407884,0.052845937248592115,True
five_band,1-1-1-1-2,0-2-1-2-1,1,16,0.0625,0.01111934476464252,0.28328737570298945,0.016894609814963796,0.045605390185036204,True
five_band,1-1-1-1-2,1-1-2-2-0,2,16,0.125,0.03497748774324047,0.36022827265758695,0.02172164119066774,0.10327835880933225,True
five_band,1-1-1-1-2,1-2-1-2-0,1,16,0.0625,0.01111934476464252,0.28328737570298945,0.02574416733708769,0.03675583266291231,True
five_band,1-1-1-1-2,1-2-2-0-1,1,16,0.0625,0.01111934476464252,0.28328737570298945,0.013676588897827836,0.048823411102172164,True
five_band,1-1-1-1-2,1-2-3-0-0,1,16,0.0625,0.01111934476464252,0.28328737570298945,0.003218020917135961,0.05928197908286404,True
five_band,1-1-1-1-2,1-3-0-2-0,1,16,0.0625,0.01111934476464252,0.28328737570298945,0.012872083668543845,0.049627916331456155,True
five_band,1-1-1-1-2,2-0-0-4-0,1,16,0.0625,0.01111934476464252,0.28328737570298945,0.0016090104585679806,0.06089098954143202,True
five_band,1-1-1-1-2,2-1-1-1-1,1,16,0.0625,0.01111934476464252,0.28328737570298945,0.028962188254223652,0.033537811745776344,True
five_band,1-1-1-1-2,2-1-1-2-0,1,16,0.0625,0.01111934476464252,0.28328737570298945,0.032180209171359615,0.030319790828640385,True
five_band,1-1-1-1-2,2-1-2-1-0,1,16,0.0625,0.01111934476464252,0.28328737570298945,0.03298471440064361,0.029515285599356393,True
five_band,1-1-1-1-2,2-2-2-0-0,1,16,0.0625,0.01111934476464252,0.28328737570298945,0.017699115044247787,0.04480088495575221,True
five_band,1-1-1-1-2,3-1-1-0-1,1,16,0.0625,0.01111934476464252,0.28328737570298945,0.007240547063555913,0.05525945293644409,True
five_band,1-1-1-2-1,0-0-2-3-1,1,31,0.03225806451612903,0.005717221525416816,0.16194105164724906,0.0016090104585679806,0.03064905405756105,False
five_band,1-1-1-2-1,0-0-4-2-0,1,31,0.03225806451612903,0.005717221525416816,0.16194105164724906,0.0016090104585679806,0.03064905405756105,False
five_band,1-1-1-2-1,0-1-2-2-1,1,31,0.03225806451612903,0.005717221525416816,0.16194105164724906,0.014481094127111826,0.017776970389017203,False
five_band,1-1-1-2-1,0-1-3-1-1,1,31,0.03225806451612903,0.005717221525416816,0.16194105164724906,0.006436041834271922,0.02582202268185711,False
five_band,1-1-1-2-1,0-2-1-2-1,1,31,0.03225806451612903,0.005717221525416816,0.16194105164724906,0.016894609814963796,0.015363454701165236,False
five_band,1-1-1-2-1,0-3-0-2-1,1,31,0.03225806451612903,0.005717221525416816,0.16194105164724906,0.002413515687851971,0.02984454882827706,False
five_band,1-1-1-2-1,1-0-1-3-1,1,31,0.03225806451612903,0.005717221525416816,0.16194105164724906,0.008849557522123894,0.023408506994005138,False
five_band,1-1-1-2-1,1-1-1-0-3,1,31,0.03225806451612903,0.005717221525416816,0.16194105164724906,0.0016090104585679806,0.03064905405756105,False
five_band,1-1-1-2-1,1-1-1-2-1,2,31,0.06451612903225806,0.017874783521914572,0.20718636736298127,0.0249396621078037,0.039576466924454365,False
five_band,1-1-1-2-1,1-1-1-3-0,2,31,0.06451612903225806,0.017874783521914572,0.20718636736298127,0.017699115044247787,0.046817013988010275,False
five_band,1-1-1-2-1,1-1-2-1-1,1,31,0.03225806451612903,0.005717221525416816,0.16194105164724906,0.016894609814963796,0.015363454701165236,False
five_band,1-1-1-2-1,1-1-2-2-0,1,31,0.03225806451612903,0.005717221525416816,0.16194105164724906,0.02172164119066774,0.010536423325461293,False
five_band,1-1-1-2-1,1-2-0-2-1,1,31,0.03225806451612903,0.005717221525416816,0.16194105164724906,0.016894609814963796,0.015363454701165236,False
five_band,1-1-1-2-1,1-2-1-1-1,1,31,0.03225806451612903,0.005717221525416816,0.16194105164724906,0.031375703942075624,0.0008823605740534077,False
five_band,1-1-1-2-1,1-2-1-2-0,1,31,0.03225806451612903,0.005717221525416816,0.16194105164724906,0.02574416733708769,0.006513897179041342,False
five_band,1-1-1-2-1,1-2-3-0-0,1,31,0.03225806451612903,0.005717221525416816,0.16194105164724906,0.003218020917135961,0.029040043598993072,False
five_band,1-1-1-2-1,1-3-0-2-0,1,31,0.03225806451612903,0.005717221525416816,0.16194105164724906,0.012872083668543845,0.019385980847585187,False
five_band,1-1-1-2-1,1-3-2-0-0,1,31,0.03225806451612903,0.005717221525416816,0.16194105164724906,0.008849557522123894,0.023408506994005138,False
five_band,1-1-1-2-1,2-0-2-2-0,1,31,0.03225806451612903,0.005717221525416816,0.16194105164724906,0.015285599356395816,0.016972465159733215,False
five_band,1-1-1-2-1,2-1-1-2-0,1,31,0.03225806451612903,0.005717221525416816,0.16194105164724906,0.032180209171359615,7.785534476941608e-05,False
five_band,1-1-1-2-1,2-2-1-0-1,1,31,0.03225806451612903,0.005717221525416816,0.16194105164724906,0.016090104585679808,0.016167959930449224,False
five_band,1-1-1-2-1,2-2-1-1-0,2,31,0.06451612903225806,0.017874783521914572,0.20718636736298127,0.02091713596138375,0.04359899307087431,False
five_band,1-1-1-2-1,3-0-2-1-0,2,31,0.06451612903225806,0.017874783521914572,0.20718636736298127,0.004827031375703942,0.05968909765655412,False
five_band,1-1-1-2-1,3-1-0-1-1,1,31,0.03225806451612903,0.005717221525416816,0.16194105164724906,0.0056315366049879325,0.026626527911141097,False
five_band,1-1-1-2-1,3-1-0-2-0,1,31,0.03225806451612903,0.005717221525416816,0.16194105164724906,0.010458567980691875,0.021799496535437154,False
five_band,1-1-1-2-1,3-2-0-1-0,1,31,0.03225806451612903,0.005717221525416816,0.16194105164724906,0.0056315366049879325,0.026626527911141097,False
five_band,1-1-1-2-1,3-3-0-0-0,1,31,0.03225806451612903,0.005717221525416816,0.16194105164724906,0.004022526146419952,0.02823553836970908,False
five_band,1-1-1-3-0,0-1-2-3-0,2,22,0.09090909090909091,0.025295428990995267,0.27814946841605814,0.006436041834271922,0.08447304907481899,True
five_band,1-1-1-3-0,0-2-2-1-1,1,22,0.045454545454545456,0.00806942762126385,0.21798045838657332,0.012067578439259855,0.0333869670152856,True
five_band,1-1-1-3-0,0-2-2-2-0,1,22,0.045454545454545456,0.00806942762126385,0.21798045838657332,0.009654062751407884,0.03580048270313757,True
five_band,1-1-1-3-0,0-2-3-1-0,1,22,0.045454545454545456,0.00806942762126385,0.21798045838657332,0.006436041834271922,0.03901850362027354,True
five_band,1-1-1-3-0,0-3-2-1-0,3,22,0.13636363636363635,0.04749003714055253,0.33334987166571717,0.013676588897827836,0.12268704746580852,True
five_band,1-1-1-3-0,1-0-1-1-3,1,22,0.045454545454545456,0.00806942762126385,0.21798045838657332,0.0016090104585679806,0.04384553499597747,True
five_band,1-1-1-3-0,1-0-2-2-1,1,22,0.045454545454545456,0.00806942762126385,0.21798045838657332,0.008045052292839904,0.037409493161705554,True
five_band,1-1-1-3-0,1-2-0-2-1,1,22,0.045454545454545456,0.00806942762126385,0.21798045838657332,0.016894609814963796,0.02855993563958166,True
five_band,1-1-1-3-0,1-2-1-1-1,1,22,0.045454545454545456,0.00806942762126385,0.21798045838657332,0.031375703942075624,0.014078841512469832,True
five_band,1-1-1-3-0,2-1-1-2-0,1,22,0.045454545454545456,0.00806942762126385,0.21798045838657332,0.032180209171359615,0.01327433628318584,True
five_band,1-1-1-3-0,2-1-2-0-1,2,22,0.09090909090909091,0.025295428990995267,0.27814946841605814,0.016894609814963796,0.07401448109412712,True
five_band,1-1-1-3-0,2-2-0-1-1,2,22,0.09090909090909091,0.025295428990995267,0.27814946841605814,0.013676588897827836,0.07723250201126308,True
five_band,1-1-1-3-0,2-2-0-2-0,2,22,0.09090909090909091,0.025295428990995267,0.27814946841605814,0.011263073209975865,0.07964601769911504,True
five_band,1-1-1-3-0,2-2-2-0-0,2,22,0.09090909090909091,0.025295428990995267,0.27814946841605814,0.017699115044247787,0.07320997586484312,True
five_band,1-1-1-3-0,3-1-0-2-0,1,22,0.045454545454545456,0.00806942762126385,0.21798045838657332,0.010458567980691875,0.03499597747385358,True
five_band,1-1-2-0-2,0-1-2-3-0,1,6,0.16666666666666666,0.030053369748306635,0.5635028221864702,0.006436041834271922,0.16023062483239472,True
five_band,1-1-2-0-2,0-2-1-3-0,1,6,0.16666666666666666,0.030053369748306635,0.5635028221864702,0.008045052292839904,0.15862161437382674,True
five_band,1-1-2-0-2,1-1-2-2-0,1,6,0.16666666666666666,0.030053369748306635,0.5635028221864702,0.02172164119066774,0.1449450254759989,True
five_band,1-1-2-0-2,2-1-1-0-2,1,6,0.16666666666666666,0.030053369748306635,0.5635028221864702,0.006436041834271922,0.16023062483239472,True
five_band,1-1-2-0-2,2-1-1-2-0,1,6,0.16666666666666666,0.030053369748306635,0.5635028221864702,0.032180209171359615,0.13448645749530705,True
five_band,1-1-2-0-2,2-3-1-0-0,1,6,0.16666666666666666,0.030053369748306635,0.5635028221864702,0.006436041834271922,0.16023062483239472,True
five_band,1-1-2-1-1,0-0-3-2-1,1,21,0.047619047619047616,0.008455987809826399,0.22669360074122563,0.0056315366049879325,0.04198751101405968,True
five_band,1-1-2-1-1,0-2-1-2-1,1,21,0.047619047619047616,0.008455987809826399,0.22669360074122563,0.016894609814963796,0.03072443780408382,True
five_band,1-1-2-1-1,0-2-2-1-1,1,21,0.047619047619047616,0.008455987809826399,0.22669360074122563,0.012067578439259855,0.03555146917978776,True
five_band,1-1-2-1-1,0-3-2-1-0,1,21,0.047619047619047616,0.008455987809826399,0.22669360074122563,0.013676588897827836,0.03394245872121978,True
five_band,1-1-2-1-1,1-0-3-2-0,1,21,0.047619047619047616,0.008455987809826399,0.22669360074122563,0.007240547063555913,0.040378500555491706,True
five_band,1-1-2-1-1,1-1-1-2-1,1,21,0.047619047619047616,0.008455987809826399,0.22669360074122563,0.0249396621078037,0.022679385511243915,True
five_band,1-1-2-1-1,1-1-2-2-0,1,21,0.047619047619047616,0.008455987809826399,0.22669360074122563,0.02172164119066774,0.025897406428379878,True
five_band,1-1-2-1-1,1-1-3-0-1,1,21,0.047619047619047616,0.008455987809826399,0.22669360074122563,0.009654062751407884,0.03796498486763973,True
five_band,1-1-2-1-1,1-2-1-1-1,1,21,0.047619047619047616,0.008455987809826399,0.22669360074122563,0.031375703942075624,0.016243343676971993,True
five_band,1-1-2-1-1,1-2-1-2-0,1,21,0.047619047619047616,0.008455987809826399,0.22669360074122563,0.02574416733708769,0.021874880281959927,True
five_band,1-1-2-1-1,1-2-2-0-1,1,21,0.047619047619047616,0.008455987809826399,0.22669360074122563,0.013676588897827836,0.03394245872121978,True
five_band,1-1-2-1-1,2-0-2-1-1,2,21,0.09523809523809523,0.02651876743807452,0.2891413907391826,0.012067578439259855,0.08317051679883537,True
five_band,1-1-2-1-1,2-1-1-1-1,1,21,0.047619047619047616,0.008455987809826399,0.22669360074122563,0.028962188254223652,0.018656859364823964,True
five_band,1-1-2-1-1,2-1-1-2-0,1,21,0.047619047619047616,0.008455987809826399,0.22669360074122563,0.032180209171359615,0.015438838447688001,True
five_band,1-1-2-1-1,2-1-2-1-0,2,21,0.09523809523809523,0.02651876743807452,0.2891413907391826,0.03298471440064361,0.062253380837451626,True
five_band,1-1-2-1-1,2-2-0-2-0,1,21,0.047619047619047616,0.008455987809826399,0.22669360074122563,0.011263073209975865,0.03635597440907175,True
five_band,1-1-2-1-1,3-0-1-1-1,1,21,0.047619047619047616,0.008455987809826399,0.22669360074122563,0.002413515687851971,0.04520553193119565,True
five_band,1-1-2-1-1,3-1-0-2-0,1,21,0.047619047619047616,0.008455987809826399,0.22669360074122563,0.010458567980691875,0.03716047963835574,True
five_band,1-1-2-1-1,3-1-1-1-0,1,21,0.047619047619047616,0.008455987809826399,0.22669360074122563,0.015285599356395816,0.032333448262651804,True
five_band,1-1-2-2-0,0-0-4-1-1,1,27,0.037037037037037035,0.006568145980785103,0.18283465933575843,0.0008045052292839903,0.03623253180775304,True
five_band,1-1-2-2-0,0-3-1-1-1,1,27,0.037037037037037035,0.006568145980785103,0.18283465933575843,0.0056315366049879325,0.0314055004320491,True
five_band,1-1-2-2-0,1-1-0-2-2,1,27,0.037037037037037035,0.006568145980785103,0.18283465933575843,0.008849557522123894,0.02818747951491314,True
five_band,1-1-2-2-0,1-1-1-1-2,1,27,0.037037037037037035,0.006568145980785103,0.18283465933575843,0.012872083668543845,0.02416495336849319,True
five_band,1-1-2-2-0,1-1-3-0-1,1,27,0.037037037037037035,0.006568145980785103,0.18283465933575843,0.009654062751407884,0.02738297428562915,True
five_band,1-1-2-2-0,1-1-3-1-0,2,27,0.07407407407407407,0.020554654060988622,0.23369592683023144,0.012872083668543845,0.061201990405530225,True
five_band,1-1-2-2-0,1-2-1-1-1,1,27,0.037037037037037035,0.006568145980785103,0.18283465933575843,0.031375703942075624,0.005661333094961411,True
five_band,1-1-2-2-0,1-2-1-2-0,1,27,0.037037037037037035,0.006568145980785103,0.18283465933575843,0.02574416733708769,0.011292869699949346,True
five_band,1-1-2-2-0,1-2-2-0-1,1,27,0.037037037037037035,0.006568145980785103,0.18283465933575843,0.013676588897827836,0.0233604481392092,True
five_band,1-1-2-2-0,1-2-2-1-0,1,27,0.037037037037037035,0.006568145980785103,0.18283465933575843,0.02172164119066774,0.015315395846369297,True
five_band,1-1-2-2-0,1-2-3-0-0,1,27,0.037037037037037035,0.006568145980785103,0.18283465933575843,0.003218020917135961,0.033819016119901076,True
five_band,1-1-2-2-0,1-3-1-0-1,2,27,0.07407407407407407,0.020554654060988622,0.23369592683023144,0.006436041834271922,0.06763803223980215,True
five_band,1-1-2-2-0,2-1-0-3-0,1,27,0.037037037037037035,0.006568145980785103,0.18283465933575843,0.007240547063555913,0.02979648997348112,True
five_band,1-1-2-2-0,2-1-1-0-2,1,27,0.037037037037037035,0.006568145980785103,0.18283465933575843,0.006436041834271922,0.030600995202765113,True
five_band,1-1-2-2-0,2-1-1-2-0,1,27,0.037037037037037035,0.006568145980785103,0.18283465933575843,0.032180209171359615,0.00485682786567742,True
five_band,1-1-2-2-0,2-1-2-0-1,1,27,0.037037037037037035,0.006568145980785103,0.18283465933575843,0.016894609814963796,0.02014242722207324,True
five_band,1-1-2-2-0,2-1-2-1-0,1,27,0.037037037037037035,0.006568145980785103,0.18283465933575843,0.03298471440064361,0.004052322636393428,True
five_band,1-1-2-2-0,2-1-3-0-0,1,27,0.037037037037037035,0.006568145980785103,0.18283465933575843,0.0016090104585679806,0.03542802657846905,True
five_band,1-1-2-2-0,2-2-1-1-0,1,27,0.037037037037037035,0.006568145980785103,0.18283465933575843,0.02091713596138375,0.016119901075653285,True
five_band,1-1-2-2-0,2-2-2-0-0,1,27,0.037037037037037035,0.006568145980785103,0.18283465933575843,0.017699115044247787,0.019337921992789248,True
five_band,1-1-2-2-0,3-0-2-0-1,1,27,0.037037037037037035,0.006568145980785103,0.18283465933575843,0.004022526146419952,0.033014510890617084,True
five_band,1-1-2-2-0,3-1-1-1-0,1,27,0.037037037037037035,0.006568145980785103,0.18283465933575843,0.015285599356395816,0.02175143768064122,True
five_band,1-1-2-2-0,3-3-0-0-0,2,27,0.07407407407407407,0.020554654060988622,0.23369592683023144,0.004022526146419952,0.07005154792765411,True
five_band,1-1-2-2-0,4-1-0-0-1,1,27,0.037037037037037035,0.006568145980785103,0.18283465933575843,0.0008045052292839903,0.03623253180775304,True
five_band,1-1-3-0-1,0-4-0-1-1,1,12,0.08333333333333333,0.014865094404917095,0.35387991114111694,0.003218020917135961,0.08011531241619736,True
five_band,1-1-3-0-1,1-0-3-2-0,1,12,0.08333333333333333,0.014865094404917095,0.35387991114111694,0.007240547063555913,0.07609278626977742,True
five_band,1-1-3-0-1,1-1-0-4-0,1,12,0.08333333333333333,0.014865094404917095,0.35387991114111694,0.003218020917135961,0.08011531241619736,True
five_band,1-1-3-0-1,1-1-1-3-0,1,12,0.08333333333333333,0.014865094404917095,0.35387991114111694,0.017699115044247787,0.06563421828908554,True
five_band,1-1-3-0-1,1-2-1-1-1,1,12,0.08333333333333333,0.014865094404917095,0.35387991114111694,0.031375703942075624,0.051957629391257705,True
five_band,1-1-3-0-1,1-3-0-2-0,1,12,0.08333333333333333,0.014865094404917095,0.35387991114111694,0.012872083668543845,0.07046124966478948,True
five_band,1-1-3-0-1,2-0-0-2-2,1,12,0.08333333333333333,0.014865094404917095,0.35387991114111694,0.003218020917135961,0.08011531241619736,True
five_band,1-1-3-0-1,2-0-0-4-0,1,12,0.08333333333333333,0.014865094404917095,0.35387991114111694,0.0016090104585679806,0.08172432287476535,True
five_band,1-1-3-0-1,2-0-2-2-0,1,12,0.08333333333333333,0.014865094404917095,0.35387991114111694,0.015285599356395816,0.06804773397693752,True
five_band,1-1-3-0-1,2-1-1-2-0,1,12,0.08333333333333333,0.014865094404917095,0.35387991114111694,0.032180209171359615,0.05115312416197371,True
five_band,1-1-3-0-1,2-2-1-0-1,1,12,0.08333333333333333,0.014865094404917095,0.35387991114111694,0.016090104585679808,0.06724322874765352,True
five_band,1-1-3-0-1,3-1-0-1-1,1,12,0.08333333333333333,0.014865094404917095,0.35387991114111694,0.0056315366049879325,0.0777017967283454,True
five_band,1-1-3-1-0,0-2-2-1-1,1,16,0.0625,0.01111934476464252,0.28328737570298945,0.012067578439259855,0.05043242156074015,True
five_band,1-1-3-1-0,0-2-4-0-0,1,16,0.0625,0.01111934476464252,0.28328737570298945,0.002413515687851971,0.06008648431214803,True
five_band,1-1-3-1-0,0-3-2-1-0,1,16,0.0625,0.01111934476464252,0.28328737570298945,0.013676588897827836,0.048823411102172164,True
five_band,1-1-3-1-0,0-4-0-1-1,1,16,0.0625,0.01111934476464252,0.28328737570298945,0.003218020917135961,0.05928197908286404,True
five_band,1-1-3-1-0,1-0-2-3-0,1,16,0.0625,0.01111934476464252,0.28328737570298945,0.008045052292839904,0.0544549477071601,True
five_band,1-1-3-1-0,1-0-3-2-0,1,16,0.0625,0.01111934476464252,0.28328737570298945,0.007240547063555913,0.05525945293644409,True
five_band,1-1-3-1-0,1-1-1-2-1,1,16,0.0625,0.01111934476464252,0.28328737570298945,0.0249396621078037,0.0375603378921963,True
five_band,1-1-3-1-0,1-1-2-2-0,1,16,0.0625,0.01111934476464252,0.28328737570298945,0.02172164119066774,0.04077835880933226,True
five_band,1-1-3-1-0,1-2-1-2-0,1,16,0.0625,0.01111934476464252,0.28328737570298945,0.02574416733708769,0.03675583266291231,True
five_band,1-1-3-1-0,1-2-2-1-0,1,16,0.0625,0.01111934476464252,0.28328737570298945,0.02172164119066774,0.04077835880933226,True
five_band,1-1-3-1-0,2-0-1-3-0,1,16,0.0625,0.01111934476464252,0.28328737570298945,0.008045052292839904,0.0544549477071601,True
five_band,1-1-3-1-0,2-2-2-0-0,2,16,0.125,0.03497748774324047,0.36022827265758695,0.017699115044247787,0.10730088495575221,True
five_band,1-1-3-1-0,2-3-1-0-0,1,16,0.0625,0.01111934476464252,0.28328737570298945,0.006436041834271922,0.05606395816572808,True
five_band,1-1-3-1-0,3-0-1-2-0,1,16,0.0625,0.01111934476464252,0.28328737570298945,0.003218020917135961,0.05928197908286404,True
five_band,1-1-3-1-0,4-2-0-0-0,1,16,0.0625,0.01111934476464252,0.28328737570298945,0.0008045052292839903,0.06169549477071601,True
five_band,1-1-4-0-0,0-2-1-2-1,1,3,0.3333333333333333,0.06149194472039621,0.7923403991979522,0.016894609814963796,0.31643872351836955,True
five_band,1-1-4-0-0,1-2-1-1-1,1,3,0.3333333333333333,0.06149194472039621,0.7923403991979522,0.031375703942075624,0.3019576293912577,True
five_band,1-1-4-0-0,1-2-2-0-1,1,3,0.3333333333333333,0.06149194472039621,0.7923403991979522,0.013676588897827836,0.31965674443550546,True
five_band,1-2-0-1-2,0-0-3-2-1,1,9,0.1111111111111111,0.019890887638544907,0.434999705576656,0.0056315366049879325,0.10547957450612318,True
five_band,1-2-0-1-2,0-1-2-3-0,1,9,0.1111111111111111,0.019890887638544907,0.434999705576656,0.006436041834271922,0.10467506927683919,True
five_band,1-2-0-1-2,0-3-1-0-2,1,9,0.1111111111111111,0.019890887638544907,0.434999705576656,0.0016090104585679806,0.10950210065254312,True
five_band,1-2-0-1-2,1-1-1-2-1,1,9,0.1111111111111111,0.019890887638544907,0.434999705576656,0.0249396621078037,0.08617144900330741,True
five_band,1-2-0-1-2,1-1-2-2-0,1,9,0.1111111111111111,0.019890887638544907,0.434999705576656,0.02172164119066774,0.08938946992044336,True
five_band,1-2-0-1-2,2-0-2-2-0,1,9,0.1111111111111111,0.019890887638544907,0.434999705576656,0.015285599356395816,0.09582551175471529,True
five_band,1-2-0-1-2,2-1-0-1-2,1,9,0.1111111111111111,0.019890887638544907,0.434999705576656,0.0056315366049879325,0.10547957450612318,True
five_band,1-2-0-1-2,2-2-1-1-0,1,9,0.1111111111111111,0.019890887638544907,0.434999705576656,0.02091713596138375,0.09019397514972735,True
five_band,1-2-0-1-2,2-2-2-0-0,1,9,0.1111111111111111,0.019890887638544907,0.434999705576656,0.017699115044247787,0.09341199606686332,True
five_band,1-2-0-2-1,0-2-1-2-1,1,21,0.047619047619047616,0.008455987809826399,0.22669360074122563,0.016894609814963796,0.03072443780408382,True
five_band,1-2-0-2-1,0-2-1-3-0,1,21,0.047619047619047616,0.008455987809826399,0.22669360074122563,0.008045052292839904,0.039573995326207714,True
five_band,1-2-0-2-1,0-3-0-2-1,1,21,0.047619047619047616,0.008455987809826399,0.22669360074122563,0.002413515687851971,0.04520553193119565,True
five_band,1-2-0-2-1,1-0-3-1-1,1,21,0.047619047619047616,0.008455987809826399,0.22669360074122563,0.0056315366049879325,0.04198751101405968,True
five_band,1-2-0-2-1,1-1-1-2-1,1,21,0.047619047619047616,0.008455987809826399,0.22669360074122563,0.0249396621078037,0.022679385511243915,True
five_band,1-2-0-2-1,1-1-2-2-0,1,21,0.047619047619047616,0.008455987809826399,0.22669360074122563,0.02172164119066774,0.025897406428379878,True
five_band,1-2-0-2-1,1-2-1-1-1,2,21,0.09523809523809523,0.02651876743807452,0.2891413907391826,0.031375703942075624,0.06386239129601962,True
five_band,1-2-0-2-1,1-3-0-2-0,1,21,0.047619047619047616,0.008455987809826399,0.22669360074122563,0.012872083668543845,0.03474696395050377,True
five_band,1-2-0-2-1,2-0-2-2-0,2,21,0.09523809523809523,0.02651876743807452,0.2891413907391826,0.015285599356395816,0.07995249588169942,True
five_band,1-2-0-2-1,2-1-0-2-1,1,21,0.047619047619047616,0.008455987809826399,0.22669360074122563,0.010458567980691875,0.03716047963835574,True
five_band,1-2-0-2-1,2-1-1-1-1,2,21,0.09523809523809523,0.02651876743807452,0.2891413907391826,0.028962188254223652,0.06627590698387158,True
five_band,1-2-0-2-1,2-1-2-1-0,1,21,0.047619047619047616,0.008455987809826399,0.22669360074122563,0.03298471440064361,0.01463433321840401,True
five_band,1-2-0-2-1,2-2-0-1-1,2,21,0.09523809523809523,0.02651876743807452,0.2891413907391826,0.013676588897827836,0.0815615063402674,True
five_band,1-2-0-2-1,2-2-1-1-0,1,21,0.047619047619047616,0.008455987809826399,0.22669360074122563,0.02091713596138375,0.026701911657663866,True
five_band,1-2-0-2-1,2-2-2-0-0,1,21,0.047619047619047616,0.008455987809826399,0.22669360074122563,0.017699115044247787,0.02991993257479983,True
five_band,1-2-0-2-1,3-2-0-0-1,2,21,0.09523809523809523,0.02651876743807452,0.2891413907391826,0.004022526146419952,0.09121556909167527,True
five_band,1-2-0-3-0,0-1-1-3-1,1,7,0.14285714285714285,0.02567962434474355,0.5131278292743189,0.011263073209975865,0.131594069647167,True
five_band,1-2-0-3-0,0-2-1-3-0,1,7,0.14285714285714285,0.02567962434474355,0.5131278292743189,0.008045052292839904,0.13481209056430293,True
five_band,1-2-0-3-0,0-2-3-1-0,1,7,0.14285714285714285,0.02567962434474355,0.5131278292743189,0.006436041834271922,0.13642110102287092,True
five_band,1-2-0-3-0,1-1-1-3-0,1,7,0.14285714285714285,0.02567962434474355,0.5131278292743189,0.017699115044247787,0.12515802781289506,True
five_band,1-2-0-3-0,1-3-0-0-2,1,7,0.14285714285714285,0.02567962434474355,0.5131278292743189,0.0016090104585679806,0.14124813239857487,True
five_band,1-2-0-3-0,2-4-0-0-0,1,7,0.14285714285714285,0.02567962434474355,0.5131278292743189,0.002413515687851971,0.14044362716929087,True
five_band,1-2-0-3-0,3-1-1-1-0,1,7,0.14285714285714285,0.02567962434474355,0.5131278292743189,0.015285599356395816,0.12757154350074704,True
five_band,1-2-1-0-2,2-1-1-1-1,1,2,0.5,0.09453120573423074,0.9054687942657693,0.028962188254223652,0.47103781174577636,True
five_band,1-2-1-0-2,3-2-0-0-1,1,2,0.5,0.09453120573423074,0.9054687942657693,0.004022526146419952,0.49597747385358004,True
five_band,1-2-1-1-1,0-0-1-4-1,1,39,0.02564102564102564,0.004540703100990098,0.13180990169850076,0.0008045052292839903,0.02483652041174165,False
five_band,1-2-1-1-1,0-1-1-4-0,1,39,0.02564102564102564,0.004540703100990098,0.13180990169850076,0.003218020917135961,0.02242300472388968,False
five_band,1-2-1-1-1,0-1-3-2-0,1,39,0.02564102564102564,0.004540703100990098,0.13180990169850076,0.004827031375703942,0.020813994265321697,False
five_band,1-2-1-1-1,0-1-5-0-0,1,39,0.02564102564102564,0.004540703100990098,0.13180990169850076,0.0008045052292839903,0.02483652041174165,False
five_band,1-2-1-1-1,0-2-1-3-0,1,39,0.02564102564102564,0.004540703100990098,0.13180990169850076,0.008045052292839904,0.017595973348185738,False
five_band,1-2-1-1-1,0-2-2-0-2,1,39,0.02564102564102564,0.004540703100990098,0.13180990169850076,0.002413515687851971,0.02322750995317367,False
five_band,1-2-1-1-1,0-2-3-1-0,1,39,0.02564102564102564,0.004540703100990098,0.13180990169850076,0.006436041834271922,0.019204983806753718,False
five_band,1-2-1-1-1,0-3-0-3-0,1,39,0.02564102564102564,0.004540703100990098,0.13180990169850076,0.0016090104585679806,0.02403201518245766,False
five_band,1-2-1-1-1,0-3-2-0-1,1,39,0.02564102564102564,0.004540703100990098,0.13180990169850076,0.004022526146419952,0.02161849949460569,False
five_band,1-2-1-1-1,1-0-1-3-1,1,39,0.02564102564102564,0.004540703100990098,0.13180990169850076,0.008849557522123894,0.016791468118901746,False
five_band,1-2-1-1-1,1-0-2-3-0,1,39,0.02564102564102564,0.004540703100990098,0.13180990169850076,0.008045052292839904,0.017595973348185738,False
five_band,1-2-1-1-1,1-1-0-1-3,1,39,0.02564102564102564,0.004540703100990098,0.13180990169850076,0.0008045052292839903,0.02483652041174165,False
five_band,1-2-1-1-1,1-1-0-3-1,1,39,0.02564102564102564,0.004540703100990098,0.13180990169850076,0.006436041834271922,0.019204983806753718,False
five_band,1-2-1-1-1,1-1-0-4-0,1,39,0.02564102564102564,0.004540703100990098,0.13180990169850076,0.003218020917135961,0.02242300472388968,False
five_band,1-2-1-1-1,1-1-1-3-0,1,39,0.02564102564102564,0.004540703100990098,0.13180990169850076,0.017699115044247787,0.007941910596777853,False
five_band,1-2-1-1-1,1-1-2-1-1,2,39,0.05128205128205128,0.014177955415274113,0.16885640047613612,0.016894609814963796,0.034387441467087485,False
five_band,1-2-1-1-1,1-1-3-1-0,1,39,0.02564102564102564,0.004540703100990098,0.13180990169850076,0.012872083668543845,0.012768941972481795,False
five_band,1-2-1-1-1,1-2-0-2-1,1,39,0.02564102564102564,0.004540703100990098,0.13180990169850076,0.016894609814963796,0.008746415826061844,False
five_band,1-2-1-1-1,1-2-2-0-1,1,39,0.02564102564102564,0.004540703100990098,0.13180990169850076,0.013676588897827836,0.011964436743197804,False
five_band,1-2-1-1-1,1-3-1-1-0,2,39,0.05128205128205128,0.014177955415274113,0.16885640047613612,0.008849557522123894,0.04243249375992739,False
five_band,1-2-1-1-1,2-0-0-3-1,1,39,0.02564102564102564,0.004540703100990098,0.13180990169850076,0.002413515687851971,0.02322750995317367,False
five_band,1-2-1-1-1,2-0-2-2-0,1,39,0.02564102564102564,0.004540703100990098,0.13180990169850076,0.015285599356395816,0.010355426284629824,False
five_band,1-2-1-1-1,2-1-0-3-0,1,39,0.02564102564102564,0.004540703100990098,0.13180990169850076,0.007240547063555913,0.018400478577469726,False
five_band,1-2-1-1-1,2-1-1-1-1,1,39,0.02564102564102564,0.004540703100990098,0.13180990169850076,0.028962188254223652,-0.0033211626131980122,False
five_band,1-2-1-1-1,2-1-1-2-0,2,39,0.05128205128205128,0.014177955415274113,0.16885640047613612,0.032180209171359615,0.019101842110691665,False
five_band,1-2-1-1-1,2-1-2-1-0,3,39,0.07692307692307693,0.02650739530377974,0.20321071167954996,0.03298471440064361,0.04393836252243332,False
five_band,1-2-1-1-1,2-1-3-0-0,1,39,0.02564102564102564,0.004540703100990098,0.13180990169850076,0.0016090104585679806,0.02403201518245766,False
five_band,1-2-1-1-1,2-2-0-1-1,2,39,0.05128205128205128,0.014177955415274113,0.16885640047613612,0.013676588897827836,0.037605462384223444,False
five_band,1-2-1-1-1,2-2-2-0-0,1,39,0.02564102564102564,0.004540703100990098,0.13180990169850076,0.017699115044247787,0.007941910596777853,False
five_band,1-2-1-1-1,2-3-0-0-1,1,39,0.02564102564102564,0.004540703100990098,0.13180990169850076,0.0056315366049879325,0.020009489036037706,False
five_band,1-2-1-1-1,2-4-0-0-0,1,39,0.02564102564102564,0.004540703100990098,0.13180990169850076,0.002413515687851971,0.02322750995317367,False
five_band,1-2-1-1-1,3-0-2-0-1,1,39,0.02564102564102564,0.004540703100990098,0.13180990169850076,0.004022526146419952,0.02161849949460569,False
five_band,1-2-1-1-1,4-1-1-0-0,1,39,0.02564102564102564,0.004540703100990098,0.13180990169850076,0.0016090104585679806,0.02403201518245766,False
five_band,1-2-1-2-0,0-0-1-3-2,1,31,0.03225806451612903,0.005717221525416816,0.16194105164724906,0.002413515687851971,0.02984454882827706,False
five_band,1-2-1-2-0,0-0-2-4-0,1,31,0.03225806451612903,0.005717221525416816,0.16194105164724906,0.002413515687851971,0.02984454882827706,False
five_band,1-2-1-2-0,0-1-1-3-1,1,31,0.03225806451612903,0.005717221525416816,0.16194105164724906,0.011263073209975865,0.020994991306153166,False
five_band,1-2-1-2-0,0-2-1-1-2,1,31,0.03225806451612903,0.005717221525416816,0.16194105164724906,0.009654062751407884,0.022604001764721146,False
five_band,1-2-1-2-0,0-2-1-2-1,1,31,0.03225806451612903,0.005717221525416816,0.16194105164724906,0.016894609814963796,0.015363454701165236,False
five_band,1-2-1-2-0,0-2-2-1-1,1,31,0.03225806451612903,0.005717221525416816,0.16194105164724906,0.012067578439259855,0.020190486076869178,False
five_band,1-2-1-2-0,0-2-2-2-0,1,31,0.03225806451612903,0.005717221525416816,0.16194105164724906,0.009654062751407884,0.022604001764721146,False
five_band,1-2-1-2-0,0-3-1-1-1,1,31,0.03225806451612903,0.005717221525416816,0.16194105164724906,0.0056315366049879325,0.026626527911141097,False
five_band,1-2-1-2-0,1-0-1-3-1,1,31,0.03225806451612903,0.005717221525416816,0.16194105164724906,0.008849557522123894,0.023408506994005138,False
five_band,1-2-1-2-0,1-1-1-3-0,1,31,0.03225806451612903,0.005717221525416816,0.16194105164724906,0.017699115044247787,0.014558949471881244,False
five_band,1-2-1-2-0,1-1-2-1-1,1,31,0.03225806451612903,0.005717221525416816,0.16194105164724906,0.016894609814963796,0.015363454701165236,False
five_band,1-2-1-2-0,1-1-2-2-0,1,31,0.03225806451612903,0.005717221525416816,0.16194105164724906,0.02172164119066774,0.010536423325461293,False
five_band,1-2-1-2-0,1-2-1-1-1,1,31,0.03225806451612903,0.005717221525416816,0.16194105164724906,0.031375703942075624,0.0008823605740534077,False
five_band,1-2-1-2-0,1-2-2-1-0,1,31,0.03225806451612903,0.005717221525416816,0.16194105164724906,0.02172164119066774,0.010536423325461293,False
five_band,1-2-1-2-0,1-3-0-1-1,1,31,0.03225806451612903,0.005717221525416816,0.16194105164724906,0.008045052292839904,0.02421301222328913,False
five_band,1-2-1-2-0,1-3-0-2-0,1,31,0.03225806451612903,0.005717221525416816,0.16194105164724906,0.012872083668543845,0.019385980847585187,False
five_band,1-2-1-2-0,1-3-1-0-1,1,31,0.03225806451612903,0.005717221525416816,0.16194105164724906,0.006436041834271922,0.02582202268185711,False
five_band,1-2-1-2-0,2-0-2-2-0,1,31,0.03225806451612903,0.005717221525416816,0.16194105164724906,0.015285599356395816,0.016972465159733215,False
five_band,1-2-1-2-0,2-1-0-1-2,1,31,0.03225806451612903,0.005717221525416816,0.16194105164724906,0.0056315366049879325,0.026626527911141097,False
five_band,1-2-1-2-0,2-1-0-2-1,1,31,0.03225806451612903,0.005717221525416816,0.16194105164724906,0.010458567980691875,0.021799496535437154,False
five_band,1-2-1-2-0,2-1-1-2-0,1,31,0.03225806451612903,0.005717221525416816,0.16194105164724906,0.032180209171359615,7.785534476941608e-05,False
five_band,1-2-1-2-0,2-2-0-1-1,1,31,0.03225806451612903,0.005717221525416816,0.16194105164724906,0.013676588897827836,0.018581475618301195,False
five_band,1-2-1-2-0,2-2-1-0-1,2,31,0.06451612903225806,0.017874783521914572,0.20718636736298127,0.016090104585679808,0.04842602444657826,False
five_band,1-2-1-2-0,2-2-1-1-0,2,31,0.06451612903225806,0.017874783521914572,0.20718636736298127,0.02091713596138375,0.04359899307087431,False
five_band,1-2-1-2-0,2-3-0-0-1,1,31,0.03225806451612903,0.005717221525416816,0.16194105164724906,0.0056315366049879325,0.026626527911141097,False
five_band,1-2-1-2-0,3-1-1-0-1,2,31,0.06451612903225806,0.017874783521914572,0.20718636736298127,0.007240547063555913,0.05727558196870215,False
five_band,1-2-1-2-0,3-1-1-1-0,1,31,0.03225806451612903,0.005717221525416816,0.16194105164724906,0.015285599356395816,0.016972465159733215,False
five_band,1-2-1-2-0,3-1-2-0-0,1,31,0.03225806451612903,0.005717221525416816,0.16194105164724906,0.0056315366049879325,0.026626527911141097,False
five_band,1-2-2-0-1,0-1-0-3-2,2,17,0.11764705882352941,0.03287977376379267,0.3433635059488588,0.003218020917135961,0.11442903790639344,True
five_band,1-2-2-0-1,0-1-2-2-1,1,17,0.058823529411764705,0.010460400984997592,0.26982030637575405,0.014481094127111826,0.04434243528465288,True
five_band,1-2-2-0-1,0-2-2-2-0,1,17,0.058823529411764705,0.010460400984997592,0.26982030637575405,0.009654062751407884,0.04916946666035682,True
five_band,1-2-2-0-1,1-0-3-1-1,1,17,0.058823529411764705,0.010460400984997592,0.26982030637575405,0.0056315366049879325,0.05319199280677677,True
five_band,1-2-2-0-1,1-0-3-2-0,1,17,0.058823529411764705,0.010460400984997592,0.26982030637575405,0.007240547063555913,0.051582982348208795,True
five_band,1-2-2-0-1,1-1-1-3-0,2,17,0.11764705882352941,0.03287977376379267,0.3433635059488588,0.017699115044247787,0.09994794377928162,True
five_band,1-2-2-0-1,1-1-3-0-1,1,17,0.058823529411764705,0.010460400984997592,0.26982030637575405,0.009654062751407884,0.04916946666035682,True
five_band,1-2-2-0-1,1-2-2-1-0,3,17,0.17647058823529413,0.06191126637620997,0.41029458568834126,0.02172164119066774,0.15474894704462638,True
five_band,1-2-2-0-1,2-0-1-2-1,1,17,0.058823529411764705,0.010460400984997592,0.26982030637575405,0.008849557522123894,0.04997397188964081,True
five_band,1-2-2-0-1,2-1-1-2-0,1,17,0.058823529411764705,0.010460400984997592,0.26982030637575405,0.032180209171359615,0.02664332024040509,True
five_band,1-2-2-0-1,2-2-1-1-0,1,17,0.058823529411764705,0.010460400984997592,0.26982030637575405,0.02091713596138375,0.03790639345038095,True
five_band,1-2-2-0-1,3-1-0-1-1,1,17,0.058823529411764705,0.010460400984997592,0.26982030637575405,0.0056315366049879325,0.05319199280677677,True
five_band,1-2-2-0-1,3-1-1-0-1,1,17,0.058823529411764705,0.010460400984997592,0.26982030637575405,0.007240547063555913,0.051582982348208795,True
five_band,1-2-2-1-0,0-0-1-2-3,1,27,0.037037037037037035,0.006568145980785103,0.18283465933575843,0.0008045052292839903,0.03623253180775304,True
five_band,1-2-2-1-0,0-1-0-2-3,1,27,0.037037037037037035,0.006568145980785103,0.18283465933575843,0.0008045052292839903,0.03623253180775304,True
five_band,1-2-2-1-0,0-1-2-2-1,1,27,0.037037037037037035,0.006568145980785103,0.18283465933575843,0.014481094127111826,0.022555942909925207,True
five_band,1-2-2-1-0,0-2-1-1-2,1,27,0.037037037037037035,0.006568145980785103,0.18283465933575843,0.009654062751407884,0.02738297428562915,True
five_band,1-2-2-1-0,0-2-1-3-0,1,27,0.037037037037037035,0.006568145980785103,0.18283465933575843,0.008045052292839904,0.028991984744197133,True
five_band,1-2-2-1-0,0-2-2-2-0,2,27,0.07407407407407407,0.020554654060988622,0.23369592683023144,0.009654062751407884,0.06442001132266618,True
five_band,1-2-2-1-0,0-3-1-0-2,1,27,0.037037037037037035,0.006568145980785103,0.18283465933575843,0.0016090104585679806,0.03542802657846905,True
five_band,1-2-2-1-0,0-3-2-1-0,1,27,0.037037037037037035,0.006568145980785103,0.18283465933575843,0.013676588897827836,0.0233604481392092,True
five_band,1-2-2-1-0,1-0-2-1-2,1,27,0.037037037037037035,0.006568145980785103,0.18283465933575843,0.006436041834271922,0.030600995202765113,True
five_band,1-2-2-1-0,1-1-1-1-2,1,27,0.037037037037037035,0.006568145980785103,0.18283465933575843,0.012872083668543845,0.02416495336849319,True
five_band,1-2-2-1-0,1-1-2-1-1,1,27,0.037037037037037035,0.006568145980785103,0.18283465933575843,0.016894609814963796,0.02014242722207324,True
five_band,1-2-2-1-0,1-1-2-2-0,1,27,0.037037037037037035,0.006568145980785103,0.18283465933575843,0.02172164119066774,0.015315395846369297,True
five_band,1-2-2-1-0,1-2-0-2-1,1,27,0.037037037037037035,0.006568145980785103,0.18283465933575843,0.016894609814963796,0.02014242722207324,True
five_band,1-2-2-1-0,1-2-0-3-0,1,27,0.037037037037037035,0.006568145980785103,0.18283465933575843,0.0056315366049879325,0.0314055004320491,True
five_band,1-2-2-1-0,1-2-1-1-1,1,27,0.037037037037037035,0.006568145980785103,0.18283465933575843,0.031375703942075624,0.005661333094961411,True
five_band,1-2-2-1-0,1-2-1-2-0,1,27,0.037037037037037035,0.006568145980785103,0.18283465933575843,0.02574416733708769,0.011292869699949346,True
five_band,1-2-2-1-0,1-2-2-1-0,1,27,0.037037037037037035,0.006568145980785103,0.18283465933575843,0.02172164119066774,0.015315395846369297,True
five_band,1-2-2-1-0,1-3-1-1-0,1,27,0.037037037037037035,0.006568145980785103,0.18283465933575843,0.008849557522123894,0.02818747951491314,True
five_band,1-2-2-1-0,2-0-2-1-1,1,27,0.037037037037037035,0.006568145980785103,0.18283465933575843,0.012067578439259855,0.024969458597777182,True
five_band,1-2-2-1-0,2-1-1-1-1,1,27,0.037037037037037035,0.006568145980785103,0.18283465933575843,0.028962188254223652,0.008074848782813383,True
five_band,1-2-2-1-0,2-2-1-1-0,1,27,0.037037037037037035,0.006568145980785103,0.18283465933575843,0.02091713596138375,0.016119901075653285,True
five_band,1-2-2-1-0,2-2-2-0-0,2,27,0.07407407407407407,0.020554654060988622,0.23369592683023144,0.017699115044247787,0.05637495902982628,True
five_band,1-2-2-1-0,3-1-0-2-0,1,27,0.037037037037037035,0.006568145980785103,0.18283465933575843,0.010458567980691875,0.026578469056345158,True
five_band,1-2-2-1-0,3-1-2-0-0,1,27,0.037037037037037035,0.006568145980785103,0.18283465933575843,0.0056315366049879325,0.0314055004320491,True
five_band,1-2-2-1-0,4-0-1-0-1,1,27,0.037037037037037035,0.006568145980785103,0.18283465933575843,0.0008045052292839903,0.03623253180775304,True
five_band,1-2-3-0-0,0-3-1-2-0,1,4,0.25,0.04558726080970055,0.6993581574175981,0.0056315366049879325,0.24436846339501206,True
five_band,1-2-3-0-0,1-0-1-2-2,1,4,0.25,0.04558726080970055,0.6993581574175981,0.002413515687851971,0.24758648431214803,True
five_band,1-2-3-0-0,1-4-0-1-0,1,4,0.25,0.04558726080970055,0.6993581574175981,0.0016090104585679806,0.24839098954143202,True
five_band,1-2-3-0-0,3-0-1-0-2,1,4,0.25,0.04558726080970055,0.6993581574175981,0.0016090104585679806,0.24839098954143202,True
five_band,1-3-0-0-2,1-0-1-1-3,1,2,0.5,0.09453120573423074,0.9054687942657693,0.0016090104585679806,0.498390989541432,True
five_band,1-3-0-0-2,2-0-1-2-1,1,2,0.5,0.09453120573423074,0.9054687942657693,0.008849557522123894,0.4911504424778761,True
five_band,1-3-0-1-1,0-0-1-5-0,1,10,0.1,0.017876213095072896,0.4041500267952385,0.0016090104585679806,0.09839098954143202,True
five_band,1-3-0-1-1,0-0-3-2-1,1,10,0.1,0.017876213095072896,0.4041500267952385,0.0056315366049879325,0.09436846339501208,True
five_band,1-3-0-1-1,0-2-2-2-0,1,10,0.1,0.017876213095072896,0.4041500267952385,0.009654062751407884,0.09034593724859212,True
five_band,1-3-0-1-1,1-1-2-2-0,1,10,0.1,0.017876213095072896,0.4041500267952385,0.02172164119066774,0.07827835880933226,True
five_band,1-3-0-1-1,1-1-3-1-0,2,10,0.2,0.05668215145437519,0.5098375284633583,0.012872083668543845,0.18712791633145617,True
five_band,1-3-0-1-1,2-0-2-1-1,2,10,0.2,0.05668215145437519,0.5098375284633583,0.012067578439259855,0.18793242156074016,True
five_band,1-3-0-1-1,2-3-1-0-0,1,10,0.1,0.017876213095072896,0.4041500267952385,0.006436041834271922,0.09356395816572809,True
five_band,1-3-0-1-1,3-2-1-0-0,1,10,0.1,0.017876213095072896,0.4041500267952385,0.006436041834271922,0.09356395816572809,True
five_band,1-3-0-2-0,0-1-2-2-1,1,16,0.0625,0.01111934476464252,0.28328737570298945,0.014481094127111826,0.04801890587288817,True
five_band,1-3-0-2-0,0-2-1-3-0,1,16,0.0625,0.01111934476464252,0.28328737570298945,0.008045052292839904,0.0544549477071601,True
five_band,1-3-0-2-0,0-3-2-1-0,1,16,0.0625,0.01111934476464252,0.28328737570298945,0.013676588897827836,0.048823411102172164,True
five_band,1-3-0-2-0,1-0-1-3-1,1,16,0.0625,0.01111934476464252,0.28328737570298945,0.008849557522123894,0.053650442477876106,True
five_band,1-3-0-2-0,1-0-3-2-0,1,16,0.0625,0.01111934476464252,0.28328737570298945,0.007240547063555913,0.05525945293644409,True
five_band,1-3-0-2-0,1-1-1-2-1,1,16,0.0625,0.01111934476464252,0.28328737570298945,0.0249396621078037,0.0375603378921963,True
five_band,1-3-0-2-0,1-1-2-2-0,1,16,0.0625,0.01111934476464252,0.28328737570298945,0.02172164119066774,0.04077835880933226,True
five_band,1-3-0-2-0,1-2-2-0-1,1,16,0.0625,0.01111934476464252,0.28328737570298945,0.013676588897827836,0.048823411102172164,True
five_band,1-3-0-2-0,1-2-2-1-0,1,16,0.0625,0.01111934476464252,0.28328737570298945,0.02172164119066774,0.04077835880933226,True
five_band,1-3-0-2-0,2-0-1-2-1,1,16,0.0625,0.01111934476464252,0.28328737570298945,0.008849557522123894,0.053650442477876106,True
five_band,1-3-0-2-0,2-1-1-1-1,1,16,0.0625,0.01111934476464252,0.28328737570298945,0.028962188254223652,0.033537811745776344,True
five_band,1-3-0-2-0,2-1-1-2-0,1,16,0.0625,0.01111934476464252,0.28328737570298945,0.032180209171359615,0.030319790828640385,True
five_band,1-3-0-2-0,2-2-1-0-1,1,16,0.0625,0.01111934476464252,0.28328737570298945,0.016090104585679808,0.046409895414320196,True
five_band,1-3-0-2-0,3-1-2-0-0,1,16,0.0625,0.01111934476464252,0.28328737570298945,0.0056315366049879325,0.056868463395012066,True
five_band,1-3-0-2-0,4-0-0-1-1,1,16,0.0625,0.01111934476464252,0.28328737570298945,0.0008045052292839903,0.06169549477071601,True
five_band,1-3-0-2-0,4-1-0-1-0,1,16,0.0625,0.01111934476464252,0.28328737570298945,0.002413515687851971,0.06008648431214803,True
five_band,1-3-1-0-1,0-1-0-5-0,1,8,0.125,0.02241749145005667,0.4708881822128535,0.0008045052292839903,0.12419549477071601,True
five_band,1-3-1-0-1,0-2-1-3-0,1,8,0.125,0.02241749145005667,0.4708881822128535,0.008045052292839904,0.1169549477071601,True
five_band,1-3-1-0-1,0-3-2-1-0,1,8,0.125,0.02241749145005667,0.4708881822128535,0.013676588897827836,0.11132341110217217,True
five_band,1-3-1-0-1,1-1-1-2-1,1,8,0.125,0.02241749145005667,0.4708881822128535,0.0249396621078037,0.1000603378921963,True
five_band,1-3-1-0-1,1-1-2-2-0,1,8,0.125,0.02241749145005667,0.4708881822128535,0.02172164119066774,0.10327835880933225,True
five_band,1-3-1-0-1,1-4-1-0-0,1,8,0.125,0.02241749145005667,0.4708881822128535,0.003218020917135961,0.12178197908286403,True
five_band,1-3-1-0-1,2-1-2-0-1,1,8,0.125,0.02241749145005667,0.4708881822128535,0.016894609814963796,0.1081053901850362,True
five_band,1-3-1-0-1,3-0-2-1-0,1,8,0.125,0.02241749145005667,0.4708881822128535,0.004827031375703942,0.12017296862429606,True
five_band,1-3-1-1-0,1-1-1-1-2,1,11,0.09090909090909091,0.016232172885884855,0.37735843645159567,0.012872083668543845,0.07803700724054707,True
five_band,1-3-1-1-0,1-2-1-1-1,2,11,0.18181818181818182,0.05136768974608513,0.4769805619608442,0.031375703942075624,0.1504424778761062,True
five_band,1-3-1-1-0,1-3-2-0-0,1,11,0.09090909090909091,0.016232172885884855,0.37735843645159567,0.008849557522123894,0.08205953338696702,True
five_band,1-3-1-1-0,2-0-1-0-3,1,11,0.09090909090909091,0.016232172885884855,0.37735843645159567,0.0016090104585679806,0.08930008045052293,True
five_band,1-3-1-1-0,2-0-2-2-0,1,11,0.09090909090909091,0.016232172885884855,0.37735843645159567,0.015285599356395816,0.0756234915526951,True
five_band,1-3-1-1-0,2-1-1-1-1,1,11,0.09090909090909091,0.016232172885884855,0.37735843645159567,0.028962188254223652,0.061946902654867256,True
five_band,1-3-1-1-0,2-1-1-2-0,1,11,0.09090909090909091,0.016232172885884855,0.37735843645159567,0.032180209171359615,0.058728881737731296,True
five_band,1-3-1-1-0,2-1-2-1-0,1,11,0.09090909090909091,0.016232172885884855,0.37735843645159567,0.03298471440064361,0.057924376508447305,True
five_band,1-3-1-1-0,2-3-0-1-0,1,11,0.09090909090909091,0.016232172885884855,0.37735843645159567,0.006436041834271922,0.08447304907481899,True
five_band,1-3-1-1-0,4-1-0-1-0,1,11,0.09090909090909091,0.016232172885884855,0.37735843645159567,0.002413515687851971,0.08849557522123894,True
five_band,1-3-2-0-0,0-1-1-4-0,1,11,0.09090909090909091,0.016232172885884855,0.37735843645159567,0.003218020917135961,0.08769106999195495,True
five_band,1-3-2-0-0,0-2-1-2-1,1,11,0.09090909090909091,0.016232172885884855,0.37735843645159567,0.016894609814963796,0.07401448109412712,True
five_band,1-3-2-0-0,0-2-1-3-0,1,11,0.09090909090909091,0.016232172885884855,0.37735843645159567,0.008045052292839904,0.08286403861625101,True
five_band,1-3-2-0-0,0-3-2-0-1,1,11,0.09090909090909091,0.016232172885884855,0.37735843645159567,0.004022526146419952,0.08688656476267095,True
five_band,1-3-2-0-0,1-1-0-2-2,1,11,0.09090909090909091,0.016232172885884855,0.37735843645159567,0.008849557522123894,0.08205953338696702,True
five_band,1-3-2-0-0,1-1-1-1-2,1,11,0.09090909090909091,0.016232172885884855,0.37735843645159567,0.012872083668543845,0.07803700724054707,True
five_band,1-3-2-0-0,1-2-1-1-1,1,11,0.09090909090909091,0.016232172885884855,0.37735843645159567,0.031375703942075624,0.05953338696701529,True
five_band,1-3-2-0-0,1-3-0-2-0,1,11,0.09090909090909091,0.016232172885884855,0.37735843645159567,0.012872083668543845,0.07803700724054707,True
five_band,1-3-2-0-0,2-1-2-1-0,1,11,0.09090909090909091,0.016232172885884855,0.37735843645159567,0.03298471440064361,0.057924376508447305,True
five_band,1-3-2-0-0,2-2-0-1-1,1,11,0.09090909090909091,0.016232172885884855,0.37735843645159567,0.013676588897827836,0.07723250201126308,True
five_band,1-3-2-0-0,3-0-1-2-0,1,11,0.09090909090909091,0.016232172885884855,0.37735843645159567,0.003218020917135961,0.08769106999195495,True
five_band,1-4-0-1-0,1-3-2-0-0,1,2,0.5,0.09453120573423074,0.9054687942657693,0.008849557522123894,0.4911504424778761,True
five_band,1-4-0-1-0,2-2-0-2-0,1,2,0.5,0.09453120573423074,0.9054687942657693,0.011263073209975865,0.4887369267900241,True
five_band,1-4-1-0-0,0-1-1-1-3,1,4,0.25,0.04558726080970055,0.6993581574175981,0.0008045052292839903,0.249195494770716,True
five_band,1-4-1-0-0,1-1-1-1-2,1,4,0.25,0.04558726080970055,0.6993581574175981,0.012872083668543845,0.23712791633145616,True
five_band,1-4-1-0-0,2-1-2-1-0,1,4,0.25,0.04558726080970055,0.6993581574175981,0.03298471440064361,0.2170152855993564,True
five_band,1-4-1-0-0,3-1-0-2-0,1,4,0.25,0.04558726080970055,0.6993581574175981,0.010458567980691875,0.23954143201930814,True
five_band,2-0-0-1-3,2-1-1-2-0,1,1,1.0,0.20654931437723745,1.0,0.032180209171359615,0.9678197908286403,True
five_band,2-0-0-2-2,0-1-1-2-2,1,4,0.25,0.04558726080970055,0.6993581574175981,0.004827031375703942,0.24517296862429605,True
five_band,2-0-0-2-2,1-1-2-1-1,1,4,0.25,0.04558726080970055,0.6993581574175981,0.016894609814963796,0.2331053901850362,True
five_band,2-0-0-2-2,1-1-3-0-1,1,4,0.25,0.04558726080970055,0.6993581574175981,0.009654062751407884,0.24034593724859213,True
five_band,2-0-0-2-2,2-2-0-2-0,1,4,0.25,0.04558726080970055,0.6993581574175981,0.011263073209975865,0.23873692679002415,True
five_band,2-0-0-3-1,1-0-1-3-1,1,3,0.3333333333333333,0.06149194472039621,0.7923403991979522,0.008849557522123894,0.3244837758112094,True
five_band,2-0-0-3-1,1-1-1-1-2,1,3,0.3333333333333333,0.06149194472039621,0.7923403991979522,0.012872083668543845,0.32046124966478945,True
five_band,2-0-0-3-1,2-1-1-0-2,1,3,0.3333333333333333,0.06149194472039621,0.7923403991979522,0.006436041834271922,0.3268972914990614,True
five_band,2-0-0-4-0,1-1-2-1-1,1,2,0.5,0.09453120573423074,0.9054687942657693,0.016894609814963796,0.4831053901850362,True
five_band,2-0-0-4-0,3-1-1-0-1,1,2,0.5,0.09453120573423074,0.9054687942657693,0.007240547063555913,0.4927594529364441,True
five_band,2-0-1-0-3,1-1-4-0-0,1,2,0.5,0.09453120573423074,0.9054687942657693,0.002413515687851971,0.497586484312148,True
five_band,2-0-1-0-3,2-1-1-1-1,1,2,0.5,0.09453120573423074,0.9054687942657693,0.028962188254223652,0.47103781174577636,True
five_band,2-0-1-1-2,0-1-2-1-2,1,5,0.2,0.03622410863243014,0.6244653702374747,0.006436041834271922,0.19356395816572808,True
five_band,2-0-1-1-2,1-1-1-2-1,1,5,0.2,0.03622410863243014,0.6244653702374747,0.0249396621078037,0.1750603378921963,True
five_band,2-0-1-1-2,1-1-2-2-0,1,5,0.2,0.03622410863243014,0.6244653702374747,0.02172164119066774,0.17827835880933227,True
five_band,2-0-1-1-2,2-2-1-1-0,1,5,0.2,0.03622410863243014,0.6244653702374747,0.02091713596138375,0.17908286403861626,True
five_band,2-0-1-1-2,2-2-2-0-0,1,5,0.2,0.03622410863243014,0.6244653702374747,0.017699115044247787,0.18230088495575222,True
five_band,2-0-1-2-1,0-3-1-1-1,1,11,0.09090909090909091,0.016232172885884855,0.37735843645159567,0.0056315366049879325,0.08527755430410298,True
five_band,2-0-1-2-1,0-3-1-2-0,1,11,0.09090909090909091,0.016232172885884855,0.37735843645159567,0.0056315366049879325,0.08527755430410298,True
five_band,2-0-1-2-1,0-3-2-0-1,1,11,0.09090909090909091,0.016232172885884855,0.37735843645159567,0.004022526146419952,0.08688656476267095,True
five_band,2-0-1-2-1,1-0-2-2-1,1,11,0.09090909090909091,0.016232172885884855,0.37735843645159567,0.008045052292839904,0.08286403861625101,True
five_band,2-0-1-2-1,1-2-2-1-0,1,11,0.09090909090909091,0.016232172885884855,0.37735843645159567,0.02172164119066774,0.06918744971842317,True
five_band,2-0-1-2-1,2-1-1-1-1,1,11,0.09090909090909091,0.016232172885884855,0.37735843645159567,0.028962188254223652,0.061946902654867256,True
five_band,2-0-1-2-1,2-1-2-0-1,1,11,0.09090909090909091,0.016232172885884855,0.37735843645159567,0.016894609814963796,0.07401448109412712,True
five_band,2-0-1-2-1,2-1-2-1-0,1,11,0.09090909090909091,0.016232172885884855,0.37735843645159567,0.03298471440064361,0.057924376508447305,True
five_band,2-0-1-2-1,2-2-0-2-0,1,11,0.09090909090909091,0.016232172885884855,0.37735843645159567,0.011263073209975865,0.07964601769911504,True
five_band,2-0-1-2-1,2-2-1-1-0,1,11,0.09090909090909091,0.016232172885884855,0.37735843645159567,0.02091713596138375,0.06999195494770716,True
five_band,2-0-1-2-1,3-2-1-0-0,1,11,0.09090909090909091,0.016232172885884855,0.37735843645159567,0.006436041834271922,0.08447304907481899,True
five_band,2-0-1-3-0,0-1-1-2-2,1,10,0.1,0.017876213095072896,0.4041500267952385,0.004827031375703942,0.09517296862429607,True
five_band,2-0-1-3-0,0-1-3-1-1,1,10,0.1,0.017876213095072896,0.4041500267952385,0.006436041834271922,0.09356395816572809,True
five_band,2-0-1-3-0,0-3-2-1-0,1,10,0.1,0.017876213095072896,0.4041500267952385,0.013676588897827836,0.08632341110217218,True
five_band,2-0-1-3-0,2-0-1-1-2,1,10,0.1,0.017876213095072896,0.4041500267952385,0.004022526146419952,0.09597747385358005,True
five_band,2-0-1-3-0,2-0-1-2-1,1,10,0.1,0.017876213095072896,0.4041500267952385,0.008849557522123894,0.09115044247787611,True
five_band,2-0-1-3-0,2-1-0-2-1,2,10,0.2,0.05668215145437519,0.5098375284633583,0.010458567980691875,0.18954143201930815,True
five_band,2-0-1-3-0,2-2-0-1-1,1,10,0.1,0.017876213095072896,0.4041500267952385,0.013676588897827836,0.08632341110217218,True
five_band,2-0-1-3-0,3-1-0-2-0,1,10,0.1,0.017876213095072896,0.4041500267952385,0.010458567980691875,0.08954143201930813,True
five_band,2-0-1-3-0,3-1-1-1-0,1,10,0.1,0.017876213095072896,0.4041500267952385,0.015285599356395816,0.08471440064360419,True
five_band,2-0-2-0-2,3-2-1-0-0,1,1,1.0,0.20654931437723745,1.0,0.006436041834271922,0.9935639581657281,True
five_band,2-0-2-1-1,0-1-2-1-2,1,15,0.06666666666666667,0.011866895493268553,0.2981652987378003,0.006436041834271922,0.06023062483239475,True
five_band,2-0-2-1-1,0-1-3-2-0,1,15,0.06666666666666667,0.011866895493268553,0.2981652987378003,0.004827031375703942,0.06183963529096272,True
five_band,2-0-2-1-1,0-1-4-0-1,1,15,0.06666666666666667,0.011866895493268553,0.2981652987378003,0.0016090104585679806,0.06505765620809868,True
five_band,2-0-2-1-1,0-2-2-0-2,1,15,0.06666666666666667,0.011866895493268553,0.2981652987378003,0.002413515687851971,0.06425315097881469,True
five_band,2-0-2-1-1,1-1-0-3-1,1,15,0.06666666666666667,0.011866895493268553,0.2981652987378003,0.006436041834271922,0.06023062483239475,True
five_band,2-0-2-1-1,1-1-1-2-1,1,15,0.06666666666666667,0.011866895493268553,0.2981652987378003,0.0249396621078037,0.04172700455886297,True
five_band,2-0-2-1-1,1-1-3-0-1,1,15,0.06666666666666667,0.011866895493268553,0.2981652987378003,0.009654062751407884,0.05701260391525878,True
five_band,2-0-2-1-1,1-2-2-1-0,1,15,0.06666666666666667,0.011866895493268553,0.2981652987378003,0.02172164119066774,0.04494502547599893,True
five_band,2-0-2-1-1,2-0-2-0-2,1,15,0.06666666666666667,0.011866895493268553,0.2981652987378003,0.0008045052292839903,0.06586216143738267,True
five_band,2-0-2-1-1,2-0-3-0-1,1,15,0.06666666666666667,0.011866895493268553,0.2981652987378003,0.002413515687851971,0.06425315097881469,True
five_band,2-0-2-1-1,2-1-1-2-0,1,15,0.06666666666666667,0.011866895493268553,0.2981652987378003,0.032180209171359615,0.03448645749530705,True
five_band,2-0-2-1-1,2-1-2-0-1,1,15,0.06666666666666667,0.011866895493268553,0.2981652987378003,0.016894609814963796,0.04977205685170287,True
five_band,2-0-2-1-1,2-1-2-1-0,1,15,0.06666666666666667,0.011866895493268553,0.2981652987378003,0.03298471440064361,0.03368195226602306,True
five_band,2-0-2-1-1,2-2-1-0-1,1,15,0.06666666666666667,0.011866895493268553,0.2981652987378003,0.016090104585679808,0.05057656208098686,True
five_band,2-0-2-1-1,2-2-2-0-0,1,15,0.06666666666666667,0.011866895493268553,0.2981652987378003,0.017699115044247787,0.04896755162241888,True
five_band,2-0-2-2-0,0-1-1-3-1,1,19,0.05263157894736842,0.009351994062300362,0.24638731166898786,0.011263073209975865,0.04136850573739255,True
five_band,2-0-2-2-0,0-1-2-2-1,1,19,0.05263157894736842,0.009351994062300362,0.24638731166898786,0.014481094127111826,0.03815048482025659,True
five_band,2-0-2-2-0,0-2-1-2-1,1,19,0.05263157894736842,0.009351994062300362,0.24638731166898786,0.016894609814963796,0.03573696913240462,True
five_band,2-0-2-2-0,0-2-2-2-0,1,19,0.05263157894736842,0.009351994062300362,0.24638731166898786,0.009654062751407884,0.04297751619596053,True
five_band,2-0-2-2-0,0-3-1-2-0,1,19,0.05263157894736842,0.009351994062300362,0.24638731166898786,0.0056315366049879325,0.047000042342380484,True
five_band,2-0-2-2-0,1-1-0-4-0,1,19,0.05263157894736842,0.009351994062300362,0.24638731166898786,0.003218020917135961,0.04941355803023246,True
five_band,2-0-2-2-0,1-1-1-3-0,2,19,0.10526315789473684,0.02935856029887013,0.31394082711109006,0.017699115044247787,0.08756404285048905,True
five_band,2-0-2-2-0,1-1-2-0-2,1,19,0.05263157894736842,0.009351994062300362,0.24638731166898786,0.004827031375703942,0.047804547571664475,True
five_band,2-0-2-2-0,1-2-0-1-2,1,19,0.05263157894736842,0.009351994062300362,0.24638731166898786,0.007240547063555913,0.04539103188381251,True
five_band,2-0-2-2-0,1-2-0-2-1,1,19,0.05263157894736842,0.009351994062300362,0.24638731166898786,0.016894609814963796,0.03573696913240462,True
five_band,2-0-2-2-0,1-2-1-2-0,1,19,0.05263157894736842,0.009351994062300362,0.24638731166898786,0.02574416733708769,0.02688741161028073,True
five_band,2-0-2-2-0,1-2-2-1-0,1,19,0.05263157894736842,0.009351994062300362,0.24638731166898786,0.02172164119066774,0.03090993775670068,True
five_band,2-0-2-2-0,2-0-1-2-1,1,19,0.05263157894736842,0.009351994062300362,0.24638731166898786,0.008849557522123894,0.043782021425244524,True
five_band,2-0-2-2-0,2-0-2-1-1,1,19,0.05263157894736842,0.009351994062300362,0.24638731166898786,0.012067578439259855,0.040564000508108565,True
five_band,2-0-2-2-0,2-1-1-1-1,1,19,0.05263157894736842,0.009351994062300362,0.24638731166898786,0.028962188254223652,0.023669390693144766,True
five_band,2-0-2-2-0,2-1-2-1-0,1,19,0.05263157894736842,0.009351994062300362,0.24638731166898786,0.03298471440064361,0.01964686454672481,True
five_band,2-0-2-2-0,2-2-0-1-1,1,19,0.05263157894736842,0.009351994062300362,0.24638731166898786,0.013676588897827836,0.03895499004954058,True
five_band,2-0-2-2-0,3-2-1-0-0,1,19,0.05263157894736842,0.009351994062300362,0.24638731166898786,0.006436041834271922,0.0461955371130965,True
five_band,2-0-3-0-1,0-1-1-3-1,1,3,0.3333333333333333,0.06149194472039621,0.7923403991979522,0.011263073209975865,0.32207026012335743,True
five_band,2-0-3-0-1,1-2-0-3-0,1,3,0.3333333333333333,0.06149194472039621,0.7923403991979522,0.0056315366049879325,0.3277017967283454,True
five_band,2-0-3-0-1,2-0-3-1-0,1,3,0.3333333333333333,0.06149194472039621,0.7923403991979522,0.004022526146419952,0.32931080718691336,True
five_band,2-0-3-1-0,0-3-1-2-0,1,5,0.2,0.03622410863243014,0.6244653702374747,0.0056315366049879325,0.19436846339501207,True
five_band,2-0-3-1-0,1-0-2-3-0,1,5,0.2,0.03622410863243014,0.6244653702374747,0.008045052292839904,0.1919549477071601,True
five_band,2-0-3-1-0,1-2-1-1-1,1,5,0.2,0.03622410863243014,0.6244653702374747,0.031375703942075624,0.1686242960579244,True
five_band,2-0-3-1-0,1-2-2-0-1,1,5,0.2,0.03622410863243014,0.6244653702374747,0.013676588897827836,0.18632341110217218,True
five_band,2-0-3-1-0,3-1-1-1-0,1,5,0.2,0.03622410863243014,0.6244653702374747,0.015285599356395816,0.1847144006436042,True
five_band,2-1-0-1-2,1-1-3-1-0,1,7,0.14285714285714285,0.02567962434474355,0.5131278292743189,0.012872083668543845,0.129985059188599,True
five_band,2-1-0-1-2,1-2-1-2-0,1,7,0.14285714285714285,0.02567962434474355,0.5131278292743189,0.02574416733708769,0.11711297552005516,True
five_band,2-1-0-1-2,1-3-0-2-0,1,7,0.14285714285714285,0.02567962434474355,0.5131278292743189,0.012872083668543845,0.129985059188599,True
five_band,2-1-0-1-2,1-4-0-1-0,1,7,0.14285714285714285,0.02567962434474355,0.5131278292743189,0.0016090104585679806,0.14124813239857487,True
five_band,2-1-0-1-2,2-1-1-1-1,1,7,0.14285714285714285,0.02567962434474355,0.5131278292743189,0.028962188254223652,0.1138949546029192,True
five_band,2-1-0-1-2,2-1-2-1-0,1,7,0.14285714285714285,0.02567962434474355,0.5131278292743189,0.03298471440064361,0.10987242845649925,True
five_band,2-1-0-1-2,3-1-1-0-1,1,7,0.14285714285714285,0.02567962434474355,0.5131278292743189,0.007240547063555913,0.13561659579358692,True
five_band,2-1-0-2-1,0-1-3-1-1,1,13,0.07692307692307693,0.013710421242556586,0.3331395092109959,0.006436041834271922,0.07048703508880501,True
five_band,2-1-0-2-1,0-1-3-2-0,1,13,0.07692307692307693,0.013710421242556586,0.3331395092109959,0.004827031375703942,0.07209604554737299,True
five_band,2-1-0-2-1,0-2-1-1-2,1,13,0.07692307692307693,0.013710421242556586,0.3331395092109959,0.009654062751407884,0.06726901417166904,True
five_band,2-1-0-2-1,0-2-1-3-0,1,13,0.07692307692307693,0.013710421242556586,0.3331395092109959,0.008045052292839904,0.06887802463023703,True
five_band,2-1-0-2-1,0-4-1-0-1,1,13,0.07692307692307693,0.013710421242556586,0.3331395092109959,0.0008045052292839903,0.07611857169379294,True
five_band,2-1-0-2-1,1-0-2-3-0,1,13,0.07692307692307693,0.013710421242556586,0.3331395092109959,0.008045052292839904,0.06887802463023703,True
five_band,2-1-0-2-1,1-2-0-2-1,1,13,0.07692307692307693,0.013710421242556586,0.3331395092109959,0.016894609814963796,0.06002846710811313,True
five_band,2-1-0-2-1,1-2-2-1-0,1,13,0.07692307692307693,0.013710421242556586,0.3331395092109959,0.02172164119066774,0.05520143573240919,True
five_band,2-1-0-2-1,1-4-1-0-0,1,13,0.07692307692307693,0.013710421242556586,0.3331395092109959,0.003218020917135961,0.07370505600594096,True
five_band,2-1-0-2-1,2-1-2-0-1,1,13,0.07692307692307693,0.013710421242556586,0.3331395092109959,0.016894609814963796,0.06002846710811313,True
five_band,2-1-0-2-1,2-1-2-1-0,1,13,0.07692307692307693,0.013710421242556586,0.3331395092109959,0.03298471440064361,0.04393836252243332,True
five_band,2-1-0-2-1,2-2-0-2-0,1,13,0.07692307692307693,0.013710421242556586,0.3331395092109959,0.011263073209975865,0.06566000371310106,True
five_band,2-1-0-2-1,3-1-2-0-0,1,13,0.07692307692307693,0.013710421242556586,0.3331395092109959,0.0056315366049879325,0.071291540318089,True
five_band,2-1-0-3-0,0-0-3-2-1,1,9,0.1111111111111111,0.019890887638544907,0.434999705576656,0.0056315366049879325,0.10547957450612318,True
five_band,2-1-0-3-0,0-2-1-1-2,1,9,0.1111111111111111,0.019890887638544907,0.434999705576656,0.009654062751407884,0.10145704835970322,True
five_band,2-1-0-3-0,1-1-1-1-2,1,9,0.1111111111111111,0.019890887638544907,0.434999705576656,0.012872083668543845,0.09823902744256727,True
five_band,2-1-0-3-0,1-1-1-2-1,1,9,0.1111111111111111,0.019890887638544907,0.434999705576656,0.0249396621078037,0.08617144900330741,True
five_band,2-1-0-3-0,1-2-0-2-1,1,9,0.1111111111111111,0.019890887638544907,0.434999705576656,0.016894609814963796,0.09421650129614731,True
five_band,2-1-0-3-0,2-0-2-2-0,1,9,0.1111111111111111,0.019890887638544907,0.434999705576656,0.015285599356395816,0.09582551175471529,True
five_band,2-1-0-3-0,2-1-1-2-0,1,9,0.1111111111111111,0.019890887638544907,0.434999705576656,0.032180209171359615,0.0789309019397515,True
five_band,2-1-0-3-0,2-1-2-1-0,1,9,0.1111111111111111,0.019890887638544907,0.434999705576656,0.03298471440064361,0.0781263967104675,True
five_band,2-1-0-3-0,2-2-1-1-0,1,9,0.1111111111111111,0.019890887638544907,0.434999705576656,0.02091713596138375,0.09019397514972735,True
five_band,2-1-1-0-2,0-2-1-2-1,1,8,0.125,0.02241749145005667,0.4708881822128535,0.016894609814963796,0.1081053901850362,True
five_band,2-1-1-0-2,1-1-2-1-1,1,8,0.125,0.02241749145005667,0.4708881822128535,0.016894609814963796,0.1081053901850362,True
five_band,2-1-1-0-2,1-2-1-1-1,1,8,0.125,0.02241749145005667,0.4708881822128535,0.031375703942075624,0.09362429605792438,True
five_band,2-1-1-0-2,1-3-1-1-0,1,8,0.125,0.02241749145005667,0.4708881822128535,0.008849557522123894,0.1161504424778761,True
five_band,2-1-1-0-2,2-1-2-0-1,1,8,0.125,0.02241749145005667,0.4708881822128535,0.016894609814963796,0.1081053901850362,True
five_band,2-1-1-0-2,2-1-2-1-0,1,8,0.125,0.02241749145005667,0.4708881822128535,0.03298471440064361,0.0920152855993564,True
five_band,2-1-1-0-2,2-2-2-0-0,1,8,0.125,0.02241749145005667,0.4708881822128535,0.017699115044247787,0.10730088495575221,True
five_band,2-1-1-0-2,3-1-1-1-0,1,8,0.125,0.02241749145005667,0.4708881822128535,0.015285599356395816,0.10971440064360419,True
five_band,2-1-1-1-1,0-0-2-4-0,1,36,0.027777777777777776,0.004920407139810443,0.14169718653273855,0.002413515687851971,0.025364262089925805,False
five_band,2-1-1-1-1,0-0-4-0-2,1,36,0.027777777777777776,0.004920407139810443,0.14169718653273855,0.0008045052292839903,0.026973272548493785,False
five_band,2-1-1-1-1,0-1-2-3-0,1,36,0.027777777777777776,0.004920407139810443,0.14169718653273855,0.006436041834271922,0.021341735943505854,False
five_band,2-1-1-1-1,0-2-0-2-2,1,36,0.027777777777777776,0.004920407139810443,0.14169718653273855,0.0016090104585679806,0.026168767319209797,False
five_band,2-1-1-1-1,0-2-1-2-1,1,36,0.027777777777777776,0.004920407139810443,0.14169718653273855,0.016894609814963796,0.01088316796281398,False
five_band,2-1-1-1-1,0-2-2-1-1,1,36,0.027777777777777776,0.004920407139810443,0.14169718653273855,0.012067578439259855,0.015710199338517923,False
five_band,2-1-1-1-1,0-2-2-2-0,1,36,0.027777777777777776,0.004920407139810443,0.14169718653273855,0.009654062751407884,0.01812371502636989,False
five_band,2-1-1-1-1,0-3-2-1-0,1,36,0.027777777777777776,0.004920407139810443,0.14169718653273855,0.013676588897827836,0.01410118887994994,False
five_band,2-1-1-1-1,1-0-0-3-2,1,36,0.027777777777777776,0.004920407139810443,0.14169718653273855,0.002413515687851971,0.025364262089925805,False
five_band,2-1-1-1-1,1-0-3-1-1,1,36,0.027777777777777776,0.004920407139810443,0.14169718653273855,0.0056315366049879325,0.022146241172789842,False
five_band,2-1-1-1-1,1-1-3-1-0,1,36,0.027777777777777776,0.004920407139810443,0.14169718653273855,0.012872083668543845,0.014905694109233932,False
five_band,2-1-1-1-1,1-2-0-1-2,1,36,0.027777777777777776,0.004920407139810443,0.14169718653273855,0.007240547063555913,0.020537230714221862,False
five_band,2-1-1-1-1,1-2-1-1-1,2,36,0.05555555555555555,0.015369986664161853,0.18144657208647252,0.031375703942075624,0.02417985161347993,False
five_band,2-1-1-1-1,1-2-2-1-0,2,36,0.05555555555555555,0.015369986664161853,0.18144657208647252,0.02172164119066774,0.033833914364887814,False
five_band,2-1-1-1-1,1-3-1-1-0,2,36,0.05555555555555555,0.015369986664161853,0.18144657208647252,0.008849557522123894,0.04670599803343166,False
five_band,2-1-1-1-1,1-3-2-0-0,1,36,0.027777777777777776,0.004920407139810443,0.14169718653273855,0.008849557522123894,0.018928220255653883,False
five_band,2-1-1-1-1,2-0-1-0-3,1,36,0.027777777777777776,0.004920407139810443,0.14169718653273855,0.0016090104585679806,0.026168767319209797,False
five_band,2-1-1-1-1,2-0-1-1-2,1,36,0.027777777777777776,0.004920407139810443,0.14169718653273855,0.004022526146419952,0.023755251631357825,False
five_band,2-1-1-1-1,2-0-1-2-1,1,36,0.027777777777777776,0.004920407139810443,0.14169718653273855,0.008849557522123894,0.018928220255653883,False
five_band,2-1-1-1-1,2-0-3-1-0,1,36,0.027777777777777776,0.004920407139810443,0.14169718653273855,0.004022526146419952,0.023755251631357825,False
five_band,2-1-1-1-1,2-1-0-2-1,1,36,0.027777777777777776,0.004920407139810443,0.14169718653273855,0.010458567980691875,0.0173192097970859,False
five_band,2-1-1-1-1,2-1-1-1-1,2,36,0.05555555555555555,0.015369986664161853,0.18144657208647252,0.028962188254223652,0.0265933673013319,False
five_band,2-1-1-1-1,2-1-2-0-1,1,36,0.027777777777777776,0.004920407139810443,0.14169718653273855,0.016894609814963796,0.01088316796281398,False
five_band,2-1-1-1-1,2-1-2-1-0,2,36,0.05555555555555555,0.015369986664161853,0.18144657208647252,0.03298471440064361,0.022570841154911946,False
five_band,2-1-1-1-1,2-2-0-2-0,1,36,0.027777777777777776,0.004920407139810443,0.14169718653273855,0.011263073209975865,0.01651470456780191,False
five_band,2-1-1-1-1,2-2-2-0-0,2,36,0.05555555555555555,0.015369986664161853,0.18144657208647252,0.017699115044247787,0.037856440511307765,False
five_band,2-1-1-1-1,2-3-0-0-1,1,36,0.027777777777777776,0.004920407139810443,0.14169718653273855,0.0056315366049879325,0.022146241172789842,False
five_band,2-1-1-1-1,3-0-2-0-1,1,36,0.027777777777777776,0.004920407139810443,0.14169718653273855,0.004022526146419952,0.023755251631357825,False
five_band,2-1-1-1-1,3-1-0-2-0,1,36,0.027777777777777776,0.004920407139810443,0.14169718653273855,0.010458567980691875,0.0173192097970859,False
five_band,2-1-1-1-1,3-1-1-1-0,1,36,0.027777777777777776,0.004920407139810443,0.14169718653273855,0.015285599356395816,0.01249217842138196,False
five_band,2-1-1-2-0,0-0-0-3-3,1,40,0.025,0.0044268315026814095,0.1288136896347409,0.0008045052292839903,0.02419549477071601,False
five_band,2-1-1-2-0,0-0-2-2-2,1,40,0.025,0.0044268315026814095,0.1288136896347409,0.0008045052292839903,0.02419549477071601,False
five_band,2-1-1-2-0,0-0-3-2-1,2,40,0.05,0.013820667386148344,0.16503877369140962,0.0056315366049879325,0.04436846339501207,False
five_band,2-1-1-2-0,0-1-1-2-2,1,40,0.025,0.0044268315026814095,0.1288136896347409,0.004827031375703942,0.02017296862429606,False
five_band,2-1-1-2-0,0-1-1-3-1,1,40,0.025,0.0044268315026814095,0.1288136896347409,0.011263073209975865,0.013736926790024136,False
five_band,2-1-1-2-0,0-2-1-1-2,2,40,0.05,0.013820667386148344,0.16503877369140962,0.009654062751407884,0.04034593724859212,False
five_band,2-1-1-2-0,0-2-2-1-1,2,40,0.05,0.013820667386148344,0.16503877369140962,0.012067578439259855,0.03793242156074015,False
five_band,2-1-1-2-0,1-0-2-2-1,1,40,0.025,0.0044268315026814095,0.1288136896347409,0.008045052292839904,0.0169549477071601,False
five_band,2-1-1-2-0,1-1-0-2-2,1,40,0.025,0.0044268315026814095,0.1288136896347409,0.008849557522123894,0.016150442477876108,False
five_band,2-1-1-2-0,1-1-0-3-1,1,40,0.025,0.0044268315026814095,0.1288136896347409,0.006436041834271922,0.01856395816572808,False
five_band,2-1-1-2-0,1-1-1-2-1,1,40,0.025,0.0044268315026814095,0.1288136896347409,0.0249396621078037,6.0337892196300064e-05,False
five_band,2-1-1-2-0,1-1-2-1-1,1,40,0.025,0.0044268315026814095,0.1288136896347409,0.016894609814963796,0.008105390185036206,False
five_band,2-1-1-2-0,1-1-2-2-0,1,40,0.025,0.0044268315026814095,0.1288136896347409,0.02172164119066774,0.003278358809332263,False
five_band,2-1-1-2-0,1-2-0-2-1,2,40,0.05,0.013820667386148344,0.16503877369140962,0.016894609814963796,0.03310539018503621,False
five_band,2-1-1-2-0,1-2-1-1-1,3,40,0.075,0.025836025774588198,0.19864233524310543,0.031375703942075624,0.043624296057924374,False
five_band,2-1-1-2-0,1-2-1-2-0,4,40,0.1,0.03957952868260638,0.23051775227522298,0.02574416733708769,0.07425583266291232,False
five_band,2-1-1-2-0,1-2-2-0-1,2,40,0.05,0.013820667386148344,0.16503877369140962,0.013676588897827836,0.036323411102172166,False
five_band,2-1-1-2-0,1-3-0-1-1,2,40,0.05,0.013820667386148344,0.16503877369140962,0.008045052292839904,0.0419549477071601,False
five_band,2-1-1-2-0,1-3-0-2-0,1,40,0.025,0.0044268315026814095,0.1288136896347409,0.012872083668543845,0.012127916331456157,False
five_band,2-1-1-2-0,2-0-0-2-2,1,40,0.025,0.0044268315026814095,0.1288136896347409,0.003218020917135961,0.021781979082864042,False
five_band,2-1-1-2-0,2-0-1-3-0,1,40,0.025,0.0044268315026814095,0.1288136896347409,0.008045052292839904,0.0169549477071601,False
five_band,2-1-1-2-0,2-1-1-2-0,1,40,0.025,0.0044268315026814095,0.1288136896347409,0.032180209171359615,-0.007180209171359614,False
five_band,2-1-1-2-0,2-1-2-1-0,2,40,0.05,0.013820667386148344,0.16503877369140962,0.03298471440064361,0.017015285599356396,False
five_band,2-1-1-2-0,2-2-0-1-1,1,40,0.025,0.0044268315026814095,0.1288136896347409,0.013676588897827836,0.011323411102172165,False
five_band,2-1-1-2-0,2-2-0-2-0,1,40,0.025,0.0044268315026814095,0.1288136896347409,0.011263073209975865,0.013736926790024136,False
five_band,2-1-1-2-0,2-3-0-1-0,1,40,0.025,0.0044268315026814095,0.1288136896347409,0.006436041834271922,0.01856395816572808,False
five_band,2-1-1-2-0,3-2-1-0-0,1,40,0.025,0.0044268315026814095,0.1288136896347409,0.006436041834271922,0.01856395816572808,False
five_band,2-1-1-2-0,5-0-0-1-0,1,40,0.025,0.0044268315026814095,0.1288136896347409,0.0016090104585679806,0.02339098954143202,False
five_band,2-1-2-0-1,0-1-0-3-2,1,21,0.047619047619047616,0.008455987809826399,0.22669360074122563,0.003218020917135961,0.04440102670191166,True
five_band,2-1-2-0-1,1-0-2-1-2,1,21,0.047619047619047616,0.008455987809826399,0.22669360074122563,0.006436041834271922,0.0411830057847757,True
five_band,2-1-2-0-1,1-0-2-2-1,1,21,0.047619047619047616,0.008455987809826399,0.22669360074122563,0.008045052292839904,0.039573995326207714,True
five_band,2-1-2-0-1,1-0-3-1-1,1,21,0.047619047619047616,0.008455987809826399,0.22669360074122563,0.0056315366049879325,0.04198751101405968,True
five_band,2-1-2-0-1,1-2-1-2-0,2,21,0.09523809523809523,0.02651876743807452,0.2891413907391826,0.02574416733708769,0.06949392790100754,True
five_band,2-1-2-0-1,1-2-2-1-0,1,21,0.047619047619047616,0.008455987809826399,0.22669360074122563,0.02172164119066774,0.025897406428379878,True
five_band,2-1-2-0-1,1-3-1-1-0,1,21,0.047619047619047616,0.008455987809826399,0.22669360074122563,0.008849557522123894,0.03876949009692372,True
five_band,2-1-2-0-1,1-4-1-0-0,1,21,0.047619047619047616,0.008455987809826399,0.22669360074122563,0.003218020917135961,0.04440102670191166,True
five_band,2-1-2-0-1,2-0-1-3-0,1,21,0.047619047619047616,0.008455987809826399,0.22669360074122563,0.008045052292839904,0.039573995326207714,True
five_band,2-1-2-0-1,2-1-0-1-2,1,21,0.047619047619047616,0.008455987809826399,0.22669360074122563,0.0056315366049879325,0.04198751101405968,True
five_band,2-1-2-0-1,2-1-0-2-1,3,21,0.14285714285714285,0.04981012499725268,0.34636060280620945,0.010458567980691875,0.132398574876451,True
five_band,2-1-2-0-1,2-1-0-3-0,1,21,0.047619047619047616,0.008455987809826399,0.22669360074122563,0.007240547063555913,0.040378500555491706,True
five_band,2-1-2-0-1,2-1-1-2-0,1,21,0.047619047619047616,0.008455987809826399,0.22669360074122563,0.032180209171359615,0.015438838447688001,True
five_band,2-1-2-0-1,2-1-2-1-0,1,21,0.047619047619047616,0.008455987809826399,0.22669360074122563,0.03298471440064361,0.01463433321840401,True
five_band,2-1-2-0-1,2-2-1-0-1,1,21,0.047619047619047616,0.008455987809826399,0.22669360074122563,0.016090104585679808,0.03152894303336781,True
five_band,2-1-2-0-1,2-3-0-0-1,1,21,0.047619047619047616,0.008455987809826399,0.22669360074122563,0.0056315366049879325,0.04198751101405968,True
five_band,2-1-2-0-1,3-1-2-0-0,1,21,0.047619047619047616,0.008455987809826399,0.22669360074122563,0.0056315366049879325,0.04198751101405968,True
five_band,2-1-2-0-1,4-0-2-0-0,1,21,0.047619047619047616,0.008455987809826399,0.22669360074122563,0.0016090104585679806,0.04601003716047963,True
five_band,2-1-2-1-0,0-0-3-2-1,1,41,0.024390243902439025,0.004318531568912411,0.1259506205577423,0.0056315366049879325,0.01875870729745109,False
five_band,2-1-2-1-0,0-1-2-2-1,2,41,0.04878048780487805,0.013480945365169042,0.16138978870370846,0.014481094127111826,0.03429939367776622,False
five_band,2-1-2-1-0,0-1-3-2-0,1,41,0.024390243902439025,0.004318531568912411,0.1259506205577423,0.004827031375703942,0.019563212526735083,False
five_band,2-1-2-1-0,0-2-3-1-0,1,41,0.024390243902439025,0.004318531568912411,0.1259506205577423,0.006436041834271922,0.017954202068167103,False
five_band,2-1-2-1-0,0-3-0-1-2,1,41,0.024390243902439025,0.004318531568912411,0.1259506205577423,0.0008045052292839903,0.023585738673155034,False
five_band,2-1-2-1-0,0-3-1-1-1,1,41,0.024390243902439025,0.004318531568912411,0.1259506205577423,0.0056315366049879325,0.01875870729745109,False
five_band,2-1-2-1-0,0-3-2-1-0,2,41,0.04878048780487805,0.013480945365169042,0.16138978870370846,0.013676588897827836,0.035103898907050214,False
five_band,2-1-2-1-0,0-3-3-0-0,1,41,0.024390243902439025,0.004318531568912411,0.1259506205577423,0.0008045052292839903,0.023585738673155034,False
five_band,2-1-2-1-0,0-4-2-0-0,1,41,0.024390243902439025,0.004318531568912411,0.1259506205577423,0.0008045052292839903,0.023585738673155034,False
five_band,2-1-2-1-0,1-0-2-3-0,1,41,0.024390243902439025,0.004318531568912411,0.1259506205577423,0.008045052292839904,0.016345191609599123,False
five_band,2-1-2-1-0,1-0-3-2-0,1,41,0.024390243902439025,0.004318531568912411,0.1259506205577423,0.007240547063555913,0.01714969683888311,False
five_band,2-1-2-1-0,1-1-1-1-2,1,41,0.024390243902439025,0.004318531568912411,0.1259506205577423,0.012872083668543845,0.01151816023389518,False
five_band,2-1-2-1-0,1-1-1-2-1,2,41,0.04878048780487805,0.013480945365169042,0.16138978870370846,0.0249396621078037,0.02384082569707435,False
five_band,2-1-2-1-0,1-1-1-3-0,2,41,0.04878048780487805,0.013480945365169042,0.16138978870370846,0.017699115044247787,0.031081372760630263,False
five_band,2-1-2-1-0,1-1-2-1-1,1,41,0.024390243902439025,0.004318531568912411,0.1259506205577423,0.016894609814963796,0.0074956340874752295,False
five_band,2-1-2-1-0,1-1-2-2-0,1,41,0.024390243902439025,0.004318531568912411,0.1259506205577423,0.02172164119066774,0.002668602711771287,False
five_band,2-1-2-1-0,1-1-3-1-0,1,41,0.024390243902439025,0.004318531568912411,0.1259506205577423,0.012872083668543845,0.01151816023389518,False
five_band,2-1-2-1-0,1-2-0-2-1,2,41,0.04878048780487805,0.013480945365169042,0.16138978870370846,0.016894609814963796,0.031885877989914255,False
five_band,2-1-2-1-0,1-2-1-1-1,2,41,0.04878048780487805,0.013480945365169042,0.16138978870370846,0.031375703942075624,0.017404783862802427,False
five_band,2-1-2-1-0,1-2-1-2-0,1,41,0.024390243902439025,0.004318531568912411,0.1259506205577423,0.02574416733708769,-0.0013539234346486642,False
five_band,2-1-2-1-0,1-2-2-1-0,1,41,0.024390243902439025,0.004318531568912411,0.1259506205577423,0.02172164119066774,0.002668602711771287,False
five_band,2-1-2-1-0,2-0-1-2-1,1,41,0.024390243902439025,0.004318531568912411,0.1259506205577423,0.008849557522123894,0.015540686380315132,False
five_band,2-1-2-1-0,2-0-3-1-0,1,41,0.024390243902439025,0.004318531568912411,0.1259506205577423,0.004022526146419952,0.020367717756019074,False
five_band,2-1-2-1-0,2-1-1-2-0,2,41,0.04878048780487805,0.013480945365169042,0.16138978870370846,0.032180209171359615,0.016600278633518435,False
five_band,2-1-2-1-0,2-1-2-0-1,1,41,0.024390243902439025,0.004318531568912411,0.1259506205577423,0.016894609814963796,0.0074956340874752295,False
five_band,2-1-2-1-0,2-3-0-0-1,2,41,0.04878048780487805,0.013480945365169042,0.16138978870370846,0.0056315366049879325,0.043148951199890116,False
five_band,2-1-2-1-0,2-3-0-1-0,1,41,0.024390243902439025,0.004318531568912411,0.1259506205577423,0.006436041834271922,0.017954202068167103,False
five_band,2-1-2-1-0,3-0-0-3-0,1,41,0.024390243902439025,0.004318531568912411,0.1259506205577423,0.0016090104585679806,0.022781233443871046,False
five_band,2-1-2-1-0,3-0-2-1-0,1,41,0.024390243902439025,0.004318531568912411,0.1259506205577423,0.004827031375703942,0.019563212526735083,False
five_band,2-1-2-1-0,3-1-0-0-2,1,41,0.024390243902439025,0.004318531568912411,0.1259506205577423,0.0016090104585679806,0.022781233443871046,False
five_band,2-1-2-1-0,3-1-0-2-0,1,41,0.024390243902439025,0.004318531568912411,0.1259506205577423,0.010458567980691875,0.01393167592174715,False
five_band,2-1-2-1-0,3-1-1-1-0,1,41,0.024390243902439025,0.004318531568912411,0.1259506205577423,0.015285599356395816,0.00910464454604321,False
five_band,2-1-2-1-0,5-0-0-1-0,1,41,0.024390243902439025,0.004318531568912411,0.1259506205577423,0.0016090104585679806,0.022781233443871046,False
five_band,2-1-3-0-0,0-2-0-3-1,1,2,0.5,0.09453120573423074,0.9054687942657693,0.0016090104585679806,0.498390989541432,True
five_band,2-1-3-0-0,0-3-1-2-0,1,2,0.5,0.09453120573423074,0.9054687942657693,0.0056315366049879325,0.49436846339501206,True
five_band,2-2-0-0-2,1-0-2-2-1,1,3,0.3333333333333333,0.06149194472039621,0.7923403991979522,0.008045052292839904,0.3252882810404934,True
five_band,2-2-0-0-2,1-2-0-2-1,1,3,0.3333333333333333,0.06149194472039621,0.7923403991979522,0.016894609814963796,0.31643872351836955,True
five_band,2-2-0-0-2,2-1-1-1-1,1,3,0.3333333333333333,0.06149194472039621,0.7923403991979522,0.028962188254223652,0.3043711450791097,True
five_band,2-2-0-1-1,0-2-2-2-0,2,17,0.11764705882352941,0.03287977376379267,0.3433635059488588,0.009654062751407884,0.10799299607212152,True
five_band,2-2-0-1-1,0-4-1-1-0,1,17,0.058823529411764705,0.010460400984997592,0.26982030637575405,0.002413515687851971,0.05641001372391274,True
five_band,2-2-0-1-1,1-1-1-2-1,2,17,0.11764705882352941,0.03287977376379267,0.3433635059488588,0.0249396621078037,0.09270739671572571,True
five_band,2-2-0-1-1,1-1-3-1-0,1,17,0.058823529411764705,0.010460400984997592,0.26982030637575405,0.012872083668543845,0.04595144574322086,True
five_band,2-2-0-1-1,1-2-1-2-0,1,17,0.058823529411764705,0.010460400984997592,0.26982030637575405,0.02574416733708769,0.033079362074677016,True
five_band,2-2-0-1-1,1-3-0-1-1,1,17,0.058823529411764705,0.010460400984997592,0.26982030637575405,0.008045052292839904,0.0507784771189248,True
five_band,2-2-0-1-1,2-0-0-3-1,1,17,0.058823529411764705,0.010460400984997592,0.26982030637575405,0.002413515687851971,0.05641001372391274,True
five_band,2-2-0-1-1,2-0-1-3-0,1,17,0.058823529411764705,0.010460400984997592,0.26982030637575405,0.008045052292839904,0.0507784771189248,True
five_band,2-2-0-1-1,2-1-1-1-1,1,17,0.058823529411764705,0.010460400984997592,0.26982030637575405,0.028962188254223652,0.029861341157541053,True
five_band,2-2-0-1-1,2-1-2-1-0,2,17,0.11764705882352941,0.03287977376379267,0.3433635059488588,0.03298471440064361,0.08466234442288581,True
five_band,2-2-0-1-1,2-2-0-1-1,1,17,0.058823529411764705,0.010460400984997592,0.26982030637575405,0.013676588897827836,0.04514694051393687,True
five_band,2-2-0-1-1,2-3-1-0-0,1,17,0.058823529411764705,0.010460400984997592,0.26982030637575405,0.006436041834271922,0.052387487577492786,True
five_band,2-2-0-1-1,3-1-2-0-0,1,17,0.058823529411764705,0.010460400984997592,0.26982030637575405,0.0056315366049879325,0.05319199280677677,True
five_band,2-2-0-1-1,3-2-1-0-0,1,17,0.058823529411764705,0.010460400984997592,0.26982030637575405,0.006436041834271922,0.052387487577492786,True
five_band,2-2-0-2-0,0-1-2-1-2,1,14,0.07142857142857142,0.012722215247890939,0.31468704424151117,0.006436041834271922,0.0649925295942995,True
five_band,2-2-0-2-0,0-2-3-1-0,1,14,0.07142857142857142,0.012722215247890939,0.31468704424151117,0.006436041834271922,0.0649925295942995,True
five_band,2-2-0-2-0,0-3-1-1-1,1,14,0.07142857142857142,0.012722215247890939,0.31468704424151117,0.0056315366049879325,0.0657970348235835,True
five_band,2-2-0-2-0,1-0-2-1-2,1,14,0.07142857142857142,0.012722215247890939,0.31468704424151117,0.006436041834271922,0.0649925295942995,True
five_band,2-2-0-2-0,1-1-0-2-2,1,14,0.07142857142857142,0.012722215247890939,0.31468704424151117,0.008849557522123894,0.06257901390644753,True
five_band,2-2-0-2-0,1-2-0-2-1,1,14,0.07142857142857142,0.012722215247890939,0.31468704424151117,0.016894609814963796,0.05453396161360763,True
five_band,2-2-0-2-0,1-2-2-0-1,1,14,0.07142857142857142,0.012722215247890939,0.31468704424151117,0.013676588897827836,0.05775198253074359,True
five_band,2-2-0-2-0,1-2-3-0-0,1,14,0.07142857142857142,0.012722215247890939,0.31468704424151117,0.003218020917135961,0.06821055051143546,True
five_band,2-2-0-2-0,2-1-1-1-1,1,14,0.07142857142857142,0.012722215247890939,0.31468704424151117,0.028962188254223652,0.04246638317434777,True
five_band,2-2-0-2-0,2-1-2-0-1,1,14,0.07142857142857142,0.012722215247890939,0.31468704424151117,0.016894609814963796,0.05453396161360763,True
five_band,2-2-0-2-0,2-2-0-2-0,1,14,0.07142857142857142,0.012722215247890939,0.31468704424151117,0.011263073209975865,0.060165498218595556,True
five_band,2-2-0-2-0,2-2-1-0-1,1,14,0.07142857142857142,0.012722215247890939,0.31468704424151117,0.016090104585679808,0.05533846684289162,True
five_band,2-2-0-2-0,3-1-0-2-0,1,14,0.07142857142857142,0.012722215247890939,0.31468704424151117,0.010458567980691875,0.06097000344787955,True
five_band,2-2-0-2-0,3-2-0-0-1,1,14,0.07142857142857142,0.012722215247890939,0.31468704424151117,0.004022526146419952,0.06740604528215147,True
five_band,2-2-1-0-1,0-1-1-2-2,1,20,0.05,0.008881448800795402,0.23613119344674205,0.004827031375703942,0.04517296862429606,True
five_band,2-2-1-0-1,0-1-1-3-1,1,20,0.05,0.008881448800795402,0.23613119344674205,0.011263073209975865,0.038736926790024134,True
five_band,2-2-1-0-1,0-1-2-2-1,1,20,0.05,0.008881448800795402,0.23613119344674205,0.014481094127111826,0.035518905872888175,True
five_band,2-2-1-0-1,0-2-4-0-0,1,20,0.05,0.008881448800795402,0.23613119344674205,0.002413515687851971,0.047586484312148035,True
five_band,2-2-1-0-1,0-3-2-1-0,1,20,0.05,0.008881448800795402,0.23613119344674205,0.013676588897827836,0.036323411102172166,True
five_band,2-2-1-0-1,0-4-0-0-2,1,20,0.05,0.008881448800795402,0.23613119344674205,0.0008045052292839903,0.04919549477071601,True
five_band,2-2-1-0-1,1-0-3-2-0,1,20,0.05,0.008881448800795402,0.23613119344674205,0.007240547063555913,0.04275945293644409,True
five_band,2-2-1-0-1,1-1-1-1-2,2,20,0.1,0.027866481213768224,0.3010336452284873,0.012872083668543845,0.08712791633145617,True
five_band,2-2-1-0-1,1-2-0-2-1,1,20,0.05,0.008881448800795402,0.23613119344674205,0.016894609814963796,0.03310539018503621,True
five_band,2-2-1-0-1,1-2-1-1-1,1,20,0.05,0.008881448800795402,0.23613119344674205,0.031375703942075624,0.01862429605792438,True
five_band,2-2-1-0-1,1-2-1-2-0,2,20,0.1,0.027866481213768224,0.3010336452284873,0.02574416733708769,0.07425583266291232,True
five_band,2-2-1-0-1,1-2-2-0-1,1,20,0.05,0.008881448800795402,0.23613119344674205,0.013676588897827836,0.036323411102172166,True
five_band,2-2-1-0-1,1-3-2-0-0,1,20,0.05,0.008881448800795402,0.23613119344674205,0.008849557522123894,0.04115044247787611,True
five_band,2-2-1-0-1,2-0-2-1-1,1,20,0.05,0.008881448800795402,0.23613119344674205,0.012067578439259855,0.03793242156074015,True
five_band,2-2-1-0-1,2-2-1-0-1,1,20,0.05,0.008881448800795402,0.23613119344674205,0.016090104585679808,0.0339098954143202,True
five_band,2-2-1-0-1,2-2-2-0-0,1,20,0.05,0.008881448800795402,0.23613119344674205,0.017699115044247787,0.032300884955752215,True
five_band,2-2-1-0-1,2-3-1-0-0,1,20,0.05,0.008881448800795402,0.23613119344674205,0.006436041834271922,0.043563958165728084,True
five_band,2-2-1-0-1,3-1-1-1-0,1,20,0.05,0.008881448800795402,0.23613119344674205,0.015285599356395816,0.03471440064360419,True
five_band,2-2-1-1-0,0-0-1-3-2,1,26,0.038461538461538464,0.006821984993543487,0.18892778903034757,0.002413515687851971,0.036048022773686496,True
five_band,2-2-1-1-0,0-1-2-2-1,1,26,0.038461538461538464,0.006821984993543487,0.18892778903034757,0.014481094127111826,0.023980444334426636,True
five_band,2-2-1-1-0,0-1-2-3-0,1,26,0.038461538461538464,0.006821984993543487,0.18892778903034757,0.006436041834271922,0.032025496627266545,True
five_band,2-2-1-1-0,0-1-4-1-0,1,26,0.038461538461538464,0.006821984993543487,0.18892778903034757,0.002413515687851971,0.036048022773686496,True
five_band,2-2-1-1-0,0-2-1-2-1,2,26,0.07692307692307693,0.0213550884722762,0.2414155377162906,0.016894609814963796,0.06002846710811313,True
five_band,2-2-1-1-0,0-2-4-0-0,1,26,0.038461538461538464,0.006821984993543487,0.18892778903034757,0.002413515687851971,0.036048022773686496,True
five_band,2-2-1-1-0,1-0-1-2-2,1,26,0.038461538461538464,0.006821984993543487,0.18892778903034757,0.002413515687851971,0.036048022773686496,True
five_band,2-2-1-1-0,1-0-2-3-0,1,26,0.038461538461538464,0.006821984993543487,0.18892778903034757,0.008045052292839904,0.03041648616869856,True
five_band,2-2-1-1-0,1-1-0-3-1,2,26,0.07692307692307693,0.0213550884722762,0.2414155377162906,0.006436041834271922,0.07048703508880501,True
five_band,2-2-1-1-0,1-1-1-0-3,1,26,0.038461538461538464,0.006821984993543487,0.18892778903034757,0.0016090104585679806,0.03685252800297048,True
five_band,2-2-1-1-0,1-1-1-2-1,1,26,0.038461538461538464,0.006821984993543487,0.18892778903034757,0.0249396621078037,0.013521876353734762,True
five_band,2-2-1-1-0,1-1-2-2-0,1,26,0.038461538461538464,0.006821984993543487,0.18892778903034757,0.02172164119066774,0.016739897270870725,True
five_band,2-2-1-1-0,1-1-3-1-0,2,26,0.07692307692307693,0.0213550884722762,0.2414155377162906,0.012872083668543845,0.06405099325453309,True
five_band,2-2-1-1-0,1-2-1-1-1,1,26,0.038461538461538464,0.006821984993543487,0.18892778903034757,0.031375703942075624,0.00708583451946284,True
five_band,2-2-1-1-0,1-3-0-2-0,1,26,0.038461538461538464,0.006821984993543487,0.18892778903034757,0.012872083668543845,0.02558945479299462,True
five_band,2-2-1-1-0,2-1-1-1-1,1,26,0.038461538461538464,0.006821984993543487,0.18892778903034757,0.028962188254223652,0.009499350207314811,True
five_band,2-2-1-1-0,2-1-1-2-0,1,26,0.038461538461538464,0.006821984993543487,0.18892778903034757,0.032180209171359615,0.006281329290178848,True
five_band,2-2-1-1-0,2-2-0-0-2,1,26,0.038461538461538464,0.006821984993543487,0.18892778903034757,0.002413515687851971,0.036048022773686496,True
five_band,2-2-1-1-0,2-2-1-0-1,1,26,0.038461538461538464,0.006821984993543487,0.18892778903034757,0.016090104585679808,0.022371433875858656,True
five_band,2-2-1-1-0,3-0-1-1-1,1,26,0.038461538461538464,0.006821984993543487,0.18892778903034757,0.002413515687851971,0.036048022773686496,True
five_band,2-2-1-1-0,3-1-0-1-1,1,26,0.038461538461538464,0.006821984993543487,0.18892778903034757,0.0056315366049879325,0.03283000185655053,True
five_band,2-2-1-1-0,3-2-0-1-0,2,26,0.07692307692307693,0.0213550884722762,0.2414155377162906,0.0056315366049879325,0.071291540318089,True
five_band,2-2-2-0-0,0-0-3-3-0,1,22,0.045454545454545456,0.00806942762126385,0.21798045838657332,0.003218020917135961,0.042236524537409496,True
five_band,2-2-2-0-0,1-0-3-1-1,1,22,0.045454545454545456,0.00806942762126385,0.21798045838657332,0.0056315366049879325,0.03982300884955752,True
five_band,2-2-2-0-0,1-1-1-3-0,1,22,0.045454545454545456,0.00806942762126385,0.21798045838657332,0.017699115044247787,0.02775543041029767,True
five_band,2-2-2-0-0,1-1-2-0-2,1,22,0.045454545454545456,0.00806942762126385,0.21798045838657332,0.004827031375703942,0.04062751407884151,True
five_band,2-2-2-0-0,1-1-2-2-0,1,22,0.045454545454545456,0.00806942762126385,0.21798045838657332,0.02172164119066774,0.023732904263877717,True
five_band,2-2-2-0-0,1-1-3-0-1,1,22,0.045454545454545456,0.00806942762126385,0.21798045838657332,0.009654062751407884,0.03580048270313757,True
five_band,2-2-2-0-0,1-1-3-1-0,1,22,0.045454545454545456,0.00806942762126385,0.21798045838657332,0.012872083668543845,0.03258246178600161,True
five_band,2-2-2-0-0,1-2-0-1-2,1,22,0.045454545454545456,0.00806942762126385,0.21798045838657332,0.007240547063555913,0.038213998390989545,True
five_band,2-2-2-0-0,1-2-0-2-1,1,22,0.045454545454545456,0.00806942762126385,0.21798045838657332,0.016894609814963796,0.02855993563958166,True
five_band,2-2-2-0-0,1-2-1-2-0,2,22,0.09090909090909091,0.025295428990995267,0.27814946841605814,0.02574416733708769,0.06516492357200322,True
five_band,2-2-2-0-0,1-2-2-1-0,1,22,0.045454545454545456,0.00806942762126385,0.21798045838657332,0.02172164119066774,0.023732904263877717,True
five_band,2-2-2-0-0,1-3-0-2-0,1,22,0.045454545454545456,0.00806942762126385,0.21798045838657332,0.012872083668543845,0.03258246178600161,True
five_band,2-2-2-0-0,2-0-1-3-0,1,22,0.045454545454545456,0.00806942762126385,0.21798045838657332,0.008045052292839904,0.037409493161705554,True
five_band,2-2-2-0-0,2-1-1-2-0,2,22,0.09090909090909091,0.025295428990995267,0.27814946841605814,0.032180209171359615,0.058728881737731296,True
five_band,2-2-2-0-0,2-1-2-1-0,1,22,0.045454545454545456,0.00806942762126385,0.21798045838657332,0.03298471440064361,0.012469831053901849,True
five_band,2-2-2-0-0,2-2-0-2-0,1,22,0.045454545454545456,0.00806942762126385,0.21798045838657332,0.011263073209975865,0.03419147224456959,True
five_band,2-2-2-0-0,2-2-1-0-1,1,22,0.045454545454545456,0.00806942762126385,0.21798045838657332,0.016090104585679808,0.029364440868865648,True
five_band,2-2-2-0-0,2-2-1-1-0,1,22,0.045454545454545456,0.00806942762126385,0.21798045838657332,0.02091713596138375,0.024537409493161706,True
five_band,2-2-2-0-0,3-0-2-0-1,1,22,0.045454545454545456,0.00806942762126385,0.21798045838657332,0.004022526146419952,0.041432019308125505,True
five_band,2-2-2-0-0,3-0-2-1-0,1,22,0.045454545454545456,0.00806942762126385,0.21798045838657332,0.004827031375703942,0.04062751407884151,True
five_band,2-3-0-0-1,0-1-1-2-2,1,7,0.14285714285714285,0.02567962434474355,0.5131278292743189,0.004827031375703942,0.1380301114814389,True
five_band,2-3-0-0-1,0-1-1-3-1,1,7,0.14285714285714285,0.02567962434474355,0.5131278292743189,0.011263073209975865,0.131594069647167,True
five_band,2-3-0-0-1,1-1-1-2-1,1,7,0.14285714285714285,0.02567962434474355,0.5131278292743189,0.0249396621078037,0.11791748074933915,True
five_band,2-3-0-0-1,1-1-1-3-0,2,7,0.2857142857142857,0.08221892400405678,0.6410655481673808,0.017699115044247787,0.2680151706700379,True
five_band,2-3-0-0-1,2-1-0-2-1,1,7,0.14285714285714285,0.02567962434474355,0.5131278292743189,0.010458567980691875,0.132398574876451,True
five_band,2-3-0-0-1,2-1-1-0-2,1,7,0.14285714285714285,0.02567962434474355,0.5131278292743189,0.006436041834271922,0.13642110102287092,True
five_band,2-3-0-1-0,0-1-1-3-1,1,8,0.125,0.02241749145005667,0.4708881822128535,0.011263073209975865,0.11373692679002413,True
five_band,2-3-0-1-0,0-1-2-1-2,1,8,0.125,0.02241749145005667,0.4708881822128535,0.006436041834271922,0.11856395816572808,True
five_band,2-3-0-1-0,1-1-1-2-1,2,8,0.25,0.071479212752109,0.5907245696898311,0.0249396621078037,0.2250603378921963,True
five_band,2-3-0-1-0,1-1-3-0-1,1,8,0.125,0.02241749145005667,0.4708881822128535,0.009654062751407884,0.11534593724859211,True
five_band,2-3-0-1-0,2-1-2-0-1,1,8,0.125,0.02241749145005667,0.4708881822128535,0.016894609814963796,0.1081053901850362,True
five_band,2-3-0-1-0,2-1-2-1-0,1,8,0.125,0.02241749145005667,0.4708881822128535,0.03298471440064361,0.0920152855993564,True
five_band,2-3-0-1-0,3-1-1-0-1,1,8,0.125,0.02241749145005667,0.4708881822128535,0.007240547063555913,0.11775945293644409,True
five_band,2-3-1-0-0,0-2-3-1-0,1,8,0.125,0.02241749145005667,0.4708881822128535,0.006436041834271922,0.11856395816572808,True
five_band,2-3-1-0-0,1-0-2-2-1,1,8,0.125,0.02241749145005667,0.4708881822128535,0.008045052292839904,0.1169549477071601,True
five_band,2-3-1-0-0,1-1-1-1-2,1,8,0.125,0.02241749145005667,0.4708881822128535,0.012872083668543845,0.11212791633145616,True
five_band,2-3-1-0-0,1-2-1-2-0,1,8,0.125,0.02241749145005667,0.4708881822128535,0.02574416733708769,0.09925583266291231,True
five_band,2-3-1-0-0,2-0-1-3-0,1,8,0.125,0.02241749145005667,0.4708881822128535,0.008045052292839904,0.1169549477071601,True
five_band,2-3-1-0-0,2-1-0-3-0,1,8,0.125,0.02241749145005667,0.4708881822128535,0.007240547063555913,0.11775945293644409,True
five_band,2-3-1-0-0,2-1-1-0-2,1,8,0.125,0.02241749145005667,0.4708881822128535,0.006436041834271922,0.11856395816572808,True
five_band,2-3-1-0-0,2-1-1-1-1,1,8,0.125,0.02241749145005667,0.4708881822128535,0.028962188254223652,0.09603781174577634,True
five_band,2-4-0-0-0,1-1-1-2-1,1,3,0.3333333333333333,0.06149194472039621,0.7923403991979522,0.0249396621078037,0.30839367122552963,True
five_band,2-4-0-0-0,2-1-1-1-1,1,3,0.3333333333333333,0.06149194472039621,0.7923403991979522,0.028962188254223652,0.3043711450791097,True
five_band,2-4-0-0-0,2-1-2-0-1,1,3,0.3333333333333333,0.06149194472039621,0.7923403991979522,0.016894609814963796,0.31643872351836955,True
five_band,3-0-0-2-1,0-0-1-3-2,1,1,1.0,0.20654931437723745,1.0,0.002413515687851971,0.997586484312148,True
five_band,3-0-0-3-0,2-1-1-1-1,1,2,0.5,0.09453120573423074,0.9054687942657693,0.028962188254223652,0.47103781174577636,True
five_band,3-0-0-3-0,3-1-1-1-0,1,2,0.5,0.09453120573423074,0.9054687942657693,0.015285599356395816,0.48471440064360416,True
five_band,3-0-1-0-2,1-1-1-2-1,1,2,0.5,0.09453120573423074,0.9054687942657693,0.0249396621078037,0.4750603378921963,True
five_band,3-0-1-0-2,2-1-1-2-0,1,2,0.5,0.09453120573423074,0.9054687942657693,0.032180209171359615,0.4678197908286404,True
five_band,3-0-1-1-1,0-1-1-3-1,1,3,0.3333333333333333,0.06149194472039621,0.7923403991979522,0.011263073209975865,0.32207026012335743,True
five_band,3-0-1-1-1,1-2-2-1-0,1,3,0.3333333333333333,0.06149194472039621,0.7923403991979522,0.02172164119066774,0.3116116921426656,True
five_band,3-0-1-1-1,2-1-2-0-1,1,3,0.3333333333333333,0.06149194472039621,0.7923403991979522,0.016894609814963796,0.31643872351836955,True
five_band,3-0-1-2-0,0-2-1-2-1,1,4,0.25,0.04558726080970055,0.6993581574175981,0.016894609814963796,0.2331053901850362,True
five_band,3-0-1-2-0,0-2-2-1-1,1,4,0.25,0.04558726080970055,0.6993581574175981,0.012067578439259855,0.23793242156074015,True
five_band,3-0-1-2-0,0-5-0-0-1,1,4,0.25,0.04558726080970055,0.6993581574175981,0.0008045052292839903,0.249195494770716,True
five_band,3-0-1-2-0,1-1-3-0-1,1,4,0.25,0.04558726080970055,0.6993581574175981,0.009654062751407884,0.24034593724859213,True
five_band,3-0-2-0-1,0-0-2-3-1,1,5,0.2,0.03622410863243014,0.6244653702374747,0.0016090104585679806,0.19839098954143203,True
five_band,3-0-2-0-1,1-1-3-1-0,1,5,0.2,0.03622410863243014,0.6244653702374747,0.012872083668543845,0.18712791633145617,True
five_band,3-0-2-0-1,1-2-2-0-1,1,5,0.2,0.03622410863243014,0.6244653702374747,0.013676588897827836,0.18632341110217218,True
five_band,3-0-2-0-1,1-3-0-2-0,1,5,0.2,0.03622410863243014,0.6244653702374747,0.012872083668543845,0.18712791633145617,True
five_band,3-0-2-0-1,2-2-0-1-1,1,5,0.2,0.03622410863243014,0.6244653702374747,0.013676588897827836,0.18632341110217218,True
five_band,3-0-2-1-0,0-2-1-2-1,1,6,0.16666666666666666,0.030053369748306635,0.5635028221864702,0.016894609814963796,0.14977205685170286,True
five_band,3-0-2-1-0,0-2-3-0-1,1,6,0.16666666666666666,0.030053369748306635,0.5635028221864702,0.003218020917135961,0.1634486457495307,True
five_band,3-0-2-1-0,2-1-1-1-1,2,6,0.3333333333333333,0.09677141110578041,0.700006684861608,0.028962188254223652,0.3043711450791097,True
five_band,3-0-2-1-0,2-1-1-2-0,1,6,0.16666666666666666,0.030053369748306635,0.5635028221864702,0.032180209171359615,0.13448645749530705,True
five_band,3-0-2-1-0,2-3-0-1-0,1,6,0.16666666666666666,0.030053369748306635,0.5635028221864702,0.006436041834271922,0.16023062483239472,True
five_band,3-1-0-0-2,1-0-1-3-1,1,2,0.5,0.09453120573423074,0.9054687942657693,0.008849557522123894,0.4911504424778761,True
five_band,3-1-0-0-2,1-2-0-3-0,1,2,0.5,0.09453120573423074,0.9054687942657693,0.0056315366049879325,0.49436846339501206,True
five_band,3-1-0-1-1,0-3-2-0-1,1,7,0.14285714285714285,0.02567962434474355,0.5131278292743189,0.004022526146419952,0.1388346167107229,True
five_band,3-1-0-1-1,1-0-2-3-0,1,7,0.14285714285714285,0.02567962434474355,0.5131278292743189,0.008045052292839904,0.13481209056430293,True
five_band,3-1-0-1-1,1-1-0-2-2,1,7,0.14285714285714285,0.02567962434474355,0.5131278292743189,0.008849557522123894,0.13400758533501894,True
five_band,3-1-0-1-1,1-1-1-1-2,1,7,0.14285714285714285,0.02567962434474355,0.5131278292743189,0.012872083668543845,0.129985059188599,True
five_band,3-1-0-1-1,1-3-1-0-1,1,7,0.14285714285714285,0.02567962434474355,0.5131278292743189,0.006436041834271922,0.13642110102287092,True
five_band,3-1-0-1-1,2-0-2-2-0,1,7,0.14285714285714285,0.02567962434474355,0.5131278292743189,0.015285599356395816,0.12757154350074704,True
five_band,3-1-0-1-1,2-2-1-1-0,1,7,0.14285714285714285,0.02567962434474355,0.5131278292743189,0.02091713596138375,0.1219400068957591,True
five_band,3-1-0-2-0,0-1-2-2-1,1,13,0.07692307692307693,0.013710421242556586,0.3331395092109959,0.014481094127111826,0.0624419827959651,True
five_band,3-1-0-2-0,1-0-1-3-1,1,13,0.07692307692307693,0.013710421242556586,0.3331395092109959,0.008849557522123894,0.06807351940095303,True
five_band,3-1-0-2-0,1-0-2-2-1,1,13,0.07692307692307693,0.013710421242556586,0.3331395092109959,0.008045052292839904,0.06887802463023703,True
five_band,3-1-0-2-0,1-1-1-1-2,1,13,0.07692307692307693,0.013710421242556586,0.3331395092109959,0.012872083668543845,0.06405099325453309,True
five_band,3-1-0-2-0,1-1-2-2-0,2,13,0.15384615384615385,0.043258178358081184,0.4223463101948254,0.02172164119066774,0.1321245126554861,True
five_band,3-1-0-2-0,1-2-1-1-1,1,13,0.07692307692307693,0.013710421242556586,0.3331395092109959,0.031375703942075624,0.045547372981001304,True
five_band,3-1-0-2-0,1-2-1-2-0,1,13,0.07692307692307693,0.013710421242556586,0.3331395092109959,0.02574416733708769,0.05117890958598924,True
five_band,3-1-0-2-0,1-2-2-0-1,1,13,0.07692307692307693,0.013710421242556586,0.3331395092109959,0.013676588897827836,0.0632464880252491,True
five_band,3-1-0-2-0,1-3-0-2-0,1,13,0.07692307692307693,0.013710421242556586,0.3331395092109959,0.012872083668543845,0.06405099325453309,True
five_band,3-1-0-2-0,1-3-1-1-0,1,13,0.07692307692307693,0.013710421242556586,0.3331395092109959,0.008849557522123894,0.06807351940095303,True
five_band,3-1-0-2-0,2-1-0-2-1,1,13,0.07692307692307693,0.013710421242556586,0.3331395092109959,0.010458567980691875,0.06646450894238505,True
five_band,3-1-0-2-0,2-2-0-0-2,1,13,0.07692307692307693,0.013710421242556586,0.3331395092109959,0.002413515687851971,0.07450956123522495,True
five_band,3-1-1-0-1,0-1-2-1-2,1,9,0.1111111111111111,0.019890887638544907,0.434999705576656,0.006436041834271922,0.10467506927683919,True
five_band,3-1-1-0-1,1-1-2-1-1,1,9,0.1111111111111111,0.019890887638544907,0.434999705576656,0.016894609814963796,0.09421650129614731,True
five_band,3-1-1-0-1,1-1-2-2-0,1,9,0.1111111111111111,0.019890887638544907,0.434999705576656,0.02172164119066774,0.08938946992044336,True
five_band,3-1-1-0-1,2-0-1-2-1,1,9,0.1111111111111111,0.019890887638544907,0.434999705576656,0.008849557522123894,0.10226155358898721,True
five_band,3-1-1-0-1,2-1-0-2-1,1,9,0.1111111111111111,0.019890887638544907,0.434999705576656,0.010458567980691875,0.10065254313041923,True
five_band,3-1-1-0-1,2-1-1-2-0,1,9,0.1111111111111111,0.019890887638544907,0.434999705576656,0.032180209171359615,0.0789309019397515,True
five_band,3-1-1-0-1,2-2-1-1-0,1,9,0.1111111111111111,0.019890887638544907,0.434999705576656,0.02091713596138375,0.09019397514972735,True
five_band,3-1-1-0-1,2-3-0-1-0,1,9,0.1111111111111111,0.019890887638544907,0.434999705576656,0.006436041834271922,0.10467506927683919,True
five_band,3-1-1-0-1,2-3-1-0-0,1,9,0.1111111111111111,0.019890887638544907,0.434999705576656,0.006436041834271922,0.10467506927683919,True
five_band,3-1-1-1-0,0-0-3-3-0,1,19,0.05263157894736842,0.009351994062300362,0.24638731166898786,0.003218020917135961,0.04941355803023246,True
five_band,3-1-1-1-0,0-1-1-4-0,1,19,0.05263157894736842,0.009351994062300362,0.24638731166898786,0.003218020917135961,0.04941355803023246,True
five_band,3-1-1-1-0,0-1-2-2-1,1,19,0.05263157894736842,0.009351994062300362,0.24638731166898786,0.014481094127111826,0.03815048482025659,True
five_band,3-1-1-1-0,0-1-3-2-0,1,19,0.05263157894736842,0.009351994062300362,0.24638731166898786,0.004827031375703942,0.047804547571664475,True
five_band,3-1-1-1-0,0-2-1-2-1,1,19,0.05263157894736842,0.009351994062300362,0.24638731166898786,0.016894609814963796,0.03573696913240462,True
five_band,3-1-1-1-0,1-1-1-2-1,1,19,0.05263157894736842,0.009351994062300362,0.24638731166898786,0.0249396621078037,0.027691916839564717,True
five_band,3-1-1-1-0,1-1-2-0-2,1,19,0.05263157894736842,0.009351994062300362,0.24638731166898786,0.004827031375703942,0.047804547571664475,True
five_band,3-1-1-1-0,1-2-0-2-1,1,19,0.05263157894736842,0.009351994062300362,0.24638731166898786,0.016894609814963796,0.03573696913240462,True
five_band,3-1-1-1-0,1-2-1-1-1,1,19,0.05263157894736842,0.009351994062300362,0.24638731166898786,0.031375703942075624,0.021255875005292794,True
five_band,3-1-1-1-0,1-2-1-2-0,1,19,0.05263157894736842,0.009351994062300362,0.24638731166898786,0.02574416733708769,0.02688741161028073,True
five_band,3-1-1-1-0,1-3-2-0-0,1,19,0.05263157894736842,0.009351994062300362,0.24638731166898786,0.008849557522123894,0.043782021425244524,True
five_band,3-1-1-1-0,2-0-2-1-1,1,19,0.05263157894736842,0.009351994062300362,0.24638731166898786,0.012067578439259855,0.040564000508108565,True
five_band,3-1-1-1-0,2-1-1-1-1,2,19,0.10526315789473684,0.02935856029887013,0.31394082711109006,0.028962188254223652,0.07630096964051318,True
five_band,3-1-1-1-0,2-2-1-1-0,2,19,0.10526315789473684,0.02935856029887013,0.31394082711109006,0.02091713596138375,0.08434602193335308,True
five_band,3-1-1-1-0,3-0-1-2-0,1,19,0.05263157894736842,0.009351994062300362,0.24638731166898786,0.003218020917135961,0.04941355803023246,True
five_band,3-1-1-1-0,3-1-1-1-0,1,19,0.05263157894736842,0.009351994062300362,0.24638731166898786,0.015285599356395816,0.037345979590972606,True
five_band,3-1-1-1-0,3-3-0-0-0,1,19,0.05263157894736842,0.009351994062300362,0.24638731166898786,0.004022526146419952,0.04860905280094847,True
five_band,3-1-2-0-0,0-0-1-5-0,1,7,0.14285714285714285,0.02567962434474355,0.5131278292743189,0.0016090104585679806,0.14124813239857487,True
five_band,3-1-2-0-0,0-1-4-0-1,1,7,0.14285714285714285,0.02567962434474355,0.5131278292743189,0.0016090104585679806,0.14124813239857487,True
five_band,3-1-2-0-0,1-2-1-2-0,1,7,0.14285714285714285,0.02567962434474355,0.5131278292743189,0.02574416733708769,0.11711297552005516,True
five_band,3-1-2-0-0,2-0-3-1-0,1,7,0.14285714285714285,0.02567962434474355,0.5131278292743189,0.004022526146419952,0.1388346167107229,True
five_band,3-1-2-0-0,2-2-1-0-1,2,7,0.2857142857142857,0.08221892400405678,0.6410655481673808,0.016090104585679808,0.26962418112860587,True
five_band,3-1-2-0-0,3-1-0-2-0,1,7,0.14285714285714285,0.02567962434474355,0.5131278292743189,0.010458567980691875,0.132398574876451,True
five_band,3-2-0-0-1,0-2-0-4-0,1,5,0.2,0.03622410863243014,0.6244653702374747,0.0008045052292839903,0.19919549477071602,True
five_band,3-2-0-0-1,0-2-1-1-2,1,5,0.2,0.03622410863243014,0.6244653702374747,0.009654062751407884,0.19034593724859214,True
five_band,3-2-0-0-1,1-0-2-1-2,1,5,0.2,0.03622410863243014,0.6244653702374747,0.006436041834271922,0.19356395816572808,True
five_band,3-2-0-0-1,1-2-2-1-0,1,5,0.2,0.03622410863243014,0.6244653702374747,0.02172164119066774,0.17827835880933227,True
five_band,3-2-0-0-1,2-1-2-0-1,1,5,0.2,0.03622410863243014,0.6244653702374747,0.016894609814963796,0.18310539018503622,True
five_band,3-2-0-1-0,1-1-1-3-0,1,7,0.14285714285714285,0.02567962434474355,0.5131278292743189,0.017699115044247787,0.12515802781289506,True
five_band,3-2-0-1-0,1-1-4-0-0,1,7,0.14285714285714285,0.02567962434474355,0.5131278292743189,0.002413515687851971,0.14044362716929087,True
five_band,3-2-0-1-0,1-2-2-0-1,1,7,0.14285714285714285,0.02567962434474355,0.5131278292743189,0.013676588897827836,0.12918055395931502,True
five_band,3-2-0-1-0,2-0-2-2-0,1,7,0.14285714285714285,0.02567962434474355,0.5131278292743189,0.015285599356395816,0.12757154350074704,True
five_band,3-2-0-1-0,2-1-1-1-1,1,7,0.14285714285714285,0.02567962434474355,0.5131278292743189,0.028962188254223652,0.1138949546029192,True
five_band,3-2-0-1-0,3-1-0-1-1,1,7,0.14285714285714285,0.02567962434474355,0.5131278292743189,0.0056315366049879325,0.1372256062521549,True
five_band,3-2-0-1-0,4-1-0-1-0,1,7,0.14285714285714285,0.02567962434474355,0.5131278292743189,0.002413515687851971,0.14044362716929087,True
five_band,3-2-1-0-0,0-2-1-1-2,1,8,0.125,0.02241749145005667,0.4708881822128535,0.009654062751407884,0.11534593724859211,True
five_band,3-2-1-0-0,1-1-2-1-1,1,8,0.125,0.02241749145005667,0.4708881822128535,0.016894609814963796,0.1081053901850362,True
five_band,3-2-1-0-0,1-2-0-3-0,1,8,0.125,0.02241749145005667,0.4708881822128535,0.0056315366049879325,0.11936846339501207,True
five_band,3-2-1-0-0,1-2-1-1-1,1,8,0.125,0.02241749145005667,0.4708881822128535,0.031375703942075624,0.09362429605792438,True
five_band,3-2-1-0-0,1-4-1-0-0,1,8,0.125,0.02241749145005667,0.4708881822128535,0.003218020917135961,0.12178197908286403,True
five_band,3-2-1-0-0,2-0-2-1-1,1,8,0.125,0.02241749145005667,0.4708881822128535,0.012067578439259855,0.11293242156074014,True
five_band,3-2-1-0-0,2-1-1-1-1,1,8,0.125,0.02241749145005667,0.4708881822128535,0.028962188254223652,0.09603781174577634,True
five_band,3-2-1-0-0,2-2-1-1-0,1,8,0.125,0.02241749145005667,0.4708881822128535,0.02091713596138375,0.10408286403861625,True
five_band,3-3-0-0-0,1-0-2-1-2,1,5,0.2,0.03622410863243014,0.6244653702374747,0.006436041834271922,0.19356395816572808,True
five_band,3-3-0-0-0,1-1-3-0-1,1,5,0.2,0.03622410863243014,0.6244653702374747,0.009654062751407884,0.19034593724859214,True
five_band,3-3-0-0-0,1-2-1-1-1,1,5,0.2,0.03622410863243014,0.6244653702374747,0.031375703942075624,0.1686242960579244,True
five_band,3-3-0-0-0,2-0-1-1-2,1,5,0.2,0.03622410863243014,0.6244653702374747,0.004022526146419952,0.19597747385358005,True
five_band,3-3-0-0-0,2-1-2-1-0,1,5,0.2,0.03622410863243014,0.6244653702374747,0.03298471440064361,0.1670152855993564,True
five_band,4-0-0-1-1,2-1-2-1-0,1,1,1.0,0.20654931437723745,1.0,0.03298471440064361,0.9670152855993563,True
five_band,4-0-1-0-1,1-1-1-1-2,1,1,1.0,0.20654931437723745,1.0,0.012872083668543845,0.9871279163314561,True
five_band,4-0-2-0-0,1-2-1-1-1,1,2,0.5,0.09453120573423074,0.9054687942657693,0.031375703942075624,0.4686242960579244,True
five_band,4-0-2-0-0,2-0-1-3-0,1,2,0.5,0.09453120573423074,0.9054687942657693,0.008045052292839904,0.4919549477071601,True
five_band,4-1-0-0-1,3-1-0-2-0,1,1,1.0,0.20654931437723745,1.0,0.010458567980691875,0.9895414320193081,True
five_band,4-1-0-1-0,1-3-0-1-1,1,3,0.3333333333333333,0.06149194472039621,0.7923403991979522,0.008045052292839904,0.3252882810404934,True
five_band,4-1-0-1-0,2-1-1-1-1,1,3,0.3333333333333333,0.06149194472039621,0.7923403991979522,0.028962188254223652,0.3043711450791097,True
five_band,4-1-0-1-0,2-2-1-0-1,1,3,0.3333333333333333,0.06149194472039621,0.7923403991979522,0.016090104585679808,0.3172432287476535,True
five_band,4-1-1-0-0,1-1-0-2-2,1,2,0.5,0.09453120573423074,0.9054687942657693,0.008849557522123894,0.4911504424778761,True
five_band,4-1-1-0-0,2-1-2-1-0,1,2,0.5,0.09453120573423074,0.9054687942657693,0.03298471440064361,0.4670152855993564,True
five_band,4-2-0-0-0,1-1-0-2-2,1,1,1.0,0.20654931437723745,1.0,0.008849557522123894,0.9911504424778761,True
five_band,5-0-0-1-0,1-1-3-0-1,1,2,0.5,0.09453120573423074,0.9054687942657693,0.009654062751407884,0.4903459372485921,True
five_band,5-0-0-1-0,3-2-0-1-0,1,2,0.5,0.09453120573423074,0.9054687942657693,0.0056315366049879325,0.49436846339501206,True
consecutive,consecutive0,consecutive0,276,600,0.46,0.4205013387827536,0.5000075972983427,0.4827031375703942,-0.02270313757039416,False
consecutive,consecutive0,consecutive1,241,600,0.40166666666666667,0.36318593682748684,0.44139853103854104,0.3925985518905873,0.009068114776079383,False
consecutive,consecutive0,consecutive2,70,600,0.11666666666666667,0.0933845944690549,0.14482604297478233,0.10780370072405471,0.008862965942611961,False
consecutive,consecutive0,consecutive3,13,600,0.021666666666666667,0.012705084440711785,0.03671427619572856,0.015285599356395816,0.006381067310270851,False
consecutive,consecutive1,consecutive0,245,488,0.5020491803278688,0.4578454233285514,0.546220927655352,0.4827031375703942,0.019346042757474646,False
consecutive,consecutive1,consecutive1,182,488,0.3729508196721312,0.3311938065080475,0.4166924324899434,0.3925985518905873,-0.019647732218456115,False
consecutive,consecutive1,consecutive2,54,488,0.11065573770491803,0.08580628412473405,0.14158702893362504,0.10780370072405471,0.0028520369808633234,False
consecutive,consecutive1,consecutive3,5,488,0.010245901639344262,0.004384155107200232,0.023757959739893558,0.015285599356395816,-0.0050396977170515545,False
consecutive,consecutive1,consecutive4,2,488,0.004098360655737705,0.001124638750120822,0.014818423145262846,0.0016090104585679806,0.0024893501971697245,False
consecutive,consecutive2,consecutive0,70,134,0.5223880597014925,0.43837594818912184,0.6051523200933899,0.4827031375703942,0.03968492213109831,False
consecutive,consecutive2,consecutive1,53,134,0.39552238805970147,0.31675513296250324,0.48011294838577423,0.3925985518905873,0.00292383616911418,False
consecutive,consecutive2,consecutive2,10,134,0.07462686567164178,0.04103832526813089,0.13192457736414165,0.10780370072405471,-0.03317683505241292,False
consecutive,consecutive2,consecutive3,1,134,0.007462686567164179,0.001318564353840538,0.041059533430896106,0.015285599356395816,-0.007822912789231636,False
consecutive,consecutive3,consecutive0,8,19,0.42105263157894735,0.23141891282454238,0.6372409646574496,0.4827031375703942,-0.061650505991446836,True
consecutive,consecutive3,consecutive1,11,19,0.5789473684210527,0.3627590353425504,0.7685810871754576,0.3925985518905873,0.18634881653046537,True
consecutive,consecutive4,consecutive0,1,2,0.5,0.09453120573423074,0.9054687942657693,0.4827031375703942,0.01729686242960582,True
consecutive,consecutive4,consecutive1,1,2,0.5,0.09453120573423074,0.9054687942657693,0.3925985518905873,0.10740144810941271,True
end_repeat,repeat0,repeat0,60,272,0.22058823529411764,0.1753929410339771,0.27356588970217804,0.21882542236524538,0.0017628129288722594,False
end_repeat,repeat0,repeat1,121,272,0.44485294117647056,0.3869709648216992,0.5042709096656998,0.47948511665325827,-0.03463217547678771,False
end_repeat,repeat0,repeat2,81,272,0.2977941176470588,0.2465721249397796,0.3546480815140169,0.26226870474658087,0.03552541290047795,False
end_repeat,repeat0,repeat3,10,272,0.03676470588235294,0.020090313387053416,0.06634143230709855,0.039420756234915526,-0.0026560503525625834,False
end_repeat,repeat1,repeat0,141,595,0.23697478991596638,0.2045627864918168,0.2727613109138725,0.21882542236524538,0.018149367550720996,False
end_repeat,repeat1,repeat1,280,595,0.47058823529411764,0.430799526744335,0.5107542860646078,0.47948511665325827,-0.00889688135914063,False
end_repeat,repeat1,repeat2,146,595,0.2453781512605042,0.21250809866188647,0.28151490936981916,0.26226870474658087,-0.01689055348607668,False
end_repeat,repeat1,repeat3,28,595,0.047058823529411764,0.032756509082777226,0.06717220817494346,0.039420756234915526,0.007638067294496238,False
end_repeat,repeat2,repeat0,63,327,0.1926605504587156,0.15358213256607656,0.23887611400169778,0.21882542236524538,-0.026164871906529774,False
end_repeat,repeat2,repeat1,170,327,0.5198776758409785,0.4658113847776194,0.5734823604692408,0.47948511665325827,0.04039255918772028,False
end_repeat,repeat2,repeat2,83,327,0.25382262996941896,0.20969924272282356,0.3036628353737519,0.26226870474658087,-0.008446074777161916,False
end_repeat,repeat2,repeat3,11,327,0.03363914373088685,0.018885524229070486,0.059222760363820875,0.039420756234915526,-0.005781612504028678,False
end_repeat,repeat3,repeat0,8,49,0.16326530612244897,0.08512698370728837,0.2903633843391683,0.21882542236524538,-0.055560116242796415,False
end_repeat,repeat3,repeat1,25,49,0.5102040816326531,0.37467563740468035,0.6442488968969421,0.47948511665325827,0.030718964979394803,False
end_repeat,repeat3,repeat2,16,49,0.32653061224489793,0.21207497001811865,0.4662079468542984,0.26226870474658087,0.06426190749831706,False
overlap,overlap0,overlap0,182,481,0.3783783783783784,0.3361620053630573,0.4225219976828346,0.38616251005631536,-0.007784131677936956,False
overlap,overlap0,overlap1,207,481,0.4303534303534304,0.38682970955051676,0.4749807879202077,0.4231697506033789,0.007183679750051464,False
overlap,overlap0,overlap2,81,481,0.1683991683991684,0.1376129517829348,0.20444001378663346,0.16975060337892195,-0.0013514349797535408,False
overlap,overlap0,overlap3,10,481,0.02079002079002079,0.011331170355968598,0.037842551047075165,0.019308125502815767,0.001481895287205024,False
overlap,overlap0,overlap4,1,481,0.002079002079002079,0.0003670892351313928,0.011681094174972642,0.0016090104585679806,0.0004699916204340985,False
overlap,overlap1,overlap0,213,526,0.4049429657794677,0.3638288669747567,0.4474354304198317,0.38616251005631536,0.018780455723152345,False
overlap,overlap1,overlap1,210,526,0.39923954372623577,0.3582630539267048,0.44167710131155885,0.4231697506033789,-0.023930206877143145,False
overlap,overlap1,overlap2,91,526,0.17300380228136883,0.14308012373712675,0.2076690593002571,0.16975060337892195,0.00325319890244688,False
overlap,overlap1,overlap3,11,526,0.02091254752851711,0.011716595628679435,0.037055463240045744,0.019308125502815767,0.0016044220257013415,False
overlap,overlap1,overlap4,1,526,0.0019011406844106464,0.0003356768802718676,0.010689241467370984,0.0016090104585679806,0.0002921302258426658,False
overlap,overlap2,overlap0,71,210,0.3380952380952381,0.2775326276122885,0.40447477930024134,0.38616251005631536,-0.04806727196107724,False
overlap,overlap2,overlap1,102,210,0.4857142857142857,0.4189827637032563,0.5529590663184374,0.4231697506033789,0.0625445351109068,False
overlap,overlap2,overlap2,34,210,0.1619047619047619,0.11823438660919763,0.2177222572375558,0.16975060337892195,-0.007845841474160037,False
overlap,overlap2,overlap3,3,210,0.014285714285714285,0.004870115342065683,0.04115210539552374,0.019308125502815767,-0.005022411217101482,False
overlap,overlap3,overlap0,13,24,0.5416666666666666,0.3507486535891948,0.72108666268789,0.38616251005631536,0.15550415661035127,True
overlap,overlap3,overlap1,6,24,0.25,0.11999366228595004,0.44899444005154004,0.4231697506033789,-0.1731697506033789,True
overlap,overlap3,overlap2,5,24,0.20833333333333334,0.09244825352851857,0.40470453253188665,0.16975060337892195,0.03858272995441139,True
overlap,overlap4,overlap0,1,2,0.5,0.09453120573423074,0.9054687942657693,0.38616251005631536,0.11383748994368464,True
overlap,overlap4,overlap1,1,2,0.5,0.09453120573423074,0.9054687942657693,0.4231697506033789,0.07683024939662109,True
cluster,cluster1,cluster2,3,17,0.17647058823529413,0.06191126637620997,0.41029458568834126,0.14641995172968625,0.03005063650560788,True
cluster,cluster1,cluster3,7,17,0.4117647058823529,0.2161105679021481,0.6399455735700021,0.39420756234915527,0.01755714353319765,True
cluster,cluster1,cluster4,6,17,0.35294117647058826,0.17309720397243744,0.5869963651478132,0.35317779565567176,-0.00023661918508349755,True
cluster,cluster1,cluster5,1,17,0.058823529411764705,0.010460400984997592,0.26982030637575405,0.08849557522123894,-0.029672045809474232,True
cluster,cluster2,cluster1,2,182,0.01098901098901099,0.003018774375770715,0.039175571656886184,0.013676588897827836,-0.0026875779088168465,False
cluster,cluster2,cluster2,25,182,0.13736263736263737,0.09480323896369769,0.194913916521194,0.14641995172968625,-0.009057314367048874,False
cluster,cluster2,cluster3,74,182,0.4065934065934066,0.3378769083507812,0.4791714498801757,0.39420756234915527,0.01238584424425132,False
cluster,cluster2,cluster4,66,182,0.3626373626373626,0.29629802079568407,0.4346554471910173,0.35317779565567176,0.00945956698169087,False
cluster,cluster2,cluster5,12,182,0.06593406593406594,0.03811597749955098,0.11169698133842537,0.08849557522123894,-0.022561509287173,False
cluster,cluster2,cluster6,3,182,0.016483516483516484,0.005621450125097339,0.047334757188091506,0.004022526146419952,0.012460990337096533,False
cluster,cluster3,cluster1,4,491,0.008146639511201629,0.003172498690091192,0.020757304703736563,0.013676588897827836,-0.005529949386626208,False
cluster,cluster3,cluster2,67,491,0.1364562118126273,0.10890199915958479,0.16965481204454877,0.14641995172968625,-0.009963739917058956,False
cluster,cluster3,cluster3,194,491,0.395112016293279,0.35284482065346284,0.43900770470795386,0.39420756234915527,0.0009044539441237509,False
cluster,cluster3,cluster4,184,491,0.37474541751527496,0.33305741161905733,0.41837812837564414,0.35317779565567176,0.021567621859603203,False
cluster,cluster3,cluster5,42,491,0.0855397148676171,0.06390570775927787,0.11360864002806767,0.08849557522123894,-0.002955860353621831,False
cluster,cluster4,cluster1,6,438,0.0136986301369863,0.006292924049959327,0.029560340745463203,0.013676588897827836,2.2041239158464287e-05,False
cluster,cluster4,cluster2,66,438,0.1506849315068493,0.12022719281708177,0.18721670161343296,0.14641995172968625,0.004264979777163058,False
cluster,cluster4,cluster3,171,438,0.3904109589041096,0.3458660228628623,0.4368614734290639,0.39420756234915527,-0.0037966034450456765,False
cluster,cluster4,cluster4,149,438,0.3401826484018265,0.2973746506358045,0.3857696147899212,0.35317779565567176,-0.012995147253845263,False
cluster,cluster4,cluster5,45,438,0.10273972602739725,0.0776734564895947,0.1347137175686378,0.08849557522123894,0.014244150806158318,False
cluster,cluster4,cluster6,1,438,0.00228310502283105,0.0004031378504735991,0.012817574475357908,0.004022526146419952,-0.0017394211235889018,False
cluster,cluster5,cluster1,5,110,0.045454545454545456,0.019569460659234733,0.10201593506636907,0.013676588897827836,0.03177795655671762,False
cluster,cluster5,cluster2,20,110,0.18181818181818182,0.12089572411843909,0.2642140528894836,0.14641995172968625,0.035398230088495575,False
cluster,cluster5,cluster3,42,110,0.38181818181818183,0.29647196611351173,0.4751402367751452,0.39420756234915527,-0.012389380530973437,False
cluster,cluster5,cluster4,33,110,0.3,0.22229896444649316,0.39119860967277237,0.35317779565567176,-0.05317779565567177,False
cluster,cluster5,cluster5,9,110,0.08181818181818182,0.043640646278655146,0.1482179177889003,0.08849557522123894,-0.006677393403057119,False
cluster,cluster5,cluster6,1,110,0.00909090909090909,0.0016065753043216016,0.0497056520793305,0.004022526146419952,0.0050683829444891386,False
cluster,cluster6,cluster2,1,5,0.2,0.03622410863243014,0.6244653702374747,0.14641995172968625,0.05358004827031376,True
cluster,cluster6,cluster3,2,5,0.4,0.11762077423264783,0.769275718723987,0.39420756234915527,0.005792437650844751,True
cluster,cluster6,cluster4,1,5,0.2,0.03622410863243014,0.6244653702374747,0.35317779565567176,-0.15317779565567174,True
cluster,cluster6,cluster5,1,5,0.2,0.03622410863243014,0.6244653702374747,0.08849557522123894,0.11150442477876107,True
