research_id,model,model_family,target_round,training_start_round,training_through_round,window_mode,predicted_numbers,actual_numbers,hits
S001,multi_window_frequency,multi_window_frequency,201,1,200,expanding,14 18 19 34 36 45,3 11 24 38 39 44,0
S002,gap_regime_hazard,gap_time,201,1,200,expanding,12 19 21 22 41 45,3 11 24 38 39 44,0
S003,momentum_state_transition,momentum,201,1,200,expanding,2 6 8 14 20 32,3 11 24 38 39 44,0
S004,conditional_probability,conditional,201,1,200,expanding,5 7 12 18 19 45,3 11 24 38 39 44,0
S005,structure_transition,structure_transition,201,1,200,expanding,1 4 16 19 38 41,3 11 24 38 39 44,1
S006,pair_residual_node,pair_relation_residual,201,1,200,expanding,3 6 25 30 36 43,3 11 24 38 39 44,1
S007,triple_residual_node,triple_relation_residual,201,1,200,expanding,3 6 25 30 36 43,3 11 24 38 39 44,1
S008,family_balanced_hybrid,hybrid,201,1,200,expanding,2 18 19 25 30 36,3 11 24 38 39 44,0
S001,multi_window_frequency,multi_window_frequency,202,1,201,expanding,14 18 19 34 36 45,12 14 27 33 39 44,1
S002,gap_regime_hazard,gap_time,202,1,201,expanding,5 21 22 25 30 36,12 14 27 33 39 44,0
S003,momentum_state_transition,momentum,202,1,201,expanding,2 6 8 14 20 37,12 14 27 33 39 44,1
S004,conditional_probability,conditional,202,1,201,expanding,6 7 11 12 18 45,12 14 27 33 39 44,1
S005,structure_transition,structure_transition,202,1,201,expanding,2 13 17 33 36 38,12 14 27 33 39 44,1
S006,pair_residual_node,pair_relation_residual,202,1,201,expanding,3 6 25 36 39 43,12 14 27 33 39 44,1
S007,triple_residual_node,triple_relation_residual,202,1,201,expanding,3 6 25 36 39 43,12 14 27 33 39 44,1
S008,family_balanced_hybrid,hybrid,202,1,201,expanding,6 18 19 25 30 36,12 14 27 33 39 44,0
S001,multi_window_frequency,multi_window_frequency,203,1,202,expanding,14 18 34 36 39 45,1 3 11 24 30 32,0
S002,gap_regime_hazard,gap_time,203,1,202,expanding,3 5 6 13 17 20,1 3 11 24 30 32,1
S003,momentum_state_transition,momentum,203,1,202,expanding,1 2 6 8 12 14,1 3 11 24 30 32,1
S004,conditional_probability,conditional,203,1,202,expanding,6 7 14 19 39 44,1 3 11 24 30 32,0
S005,structure_transition,structure_transition,203,1,202,expanding,1 5 14 30 37 40,1 3 11 24 30 32,2
S006,pair_residual_node,pair_relation_residual,203,1,202,expanding,3 6 23 25 39 43,1 3 11 24 30 32,1
S007,triple_residual_node,triple_relation_residual,203,1,202,expanding,3 6 23 25 39 43,1 3 11 24 30 32,1
S008,family_balanced_hybrid,hybrid,203,1,202,expanding,3 6 18 19 20 25,1 3 11 24 30 32,1
S001,multi_window_frequency,multi_window_frequency,204,1,203,expanding,14 19 34 36 39 45,3 12 14 35 40 45,2
S002,gap_regime_hazard,gap_time,204,1,203,expanding,12 14 27 33 38 39,3 12 14 35 40 45,2
S003,momentum_state_transition,momentum,204,1,203,expanding,1 6 8 12 14 20,3 12 14 35 40 45,2
S004,conditional_probability,conditional,204,1,203,expanding,3 7 11 19 22 44,3 12 14 35 40 45,1
S005,structure_transition,structure_transition,204,1,203,expanding,7 18 27 32 36 39,3 12 14 35 40 45,0
S006,pair_residual_node,pair_relation_residual,204,1,203,expanding,3 6 23 25 39 43,3 12 14 35 40 45,1
S007,triple_residual_node,triple_relation_residual,204,1,203,expanding,3 6 23 25 39 43,3 12 14 35 40 45,1
S008,family_balanced_hybrid,hybrid,204,1,203,expanding,3 6 7 19 25 44,3 12 14 35 40 45,1
S001,multi_window_frequency,multi_window_frequency,205,1,204,expanding,14 19 34 36 40 45,1 3 21 29 35 37,0
S002,gap_regime_hazard,gap_time,205,1,204,expanding,1 11 27 33 39 44,1 3 21 29 35 37,1
S003,momentum_state_transition,momentum,205,1,204,expanding,3 6 8 11 12 14,1 3 21 29 35 37,1
S004,conditional_probability,conditional,205,1,204,expanding,7 11 12 14 19 45,1 3 21 29 35 37,0
S005,structure_transition,structure_transition,205,1,204,expanding,6 10 19 24 27 37,1 3 21 29 35 37,1
S006,pair_residual_node,pair_relation_residual,205,1,204,expanding,3 6 23 25 39 43,1 3 21 29 35 37,1
S007,triple_residual_node,triple_relation_residual,205,1,204,expanding,3 6 23 25 39 43,1 3 21 29 35 37,1
S008,family_balanced_hybrid,hybrid,205,1,204,expanding,1 11 19 25 30 39,1 3 21 29 35 37,1
S001,multi_window_frequency,multi_window_frequency,206,1,205,expanding,3 14 34 35 36 45,1 2 3 15 20 25,1
S002,gap_regime_hazard,gap_time,206,1,205,expanding,11 12 14 24 30 32,1 2 3 15 20 25,0
S003,momentum_state_transition,momentum,206,1,205,expanding,3 6 8 11 12 14,1 2 3 15 20 25,1
S004,conditional_probability,conditional,206,1,205,expanding,1 3 11 12 14 45,1 2 3 15 20 25,2
S005,structure_transition,structure_transition,206,1,205,expanding,16 19 20 24 31 39,1 2 3 15 20 25,1
S006,pair_residual_node,pair_relation_residual,206,1,205,expanding,3 6 18 25 39 43,1 2 3 15 20 25,2
S007,triple_residual_node,triple_relation_residual,206,1,205,expanding,3 6 18 25 39 43,1 2 3 15 20 25,2
S008,family_balanced_hybrid,hybrid,206,1,205,expanding,3 6 11 14 25 30,1 2 3 15 20 25,2
S001,multi_window_frequency,multi_window_frequency,207,1,206,expanding,1 3 14 25 34 45,3 11 14 31 32 37,2
S002,gap_regime_hazard,gap_time,207,1,206,expanding,12 14 21 29 40 45,3 11 14 31 32 37,1
S003,momentum_state_transition,momentum,207,1,206,expanding,3 6 8 11 12 20,3 11 14 31 32 37,2
S004,conditional_probability,conditional,207,1,206,expanding,11 12 14 21 24 30,3 11 14 31 32 37,2
S005,structure_transition,structure_transition,207,1,206,expanding,6 19 21 24 38 41,3 11 14 31 32 37,0
S006,pair_residual_node,pair_relation_residual,207,1,206,expanding,3 6 18 25 39 43,3 11 14 31 32 37,1
S007,triple_residual_node,triple_relation_residual,207,1,206,expanding,3 6 18 25 39 43,3 11 14 31 32 37,1
S008,family_balanced_hybrid,hybrid,207,1,206,expanding,3 6 12 14 19 36,3 11 14 31 32 37,2
S001,multi_window_frequency,multi_window_frequency,208,1,207,expanding,1 3 14 25 37 45,14 25 31 34 40 44,2
S002,gap_regime_hazard,gap_time,208,1,207,expanding,1 2 15 21 29 35,14 25 31 34 40 44,0
S003,momentum_state_transition,momentum,208,1,207,expanding,3 6 8 11 12 20,14 25 31 34 40 44,0
S004,conditional_probability,conditional,208,1,207,expanding,21 24 30 32 35 37,14 25 31 34 40 44,0
S005,structure_transition,structure_transition,208,1,207,expanding,2 13 23 25 27 30,14 25 31 34 40 44,1
S006,pair_residual_node,pair_relation_residual,208,1,207,expanding,3 6 18 25 39 43,14 25 31 34 40 44,1
S007,triple_residual_node,triple_relation_residual,208,1,207,expanding,3 6 18 25 39 43,14 25 31 34 40 44,1
S008,family_balanced_hybrid,hybrid,208,1,207,expanding,6 20 25 30 36 39,14 25 31 34 40 44,1
S001,multi_window_frequency,multi_window_frequency,209,1,208,expanding,1 3 14 25 34 45,2 7 18 20 24 33,0
S002,gap_regime_hazard,gap_time,209,1,208,expanding,1 2 3 11 15 20,2 7 18 20 24 33,2
S003,momentum_state_transition,momentum,209,1,208,expanding,3 6 8 11 12 20,2 7 18 20 24 33,1
S004,conditional_probability,conditional,209,1,208,expanding,12 20 21 24 30 31,2 7 18 20 24 33,2
S005,structure_transition,structure_transition,209,1,208,expanding,6 18 23 33 37 40,2 7 18 20 24 33,2
S006,pair_residual_node,pair_relation_residual,209,1,208,expanding,3 6 18 25 39 43,2 7 18 20 24 33,1
S007,triple_residual_node,triple_relation_residual,209,1,208,expanding,3 6 18 25 39 43,2 7 18 20 24 33,1
S008,family_balanced_hybrid,hybrid,209,1,208,expanding,3 6 20 36 37 39,2 7 18 20 24 33,1
S001,multi_window_frequency,multi_window_frequency,210,1,209,expanding,2 3 14 34 40 45,10 19 22 23 25 37,0
S002,gap_regime_hazard,gap_time,210,1,209,expanding,3 11 14 25 32 37,10 19 22 23 25 37,2
S003,momentum_state_transition,momentum,210,1,209,expanding,3 6 7 11 12 20,10 19 22 23 25 37,0
S004,conditional_probability,conditional,210,1,209,expanding,2 12 25 31 32 33,10 19 22 23 25 37,1
S005,structure_transition,structure_transition,210,1,209,expanding,2 9 11 14 17 42,10 19 22 23 25 37,0
S006,pair_residual_node,pair_relation_residual,210,1,209,expanding,3 6 18 25 39 43,10 19 22 23 25 37,1
S007,triple_residual_node,triple_relation_residual,210,1,209,expanding,3 6 18 25 39 43,10 19 22 23 25 37,1
S008,family_balanced_hybrid,hybrid,210,1,209,expanding,3 6 25 37 39 40,10 19 22 23 25 37,2
S001,multi_window_frequency,multi_window_frequency,211,1,210,expanding,2 3 14 25 37 45,12 13 17 20 33 41,0
S002,gap_regime_hazard,gap_time,211,1,210,expanding,2 14 31 34 40 44,12 13 17 20 33 41,0
S003,momentum_state_transition,momentum,211,1,210,expanding,3 6 7 11 12 20,12 13 17 20 33 41,2
S004,conditional_probability,conditional,211,1,210,expanding,2 12 14 20 31 32,12 13 17 20 33 41,2
S005,structure_transition,structure_transition,211,1,210,expanding,3 16 28 31 33 37,12 13 17 20 33 41,1
S006,pair_residual_node,pair_relation_residual,211,1,210,expanding,3 6 18 25 39 43,12 13 17 20 33 41,0
S007,triple_residual_node,triple_relation_residual,211,1,210,expanding,3 6 18 25 39 43,12 13 17 20 33 41,0
S008,family_balanced_hybrid,hybrid,211,1,210,expanding,2 6 18 20 39 40,12 13 17 20 33 41,1
S001,multi_window_frequency,multi_window_frequency,212,1,211,expanding,2 3 14 25 34 37,11 12 18 21 31 38,0
S002,gap_regime_hazard,gap_time,212,1,211,expanding,2 7 10 18 19 24,11 12 18 21 31 38,1
S003,momentum_state_transition,momentum,212,1,211,expanding,3 7 11 12 20 22,11 12 18 21 31 38,2
S004,conditional_probability,conditional,212,1,211,expanding,2 11 14 24 31 32,11 12 18 21 31 38,2
S005,structure_transition,structure_transition,212,1,211,expanding,2 13 23 25 27 30,11 12 18 21 31 38,0
S006,pair_residual_node,pair_relation_residual,212,1,211,expanding,3 6 18 25 39 43,11 12 18 21 31 38,1
S007,triple_residual_node,triple_relation_residual,212,1,211,expanding,3 6 18 25 39 43,11 12 18 21 31 38,1
S008,family_balanced_hybrid,hybrid,212,1,211,expanding,2 3 18 19 25 39,11 12 18 21 31 38,1
S001,multi_window_frequency,multi_window_frequency,213,1,212,expanding,2 3 14 18 25 37,2 3 4 5 20 24,2
S002,gap_regime_hazard,gap_time,213,1,212,expanding,10 19 22 23 25 37,2 3 4 5 20 24,0
S003,momentum_state_transition,momentum,213,1,212,expanding,3 7 11 12 20 22,2 3 4 5 20 24,2
S004,conditional_probability,conditional,213,1,212,expanding,2 18 21 24 32 33,2 3 4 5 20 24,2
S005,structure_transition,structure_transition,213,1,212,expanding,15 22 25 31 36 40,2 3 4 5 20 24,0
S006,pair_residual_node,pair_relation_residual,213,1,212,expanding,3 6 18 25 39 43,2 3 4 5 20 24,1
S007,triple_residual_node,triple_relation_residual,213,1,212,expanding,3 6 18 25 39 43,2 3 4 5 20 24,1
S008,family_balanced_hybrid,hybrid,213,1,212,expanding,3 18 19 20 25 39,2 3 4 5 20 24,2
S001,multi_window_frequency,multi_window_frequency,214,1,213,expanding,2 3 14 20 25 37,5 7 20 25 28 37,3
S002,gap_regime_hazard,gap_time,214,1,213,expanding,11 12 13 17 33 41,5 7 20 25 28 37,0
S003,momentum_state_transition,momentum,214,1,213,expanding,3 7 11 12 20 22,5 7 20 25 28 37,2
S004,conditional_probability,conditional,214,1,213,expanding,1 11 18 20 21 24,5 7 20 25 28 37,1
S005,structure_transition,structure_transition,214,1,213,expanding,1 4 6 31 40 45,5 7 20 25 28 37,0
S006,pair_residual_node,pair_relation_residual,214,1,213,expanding,3 6 18 25 39 43,5 7 20 25 28 37,1
S007,triple_residual_node,triple_relation_residual,214,1,213,expanding,3 6 18 25 39 43,5 7 20 25 28 37,1
S008,family_balanced_hybrid,hybrid,214,1,213,expanding,1 3 11 18 20 25,5 7 20 25 28 37,2
S001,multi_window_frequency,multi_window_frequency,215,1,214,expanding,2 3 14 20 25 37,2 3 7 15 43 44,2
S002,gap_regime_hazard,gap_time,215,1,214,expanding,11 12 18 21 31 38,2 3 7 15 43 44,0
S003,momentum_state_transition,momentum,215,1,214,expanding,3 7 11 12 22 25,2 3 7 15 43 44,2
S004,conditional_probability,conditional,215,1,214,expanding,1 3 5 7 25 37,2 3 7 15 43 44,2
S005,structure_transition,structure_transition,215,1,214,expanding,4 16 21 31 35 37,2 3 7 15 43 44,0
S006,pair_residual_node,pair_relation_residual,215,1,214,expanding,3 6 18 25 39 43,2 3 7 15 43 44,2
S007,triple_residual_node,triple_relation_residual,215,1,214,expanding,3 6 18 25 39 43,2 3 7 15 43 44,2
S008,family_balanced_hybrid,hybrid,215,1,214,expanding,1 3 11 12 18 25,2 3 7 15 43 44,1
S001,multi_window_frequency,multi_window_frequency,216,1,215,expanding,2 3 14 20 25 37,7 16 17 33 36 40,0
S002,gap_regime_hazard,gap_time,216,1,215,expanding,4 5 20 24 25 28,7 16 17 33 36 40,0
S003,momentum_state_transition,momentum,216,1,215,expanding,3 7 11 12 25 31,7 16 17 33 36 40,1
S004,conditional_probability,conditional,216,1,215,expanding,2 3 5 11 12 25,7 16 17 33 36 40,0
S005,structure_transition,structure_transition,216,1,215,expanding,1 9 14 17 22 39,7 16 17 33 36 40,1
S006,pair_residual_node,pair_relation_residual,216,1,215,expanding,3 6 18 25 39 43,7 16 17 33 36 40,0
S007,triple_residual_node,triple_relation_residual,216,1,215,expanding,3 6 18 25 39 43,7 16 17 33 36 40,0
S008,family_balanced_hybrid,hybrid,216,1,215,expanding,3 11 12 18 25 37,7 16 17 33 36 40,0
S001,multi_window_frequency,multi_window_frequency,217,1,216,expanding,2 3 7 20 25 37,16 20 27 33 35 39,1
S002,gap_regime_hazard,gap_time,217,1,216,expanding,2 5 20 25 28 37,16 20 27 33 35 39,1
S003,momentum_state_transition,momentum,217,1,216,expanding,3 7 11 12 17 25,16 20 27 33 35 39,0
S004,conditional_probability,conditional,217,1,216,expanding,5 7 11 12 14 20,16 20 27 33 35 39,1
S005,structure_transition,structure_transition,217,1,216,expanding,2 8 25 29 32 37,16 20 27 33 35 39,0
S006,pair_residual_node,pair_relation_residual,217,1,216,expanding,3 6 18 25 39 43,16 20 27 33 35 39,1
S007,triple_residual_node,triple_relation_residual,217,1,216,expanding,3 6 18 25 39 43,16 20 27 33 35 39,1
S008,family_balanced_hybrid,hybrid,217,1,216,expanding,3 5 11 20 25 37,16 20 27 33 35 39,1
S001,multi_window_frequency,multi_window_frequency,218,1,217,expanding,3 7 20 25 33 37,1 8 14 18 29 44,0
S002,gap_regime_hazard,gap_time,218,1,217,expanding,2 3 7 15 43 44,1 8 14 18 29 44,1
S003,momentum_state_transition,momentum,218,1,217,expanding,3 7 11 12 17 25,1 8 14 18 29 44,0
S004,conditional_probability,conditional,218,1,217,expanding,3 5 7 12 16 33,1 8 14 18 29 44,0
S005,structure_transition,structure_transition,218,1,217,expanding,1 3 5 32 35 44,1 8 14 18 29 44,2
S006,pair_residual_node,pair_relation_residual,218,1,217,expanding,3 6 18 25 39 43,1 8 14 18 29 44,1
S007,triple_residual_node,triple_relation_residual,218,1,217,expanding,3 6 18 25 39 43,1 8 14 18 29 44,1
S008,family_balanced_hybrid,hybrid,218,1,217,expanding,3 7 17 18 25 36,1 8 14 18 29 44,1
S001,multi_window_frequency,multi_window_frequency,219,1,218,expanding,3 7 14 18 20 37,4 11 20 26 35 37,2
S002,gap_regime_hazard,gap_time,219,1,218,expanding,7 16 17 20 36 40,4 11 20 26 35 37,1
S003,momentum_state_transition,momentum,219,1,218,expanding,3 5 7 11 12 17,4 11 20 26 35 37,1
S004,conditional_probability,conditional,219,1,218,expanding,3 5 7 12 16 33,4 11 20 26 35 37,0
S005,structure_transition,structure_transition,219,1,218,expanding,3 4 15 19 22 44,4 11 20 26 35 37,1
S006,pair_residual_node,pair_relation_residual,219,1,218,expanding,3 6 18 19 25 39,4 11 20 26 35 37,0
S007,triple_residual_node,triple_relation_residual,219,1,218,expanding,3 6 18 25 39 43,4 11 20 26 35 37,0
S008,family_balanced_hybrid,hybrid,219,1,218,expanding,3 7 11 12 17 36,4 11 20 26 35 37,1
S001,multi_window_frequency,multi_window_frequency,220,1,219,expanding,3 18 20 25 35 37,5 11 19 21 34 43,0
S002,gap_regime_hazard,gap_time,220,1,219,expanding,1 8 16 27 33 39,5 11 19 21 34 43,0
S003,momentum_state_transition,momentum,220,1,219,expanding,3 5 7 11 12 17,5 11 19 21 34 43,2
S004,conditional_probability,conditional,220,1,219,expanding,2 3 4 5 11 12,5 11 19 21 34 43,2
S005,structure_transition,structure_transition,220,1,219,expanding,4 16 25 29 32 39,5 11 19 21 34 43,0
S006,pair_residual_node,pair_relation_residual,220,1,219,expanding,3 6 18 19 25 39,5 11 19 21 34 43,1
S007,triple_residual_node,triple_relation_residual,220,1,219,expanding,3 6 18 19 25 39,5 11 19 21 34 43,1
S008,family_balanced_hybrid,hybrid,220,1,219,expanding,3 11 12 18 25 39,5 11 19 21 34 43,1
S001,multi_window_frequency,multi_window_frequency,221,1,220,expanding,3 11 18 20 35 37,2 20 33 35 37 40,3
S002,gap_regime_hazard,gap_time,221,1,220,expanding,1 8 14 18 29 44,2 20 33 35 37 40,0
S003,momentum_state_transition,momentum,221,1,220,expanding,3 5 7 11 12 31,2 20 33 35 37 40,0
S004,conditional_probability,conditional,221,1,220,expanding,2 3 4 12 16 17,2 20 33 35 37 40,1
S005,structure_transition,structure_transition,221,1,220,expanding,2 8 24 27 33 38,2 20 33 35 37 40,2
S006,pair_residual_node,pair_relation_residual,221,1,220,expanding,3 6 18 19 25 39,2 20 33 35 37 40,0
S007,triple_residual_node,triple_relation_residual,221,1,220,expanding,3 6 18 25 39 43,2 20 33 35 37 40,0
S008,family_balanced_hybrid,hybrid,221,1,220,expanding,3 12 14 18 25 37,2 20 33 35 37 40,1
S001,multi_window_frequency,multi_window_frequency,222,1,221,expanding,2 3 11 20 35 37,5 7 28 29 39 43,0
S002,gap_regime_hazard,gap_time,222,1,221,expanding,4 5 11 19 21 26,5 7 28 29 39 43,1
S003,momentum_state_transition,momentum,222,1,221,expanding,3 5 7 11 12 21,5 7 28 29 39 43,2
S004,conditional_probability,conditional,222,1,221,expanding,3 4 16 18 21 40,5 7 28 29 39 43,0
S005,structure_transition,structure_transition,222,1,221,expanding,1 4 6 31 40 45,5 7 28 29 39 43,0
S006,pair_residual_node,pair_relation_residual,222,1,221,expanding,3 6 18 19 25 39,5 7 28 29 39 43,1
S007,triple_residual_node,triple_relation_residual,222,1,221,expanding,3 6 18 19 25 39,5 7 28 29 39 43,1
S008,family_balanced_hybrid,hybrid,222,1,221,expanding,3 11 18 21 25 43,5 7 28 29 39 43,1
S001,multi_window_frequency,multi_window_frequency,223,1,222,expanding,2 3 7 20 35 37,1 3 18 20 26 27,2
S002,gap_regime_hazard,gap_time,223,1,222,expanding,2 11 19 20 21 34,1 3 18 20 26 27,1
S003,momentum_state_transition,momentum,223,1,222,expanding,3 5 7 11 21 29,1 3 18 20 26 27,1
S004,conditional_probability,conditional,223,1,222,expanding,3 4 5 7 11 16,1 3 18 20 26 27,1
S005,structure_transition,structure_transition,223,1,222,expanding,10 14 22 24 27 43,1 3 18 20 26 27,1
S006,pair_residual_node,pair_relation_residual,223,1,222,expanding,3 6 18 19 39 43,1 3 18 20 26 27,2
S007,triple_residual_node,triple_relation_residual,223,1,222,expanding,3 6 18 19 39 43,1 3 18 20 26 27,2
S008,family_balanced_hybrid,hybrid,223,1,222,expanding,3 5 11 20 37 40,1 3 18 20 26 27,2
S001,multi_window_frequency,multi_window_frequency,224,1,223,expanding,3 7 20 33 35 37,4 19 26 27 30 42,0
S002,gap_regime_hazard,gap_time,224,1,223,expanding,2 5 33 35 37 40,4 19 26 27 30 42,0
S003,momentum_state_transition,momentum,224,1,223,expanding,3 5 7 21 29 31,4 19 26 27 30 42,0
S004,conditional_probability,conditional,224,1,223,expanding,1 2 3 7 11 16,4 19 26 27 30 42,0
S005,structure_transition,structure_transition,224,1,223,expanding,7 16 18 29 33 38,4 19 26 27 30 42,0
S006,pair_residual_node,pair_relation_residual,224,1,223,expanding,3 6 18 19 25 39,4 19 26 27 30 42,1
S007,triple_residual_node,triple_relation_residual,224,1,223,expanding,3 6 18 19 25 39,4 19 26 27 30 42,1
S008,family_balanced_hybrid,hybrid,224,1,223,expanding,3 5 7 39 40 43,4 19 26 27 30 42,0
S001,multi_window_frequency,multi_window_frequency,225,1,224,expanding,3 7 20 33 35 37,5 11 13 19 31 36,0
S002,gap_regime_hazard,gap_time,225,1,224,expanding,5 7 28 29 39 43,5 11 13 19 31 36,1
S003,momentum_state_transition,momentum,225,1,224,expanding,2 5 7 21 26 27,5 11 13 19 31 36,1
S004,conditional_probability,conditional,225,1,224,expanding,1 2 3 4 5 20,5 11 13 19 31 36,1
S005,structure_transition,structure_transition,225,1,224,expanding,7 10 21 27 32 34,5 11 13 19 31 36,0
S006,pair_residual_node,pair_relation_residual,225,1,224,expanding,3 6 18 25 39 43,5 11 13 19 31 36,0
S007,triple_residual_node,triple_relation_residual,225,1,224,expanding,3 6 18 25 39 43,5 11 13 19 31 36,0
S008,family_balanced_hybrid,hybrid,225,1,224,expanding,3 5 7 18 20 43,5 11 13 19 31 36,1
S001,multi_window_frequency,multi_window_frequency,226,1,225,expanding,3 11 19 20 35 37,2 6 8 14 21 22,0
S002,gap_regime_hazard,gap_time,226,1,225,expanding,1 3 4 18 20 26,2 6 8 14 21 22,0
S003,momentum_state_transition,momentum,226,1,225,expanding,2 4 5 7 26 27,2 6 8 14 21 22,1
S004,conditional_probability,conditional,226,1,225,expanding,1 4 7 16 18 20,2 6 8 14 21 22,0
S005,structure_transition,structure_transition,226,1,225,expanding,7 10 28 33 37 44,2 6 8 14 21 22,0
S006,pair_residual_node,pair_relation_residual,226,1,225,expanding,3 6 18 19 25 39,2 6 8 14 21 22,1
S007,triple_residual_node,triple_relation_residual,226,1,225,expanding,3 6 18 19 25 39,2 6 8 14 21 22,1
S008,family_balanced_hybrid,hybrid,226,1,225,expanding,3 4 7 18 20 43,2 6 8 14 21 22,0
S001,multi_window_frequency,multi_window_frequency,227,1,226,expanding,2 3 11 19 20 37,4 5 15 16 22 42,0
S002,gap_regime_hazard,gap_time,227,1,226,expanding,4 5 26 27 30 42,4 5 15 16 22 42,3
S003,momentum_state_transition,momentum,227,1,226,expanding,2 4 5 7 21 26,4 5 15 16 22 42,2
S004,conditional_probability,conditional,227,1,226,expanding,1 2 4 8 14 20,4 5 15 16 22 42,1
S005,structure_transition,structure_transition,227,1,226,expanding,6 18 23 29 31 36,4 5 15 16 22 42,0
S006,pair_residual_node,pair_relation_residual,227,1,226,expanding,3 6 18 19 25 39,4 5 15 16 22 42,0
S007,triple_residual_node,triple_relation_residual,227,1,226,expanding,3 6 18 19 25 39,4 5 15 16 22 42,0
S008,family_balanced_hybrid,hybrid,227,1,226,expanding,2 3 4 5 18 34,4 5 15 16 22 42,2
S001,multi_window_frequency,multi_window_frequency,228,1,227,expanding,2 3 5 11 19 20,17 25 35 36 39 44,0
S002,gap_regime_hazard,gap_time,228,1,227,expanding,2 11 13 19 31 36,17 25 35 36 39 44,1
S003,momentum_state_transition,momentum,228,1,227,expanding,2 4 5 7 16 21,17 25 35 36 39 44,0
S004,conditional_probability,conditional,228,1,227,expanding,1 2 5 8 14 18,17 25 35 36 39 44,0
S005,structure_transition,structure_transition,228,1,227,expanding,7 12 17 25 36 38,17 25 35 36 39 44,3
S006,pair_residual_node,pair_relation_residual,228,1,227,expanding,3 6 18 19 25 39,17 25 35 36 39 44,2
S007,triple_residual_node,triple_relation_residual,228,1,227,expanding,3 6 18 19 25 39,17 25 35 36 39 44,2
S008,family_balanced_hybrid,hybrid,228,1,227,expanding,2 3 5 14 18 21,17 25 35 36 39 44,0
S001,multi_window_frequency,multi_window_frequency,229,1,228,expanding,2 3 5 19 20 35,4 5 9 11 23 38,1
S002,gap_regime_hazard,gap_time,229,1,228,expanding,2 4 6 8 14 21,4 5 9 11 23 38,1
S003,momentum_state_transition,momentum,229,1,228,expanding,2 4 5 7 16 17,4 5 9 11 23 38,2
S004,conditional_probability,conditional,229,1,228,expanding,2 5 21 22 27 36,4 5 9 11 23 38,1
S005,structure_transition,structure_transition,229,1,228,expanding,3 19 22 34 37 39,4 5 9 11 23 38,0
S006,pair_residual_node,pair_relation_residual,229,1,228,expanding,3 6 18 19 39 43,4 5 9 11 23 38,0
S007,triple_residual_node,triple_relation_residual,229,1,228,expanding,3 6 18 19 39 43,4 5 9 11 23 38,0
S008,family_balanced_hybrid,hybrid,229,1,228,expanding,2 3 5 21 42 43,4 5 9 11 23 38,1
S001,multi_window_frequency,multi_window_frequency,230,1,229,expanding,2 3 5 11 20 35,5 11 14 29 32 33,2
S002,gap_regime_hazard,gap_time,230,1,229,expanding,15 16 17 22 25 42,5 11 14 29 32 33,0
S003,momentum_state_transition,momentum,230,1,229,expanding,2 4 5 16 17 19,5 11 14 29 32 33,1
S004,conditional_probability,conditional,230,1,229,expanding,2 20 21 22 26 27,5 11 14 29 32 33,0
S005,structure_transition,structure_transition,230,1,229,expanding,13 21 26 29 36 38,5 11 14 29 32 33,1
S006,pair_residual_node,pair_relation_residual,230,1,229,expanding,3 5 6 18 19 23,5 11 14 29 32 33,1
S007,triple_residual_node,triple_relation_residual,230,1,229,expanding,3 5 6 18 19 23,5 11 14 29 32 33,1
S008,family_balanced_hybrid,hybrid,230,1,229,expanding,2 3 5 18 39 42,5 11 14 29 32 33,1
S001,multi_window_frequency,multi_window_frequency,231,1,230,expanding,2 3 5 11 20 35,5 10 19 31 44 45,1
S002,gap_regime_hazard,gap_time,231,1,230,expanding,17 25 35 36 39 44,5 10 19 31 44 45,1
S003,momentum_state_transition,momentum,231,1,230,expanding,2 4 5 16 17 21,5 10 19 31 44 45,1
S004,conditional_probability,conditional,231,1,230,expanding,2 5 14 19 20 22,5 10 19 31 44 45,2
S005,structure_transition,structure_transition,231,1,230,expanding,4 17 27 29 31 36,5 10 19 31 44 45,1
S006,pair_residual_node,pair_relation_residual,231,1,230,expanding,3 5 6 18 19 23,5 10 19 31 44 45,2
S007,triple_residual_node,triple_relation_residual,231,1,230,expanding,3 5 6 18 19 23,5 10 19 31 44 45,2
S008,family_balanced_hybrid,hybrid,231,1,230,expanding,2 3 5 18 36 39,5 10 19 31 44 45,1
S001,multi_window_frequency,multi_window_frequency,232,1,231,expanding,3 5 11 14 19 20,8 9 10 12 24 44,0
S002,gap_regime_hazard,gap_time,232,1,231,expanding,4 9 11 14 23 38,8 9 10 12 24 44,1
S003,momentum_state_transition,momentum,232,1,231,expanding,2 4 5 16 21 26,8 9 10 12 24 44,0
S004,conditional_probability,conditional,232,1,231,expanding,14 22 26 27 29 31,8 9 10 12 24 44,0
S005,structure_transition,structure_transition,232,1,231,expanding,3 9 20 24 27 39,8 9 10 12 24 44,2
S006,pair_residual_node,pair_relation_residual,232,1,231,expanding,3 5 6 18 19 23,8 9 10 12 24 44,0
S007,triple_residual_node,triple_relation_residual,232,1,231,expanding,3 5 6 18 19 23,8 9 10 12 24 44,0
S008,family_balanced_hybrid,hybrid,232,1,231,expanding,2 3 4 14 18 29,8 9 10 12 24 44,0
S001,multi_window_frequency,multi_window_frequency,233,1,232,expanding,3 4 5 11 19 20,4 6 13 17 28 40,1
S002,gap_regime_hazard,gap_time,233,1,232,expanding,5 11 14 29 32 33,4 6 13 17 28 40,0
S003,momentum_state_transition,momentum,233,1,232,expanding,2 4 5 8 16 26,4 6 13 17 28 40,1
S004,conditional_probability,conditional,233,1,232,expanding,5 8 9 10 14 22,4 6 13 17 28 40,0
S005,structure_transition,structure_transition,233,1,232,expanding,3 7 13 16 20 38,4 6 13 17 28 40,1
S006,pair_residual_node,pair_relation_residual,233,1,232,expanding,3 5 6 18 19 43,4 6 13 17 28 40,1
S007,triple_residual_node,triple_relation_residual,233,1,232,expanding,3 5 6 18 19 43,4 6 13 17 28 40,1
S008,family_balanced_hybrid,hybrid,233,1,232,expanding,2 3 5 6 14 19,4 6 13 17 28 40,1
S001,multi_window_frequency,multi_window_frequency,234,1,233,expanding,2 4 5 11 19 20,13 21 22 24 26 37,0
S002,gap_regime_hazard,gap_time,234,1,233,expanding,5 8 9 19 31 45,13 21 22 24 26 37,0
S003,momentum_state_transition,momentum,234,1,233,expanding,4 5 8 16 17 26,13 21 22 24 26 37,1
S004,conditional_probability,conditional,234,1,233,expanding,4 5 6 8 9 10,13 21 22 24 26 37,0
S005,structure_transition,structure_transition,234,1,233,expanding,7 17 24 26 30 35,13 21 22 24 26 37,2
S006,pair_residual_node,pair_relation_residual,234,1,233,expanding,3 5 6 18 19 23,13 21 22 24 26 37,0
S007,triple_residual_node,triple_relation_residual,234,1,233,expanding,3 5 6 18 19 23,13 21 22 24 26 37,0
S008,family_balanced_hybrid,hybrid,234,1,233,expanding,3 4 5 10 19 42,13 21 22 24 26 37,0
S001,multi_window_frequency,multi_window_frequency,235,1,234,expanding,4 5 11 19 20 37,21 22 26 27 31 37,1
S002,gap_regime_hazard,gap_time,235,1,234,expanding,4 8 9 10 12 44,21 22 26 27 31 37,0
S003,momentum_state_transition,momentum,235,1,234,expanding,4 8 13 16 17 26,21 22 26 27 31 37,1
S004,conditional_probability,conditional,235,1,234,expanding,5 6 8 9 10 14,21 22 26 27 31 37,0
S005,structure_transition,structure_transition,235,1,234,expanding,5 10 25 28 32 39,21 22 26 27 31 37,0
S006,pair_residual_node,pair_relation_residual,235,1,234,expanding,3 5 6 18 19 23,21 22 26 27 31 37,0
S007,triple_residual_node,triple_relation_residual,235,1,234,expanding,3 5 6 19 23 43,21 22 26 27 31 37,0
S008,family_balanced_hybrid,hybrid,235,1,234,expanding,4 5 6 10 19 36,21 22 26 27 31 37,0
S001,multi_window_frequency,multi_window_frequency,236,1,235,expanding,2 4 5 11 20 37,1 4 8 13 37 39,2
S002,gap_regime_hazard,gap_time,236,1,235,expanding,4 6 13 17 28 40,1 4 8 13 37 39,2
S003,momentum_state_transition,momentum,236,1,235,expanding,4 8 13 16 17 19,1 4 8 13 37 39,3
S004,conditional_probability,conditional,236,1,235,expanding,5 6 8 9 10 22,1 4 8 13 37 39,1
S005,structure_transition,structure_transition,236,1,235,expanding,1 3 5 32 35 44,1 4 8 13 37 39,1
S006,pair_residual_node,pair_relation_residual,236,1,235,expanding,3 5 6 18 23 37,1 4 8 13 37 39,1
S007,triple_residual_node,triple_relation_residual,236,1,235,expanding,3 5 6 18 23 43,1 4 8 13 37 39,0
S008,family_balanced_hybrid,hybrid,236,1,235,expanding,4 5 6 11 19 40,1 4 8 13 37 39,1
S001,multi_window_frequency,multi_window_frequency,237,1,236,expanding,4 5 11 13 37 44,1 11 17 21 24 44,2
S002,gap_regime_hazard,gap_time,237,1,236,expanding,21 22 24 26 27 31,1 11 17 21 24 44,2
S003,momentum_state_transition,momentum,237,1,236,expanding,4 8 13 19 22 26,1 11 17 21 24 44,0
S004,conditional_probability,conditional,237,1,236,expanding,4 5 8 9 10 11,1 11 17 21 24 44,1
S005,structure_transition,structure_transition,237,1,236,expanding,14 21 30 33 37 41,1 11 17 21 24 44,1
S006,pair_residual_node,pair_relation_residual,237,1,236,expanding,3 5 6 18 23 37,1 11 17 21 24 44,0
S007,triple_residual_node,triple_relation_residual,237,1,236,expanding,3 5 6 23 37 43,1 11 17 21 24 44,0
S008,family_balanced_hybrid,hybrid,237,1,236,expanding,4 5 11 19 21 39,1 11 17 21 24 44,2
S001,multi_window_frequency,multi_window_frequency,238,1,237,expanding,4 5 11 21 37 44,2 4 15 28 31 34,1
S002,gap_regime_hazard,gap_time,238,1,237,expanding,4 8 22 26 27 31,2 4 15 28 31 34,2
S003,momentum_state_transition,momentum,238,1,237,expanding,4 8 13 19 22 26,2 4 15 28 31 34,1
S004,conditional_probability,conditional,238,1,237,expanding,1 8 9 10 22 44,2 4 15 28 31 34,0
S005,structure_transition,structure_transition,238,1,237,expanding,5 21 27 30 35 38,2 4 15 28 31 34,0
S006,pair_residual_node,pair_relation_residual,238,1,237,expanding,3 5 19 23 37 43,2 4 15 28 31 34,0
S007,triple_residual_node,triple_relation_residual,238,1,237,expanding,3 5 19 23 37 43,2 4 15 28 31 34,0
S008,family_balanced_hybrid,hybrid,238,1,237,expanding,4 5 19 23 26 39,2 4 15 28 31 34,1
S001,multi_window_frequency,multi_window_frequency,239,1,238,expanding,4 5 11 21 37 44,11 15 24 39 41 44,2
S002,gap_regime_hazard,gap_time,239,1,238,expanding,1 8 11 13 37 39,11 15 24 39 41 44,2
S003,momentum_state_transition,momentum,239,1,238,expanding,4 8 13 19 22 26,11 15 24 39 41 44,0
S004,conditional_probability,conditional,239,1,238,expanding,1 4 8 9 10 17,11 15 24 39 41 44,0
S005,structure_transition,structure_transition,239,1,238,expanding,6 18 23 29 31 36,11 15 24 39 41 44,0
S006,pair_residual_node,pair_relation_residual,239,1,238,expanding,3 5 23 37 39 43,11 15 24 39 41 44,1
S007,triple_residual_node,triple_relation_residual,239,1,238,expanding,3 5 23 37 39 43,11 15 24 39 41 44,1
S008,family_balanced_hybrid,hybrid,239,1,238,expanding,3 4 5 8 19 37,11 15 24 39 41 44,0
S001,multi_window_frequency,multi_window_frequency,240,1,239,expanding,4 5 11 21 37 44,6 10 16 40 41 43,0
S002,gap_regime_hazard,gap_time,240,1,239,expanding,1 2 4 17 21 28,6 10 16 40 41 43,0
S003,momentum_state_transition,momentum,240,1,239,expanding,4 8 13 15 19 21,6 10 16 40 41 43,0
S004,conditional_probability,conditional,240,1,239,expanding,1 5 8 10 24 44,6 10 16 40 41 43,1
S005,structure_transition,structure_transition,240,1,239,expanding,1 3 21 25 34 38,6 10 16 40 41 43,0
S006,pair_residual_node,pair_relation_residual,240,1,239,expanding,3 5 23 37 39 43,6 10 16 40 41 43,1
S007,triple_residual_node,triple_relation_residual,240,1,239,expanding,3 5 23 37 39 43,6 10 16 40 41 43,1
S008,family_balanced_hybrid,hybrid,240,1,239,expanding,3 4 5 19 21 37,6 10 16 40 41 43,0
S001,multi_window_frequency,multi_window_frequency,241,1,240,expanding,4 5 11 21 37 44,2 16 24 27 28 35,0
S002,gap_regime_hazard,gap_time,241,1,240,expanding,2 4 11 28 31 34,2 16 24 27 28 35,2
S003,momentum_state_transition,momentum,241,1,240,expanding,4 6 8 10 13 15,2 16 24 27 28 35,0
S004,conditional_probability,conditional,241,1,240,expanding,1 6 8 11 24 44,2 16 24 27 28 35,1
S005,structure_transition,structure_transition,241,1,240,expanding,3 9 20 24 27 39,2 16 24 27 28 35,2
S006,pair_residual_node,pair_relation_residual,241,1,240,expanding,3 5 18 23 39 43,2 16 24 27 28 35,0
S007,triple_residual_node,triple_relation_residual,241,1,240,expanding,3 5 18 23 39 43,2 16 24 27 28 35,0
S008,family_balanced_hybrid,hybrid,241,1,240,expanding,4 5 6 11 39 44,2 16 24 27 28 35,0
S001,multi_window_frequency,multi_window_frequency,242,1,241,expanding,2 4 11 24 37 44,4 19 20 21 32 34,1
S002,gap_regime_hazard,gap_time,242,1,241,expanding,6 10 11 15 39 44,4 19 20 21 32 34,0
S003,momentum_state_transition,momentum,242,1,241,expanding,4 6 8 10 13 15,4 19 20 21 32 34,1
S004,conditional_probability,conditional,242,1,241,expanding,1 2 6 8 10 24,4 19 20 21 32 34,0
S005,structure_transition,structure_transition,242,1,241,expanding,1 4 6 31 40 45,4 19 20 21 32 34,1
S006,pair_residual_node,pair_relation_residual,242,1,241,expanding,3 5 18 23 39 43,4 19 20 21 32 34,0
S007,triple_residual_node,triple_relation_residual,242,1,241,expanding,3 5 18 23 39 43,4 19 20 21 32 34,0
S008,family_balanced_hybrid,hybrid,242,1,241,expanding,5 6 10 11 19 39,4 19 20 21 32 34,1
S001,multi_window_frequency,multi_window_frequency,243,1,242,expanding,2 4 11 21 24 37,2 12 17 19 28 42,1
S002,gap_regime_hazard,gap_time,243,1,242,expanding,2 6 10 40 41 43,2 12 17 19 28 42,1
S003,momentum_state_transition,momentum,243,1,242,expanding,4 6 8 10 13 15,2 12 17 19 28 42,0
S004,conditional_probability,conditional,243,1,242,expanding,1 2 4 6 21 24,2 12 17 19 28 42,1
S005,structure_transition,structure_transition,243,1,242,expanding,8 13 25 28 34 37,2 12 17 19 28 42,1
S006,pair_residual_node,pair_relation_residual,243,1,242,expanding,3 5 18 23 39 43,2 12 17 19 28 42,0
S007,triple_residual_node,triple_relation_residual,243,1,242,expanding,3 5 18 23 39 43,2 12 17 19 28 42,0
S008,family_balanced_hybrid,hybrid,243,1,242,expanding,2 4 6 11 37 39,2 12 17 19 28 42,1
S001,multi_window_frequency,multi_window_frequency,244,1,243,expanding,2 4 11 19 21 37,13 16 25 36 37 38,1
S002,gap_regime_hazard,gap_time,244,1,243,expanding,4 16 20 24 27 35,13 16 25 36 37 38,1
S003,momentum_state_transition,momentum,244,1,243,expanding,4 6 8 10 13 15,13 16 25 36 37 38,1
S004,conditional_probability,conditional,244,1,243,expanding,1 11 13 15 21 24,13 16 25 36 37 38,1
S005,structure_transition,structure_transition,244,1,243,expanding,5 14 30 35 38 43,13 16 25 36 37 38,1
S006,pair_residual_node,pair_relation_residual,244,1,243,expanding,3 5 18 23 39 43,13 16 25 36 37 38,0
S007,triple_residual_node,triple_relation_residual,244,1,243,expanding,3 5 18 23 39 43,13 16 25 36 37 38,0
S008,family_balanced_hybrid,hybrid,244,1,243,expanding,4 19 21 24 37 39,13 16 25 36 37 38,1
S001,multi_window_frequency,multi_window_frequency,245,1,244,expanding,2 4 11 19 21 37,9 11 27 31 32 38,1
S002,gap_regime_hazard,gap_time,245,1,244,expanding,2 4 20 21 32 34,9 11 27 31 32 38,1
S003,momentum_state_transition,momentum,245,1,244,expanding,6 8 10 13 15 16,9 11 27 31 32 38,0
S004,conditional_probability,conditional,245,1,244,expanding,1 11 13 15 17 19,9 11 27 31 32 38,1
S005,structure_transition,structure_transition,245,1,244,expanding,5 7 16 19 30 44,9 11 27 31 32 38,0
S006,pair_residual_node,pair_relation_residual,245,1,244,expanding,3 5 18 23 37 39,9 11 27 31 32 38,0
S007,triple_residual_node,triple_relation_residual,245,1,244,expanding,3 5 18 23 37 43,9 11 27 31 32 38,0
S008,family_balanced_hybrid,hybrid,245,1,244,expanding,2 4 5 19 34 39,9 11 27 31 32 38,0
S001,multi_window_frequency,multi_window_frequency,246,1,245,expanding,2 4 11 19 21 37,13 18 21 23 26 39,1
S002,gap_regime_hazard,gap_time,246,1,245,expanding,2 12 17 19 28 42,13 18 21 23 26 39,0
S003,momentum_state_transition,momentum,246,1,245,expanding,6 8 9 10 13 15,13 18 21 23 26 39,1
S004,conditional_probability,conditional,246,1,245,expanding,1 13 15 17 19 21,13 18 21 23 26 39,2
S005,structure_transition,structure_transition,246,1,245,expanding,12 14 19 27 29 35,13 18 21 23 26 39,0
S006,pair_residual_node,pair_relation_residual,246,1,245,expanding,3 5 11 18 37 39,13 18 21 23 26 39,2
S007,triple_residual_node,triple_relation_residual,246,1,245,expanding,3 5 11 18 37 39,13 18 21 23 26 39,2
S008,family_balanced_hybrid,hybrid,246,1,245,expanding,2 5 11 19 37 39,13 18 21 23 26 39,1
S001,multi_window_frequency,multi_window_frequency,247,1,246,expanding,2 4 11 19 21 37,12 15 28 36 39 40,0
S002,gap_regime_hazard,gap_time,247,1,246,expanding,9 11 16 25 36 37,12 15 28 36 39 40,1
S003,momentum_state_transition,momentum,247,1,246,expanding,9 10 13 15 16 17,12 15 28 36 39 40,1
S004,conditional_probability,conditional,247,1,246,expanding,4 13 15 17 19 27,12 15 28 36 39 40,1
S005,structure_transition,structure_transition,247,1,246,expanding,5 10 23 25 29 38,12 15 28 36 39 40,0
S006,pair_residual_node,pair_relation_residual,247,1,246,expanding,3 5 18 37 39 43,12 15 28 36 39 40,1
S007,triple_residual_node,triple_relation_residual,247,1,246,expanding,3 5 11 18 37 39,12 15 28 36 39 40,1
S008,family_balanced_hybrid,hybrid,247,1,246,expanding,4 5 11 19 37 39,12 15 28 36 39 40,1
S001,multi_window_frequency,multi_window_frequency,248,1,247,expanding,2 4 11 19 21 39,3 8 17 23 38 45,0
S002,gap_regime_hazard,gap_time,248,1,247,expanding,9 11 27 31 32 38,3 8 17 23 38 45,1
S003,momentum_state_transition,momentum,248,1,247,expanding,9 10 12 13 15 17,3 8 17 23 38 45,1
S004,conditional_probability,conditional,248,1,247,expanding,4 11 12 13 19 28,3 8 17 23 38 45,0
S005,structure_transition,structure_transition,248,1,247,expanding,4 16 21 31 35 37,3 8 17 23 38 45,0
S006,pair_residual_node,pair_relation_residual,248,1,247,expanding,3 5 11 18 37 39,3 8 17 23 38 45,1
S007,triple_residual_node,triple_relation_residual,248,1,247,expanding,3 5 11 18 37 39,3 8 17 23 38 45,1
S008,family_balanced_hybrid,hybrid,248,1,247,expanding,5 11 19 21 36 39,3 8 17 23 38 45,0
S001,multi_window_frequency,multi_window_frequency,249,1,248,expanding,2 4 11 19 21 39,3 8 27 31 41 44,0
S002,gap_regime_hazard,gap_time,249,1,248,expanding,12 13 15 18 21 26,3 8 27 31 41 44,0
S003,momentum_state_transition,momentum,249,1,248,expanding,8 9 10 12 13 15,3 8 27 31 41 44,1
S004,conditional_probability,conditional,249,1,248,expanding,2 11 12 13 15 17,3 8 27 31 41 44,0
S005,structure_transition,structure_transition,249,1,248,expanding,1 3 19 31 34 42,3 8 27 31 41 44,2
S006,pair_residual_node,pair_relation_residual,249,1,248,expanding,3 5 18 23 37 39,3 8 27 31 41 44,1
S007,triple_residual_node,triple_relation_residual,249,1,248,expanding,3 5 18 23 37 39,3 8 27 31 41 44,1
S008,family_balanced_hybrid,hybrid,249,1,248,expanding,5 11 12 19 39 40,3 8 27 31 41 44,0
S001,multi_window_frequency,multi_window_frequency,250,1,249,expanding,2 4 19 21 37 39,19 23 30 37 43 45,2
S002,gap_regime_hazard,gap_time,250,1,249,expanding,12 15 28 36 39 40,19 23 30 37 43 45,0
S003,momentum_state_transition,momentum,250,1,249,expanding,8 10 12 13 15 24,19 23 30 37 43 45,0
S004,conditional_probability,conditional,250,1,249,expanding,2 3 8 12 13 17,19 23 30 37 43 45,0
S005,structure_transition,structure_transition,250,1,249,expanding,1 3 21 25 34 38,19 23 30 37 43 45,0
S006,pair_residual_node,pair_relation_residual,250,1,249,expanding,3 5 18 23 37 39,19 23 30 37 43 45,2
S007,triple_residual_node,triple_relation_residual,250,1,249,expanding,3 5 18 23 37 39,19 23 30 37 43 45,2
S008,family_balanced_hybrid,hybrid,250,1,249,expanding,2 12 19 23 39 40,19 23 30 37 43 45,2
S001,multi_window_frequency,multi_window_frequency,251,1,250,expanding,2 4 19 21 37 39,6 7 19 25 28 38,1
S002,gap_regime_hazard,gap_time,251,1,250,expanding,3 8 17 27 31 38,6 7 19 25 28 38,1
S003,momentum_state_transition,momentum,251,1,250,expanding,8 10 12 13 15 23,6 7 19 25 28 38,0
S004,conditional_probability,conditional,251,1,250,expanding,2 3 8 12 13 16,6 7 19 25 28 38,0
S005,structure_transition,structure_transition,251,1,250,expanding,16 20 27 30 34 41,6 7 19 25 28 38,0
S006,pair_residual_node,pair_relation_residual,251,1,250,expanding,3 5 23 37 39 40,6 7 19 25 28 38,0
S007,triple_residual_node,triple_relation_residual,251,1,250,expanding,3 5 23 37 39 40,6 7 19 25 28 38,0
S008,family_balanced_hybrid,hybrid,251,1,250,expanding,2 3 4 5 37 39,6 7 19 25 28 38,0
S001,multi_window_frequency,multi_window_frequency,252,1,251,expanding,4 11 19 21 37 39,14 23 26 31 39 45,1
S002,gap_regime_hazard,gap_time,252,1,251,expanding,3 8 27 31 41 44,14 23 26 31 39 45,1
S003,momentum_state_transition,momentum,252,1,251,expanding,6 8 12 13 15 17,14 23 26 31 39 45,0
S004,conditional_probability,conditional,252,1,251,expanding,3 8 12 13 19 38,14 23 26 31 39 45,0
S005,structure_transition,structure_transition,252,1,251,expanding,6 18 23 33 37 40,14 23 26 31 39 45,1
S006,pair_residual_node,pair_relation_residual,252,1,251,expanding,3 5 19 23 37 39,14 23 26 31 39 45,2
S007,triple_residual_node,triple_relation_residual,252,1,251,expanding,3 5 19 23 37 39,14 23 26 31 39 45,2
S008,family_balanced_hybrid,hybrid,252,1,251,expanding,3 8 11 19 23 37,14 23 26 31 39 45,1
S001,multi_window_frequency,multi_window_frequency,253,1,252,expanding,19 26 31 37 39 45,8 19 25 31 34 36,2
S002,gap_regime_hazard,gap_time,253,1,252,expanding,6 7 19 30 37 43,8 19 25 31 34 36,1
S003,momentum_state_transition,momentum,253,1,252,expanding,6 13 15 17 21 23,8 19 25 31 34 36,0
S004,conditional_probability,conditional,253,1,252,expanding,3 8 12 13 23 38,8 19 25 31 34 36,1
S005,structure_transition,structure_transition,253,1,252,expanding,12 18 21 29 31 33,8 19 25 31 34 36,1
S006,pair_residual_node,pair_relation_residual,253,1,252,expanding,3 5 19 23 37 39,8 19 25 31 34 36,1
S007,triple_residual_node,triple_relation_residual,253,1,252,expanding,3 5 19 23 37 39,8 19 25 31 34 36,1
S008,family_balanced_hybrid,hybrid,253,1,252,expanding,3 6 19 23 25 37,8 19 25 31 34 36,2
S001,multi_window_frequency,multi_window_frequency,254,1,253,expanding,19 25 31 36 37 39,1 5 19 20 24 30,1
S002,gap_regime_hazard,gap_time,254,1,253,expanding,6 7 14 23 28 38,1 5 19 20 24 30,0
S003,momentum_state_transition,momentum,254,1,253,expanding,13 15 21 23 24 25,1 5 19 20 24 30,1
S004,conditional_probability,conditional,254,1,253,expanding,3 13 23 26 31 38,1 5 19 20 24 30,0
S005,structure_transition,structure_transition,254,1,253,expanding,11 16 18 26 27 39,1 5 19 20 24 30,0
S006,pair_residual_node,pair_relation_residual,254,1,253,expanding,3 5 23 37 39 40,1 5 19 20 24 30,1
S007,triple_residual_node,triple_relation_residual,254,1,253,expanding,3 5 23 37 39 40,1 5 19 20 24 30,1
S008,family_balanced_hybrid,hybrid,254,1,253,expanding,3 23 25 37 38 39,1 5 19 20 24 30,0
S001,multi_window_frequency,multi_window_frequency,255,1,254,expanding,19 31 36 37 39 45,1 5 6 24 27 42,0
S002,gap_regime_hazard,gap_time,255,1,254,expanding,8 14 23 26 39 45,1 5 6 24 27 42,0
S003,momentum_state_transition,momentum,255,1,254,expanding,1 15 23 24 25 28,1 5 6 24 27 42,2
S004,conditional_probability,conditional,255,1,254,expanding,3 19 23 25 26 31,1 5 6 24 27 42,0
S005,structure_transition,structure_transition,255,1,254,expanding,7 12 17 25 36 38,1 5 6 24 27 42,0
S006,pair_residual_node,pair_relation_residual,255,1,254,expanding,3 5 19 23 37 39,1 5 6 24 27 42,1
S007,triple_residual_node,triple_relation_residual,255,1,254,expanding,3 5 19 23 37 39,1 5 6 24 27 42,1
S008,family_balanced_hybrid,hybrid,255,1,254,expanding,3 19 23 25 31 39,1 5 6 24 27 42,0
S001,multi_window_frequency,multi_window_frequency,256,1,255,expanding,5 19 24 31 37 39,4 11 14 21 23 43,0
S002,gap_regime_hazard,gap_time,256,1,255,expanding,8 19 25 31 34 36,4 11 14 21 23 43,0
S003,momentum_state_transition,momentum,256,1,255,expanding,1 2 6 15 23 24,4 11 14 21 23 43,1
S004,conditional_probability,conditional,256,1,255,expanding,1 3 5 6 19 23,4 11 14 21 23 43,1
S005,structure_transition,structure_transition,256,1,255,expanding,2 4 14 29 33 35,4 11 14 21 23 43,2
S006,pair_residual_node,pair_relation_residual,256,1,255,expanding,3 5 19 23 37 39,4 11 14 21 23 43,1
S007,triple_residual_node,triple_relation_residual,256,1,255,expanding,3 5 19 23 37 39,4 11 14 21 23 43,1
S008,family_balanced_hybrid,hybrid,256,1,255,expanding,3 6 19 23 25 36,4 11 14 21 23 43,1
S001,multi_window_frequency,multi_window_frequency,257,1,256,expanding,4 19 24 31 37 39,6 13 27 31 32 37,2
S002,gap_regime_hazard,gap_time,257,1,256,expanding,1 5 6 19 20 30,6 13 27 31 32 37,1
S003,momentum_state_transition,momentum,257,1,256,expanding,2 6 15 16 17 23,6 13 27 31 32 37,1
S004,conditional_probability,conditional,257,1,256,expanding,1 3 5 6 19 23,6 13 27 31 32 37,1
S005,structure_transition,structure_transition,257,1,256,expanding,4 10 13 27 31 33,6 13 27 31 32 37,3
S006,pair_residual_node,pair_relation_residual,257,1,256,expanding,3 5 23 37 39 40,6 13 27 31 32 37,1
S007,triple_residual_node,triple_relation_residual,257,1,256,expanding,3 5 23 37 39 40,6 13 27 31 32 37,1
S008,family_balanced_hybrid,hybrid,257,1,256,expanding,3 5 6 19 23 24,6 13 27 31 32 37,1
S001,multi_window_frequency,multi_window_frequency,258,1,257,expanding,4 19 24 27 31 37,14 27 30 31 38 40,2
S002,gap_regime_hazard,gap_time,258,1,257,expanding,1 4 5 11 24 42,14 27 30 31 38 40,0
S003,momentum_state_transition,momentum,258,1,257,expanding,2 6 15 16 23 25,14 27 30 31 38 40,0
S004,conditional_probability,conditional,258,1,257,expanding,1 3 5 19 23 31,14 27 30 31 38 40,1
S005,structure_transition,structure_transition,258,1,257,expanding,12 14 19 27 29 35,14 27 30 31 38 40,2
S006,pair_residual_node,pair_relation_residual,258,1,257,expanding,3 5 19 23 37 39,14 27 30 31 38 40,0
S007,triple_residual_node,triple_relation_residual,258,1,257,expanding,3 5 19 23 37 39,14 27 30 31 38 40,0
S008,family_balanced_hybrid,hybrid,258,1,257,expanding,3 5 19 23 25 43,14 27 30 31 38 40,0
S001,multi_window_frequency,multi_window_frequency,259,1,258,expanding,14 19 24 27 31 37,4 5 14 35 42 45,1
S002,gap_regime_hazard,gap_time,259,1,258,expanding,4 6 11 21 23 43,4 5 14 35 42 45,1
S003,momentum_state_transition,momentum,259,1,258,expanding,6 14 16 23 25 30,4 5 14 35 42 45,1
S004,conditional_probability,conditional,259,1,258,expanding,1 5 8 19 27 31,4 5 14 35 42 45,1
S005,structure_transition,structure_transition,259,1,258,expanding,6 18 23 33 37 40,4 5 14 35 42 45,0
S006,pair_residual_node,pair_relation_residual,259,1,258,expanding,3 5 23 37 39 40,4 5 14 35 42 45,1
S007,triple_residual_node,triple_relation_residual,259,1,258,expanding,3 5 23 37 39 40,4 5 14 35 42 45,1
S008,family_balanced_hybrid,hybrid,259,1,258,expanding,3 6 23 25 37 43,4 5 14 35 42 45,0
S001,multi_window_frequency,multi_window_frequency,260,1,259,expanding,4 14 19 27 31 37,7 12 15 24 37 40,1
S002,gap_regime_hazard,gap_time,260,1,259,expanding,6 13 27 30 32 37,7 12 15 24 37 40,1
S003,momentum_state_transition,momentum,260,1,259,expanding,6 14 16 23 25 30,7 12 15 24 37 40,0
S004,conditional_probability,conditional,260,1,259,expanding,1 4 14 19 24 31,7 12 15 24 37 40,1
S005,structure_transition,structure_transition,260,1,259,expanding,9 20 25 27 30 36,7 12 15 24 37 40,0
S006,pair_residual_node,pair_relation_residual,260,1,259,expanding,3 5 23 37 39 40,7 12 15 24 37 40,2
S007,triple_residual_node,triple_relation_residual,260,1,259,expanding,3 5 23 37 39 40,7 12 15 24 37 40,2
S008,family_balanced_hybrid,hybrid,260,1,259,expanding,3 6 23 25 37 40,7 12 15 24 37 40,2
S001,multi_window_frequency,multi_window_frequency,261,1,260,expanding,14 19 24 27 31 37,6 11 16 18 31 43,1
S002,gap_regime_hazard,gap_time,261,1,260,expanding,4 5 27 30 31 38,6 11 16 18 31 43,1
S003,momentum_state_transition,momentum,261,1,260,expanding,12 14 23 25 30 32,6 11 16 18 31 43,0
S004,conditional_probability,conditional,261,1,260,expanding,1 4 7 14 23 31,6 11 16 18 31 43,1
S005,structure_transition,structure_transition,261,1,260,expanding,8 12 23 28 31 39,6 11 16 18 31 43,1
S006,pair_residual_node,pair_relation_residual,261,1,260,expanding,3 5 23 37 39 40,6 11 16 18 31 43,0
S007,triple_residual_node,triple_relation_residual,261,1,260,expanding,3 5 23 37 39 40,6 11 16 18 31 43,0
S008,family_balanced_hybrid,hybrid,261,1,260,expanding,4 5 14 19 23 25,6 11 16 18 31 43,0
S001,multi_window_frequency,multi_window_frequency,262,1,261,expanding,14 19 24 27 31 37,9 12 24 25 29 31,2
S002,gap_regime_hazard,gap_time,262,1,261,expanding,4 5 14 35 42 45,9 12 24 25 29 31,0
S003,momentum_state_transition,momentum,262,1,261,expanding,12 14 23 25 30 32,9 12 24 25 29 31,2
S004,conditional_probability,conditional,262,1,261,expanding,1 4 11 14 19 31,9 12 24 25 29 31,1
S005,structure_transition,structure_transition,262,1,261,expanding,8 12 23 28 31 39,9 12 24 25 29 31,2
S006,pair_residual_node,pair_relation_residual,262,1,261,expanding,3 5 25 37 39 40,9 12 24 25 29 31,1
S007,triple_residual_node,triple_relation_residual,262,1,261,expanding,3 5 25 37 39 40,9 12 24 25 29 31,1
S008,family_balanced_hybrid,hybrid,262,1,261,expanding,4 5 14 19 37 40,9 12 24 25 29 31,0
S001,multi_window_frequency,multi_window_frequency,263,1,262,expanding,4 19 24 27 31 37,1 27 28 32 37 40,2
S002,gap_regime_hazard,gap_time,263,1,262,expanding,6 7 11 15 37 40,1 27 28 32 37 40,2
S003,momentum_state_transition,momentum,263,1,262,expanding,12 14 23 25 30 36,1 27 28 32 37 40,0
S004,conditional_probability,conditional,263,1,262,expanding,1 4 11 12 24 31,1 27 28 32 37 40,1
S005,structure_transition,structure_transition,263,1,262,expanding,1 14 17 27 32 35,1 27 28 32 37 40,3
S006,pair_residual_node,pair_relation_residual,263,1,262,expanding,3 19 25 37 39 40,1 27 28 32 37 40,2
S007,triple_residual_node,triple_relation_residual,263,1,262,expanding,3 5 25 37 39 40,1 27 28 32 37 40,2
S008,family_balanced_hybrid,hybrid,263,1,262,expanding,11 19 25 37 40 43,1 27 28 32 37 40,2
S001,multi_window_frequency,multi_window_frequency,264,1,263,expanding,14 24 27 31 37 40,9 16 27 36 41 44,1
S002,gap_regime_hazard,gap_time,264,1,263,expanding,6 9 11 16 18 43,9 16 27 36 41 44,2
S003,momentum_state_transition,momentum,264,1,263,expanding,1 12 14 23 25 30,9 16 27 36 41 44,0
S004,conditional_probability,conditional,264,1,263,expanding,4 11 12 24 27 31,9 16 27 36 41 44,1
S005,structure_transition,structure_transition,264,1,263,expanding,6 19 21 24 38 41,9 16 27 36 41 44,1
S006,pair_residual_node,pair_relation_residual,264,1,263,expanding,3 23 25 37 39 40,9 16 27 36 41 44,0
S007,triple_residual_node,triple_relation_residual,264,1,263,expanding,3 5 25 37 39 40,9 16 27 36 41 44,0
S008,family_balanced_hybrid,hybrid,264,1,263,expanding,6 11 12 24 25 43,9 16 27 36 41 44,0
S001,multi_window_frequency,multi_window_frequency,265,1,264,expanding,14 24 27 31 37 40,5 9 34 37 38 39,1
S002,gap_regime_hazard,gap_time,265,1,264,expanding,1 12 24 25 29 31,5 9 34 37 38 39,0
S003,momentum_state_transition,momentum,265,1,264,expanding,1 9 12 14 23 25,5 9 34 37 38 39,1
S004,conditional_probability,conditional,265,1,264,expanding,1 4 5 9 27 31,5 9 34 37 38 39,2
S005,structure_transition,structure_transition,265,1,264,expanding,8 12 23 28 31 39,5 9 34 37 38 39,1
S006,pair_residual_node,pair_relation_residual,265,1,264,expanding,3 19 23 25 37 40,5 9 34 37 38 39,1
S007,triple_residual_node,triple_relation_residual,265,1,264,expanding,3 19 25 37 40 44,5 9 34 37 38 39,1
S008,family_balanced_hybrid,hybrid,265,1,264,expanding,1 3 12 25 37 40,5 9 34 37 38 39,1
S001,multi_window_frequency,multi_window_frequency,266,1,265,expanding,14 24 27 31 37 40,3 4 9 11 22 42,0
S002,gap_regime_hazard,gap_time,266,1,265,expanding,1 16 27 28 32 40,3 4 9 11 22 42,0
S003,momentum_state_transition,momentum,266,1,265,expanding,1 12 14 23 25 30,3 4 9 11 22 42,0
S004,conditional_probability,conditional,266,1,265,expanding,4 5 6 27 31 37,3 4 9 11 22 42,1
S005,structure_transition,structure_transition,266,1,265,expanding,1 17 22 29 31 44,3 4 9 11 22 42,1
S006,pair_residual_node,pair_relation_residual,266,1,265,expanding,3 5 19 37 39 40,3 4 9 11 22 42,1
S007,triple_residual_node,triple_relation_residual,266,1,265,expanding,3 5 19 37 39 40,3 4 9 11 22 42,1
S008,family_balanced_hybrid,hybrid,266,1,265,expanding,3 5 19 27 37 40,3 4 9 11 22 42,1
S001,multi_window_frequency,multi_window_frequency,267,1,266,expanding,4 24 27 31 37 40,7 8 24 34 36 41,1
S002,gap_regime_hazard,gap_time,267,1,266,expanding,5 16 27 36 41 44,7 8 24 34 36 41,2
S003,momentum_state_transition,momentum,267,1,266,expanding,1 3 6 8 12 14,7 8 24 34 36 41,1
S004,conditional_probability,conditional,267,1,266,expanding,4 5 9 27 31 37,7 8 24 34 36 41,0
S005,structure_transition,structure_transition,267,1,266,expanding,1 6 11 13 30 38,7 8 24 34 36 41,0
S006,pair_residual_node,pair_relation_residual,267,1,266,expanding,3 5 19 37 39 40,7 8 24 34 36 41,0
S007,triple_residual_node,triple_relation_residual,267,1,266,expanding,3 5 19 37 39 40,7 8 24 34 36 41,0
S008,family_balanced_hybrid,hybrid,267,1,266,expanding,5 19 27 36 37 40,7 8 24 34 36 41,1
S001,multi_window_frequency,multi_window_frequency,268,1,267,expanding,4 24 27 31 37 40,3 10 19 24 32 45,1
S002,gap_regime_hazard,gap_time,268,1,267,expanding,3 4 5 37 38 39,3 10 19 24 32 45,1
S003,momentum_state_transition,momentum,268,1,267,expanding,1 3 6 7 8 14,3 10 19 24 32 45,1
S004,conditional_probability,conditional,268,1,267,expanding,4 5 7 9 11 12,3 10 19 24 32 45,0
S005,structure_transition,structure_transition,268,1,267,expanding,6 10 19 24 27 37,3 10 19 24 32 45,3
S006,pair_residual_node,pair_relation_residual,268,1,267,expanding,3 18 19 37 39 40,3 10 19 24 32 45,2
S007,triple_residual_node,triple_relation_residual,268,1,267,expanding,3 18 19 37 39 40,3 10 19 24 32 45,2
S008,family_balanced_hybrid,hybrid,268,1,267,expanding,3 4 5 11 19 37,3 10 19 24 32 45,2
S001,multi_window_frequency,multi_window_frequency,269,1,268,expanding,4 19 24 27 31 37,5 18 20 36 42 43,0
S002,gap_regime_hazard,gap_time,269,1,268,expanding,4 7 9 11 22 42,5 18 20 36 42 43,1
S003,momentum_state_transition,momentum,269,1,268,expanding,1 3 6 7 14 25,5 18 20 36 42 43,0
S004,conditional_probability,conditional,269,1,268,expanding,3 4 5 7 9 24,5 18 20 36 42 43,1
S005,structure_transition,structure_transition,269,1,268,expanding,1 6 16 35 37 42,5 18 20 36 42 43,1
S006,pair_residual_node,pair_relation_residual,269,1,268,expanding,3 19 36 37 39 40,5 18 20 36 42 43,1
S007,triple_residual_node,triple_relation_residual,269,1,268,expanding,3 18 19 37 39 40,5 18 20 36 42 43,1
S008,family_balanced_hybrid,hybrid,269,1,268,expanding,3 4 7 11 34 36,5 18 20 36 42 43,1
S001,multi_window_frequency,multi_window_frequency,270,1,269,expanding,19 24 27 31 36 37,5 9 12 20 21 26,0
S002,gap_regime_hazard,gap_time,270,1,269,expanding,3 7 8 10 34 41,5 9 12 20 21 26,0
S003,momentum_state_transition,momentum,270,1,269,expanding,1 5 6 7 9 14,5 9 12 20 21 26,2
S004,conditional_probability,conditional,270,1,269,expanding,3 5 7 9 11 24,5 9 12 20 21 26,2
S005,structure_transition,structure_transition,270,1,269,expanding,5 10 25 28 32 39,5 9 12 20 21 26,1
S006,pair_residual_node,pair_relation_residual,270,1,269,expanding,3 19 36 37 39 40,5 9 12 20 21 26,0
S007,triple_residual_node,triple_relation_residual,270,1,269,expanding,3 19 36 37 39 40,5 9 12 20 21 26,0
S008,family_balanced_hybrid,hybrid,270,1,269,expanding,3 5 7 19 24 34,5 9 12 20 21 26,1
S001,multi_window_frequency,multi_window_frequency,271,1,270,expanding,5 19 24 31 36 37,3 8 9 27 29 40,0
S002,gap_regime_hazard,gap_time,271,1,270,expanding,3 10 19 24 32 45,3 8 9 27 29 40,1
S003,momentum_state_transition,momentum,271,1,270,expanding,1 5 6 7 9 14,3 8 9 27 29 40,1
S004,conditional_probability,conditional,271,1,270,expanding,3 9 11 12 16 18,3 8 9 27 29 40,2
S005,structure_transition,structure_transition,271,1,270,expanding,5 18 22 24 29 45,3 8 9 27 29 40,1
S006,pair_residual_node,pair_relation_residual,271,1,270,expanding,3 5 19 36 37 40,3 8 9 27 29 40,2
S007,triple_residual_node,triple_relation_residual,271,1,270,expanding,3 5 19 36 37 40,3 8 9 27 29 40,2
S008,family_balanced_hybrid,hybrid,271,1,270,expanding,3 5 18 19 36 37,3 8 9 27 29 40,1
S001,multi_window_frequency,multi_window_frequency,272,1,271,expanding,5 19 24 27 36 37,7 9 12 27 39 43,1
S002,gap_regime_hazard,gap_time,272,1,271,expanding,5 12 18 36 42 43,7 9 12 27 39 43,2
S003,momentum_state_transition,momentum,272,1,271,expanding,1 3 5 9 14 20,7 9 12 27 39 43,1
S004,conditional_probability,conditional,272,1,271,expanding,8 12 20 29 32 34,7 9 12 27 39 43,1
S005,structure_transition,structure_transition,272,1,271,expanding,1 3 20 25 34 41,7 9 12 27 39 43,0
S006,pair_residual_node,pair_relation_residual,272,1,271,expanding,3 5 19 36 37 40,7 9 12 27 39 43,0
S007,triple_residual_node,triple_relation_residual,272,1,271,expanding,3 5 19 36 37 40,7 9 12 27 39 43,0
S008,family_balanced_hybrid,hybrid,272,1,271,expanding,3 5 20 36 37 42,7 9 12 27 39 43,0
S001,multi_window_frequency,multi_window_frequency,273,1,272,expanding,3 5 9 27 36 37,1 8 24 31 34 44,0
S002,gap_regime_hazard,gap_time,273,1,272,expanding,3 5 8 20 21 26,1 8 24 31 34 44,1
S003,momentum_state_transition,momentum,273,1,272,expanding,1 3 5 7 9 12,1 8 24 31 34 44,1
S004,conditional_probability,conditional,273,1,272,expanding,7 8 12 20 24 27,1 8 24 31 34 44,2
S005,structure_transition,structure_transition,273,1,272,expanding,6 10 14 33 37 43,1 8 24 31 34 44,0
S006,pair_residual_node,pair_relation_residual,273,1,272,expanding,3 19 36 37 39 40,1 8 24 31 34 44,0
S007,triple_residual_node,triple_relation_residual,273,1,272,expanding,3 19 36 37 39 40,1 8 24 31 34 44,0
S008,family_balanced_hybrid,hybrid,273,1,272,expanding,3 5 20 36 37 40,1 8 24 31 34 44,0
S001,multi_window_frequency,multi_window_frequency,274,1,273,expanding,5 9 24 27 31 37,13 14 15 26 35 39,0
S002,gap_regime_hazard,gap_time,274,1,273,expanding,3 7 9 12 29 40,13 14 15 26 35 39,0
S003,momentum_state_transition,momentum,274,1,273,expanding,1 3 5 6 7 9,13 14 15 26 35 39,0
S004,conditional_probability,conditional,274,1,273,expanding,7 12 20 39 41 42,13 14 15 26 35 39,1
S005,structure_transition,structure_transition,274,1,273,expanding,6 10 19 24 27 37,13 14 15 26 35 39,0
S006,pair_residual_node,pair_relation_residual,274,1,273,expanding,3 18 19 37 39 40,13 14 15 26 35 39,1
S007,triple_residual_node,triple_relation_residual,274,1,273,expanding,3 18 19 37 39 40,13 14 15 26 35 39,1
S008,family_balanced_hybrid,hybrid,274,1,273,expanding,3 5 7 12 39 43,13 14 15 26 35 39,1
S001,multi_window_frequency,multi_window_frequency,275,1,274,expanding,5 24 27 31 37 39,14 19 20 35 38 40,0
S002,gap_regime_hazard,gap_time,275,1,274,expanding,1 7 9 12 27 43,14 19 20 35 38 40,0
S003,momentum_state_transition,momentum,275,1,274,expanding,3 5 6 7 9 12,14 19 20 35 38 40,0
S004,conditional_probability,conditional,275,1,274,expanding,7 9 12 20 26 27,14 19 20 35 38 40,1
S005,structure_transition,structure_transition,275,1,274,expanding,15 22 25 31 36 40,14 19 20 35 38 40,1
S006,pair_residual_node,pair_relation_residual,275,1,274,expanding,3 5 19 37 39 40,14 19 20 35 38 40,2
S007,triple_residual_node,triple_relation_residual,275,1,274,expanding,3 5 19 37 39 40,14 19 20 35 38 40,2
S008,family_balanced_hybrid,hybrid,275,1,274,expanding,3 5 7 9 12 43,14 19 20 35 38 40,0
S001,multi_window_frequency,multi_window_frequency,276,1,275,expanding,14 19 20 24 27 40,4 15 21 33 39 41,0
S002,gap_regime_hazard,gap_time,276,1,275,expanding,1 8 24 31 34 44,4 15 21 33 39 41,0
S003,momentum_state_transition,momentum,276,1,275,expanding,3 5 7 9 12 14,4 15 21 33 39 41,0
S004,conditional_probability,conditional,276,1,275,expanding,5 7 9 12 14 19,4 15 21 33 39 41,0
S005,structure_transition,structure_transition,276,1,275,expanding,7 17 24 26 30 35,4 15 21 33 39 41,0
S006,pair_residual_node,pair_relation_residual,276,1,275,expanding,3 5 19 37 39 40,4 15 21 33 39 41,1
S007,triple_residual_node,triple_relation_residual,276,1,275,expanding,3 5 19 37 39 40,4 15 21 33 39 41,1
S008,family_balanced_hybrid,hybrid,276,1,275,expanding,3 5 7 24 39 40,4 15 21 33 39 41,1
S001,multi_window_frequency,multi_window_frequency,277,1,276,expanding,14 19 24 27 39 40,10 12 13 15 25 29,0
S002,gap_regime_hazard,gap_time,277,1,276,expanding,13 14 19 20 26 35,10 12 13 15 25 29,1
S003,momentum_state_transition,momentum,277,1,276,expanding,3 5 7 9 12 14,10 12 13 15 25 29,1
S004,conditional_probability,conditional,277,1,276,expanding,3 5 7 12 14 15,10 12 13 15 25 29,2
S005,structure_transition,structure_transition,277,1,276,expanding,12 16 25 32 39 43,10 12 13 15 25 29,2
S006,pair_residual_node,pair_relation_residual,277,1,276,expanding,3 5 19 37 39 40,10 12 13 15 25 29,0
S007,triple_residual_node,triple_relation_residual,277,1,276,expanding,3 5 19 37 39 40,10 12 13 15 25 29,0
S008,family_balanced_hybrid,hybrid,277,1,276,expanding,3 5 14 19 37 40,10 12 13 15 25 29,0
S001,multi_window_frequency,multi_window_frequency,278,1,277,expanding,14 19 20 24 27 39,3 11 37 39 41 43,1
S002,gap_regime_hazard,gap_time,278,1,277,expanding,14 19 20 35 38 40,3 11 37 39 41 43,0
S003,momentum_state_transition,momentum,278,1,277,expanding,3 5 7 9 12 14,3 11 37 39 41 43,1
S004,conditional_probability,conditional,278,1,277,expanding,3 5 8 10 13 14,3 11 37 39 41 43,1
S005,structure_transition,structure_transition,278,1,277,expanding,16 20 23 33 35 41,3 11 37 39 41 43,1
S006,pair_residual_node,pair_relation_residual,278,1,277,expanding,3 19 25 37 39 40,3 11 37 39 41 43,3
S007,triple_residual_node,triple_relation_residual,278,1,277,expanding,3 19 25 37 39 40,3 11 37 39 41 43,3
S008,family_balanced_hybrid,hybrid,278,1,277,expanding,3 5 14 19 20 40,3 11 37 39 41 43,1
S001,multi_window_frequency,multi_window_frequency,279,1,278,expanding,14 20 27 31 37 39,7 16 31 36 37 38,2
S002,gap_regime_hazard,gap_time,279,1,278,expanding,4 10 12 13 21 33,7 16 31 36 37 38,0
S003,momentum_state_transition,momentum,279,1,278,expanding,3 4 5 7 9 12,7 16 31 36 37 38,1
S004,conditional_probability,conditional,279,1,278,expanding,3 5 8 13 14 39,7 16 31 36 37 38,0
S005,structure_transition,structure_transition,279,1,278,expanding,1 17 20 25 37 42,7 16 31 36 37 38,1
S006,pair_residual_node,pair_relation_residual,279,1,278,expanding,3 19 25 37 39 40,7 16 31 36 37 38,1
S007,triple_residual_node,triple_relation_residual,279,1,278,expanding,3 19 25 37 39 40,7 16 31 36 37 38,1
S008,family_balanced_hybrid,hybrid,279,1,278,expanding,3 4 5 12 39 40,7 16 31 36 37 38,0
S001,multi_window_frequency,multi_window_frequency,280,1,279,expanding,14 27 31 37 39 40,10 11 23 24 36 37,1
S002,gap_regime_hazard,gap_time,280,1,279,expanding,10 12 13 15 25 29,10 11 23 24 36 37,1
S003,momentum_state_transition,momentum,280,1,279,expanding,3 7 9 11 12 15,10 11 23 24 36 37,1
S004,conditional_probability,conditional,280,1,279,expanding,3 7 8 13 14 39,10 11 23 24 36 37,0
S005,structure_transition,structure_transition,280,1,279,expanding,6 8 22 27 37 45,10 11 23 24 36 37,1
S006,pair_residual_node,pair_relation_residual,280,1,279,expanding,3 19 25 37 39 40,10 11 23 24 36 37,1
S007,triple_residual_node,triple_relation_residual,280,1,279,expanding,3 19 25 37 39 40,10 11 23 24 36 37,1
S008,family_balanced_hybrid,hybrid,280,1,279,expanding,3 7 12 20 37 39,10 11 23 24 36 37,1
S001,multi_window_frequency,multi_window_frequency,281,1,280,expanding,14 24 27 31 37 39,1 3 4 6 14 41,1
S002,gap_regime_hazard,gap_time,281,1,280,expanding,3 7 16 39 41 43,1 3 4 6 14 41,2
S003,momentum_state_transition,momentum,281,1,280,expanding,3 7 9 10 11 15,1 3 4 6 14 41,1
S004,conditional_probability,conditional,281,1,280,expanding,3 7 8 9 10 39,1 3 4 6 14 41,1
S005,structure_transition,structure_transition,281,1,280,expanding,5 18 22 24 29 45,1 3 4 6 14 41,0
S006,pair_residual_node,pair_relation_residual,281,1,280,expanding,3 5 19 37 39 40,1 3 4 6 14 41,1
S007,triple_residual_node,triple_relation_residual,281,1,280,expanding,3 5 19 37 39 40,1 3 4 6 14 41,1
S008,family_balanced_hybrid,hybrid,281,1,280,expanding,3 5 7 12 39 43,1 3 4 6 14 41,1
S001,multi_window_frequency,multi_window_frequency,282,1,281,expanding,14 24 31 36 37 39,2 5 10 18 31 32,1
S002,gap_regime_hazard,gap_time,282,1,281,expanding,7 10 11 16 31 38,2 5 10 18 31 32,2
S003,momentum_state_transition,momentum,282,1,281,expanding,1 3 7 9 10 15,2 5 10 18 31 32,1
S004,conditional_probability,conditional,282,1,281,expanding,1 3 4 7 10 39,2 5 10 18 31 32,1
S005,structure_transition,structure_transition,282,1,281,expanding,1 8 11 30 32 37,2 5 10 18 31 32,1
S006,pair_residual_node,pair_relation_residual,282,1,281,expanding,3 19 25 37 39 40,2 5 10 18 31 32,0
S007,triple_residual_node,triple_relation_residual,282,1,281,expanding,3 19 25 37 39 40,2 5 10 18 31 32,0
S008,family_balanced_hybrid,hybrid,282,1,281,expanding,3 7 24 36 37 39,2 5 10 18 31 32,0
S001,multi_window_frequency,multi_window_frequency,283,1,282,expanding,14 24 31 36 37 39,6 8 18 31 38 45,1
S002,gap_regime_hazard,gap_time,283,1,282,expanding,1 11 23 24 36 37,6 8 18 31 38 45,0
S003,momentum_state_transition,momentum,283,1,282,expanding,1 3 4 7 9 10,6 8 18 31 38 45,0
S004,conditional_probability,conditional,283,1,282,expanding,1 3 4 11 13 24,6 8 18 31 38 45,0
S005,structure_transition,structure_transition,283,1,282,expanding,7 13 15 20 22 32,6 8 18 31 38 45,0
S006,pair_residual_node,pair_relation_residual,283,1,282,expanding,3 5 19 37 39 40,6 8 18 31 38 45,0
S007,triple_residual_node,triple_relation_residual,283,1,282,expanding,3 5 19 37 39 40,6 8 18 31 38 45,0
S008,family_balanced_hybrid,hybrid,283,1,282,expanding,1 3 4 24 36 37,6 8 18 31 38 45,0
S001,multi_window_frequency,multi_window_frequency,284,1,283,expanding,4 14 24 31 37 39,2 7 15 24 30 45,1
S002,gap_regime_hazard,gap_time,284,1,283,expanding,1 2 3 4 14 41,2 7 15 24 30 45,1
S003,momentum_state_transition,momentum,284,1,283,expanding,3 4 7 9 10 15,2 7 15 24 30 45,2
S004,conditional_probability,conditional,284,1,283,expanding,3 4 6 11 13 18,2 7 15 24 30 45,0
S005,structure_transition,structure_transition,284,1,283,expanding,13 21 26 29 36 38,2 7 15 24 30 45,0
S006,pair_residual_node,pair_relation_residual,284,1,283,expanding,3 18 19 37 39 40,2 7 15 24 30 45,0
S007,triple_residual_node,triple_relation_residual,284,1,283,expanding,3 18 19 37 39 40,2 7 15 24 30 45,0
S008,family_balanced_hybrid,hybrid,284,1,283,expanding,3 4 5 18 19 20,2 7 15 24 30 45,0
S001,multi_window_frequency,multi_window_frequency,285,1,284,expanding,3 4 14 24 31 37,13 33 37 40 41 45,1
S002,gap_regime_hazard,gap_time,285,1,284,expanding,5 6 8 10 18 32,13 33 37 40 41 45,0
S003,momentum_state_transition,momentum,285,1,284,expanding,3 4 7 10 15 18,13 33 37 40 41 45,0
S004,conditional_probability,conditional,285,1,284,expanding,2 3 4 6 7 11,13 33 37 40 41 45,0
S005,structure_transition,structure_transition,285,1,284,expanding,8 22 25 31 35 44,13 33 37 40 41 45,0
S006,pair_residual_node,pair_relation_residual,285,1,284,expanding,3 18 19 37 39 40,13 33 37 40 41 45,2
S007,triple_residual_node,triple_relation_residual,285,1,284,expanding,3 5 18 19 37 40,13 33 37 40 41 45,2
S008,family_balanced_hybrid,hybrid,285,1,284,expanding,3 4 5 7 18 39,13 33 37 40 41 45,0
S001,multi_window_frequency,multi_window_frequency,286,1,285,expanding,3 4 14 24 31 37,1 15 19 40 42 44,0
S002,gap_regime_hazard,gap_time,286,1,285,expanding,2 6 8 18 31 38,1 15 19 40 42 44,0
S003,momentum_state_transition,momentum,286,1,285,expanding,3 4 7 10 11 13,1 15 19 40 42 44,0
S004,conditional_probability,conditional,286,1,285,expanding,2 3 4 6 37 41,1 15 19 40 42 44,0
S005,structure_transition,structure_transition,286,1,285,expanding,4 9 15 38 42 44,1 15 19 40 42 44,3
S006,pair_residual_node,pair_relation_residual,286,1,285,expanding,3 5 18 19 37 40,1 15 19 40 42 44,2
S007,triple_residual_node,triple_relation_residual,286,1,285,expanding,3 5 18 19 37 40,1 15 19 40 42 44,2
S008,family_balanced_hybrid,hybrid,286,1,285,expanding,3 4 7 18 24 37,1 15 19 40 42 44,0
S001,multi_window_frequency,multi_window_frequency,287,1,286,expanding,3 24 31 36 37 40,6 12 24 27 35 37,2
S002,gap_regime_hazard,gap_time,287,1,286,expanding,2 7 13 24 30 33,6 12 24 27 35 37,1
S003,momentum_state_transition,momentum,287,1,286,expanding,7 10 13 15 18 20,6 12 24 27 35 37,0
S004,conditional_probability,conditional,287,1,286,expanding,1 2 3 6 7 37,6 12 24 27 35 37,2
S005,structure_transition,structure_transition,287,1,286,expanding,2 8 25 29 32 37,6 12 24 27 35 37,1
S006,pair_residual_node,pair_relation_residual,287,1,286,expanding,3 18 19 37 39 40,6 12 24 27 35 37,1
S007,triple_residual_node,triple_relation_residual,287,1,286,expanding,3 18 19 37 39 40,6 12 24 27 35 37,1
S008,family_balanced_hybrid,hybrid,287,1,286,expanding,3 7 18 24 36 37,6 12 24 27 35 37,2
S001,multi_window_frequency,multi_window_frequency,288,1,287,expanding,3 24 31 36 37 40,1 12 17 28 35 41,0
S002,gap_regime_hazard,gap_time,288,1,287,expanding,1 13 15 33 41 45,1 12 17 28 35 41,2
S003,momentum_state_transition,momentum,288,1,287,expanding,10 12 13 15 18 20,1 12 17 28 35 41,1
S004,conditional_probability,conditional,288,1,287,expanding,1 2 3 7 10 37,1 12 17 28 35 41,1
S005,structure_transition,structure_transition,288,1,287,expanding,5 18 22 24 29 45,1 12 17 28 35 41,0
S006,pair_residual_node,pair_relation_residual,288,1,287,expanding,3 5 18 19 37 40,1 12 17 28 35 41,0
S007,triple_residual_node,triple_relation_residual,288,1,287,expanding,3 5 18 19 37 40,1 12 17 28 35 41,0
S008,family_balanced_hybrid,hybrid,288,1,287,expanding,3 18 20 36 37 40,1 12 17 28 35 41,0
S001,multi_window_frequency,multi_window_frequency,289,1,288,expanding,1 24 31 36 37 40,3 14 33 37 38 42,1
S002,gap_regime_hazard,gap_time,289,1,288,expanding,6 15 19 40 42 44,3 14 33 37 38 42,1
S003,momentum_state_transition,momentum,289,1,288,expanding,10 12 13 15 18 20,3 14 33 37 38 42,0
S004,conditional_probability,conditional,289,1,288,expanding,2 7 10 12 15 37,3 14 33 37 38 42,1
S005,structure_transition,structure_transition,289,1,288,expanding,1 4 27 29 31 40,3 14 33 37 38 42,0
S006,pair_residual_node,pair_relation_residual,289,1,288,expanding,3 5 18 19 37 40,3 14 33 37 38 42,2
S007,triple_residual_node,triple_relation_residual,289,1,288,expanding,3 5 18 19 37 40,3 14 33 37 38 42,2
S008,family_balanced_hybrid,hybrid,289,1,288,expanding,3 12 18 36 37 40,3 14 33 37 38 42,2
S001,multi_window_frequency,multi_window_frequency,290,1,289,expanding,3 14 24 31 37 40,8 13 18 32 39 45,0
S002,gap_regime_hazard,gap_time,290,1,289,expanding,1 6 12 17 24 27,8 13 18 32 39 45,0
S003,momentum_state_transition,momentum,290,1,289,expanding,2 16 17 18 20 21,8 13 18 32 39 45,1
S004,conditional_probability,conditional,290,1,289,expanding,2 3 10 12 14 37,8 13 18 32 39 45,0
S005,structure_transition,structure_transition,290,1,289,expanding,10 15 18 25 39 42,8 13 18 32 39 45,2
S006,pair_residual_node,pair_relation_residual,290,1,289,expanding,3 5 18 19 37 40,8 13 18 32 39 45,1
S007,triple_residual_node,triple_relation_residual,290,1,289,expanding,3 5 18 19 37 40,8 13 18 32 39 45,1
S008,family_balanced_hybrid,hybrid,290,1,289,expanding,3 5 12 18 31 37,8 13 18 32 39 45,1
S001,multi_window_frequency,multi_window_frequency,291,1,290,expanding,3 24 31 37 40 45,3 7 8 18 20 42,1
S002,gap_regime_hazard,gap_time,291,1,290,expanding,1 12 17 28 35 41,3 7 8 18 20 42,0
S003,momentum_state_transition,momentum,291,1,290,expanding,3 8 10 13 15 18,3 7 8 18 20 42,3
S004,conditional_probability,conditional,291,1,290,expanding,2 3 8 12 13 45,3 7 8 18 20 42,2
S005,structure_transition,structure_transition,291,1,290,expanding,1 5 22 29 32 36,3 7 8 18 20 42,0
S006,pair_residual_node,pair_relation_residual,291,1,290,expanding,3 18 19 25 37 40,3 7 8 18 20 42,2
S007,triple_residual_node,triple_relation_residual,291,1,290,expanding,3 18 19 25 37 40,3 7 8 18 20 42,2
S008,family_balanced_hybrid,hybrid,291,1,290,expanding,2 3 12 24 37 40,3 7 8 18 20 42,1
S001,multi_window_frequency,multi_window_frequency,292,1,291,expanding,3 18 24 31 37 45,17 18 31 32 33 34,2
S002,gap_regime_hazard,gap_time,292,1,291,expanding,13 14 32 33 37 38,17 18 31 32 33 34,2
S003,momentum_state_transition,momentum,292,1,291,expanding,7 10 13 15 18 33,17 18 31 32 33 34,2
S004,conditional_probability,conditional,292,1,291,expanding,1 2 3 6 18 45,17 18 31 32 33 34,1
S005,structure_transition,structure_transition,292,1,291,expanding,1 8 11 30 32 37,17 18 31 32 33 34,1
S006,pair_residual_node,pair_relation_residual,292,1,291,expanding,3 18 19 25 37 40,17 18 31 32 33 34,1
S007,triple_residual_node,triple_relation_residual,292,1,291,expanding,3 18 19 25 37 40,17 18 31 32 33 34,1
S008,family_balanced_hybrid,hybrid,292,1,291,expanding,3 7 12 18 37 39,17 18 31 32 33 34,1
S001,multi_window_frequency,multi_window_frequency,293,1,292,expanding,3 18 24 31 37 45,1 9 17 21 29 33,0
S002,gap_regime_hazard,gap_time,293,1,292,expanding,3 7 8 13 39 45,1 9 17 21 29 33,0
S003,momentum_state_transition,momentum,293,1,292,expanding,10 13 15 18 33 35,1 9 17 21 29 33,1
S004,conditional_probability,conditional,293,1,292,expanding,1 3 6 7 18 45,1 9 17 21 29 33,1
S005,structure_transition,structure_transition,293,1,292,expanding,1 4 20 25 26 45,1 9 17 21 29 33,1
S006,pair_residual_node,pair_relation_residual,293,1,292,expanding,3 18 25 37 39 40,1 9 17 21 29 33,0
S007,triple_residual_node,triple_relation_residual,293,1,292,expanding,3 18 19 25 37 39,1 9 17 21 29 33,0
S008,family_balanced_hybrid,hybrid,293,1,292,expanding,3 7 18 39 40 45,1 9 17 21 29 33,0
S001,multi_window_frequency,multi_window_frequency,294,1,293,expanding,1 3 18 24 33 37,6 10 17 30 37 38,1
S002,gap_regime_hazard,gap_time,294,1,293,expanding,3 7 8 18 20 42,6 10 17 30 37 38,0
S003,momentum_state_transition,momentum,294,1,293,expanding,10 13 15 17 18 33,6 10 17 30 37 38,2
S004,conditional_probability,conditional,294,1,293,expanding,3 7 8 12 13 33,6 10 17 30 37 38,0
S005,structure_transition,structure_transition,294,1,293,expanding,6 18 23 33 37 40,6 10 17 30 37 38,2
S006,pair_residual_node,pair_relation_residual,294,1,293,expanding,3 18 19 37 39 40,6 10 17 30 37 38,1
S007,triple_residual_node,triple_relation_residual,294,1,293,expanding,3 18 19 37 39 40,6 10 17 30 37 38,1
S008,family_balanced_hybrid,hybrid,294,1,293,expanding,3 7 18 19 24 40,6 10 17 30 37 38,0
S001,multi_window_frequency,multi_window_frequency,295,1,294,expanding,1 3 18 31 33 37,1 4 12 16 18 38,2
S002,gap_regime_hazard,gap_time,295,1,294,expanding,1 9 18 31 32 34,1 4 12 16 18 38,2
S003,momentum_state_transition,momentum,295,1,294,expanding,10 13 15 17 18 33,1 4 12 16 18 38,1
S004,conditional_probability,conditional,295,1,294,expanding,3 6 8 17 33 37,1 4 12 16 18 38,0
S005,structure_transition,structure_transition,295,1,294,expanding,8 12 23 28 31 39,1 4 12 16 18 38,1
S006,pair_residual_node,pair_relation_residual,295,1,294,expanding,3 18 19 37 39 40,1 4 12 16 18 38,1
S007,triple_residual_node,triple_relation_residual,295,1,294,expanding,3 18 19 25 37 39,1 4 12 16 18 38,1
S008,family_balanced_hybrid,hybrid,295,1,294,expanding,3 12 18 19 37 40,1 4 12 16 18 38,2
S001,multi_window_frequency,multi_window_frequency,296,1,295,expanding,1 3 12 18 31 37,3 8 15 27 30 45,1
S002,gap_regime_hazard,gap_time,296,1,295,expanding,6 9 10 21 29 33,3 8 15 27 30 45,0
S003,momentum_state_transition,momentum,296,1,295,expanding,1 6 10 13 15 17,3 8 15 27 30 45,1
S004,conditional_probability,conditional,296,1,295,expanding,1 3 6 8 17 18,3 8 15 27 30 45,2
S005,structure_transition,structure_transition,296,1,295,expanding,2 6 19 21 25 32,3 8 15 27 30 45,0
S006,pair_residual_node,pair_relation_residual,296,1,295,expanding,3 4 18 19 37 39,3 8 15 27 30 45,1
S007,triple_residual_node,triple_relation_residual,296,1,295,expanding,3 4 18 19 37 39,3 8 15 27 30 45,1
S008,family_balanced_hybrid,hybrid,296,1,295,expanding,3 6 17 18 19 37,3 8 15 27 30 45,1
S001,multi_window_frequency,multi_window_frequency,297,1,296,expanding,1 3 8 12 18 37,6 11 19 20 28 32,0
S002,gap_regime_hazard,gap_time,297,1,296,expanding,1 4 6 10 17 37,6 11 19 20 28 32,1
S003,momentum_state_transition,momentum,297,1,296,expanding,1 6 10 13 17 18,6 11 19 20 28 32,1
S004,conditional_probability,conditional,297,1,296,expanding,6 17 18 27 30 32,6 11 19 20 28 32,2
S005,structure_transition,structure_transition,297,1,296,expanding,1 4 27 29 31 40,6 11 19 20 28 32,0
S006,pair_residual_node,pair_relation_residual,297,1,296,expanding,3 18 19 25 37 39,6 11 19 20 28 32,1
S007,triple_residual_node,triple_relation_residual,297,1,296,expanding,3 18 19 25 37 39,6 11 19 20 28 32,1
S008,family_balanced_hybrid,hybrid,297,1,296,expanding,1 6 12 17 18 37,6 11 19 20 28 32,1
S001,multi_window_frequency,multi_window_frequency,298,1,297,expanding,1 3 18 20 31 37,5 9 27 29 37 40,1
S002,gap_regime_hazard,gap_time,298,1,297,expanding,1 4 12 16 18 38,5 9 27 29 37 40,0
S003,momentum_state_transition,momentum,298,1,297,expanding,1 6 10 11 17 18,5 9 27 29 37 40,0
S004,conditional_probability,conditional,298,1,297,expanding,6 12 17 18 20 28,5 9 27 29 37 40,0
S005,structure_transition,structure_transition,298,1,297,expanding,3 7 13 16 20 38,5 9 27 29 37 40,0
S006,pair_residual_node,pair_relation_residual,298,1,297,expanding,3 18 19 25 37 39,5 9 27 29 37 40,1
S007,triple_residual_node,triple_relation_residual,298,1,297,expanding,3 18 19 25 37 39,5 9 27 29 37 40,1
S008,family_balanced_hybrid,hybrid,298,1,297,expanding,1 3 12 17 18 37,5 9 27 29 37 40,1
S001,multi_window_frequency,multi_window_frequency,299,1,298,expanding,1 3 18 27 31 37,1 3 20 25 36 45,2
S002,gap_regime_hazard,gap_time,299,1,298,expanding,3 6 8 15 30 45,1 3 20 25 36 45,2
S003,momentum_state_transition,momentum,299,1,298,expanding,1 6 10 17 18 30,1 3 20 25 36 45,1
S004,conditional_probability,conditional,299,1,298,expanding,1 6 9 18 20 27,1 3 20 25 36 45,2
S005,structure_transition,structure_transition,299,1,298,expanding,8 9 11 20 39 44,1 3 20 25 36 45,1
S006,pair_residual_node,pair_relation_residual,299,1,298,expanding,3 18 19 37 39 40,1 3 20 25 36 45,1
S007,triple_residual_node,triple_relation_residual,299,1,298,expanding,3 18 19 37 39 40,1 3 20 25 36 45,1
S008,family_balanced_hybrid,hybrid,299,1,298,expanding,1 3 6 18 19 20,1 3 20 25 36 45,3
S001,multi_window_frequency,multi_window_frequency,300,1,299,expanding,1 3 18 20 27 37,7 9 10 12 26 38,0
S002,gap_regime_hazard,gap_time,300,1,299,expanding,5 6 11 19 28 32,7 9 10 12 26 38,0
S003,momentum_state_transition,momentum,300,1,299,expanding,1 6 10 17 18 30,7 9 10 12 26 38,1
S004,conditional_probability,conditional,300,1,299,expanding,6 9 18 27 29 30,7 9 10 12 26 38,1
S005,structure_transition,structure_transition,300,1,299,expanding,5 10 23 25 29 38,7 9 10 12 26 38,2
S006,pair_residual_node,pair_relation_residual,300,1,299,expanding,3 18 19 37 39 40,7 9 10 12 26 38,0
S007,triple_residual_node,triple_relation_residual,300,1,299,expanding,3 18 19 37 39 40,7 9 10 12 26 38,0
S008,family_balanced_hybrid,hybrid,300,1,299,expanding,3 6 18 19 27 37,7 9 10 12 26 38,0
S001,multi_window_frequency,multi_window_frequency,301,1,300,expanding,1 3 18 20 27 37,7 11 13 33 37 43,1
S002,gap_regime_hazard,gap_time,301,1,300,expanding,1 5 27 29 37 40,7 11 13 33 37 43,1
S003,momentum_state_transition,momentum,301,1,300,expanding,1 6 17 18 30 32,7 11 13 33 37 43,0
S004,conditional_probability,conditional,301,1,300,expanding,6 7 8 10 12 27,7 11 13 33 37 43,1
S005,structure_transition,structure_transition,301,1,300,expanding,3 11 16 26 37 40,7 11 13 33 37 43,2
S006,pair_residual_node,pair_relation_residual,301,1,300,expanding,3 4 18 19 37 40,7 11 13 33 37 43,1
S007,triple_residual_node,triple_relation_residual,301,1,300,expanding,3 4 18 19 37 40,7 11 13 33 37 43,1
S008,family_balanced_hybrid,hybrid,301,1,300,expanding,1 3 6 17 18 37,7 11 13 33 37 43,1
S001,multi_window_frequency,multi_window_frequency,302,1,301,expanding,1 3 27 31 33 37,13 19 20 32 38 42,0
S002,gap_regime_hazard,gap_time,302,1,301,expanding,1 3 20 25 36 45,13 19 20 32 38 42,1
S003,momentum_state_transition,momentum,302,1,301,expanding,6 13 17 18 30 32,13 19 20 32 38 42,2
S004,conditional_probability,conditional,302,1,301,expanding,3 6 7 10 11 12,13 19 20 32 38 42,0
S005,structure_transition,structure_transition,302,1,301,expanding,5 10 25 28 32 39,13 19 20 32 38 42,1
S006,pair_residual_node,pair_relation_residual,302,1,301,expanding,3 4 18 19 37 40,13 19 20 32 38 42,1
S007,triple_residual_node,triple_relation_residual,302,1,301,expanding,3 4 18 19 37 40,13 19 20 32 38 42,1
S008,family_balanced_hybrid,hybrid,302,1,301,expanding,3 6 12 17 18 20,13 19 20 32 38 42,1
S001,multi_window_frequency,multi_window_frequency,303,1,302,expanding,1 3 19 20 37 38,2 14 17 30 38 45,1
S002,gap_regime_hazard,gap_time,303,1,302,expanding,7 9 10 11 12 26,2 14 17 30 38 45,0
S003,momentum_state_transition,momentum,303,1,302,expanding,6 13 17 18 19 30,2 14 17 30 38 45,2
S004,conditional_probability,conditional,303,1,302,expanding,3 6 7 10 11 38,2 14 17 30 38 45,1
S005,structure_transition,structure_transition,303,1,302,expanding,6 18 23 29 31 36,2 14 17 30 38 45,0
S006,pair_residual_node,pair_relation_residual,303,1,302,expanding,4 18 19 37 39 40,2 14 17 30 38 45,0
S007,triple_residual_node,triple_relation_residual,303,1,302,expanding,4 18 19 37 39 40,2 14 17 30 38 45,0
S008,family_balanced_hybrid,hybrid,303,1,302,expanding,3 7 12 18 19 37,2 14 17 30 38 45,0
S001,multi_window_frequency,multi_window_frequency,304,1,303,expanding,1 3 20 37 38 45,4 10 16 26 33 41,0
S002,gap_regime_hazard,gap_time,304,1,303,expanding,7 11 13 33 37 43,4 10 16 26 33 41,1
S003,momentum_state_transition,momentum,304,1,303,expanding,1 6 13 17 19 30,4 10 16 26 33 41,0
S004,conditional_probability,conditional,304,1,303,expanding,1 3 6 7 9 38,4 10 16 26 33 41,0
S005,structure_transition,structure_transition,304,1,303,expanding,5 10 25 28 32 39,4 10 16 26 33 41,1
S006,pair_residual_node,pair_relation_residual,304,1,303,expanding,4 18 19 37 39 40,4 10 16 26 33 41,1
S007,triple_residual_node,triple_relation_residual,304,1,303,expanding,4 18 19 37 39 40,4 10 16 26 33 41,1
S008,family_balanced_hybrid,hybrid,304,1,303,expanding,1 3 6 7 19 37,4 10 16 26 33 41,0
S001,multi_window_frequency,multi_window_frequency,305,1,304,expanding,1 3 20 37 38 45,7 8 18 21 23 39,0
S002,gap_regime_hazard,gap_time,305,1,304,expanding,2 13 19 20 32 42,7 8 18 21 23 39,0
S003,momentum_state_transition,momentum,305,1,304,expanding,1 6 13 17 19 27,7 8 18 21 23 39,0
S004,conditional_probability,conditional,305,1,304,expanding,1 3 4 7 9 38,7 8 18 21 23 39,1
S005,structure_transition,structure_transition,305,1,304,expanding,2 8 15 33 36 43,7 8 18 21 23 39,1
S006,pair_residual_node,pair_relation_residual,305,1,304,expanding,4 18 19 37 39 40,7 8 18 21 23 39,2
S007,triple_residual_node,triple_relation_residual,305,1,304,expanding,4 18 19 37 39 40,7 8 18 21 23 39,2
S008,family_balanced_hybrid,hybrid,305,1,304,expanding,3 4 7 17 19 37,7 8 18 21 23 39,1
S001,multi_window_frequency,multi_window_frequency,306,1,305,expanding,3 7 20 37 38 45,4 18 23 30 34 41,0
S002,gap_regime_hazard,gap_time,306,1,305,expanding,2 14 17 30 38 45,4 18 23 30 34 41,1
S003,momentum_state_transition,momentum,306,1,305,expanding,1 6 17 19 27 30,4 18 23 30 34 41,1
S004,conditional_probability,conditional,306,1,305,expanding,3 8 9 10 11 13,4 18 23 30 34 41,0
S005,structure_transition,structure_transition,306,1,305,expanding,4 16 21 31 35 37,4 18 23 30 34 41,1
S006,pair_residual_node,pair_relation_residual,306,1,305,expanding,4 18 19 37 39 40,4 18 23 30 34 41,2
S007,triple_residual_node,triple_relation_residual,306,1,305,expanding,4 18 19 37 39 40,4 18 23 30 34 41,2
S008,family_balanced_hybrid,hybrid,306,1,305,expanding,3 4 10 17 19 37,4 18 23 30 34 41,1
S001,multi_window_frequency,multi_window_frequency,307,1,306,expanding,4 7 18 20 37 38,5 15 21 23 25 45,0
S002,gap_regime_hazard,gap_time,307,1,306,expanding,7 8 10 16 26 33,5 15 21 23 25 45,0
S003,momentum_state_transition,momentum,307,1,306,expanding,4 6 17 27 30 32,5 15 21 23 25 45,0
S004,conditional_probability,conditional,307,1,306,expanding,4 9 10 11 13 18,5 15 21 23 25 45,0
S005,structure_transition,structure_transition,307,1,306,expanding,6 7 10 23 38 43,5 15 21 23 25 45,1
S006,pair_residual_node,pair_relation_residual,307,1,306,expanding,4 18 19 37 39 40,5 15 21 23 25 45,0
S007,triple_residual_node,triple_relation_residual,307,1,306,expanding,4 18 19 37 39 40,5 15 21 23 25 45,0
S008,family_balanced_hybrid,hybrid,307,1,306,expanding,3 4 7 10 18 37,5 15 21 23 25 45,0
S001,multi_window_frequency,multi_window_frequency,308,1,307,expanding,4 7 18 37 38 45,14 15 17 19 37 45,2
S002,gap_regime_hazard,gap_time,308,1,307,expanding,4 7 8 18 30 39,14 15 17 19 37 45,0
S003,momentum_state_transition,momentum,308,1,307,expanding,4 17 21 23 30 32,14 15 17 19 37 45,1
S004,conditional_probability,conditional,308,1,307,expanding,4 5 9 10 13 18,14 15 17 19 37 45,0
S005,structure_transition,structure_transition,308,1,307,expanding,3 8 27 30 36 38,14 15 17 19 37 45,0
S006,pair_residual_node,pair_relation_residual,308,1,307,expanding,4 18 19 37 39 40,14 15 17 19 37 45,2
S007,triple_residual_node,triple_relation_residual,308,1,307,expanding,4 18 19 37 39 40,14 15 17 19 37 45,2
S008,family_balanced_hybrid,hybrid,308,1,307,expanding,3 4 7 10 18 37,14 15 17 19 37 45,1
S001,multi_window_frequency,multi_window_frequency,309,1,308,expanding,4 7 18 37 38 45,1 2 5 11 18 36,1
S002,gap_regime_hazard,gap_time,309,1,308,expanding,4 5 18 30 34 41,1 2 5 11 18 36,2
S003,momentum_state_transition,momentum,309,1,308,expanding,4 17 19 21 23 30,1 2 5 11 18 36,0
S004,conditional_probability,conditional,309,1,308,expanding,4 10 13 14 15 45,1 2 5 11 18 36,0
S005,structure_transition,structure_transition,309,1,308,expanding,2 8 25 29 32 37,1 2 5 11 18 36,1
S006,pair_residual_node,pair_relation_residual,309,1,308,expanding,4 18 19 25 37 40,1 2 5 11 18 36,1
S007,triple_residual_node,triple_relation_residual,309,1,308,expanding,4 18 19 25 37 40,1 2 5 11 18 36,1
S008,family_balanced_hybrid,hybrid,309,1,308,expanding,4 18 19 21 25 37,1 2 5 11 18 36,1
S001,multi_window_frequency,multi_window_frequency,310,1,309,expanding,4 7 18 37 38 45,1 5 19 28 34 41,0
S002,gap_regime_hazard,gap_time,310,1,309,expanding,14 15 17 21 23 25,1 5 19 28 34 41,0
S003,momentum_state_transition,momentum,310,1,309,expanding,4 5 11 17 18 19,1 5 19 28 34 41,2
S004,conditional_probability,conditional,310,1,309,expanding,2 4 5 10 11 13,1 5 19 28 34 41,1
S005,structure_transition,structure_transition,310,1,309,expanding,2 4 14 29 33 35,1 5 19 28 34 41,0
S006,pair_residual_node,pair_relation_residual,310,1,309,expanding,4 18 19 25 37 40,1 5 19 28 34 41,1
S007,triple_residual_node,triple_relation_residual,310,1,309,expanding,4 18 19 25 37 40,1 5 19 28 34 41,1
S008,family_balanced_hybrid,hybrid,310,1,309,expanding,3 4 5 17 19 37,1 5 19 28 34 41,2
S001,multi_window_frequency,multi_window_frequency,311,1,310,expanding,1 5 18 19 37 45,4 12 24 27 28 32,0
S002,gap_regime_hazard,gap_time,311,1,310,expanding,2 14 15 17 37 45,4 12 24 27 28 32,0
S003,momentum_state_transition,momentum,311,1,310,expanding,4 5 9 11 17 19,4 12 24 27 28 32,1
S004,conditional_probability,conditional,311,1,310,expanding,1 2 4 7 11 13,4 12 24 27 28 32,1
S005,structure_transition,structure_transition,311,1,310,expanding,1 6 13 33 37 42,4 12 24 27 28 32,0
S006,pair_residual_node,pair_relation_residual,311,1,310,expanding,3 4 18 19 37 40,4 12 24 27 28 32,1
S007,triple_residual_node,triple_relation_residual,311,1,310,expanding,3 4 18 19 37 40,4 12 24 27 28 32,1
S008,family_balanced_hybrid,hybrid,311,1,310,expanding,3 4 11 17 18 37,4 12 24 27 28 32,1
S001,multi_window_frequency,multi_window_frequency,312,1,311,expanding,4 5 18 19 37 45,2 3 5 6 12 20,1
S002,gap_regime_hazard,gap_time,312,1,311,expanding,1 2 5 11 18 36,2 3 5 6 12 20,2
S003,momentum_state_transition,momentum,312,1,311,expanding,4 5 9 11 17 19,2 3 5 6 12 20,1
S004,conditional_probability,conditional,312,1,311,expanding,1 2 14 15 17 21,2 3 5 6 12 20,1
S005,structure_transition,structure_transition,312,1,311,expanding,7 16 18 29 33 38,2 3 5 6 12 20,0
S006,pair_residual_node,pair_relation_residual,312,1,311,expanding,4 18 19 25 37 40,2 3 5 6 12 20,0
S007,triple_residual_node,triple_relation_residual,312,1,311,expanding,4 18 19 25 37 40,2 3 5 6 12 20,0
S008,family_balanced_hybrid,hybrid,312,1,311,expanding,2 3 4 5 18 19,2 3 5 6 12 20,3
S001,multi_window_frequency,multi_window_frequency,313,1,312,expanding,1 4 5 18 37 45,9 17 34 35 43 45,1
S002,gap_regime_hazard,gap_time,313,1,312,expanding,1 4 19 24 34 41,9 17 34 35 43 45,1
S003,momentum_state_transition,momentum,313,1,312,expanding,2 4 5 9 11 17,9 17 34 35 43 45,2
S004,conditional_probability,conditional,313,1,312,expanding,1 5 12 14 15 17,9 17 34 35 43 45,1
S005,structure_transition,structure_transition,313,1,312,expanding,7 17 24 26 30 35,9 17 34 35 43 45,2
S006,pair_residual_node,pair_relation_residual,313,1,312,expanding,3 4 18 19 37 40,9 17 34 35 43 45,0
S007,triple_residual_node,triple_relation_residual,313,1,312,expanding,3 4 18 19 37 40,9 17 34 35 43 45,0
S008,family_balanced_hybrid,hybrid,313,1,312,expanding,4 5 17 19 27 34,9 17 34 35 43 45,2
S001,multi_window_frequency,multi_window_frequency,314,1,313,expanding,1 4 5 18 37 45,15 17 19 34 38 41,0
S002,gap_regime_hazard,gap_time,314,1,313,expanding,2 4 24 27 28 32,15 17 19 34 38 41,0
S003,momentum_state_transition,momentum,314,1,313,expanding,2 4 5 9 11 19,15 17 19 34 38 41,1
S004,conditional_probability,conditional,314,1,313,expanding,1 2 5 12 15 17,15 17 19 34 38 41,2
S005,structure_transition,structure_transition,314,1,313,expanding,4 17 20 25 39 44,15 17 19 34 38 41,1
S006,pair_residual_node,pair_relation_residual,314,1,313,expanding,3 4 18 19 37 40,15 17 19 34 38 41,1
S007,triple_residual_node,triple_relation_residual,314,1,313,expanding,3 4 18 19 37 40,15 17 19 34 38 41,1
S008,family_balanced_hybrid,hybrid,314,1,313,expanding,2 3 4 5 12 19,15 17 19 34 38 41,1
S001,multi_window_frequency,multi_window_frequency,315,1,314,expanding,5 17 18 19 37 45,1 13 33 35 43 45,1
S002,gap_regime_hazard,gap_time,315,1,314,expanding,2 3 5 6 12 20,1 13 33 35 43 45,0
S003,momentum_state_transition,momentum,315,1,314,expanding,2 4 5 9 11 19,1 13 33 35 43 45,0
S004,conditional_probability,conditional,315,1,314,expanding,1 2 4 5 12 34,1 13 33 35 43 45,1
S005,structure_transition,structure_transition,315,1,314,expanding,1 17 20 25 37 42,1 13 33 35 43 45,1
S006,pair_residual_node,pair_relation_residual,315,1,314,expanding,3 4 18 19 37 40,1 13 33 35 43 45,0
S007,triple_residual_node,triple_relation_residual,315,1,314,expanding,3 4 18 19 37 40,1 13 33 35 43 45,0
S008,family_balanced_hybrid,hybrid,315,1,314,expanding,2 3 4 5 12 37,1 13 33 35 43 45,0
S001,multi_window_frequency,multi_window_frequency,316,1,315,expanding,1 5 17 19 37 45,10 11 21 27 31 39,0
S002,gap_regime_hazard,gap_time,316,1,315,expanding,9 15 17 19 34 38,10 11 21 27 31 39,0
S003,momentum_state_transition,momentum,316,1,315,expanding,2 5 9 11 19 20,10 11 21 27 31 39,1
S004,conditional_probability,conditional,316,1,315,expanding,2 4 5 12 34 45,10 11 21 27 31 39,0
S005,structure_transition,structure_transition,316,1,315,expanding,4 17 20 25 39 44,10 11 21 27 31 39,1
S006,pair_residual_node,pair_relation_residual,316,1,315,expanding,3 4 18 19 37 40,10 11 21 27 31 39,0
S007,triple_residual_node,triple_relation_residual,316,1,315,expanding,4 18 19 25 37 40,10 11 21 27 31 39,0
S008,family_balanced_hybrid,hybrid,316,1,315,expanding,4 5 18 19 34 40,10 11 21 27 31 39,0
S001,multi_window_frequency,multi_window_frequency,317,1,316,expanding,1 5 17 19 37 45,3 10 11 22 36 39,0
S002,gap_regime_hazard,gap_time,317,1,316,expanding,15 17 19 34 38 41,3 10 11 22 36 39,0
S003,momentum_state_transition,momentum,317,1,316,expanding,2 4 5 9 11 19,3 10 11 22 36 39,1
S004,conditional_probability,conditional,317,1,316,expanding,2 5 11 12 21 45,3 10 11 22 36 39,1
S005,structure_transition,structure_transition,317,1,316,expanding,9 20 25 27 30 36,3 10 11 22 36 39,1
S006,pair_residual_node,pair_relation_residual,317,1,316,expanding,4 18 19 25 37 40,3 10 11 22 36 39,0
S007,triple_residual_node,triple_relation_residual,317,1,316,expanding,4 18 19 25 37 40,3 10 11 22 36 39,0
S008,family_balanced_hybrid,hybrid,317,1,316,expanding,4 5 19 27 34 43,3 10 11 22 36 39,0
S001,multi_window_frequency,multi_window_frequency,318,1,317,expanding,1 5 17 19 37 45,2 17 19 20 34 45,3
S002,gap_regime_hazard,gap_time,318,1,317,expanding,1 13 33 35 43 45,2 17 19 20 34 45,1
S003,momentum_state_transition,momentum,318,1,317,expanding,2 4 5 9 13 19,2 17 19 20 34 45,2
S004,conditional_probability,conditional,318,1,317,expanding,2 3 10 12 15 27,2 17 19 20 34 45,1
S005,structure_transition,structure_transition,318,1,317,expanding,8 13 25 28 34 37,2 17 19 20 34 45,1
S006,pair_residual_node,pair_relation_residual,318,1,317,expanding,4 18 19 37 39 40,2 17 19 20 34 45,1
S007,triple_residual_node,triple_relation_residual,318,1,317,expanding,4 18 19 37 39 40,2 17 19 20 34 45,1
S008,family_balanced_hybrid,hybrid,318,1,317,expanding,4 5 19 27 39 43,2 17 19 20 34 45,1
S001,multi_window_frequency,multi_window_frequency,319,1,318,expanding,1 5 17 19 34 45,5 8 22 28 33 42,1
S002,gap_regime_hazard,gap_time,319,1,318,expanding,3 10 11 21 27 31,5 8 22 28 33 42,0
S003,momentum_state_transition,momentum,319,1,318,expanding,2 4 5 11 13 19,5 8 22 28 33 42,1
S004,conditional_probability,conditional,319,1,318,expanding,3 10 12 20 27 34,5 8 22 28 33 42,0
S005,structure_transition,structure_transition,319,1,318,expanding,7 17 24 26 30 35,5 8 22 28 33 42,0
S006,pair_residual_node,pair_relation_residual,319,1,318,expanding,4 18 19 37 39 40,5 8 22 28 33 42,0
S007,triple_residual_node,triple_relation_residual,319,1,318,expanding,4 18 19 37 39 40,5 8 22 28 33 42,0
S008,family_balanced_hybrid,hybrid,319,1,318,expanding,3 4 10 27 36 39,5 8 22 28 33 42,0
S001,multi_window_frequency,multi_window_frequency,320,1,319,expanding,1 5 17 19 34 45,16 19 23 25 41 45,2
S002,gap_regime_hazard,gap_time,320,1,319,expanding,2 3 10 11 36 39,16 19 23 25 41 45,0
S003,momentum_state_transition,momentum,320,1,319,expanding,2 4 5 7 11 13,16 19 23 25 41 45,0
S004,conditional_probability,conditional,320,1,319,expanding,1 2 3 10 11 34,16 19 23 25 41 45,0
S005,structure_transition,structure_transition,320,1,319,expanding,8 11 23 25 26 45,16 19 23 25 41 45,3
S006,pair_residual_node,pair_relation_residual,320,1,319,expanding,4 18 19 37 39 40,16 19 23 25 41 45,1
S007,triple_residual_node,triple_relation_residual,320,1,319,expanding,4 18 19 37 39 40,16 19 23 25 41 45,1
S008,family_balanced_hybrid,hybrid,320,1,319,expanding,3 4 11 19 34 39,16 19 23 25 41 45,1
S001,multi_window_frequency,multi_window_frequency,321,1,320,expanding,3 5 17 19 34 45,12 18 20 21 25 34,1
S002,gap_regime_hazard,gap_time,321,1,320,expanding,2 5 8 17 20 34,12 18 20 21 25 34,2
S003,momentum_state_transition,momentum,321,1,320,expanding,2 4 5 11 13 19,12 18 20 21 25 34,0
S004,conditional_probability,conditional,321,1,320,expanding,2 3 5 10 11 45,12 18 20 21 25 34,0
S005,structure_transition,structure_transition,321,1,320,expanding,1 4 6 31 40 45,12 18 20 21 25 34,0
S006,pair_residual_node,pair_relation_residual,321,1,320,expanding,3 18 19 37 39 40,12 18 20 21 25 34,1
S007,triple_residual_node,triple_relation_residual,321,1,320,expanding,4 18 19 37 39 40,12 18 20 21 25 34,1
S008,family_balanced_hybrid,hybrid,321,1,320,expanding,2 3 4 5 19 37,12 18 20 21 25 34,0
S001,multi_window_frequency,multi_window_frequency,322,1,321,expanding,5 17 19 20 34 45,9 18 29 32 38 43,0
S002,gap_regime_hazard,gap_time,322,1,321,expanding,5 8 22 28 33 42,9 18 29 32 38 43,0
S003,momentum_state_transition,momentum,322,1,321,expanding,2 4 5 11 19 21,9 18 29 32 38 43,0
S004,conditional_probability,conditional,322,1,321,expanding,2 3 5 10 34 45,9 18 29 32 38 43,0
S005,structure_transition,structure_transition,322,1,321,expanding,7 17 24 26 30 35,9 18 29 32 38 43,0
S006,pair_residual_node,pair_relation_residual,322,1,321,expanding,3 18 19 37 39 40,9 18 29 32 38 43,1
S007,triple_residual_node,triple_relation_residual,322,1,321,expanding,3 18 19 37 39 40,9 18 29 32 38 43,1
S008,family_balanced_hybrid,hybrid,322,1,321,expanding,3 4 5 19 37 39,9 18 29 32 38 43,0
S001,multi_window_frequency,multi_window_frequency,323,1,322,expanding,5 17 18 19 34 45,10 14 15 32 36 42,0
S002,gap_regime_hazard,gap_time,323,1,322,expanding,12 16 19 23 41 45,10 14 15 32 36 42,0
S003,momentum_state_transition,momentum,323,1,322,expanding,2 4 5 10 11 21,10 14 15 32 36 42,1
S004,conditional_probability,conditional,323,1,322,expanding,9 10 11 18 34 45,10 14 15 32 36 42,1
S005,structure_transition,structure_transition,323,1,322,expanding,11 16 20 31 35 42,10 14 15 32 36 42,1
S006,pair_residual_node,pair_relation_residual,323,1,322,expanding,3 18 19 37 39 40,10 14 15 32 36 42,0
S007,triple_residual_node,triple_relation_residual,323,1,322,expanding,3 18 19 37 39 40,10 14 15 32 36 42,0
S008,family_balanced_hybrid,hybrid,323,1,322,expanding,4 10 19 25 34 37,10 14 15 32 36 42,1
S001,multi_window_frequency,multi_window_frequency,324,1,323,expanding,5 18 19 34 38 45,2 4 21 25 33 36,0
S002,gap_regime_hazard,gap_time,324,1,323,expanding,9 12 20 21 25 34,2 4 21 25 33 36,2
S003,momentum_state_transition,momentum,324,1,323,expanding,2 4 5 10 11 21,2 4 21 25 33 36,3
S004,conditional_probability,conditional,324,1,323,expanding,11 15 17 18 20 21,2 4 21 25 33 36,1
S005,structure_transition,structure_transition,324,1,323,expanding,2 8 25 29 32 37,2 4 21 25 33 36,2
S006,pair_residual_node,pair_relation_residual,324,1,323,expanding,4 18 19 37 39 40,2 4 21 25 33 36,1
S007,triple_residual_node,triple_relation_residual,324,1,323,expanding,4 18 19 37 39 40,2 4 21 25 33 36,1
S008,family_balanced_hybrid,hybrid,324,1,323,expanding,4 18 25 34 39 43,2 4 21 25 33 36,2
S001,multi_window_frequency,multi_window_frequency,325,1,324,expanding,5 18 19 34 36 45,7 17 20 32 44 45,1
S002,gap_regime_hazard,gap_time,325,1,324,expanding,9 10 18 29 38 43,7 17 20 32 44 45,0
S003,momentum_state_transition,momentum,325,1,324,expanding,2 4 5 11 15 21,7 17 20 32 44 45,0
S004,conditional_probability,conditional,325,1,324,expanding,2 11 18 19 20 22,7 17 20 32 44 45,1
S005,structure_transition,structure_transition,325,1,324,expanding,16 19 20 24 31 39,7 17 20 32 44 45,1
S006,pair_residual_node,pair_relation_residual,325,1,324,expanding,3 18 19 37 39 40,7 17 20 32 44 45,0
S007,triple_residual_node,triple_relation_residual,325,1,324,expanding,3 18 19 37 39 40,7 17 20 32 44 45,0
S008,family_balanced_hybrid,hybrid,325,1,324,expanding,5 18 19 37 39 43,7 17 20 32 44 45,0
S001,multi_window_frequency,multi_window_frequency,326,1,325,expanding,17 19 20 34 36 45,16 23 25 33 36 39,1
S002,gap_regime_hazard,gap_time,326,1,325,expanding,2 4 10 14 15 42,16 23 25 33 36 39,0
S003,momentum_state_transition,momentum,326,1,325,expanding,2 4 5 11 15 21,16 23 25 33 36 39,0
S004,conditional_probability,conditional,326,1,325,expanding,2 11 17 18 19 22,16 23 25 33 36 39,0
S005,structure_transition,structure_transition,326,1,325,expanding,6 18 23 29 31 36,16 23 25 33 36 39,2
S006,pair_residual_node,pair_relation_residual,326,1,325,expanding,4 18 19 37 39 40,16 23 25 33 36 39,1
S007,triple_residual_node,triple_relation_residual,326,1,325,expanding,4 18 19 37 39 40,16 23 25 33 36 39,1
S008,family_balanced_hybrid,hybrid,326,1,325,expanding,4 10 18 19 25 36,16 23 25 33 36 39,2
S001,multi_window_frequency,multi_window_frequency,327,1,326,expanding,19 20 25 33 36 45,6 12 13 17 32 44,0
S002,gap_regime_hazard,gap_time,327,1,326,expanding,2 4 7 17 20 21,6 12 13 17 32 44,1
S003,momentum_state_transition,momentum,327,1,326,expanding,2 5 11 15 19 21,6 12 13 17 32 44,0
S004,conditional_probability,conditional,327,1,326,expanding,2 10 16 17 25 36,6 12 13 17 32 44,1
S005,structure_transition,structure_transition,327,1,326,expanding,4 16 21 31 35 37,6 12 13 17 32 44,0
S006,pair_residual_node,pair_relation_residual,327,1,326,expanding,3 18 19 37 39 40,6 12 13 17 32 44,0
S007,triple_residual_node,triple_relation_residual,327,1,326,expanding,3 18 19 37 39 40,6 12 13 17 32 44,0
S008,family_balanced_hybrid,hybrid,327,1,326,expanding,5 17 18 19 25 36,6 12 13 17 32 44,1
S001,multi_window_frequency,multi_window_frequency,328,1,327,expanding,17 19 20 32 36 45,1 6 9 16 17 28,1
S002,gap_regime_hazard,gap_time,328,1,327,expanding,7 16 20 23 25 45,1 6 9 16 17 28,1
S003,momentum_state_transition,momentum,328,1,327,expanding,2 5 11 15 19 25,1 6 9 16 17 28,0
S004,conditional_probability,conditional,328,1,327,expanding,2 12 16 18 25 32,1 6 9 16 17 28,1
S005,structure_transition,structure_transition,328,1,327,expanding,6 8 23 25 34 45,1 6 9 16 17 28,1
S006,pair_residual_node,pair_relation_residual,328,1,327,expanding,3 18 19 37 39 40,1 6 9 16 17 28,0
S007,triple_residual_node,triple_relation_residual,328,1,327,expanding,3 18 19 37 39 40,1 6 9 16 17 28,0
S008,family_balanced_hybrid,hybrid,328,1,327,expanding,5 18 19 25 36 39,1 6 9 16 17 28,0
S001,multi_window_frequency,multi_window_frequency,329,1,328,expanding,17 19 32 33 36 45,9 17 19 30 35 42,2
S002,gap_regime_hazard,gap_time,329,1,328,expanding,12 23 25 33 36 39,9 17 19 30 35 42,0
S003,momentum_state_transition,momentum,329,1,328,expanding,2 5 6 11 12 16,9 17 19 30 35 42,0
S004,conditional_probability,conditional,329,1,328,expanding,6 9 12 18 25 32,9 17 19 30 35 42,1
S005,structure_transition,structure_transition,329,1,328,expanding,1 14 19 32 34 37,9 17 19 30 35 42,1
S006,pair_residual_node,pair_relation_residual,329,1,328,expanding,3 18 19 37 39 40,9 17 19 30 35 42,1
S007,triple_residual_node,triple_relation_residual,329,1,328,expanding,3 18 19 37 39 40,9 17 19 30 35 42,1
S008,family_balanced_hybrid,hybrid,329,1,328,expanding,3 12 18 25 36 39,9 17 19 30 35 42,0
S001,multi_window_frequency,multi_window_frequency,330,1,329,expanding,17 18 19 32 36 45,3 4 16 17 19 20,2
S002,gap_regime_hazard,gap_time,330,1,329,expanding,1 6 12 13 32 44,3 4 16 17 19 20,0
S003,momentum_state_transition,momentum,330,1,329,expanding,2 6 12 16 25 28,3 4 16 17 19 20,1
S004,conditional_probability,conditional,330,1,329,expanding,6 12 17 18 25 32,3 4 16 17 19 20,1
S005,structure_transition,structure_transition,330,1,329,expanding,3 8 27 30 36 38,3 4 16 17 19 20,1
S006,pair_residual_node,pair_relation_residual,330,1,329,expanding,3 18 19 37 39 40,3 4 16 17 19 20,2
S007,triple_residual_node,triple_relation_residual,330,1,329,expanding,3 18 19 37 39 40,3 4 16 17 19 20,2
S008,family_balanced_hybrid,hybrid,330,1,329,expanding,6 12 17 18 19 25,3 4 16 17 19 20,2
S001,multi_window_frequency,multi_window_frequency,331,1,330,expanding,17 19 20 32 36 45,4 9 14 26 31 44,0
S002,gap_regime_hazard,gap_time,331,1,330,expanding,1 6 9 28 30 35,4 9 14 26 31 44,1
S003,momentum_state_transition,momentum,331,1,330,expanding,2 6 12 16 25 28,4 9 14 26 31 44,0
S004,conditional_probability,conditional,331,1,330,expanding,4 6 12 17 18 32,4 9 14 26 31 44,1
S005,structure_transition,structure_transition,331,1,330,expanding,5 14 30 35 38 43,4 9 14 26 31 44,1
S006,pair_residual_node,pair_relation_residual,331,1,330,expanding,3 18 19 37 39 40,4 9 14 26 31 44,0
S007,triple_residual_node,triple_relation_residual,331,1,330,expanding,3 18 19 37 39 40,4 9 14 26 31 44,0
S008,family_balanced_hybrid,hybrid,331,1,330,expanding,6 12 18 19 36 42,4 9 14 26 31 44,0
S001,multi_window_frequency,multi_window_frequency,332,1,331,expanding,4 17 19 32 36 45,16 17 34 36 42 45,3
S002,gap_regime_hazard,gap_time,332,1,331,expanding,3 16 17 30 35 42,16 17 34 36 42 45,3
S003,momentum_state_transition,momentum,332,1,331,expanding,2 3 6 16 25 35,16 17 34 36 42 45,1
S004,conditional_probability,conditional,332,1,331,expanding,6 9 14 17 19 32,16 17 34 36 42 45,1
S005,structure_transition,structure_transition,332,1,331,expanding,10 18 25 27 28 33,16 17 34 36 42 45,0
S006,pair_residual_node,pair_relation_residual,332,1,331,expanding,3 18 19 37 39 40,16 17 34 36 42 45,0
S007,triple_residual_node,triple_relation_residual,332,1,331,expanding,3 4 18 19 37 39,16 17 34 36 42 45,0
S008,family_balanced_hybrid,hybrid,332,1,331,expanding,3 17 19 25 36 42,16 17 34 36 42 45,3
S001,multi_window_frequency,multi_window_frequency,333,1,332,expanding,4 16 17 19 36 45,5 14 27 30 39 43,0
S002,gap_regime_hazard,gap_time,333,1,332,expanding,3 4 9 14 19 20,5 14 27 30 39 43,1
S003,momentum_state_transition,momentum,333,1,332,expanding,16 25 34 35 36 39,5 14 27 30 39 43,1
S004,conditional_probability,conditional,333,1,332,expanding,6 14 16 19 20 36,5 14 27 30 39 43,1
S005,structure_transition,structure_transition,333,1,332,expanding,4 17 21 26 39 44,5 14 27 30 39 43,1
S006,pair_residual_node,pair_relation_residual,333,1,332,expanding,3 18 19 37 39 40,5 14 27 30 39 43,1
S007,triple_residual_node,triple_relation_residual,333,1,332,expanding,3 4 18 19 37 39,5 14 27 30 39 43,1
S008,family_balanced_hybrid,hybrid,333,1,332,expanding,3 4 14 19 25 36,5 14 27 30 39 43,1
S001,multi_window_frequency,multi_window_frequency,334,1,333,expanding,4 16 17 19 36 45,13 15 21 29 39 43,0
S002,gap_regime_hazard,gap_time,334,1,333,expanding,4 9 16 26 31 44,13 15 21 29 39 43,0
S003,momentum_state_transition,momentum,334,1,333,expanding,14 16 21 25 33 36,13 15 21 29 39 43,1
S004,conditional_probability,conditional,334,1,333,expanding,6 14 16 19 20 25,13 15 21 29 39 43,0
S005,structure_transition,structure_transition,334,1,333,expanding,2 7 15 29 34 39,13 15 21 29 39 43,3
S006,pair_residual_node,pair_relation_residual,334,1,333,expanding,3 4 18 19 37 39,13 15 21 29 39 43,1
S007,triple_residual_node,triple_relation_residual,334,1,333,expanding,3 4 18 19 37 39,13 15 21 29 39 43,1
S008,family_balanced_hybrid,hybrid,334,1,333,expanding,4 19 25 36 39 42,13 15 21 29 39 43,1
S001,multi_window_frequency,multi_window_frequency,335,1,334,expanding,17 19 34 36 39 45,5 9 16 23 26 45,1
S002,gap_regime_hazard,gap_time,335,1,334,expanding,16 17 34 36 42 45,5 9 16 23 26 45,2
S003,momentum_state_transition,momentum,335,1,334,expanding,10 13 14 16 21 25,5 9 16 23 26 45,1
S004,conditional_probability,conditional,335,1,334,expanding,4 6 13 14 16 19,5 9 16 23 26 45,1
S005,structure_transition,structure_transition,335,1,334,expanding,5 9 11 26 37 39,5 9 16 23 26 45,3
S006,pair_residual_node,pair_relation_residual,335,1,334,expanding,3 18 19 37 39 43,5 9 16 23 26 45,0
S007,triple_residual_node,triple_relation_residual,335,1,334,expanding,3 18 19 37 39 43,5 9 16 23 26 45,0
S008,family_balanced_hybrid,hybrid,335,1,334,expanding,4 10 14 19 36 42,5 9 16 23 26 45,0
S001,multi_window_frequency,multi_window_frequency,336,1,335,expanding,16 17 19 36 39 45,3 5 20 34 35 44,0
S002,gap_regime_hazard,gap_time,336,1,335,expanding,13 14 15 21 27 30,3 5 20 34 35 44,0
S003,momentum_state_transition,momentum,336,1,335,expanding,10 14 16 21 25 36,3 5 20 34 35 44,0
S004,conditional_probability,conditional,336,1,335,expanding,4 5 6 9 16 17,3 5 20 34 35 44,1
S005,structure_transition,structure_transition,336,1,335,expanding,9 21 24 35 40 41,3 5 20 34 35 44,1
S006,pair_residual_node,pair_relation_residual,336,1,335,expanding,3 18 19 37 39 43,3 5 20 34 35 44,1
S007,triple_residual_node,triple_relation_residual,336,1,335,expanding,3 18 19 37 39 43,3 5 20 34 35 44,1
S008,family_balanced_hybrid,hybrid,336,1,335,expanding,4 14 17 19 39 43,3 5 20 34 35 44,0
S001,multi_window_frequency,multi_window_frequency,337,1,336,expanding,5 16 17 19 34 45,1 5 14 18 32 37,1
S002,gap_regime_hazard,gap_time,337,1,336,expanding,13 15 21 29 39 43,1 5 14 18 32 37,0
S003,momentum_state_transition,momentum,337,1,336,expanding,3 14 16 25 36 39,1 5 14 18 32 37,1
S004,conditional_probability,conditional,337,1,336,expanding,3 4 6 9 16 17,1 5 14 18 32 37,0
S005,structure_transition,structure_transition,337,1,336,expanding,13 21 26 29 36 38,1 5 14 18 32 37,0
S006,pair_residual_node,pair_relation_residual,337,1,336,expanding,3 18 19 37 39 43,1 5 14 18 32 37,2
S007,triple_residual_node,triple_relation_residual,337,1,336,expanding,3 18 19 37 39 43,1 5 14 18 32 37,2
S008,family_balanced_hybrid,hybrid,337,1,336,expanding,3 4 9 19 39 43,1 5 14 18 32 37,0
S001,multi_window_frequency,multi_window_frequency,338,1,337,expanding,5 16 17 19 34 45,2 13 34 38 42 45,2
S002,gap_regime_hazard,gap_time,338,1,337,expanding,3 9 16 23 26 45,2 13 34 38 42 45,1
S003,momentum_state_transition,momentum,338,1,337,expanding,14 16 25 32 42 44,2 13 34 38 42 45,1
S004,conditional_probability,conditional,338,1,337,expanding,1 3 5 9 16 17,2 13 34 38 42 45,0
S005,structure_transition,structure_transition,338,1,337,expanding,3 4 15 19 22 44,2 13 34 38 42 45,0
S006,pair_residual_node,pair_relation_residual,338,1,337,expanding,3 18 19 37 39 43,2 13 34 38 42 45,0
S007,triple_residual_node,triple_relation_residual,338,1,337,expanding,3 18 19 37 39 43,2 13 34 38 42 45,0
S008,family_balanced_hybrid,hybrid,338,1,337,expanding,3 4 5 9 16 19,2 13 34 38 42 45,0
S001,multi_window_frequency,multi_window_frequency,339,1,338,expanding,5 17 19 20 34 45,6 8 14 21 30 37,0
S002,gap_regime_hazard,gap_time,339,1,338,expanding,1 3 5 20 35 44,6 8 14 21 30 37,0
S003,momentum_state_transition,momentum,339,1,338,expanding,9 14 16 25 32 42,6 8 14 21 30 37,1
S004,conditional_probability,conditional,339,1,338,expanding,3 4 5 13 19 20,6 8 14 21 30 37,0
S005,structure_transition,structure_transition,339,1,338,expanding,10 15 18 25 39 42,6 8 14 21 30 37,0
S006,pair_residual_node,pair_relation_residual,339,1,338,expanding,3 18 19 37 39 43,6 8 14 21 30 37,1
S007,triple_residual_node,triple_relation_residual,339,1,338,expanding,3 18 19 37 39 43,6 8 14 21 30 37,1
S008,family_balanced_hybrid,hybrid,339,1,338,expanding,3 4 5 18 19 44,6 8 14 21 30 37,0
S001,multi_window_frequency,multi_window_frequency,340,1,339,expanding,5 14 17 19 34 45,18 24 26 29 34 38,1
S002,gap_regime_hazard,gap_time,340,1,339,expanding,1 2 5 13 18 32,18 24 26 29 34 38,1
S003,momentum_state_transition,momentum,340,1,339,expanding,6 9 14 16 25 30,18 24 26 29 34 38,0
S004,conditional_probability,conditional,340,1,339,expanding,3 4 5 9 13 14,18 24 26 29 34 38,0
S005,structure_transition,structure_transition,340,1,339,expanding,2 20 22 35 37 39,18 24 26 29 34 38,0
S006,pair_residual_node,pair_relation_residual,340,1,339,expanding,3 18 19 37 39 43,18 24 26 29 34 38,1
S007,triple_residual_node,triple_relation_residual,340,1,339,expanding,3 18 19 37 39 43,18 24 26 29 34 38,1
S008,family_balanced_hybrid,hybrid,340,1,339,expanding,3 4 5 18 37 42,18 24 26 29 34 38,1
S001,multi_window_frequency,multi_window_frequency,341,1,340,expanding,5 14 17 18 34 45,1 8 19 34 39 43,1
S002,gap_regime_hazard,gap_time,341,1,340,expanding,2 6 8 13 42 45,1 8 19 34 39 43,1
S003,momentum_state_transition,momentum,341,1,340,expanding,6 9 14 16 25 26,1 8 19 34 39 43,0
S004,conditional_probability,conditional,341,1,340,expanding,5 9 13 14 16 34,1 8 19 34 39 43,1
S005,structure_transition,structure_transition,341,1,340,expanding,8 16 19 25 29 42,1 8 19 34 39 43,2
S006,pair_residual_node,pair_relation_residual,341,1,340,expanding,3 18 19 37 39 43,1 8 19 34 39 43,3
S007,triple_residual_node,triple_relation_residual,341,1,340,expanding,3 18 19 37 39 43,1 8 19 34 39 43,3
S008,family_balanced_hybrid,hybrid,341,1,340,expanding,5 14 18 37 39 42,1 8 19 34 39 43,1
S001,multi_window_frequency,multi_window_frequency,342,1,341,expanding,5 17 19 34 39 45,1 13 14 33 34 43,1
S002,gap_regime_hazard,gap_time,342,1,341,expanding,6 14 18 21 30 37,1 13 14 33 34 43,1
S003,momentum_state_transition,momentum,342,1,341,expanding,6 9 13 14 16 26,1 13 14 33 34 43,2
S004,conditional_probability,conditional,342,1,341,expanding,1 5 8 13 16 34,1 13 14 33 34 43,3
S005,structure_transition,structure_transition,342,1,341,expanding,4 5 20 25 28 42,1 13 14 33 34 43,0
S006,pair_residual_node,pair_relation_residual,342,1,341,expanding,3 18 19 37 39 40,1 13 14 33 34 43,0
S007,triple_residual_node,triple_relation_residual,342,1,341,expanding,3 18 19 37 39 40,1 13 14 33 34 43,0
S008,family_balanced_hybrid,hybrid,342,1,341,expanding,5 14 18 26 29 37,1 13 14 33 34 43,1
S001,multi_window_frequency,multi_window_frequency,343,1,342,expanding,1 5 14 34 39 45,1 10 17 29 31 43,1
S002,gap_regime_hazard,gap_time,343,1,342,expanding,8 18 24 26 29 38,1 10 17 29 31 43,1
S003,momentum_state_transition,momentum,343,1,342,expanding,6 9 13 14 16 26,1 10 17 29 31 43,0
S004,conditional_probability,conditional,343,1,342,expanding,5 8 14 18 34 43,1 10 17 29 31 43,1
S005,structure_transition,structure_transition,343,1,342,expanding,3 8 27 30 36 38,1 10 17 29 31 43,0
S006,pair_residual_node,pair_relation_residual,343,1,342,expanding,3 10 18 19 37 39,1 10 17 29 31 43,1
S007,triple_residual_node,triple_relation_residual,343,1,342,expanding,3 10 18 19 37 39,1 10 17 29 31 43,1
S008,family_balanced_hybrid,hybrid,343,1,342,expanding,3 18 19 29 37 39,1 10 17 29 31 43,1
S001,multi_window_frequency,multi_window_frequency,344,1,343,expanding,1 14 17 34 43 45,1 2 15 28 34 45,3
S002,gap_regime_hazard,gap_time,344,1,343,expanding,8 13 14 19 33 39,1 2 15 28 34 45,0
S003,momentum_state_transition,momentum,344,1,343,expanding,6 9 13 14 16 26,1 2 15 28 34 45,0
S004,conditional_probability,conditional,344,1,343,expanding,1 8 18 21 34 43,1 2 15 28 34 45,2
S005,structure_transition,structure_transition,344,1,343,expanding,1 6 16 35 37 42,1 2 15 28 34 45,1
S006,pair_residual_node,pair_relation_residual,344,1,343,expanding,3 10 18 19 37 39,1 2 15 28 34 45,0
S007,triple_residual_node,triple_relation_residual,344,1,343,expanding,3 10 18 19 37 39,1 2 15 28 34 45,0
S008,family_balanced_hybrid,hybrid,344,1,343,expanding,3 14 19 34 37 39,1 2 15 28 34 45,1
S001,multi_window_frequency,multi_window_frequency,345,1,344,expanding,1 5 14 17 34 45,15 20 23 29 39 42,0
S002,gap_regime_hazard,gap_time,345,1,344,expanding,10 13 14 17 29 33,15 20 23 29 39 42,1
S003,momentum_state_transition,momentum,345,1,344,expanding,6 9 13 14 16 26,15 20 23 29 39 42,0
S004,conditional_probability,conditional,345,1,344,expanding,1 2 8 13 18 26,15 20 23 29 39 42,0
S005,structure_transition,structure_transition,345,1,344,expanding,3 14 18 23 25 40,15 20 23 29 39 42,1
S006,pair_residual_node,pair_relation_residual,345,1,344,expanding,3 10 18 19 37 39,15 20 23 29 39 42,1
S007,triple_residual_node,triple_relation_residual,345,1,344,expanding,3 10 18 19 37 39,15 20 23 29 39 42,1
S008,family_balanced_hybrid,hybrid,345,1,344,expanding,3 14 18 29 37 43,15 20 23 29 39 42,1
S001,multi_window_frequency,multi_window_frequency,346,1,345,expanding,1 14 17 34 39 45,5 13 14 22 44 45,2
S002,gap_regime_hazard,gap_time,346,1,345,expanding,1 2 10 17 31 43,5 13 14 22 44 45,0
S003,momentum_state_transition,momentum,346,1,345,expanding,6 9 13 14 16 26,5 13 14 22 44 45,2
S004,conditional_probability,conditional,346,1,345,expanding,1 2 5 8 13 15,5 13 14 22 44 45,2
S005,structure_transition,structure_transition,346,1,345,expanding,6 8 16 30 33 37,5 13 14 22 44 45,0
S006,pair_residual_node,pair_relation_residual,346,1,345,expanding,3 10 18 19 37 39,5 13 14 22 44 45,0
S007,triple_residual_node,triple_relation_residual,346,1,345,expanding,3 10 18 19 37 39,5 13 14 22 44 45,0
S008,family_balanced_hybrid,hybrid,346,1,345,expanding,1 3 5 37 39 43,5 13 14 22 44 45,1
S001,multi_window_frequency,multi_window_frequency,347,1,346,expanding,1 5 14 17 34 45,3 8 13 27 32 42,0
S002,gap_regime_hazard,gap_time,347,1,346,expanding,1 2 15 20 28 34,3 8 13 27 32 42,0
S003,momentum_state_transition,momentum,347,1,346,expanding,6 9 13 14 16 26,3 8 13 27 32 42,1
S004,conditional_probability,conditional,347,1,346,expanding,1 2 5 8 14 34,3 8 13 27 32 42,1
S005,structure_transition,structure_transition,347,1,346,expanding,5 10 25 28 32 39,3 8 13 27 32 42,1
S006,pair_residual_node,pair_relation_residual,347,1,346,expanding,3 10 18 19 37 39,3 8 13 27 32 42,1
S007,triple_residual_node,triple_relation_residual,347,1,346,expanding,3 4 18 19 37 39,3 8 13 27 32 42,1
S008,family_balanced_hybrid,hybrid,347,1,346,expanding,1 3 29 37 39 42,3 8 13 27 32 42,2
S001,multi_window_frequency,multi_window_frequency,348,1,347,expanding,1 14 17 34 42 45,3 14 17 20 24 31,2
S002,gap_regime_hazard,gap_time,348,1,347,expanding,5 15 20 23 29 39,3 14 17 20 24 31,1
S003,momentum_state_transition,momentum,348,1,347,expanding,3 8 9 13 14 16,3 14 17 20 24 31,2
S004,conditional_probability,conditional,348,1,347,expanding,1 2 13 15 34 38,3 14 17 20 24 31,0
S005,structure_transition,structure_transition,348,1,347,expanding,2 4 14 33 37 41,3 14 17 20 24 31,1
S006,pair_residual_node,pair_relation_residual,348,1,347,expanding,3 10 18 19 37 39,3 14 17 20 24 31,1
S007,triple_residual_node,triple_relation_residual,348,1,347,expanding,3 4 18 19 37 39,3 14 17 20 24 31,1
S008,family_balanced_hybrid,hybrid,348,1,347,expanding,3 4 14 29 39 42,3 14 17 20 24 31,2
S001,multi_window_frequency,multi_window_frequency,349,1,348,expanding,1 14 17 20 34 45,5 13 14 20 24 25,2
S002,gap_regime_hazard,gap_time,349,1,348,expanding,5 8 13 22 44 45,5 13 14 20 24 25,2
S003,momentum_state_transition,momentum,349,1,348,expanding,3 8 13 14 15 26,5 13 14 20 24 25,2
S004,conditional_probability,conditional,349,1,348,expanding,1 3 14 15 17 34,5 13 14 20 24 25,1
S005,structure_transition,structure_transition,349,1,348,expanding,2 8 25 29 32 37,5 13 14 20 24 25,1
S006,pair_residual_node,pair_relation_residual,349,1,348,expanding,3 10 18 19 37 39,5 13 14 20 24 25,0
S007,triple_residual_node,triple_relation_residual,349,1,348,expanding,3 4 18 19 37 39,5 13 14 20 24 25,0
S008,family_balanced_hybrid,hybrid,349,1,348,expanding,3 4 5 7 39 42,5 13 14 20 24 25,1
S001,multi_window_frequency,multi_window_frequency,350,1,349,expanding,1 14 17 20 34 45,1 8 18 24 29 33,1
S002,gap_regime_hazard,gap_time,350,1,349,expanding,3 8 17 27 32 42,1 8 18 24 29 33,1
S003,momentum_state_transition,momentum,350,1,349,expanding,3 8 13 14 15 24,1 8 18 24 29 33,2
S004,conditional_probability,conditional,350,1,349,expanding,1 3 5 13 14 34,1 8 18 24 29 33,1
S005,structure_transition,structure_transition,350,1,349,expanding,1 11 33 38 42 44,1 8 18 24 29 33,2
S006,pair_residual_node,pair_relation_residual,350,1,349,expanding,3 4 10 18 37 39,1 8 18 24 29 33,1
S007,triple_residual_node,triple_relation_residual,350,1,349,expanding,3 4 10 18 37 39,1 8 18 24 29 33,1
S008,family_balanced_hybrid,hybrid,350,1,349,expanding,3 4 17 18 39 42,1 8 18 24 29 33,1
S001,multi_window_frequency,multi_window_frequency,351,1,350,expanding,1 14 17 20 34 45,5 25 27 29 34 36,1
S002,gap_regime_hazard,gap_time,351,1,350,expanding,3 5 13 14 17 31,5 25 27 29 34 36,1
S003,momentum_state_transition,momentum,351,1,350,expanding,1 5 8 13 14 15,5 25 27 29 34 36,1
S004,conditional_probability,conditional,351,1,350,expanding,1 3 5 13 14 15,5 25 27 29 34 36,1
S005,structure_transition,structure_transition,351,1,350,expanding,2 20 22 35 37 39,5 25 27 29 34 36,0
S006,pair_residual_node,pair_relation_residual,351,1,350,expanding,3 4 18 19 37 39,5 25 27 29 34 36,0
S007,triple_residual_node,triple_relation_residual,351,1,350,expanding,3 4 18 19 37 39,5 25 27 29 34 36,0
S008,family_balanced_hybrid,hybrid,351,1,350,expanding,3 5 13 14 17 39,5 25 27 29 34 36,1
S001,multi_window_frequency,multi_window_frequency,352,1,351,expanding,1 5 14 17 34 45,5 16 17 20 26 41,2
S002,gap_regime_hazard,gap_time,352,1,351,expanding,1 8 13 14 18 20,5 16 17 20 26 41,1
S003,momentum_state_transition,momentum,352,1,351,expanding,1 5 8 13 14 15,5 16 17 20 26 41,1
S004,conditional_probability,conditional,352,1,351,expanding,1 3 8 13 14 29,5 16 17 20 26 41,0
S005,structure_transition,structure_transition,352,1,351,expanding,12 16 22 39 40 43,5 16 17 20 26 41,1
S006,pair_residual_node,pair_relation_residual,352,1,351,expanding,3 4 18 19 37 39,5 16 17 20 26 41,0
S007,triple_residual_node,triple_relation_residual,352,1,351,expanding,3 4 18 19 37 39,5 16 17 20 26 41,0
S008,family_balanced_hybrid,hybrid,352,1,351,expanding,1 3 13 14 18 24,5 16 17 20 26 41,0
S001,multi_window_frequency,multi_window_frequency,353,1,352,expanding,1 5 14 17 20 34,11 16 19 22 29 36,0
S002,gap_regime_hazard,gap_time,353,1,352,expanding,1 8 18 24 25 33,11 16 19 22 29 36,0
S003,momentum_state_transition,momentum,353,1,352,expanding,1 3 5 8 13 14,11 16 19 22 29 36,0
S004,conditional_probability,conditional,353,1,352,expanding,3 5 8 15 20 29,11 16 19 22 29 36,1
S005,structure_transition,structure_transition,353,1,352,expanding,4 13 22 33 36 41,11 16 19 22 29 36,2
S006,pair_residual_node,pair_relation_residual,353,1,352,expanding,3 10 18 19 37 39,11 16 19 22 29 36,1
S007,triple_residual_node,triple_relation_residual,353,1,352,expanding,3 10 18 19 37 39,11 16 19 22 29 36,1
S008,family_balanced_hybrid,hybrid,353,1,352,expanding,1 3 5 18 24 29,11 16 19 22 29 36,1
S001,multi_window_frequency,multi_window_frequency,354,1,353,expanding,5 14 17 20 34 45,14 19 36 43 44 45,2
S002,gap_regime_hazard,gap_time,354,1,353,expanding,5 17 20 25 27 34,14 19 36 43 44 45,0
S003,momentum_state_transition,momentum,354,1,353,expanding,1 3 5 8 13 15,14 19 36 43 44 45,0
S004,conditional_probability,conditional,354,1,353,expanding,1 3 5 8 20 29,14 19 36 43 44 45,0
S005,structure_transition,structure_transition,354,1,353,expanding,5 14 30 35 38 43,14 19 36 43 44 45,2
S006,pair_residual_node,pair_relation_residual,354,1,353,expanding,3 18 19 36 37 39,14 19 36 43 44 45,2
S007,triple_residual_node,triple_relation_residual,354,1,353,expanding,3 18 19 36 37 39,14 19 36 43 44 45,2
S008,family_balanced_hybrid,hybrid,354,1,353,expanding,3 5 17 27 29 37,14 19 36 43 44 45,0
S001,multi_window_frequency,multi_window_frequency,355,1,354,expanding,5 14 17 20 34 45,5 8 29 30 35 44,1
S002,gap_regime_hazard,gap_time,355,1,354,expanding,5 11 17 20 26 41,5 8 29 30 35 44,1
S003,momentum_state_transition,momentum,355,1,354,expanding,1 3 5 8 18 24,5 8 29 30 35 44,2
S004,conditional_probability,conditional,355,1,354,expanding,3 5 8 14 20 29,5 8 29 30 35 44,3
S005,structure_transition,structure_transition,355,1,354,expanding,4 17 21 26 39 44,5 8 29 30 35 44,1
S006,pair_residual_node,pair_relation_residual,355,1,354,expanding,3 18 19 36 37 39,5 8 29 30 35 44,0
S007,triple_residual_node,triple_relation_residual,355,1,354,expanding,3 18 19 36 37 39,5 8 29 30 35 44,0
S008,family_balanced_hybrid,hybrid,355,1,354,expanding,3 5 17 24 29 37,5 8 29 30 35 44,2
S001,multi_window_frequency,multi_window_frequency,356,1,355,expanding,5 14 17 29 34 45,2 8 14 25 29 45,3
S002,gap_regime_hazard,gap_time,356,1,355,expanding,11 14 16 19 22 36,2 8 14 25 29 45,1
S003,momentum_state_transition,momentum,356,1,355,expanding,1 3 8 13 18 24,2 8 14 25 29 45,1
S004,conditional_probability,conditional,356,1,355,expanding,3 5 14 16 17 29,2 8 14 25 29 45,2
S005,structure_transition,structure_transition,356,1,355,expanding,2 18 21 23 30 41,2 8 14 25 29 45,1
S006,pair_residual_node,pair_relation_residual,356,1,355,expanding,3 18 19 29 37 39,2 8 14 25 29 45,1
S007,triple_residual_node,triple_relation_residual,356,1,355,expanding,4 18 19 29 37 39,2 8 14 25 29 45,1
S008,family_balanced_hybrid,hybrid,356,1,355,expanding,3 5 14 19 29 36,2 8 14 25 29 45,2
S001,multi_window_frequency,multi_window_frequency,357,1,356,expanding,5 14 17 29 34 45,10 14 18 21 36 37,1
S002,gap_regime_hazard,gap_time,357,1,356,expanding,5 19 30 35 36 43,10 14 18 21 36 37,1
S003,momentum_state_transition,momentum,357,1,356,expanding,1 2 8 13 18 24,10 14 18 21 36 37,1
S004,conditional_probability,conditional,357,1,356,expanding,3 5 8 13 14 29,10 14 18 21 36 37,1
S005,structure_transition,structure_transition,357,1,356,expanding,6 10 14 33 37 43,10 14 18 21 36 37,3
S006,pair_residual_node,pair_relation_residual,357,1,356,expanding,4 18 19 37 39 40,10 14 18 21 36 37,2
S007,triple_residual_node,triple_relation_residual,357,1,356,expanding,4 18 19 29 37 39,10 14 18 21 36 37,2
S008,family_balanced_hybrid,hybrid,357,1,356,expanding,5 18 19 29 36 37,10 14 18 21 36 37,3
S001,multi_window_frequency,multi_window_frequency,358,1,357,expanding,5 14 29 34 36 45,1 9 10 12 21 40,0
S002,gap_regime_hazard,gap_time,358,1,357,expanding,2 5 8 30 35 44,1 9 10 12 21 40,0
S003,momentum_state_transition,momentum,358,1,357,expanding,1 2 8 13 24 29,1 9 10 12 21 40,1
S004,conditional_probability,conditional,358,1,357,expanding,5 14 16 17 29 36,1 9 10 12 21 40,0
S005,structure_transition,structure_transition,358,1,357,expanding,8 12 23 28 31 39,1 9 10 12 21 40,1
S006,pair_residual_node,pair_relation_residual,358,1,357,expanding,3 4 18 19 37 39,1 9 10 12 21 40,0
S007,triple_residual_node,triple_relation_residual,358,1,357,expanding,4 18 19 29 37 39,1 9 10 12 21 40,0
S008,family_balanced_hybrid,hybrid,358,1,357,expanding,3 5 17 19 24 29,1 9 10 12 21 40,0
S001,multi_window_frequency,multi_window_frequency,359,1,358,expanding,1 5 14 29 36 45,1 10 19 20 24 40,1
S002,gap_regime_hazard,gap_time,359,1,358,expanding,2 8 14 25 29 45,1 10 19 20 24 40,0
S003,momentum_state_transition,momentum,359,1,358,expanding,1 2 8 10 24 29,1 10 19 20 24 40,3
S004,conditional_probability,conditional,359,1,358,expanding,1 5 10 14 29 36,1 10 19 20 24 40,2
S005,structure_transition,structure_transition,359,1,358,expanding,7 12 17 25 36 38,1 10 19 20 24 40,0
S006,pair_residual_node,pair_relation_residual,359,1,358,expanding,3 18 19 37 39 40,1 10 19 20 24 40,2
S007,triple_residual_node,triple_relation_residual,359,1,358,expanding,4 18 19 37 39 40,1 10 19 20 24 40,2
S008,family_balanced_hybrid,hybrid,359,1,358,expanding,3 5 18 24 29 36,1 10 19 20 24 40,1
S001,multi_window_frequency,multi_window_frequency,360,1,359,expanding,1 5 14 29 36 45,4 16 23 25 35 40,0
S002,gap_regime_hazard,gap_time,360,1,359,expanding,9 12 14 18 36 37,4 16 23 25 35 40,0
S003,momentum_state_transition,momentum,360,1,359,expanding,1 2 8 10 24 29,4 16 23 25 35 40,0
S004,conditional_probability,conditional,360,1,359,expanding,16 18 20 21 29 36,4 16 23 25 35 40,1
S005,structure_transition,structure_transition,360,1,359,expanding,3 13 21 25 30 32,4 16 23 25 35 40,1
S006,pair_residual_node,pair_relation_residual,360,1,359,expanding,4 18 19 37 39 40,4 16 23 25 35 40,2
S007,triple_residual_node,triple_relation_residual,360,1,359,expanding,4 18 19 37 39 40,4 16 23 25 35 40,2
S008,family_balanced_hybrid,hybrid,360,1,359,expanding,3 14 18 29 36 37,4 16 23 25 35 40,0
S001,multi_window_frequency,multi_window_frequency,361,1,360,expanding,1 5 14 29 36 45,5 10 16 24 27 35,1
S002,gap_regime_hazard,gap_time,361,1,360,expanding,1 9 10 12 19 21,5 10 16 24 27 35,1
S003,momentum_state_transition,momentum,361,1,360,expanding,1 8 10 19 24 40,5 10 16 24 27 35,2
S004,conditional_probability,conditional,361,1,360,expanding,1 8 20 21 29 36,5 10 16 24 27 35,0
S005,structure_transition,structure_transition,361,1,360,expanding,5 18 22 24 29 45,5 10 16 24 27 35,2
S006,pair_residual_node,pair_relation_residual,361,1,360,expanding,4 18 19 37 39 40,5 10 16 24 27 35,0
S007,triple_residual_node,triple_relation_residual,361,1,360,expanding,4 18 19 37 39 40,5 10 16 24 27 35,0
S008,family_balanced_hybrid,hybrid,361,1,360,expanding,1 3 5 10 19 29,5 10 16 24 27 35,2
S001,multi_window_frequency,multi_window_frequency,362,1,361,expanding,1 5 14 29 36 45,2 3 22 27 30 40,0
S002,gap_regime_hazard,gap_time,362,1,361,expanding,1 4 19 20 23 25,2 3 22 27 30 40,0
S003,momentum_state_transition,momentum,362,1,361,expanding,8 10 24 25 27 35,2 3 22 27 30 40,1
S004,conditional_probability,conditional,362,1,361,expanding,1 8 10 16 20 21,2 3 22 27 30 40,0
S005,structure_transition,structure_transition,362,1,361,expanding,2 20 22 35 37 39,2 3 22 27 30 40,2
S006,pair_residual_node,pair_relation_residual,362,1,361,expanding,4 18 19 37 39 40,2 3 22 27 30 40,1
S007,triple_residual_node,triple_relation_residual,362,1,361,expanding,4 18 19 37 39 40,2 3 22 27 30 40,1
S008,family_balanced_hybrid,hybrid,362,1,361,expanding,1 3 10 19 25 40,2 3 22 27 30 40,2
S001,multi_window_frequency,multi_window_frequency,363,1,362,expanding,1 5 14 29 36 45,11 12 14 21 32 38,1
S002,gap_regime_hazard,gap_time,363,1,362,expanding,4 5 10 16 23 25,11 12 14 21 32 38,0
S003,momentum_state_transition,momentum,363,1,362,expanding,2 3 8 10 22 24,11 12 14 21 32 38,0
S004,conditional_probability,conditional,363,1,362,expanding,1 2 5 8 10 40,11 12 14 21 32 38,0
S005,structure_transition,structure_transition,363,1,362,expanding,1 4 11 32 36 39,11 12 14 21 32 38,2
S006,pair_residual_node,pair_relation_residual,363,1,362,expanding,4 18 19 37 39 40,11 12 14 21 32 38,0
S007,triple_residual_node,triple_relation_residual,363,1,362,expanding,4 18 19 37 39 40,11 12 14 21 32 38,0
S008,family_balanced_hybrid,hybrid,363,1,362,expanding,5 10 24 25 29 40,11 12 14 21 32 38,0
S001,multi_window_frequency,multi_window_frequency,364,1,363,expanding,1 5 10 14 34 45,2 5 7 14 16 40,2
S002,gap_regime_hazard,gap_time,364,1,363,expanding,2 5 10 16 24 35,2 5 7 14 16 40,3
S003,momentum_state_transition,momentum,364,1,363,expanding,2 3 8 10 22 24,2 5 7 14 16 40,1
S004,conditional_probability,conditional,364,1,363,expanding,1 2 5 10 14 40,2 5 7 14 16 40,4
S005,structure_transition,structure_transition,364,1,363,expanding,15 22 25 31 36 40,2 5 7 14 16 40,1
S006,pair_residual_node,pair_relation_residual,364,1,363,expanding,4 18 19 37 39 40,2 5 7 14 16 40,1
S007,triple_residual_node,triple_relation_residual,364,1,363,expanding,4 18 19 37 39 40,2 5 7 14 16 40,1
S008,family_balanced_hybrid,hybrid,364,1,363,expanding,3 5 10 24 27 40,2 5 7 14 16 40,2
S001,multi_window_frequency,multi_window_frequency,365,1,364,expanding,1 5 10 14 34 45,5 15 21 25 26 30,1
S002,gap_regime_hazard,gap_time,365,1,364,expanding,3 11 12 22 27 30,5 15 21 25 26 30,1
S003,momentum_state_transition,momentum,365,1,364,expanding,2 3 8 10 21 22,5 15 21 25 26 30,1
S004,conditional_probability,conditional,365,1,364,expanding,1 8 10 12 14 40,5 15 21 25 26 30,0
S005,structure_transition,structure_transition,365,1,364,expanding,4 8 15 29 33 44,5 15 21 25 26 30,1
S006,pair_residual_node,pair_relation_residual,365,1,364,expanding,5 18 19 37 39 40,5 15 21 25 26 30,1
S007,triple_residual_node,triple_relation_residual,365,1,364,expanding,5 18 19 37 39 40,5 15 21 25 26 30,1
S008,family_balanced_hybrid,hybrid,365,1,364,expanding,3 10 12 18 27 40,5 15 21 25 26 30,0
S001,multi_window_frequency,multi_window_frequency,366,1,365,expanding,1 5 10 14 34 45,5 12 19 26 27 44,1
S002,gap_regime_hazard,gap_time,366,1,365,expanding,2 7 11 12 32 38,5 12 19 26 27 44,1
S003,momentum_state_transition,momentum,366,1,365,expanding,2 3 8 10 21 22,5 12 19 26 27 44,0
S004,conditional_probability,conditional,366,1,365,expanding,1 10 12 14 21 40,5 12 19 26 27 44,1
S005,structure_transition,structure_transition,366,1,365,expanding,1 6 13 33 37 42,5 12 19 26 27 44,0
S006,pair_residual_node,pair_relation_residual,366,1,365,expanding,5 18 19 37 39 40,5 12 19 26 27 44,2
S007,triple_residual_node,triple_relation_residual,366,1,365,expanding,5 18 19 37 39 40,5 12 19 26 27 44,2
S008,family_balanced_hybrid,hybrid,366,1,365,expanding,3 10 12 14 18 40,5 12 19 26 27 44,1
S001,multi_window_frequency,multi_window_frequency,367,1,366,expanding,1 5 10 14 19 45,3 22 25 29 32 44,0
S002,gap_regime_hazard,gap_time,367,1,366,expanding,2 7 14 15 16 40,3 22 25 29 32 44,0
S003,momentum_state_transition,momentum,367,1,366,expanding,2 3 8 10 12 21,3 22 25 29 32 44,1
S004,conditional_probability,conditional,367,1,366,expanding,1 2 5 10 21 40,3 22 25 29 32 44,0
S005,structure_transition,structure_transition,367,1,366,expanding,5 18 22 24 29 45,3 22 25 29 32 44,2
S006,pair_residual_node,pair_relation_residual,367,1,366,expanding,5 18 19 37 39 40,3 22 25 29 32 44,0
S007,triple_residual_node,triple_relation_residual,367,1,366,expanding,5 18 19 37 39 40,3 22 25 29 32 44,0
S008,family_balanced_hybrid,hybrid,367,1,366,expanding,5 10 14 21 25 40,3 22 25 29 32 44,1
S001,multi_window_frequency,multi_window_frequency,368,1,367,expanding,1 5 14 19 29 45,11 21 24 30 39 45,1
S002,gap_regime_hazard,gap_time,368,1,367,expanding,5 12 15 19 21 30,11 21 24 30 39 45,2
S003,momentum_state_transition,momentum,368,1,367,expanding,2 10 12 21 22 24,11 21 24 30 39 45,2
S004,conditional_probability,conditional,368,1,367,expanding,1 2 3 5 14 40,11 21 24 30 39 45,0
S005,structure_transition,structure_transition,368,1,367,expanding,1 4 6 31 40 45,11 21 24 30 39 45,1
S006,pair_residual_node,pair_relation_residual,368,1,367,expanding,3 18 19 37 39 40,11 21 24 30 39 45,1
S007,triple_residual_node,triple_relation_residual,368,1,367,expanding,3 18 19 37 39 40,11 21 24 30 39 45,1
S008,family_balanced_hybrid,hybrid,368,1,367,expanding,5 10 12 19 27 40,11 21 24 30 39 45,0
S001,multi_window_frequency,multi_window_frequency,369,1,368,expanding,1 5 14 19 24 45,17 20 35 36 41 43,0
S002,gap_regime_hazard,gap_time,369,1,368,expanding,3 5 12 19 26 27,17 20 35 36 41 43,0
S003,momentum_state_transition,momentum,369,1,368,expanding,2 10 11 12 21 22,17 20 35 36 41 43,0
S004,conditional_probability,conditional,369,1,368,expanding,2 3 5 10 11 40,17 20 35 36 41 43,0
S005,structure_transition,structure_transition,369,1,368,expanding,3 18 22 26 42 45,17 20 35 36 41 43,0
S006,pair_residual_node,pair_relation_residual,369,1,368,expanding,3 18 19 37 39 40,17 20 35 36 41 43,0
S007,triple_residual_node,triple_relation_residual,369,1,368,expanding,3 18 19 37 39 40,17 20 35 36 41 43,0
S008,family_balanced_hybrid,hybrid,369,1,368,expanding,3 5 12 19 25 27,17 20 35 36 41 43,0
S001,multi_window_frequency,multi_window_frequency,370,1,369,expanding,1 5 14 20 29 45,16 18 24 42 44 45,1
S002,gap_regime_hazard,gap_time,370,1,369,expanding,3 22 25 29 32 44,16 18 24 42 44 45,1
S003,momentum_state_transition,momentum,370,1,369,expanding,2 10 11 12 19 21,16 18 24 42 44 45,0
S004,conditional_probability,conditional,370,1,369,expanding,2 3 5 11 12 14,16 18 24 42 44 45,0
S005,structure_transition,structure_transition,370,1,369,expanding,4 17 21 26 39 44,16 18 24 42 44 45,1
S006,pair_residual_node,pair_relation_residual,370,1,369,expanding,5 18 19 37 39 40,16 18 24 42 44 45,1
S007,triple_residual_node,triple_relation_residual,370,1,369,expanding,5 18 19 37 39 40,16 18 24 42 44 45,1
S008,family_balanced_hybrid,hybrid,370,1,369,expanding,3 5 11 12 21 25,16 18 24 42 44 45,0
S001,multi_window_frequency,multi_window_frequency,371,1,370,expanding,1 5 14 20 24 45,7 9 15 26 27 42,0
S002,gap_regime_hazard,gap_time,371,1,370,expanding,11 17 20 21 30 39,7 9 15 26 27 42,0
S003,momentum_state_transition,momentum,371,1,370,expanding,2 10 11 12 16 19,7 9 15 26 27 42,0
S004,conditional_probability,conditional,371,1,370,expanding,2 3 5 11 12 14,7 9 15 26 27 42,0
S005,structure_transition,structure_transition,371,1,370,expanding,4 17 21 26 39 44,7 9 15 26 27 42,1
S006,pair_residual_node,pair_relation_residual,371,1,370,expanding,3 18 19 37 39 40,7 9 15 26 27 42,0
S007,triple_residual_node,triple_relation_residual,371,1,370,expanding,3 18 19 37 39 40,7 9 15 26 27 42,0
S008,family_balanced_hybrid,hybrid,371,1,370,expanding,5 11 12 21 25 40,7 9 15 26 27 42,0
S001,multi_window_frequency,multi_window_frequency,372,1,371,expanding,1 5 14 20 27 45,8 11 14 16 18 21,1
S002,gap_regime_hazard,gap_time,372,1,371,expanding,17 20 35 36 41 43,8 11 14 16 18 21,0
S003,momentum_state_transition,momentum,372,1,371,expanding,2 10 11 12 16 19,8 11 14 16 18 21,2
S004,conditional_probability,conditional,372,1,371,expanding,2 3 7 11 12 14,8 11 14 16 18 21,2
S005,structure_transition,structure_transition,372,1,371,expanding,2 13 17 29 34 39,8 11 14 16 18 21,0
S006,pair_residual_node,pair_relation_residual,372,1,371,expanding,3 18 19 37 39 40,8 11 14 16 18 21,1
S007,triple_residual_node,triple_relation_residual,372,1,371,expanding,3 18 19 37 39 40,8 11 14 16 18 21,1
S008,family_balanced_hybrid,hybrid,372,1,371,expanding,3 5 12 16 25 40,8 11 14 16 18 21,1
S001,multi_window_frequency,multi_window_frequency,373,1,372,expanding,5 14 16 20 21 45,15 26 37 42 43 45,1
S002,gap_regime_hazard,gap_time,373,1,372,expanding,7 9 15 24 44 45,15 26 37 42 43 45,2
S003,momentum_state_transition,momentum,373,1,372,expanding,2 10 11 12 16 19,15 26 37 42 43 45,0
S004,conditional_probability,conditional,373,1,372,expanding,7 12 15 18 21 24,15 26 37 42 43 45,1
S005,structure_transition,structure_transition,373,1,372,expanding,4 14 29 37 42 43,15 26 37 42 43 45,3
S006,pair_residual_node,pair_relation_residual,373,1,372,expanding,3 18 19 37 39 40,15 26 37 42 43 45,1
S007,triple_residual_node,triple_relation_residual,373,1,372,expanding,3 18 19 37 39 40,15 26 37 42 43 45,1
S008,family_balanced_hybrid,hybrid,373,1,372,expanding,5 7 12 24 25 27,15 26 37 42 43 45,0
S001,multi_window_frequency,multi_window_frequency,374,1,373,expanding,5 14 16 21 42 45,11 13 15 17 25 34,0
S002,gap_regime_hazard,gap_time,374,1,373,expanding,7 8 9 11 14 27,11 13 15 17 25 34,1
S003,momentum_state_transition,momentum,374,1,373,expanding,2 10 11 12 19 21,11 13 15 17 25 34,1
S004,conditional_probability,conditional,374,1,373,expanding,7 11 14 18 24 26,11 13 15 17 25 34,1
S005,structure_transition,structure_transition,374,1,373,expanding,3 19 22 34 37 39,11 13 15 17 25 34,1
S006,pair_residual_node,pair_relation_residual,374,1,373,expanding,3 18 19 37 39 40,11 13 15 17 25 34,0
S007,triple_residual_node,triple_relation_residual,374,1,373,expanding,3 18 19 37 39 40,11 13 15 17 25 34,0
S008,family_balanced_hybrid,hybrid,374,1,373,expanding,5 7 11 18 25 27,11 13 15 17 25 34,2
S001,multi_window_frequency,multi_window_frequency,375,1,374,expanding,5 14 17 21 25 45,4 8 19 25 27 45,2
S002,gap_regime_hazard,gap_time,375,1,374,expanding,8 14 16 18 21 26,4 8 19 25 27 45,1
S003,momentum_state_transition,momentum,375,1,374,expanding,2 10 11 12 15 21,4 8 19 25 27 45,0
S004,conditional_probability,conditional,375,1,374,expanding,5 15 16 17 18 26,4 8 19 25 27 45,0
S005,structure_transition,structure_transition,375,1,374,expanding,6 18 23 29 31 36,4 8 19 25 27 45,0
S006,pair_residual_node,pair_relation_residual,375,1,374,expanding,3 18 19 37 39 40,4 8 19 25 27 45,1
S007,triple_residual_node,triple_relation_residual,375,1,374,expanding,3 18 19 37 39 40,4 8 19 25 27 45,1
S008,family_balanced_hybrid,hybrid,375,1,374,expanding,5 16 18 21 25 42,4 8 19 25 27 45,1
S001,multi_window_frequency,multi_window_frequency,376,1,375,expanding,5 14 17 25 27 45,1 11 13 24 28 40,0
S002,gap_regime_hazard,gap_time,376,1,375,expanding,11 13 26 37 42 43,1 11 13 24 28 40,2
S003,momentum_state_transition,momentum,376,1,375,expanding,2 10 11 12 15 16,1 11 13 24 28 40,1
S004,conditional_probability,conditional,376,1,375,expanding,8 16 17 18 19 45,1 11 13 24 28 40,0
S005,structure_transition,structure_transition,376,1,375,expanding,1 6 13 33 37 42,1 11 13 24 28 40,2
S006,pair_residual_node,pair_relation_residual,376,1,375,expanding,3 18 19 37 39 40,1 11 13 24 28 40,1
S007,triple_residual_node,triple_relation_residual,376,1,375,expanding,3 18 19 37 39 40,1 11 13 24 28 40,1
S008,family_balanced_hybrid,hybrid,376,1,375,expanding,5 11 17 18 19 25,1 11 13 24 28 40,1
S001,multi_window_frequency,multi_window_frequency,377,1,376,expanding,5 11 14 24 25 45,6 22 29 37 43 45,1
S002,gap_regime_hazard,gap_time,377,1,376,expanding,4 8 15 17 19 34,6 22 29 37 43 45,0
S003,momentum_state_transition,momentum,377,1,376,expanding,10 11 12 15 16 21,6 22 29 37 43 45,0
S004,conditional_probability,conditional,377,1,376,expanding,8 11 13 16 17 45,6 22 29 37 43 45,1
S005,structure_transition,structure_transition,377,1,376,expanding,1 5 22 29 32 36,6 22 29 37 43 45,2
S006,pair_residual_node,pair_relation_residual,377,1,376,expanding,3 18 19 37 39 40,6 22 29 37 43 45,1
S007,triple_residual_node,triple_relation_residual,377,1,376,expanding,18 19 25 37 39 40,6 22 29 37 43 45,1
S008,family_balanced_hybrid,hybrid,377,1,376,expanding,5 17 18 19 25 27,6 22 29 37 43 45,0
S001,multi_window_frequency,multi_window_frequency,378,1,377,expanding,5 11 14 17 24 45,5 22 29 31 34 39,1
S002,gap_regime_hazard,gap_time,378,1,377,expanding,1 4 8 19 25 27,5 22 29 31 34 39,0
S003,momentum_state_transition,momentum,378,1,377,expanding,10 11 12 15 16 21,5 22 29 31 34 39,0
S004,conditional_probability,conditional,378,1,377,expanding,8 11 13 16 17 45,5 22 29 31 34 39,0
S005,structure_transition,structure_transition,378,1,377,expanding,2 9 37 38 42 44,5 22 29 31 34 39,0
S006,pair_residual_node,pair_relation_residual,378,1,377,expanding,3 18 19 37 39 40,5 22 29 31 34 39,1
S007,triple_residual_node,triple_relation_residual,378,1,377,expanding,18 19 25 37 39 40,5 22 29 31 34 39,1
S008,family_balanced_hybrid,hybrid,378,1,377,expanding,5 11 19 24 25 27,5 22 29 31 34 39,1
S001,multi_window_frequency,multi_window_frequency,379,1,378,expanding,1 5 14 24 34 45,6 10 22 31 35 40,0
S002,gap_regime_hazard,gap_time,379,1,378,expanding,1 11 13 24 28 40,6 10 22 31 35 40,1
S003,momentum_state_transition,momentum,379,1,378,expanding,11 15 16 22 26 27,6 10 22 31 35 40,1
S004,conditional_probability,conditional,379,1,378,expanding,8 13 16 17 18 45,6 10 22 31 35 40,0
S005,structure_transition,structure_transition,379,1,378,expanding,7 12 21 28 31 43,6 10 22 31 35 40,1
S006,pair_residual_node,pair_relation_residual,379,1,378,expanding,5 18 19 37 39 40,6 10 22 31 35 40,1
S007,triple_residual_node,triple_relation_residual,379,1,378,expanding,5 18 19 37 39 40,6 10 22 31 35 40,1
S008,family_balanced_hybrid,hybrid,379,1,378,expanding,11 18 24 37 40 45,6 10 22 31 35 40,1
S001,multi_window_frequency,multi_window_frequency,380,1,379,expanding,1 5 14 29 34 45,1 2 8 17 26 37,1
S002,gap_regime_hazard,gap_time,380,1,379,expanding,5 29 34 37 43 45,1 2 8 17 26 37,1
S003,momentum_state_transition,momentum,380,1,379,expanding,11 15 16 21 22 26,1 2 8 17 26 37,1
S004,conditional_probability,conditional,380,1,379,expanding,6 8 13 16 18 45,1 2 8 17 26 37,1
S005,structure_transition,structure_transition,380,1,379,expanding,4 7 27 31 33 42,1 2 8 17 26 37,0
S006,pair_residual_node,pair_relation_residual,380,1,379,expanding,5 18 19 37 39 40,1 2 8 17 26 37,1
S007,triple_residual_node,triple_relation_residual,380,1,379,expanding,5 18 19 37 39 40,1 2 8 17 26 37,1
S008,family_balanced_hybrid,hybrid,380,1,379,expanding,3 5 18 29 37 45,1 2 8 17 26 37,1
S001,multi_window_frequency,multi_window_frequency,381,1,380,expanding,1 5 14 17 34 45,1 5 10 12 16 20,2
S002,gap_regime_hazard,gap_time,381,1,380,expanding,5 6 10 29 34 39,1 5 10 12 16 20,2
S003,momentum_state_transition,momentum,381,1,380,expanding,2 11 15 21 22 26,1 5 10 12 16 20,0
S004,conditional_probability,conditional,381,1,380,expanding,1 6 13 17 25 27,1 5 10 12 16 20,1
S005,structure_transition,structure_transition,381,1,380,expanding,7 12 17 25 36 38,1 5 10 12 16 20,1
S006,pair_residual_node,pair_relation_residual,381,1,380,expanding,5 18 19 37 39 40,1 5 10 12 16 20,1
S007,triple_residual_node,triple_relation_residual,381,1,380,expanding,5 18 19 37 39 40,1 5 10 12 16 20,1
S008,family_balanced_hybrid,hybrid,381,1,380,expanding,3 5 6 29 37 40,1 5 10 12 16 20,1
S001,multi_window_frequency,multi_window_frequency,382,1,381,expanding,1 5 14 16 17 45,10 15 22 24 27 42,0
S002,gap_regime_hazard,gap_time,382,1,381,expanding,2 6 22 31 35 40,10 15 22 24 27 42,1
S003,momentum_state_transition,momentum,382,1,381,expanding,2 11 12 15 21 22,10 15 22 24 27 42,2
S004,conditional_probability,conditional,382,1,381,expanding,5 6 10 13 15 16,10 15 22 24 27 42,2
S005,structure_transition,structure_transition,382,1,381,expanding,6 10 19 24 27 37,10 15 22 24 27 42,3
S006,pair_residual_node,pair_relation_residual,382,1,381,expanding,5 18 19 37 39 40,10 15 22 24 27 42,0
S007,triple_residual_node,triple_relation_residual,382,1,381,expanding,5 18 19 37 39 40,10 15 22 24 27 42,0
S008,family_balanced_hybrid,hybrid,382,1,381,expanding,5 17 25 29 37 40,10 15 22 24 27 42,0
S001,multi_window_frequency,multi_window_frequency,383,1,382,expanding,1 5 10 17 34 45,4 15 28 33 37 40,0
S002,gap_regime_hazard,gap_time,383,1,382,expanding,1 2 8 17 26 37,4 15 28 33 37 40,1
S003,momentum_state_transition,momentum,383,1,382,expanding,11 12 15 21 26 37,4 15 28 33 37 40,2
S004,conditional_probability,conditional,383,1,382,expanding,5 6 8 11 13 22,4 15 28 33 37 40,0
S005,structure_transition,structure_transition,383,1,382,expanding,1 5 22 29 32 36,4 15 28 33 37 40,0
S006,pair_residual_node,pair_relation_residual,383,1,382,expanding,5 17 18 37 39 40,4 15 28 33 37 40,2
S007,triple_residual_node,triple_relation_residual,383,1,382,expanding,5 17 18 37 39 40,4 15 28 33 37 40,2
S008,family_balanced_hybrid,hybrid,383,1,382,expanding,1 5 11 17 25 37,4 15 28 33 37 40,1
S001,multi_window_frequency,multi_window_frequency,384,1,383,expanding,1 5 10 17 37 45,11 22 24 32 36 38,0
S002,gap_regime_hazard,gap_time,384,1,383,expanding,1 5 10 12 16 20,11 22 24 32 36 38,0
S003,momentum_state_transition,momentum,384,1,383,expanding,11 15 17 26 37 42,11 22 24 32 36 38,1
S004,conditional_probability,conditional,384,1,383,expanding,4 5 6 8 11 22,11 22 24 32 36 38,2
S005,structure_transition,structure_transition,384,1,383,expanding,9 10 12 23 25 42,11 22 24 32 36 38,0
S006,pair_residual_node,pair_relation_residual,384,1,383,expanding,5 17 18 37 39 40,11 22 24 32 36 38,0
S007,triple_residual_node,triple_relation_residual,384,1,383,expanding,5 17 18 37 39 40,11 22 24 32 36 38,0
S008,family_balanced_hybrid,hybrid,384,1,383,expanding,5 10 17 24 25 27,11 22 24 32 36 38,1
S001,multi_window_frequency,multi_window_frequency,385,1,384,expanding,1 5 22 24 37 45,7 12 19 21 29 32,0
S002,gap_regime_hazard,gap_time,385,1,384,expanding,4 10 15 27 28 42,7 12 19 21 29 32,0
S003,momentum_state_transition,momentum,385,1,384,expanding,11 15 17 26 37 42,7 12 19 21 29 32,0
S004,conditional_probability,conditional,385,1,384,expanding,4 5 6 8 11 22,7 12 19 21 29 32,0
S005,structure_transition,structure_transition,385,1,384,expanding,4 12 21 32 35 37,7 12 19 21 29 32,3
S006,pair_residual_node,pair_relation_residual,385,1,384,expanding,5 17 18 37 39 40,7 12 19 21 29 32,0
S007,triple_residual_node,triple_relation_residual,385,1,384,expanding,5 17 18 37 39 40,7 12 19 21 29 32,0
S008,family_balanced_hybrid,hybrid,385,1,384,expanding,4 5 10 27 37 40,7 12 19 21 29 32,0
S001,multi_window_frequency,multi_window_frequency,386,1,385,expanding,1 5 22 24 37 45,4 7 10 19 31 40,0
S002,gap_regime_hazard,gap_time,386,1,385,expanding,4 15 28 33 37 40,4 7 10 19 31 40,2
S003,momentum_state_transition,momentum,386,1,385,expanding,11 12 15 17 26 32,4 7 10 19 31 40,0
S004,conditional_probability,conditional,386,1,385,expanding,5 6 11 12 15 22,4 7 10 19 31 40,0
S005,structure_transition,structure_transition,386,1,385,expanding,3 22 24 39 43 45,4 7 10 19 31 40,0
S006,pair_residual_node,pair_relation_residual,386,1,385,expanding,5 18 19 37 39 40,4 7 10 19 31 40,2
S007,triple_residual_node,triple_relation_residual,386,1,385,expanding,5 18 19 37 39 40,4 7 10 19 31 40,2
S008,family_balanced_hybrid,hybrid,386,1,385,expanding,5 11 18 24 37 40,4 7 10 19 31 40,1
S001,multi_window_frequency,multi_window_frequency,387,1,386,expanding,1 5 10 19 40 45,1 26 31 34 40 43,2
S002,gap_regime_hazard,gap_time,387,1,386,expanding,11 12 22 24 36 38,1 26 31 34 40 43,0
S003,momentum_state_transition,momentum,387,1,386,expanding,4 7 11 15 17 22,1 26 31 34 40 43,0
S004,conditional_probability,conditional,387,1,386,expanding,1 4 5 6 10 22,1 26 31 34 40 43,1
S005,structure_transition,structure_transition,387,1,386,expanding,2 4 14 33 37 41,1 26 31 34 40 43,0
S006,pair_residual_node,pair_relation_residual,387,1,386,expanding,5 18 19 37 39 40,1 26 31 34 40 43,1
S007,triple_residual_node,triple_relation_residual,387,1,386,expanding,5 18 19 37 39 40,1 26 31 34 40 43,1
S008,family_balanced_hybrid,hybrid,387,1,386,expanding,4 11 18 24 29 37,1 26 31 34 40 43,0
S001,multi_window_frequency,multi_window_frequency,388,1,387,expanding,1 5 10 19 40 45,1 8 9 17 29 32,1
S002,gap_regime_hazard,gap_time,388,1,387,expanding,4 7 12 21 29 32,1 8 9 17 29 32,2
S003,momentum_state_transition,momentum,388,1,387,expanding,4 7 11 15 17 31,1 8 9 17 29 32,1
S004,conditional_probability,conditional,388,1,387,expanding,4 5 10 22 31 40,1 8 9 17 29 32,0
S005,structure_transition,structure_transition,388,1,387,expanding,4 5 17 26 39 44,1 8 9 17 29 32,1
S006,pair_residual_node,pair_relation_residual,388,1,387,expanding,5 18 19 37 39 40,1 8 9 17 29 32,0
S007,triple_residual_node,triple_relation_residual,388,1,387,expanding,5 18 19 37 39 40,1 8 9 17 29 32,0
S008,family_balanced_hybrid,hybrid,388,1,387,expanding,4 5 10 19 29 37,1 8 9 17 29 32,1
S001,multi_window_frequency,multi_window_frequency,389,1,388,expanding,1 5 10 19 40 45,7 16 18 20 23 26,0
S002,gap_regime_hazard,gap_time,389,1,388,expanding,4 7 10 19 26 31,7 16 18 20 23 26,2
S003,momentum_state_transition,momentum,389,1,388,expanding,4 7 15 17 31 32,7 16 18 20 23 26,1
S004,conditional_probability,conditional,389,1,388,expanding,1 10 22 31 32 40,7 16 18 20 23 26,0
S005,structure_transition,structure_transition,389,1,388,expanding,13 21 25 28 35 40,7 16 18 20 23 26,0
S006,pair_residual_node,pair_relation_residual,389,1,388,expanding,17 18 19 37 39 40,7 16 18 20 23 26,1
S007,triple_residual_node,triple_relation_residual,389,1,388,expanding,17 18 19 37 39 40,7 16 18 20 23 26,1
S008,family_balanced_hybrid,hybrid,389,1,388,expanding,4 7 10 17 19 40,7 16 18 20 23 26,1
S001,multi_window_frequency,multi_window_frequency,390,1,389,expanding,1 5 17 19 40 45,16 17 28 37 39 40,2
S002,gap_regime_hazard,gap_time,390,1,389,expanding,1 8 31 34 40 43,16 17 28 37 39 40,1
S003,momentum_state_transition,momentum,390,1,389,expanding,4 7 15 17 18 31,16 17 28 37 39 40,1
S004,conditional_probability,conditional,390,1,389,expanding,1 7 10 26 32 40,16 17 28 37 39 40,1
S005,structure_transition,structure_transition,390,1,389,expanding,15 16 28 36 39 43,16 17 28 37 39 40,3
S006,pair_residual_node,pair_relation_residual,390,1,389,expanding,17 18 19 37 39 40,16 17 28 37 39 40,4
S007,triple_residual_node,triple_relation_residual,390,1,389,expanding,17 18 19 37 39 40,16 17 28 37 39 40,4
S008,family_balanced_hybrid,hybrid,390,1,389,expanding,1 17 19 29 37 40,16 17 28 37 39 40,3
S001,multi_window_frequency,multi_window_frequency,391,1,390,expanding,1 5 16 17 40 45,10 11 18 22 28 39,0
S002,gap_regime_hazard,gap_time,391,1,390,expanding,1 7 8 9 29 32,10 11 18 22 28 39,0
S003,momentum_state_transition,momentum,391,1,390,expanding,1 4 7 8 15 17,10 11 18 22 28 39,0
S004,conditional_probability,conditional,391,1,390,expanding,4 12 15 17 19 40,10 11 18 22 28 39,0
S005,structure_transition,structure_transition,391,1,390,expanding,4 8 15 29 33 44,10 11 18 22 28 39,0
S006,pair_residual_node,pair_relation_residual,391,1,390,expanding,17 18 19 37 39 40,10 11 18 22 28 39,2
S007,triple_residual_node,triple_relation_residual,391,1,390,expanding,17 18 19 37 39 40,10 11 18 22 28 39,2
S008,family_balanced_hybrid,hybrid,391,1,390,expanding,1 7 17 19 24 29,10 11 18 22 28 39,0
S001,multi_window_frequency,multi_window_frequency,392,1,391,expanding,1 5 17 19 40 45,1 3 7 8 24 42,1
S002,gap_regime_hazard,gap_time,392,1,391,expanding,7 16 17 20 23 26,1 3 7 8 24 42,1
S003,momentum_state_transition,momentum,392,1,391,expanding,1 4 7 8 15 17,1 3 7 8 24 42,3
S004,conditional_probability,conditional,392,1,391,expanding,7 10 22 28 32 40,1 3 7 8 24 42,1
S005,structure_transition,structure_transition,392,1,391,expanding,6 18 23 29 31 36,1 3 7 8 24 42,0
S006,pair_residual_node,pair_relation_residual,392,1,391,expanding,17 18 19 37 39 40,1 3 7 8 24 42,0
S007,triple_residual_node,triple_relation_residual,392,1,391,expanding,17 18 19 37 39 40,1 3 7 8 24 42,0
S008,family_balanced_hybrid,hybrid,392,1,391,expanding,1 7 17 18 37 40,1 3 7 8 24 42,2
S001,multi_window_frequency,multi_window_frequency,393,1,392,expanding,1 5 17 19 40 45,9 16 28 40 41 43,1
S002,gap_regime_hazard,gap_time,393,1,392,expanding,10 11 16 17 37 40,9 16 28 40 41 43,2
S003,momentum_state_transition,momentum,393,1,392,expanding,1 4 7 15 17 28,9 16 28 40 41 43,1
S004,conditional_probability,conditional,393,1,392,expanding,1 4 7 28 32 40,9 16 28 40 41 43,2
S005,structure_transition,structure_transition,393,1,392,expanding,2 8 25 29 32 37,9 16 28 40 41 43,0
S006,pair_residual_node,pair_relation_residual,393,1,392,expanding,17 18 19 37 39 40,9 16 28 40 41 43,1
S007,triple_residual_node,triple_relation_residual,393,1,392,expanding,17 18 19 37 39 40,9 16 28 40 41 43,1
S008,family_balanced_hybrid,hybrid,393,1,392,expanding,10 11 17 19 37 40,9 16 28 40 41 43,1
S001,multi_window_frequency,multi_window_frequency,394,1,393,expanding,1 5 16 17 40 45,1 13 20 22 25 28,1
S002,gap_regime_hazard,gap_time,394,1,393,expanding,1 10 11 18 22 39,1 13 20 22 25 28,2
S003,momentum_state_transition,momentum,394,1,393,expanding,1 4 7 17 22 28,1 13 20 22 25 28,3
S004,conditional_probability,conditional,394,1,393,expanding,1 7 16 28 32 40,1 13 20 22 25 28,2
S005,structure_transition,structure_transition,394,1,393,expanding,8 12 23 28 31 39,1 13 20 22 25 28,1
S006,pair_residual_node,pair_relation_residual,394,1,393,expanding,17 18 19 37 39 40,1 13 20 22 25 28,0
S007,triple_residual_node,triple_relation_residual,394,1,393,expanding,17 18 19 37 39 40,1 13 20 22 25 28,0
S008,family_balanced_hybrid,hybrid,394,1,393,expanding,1 7 10 11 17 19,1 13 20 22 25 28,1
S001,multi_window_frequency,multi_window_frequency,395,1,394,expanding,1 16 17 19 40 45,11 15 20 26 31 35,0
S002,gap_regime_hazard,gap_time,395,1,394,expanding,3 7 8 9 24 42,11 15 20 26 31 35,0
S003,momentum_state_transition,momentum,395,1,394,expanding,1 4 7 17 19 20,11 15 20 26 31 35,1
S004,conditional_probability,conditional,395,1,394,expanding,1 7 8 16 28 40,11 15 20 26 31 35,0
S005,structure_transition,structure_transition,395,1,394,expanding,2 10 31 35 37 40,11 15 20 26 31 35,2
S006,pair_residual_node,pair_relation_residual,395,1,394,expanding,17 18 19 37 39 40,11 15 20 26 31 35,0
S007,triple_residual_node,triple_relation_residual,395,1,394,expanding,17 18 19 37 39 40,11 15 20 26 31 35,0
S008,family_balanced_hybrid,hybrid,395,1,394,expanding,1 7 16 17 19 40,11 15 20 26 31 35,0
S001,multi_window_frequency,multi_window_frequency,396,1,395,expanding,1 11 16 20 40 45,18 20 31 34 40 45,3
S002,gap_regime_hazard,gap_time,396,1,395,expanding,1 9 16 40 41 43,18 20 31 34 40 45,1
S003,momentum_state_transition,momentum,396,1,395,expanding,1 7 17 20 22 28,18 20 31 34 40 45,1
S004,conditional_probability,conditional,396,1,395,expanding,1 7 16 20 28 40,18 20 31 34 40 45,2
S005,structure_transition,structure_transition,396,1,395,expanding,1 3 21 25 34 38,18 20 31 34 40 45,1
S006,pair_residual_node,pair_relation_residual,396,1,395,expanding,17 18 25 37 39 40,18 20 31 34 40 45,2
S007,triple_residual_node,triple_relation_residual,396,1,395,expanding,17 18 25 37 39 40,18 20 31 34 40 45,2
S008,family_balanced_hybrid,hybrid,396,1,395,expanding,1 16 17 20 40 43,18 20 31 34 40 45,2
S001,multi_window_frequency,multi_window_frequency,397,1,396,expanding,1 16 20 34 40 45,12 13 17 22 25 33,0
S002,gap_regime_hazard,gap_time,397,1,396,expanding,1 11 13 22 25 28,12 13 17 22 25 33,3
S003,momentum_state_transition,momentum,397,1,396,expanding,7 8 17 20 22 28,12 13 17 22 25 33,2
S004,conditional_probability,conditional,397,1,396,expanding,1 16 18 20 28 40,12 13 17 22 25 33,0
S005,structure_transition,structure_transition,397,1,396,expanding,2 20 22 35 37 39,12 13 17 22 25 33,1
S006,pair_residual_node,pair_relation_residual,397,1,396,expanding,17 18 25 37 39 40,12 13 17 22 25 33,2
S007,triple_residual_node,triple_relation_residual,397,1,396,expanding,17 18 25 37 39 40,12 13 17 22 25 33,2
S008,family_balanced_hybrid,hybrid,397,1,396,expanding,1 11 17 18 20 40,12 13 17 22 25 33,1
S001,multi_window_frequency,multi_window_frequency,398,1,397,expanding,1 16 17 20 40 45,10 15 20 23 42 44,1
S002,gap_regime_hazard,gap_time,398,1,397,expanding,11 15 18 20 26 35,10 15 20 23 42 44,2
S003,momentum_state_transition,momentum,398,1,397,expanding,7 8 17 18 20 28,10 15 20 23 42 44,1
S004,conditional_probability,conditional,398,1,397,expanding,1 16 17 18 20 28,10 15 20 23 42 44,1
S005,structure_transition,structure_transition,398,1,397,expanding,6 12 30 32 37 41,10 15 20 23 42 44,0
S006,pair_residual_node,pair_relation_residual,398,1,397,expanding,17 18 25 37 39 40,10 15 20 23 42 44,0
S007,triple_residual_node,triple_relation_residual,398,1,397,expanding,17 18 25 37 39 40,10 15 20 23 42 44,0
S008,family_balanced_hybrid,hybrid,398,1,397,expanding,11 17 18 20 39 40,10 15 20 23 42 44,1
S001,multi_window_frequency,multi_window_frequency,399,1,398,expanding,1 16 17 20 40 45,1 2 9 17 19 42,2
S002,gap_regime_hazard,gap_time,399,1,398,expanding,12 18 31 34 40 45,1 2 9 17 19 42,0
S003,momentum_state_transition,momentum,399,1,398,expanding,1 7 8 10 12 17,1 2 9 17 19 42,2
S004,conditional_probability,conditional,399,1,398,expanding,16 18 20 22 28 40,1 2 9 17 19 42,0
S005,structure_transition,structure_transition,399,1,398,expanding,7 10 19 30 32 45,1 2 9 17 19 42,1
S006,pair_residual_node,pair_relation_residual,399,1,398,expanding,17 18 25 37 39 40,1 2 9 17 19 42,1
S007,triple_residual_node,triple_relation_residual,399,1,398,expanding,17 18 25 37 39 40,1 2 9 17 19 42,1
S008,family_balanced_hybrid,hybrid,399,1,398,expanding,1 11 17 18 20 40,1 2 9 17 19 42,2
S001,multi_window_frequency,multi_window_frequency,400,1,399,expanding,1 17 20 40 42 45,9 21 27 34 41 43,0
S002,gap_regime_hazard,gap_time,400,1,399,expanding,10 12 13 22 25 33,9 21 27 34 41 43,0
S003,momentum_state_transition,momentum,400,1,399,expanding,1 7 8 9 10 12,9 21 27 34 41 43,1
S004,conditional_probability,conditional,400,1,399,expanding,1 17 20 22 28 40,9 21 27 34 41 43,0
S005,structure_transition,structure_transition,400,1,399,expanding,4 7 18 23 26 38,9 21 27 34 41 43,0
S006,pair_residual_node,pair_relation_residual,400,1,399,expanding,17 18 25 37 39 40,9 21 27 34 41 43,0
S007,triple_residual_node,triple_relation_residual,400,1,399,expanding,17 18 25 37 39 40,9 21 27 34 41 43,0
S008,family_balanced_hybrid,hybrid,400,1,399,expanding,1 10 17 18 20 40,9 21 27 34 41 43,0
S001,multi_window_frequency,multi_window_frequency,401,1,400,expanding,1 17 20 34 42 45,6 12 18 31 38 43,0
S002,gap_regime_hazard,gap_time,401,1,400,expanding,1 10 15 20 23 44,6 12 18 31 38 43,0
S003,momentum_state_transition,momentum,401,1,400,expanding,1 7 9 10 12 18,6 12 18 31 38 43,2
S004,conditional_probability,conditional,401,1,400,expanding,1 9 20 22 28 42,6 12 18 31 38 43,0
S005,structure_transition,structure_transition,401,1,400,expanding,1 4 6 31 40 45,6 12 18 31 38 43,2
S006,pair_residual_node,pair_relation_residual,401,1,400,expanding,17 18 25 37 39 40,6 12 18 31 38 43,1
S007,triple_residual_node,triple_relation_residual,401,1,400,expanding,17 18 25 37 39 40,6 12 18 31 38 43,1
S008,family_balanced_hybrid,hybrid,401,1,400,expanding,1 10 17 18 19 20,6 12 18 31 38 43,1
S001,multi_window_frequency,multi_window_frequency,402,1,401,expanding,1 17 20 34 42 45,5 9 15 19 22 36,0
S002,gap_regime_hazard,gap_time,402,1,401,expanding,1 2 9 17 19 42,5 9 15 19 22 36,2
S003,momentum_state_transition,momentum,402,1,401,expanding,7 9 10 18 19 20,5 9 15 19 22 36,2
S004,conditional_probability,conditional,402,1,401,expanding,1 9 20 31 42 43,5 9 15 19 22 36,1
S005,structure_transition,structure_transition,402,1,401,expanding,1 5 22 29 32 36,5 9 15 19 22 36,3
S006,pair_residual_node,pair_relation_residual,402,1,401,expanding,17 18 25 37 39 40,5 9 15 19 22 36,0
S007,triple_residual_node,triple_relation_residual,402,1,401,expanding,17 18 25 37 39 40,5 9 15 19 22 36,0
S008,family_balanced_hybrid,hybrid,402,1,401,expanding,1 9 17 18 19 20,5 9 15 19 22 36,2
S001,multi_window_frequency,multi_window_frequency,403,1,402,expanding,1 17 19 20 34 45,10 14 22 24 28 37,0
S002,gap_regime_hazard,gap_time,403,1,402,expanding,6 12 21 27 34 41,10 14 22 24 28 37,0
S003,momentum_state_transition,momentum,403,1,402,expanding,7 9 18 19 20 28,10 14 22 24 28 37,1
S004,conditional_probability,conditional,403,1,402,expanding,9 15 20 22 31 43,10 14 22 24 28 37,1
S005,structure_transition,structure_transition,403,1,402,expanding,4 16 22 27 32 35,10 14 22 24 28 37,1
S006,pair_residual_node,pair_relation_residual,403,1,402,expanding,17 18 19 37 39 40,10 14 22 24 28 37,1
S007,triple_residual_node,triple_relation_residual,403,1,402,expanding,17 18 19 37 39 40,10 14 22 24 28 37,1
S008,family_balanced_hybrid,hybrid,403,1,402,expanding,12 18 19 20 40 43,10 14 22 24 28 37,0
S001,multi_window_frequency,multi_window_frequency,404,1,403,expanding,1 17 19 20 22 34,5 20 21 24 33 40,1
S002,gap_regime_hazard,gap_time,404,1,403,expanding,6 12 18 31 38 43,5 20 21 24 33 40,0
S003,momentum_state_transition,momentum,404,1,403,expanding,7 9 12 18 19 20,5 20 21 24 33 40,1
S004,conditional_probability,conditional,404,1,403,expanding,1 9 15 20 22 31,5 20 21 24 33 40,1
S005,structure_transition,structure_transition,404,1,403,expanding,2 13 17 29 34 39,5 20 21 24 33 40,0
S006,pair_residual_node,pair_relation_residual,404,1,403,expanding,17 18 19 37 39 40,5 20 21 24 33 40,1
S007,triple_residual_node,triple_relation_residual,404,1,403,expanding,17 18 19 37 39 40,5 20 21 24 33 40,1
S008,family_balanced_hybrid,hybrid,404,1,403,expanding,12 17 18 19 20 43,5 20 21 24 33 40,1
S001,multi_window_frequency,multi_window_frequency,405,1,404,expanding,1 5 19 20 22 34,1 2 10 25 26 44,1
S002,gap_regime_hazard,gap_time,405,1,404,expanding,9 10 14 15 19 36,1 2 10 25 26 44,1
S003,momentum_state_transition,momentum,405,1,404,expanding,7 9 12 18 19 20,1 2 10 25 26 44,0
S004,conditional_probability,conditional,405,1,404,expanding,5 9 15 20 22 31,1 2 10 25 26 44,0
S005,structure_transition,structure_transition,405,1,404,expanding,1 4 11 32 36 39,1 2 10 25 26 44,1
S006,pair_residual_node,pair_relation_residual,405,1,404,expanding,17 18 19 37 39 40,1 2 10 25 26 44,0
S007,triple_residual_node,triple_relation_residual,405,1,404,expanding,17 18 19 37 39 40,1 2 10 25 26 44,0
S008,family_balanced_hybrid,hybrid,405,1,404,expanding,9 10 17 18 19 20,1 2 10 25 26 44,1
S001,multi_window_frequency,multi_window_frequency,406,1,405,expanding,1 5 10 20 22 34,7 12 21 24 27 36,0
S002,gap_regime_hazard,gap_time,406,1,405,expanding,5 14 20 22 28 37,7 12 21 24 27 36,0
S003,momentum_state_transition,momentum,406,1,405,expanding,7 9 18 20 28 31,7 12 21 24 27 36,1
S004,conditional_probability,conditional,406,1,405,expanding,1 2 9 10 20 22,7 12 21 24 27 36,0
S005,structure_transition,structure_transition,406,1,405,expanding,8 16 19 25 29 42,7 12 21 24 27 36,0
S006,pair_residual_node,pair_relation_residual,406,1,405,expanding,17 18 19 37 39 40,7 12 21 24 27 36,0
S007,triple_residual_node,triple_relation_residual,406,1,405,expanding,17 18 19 37 39 40,7 12 21 24 27 36,0
S008,family_balanced_hybrid,hybrid,406,1,405,expanding,5 17 18 20 24 40,7 12 21 24 27 36,1
S001,multi_window_frequency,multi_window_frequency,407,1,406,expanding,1 5 10 20 22 24,6 7 13 16 24 25,1
S002,gap_regime_hazard,gap_time,407,1,406,expanding,1 2 5 20 33 40,6 7 13 16 24 25,0
S003,momentum_state_transition,momentum,407,1,406,expanding,9 12 18 20 28 34,6 7 13 16 24 25,0
S004,conditional_probability,conditional,407,1,406,expanding,9 10 12 21 22 24,6 7 13 16 24 25,1
S005,structure_transition,structure_transition,407,1,406,expanding,7 16 18 29 33 38,6 7 13 16 24 25,2
S006,pair_residual_node,pair_relation_residual,407,1,406,expanding,17 18 19 37 39 40,6 7 13 16 24 25,0
S007,triple_residual_node,triple_relation_residual,407,1,406,expanding,17 18 19 37 39 40,6 7 13 16 24 25,0
S008,family_balanced_hybrid,hybrid,407,1,406,expanding,1 5 10 17 20 25,6 7 13 16 24 25,1
S001,multi_window_frequency,multi_window_frequency,408,1,407,expanding,1 5 10 19 20 24,9 20 21 22 30 37,1
S002,gap_regime_hazard,gap_time,408,1,407,expanding,1 2 10 12 26 44,9 20 21 22 30 37,0
S003,momentum_state_transition,momentum,408,1,407,expanding,9 12 13 18 20 25,9 20 21 22 30 37,2
S004,conditional_probability,conditional,408,1,407,expanding,1 2 9 10 21 24,9 20 21 22 30 37,2
S005,structure_transition,structure_transition,408,1,407,expanding,5 18 22 24 29 45,9 20 21 22 30 37,1
S006,pair_residual_node,pair_relation_residual,408,1,407,expanding,17 18 25 37 39 40,9 20 21 22 30 37,1
S007,triple_residual_node,triple_relation_residual,408,1,407,expanding,17 18 25 37 39 40,9 20 21 22 30 37,1
S008,family_balanced_hybrid,hybrid,408,1,407,expanding,1 10 12 17 18 24,9 20 21 22 30 37,0
S001,multi_window_frequency,multi_window_frequency,409,1,408,expanding,1 5 20 21 22 24,6 9 21 31 32 40,1
S002,gap_regime_hazard,gap_time,409,1,408,expanding,6 7 12 13 27 36,6 9 21 31 32 40,1
S003,momentum_state_transition,momentum,409,1,408,expanding,9 12 13 18 20 21,6 9 21 31 32 40,2
S004,conditional_probability,conditional,409,1,408,expanding,1 2 9 21 22 24,6 9 21 31 32 40,2
S005,structure_transition,structure_transition,409,1,408,expanding,8 13 25 28 34 37,6 9 21 31 32 40,0
S006,pair_residual_node,pair_relation_residual,409,1,408,expanding,17 18 25 37 39 40,6 9 21 31 32 40,1
S007,triple_residual_node,triple_relation_residual,409,1,408,expanding,17 18 25 37 39 40,6 9 21 31 32 40,1
S008,family_balanced_hybrid,hybrid,409,1,408,expanding,12 17 18 20 24 25,6 9 21 31 32 40,0
S001,multi_window_frequency,multi_window_frequency,410,1,409,expanding,1 9 20 21 24 40,1 3 18 32 40 41,2
S002,gap_regime_hazard,gap_time,410,1,409,expanding,7 13 16 20 24 25,1 3 18 32 40 41,0
S003,momentum_state_transition,momentum,410,1,409,expanding,6 9 12 13 20 21,1 3 18 32 40 41,0
S004,conditional_probability,conditional,410,1,409,expanding,5 6 9 21 22 24,1 3 18 32 40 41,0
S005,structure_transition,structure_transition,410,1,409,expanding,4 7 27 31 33 42,1 3 18 32 40 41,0
S006,pair_residual_node,pair_relation_residual,410,1,409,expanding,17 18 25 37 39 40,1 3 18 32 40 41,2
S007,triple_residual_node,triple_relation_residual,410,1,409,expanding,17 18 25 37 39 40,1 3 18 32 40 41,2
S008,family_balanced_hybrid,hybrid,410,1,409,expanding,9 17 20 24 25 37,1 3 18 32 40 41,0
S001,multi_window_frequency,multi_window_frequency,411,1,410,expanding,1 20 21 22 24 40,11 14 22 35 37 39,1
S002,gap_regime_hazard,gap_time,411,1,410,expanding,6 9 20 22 30 37,11 14 22 35 37 39,2
S003,momentum_state_transition,momentum,411,1,410,expanding,6 9 12 13 18 20,11 14 22 35 37 39,0
S004,conditional_probability,conditional,411,1,410,expanding,6 9 21 22 24 40,11 14 22 35 37 39,1
S005,structure_transition,structure_transition,411,1,410,expanding,4 13 16 31 33 42,11 14 22 35 37 39,0
S006,pair_residual_node,pair_relation_residual,411,1,410,expanding,17 18 25 37 39 40,11 14 22 35 37 39,2
S007,triple_residual_node,triple_relation_residual,411,1,410,expanding,17 18 25 37 39 40,11 14 22 35 37 39,2
S008,family_balanced_hybrid,hybrid,411,1,410,expanding,5 9 18 20 21 24,11 14 22 35 37 39,0
S001,multi_window_frequency,multi_window_frequency,412,1,411,expanding,1 20 21 22 24 40,4 7 39 41 42 45,0
S002,gap_regime_hazard,gap_time,412,1,411,expanding,1 3 6 9 21 31,4 7 39 41 42 45,0
S003,momentum_state_transition,momentum,412,1,411,expanding,6 9 12 13 20 21,4 7 39 41 42 45,0
S004,conditional_probability,conditional,412,1,411,expanding,9 21 22 24 37 40,4 7 39 41 42 45,0
S005,structure_transition,structure_transition,412,1,411,expanding,8 11 16 25 30 38,4 7 39 41 42 45,0
S006,pair_residual_node,pair_relation_residual,412,1,411,expanding,17 18 25 37 39 40,4 7 39 41 42 45,1
S007,triple_residual_node,triple_relation_residual,412,1,411,expanding,17 18 25 37 39 40,4 7 39 41 42 45,1
S008,family_balanced_hybrid,hybrid,412,1,411,expanding,1 9 18 20 21 40,4 7 39 41 42 45,0
S001,multi_window_frequency,multi_window_frequency,413,1,412,expanding,1 20 21 22 24 40,2 9 15 23 34 40,1
S002,gap_regime_hazard,gap_time,413,1,412,expanding,1 3 11 18 32 40,2 9 15 23 34 40,1
S003,momentum_state_transition,momentum,413,1,412,expanding,6 9 12 13 18 20,2 9 15 23 34 40,1
S004,conditional_probability,conditional,413,1,412,expanding,7 21 22 24 37 40,2 9 15 23 34 40,1
S005,structure_transition,structure_transition,413,1,412,expanding,5 10 13 34 38 44,2 9 15 23 34 40,1
S006,pair_residual_node,pair_relation_residual,413,1,412,expanding,17 18 25 37 39 40,2 9 15 23 34 40,1
S007,triple_residual_node,triple_relation_residual,413,1,412,expanding,17 18 25 37 39 40,2 9 15 23 34 40,1
S008,family_balanced_hybrid,hybrid,413,1,412,expanding,1 18 20 24 37 40,2 9 15 23 34 40,1
S001,multi_window_frequency,multi_window_frequency,414,1,413,expanding,1 9 20 21 24 40,2 14 15 22 23 44,0
S002,gap_regime_hazard,gap_time,414,1,413,expanding,4 11 14 22 35 37,2 14 15 22 23 44,2
S003,momentum_state_transition,momentum,414,1,413,expanding,2 6 9 12 13 18,2 14 15 22 23 44,1
S004,conditional_probability,conditional,414,1,413,expanding,1 7 9 21 24 40,2 14 15 22 23 44,0
S005,structure_transition,structure_transition,414,1,413,expanding,6 18 23 29 31 36,2 14 15 22 23 44,1
S006,pair_residual_node,pair_relation_residual,414,1,413,expanding,17 18 25 37 39 40,2 14 15 22 23 44,0
S007,triple_residual_node,triple_relation_residual,414,1,413,expanding,17 18 25 37 39 40,2 14 15 22 23 44,0
S008,family_balanced_hybrid,hybrid,414,1,413,expanding,1 20 24 25 37 40,2 14 15 22 23 44,0
S001,multi_window_frequency,multi_window_frequency,415,1,414,expanding,1 9 20 21 22 40,7 17 20 26 30 40,2
S002,gap_regime_hazard,gap_time,415,1,414,expanding,4 7 39 41 42 45,7 17 20 26 30 40,1
S003,momentum_state_transition,momentum,415,1,414,expanding,2 6 9 12 14 15,7 17 20 26 30 40,0
S004,conditional_probability,conditional,415,1,414,expanding,2 7 9 21 22 40,7 17 20 26 30 40,2
S005,structure_transition,structure_transition,415,1,414,expanding,5 20 24 31 33 34,7 17 20 26 30 40,1
S006,pair_residual_node,pair_relation_residual,415,1,414,expanding,17 18 25 37 39 40,7 17 20 26 30 40,2
S007,triple_residual_node,triple_relation_residual,415,1,414,expanding,17 18 25 37 39 40,7 17 20 26 30 40,2
S008,family_balanced_hybrid,hybrid,415,1,414,expanding,1 7 9 24 25 40,7 17 20 26 30 40,2
S001,multi_window_frequency,multi_window_frequency,416,1,415,expanding,1 9 20 21 22 40,5 6 8 11 22 26,1
S002,gap_regime_hazard,gap_time,416,1,415,expanding,2 9 14 15 22 34,5 6 8 11 22 26,1
S003,momentum_state_transition,momentum,416,1,415,expanding,2 6 9 12 14 18,5 6 8 11 22 26,1
S004,conditional_probability,conditional,416,1,415,expanding,2 7 9 21 22 40,5 6 8 11 22 26,1
S005,structure_transition,structure_transition,416,1,415,expanding,1 4 6 31 40 45,5 6 8 11 22 26,1
S006,pair_residual_node,pair_relation_residual,416,1,415,expanding,17 18 25 37 39 40,5 6 8 11 22 26,0
S007,triple_residual_node,triple_relation_residual,416,1,415,expanding,17 18 25 37 39 40,5 6 8 11 22 26,0
S008,family_balanced_hybrid,hybrid,416,1,415,expanding,9 14 21 24 37 40,5 6 8 11 22 26,0
S001,multi_window_frequency,multi_window_frequency,417,1,416,expanding,1 9 20 21 22 40,4 5 14 20 22 43,2
S002,gap_regime_hazard,gap_time,417,1,416,expanding,2 7 14 15 23 44,4 5 14 20 22 43,1
S003,momentum_state_transition,momentum,417,1,416,expanding,2 5 6 9 12 14,4 5 14 20 22 43,2
S004,conditional_probability,conditional,417,1,416,expanding,2 6 7 9 22 40,4 5 14 20 22 43,1
S005,structure_transition,structure_transition,417,1,416,expanding,1 14 19 32 34 37,4 5 14 20 22 43,1
S006,pair_residual_node,pair_relation_residual,417,1,416,expanding,17 18 25 37 39 40,4 5 14 20 22 43,0
S007,triple_residual_node,triple_relation_residual,417,1,416,expanding,17 18 25 37 39 40,4 5 14 20 22 43,0
S008,family_balanced_hybrid,hybrid,417,1,416,expanding,7 9 14 17 20 40,4 5 14 20 22 43,2
S001,multi_window_frequency,multi_window_frequency,418,1,417,expanding,1 5 14 20 22 40,11 13 15 26 28 34,0
S002,gap_regime_hazard,gap_time,418,1,417,expanding,6 7 8 17 30 40,11 13 15 26 28 34,0
S003,momentum_state_transition,momentum,418,1,417,expanding,2 5 6 9 14 21,11 13 15 26 28 34,0
S004,conditional_probability,conditional,418,1,417,expanding,2 9 14 20 22 40,11 13 15 26 28 34,0
S005,structure_transition,structure_transition,418,1,417,expanding,7 12 17 25 36 38,11 13 15 26 28 34,0
S006,pair_residual_node,pair_relation_residual,418,1,417,expanding,17 18 25 37 39 40,11 13 15 26 28 34,0
S007,triple_residual_node,triple_relation_residual,418,1,417,expanding,17 18 25 37 39 40,11 13 15 26 28 34,0
S008,family_balanced_hybrid,hybrid,418,1,417,expanding,5 9 14 20 37 40,11 13 15 26 28 34,0
S001,multi_window_frequency,multi_window_frequency,419,1,418,expanding,1 5 14 20 22 40,2 11 13 14 28 30,1
S002,gap_regime_hazard,gap_time,419,1,418,expanding,4 5 6 8 14 20,2 11 13 14 28 30,1
S003,momentum_state_transition,momentum,419,1,418,expanding,2 5 6 9 14 21,2 11 13 14 28 30,2
S004,conditional_probability,conditional,419,1,418,expanding,11 14 15 22 26 40,2 11 13 14 28 30,2
S005,structure_transition,structure_transition,419,1,418,expanding,3 16 18 26 41 45,2 11 13 14 28 30,0
S006,pair_residual_node,pair_relation_residual,419,1,418,expanding,17 18 25 37 39 40,2 11 13 14 28 30,0
S007,triple_residual_node,triple_relation_residual,419,1,418,expanding,17 18 25 37 39 40,2 11 13 14 28 30,0
S008,family_balanced_hybrid,hybrid,419,1,418,expanding,1 5 11 14 20 40,2 11 13 14 28 30,2
S001,multi_window_frequency,multi_window_frequency,420,1,419,expanding,5 11 14 20 22 40,4 9 10 29 31 34,0
S002,gap_regime_hazard,gap_time,420,1,419,expanding,4 5 15 20 22 43,4 9 10 29 31 34,1
S003,momentum_state_transition,momentum,420,1,419,expanding,2 5 6 13 14 21,4 9 10 29 31 34,0
S004,conditional_probability,conditional,420,1,419,expanding,2 11 14 15 22 26,4 9 10 29 31 34,0
S005,structure_transition,structure_transition,420,1,419,expanding,6 10 19 24 27 37,4 9 10 29 31 34,1
S006,pair_residual_node,pair_relation_residual,420,1,419,expanding,17 18 25 37 39 40,4 9 10 29 31 34,0
S007,triple_residual_node,triple_relation_residual,420,1,419,expanding,17 18 25 37 39 40,4 9 10 29 31 34,0
S008,family_balanced_hybrid,hybrid,420,1,419,expanding,5 11 14 20 34 40,4 9 10 29 31 34,1
S001,multi_window_frequency,multi_window_frequency,421,1,420,expanding,11 14 20 22 34 40,6 11 26 27 28 44,1
S002,gap_regime_hazard,gap_time,421,1,420,expanding,2 11 13 14 15 26,6 11 26 27 28 44,2
S003,momentum_state_transition,momentum,421,1,420,expanding,2 4 5 6 13 14,6 11 26 27 28 44,1
S004,conditional_probability,conditional,421,1,420,expanding,2 4 11 14 15 22,6 11 26 27 28 44,1
S005,structure_transition,structure_transition,421,1,420,expanding,1 4 11 32 36 39,6 11 26 27 28 44,1
S006,pair_residual_node,pair_relation_residual,421,1,420,expanding,11 17 18 37 39 40,6 11 26 27 28 44,1
S007,triple_residual_node,triple_relation_residual,421,1,420,expanding,11 17 18 37 39 40,6 11 26 27 28 44,1
S008,family_balanced_hybrid,hybrid,421,1,420,expanding,5 11 14 15 20 40,6 11 26 27 28 44,1
S001,multi_window_frequency,multi_window_frequency,422,1,421,expanding,11 14 20 22 26 40,8 15 19 21 34 44,0
S002,gap_regime_hazard,gap_time,422,1,421,expanding,2 4 9 13 14 30,8 15 19 21 34 44,0
S003,momentum_state_transition,momentum,422,1,421,expanding,2 4 5 6 13 14,8 15 19 21 34 44,0
S004,conditional_probability,conditional,422,1,421,expanding,2 4 11 14 15 26,8 15 19 21 34 44,1
S005,structure_transition,structure_transition,422,1,421,expanding,7 10 21 27 32 34,8 15 19 21 34 44,2
S006,pair_residual_node,pair_relation_residual,422,1,421,expanding,11 17 18 37 39 40,8 15 19 21 34 44,0
S007,triple_residual_node,triple_relation_residual,422,1,421,expanding,11 17 18 37 39 40,8 15 19 21 34 44,0
S008,family_balanced_hybrid,hybrid,422,1,421,expanding,4 9 11 14 34 40,8 15 19 21 34 44,1
S001,multi_window_frequency,multi_window_frequency,423,1,422,expanding,11 14 15 20 22 34,1 17 27 28 29 40,0
S002,gap_regime_hazard,gap_time,423,1,422,expanding,4 6 9 10 29 31,1 17 27 28 29 40,1
S003,momentum_state_transition,momentum,423,1,422,expanding,2 4 5 6 13 14,1 17 27 28 29 40,0
S004,conditional_probability,conditional,423,1,422,expanding,2 11 14 15 26 34,1 17 27 28 29 40,0
S005,structure_transition,structure_transition,423,1,422,expanding,1 5 22 29 32 36,1 17 27 28 29 40,2
S006,pair_residual_node,pair_relation_residual,423,1,422,expanding,11 17 18 37 39 40,1 17 27 28 29 40,2
S007,triple_residual_node,triple_relation_residual,423,1,422,expanding,11 17 18 37 39 40,1 17 27 28 29 40,2
S008,family_balanced_hybrid,hybrid,423,1,422,expanding,4 9 11 14 20 40,1 17 27 28 29 40,1
S001,multi_window_frequency,multi_window_frequency,424,1,423,expanding,11 14 20 22 34 40,10 11 26 31 34 44,2
S002,gap_regime_hazard,gap_time,424,1,423,expanding,6 8 11 15 19 26,10 11 26 31 34 44,2
S003,momentum_state_transition,momentum,424,1,423,expanding,2 4 5 6 13 14,10 11 26 31 34 44,0
S004,conditional_probability,conditional,424,1,423,expanding,11 14 15 22 26 28,10 11 26 31 34 44,2
S005,structure_transition,structure_transition,424,1,423,expanding,4 11 16 27 32 34,10 11 26 31 34 44,2
S006,pair_residual_node,pair_relation_residual,424,1,423,expanding,11 17 18 37 39 40,10 11 26 31 34 44,1
S007,triple_residual_node,triple_relation_residual,424,1,423,expanding,11 17 18 37 39 40,10 11 26 31 34 44,1
S008,family_balanced_hybrid,hybrid,424,1,423,expanding,5 6 11 14 20 34,10 11 26 31 34 44,2
S001,multi_window_frequency,multi_window_frequency,425,1,424,expanding,11 14 20 26 34 40,8 10 14 27 33 38,1
S002,gap_regime_hazard,gap_time,425,1,424,expanding,1 8 15 17 19 21,8 10 14 27 33 38,1
S003,momentum_state_transition,momentum,425,1,424,expanding,2 4 6 11 13 14,8 10 14 27 33 38,1
S004,conditional_probability,conditional,425,1,424,expanding,4 11 26 28 34 44,8 10 14 27 33 38,0
S005,structure_transition,structure_transition,425,1,424,expanding,3 13 18 32 37 44,8 10 14 27 33 38,0
S006,pair_residual_node,pair_relation_residual,425,1,424,expanding,11 17 18 37 39 40,8 10 14 27 33 38,0
S007,triple_residual_node,triple_relation_residual,425,1,424,expanding,11 17 18 37 39 40,8 10 14 27 33 38,0
S008,family_balanced_hybrid,hybrid,425,1,424,expanding,5 11 14 20 27 40,8 10 14 27 33 38,2
S001,multi_window_frequency,multi_window_frequency,426,1,425,expanding,5 11 14 20 26 34,4 17 18 27 39 43,0
S002,gap_regime_hazard,gap_time,426,1,425,expanding,1 11 17 28 29 40,4 17 18 27 39 43,1
S003,momentum_state_transition,momentum,426,1,425,expanding,2 4 6 8 11 13,4 17 18 27 39 43,1
S004,conditional_probability,conditional,426,1,425,expanding,8 10 11 26 28 34,4 17 18 27 39 43,0
S005,structure_transition,structure_transition,426,1,425,expanding,7 12 17 25 36 38,4 17 18 27 39 43,1
S006,pair_residual_node,pair_relation_residual,426,1,425,expanding,11 17 18 37 39 40,4 17 18 27 39 43,3
S007,triple_residual_node,triple_relation_residual,426,1,425,expanding,11 17 18 37 39 40,4 17 18 27 39 43,3
S008,family_balanced_hybrid,hybrid,426,1,425,expanding,5 11 14 20 34 40,4 17 18 27 39 43,0
S001,multi_window_frequency,multi_window_frequency,427,1,426,expanding,11 14 20 26 27 34,6 7 15 24 28 30,0
S002,gap_regime_hazard,gap_time,427,1,426,expanding,8 11 26 31 34 44,6 7 15 24 28 30,0
S003,momentum_state_transition,momentum,427,1,426,expanding,2 4 6 8 11 13,6 7 15 24 28 30,1
S004,conditional_probability,conditional,427,1,426,expanding,4 10 11 27 28 34,6 7 15 24 28 30,1
S005,structure_transition,structure_transition,427,1,426,expanding,1 3 21 25 34 38,6 7 15 24 28 30,0
S006,pair_residual_node,pair_relation_residual,427,1,426,expanding,11 17 18 37 39 40,6 7 15 24 28 30,0
S007,triple_residual_node,triple_relation_residual,427,1,426,expanding,11 17 18 37 39 40,6 7 15 24 28 30,0
S008,family_balanced_hybrid,hybrid,427,1,426,expanding,10 11 14 17 27 34,6 7 15 24 28 30,0
S001,multi_window_frequency,multi_window_frequency,428,1,427,expanding,11 14 15 27 28 34,12 16 19 22 37 40,0
S002,gap_regime_hazard,gap_time,428,1,427,expanding,4 8 10 14 33 38,12 16 19 22 37 40,0
S003,momentum_state_transition,momentum,428,1,427,expanding,2 4 6 8 11 14,12 16 19 22 37 40,0
S004,conditional_probability,conditional,428,1,427,expanding,10 11 15 26 27 34,12 16 19 22 37 40,0
S005,structure_transition,structure_transition,428,1,427,expanding,1 4 6 31 40 45,12 16 19 22 37 40,1
S006,pair_residual_node,pair_relation_residual,428,1,427,expanding,11 17 18 37 39 40,12 16 19 22 37 40,2
S007,triple_residual_node,triple_relation_residual,428,1,427,expanding,11 17 18 37 39 40,12 16 19 22 37 40,2
S008,family_balanced_hybrid,hybrid,428,1,427,expanding,10 11 14 17 27 34,12 16 19 22 37 40,0
S001,multi_window_frequency,multi_window_frequency,429,1,428,expanding,11 14 27 28 34 40,3 23 28 34 39 42,2
S002,gap_regime_hazard,gap_time,429,1,428,expanding,4 17 18 27 39 43,3 23 28 34 39 42,1
S003,momentum_state_transition,momentum,429,1,428,expanding,2 4 6 8 11 14,3 23 28 34 39 42,0
S004,conditional_probability,conditional,429,1,428,expanding,10 11 27 28 34 44,3 23 28 34 39 42,2
S005,structure_transition,structure_transition,429,1,428,expanding,1 4 6 31 40 45,3 23 28 34 39 42,0
S006,pair_residual_node,pair_relation_residual,429,1,428,expanding,11 17 18 37 39 40,3 23 28 34 39 42,1
S007,triple_residual_node,triple_relation_residual,429,1,428,expanding,11 17 18 37 39 40,3 23 28 34 39 42,1
S008,family_balanced_hybrid,hybrid,429,1,428,expanding,4 11 14 17 27 34,3 23 28 34 39 42,1
S001,multi_window_frequency,multi_window_frequency,430,1,429,expanding,11 14 27 28 34 40,1 3 16 18 30 34,1
S002,gap_regime_hazard,gap_time,430,1,429,expanding,6 7 12 15 24 30,1 3 16 18 30 34,1
S003,momentum_state_transition,momentum,430,1,429,expanding,2 4 8 11 14 23,1 3 16 18 30 34,0
S004,conditional_probability,conditional,430,1,429,expanding,4 10 27 28 34 44,1 3 16 18 30 34,1
S005,structure_transition,structure_transition,430,1,429,expanding,1 4 11 32 36 39,1 3 16 18 30 34,1
S006,pair_residual_node,pair_relation_residual,430,1,429,expanding,11 17 18 37 39 40,1 3 16 18 30 34,1
S007,triple_residual_node,triple_relation_residual,430,1,429,expanding,11 17 18 37 39 40,1 3 16 18 30 34,1
S008,family_balanced_hybrid,hybrid,430,1,429,expanding,6 11 19 27 34 40,1 3 16 18 30 34,1
S001,multi_window_frequency,multi_window_frequency,431,1,430,expanding,1 14 27 28 34 40,18 22 25 31 38 45,0
S002,gap_regime_hazard,gap_time,431,1,430,expanding,12 19 22 23 37 40,18 22 25 31 38 45,1
S003,momentum_state_transition,momentum,431,1,430,expanding,2 4 8 11 14 17,18 22 25 31 38 45,0
S004,conditional_probability,conditional,431,1,430,expanding,1 3 27 28 34 44,18 22 25 31 38 45,0
S005,structure_transition,structure_transition,431,1,430,expanding,7 17 24 26 30 35,18 22 25 31 38 45,0
S006,pair_residual_node,pair_relation_residual,431,1,430,expanding,11 17 18 37 39 40,18 22 25 31 38 45,1
S007,triple_residual_node,triple_relation_residual,431,1,430,expanding,11 17 18 37 39 40,18 22 25 31 38 45,1
S008,family_balanced_hybrid,hybrid,431,1,430,expanding,11 19 27 34 39 40,18 22 25 31 38 45,0
S001,multi_window_frequency,multi_window_frequency,432,1,431,expanding,1 14 22 27 34 40,2 3 5 11 27 39,1
S002,gap_regime_hazard,gap_time,432,1,431,expanding,1 3 23 28 39 42,2 3 5 11 27 39,2
S003,momentum_state_transition,momentum,432,1,431,expanding,2 4 8 11 14 17,2 3 5 11 27 39,2
S004,conditional_probability,conditional,432,1,431,expanding,1 3 18 27 28 34,2 3 5 11 27 39,2
S005,structure_transition,structure_transition,432,1,431,expanding,11 14 21 30 35 38,2 3 5 11 27 39,1
S006,pair_residual_node,pair_relation_residual,432,1,431,expanding,17 18 25 37 39 40,2 3 5 11 27 39,1
S007,triple_residual_node,triple_relation_residual,432,1,431,expanding,17 18 25 37 39 40,2 3 5 11 27 39,1
S008,family_balanced_hybrid,hybrid,432,1,431,expanding,11 17 18 27 34 39,2 3 5 11 27 39,3
S001,multi_window_frequency,multi_window_frequency,433,1,432,expanding,1 11 22 27 34 40,19 23 29 33 35 43,0
S002,gap_regime_hazard,gap_time,433,1,432,expanding,1 16 18 22 30 34,19 23 29 33 35 43,0
S003,momentum_state_transition,momentum,433,1,432,expanding,2 3 4 5 8 11,19 23 29 33 35 43,0
S004,conditional_probability,conditional,433,1,432,expanding,3 18 27 28 34 39,19 23 29 33 35 43,0
S005,structure_transition,structure_transition,433,1,432,expanding,8 13 18 25 36 39,19 23 29 33 35 43,0
S006,pair_residual_node,pair_relation_residual,433,1,432,expanding,17 18 25 37 39 40,19 23 29 33 35 43,0
S007,triple_residual_node,triple_relation_residual,433,1,432,expanding,17 18 25 37 39 40,19 23 29 33 35 43,0
S008,family_balanced_hybrid,hybrid,433,1,432,expanding,11 17 18 27 34 39,19 23 29 33 35 43,0
S001,multi_window_frequency,multi_window_frequency,434,1,433,expanding,1 11 22 27 34 40,3 13 20 24 33 37,0
S002,gap_regime_hazard,gap_time,434,1,433,expanding,18 22 25 31 38 45,3 13 20 24 33 37,0
S003,momentum_state_transition,momentum,434,1,433,expanding,3 4 5 8 11 14,3 13 20 24 33 37,1
S004,conditional_probability,conditional,434,1,433,expanding,3 10 18 27 34 39,3 13 20 24 33 37,1
S005,structure_transition,structure_transition,434,1,433,expanding,2 20 22 35 37 39,3 13 20 24 33 37,2
S006,pair_residual_node,pair_relation_residual,434,1,433,expanding,17 18 19 37 39 40,3 13 20 24 33 37,1
S007,triple_residual_node,triple_relation_residual,434,1,433,expanding,17 18 19 37 39 40,3 13 20 24 33 37,1
S008,family_balanced_hybrid,hybrid,434,1,433,expanding,3 5 11 18 27 39,3 13 20 24 33 37,1
S001,multi_window_frequency,multi_window_frequency,435,1,434,expanding,1 11 22 27 34 40,8 16 26 30 38 45,0
S002,gap_regime_hazard,gap_time,435,1,434,expanding,2 5 11 19 27 39,8 16 26 30 38 45,0
S003,momentum_state_transition,momentum,435,1,434,expanding,3 4 5 8 11 13,8 16 26 30 38 45,1
S004,conditional_probability,conditional,435,1,434,expanding,3 16 18 27 33 39,8 16 26 30 38 45,1
S005,structure_transition,structure_transition,435,1,434,expanding,4 16 22 27 32 35,8 16 26 30 38 45,1
S006,pair_residual_node,pair_relation_residual,435,1,434,expanding,17 18 19 37 39 40,8 16 26 30 38 45,0
S007,triple_residual_node,triple_relation_residual,435,1,434,expanding,17 18 19 37 39 40,8 16 26 30 38 45,0
S008,family_balanced_hybrid,hybrid,435,1,434,expanding,5 11 18 19 27 39,8 16 26 30 38 45,0
S001,multi_window_frequency,multi_window_frequency,436,1,435,expanding,1 11 22 27 34 40,9 14 20 22 33 34,2
S002,gap_regime_hazard,gap_time,436,1,435,expanding,3 19 23 29 35 43,9 14 20 22 33 34,0
S003,momentum_state_transition,momentum,436,1,435,expanding,3 4 5 8 11 13,9 14 20 22 33 34,0
S004,conditional_probability,conditional,436,1,435,expanding,3 16 18 19 30 39,9 14 20 22 33 34,0
S005,structure_transition,structure_transition,436,1,435,expanding,5 18 22 24 29 45,9 14 20 22 33 34,1
S006,pair_residual_node,pair_relation_residual,436,1,435,expanding,18 19 25 37 39 40,9 14 20 22 33 34,0
S007,triple_residual_node,triple_relation_residual,436,1,435,expanding,18 19 25 37 39 40,9 14 20 22 33 34,0
S008,family_balanced_hybrid,hybrid,436,1,435,expanding,3 18 19 27 37 39,9 14 20 22 33 34,0
S001,multi_window_frequency,multi_window_frequency,437,1,436,expanding,11 14 20 22 34 40,11 16 29 38 41 44,1
S002,gap_regime_hazard,gap_time,437,1,436,expanding,3 8 13 16 24 37,11 16 29 38 41 44,1
S003,momentum_state_transition,momentum,437,1,436,expanding,3 4 8 11 13 16,11 16 29 38 41 44,2
S004,conditional_probability,conditional,437,1,436,expanding,3 16 22 30 33 34,11 16 29 38 41 44,1
S005,structure_transition,structure_transition,437,1,436,expanding,8 13 25 28 34 37,11 16 29 38 41 44,0
S006,pair_residual_node,pair_relation_residual,437,1,436,expanding,18 19 34 37 39 40,11 16 29 38 41 44,0
S007,triple_residual_node,triple_relation_residual,437,1,436,expanding,18 19 34 37 39 40,11 16 29 38 41 44,0
S008,family_balanced_hybrid,hybrid,437,1,436,expanding,3 16 18 19 34 37,11 16 29 38 41 44,1
S001,multi_window_frequency,multi_window_frequency,438,1,437,expanding,11 14 20 22 34 40,6 12 20 26 29 38,1
S002,gap_regime_hazard,gap_time,438,1,437,expanding,8 9 14 26 30 45,6 12 20 26 29 38,1
S003,momentum_state_transition,momentum,438,1,437,expanding,3 8 11 13 16 18,6 12 20 26 29 38,0
S004,conditional_probability,conditional,438,1,437,expanding,3 16 22 33 34 38,6 12 20 26 29 38,1
S005,structure_transition,structure_transition,438,1,437,expanding,1 4 11 32 36 39,6 12 20 26 29 38,0
S006,pair_residual_node,pair_relation_residual,438,1,437,expanding,11 18 34 37 39 40,6 12 20 26 29 38,0
S007,triple_residual_node,triple_relation_residual,438,1,437,expanding,11 18 19 37 39 40,6 12 20 26 29 38,0
S008,family_balanced_hybrid,hybrid,438,1,437,expanding,11 16 18 19 20 34,6 12 20 26 29 38,1
S001,multi_window_frequency,multi_window_frequency,439,1,438,expanding,11 14 20 22 26 34,17 20 30 31 37 40,1
S002,gap_regime_hazard,gap_time,439,1,438,expanding,9 11 14 22 33 34,17 20 30 31 37 40,0
S003,momentum_state_transition,momentum,439,1,438,expanding,3 8 10 16 18 19,17 20 30 31 37 40,0
S004,conditional_probability,conditional,439,1,438,expanding,3 16 20 29 33 38,17 20 30 31 37 40,1
S005,structure_transition,structure_transition,439,1,438,expanding,1 4 6 31 40 45,17 20 30 31 37 40,2
S006,pair_residual_node,pair_relation_residual,439,1,438,expanding,11 18 20 37 39 40,17 20 30 31 37 40,3
S007,triple_residual_node,triple_relation_residual,439,1,438,expanding,11 18 20 37 39 40,17 20 30 31 37 40,3
S008,family_balanced_hybrid,hybrid,439,1,438,expanding,11 16 18 20 34 39,17 20 30 31 37 40,1
S001,multi_window_frequency,multi_window_frequency,440,1,439,expanding,11 20 22 26 34 40,10 22 28 34 36 44,2
S002,gap_regime_hazard,gap_time,440,1,439,expanding,6 11 12 16 41 44,10 22 28 34 36 44,1
S003,momentum_state_transition,momentum,440,1,439,expanding,3 8 10 16 17 18,10 22 28 34 36 44,1
S004,conditional_probability,conditional,440,1,439,expanding,3 16 20 29 30 38,10 22 28 34 36 44,0
S005,structure_transition,structure_transition,440,1,439,expanding,9 14 16 25 28 39,10 22 28 34 36 44,1
S006,pair_residual_node,pair_relation_residual,440,1,439,expanding,11 18 20 37 39 40,10 22 28 34 36 44,0
S007,triple_residual_node,triple_relation_residual,440,1,439,expanding,11 18 20 37 39 40,10 22 28 34 36 44,0
S008,family_balanced_hybrid,hybrid,440,1,439,expanding,11 16 18 20 29 34,10 22 28 34 36 44,1
S001,multi_window_frequency,multi_window_frequency,441,1,440,expanding,11 20 22 26 34 40,1 23 28 30 34 35,1
S002,gap_regime_hazard,gap_time,441,1,440,expanding,6 12 17 26 29 38,1 23 28 30 34 35,0
S003,momentum_state_transition,momentum,441,1,440,expanding,3 8 16 17 18 19,1 23 28 30 34 35,0
S004,conditional_probability,conditional,441,1,440,expanding,3 20 22 29 33 38,1 23 28 30 34 35,0
S005,structure_transition,structure_transition,441,1,440,expanding,1 4 11 32 36 39,1 23 28 30 34 35,1
S006,pair_residual_node,pair_relation_residual,441,1,440,expanding,11 18 34 37 39 40,1 23 28 30 34 35,1
S007,triple_residual_node,triple_relation_residual,441,1,440,expanding,11 18 34 37 39 40,1 23 28 30 34 35,1
S008,family_balanced_hybrid,hybrid,441,1,440,expanding,11 20 29 34 37 40,1 23 28 30 34 35,1
S001,multi_window_frequency,multi_window_frequency,442,1,441,expanding,11 20 22 26 34 40,25 27 29 36 38 40,1
S002,gap_regime_hazard,gap_time,442,1,441,expanding,10 17 20 31 37 40,25 27 29 36 38 40,1
S003,momentum_state_transition,momentum,442,1,441,expanding,1 3 8 16 17 18,25 27 29 36 38 40,0
S004,conditional_probability,conditional,442,1,441,expanding,20 29 30 33 34 38,25 27 29 36 38 40,2
S005,structure_transition,structure_transition,442,1,441,expanding,10 13 15 19 30 42,25 27 29 36 38 40,0
S006,pair_residual_node,pair_relation_residual,442,1,441,expanding,11 18 34 37 39 40,25 27 29 36 38 40,1
S007,triple_residual_node,triple_relation_residual,442,1,441,expanding,11 18 34 37 39 40,25 27 29 36 38 40,1
S008,family_balanced_hybrid,hybrid,442,1,441,expanding,11 20 29 34 37 40,25 27 29 36 38 40,2
S001,multi_window_frequency,multi_window_frequency,443,1,442,expanding,11 20 22 29 34 40,4 6 10 19 20 44,1
S002,gap_regime_hazard,gap_time,443,1,442,expanding,1 10 22 23 28 44,4 6 10 19 20 44,2
S003,momentum_state_transition,momentum,443,1,442,expanding,1 3 16 17 18 23,4 6 10 19 20 44,0
S004,conditional_probability,conditional,443,1,442,expanding,20 29 30 33 34 38,4 6 10 19 20 44,1
S005,structure_transition,structure_transition,443,1,442,expanding,1 11 33 38 42 44,4 6 10 19 20 44,1
S006,pair_residual_node,pair_relation_residual,443,1,442,expanding,11 18 34 37 39 40,4 6 10 19 20 44,0
S007,triple_residual_node,triple_relation_residual,443,1,442,expanding,11 18 34 37 39 40,4 6 10 19 20 44,0
S008,family_balanced_hybrid,hybrid,443,1,442,expanding,1 18 20 29 34 40,4 6 10 19 20 44,1
S001,multi_window_frequency,multi_window_frequency,444,1,443,expanding,11 20 22 34 40 44,11 13 23 35 43 45,1
S002,gap_regime_hazard,gap_time,444,1,443,expanding,1 23 28 30 34 35,11 13 23 35 43 45,2
S003,momentum_state_transition,momentum,444,1,443,expanding,3 10 16 18 19 23,11 13 23 35 43 45,1
S004,conditional_probability,conditional,444,1,443,expanding,20 29 30 34 38 44,11 13 23 35 43 45,0
S005,structure_transition,structure_transition,444,1,443,expanding,1 4 11 32 36 39,11 13 23 35 43 45,1
S006,pair_residual_node,pair_relation_residual,444,1,443,expanding,11 18 34 37 39 40,11 13 23 35 43 45,1
S007,triple_residual_node,triple_relation_residual,444,1,443,expanding,11 18 34 37 39 40,11 13 23 35 43 45,1
S008,family_balanced_hybrid,hybrid,444,1,443,expanding,18 20 29 34 37 40,11 13 23 35 43 45,0
S001,multi_window_frequency,multi_window_frequency,445,1,444,expanding,11 20 22 29 34 40,13 20 21 30 39 45,1
S002,gap_regime_hazard,gap_time,445,1,444,expanding,25 27 29 36 38 40,13 20 21 30 39 45,0
S003,momentum_state_transition,momentum,445,1,444,expanding,3 16 18 19 23 29,13 20 21 30 39 45,0
S004,conditional_probability,conditional,445,1,444,expanding,20 29 30 34 38 44,13 20 21 30 39 45,2
S005,structure_transition,structure_transition,445,1,444,expanding,3 13 18 25 29 32,13 20 21 30 39 45,1
S006,pair_residual_node,pair_relation_residual,445,1,444,expanding,11 18 20 34 37 40,13 20 21 30 39 45,1
S007,triple_residual_node,triple_relation_residual,445,1,444,expanding,11 18 20 34 37 40,13 20 21 30 39 45,1
S008,family_balanced_hybrid,hybrid,445,1,444,expanding,11 18 20 29 34 40,13 20 21 30 39 45,1
S001,multi_window_frequency,multi_window_frequency,446,1,445,expanding,11 20 22 29 34 40,1 11 12 14 26 35,1
S002,gap_regime_hazard,gap_time,446,1,445,expanding,4 6 10 11 19 44,1 11 12 14 26 35,1
S003,momentum_state_transition,momentum,446,1,445,expanding,3 16 18 19 23 29,1 11 12 14 26 35,0
S004,conditional_probability,conditional,446,1,445,expanding,20 29 30 34 38 44,1 11 12 14 26 35,0
S005,structure_transition,structure_transition,446,1,445,expanding,6 8 16 30 33 37,1 11 12 14 26 35,0
S006,pair_residual_node,pair_relation_residual,446,1,445,expanding,11 18 20 34 37 40,1 11 12 14 26 35,1
S007,triple_residual_node,triple_relation_residual,446,1,445,expanding,11 18 20 34 37 40,1 11 12 14 26 35,1
S008,family_balanced_hybrid,hybrid,446,1,445,expanding,6 11 18 20 29 34,1 11 12 14 26 35,1
S001,multi_window_frequency,multi_window_frequency,447,1,446,expanding,1 11 20 26 34 40,2 7 8 9 17 33,0
S002,gap_regime_hazard,gap_time,447,1,446,expanding,13 20 21 23 30 43,2 7 8 9 17 33,0
S003,momentum_state_transition,momentum,447,1,446,expanding,1 3 12 16 19 23,2 7 8 9 17 33,0
S004,conditional_probability,conditional,447,1,446,expanding,11 20 29 30 35 38,2 7 8 9 17 33,0
S005,structure_transition,structure_transition,447,1,446,expanding,1 5 22 29 32 36,2 7 8 9 17 33,0
S006,pair_residual_node,pair_relation_residual,447,1,446,expanding,11 18 20 34 37 40,2 7 8 9 17 33,0
S007,triple_residual_node,triple_relation_residual,447,1,446,expanding,11 18 20 34 37 40,2 7 8 9 17 33,0
S008,family_balanced_hybrid,hybrid,447,1,446,expanding,1 11 20 29 34 45,2 7 8 9 17 33,0
S001,multi_window_frequency,multi_window_frequency,448,1,447,expanding,1 11 20 26 34 40,3 7 13 27 40 41,1
S002,gap_regime_hazard,gap_time,448,1,447,expanding,13 20 21 30 39 45,3 7 13 27 40 41,1
S003,momentum_state_transition,momentum,448,1,447,expanding,1 3 12 13 16 19,3 7 13 27 40 41,2
S004,conditional_probability,conditional,448,1,447,expanding,1 6 10 20 30 35,3 7 13 27 40 41,0
S005,structure_transition,structure_transition,448,1,447,expanding,4 12 14 19 38 41,3 7 13 27 40 41,1
S006,pair_residual_node,pair_relation_residual,448,1,447,expanding,11 18 20 34 37 40,3 7 13 27 40 41,1
S007,triple_residual_node,triple_relation_residual,448,1,447,expanding,11 18 20 34 37 40,3 7 13 27 40 41,1
S008,family_balanced_hybrid,hybrid,448,1,447,expanding,1 11 20 34 40 45,3 7 13 27 40 41,1
S001,multi_window_frequency,multi_window_frequency,449,1,448,expanding,1 11 20 27 34 40,3 10 20 26 35 43,1
S002,gap_regime_hazard,gap_time,449,1,448,expanding,1 11 12 14 26 35,3 10 20 26 35 43,2
S003,momentum_state_transition,momentum,449,1,448,expanding,1 3 13 16 20 23,3 10 20 26 35 43,2
S004,conditional_probability,conditional,449,1,448,expanding,1 13 20 30 35 40,3 10 20 26 35 43,2
S005,structure_transition,structure_transition,449,1,448,expanding,1 6 16 35 37 42,3 10 20 26 35 43,1
S006,pair_residual_node,pair_relation_residual,449,1,448,expanding,11 18 20 34 37 40,3 10 20 26 35 43,1
S007,triple_residual_node,triple_relation_residual,449,1,448,expanding,11 18 20 34 37 40,3 10 20 26 35 43,1
S008,family_balanced_hybrid,hybrid,449,1,448,expanding,1 11 20 34 40 45,3 10 20 26 35 43,1
S001,multi_window_frequency,multi_window_frequency,450,1,449,expanding,1 10 11 20 34 40,6 14 19 21 23 31,0
S002,gap_regime_hazard,gap_time,450,1,449,expanding,2 7 8 9 17 33,6 14 19 21 23 31,0
S003,momentum_state_transition,momentum,450,1,449,expanding,1 3 13 16 20 29,6 14 19 21 23 31,0
S004,conditional_probability,conditional,450,1,449,expanding,1 3 10 13 20 35,6 14 19 21 23 31,0
S005,structure_transition,structure_transition,450,1,449,expanding,1 7 13 28 32 42,6 14 19 21 23 31,0
S006,pair_residual_node,pair_relation_residual,450,1,449,expanding,11 18 20 34 37 40,6 14 19 21 23 31,0
S007,triple_residual_node,triple_relation_residual,450,1,449,expanding,11 18 20 34 37 40,6 14 19 21 23 31,0
S008,family_balanced_hybrid,hybrid,450,1,449,expanding,1 11 20 27 34 40,6 14 19 21 23 31,0
S001,multi_window_frequency,multi_window_frequency,451,1,450,expanding,1 11 20 27 34 40,12 15 20 24 30 38,1
S002,gap_regime_hazard,gap_time,451,1,450,expanding,3 7 13 27 40 41,12 15 20 24 30 38,0
S003,momentum_state_transition,momentum,451,1,450,expanding,3 13 19 20 29 31,12 15 20 24 30 38,1
S004,conditional_probability,conditional,451,1,450,expanding,1 3 13 20 23 35,12 15 20 24 30 38,1
S005,structure_transition,structure_transition,451,1,450,expanding,14 22 29 33 39 41,12 15 20 24 30 38,0
S006,pair_residual_node,pair_relation_residual,451,1,450,expanding,11 18 20 34 37 40,12 15 20 24 30 38,1
S007,triple_residual_node,triple_relation_residual,451,1,450,expanding,11 18 20 34 37 40,12 15 20 24 30 38,1
S008,family_balanced_hybrid,hybrid,451,1,450,expanding,3 11 19 20 27 40,12 15 20 24 30 38,1
S001,multi_window_frequency,multi_window_frequency,452,1,451,expanding,11 19 20 26 27 40,8 10 18 30 32 34,0
S002,gap_regime_hazard,gap_time,452,1,451,expanding,3 6 10 26 35 43,8 10 18 30 32 34,1
S003,momentum_state_transition,momentum,452,1,451,expanding,3 12 13 19 20 29,8 10 18 30 32 34,0
S004,conditional_probability,conditional,452,1,451,expanding,3 6 7 13 20 35,8 10 18 30 32 34,0
S005,structure_transition,structure_transition,452,1,451,expanding,2 11 14 28 41 45,8 10 18 30 32 34,0
S006,pair_residual_node,pair_relation_residual,452,1,451,expanding,11 18 20 34 37 40,8 10 18 30 32 34,2
S007,triple_residual_node,triple_relation_residual,452,1,451,expanding,11 18 20 34 37 40,8 10 18 30 32 34,2
S008,family_balanced_hybrid,hybrid,452,1,451,expanding,3 10 11 14 19 20,8 10 18 30 32 34,1
S001,multi_window_frequency,multi_window_frequency,453,1,452,expanding,10 11 20 30 34 40,12 24 33 38 40 42,1
S002,gap_regime_hazard,gap_time,453,1,452,expanding,6 14 19 21 23 31,12 24 33 38 40 42,0
S003,momentum_state_transition,momentum,453,1,452,expanding,12 13 19 20 29 33,12 24 33 38 40 42,2
S004,conditional_probability,conditional,453,1,452,expanding,3 10 13 20 30 35,12 24 33 38 40 42,0
S005,structure_transition,structure_transition,453,1,452,expanding,4 17 20 25 39 44,12 24 33 38 40 42,0
S006,pair_residual_node,pair_relation_residual,453,1,452,expanding,11 18 20 34 37 40,12 24 33 38 40 42,1
S007,triple_residual_node,triple_relation_residual,453,1,452,expanding,11 18 20 34 37 40,12 24 33 38 40 42,1
S008,family_balanced_hybrid,hybrid,453,1,452,expanding,6 11 14 19 20 45,12 24 33 38 40 42,0
S001,multi_window_frequency,multi_window_frequency,454,1,453,expanding,10 11 20 30 34 40,13 25 27 34 38 41,1
S002,gap_regime_hazard,gap_time,454,1,453,expanding,8 10 15 18 20 30,13 25 27 34 38 41,0
S003,momentum_state_transition,momentum,454,1,453,expanding,12 13 20 24 33 35,13 25 27 34 38 41,1
S004,conditional_probability,conditional,454,1,453,expanding,3 12 13 20 30 35,13 25 27 34 38 41,1
S005,structure_transition,structure_transition,454,1,453,expanding,2 20 22 35 37 39,13 25 27 34 38 41,0
S006,pair_residual_node,pair_relation_residual,454,1,453,expanding,11 18 20 34 37 40,13 25 27 34 38 41,1
S007,triple_residual_node,triple_relation_residual,454,1,453,expanding,11 18 20 34 37 40,13 25 27 34 38 41,1
S008,family_balanced_hybrid,hybrid,454,1,453,expanding,10 11 20 34 40 45,13 25 27 34 38 41,1
S001,multi_window_frequency,multi_window_frequency,455,1,454,expanding,20 27 30 34 38 40,4 19 20 26 30 35,2
S002,gap_regime_hazard,gap_time,455,1,454,expanding,8 10 12 18 30 32,4 19 20 26 30 35,1
S003,momentum_state_transition,momentum,455,1,454,expanding,12 23 35 38 41 45,4 19 20 26 30 35,1
S004,conditional_probability,conditional,455,1,454,expanding,3 12 13 20 30 38,4 19 20 26 30 35,2
S005,structure_transition,structure_transition,455,1,454,expanding,6 11 16 24 32 37,4 19 20 26 30 35,0
S006,pair_residual_node,pair_relation_residual,455,1,454,expanding,11 18 20 34 37 40,4 19 20 26 30 35,1
S007,triple_residual_node,triple_relation_residual,455,1,454,expanding,11 18 20 34 37 40,4 19 20 26 30 35,1
S008,family_balanced_hybrid,hybrid,455,1,454,expanding,10 11 12 20 34 40,4 19 20 26 30 35,1
S001,multi_window_frequency,multi_window_frequency,456,1,455,expanding,20 26 30 34 38 40,1 7 12 18 23 27,0
S002,gap_regime_hazard,gap_time,456,1,455,expanding,12 13 24 33 40 42,1 7 12 18 23 27,1
S003,momentum_state_transition,momentum,456,1,455,expanding,12 20 23 35 40 41,1 7 12 18 23 27,2
S004,conditional_probability,conditional,456,1,455,expanding,12 20 26 30 35 38,1 7 12 18 23 27,1
S005,structure_transition,structure_transition,456,1,455,expanding,11 16 18 26 27 39,1 7 12 18 23 27,2
S006,pair_residual_node,pair_relation_residual,456,1,455,expanding,11 18 20 34 37 40,1 7 12 18 23 27,1
S007,triple_residual_node,triple_relation_residual,456,1,455,expanding,11 18 20 34 37 40,1 7 12 18 23 27,1
S008,family_balanced_hybrid,hybrid,456,1,455,expanding,11 12 20 27 34 40,1 7 12 18 23 27,2
S001,multi_window_frequency,multi_window_frequency,457,1,456,expanding,20 26 27 30 34 40,8 10 18 23 27 40,2
S002,gap_regime_hazard,gap_time,457,1,456,expanding,4 13 25 34 38 41,8 10 18 23 27 40,0
S003,momentum_state_transition,momentum,457,1,456,expanding,1 6 7 12 23 35,8 10 18 23 27 40,1
S004,conditional_probability,conditional,457,1,456,expanding,7 12 20 27 30 38,8 10 18 23 27 40,1
S005,structure_transition,structure_transition,457,1,456,expanding,4 11 16 27 32 34,8 10 18 23 27 40,1
S006,pair_residual_node,pair_relation_residual,457,1,456,expanding,11 18 20 34 37 40,8 10 18 23 27 40,2
S007,triple_residual_node,triple_relation_residual,457,1,456,expanding,11 18 20 34 37 40,8 10 18 23 27 40,2
S008,family_balanced_hybrid,hybrid,457,1,456,expanding,11 19 20 27 34 40,8 10 18 23 27 40,2
S001,multi_window_frequency,multi_window_frequency,458,1,457,expanding,10 20 27 30 34 40,4 9 10 32 36 40,2
S002,gap_regime_hazard,gap_time,458,1,457,expanding,4 19 20 26 30 35,4 9 10 32 36 40,1
S003,momentum_state_transition,momentum,458,1,457,expanding,1 6 7 12 20 23,4 9 10 32 36 40,0
S004,conditional_probability,conditional,458,1,457,expanding,10 12 18 20 23 30,4 9 10 32 36 40,1
S005,structure_transition,structure_transition,458,1,457,expanding,4 12 21 32 35 37,4 9 10 32 36 40,2
S006,pair_residual_node,pair_relation_residual,458,1,457,expanding,11 18 20 34 37 40,4 9 10 32 36 40,1
S007,triple_residual_node,triple_relation_residual,458,1,457,expanding,11 18 20 34 37 40,4 9 10 32 36 40,1
S008,family_balanced_hybrid,hybrid,458,1,457,expanding,12 18 19 20 34 40,4 9 10 32 36 40,1
S001,multi_window_frequency,multi_window_frequency,459,1,458,expanding,10 20 27 30 34 40,4 6 10 14 25 40,2
S002,gap_regime_hazard,gap_time,459,1,458,expanding,1 7 8 12 18 23,4 6 10 14 25 40,0
S003,momentum_state_transition,momentum,459,1,458,expanding,1 4 7 12 13 23,4 6 10 14 25 40,1
S004,conditional_probability,conditional,459,1,458,expanding,12 18 20 23 27 30,4 6 10 14 25 40,0
S005,structure_transition,structure_transition,459,1,458,expanding,1 14 19 32 34 37,4 6 10 14 25 40,1
S006,pair_residual_node,pair_relation_residual,459,1,458,expanding,11 18 20 34 37 40,4 6 10 14 25 40,1
S007,triple_residual_node,triple_relation_residual,459,1,458,expanding,11 18 20 34 37 40,4 6 10 14 25 40,1
S008,family_balanced_hybrid,hybrid,459,1,458,expanding,1 12 18 20 27 40,4 6 10 14 25 40,1
S001,multi_window_frequency,multi_window_frequency,460,1,459,expanding,10 20 27 30 34 40,8 11 28 30 43 45,1
S002,gap_regime_hazard,gap_time,460,1,459,expanding,8 9 18 23 27 32,8 11 28 30 43 45,1
S003,momentum_state_transition,momentum,460,1,459,expanding,1 4 7 12 13 14,8 11 28 30 43 45,0
S004,conditional_probability,conditional,460,1,459,expanding,4 10 12 18 23 40,8 11 28 30 43 45,0
S005,structure_transition,structure_transition,460,1,459,expanding,7 16 18 29 33 38,8 11 28 30 43 45,0
S006,pair_residual_node,pair_relation_residual,460,1,459,expanding,11 18 20 34 37 40,8 11 28 30 43 45,1
S007,triple_residual_node,triple_relation_residual,460,1,459,expanding,11 18 20 34 37 40,8 11 28 30 43 45,1
S008,family_balanced_hybrid,hybrid,460,1,459,expanding,12 18 20 27 34 40,8 11 28 30 43 45,0
S001,multi_window_frequency,multi_window_frequency,461,1,460,expanding,10 20 27 30 34 40,11 18 26 31 37 40,1
S002,gap_regime_hazard,gap_time,461,1,460,expanding,4 6 9 10 32 36,11 18 26 31 37 40,0
S003,momentum_state_transition,momentum,461,1,460,expanding,1 4 7 12 13 14,11 18 26 31 37 40,0
S004,conditional_probability,conditional,461,1,460,expanding,4 8 10 12 30 40,11 18 26 31 37 40,1
S005,structure_transition,structure_transition,461,1,460,expanding,1 4 6 31 40 45,11 18 26 31 37 40,2
S006,pair_residual_node,pair_relation_residual,461,1,460,expanding,11 18 20 34 37 40,11 18 26 31 37 40,4
S007,triple_residual_node,triple_relation_residual,461,1,460,expanding,11 18 20 34 37 40,11 18 26 31 37 40,4
S008,family_balanced_hybrid,hybrid,461,1,460,expanding,4 10 18 25 34 40,11 18 26 31 37 40,2
S001,multi_window_frequency,multi_window_frequency,462,1,461,expanding,10 11 20 27 30 40,3 20 24 32 37 45,1
S002,gap_regime_hazard,gap_time,462,1,461,expanding,4 6 8 10 14 25,3 20 24 32 37 45,0
S003,momentum_state_transition,momentum,462,1,461,expanding,4 6 7 12 13 14,3 20 24 32 37 45,0
S004,conditional_probability,conditional,462,1,461,expanding,4 8 10 18 27 30,3 20 24 32 37 45,0
S005,structure_transition,structure_transition,462,1,461,expanding,9 14 16 25 28 39,3 20 24 32 37 45,0
S006,pair_residual_node,pair_relation_residual,462,1,461,expanding,11 18 20 34 37 40,3 20 24 32 37 45,2
S007,triple_residual_node,triple_relation_residual,462,1,461,expanding,11 18 20 34 37 40,3 20 24 32 37 45,2
S008,family_balanced_hybrid,hybrid,462,1,461,expanding,4 10 11 18 25 40,3 20 24 32 37 45,0
S001,multi_window_frequency,multi_window_frequency,463,1,462,expanding,10 11 20 26 27 40,23 29 31 33 34 44,0
S002,gap_regime_hazard,gap_time,463,1,462,expanding,8 11 18 28 30 43,23 29 31 33 34 44,0
S003,momentum_state_transition,momentum,463,1,462,expanding,4 6 7 8 12 13,23 29 31 33 34 44,0
S004,conditional_probability,conditional,463,1,462,expanding,4 8 10 18 27 40,23 29 31 33 34 44,0
S005,structure_transition,structure_transition,463,1,462,expanding,7 12 17 33 36 42,23 29 31 33 34 44,1
S006,pair_residual_node,pair_relation_residual,463,1,462,expanding,11 18 20 34 37 40,23 29 31 33 34 44,1
S007,triple_residual_node,triple_relation_residual,463,1,462,expanding,11 18 20 34 37 40,23 29 31 33 34 44,1
S008,family_balanced_hybrid,hybrid,463,1,462,expanding,10 11 18 20 27 40,23 29 31 33 34 44,0
S001,multi_window_frequency,multi_window_frequency,464,1,463,expanding,10 11 20 27 34 40,6 12 15 34 42 44,1
S002,gap_regime_hazard,gap_time,464,1,463,expanding,3 11 18 20 26 40,6 12 15 34 42 44,0
S003,momentum_state_transition,momentum,464,1,463,expanding,4 7 8 12 13 14,6 12 15 34 42 44,1
S004,conditional_probability,conditional,464,1,463,expanding,4 10 18 23 27 40,6 12 15 34 42 44,0
S005,structure_transition,structure_transition,464,1,463,expanding,2 16 21 33 38 42,6 12 15 34 42 44,1
S006,pair_residual_node,pair_relation_residual,464,1,463,expanding,11 18 20 34 37 40,6 12 15 34 42 44,1
S007,triple_residual_node,triple_relation_residual,464,1,463,expanding,11 18 20 34 37 40,6 12 15 34 42 44,1
S008,family_balanced_hybrid,hybrid,464,1,463,expanding,11 18 20 27 40 45,6 12 15 34 42 44,0
S001,multi_window_frequency,multi_window_frequency,465,1,464,expanding,10 11 20 26 34 40,1 8 11 13 22 38,1
S002,gap_regime_hazard,gap_time,465,1,464,expanding,3 20 24 32 37 45,1 8 11 13 22 38,0
S003,momentum_state_transition,momentum,465,1,464,expanding,4 7 8 12 13 14,1 8 11 13 22 38,2
S004,conditional_probability,conditional,465,1,464,expanding,4 6 10 18 23 40,1 8 11 13 22 38,0
S005,structure_transition,structure_transition,465,1,464,expanding,6 18 23 29 31 36,1 8 11 13 22 38,0
S006,pair_residual_node,pair_relation_residual,465,1,464,expanding,11 18 20 34 37 40,1 8 11 13 22 38,1
S007,triple_residual_node,triple_relation_residual,465,1,464,expanding,11 18 20 34 37 40,1 8 11 13 22 38,1
S008,family_balanced_hybrid,hybrid,465,1,464,expanding,11 18 20 27 40 45,1 8 11 13 22 38,1
S001,multi_window_frequency,multi_window_frequency,466,1,465,expanding,1 10 11 20 34 40,4 10 13 23 32 44,1
S002,gap_regime_hazard,gap_time,466,1,465,expanding,6 12 23 29 31 33,4 10 13 23 32 44,1
S003,momentum_state_transition,momentum,466,1,465,expanding,1 4 7 8 10 12,4 10 13 23 32 44,2
S004,conditional_probability,conditional,466,1,465,expanding,8 10 11 18 23 40,4 10 13 23 32 44,2
S005,structure_transition,structure_transition,466,1,465,expanding,5 15 22 24 27 40,4 10 13 23 32 44,0
S006,pair_residual_node,pair_relation_residual,466,1,465,expanding,11 18 20 34 37 40,4 10 13 23 32 44,0
S007,triple_residual_node,triple_relation_residual,466,1,465,expanding,11 18 20 34 37 40,4 10 13 23 32 44,0
S008,family_balanced_hybrid,hybrid,466,1,465,expanding,10 11 12 18 34 40,4 10 13 23 32 44,1
S001,multi_window_frequency,multi_window_frequency,467,1,466,expanding,10 11 20 34 40 44,2 12 14 17 24 40,1
S002,gap_regime_hazard,gap_time,467,1,466,expanding,1 6 12 15 34 42,2 12 14 17 24 40,1
S003,momentum_state_transition,momentum,467,1,466,expanding,4 7 8 10 18 24,2 12 14 17 24 40,1
S004,conditional_probability,conditional,467,1,466,expanding,4 8 10 11 23 40,2 12 14 17 24 40,1
S005,structure_transition,structure_transition,467,1,466,expanding,7 12 17 26 29 40,2 12 14 17 24 40,3
S006,pair_residual_node,pair_relation_residual,467,1,466,expanding,11 18 20 34 37 40,2 12 14 17 24 40,1
S007,triple_residual_node,triple_relation_residual,467,1,466,expanding,11 18 20 34 37 40,2 12 14 17 24 40,1
S008,family_balanced_hybrid,hybrid,467,1,466,expanding,8 10 11 18 34 40,2 12 14 17 24 40,1
S001,multi_window_frequency,multi_window_frequency,468,1,467,expanding,10 11 20 24 34 40,8 13 15 28 37 43,0
S002,gap_regime_hazard,gap_time,468,1,467,expanding,1 4 8 11 22 38,8 13 15 28 37 43,1
S003,momentum_state_transition,momentum,468,1,467,expanding,4 6 8 10 14 18,8 13 15 28 37 43,1
S004,conditional_probability,conditional,468,1,467,expanding,4 10 11 32 40 44,8 13 15 28 37 43,0
S005,structure_transition,structure_transition,468,1,467,expanding,2 8 25 29 32 37,8 13 15 28 37 43,2
S006,pair_residual_node,pair_relation_residual,468,1,467,expanding,11 18 20 34 37 40,8 13 15 28 37 43,1
S007,triple_residual_node,triple_relation_residual,468,1,467,expanding,11 18 20 34 37 40,8 13 15 28 37 43,1
S008,family_balanced_hybrid,hybrid,468,1,467,expanding,4 10 11 34 40 44,8 13 15 28 37 43,0
S001,multi_window_frequency,multi_window_frequency,469,1,468,expanding,10 11 13 20 34 40,4 21 22 34 37 38,1
S002,gap_regime_hazard,gap_time,469,1,468,expanding,2 4 10 23 32 44,4 21 22 34 37 38,1
S003,momentum_state_transition,momentum,469,1,468,expanding,4 6 8 10 12 14,4 21 22 34 37 38,1
S004,conditional_probability,conditional,469,1,468,expanding,8 11 13 37 40 44,4 21 22 34 37 38,1
S005,structure_transition,structure_transition,469,1,468,expanding,3 13 21 25 30 32,4 21 22 34 37 38,1
S006,pair_residual_node,pair_relation_residual,469,1,468,expanding,11 18 20 34 37 40,4 21 22 34 37 38,2
S007,triple_residual_node,triple_relation_residual,469,1,468,expanding,11 18 20 34 37 40,4 21 22 34 37 38,2
S008,family_balanced_hybrid,hybrid,469,1,468,expanding,4 10 11 12 14 40,4 21 22 34 37 38,1
S001,multi_window_frequency,multi_window_frequency,470,1,469,expanding,11 13 20 34 37 40,10 16 20 39 41 42,1
S002,gap_regime_hazard,gap_time,470,1,469,expanding,2 12 14 17 24 40,10 16 20 39 41 42,0
S003,momentum_state_transition,momentum,470,1,469,expanding,4 6 8 12 14 15,10 16 20 39 41 42,0
S004,conditional_probability,conditional,470,1,469,expanding,8 11 13 34 37 44,10 16 20 39 41 42,0
S005,structure_transition,structure_transition,470,1,469,expanding,10 15 21 26 40 43,10 16 20 39 41 42,1
S006,pair_residual_node,pair_relation_residual,470,1,469,expanding,11 18 20 34 37 40,10 16 20 39 41 42,1
S007,triple_residual_node,triple_relation_residual,470,1,469,expanding,11 18 20 34 37 40,10 16 20 39 41 42,1
S008,family_balanced_hybrid,hybrid,470,1,469,expanding,8 11 12 34 37 40,10 16 20 39 41 42,0
S001,multi_window_frequency,multi_window_frequency,471,1,470,expanding,10 11 20 34 37 40,6 13 29 37 39 41,1
S002,gap_regime_hazard,gap_time,471,1,470,expanding,4 8 13 15 28 43,6 13 29 37 39 41,1
S003,momentum_state_transition,momentum,471,1,470,expanding,4 8 12 15 18 24,6 13 29 37 39 41,0
S004,conditional_probability,conditional,471,1,470,expanding,4 8 13 34 37 44,6 13 29 37 39 41,2
S005,structure_transition,structure_transition,471,1,470,expanding,8 12 23 28 31 39,6 13 29 37 39 41,1
S006,pair_residual_node,pair_relation_residual,471,1,470,expanding,11 18 20 34 37 40,6 13 29 37 39 41,1
S007,triple_residual_node,triple_relation_residual,471,1,470,expanding,11 18 20 34 37 40,6 13 29 37 39 41,1
S008,family_balanced_hybrid,hybrid,471,1,470,expanding,4 8 11 20 34 37,6 13 29 37 39 41,1
S001,multi_window_frequency,multi_window_frequency,472,1,471,expanding,10 13 20 34 37 40,16 25 26 31 36 43,0
S002,gap_regime_hazard,gap_time,472,1,471,expanding,4 10 21 22 34 38,16 25 26 31 36 43,0
S003,momentum_state_transition,momentum,472,1,471,expanding,4 8 18 24 32 37,16 25 26 31 36 43,0
S004,conditional_probability,conditional,472,1,471,expanding,4 6 13 34 37 44,16 25 26 31 36 43,0
S005,structure_transition,structure_transition,472,1,471,expanding,1 5 14 30 37 40,16 25 26 31 36 43,0
S006,pair_residual_node,pair_relation_residual,472,1,471,expanding,11 20 34 37 39 40,16 25 26 31 36 43,0
S007,triple_residual_node,triple_relation_residual,472,1,471,expanding,11 18 20 34 37 40,16 25 26 31 36 43,0
S008,family_balanced_hybrid,hybrid,472,1,471,expanding,4 10 11 20 34 37,16 25 26 31 36 43,0
S001,multi_window_frequency,multi_window_frequency,473,1,472,expanding,10 13 20 34 37 40,8 13 20 22 23 36,2
S002,gap_regime_hazard,gap_time,473,1,472,expanding,6 10 13 20 29 42,8 13 20 22 23 36,2
S003,momentum_state_transition,momentum,473,1,472,expanding,4 18 24 25 27 31,8 13 20 22 23 36,0
S004,conditional_probability,conditional,473,1,472,expanding,4 6 13 34 37 44,8 13 20 22 23 36,1
S005,structure_transition,structure_transition,473,1,472,expanding,3 14 18 23 25 40,8 13 20 22 23 36,1
S006,pair_residual_node,pair_relation_residual,473,1,472,expanding,11 20 34 37 39 40,8 13 20 22 23 36,1
S007,triple_residual_node,triple_relation_residual,473,1,472,expanding,11 18 20 34 37 40,8 13 20 22 23 36,1
S008,family_balanced_hybrid,hybrid,473,1,472,expanding,4 10 18 20 34 37,8 13 20 22 23 36,1
S001,multi_window_frequency,multi_window_frequency,474,1,473,expanding,8 10 13 20 34 40,4 13 18 31 33 45,1
S002,gap_regime_hazard,gap_time,474,1,473,expanding,6 16 29 37 39 41,4 13 18 31 33 45,0
S003,momentum_state_transition,momentum,474,1,473,expanding,4 18 22 25 27 31,4 13 18 31 33 45,3
S004,conditional_probability,conditional,474,1,473,expanding,4 6 8 13 22 37,4 13 18 31 33 45,2
S005,structure_transition,structure_transition,474,1,473,expanding,12 14 19 27 29 35,4 13 18 31 33 45,0
S006,pair_residual_node,pair_relation_residual,474,1,473,expanding,11 20 34 37 39 40,4 13 18 31 33 45,0
S007,triple_residual_node,triple_relation_residual,474,1,473,expanding,11 18 20 34 37 40,4 13 18 31 33 45,1
S008,family_balanced_hybrid,hybrid,474,1,473,expanding,4 18 20 27 34 37,4 13 18 31 33 45,2
S001,multi_window_frequency,multi_window_frequency,475,1,474,expanding,8 10 13 20 37 40,1 9 14 16 21 29,0
S002,gap_regime_hazard,gap_time,475,1,474,expanding,8 16 20 25 26 43,1 9 14 16 21 29,1
S003,momentum_state_transition,momentum,475,1,474,expanding,4 18 22 31 32 36,1 9 14 16 21 29,0
S004,conditional_probability,conditional,475,1,474,expanding,4 8 10 16 22 37,1 9 14 16 21 29,1
S005,structure_transition,structure_transition,475,1,474,expanding,3 8 27 30 36 38,1 9 14 16 21 29,0
S006,pair_residual_node,pair_relation_residual,475,1,474,expanding,11 18 20 34 37 40,1 9 14 16 21 29,0
S007,triple_residual_node,triple_relation_residual,475,1,474,expanding,11 18 20 34 37 40,1 9 14 16 21 29,0
S008,family_balanced_hybrid,hybrid,475,1,474,expanding,8 10 11 20 36 37,1 9 14 16 21 29,0
S001,multi_window_frequency,multi_window_frequency,476,1,475,expanding,10 13 20 34 37 40,9 12 13 15 37 38,2
S002,gap_regime_hazard,gap_time,476,1,475,expanding,4 8 20 22 23 36,9 12 13 15 37 38,0
S003,momentum_state_transition,momentum,476,1,475,expanding,1 4 8 16 18 22,9 12 13 15 37 38,0
S004,conditional_probability,conditional,476,1,475,expanding,4 8 10 13 16 37,9 12 13 15 37 38,2
S005,structure_transition,structure_transition,476,1,475,expanding,4 11 16 27 32 34,9 12 13 15 37 38,0
S006,pair_residual_node,pair_relation_residual,476,1,475,expanding,11 20 34 37 39 40,9 12 13 15 37 38,1
S007,triple_residual_node,triple_relation_residual,476,1,475,expanding,11 18 20 34 37 40,9 12 13 15 37 38,1
S008,family_balanced_hybrid,hybrid,476,1,475,expanding,4 8 11 18 20 37,9 12 13 15 37 38,1
S001,multi_window_frequency,multi_window_frequency,477,1,476,expanding,10 13 20 34 37 40,14 25 29 32 33 45,0
S002,gap_regime_hazard,gap_time,477,1,476,expanding,1 4 18 31 33 45,14 25 29 32 33 45,2
S003,momentum_state_transition,momentum,477,1,476,expanding,4 8 9 14 15 16,14 25 29 32 33 45,1
S004,conditional_probability,conditional,477,1,476,expanding,4 8 9 13 16 37,14 25 29 32 33 45,0
S005,structure_transition,structure_transition,477,1,476,expanding,4 7 27 31 33 42,14 25 29 32 33 45,1
S006,pair_residual_node,pair_relation_residual,477,1,476,expanding,11 18 20 34 37 40,14 25 29 32 33 45,0
S007,triple_residual_node,triple_relation_residual,477,1,476,expanding,11 18 20 34 37 40,14 25 29 32 33 45,0
S008,family_balanced_hybrid,hybrid,477,1,476,expanding,4 14 16 18 20 37,14 25 29 32 33 45,1
S001,multi_window_frequency,multi_window_frequency,478,1,477,expanding,10 13 20 34 37 40,18 29 30 37 39 43,1
S002,gap_regime_hazard,gap_time,478,1,477,expanding,1 9 12 13 16 21,18 29 30 37 39 43,0
S003,momentum_state_transition,momentum,478,1,477,expanding,4 9 11 14 15 16,18 29 30 37 39 43,0
S004,conditional_probability,conditional,478,1,477,expanding,4 8 13 16 29 37,18 29 30 37 39 43,2
S005,structure_transition,structure_transition,478,1,477,expanding,8 11 16 25 30 38,18 29 30 37 39 43,1
S006,pair_residual_node,pair_relation_residual,478,1,477,expanding,11 20 34 37 39 40,18 29 30 37 39 43,2
S007,triple_residual_node,triple_relation_residual,478,1,477,expanding,11 18 20 34 37 40,18 29 30 37 39 43,2
S008,family_balanced_hybrid,hybrid,478,1,477,expanding,9 11 13 16 20 37,18 29 30 37 39 43,1
S001,multi_window_frequency,multi_window_frequency,479,1,478,expanding,10 13 14 20 37 40,8 23 25 27 35 44,0
S002,gap_regime_hazard,gap_time,479,1,478,expanding,9 12 13 14 15 38,8 23 25 27 35 44,0
S003,momentum_state_transition,momentum,479,1,478,expanding,6 11 14 15 16 22,8 23 25 27 35 44,0
S004,conditional_probability,conditional,479,1,478,expanding,4 13 16 29 37 39,8 23 25 27 35 44,0
S005,structure_transition,structure_transition,479,1,478,expanding,12 19 22 25 38 40,8 23 25 27 35 44,1
S006,pair_residual_node,pair_relation_residual,479,1,478,expanding,11 18 20 34 37 40,8 23 25 27 35 44,0
S007,triple_residual_node,triple_relation_residual,479,1,478,expanding,11 18 20 34 37 40,8 23 25 27 35 44,0
S008,family_balanced_hybrid,hybrid,479,1,478,expanding,11 13 14 20 29 37,8 23 25 27 35 44,0
S001,multi_window_frequency,multi_window_frequency,480,1,479,expanding,8 13 14 20 37 40,3 5 10 17 30 31,0
S002,gap_regime_hazard,gap_time,480,1,479,expanding,14 18 29 32 33 45,3 5 10 17 30 31,0
S003,momentum_state_transition,momentum,480,1,479,expanding,11 15 16 22 29 31,3 5 10 17 30 31,1
S004,conditional_probability,conditional,480,1,479,expanding,13 16 25 29 37 39,3 5 10 17 30 31,0
S005,structure_transition,structure_transition,480,1,479,expanding,4 11 16 27 32 34,3 5 10 17 30 31,0
S006,pair_residual_node,pair_relation_residual,480,1,479,expanding,11 18 20 34 37 40,3 5 10 17 30 31,0
S007,triple_residual_node,triple_relation_residual,480,1,479,expanding,11 18 20 34 37 40,3 5 10 17 30 31,0
S008,family_balanced_hybrid,hybrid,480,1,479,expanding,14 18 20 29 37 39,3 5 10 17 30 31,0
S001,multi_window_frequency,multi_window_frequency,481,1,480,expanding,10 13 20 31 37 40,3 4 23 29 40 41,1
S002,gap_regime_hazard,gap_time,481,1,480,expanding,8 18 29 37 39 43,3 4 23 29 40 41,1
S003,momentum_state_transition,momentum,481,1,480,expanding,15 16 22 29 31 32,3 4 23 29 40 41,1
S004,conditional_probability,conditional,481,1,480,expanding,8 13 25 29 31 37,3 4 23 29 40 41,1
S005,structure_transition,structure_transition,481,1,480,expanding,1 14 17 27 32 35,3 4 23 29 40 41,0
S006,pair_residual_node,pair_relation_residual,481,1,480,expanding,11 18 20 34 37 40,3 4 23 29 40 41,1
S007,triple_residual_node,triple_relation_residual,481,1,480,expanding,11 18 20 34 37 40,3 4 23 29 40 41,1
S008,family_balanced_hybrid,hybrid,481,1,480,expanding,18 25 29 34 37 39,3 4 23 29 40 41,1
S001,multi_window_frequency,multi_window_frequency,482,1,481,expanding,13 20 29 31 37 40,1 10 16 24 25 35,0
S002,gap_regime_hazard,gap_time,482,1,481,expanding,5 8 25 27 35 44,1 10 16 24 25 35,2
S003,momentum_state_transition,momentum,482,1,481,expanding,3 15 16 22 29 31,1 10 16 24 25 35,1
S004,conditional_probability,conditional,482,1,481,expanding,3 13 23 25 29 31,1 10 16 24 25 35,1
S005,structure_transition,structure_transition,482,1,481,expanding,10 14 22 24 27 43,1 10 16 24 25 35,2
S006,pair_residual_node,pair_relation_residual,482,1,481,expanding,11 18 20 34 37 40,1 10 16 24 25 35,0
S007,triple_residual_node,triple_relation_residual,482,1,481,expanding,11 18 20 34 37 40,1 10 16 24 25 35,0
S008,family_balanced_hybrid,hybrid,482,1,481,expanding,8 20 25 29 34 37,1 10 16 24 25 35,1
S001,multi_window_frequency,multi_window_frequency,483,1,482,expanding,10 13 20 29 37 40,12 15 19 22 28 34,0
S002,gap_regime_hazard,gap_time,483,1,482,expanding,3 4 5 17 30 31,12 15 19 22 28 34,0
S003,momentum_state_transition,momentum,483,1,482,expanding,1 15 16 22 25 29,12 15 19 22 28 34,2
S004,conditional_probability,conditional,483,1,482,expanding,1 3 13 23 25 29,12 15 19 22 28 34,0
S005,structure_transition,structure_transition,483,1,482,expanding,2 20 22 35 37 39,12 15 19 22 28 34,1
S006,pair_residual_node,pair_relation_residual,483,1,482,expanding,11 18 20 34 37 40,12 15 19 22 28 34,1
S007,triple_residual_node,triple_relation_residual,483,1,482,expanding,11 18 20 34 37 40,12 15 19 22 28 34,1
S008,family_balanced_hybrid,hybrid,483,1,482,expanding,1 4 25 29 34 37,12 15 19 22 28 34,1
S001,multi_window_frequency,multi_window_frequency,484,1,483,expanding,10 13 20 29 37 40,1 3 27 28 32 45,0
S002,gap_regime_hazard,gap_time,484,1,483,expanding,3 4 23 29 40 41,1 3 27 28 32 45,1
S003,momentum_state_transition,momentum,484,1,483,expanding,1 15 16 22 25 29,1 3 27 28 32 45,1
S004,conditional_probability,conditional,484,1,483,expanding,2 6 7 11 25 29,1 3 27 28 32 45,0
S005,structure_transition,structure_transition,484,1,483,expanding,2 11 14 28 41 45,1 3 27 28 32 45,2
S006,pair_residual_node,pair_relation_residual,484,1,483,expanding,11 18 20 34 37 40,1 3 27 28 32 45,0
S007,triple_residual_node,triple_relation_residual,484,1,483,expanding,11 18 20 34 37 40,1 3 27 28 32 45,0
S008,family_balanced_hybrid,hybrid,484,1,483,expanding,1 4 10 20 25 29,1 3 27 28 32 45,1
S001,multi_window_frequency,multi_window_frequency,485,1,484,expanding,1 10 20 29 37 40,17 22 26 27 36 39,0
S002,gap_regime_hazard,gap_time,485,1,484,expanding,10 12 16 24 25 35,17 22 26 27 36 39,0
S003,momentum_state_transition,momentum,485,1,484,expanding,1 15 16 22 25 28,17 22 26 27 36 39,1
S004,conditional_probability,conditional,485,1,484,expanding,1 2 3 6 25 29,17 22 26 27 36 39,0
S005,structure_transition,structure_transition,485,1,484,expanding,5 9 20 26 29 37,17 22 26 27 36 39,1
S006,pair_residual_node,pair_relation_residual,485,1,484,expanding,11 18 20 34 37 40,17 22 26 27 36 39,0
S007,triple_residual_node,triple_relation_residual,485,1,484,expanding,11 18 20 34 37 40,17 22 26 27 36 39,0
S008,family_balanced_hybrid,hybrid,485,1,484,expanding,1 10 20 25 29 37,17 22 26 27 36 39,0
S001,multi_window_frequency,multi_window_frequency,486,1,485,expanding,1 10 20 27 37 40,1 2 23 25 38 40,2
S002,gap_regime_hazard,gap_time,486,1,485,expanding,1 3 12 15 19 34,1 2 23 25 38 40,1
S003,momentum_state_transition,momentum,486,1,485,expanding,15 16 17 22 25 28,1 2 23 25 38 40,1
S004,conditional_probability,conditional,486,1,485,expanding,2 3 6 25 27 29,1 2 23 25 38 40,2
S005,structure_transition,structure_transition,486,1,485,expanding,1 6 16 35 37 42,1 2 23 25 38 40,1
S006,pair_residual_node,pair_relation_residual,486,1,485,expanding,11 18 20 34 37 40,1 2 23 25 38 40,1
S007,triple_residual_node,triple_relation_residual,486,1,485,expanding,11 18 20 34 37 40,1 2 23 25 38 40,1
S008,family_balanced_hybrid,hybrid,486,1,485,expanding,1 20 25 29 37 45,1 2 23 25 38 40,2
S001,multi_window_frequency,multi_window_frequency,487,1,486,expanding,1 10 23 25 37 40,4 8 25 27 37 41,2
S002,gap_regime_hazard,gap_time,487,1,486,expanding,3 17 22 28 32 45,4 8 25 27 37 41,0
S003,momentum_state_transition,momentum,487,1,486,expanding,1 14 15 16 17 22,4 8 25 27 37 41,0
S004,conditional_probability,conditional,487,1,486,expanding,1 3 23 25 27 29,4 8 25 27 37 41,2
S005,structure_transition,structure_transition,487,1,486,expanding,4 10 20 23 37 41,4 8 25 27 37 41,3
S006,pair_residual_node,pair_relation_residual,487,1,486,expanding,11 20 27 34 37 40,4 8 25 27 37 41,2
S007,triple_residual_node,triple_relation_residual,487,1,486,expanding,11 20 27 34 37 40,4 8 25 27 37 41,2
S008,family_balanced_hybrid,hybrid,487,1,486,expanding,1 17 25 27 39 45,4 8 25 27 37 41,2
S001,multi_window_frequency,multi_window_frequency,488,1,487,expanding,1 10 25 27 37 40,2 8 17 30 31 38,0
S002,gap_regime_hazard,gap_time,488,1,487,expanding,1 17 22 26 36 39,2 8 17 30 31 38,1
S003,momentum_state_transition,momentum,488,1,487,expanding,1 15 16 22 25 28,2 8 17 30 31 38,0
S004,conditional_probability,conditional,488,1,487,expanding,1 3 6 23 25 27,2 8 17 30 31 38,0
S005,structure_transition,structure_transition,488,1,487,expanding,3 7 18 26 29 43,2 8 17 30 31 38,0
S006,pair_residual_node,pair_relation_residual,488,1,487,expanding,11 20 27 34 37 40,2 8 17 30 31 38,0
S007,triple_residual_node,triple_relation_residual,488,1,487,expanding,11 20 27 34 37 40,2 8 17 30 31 38,0
S008,family_balanced_hybrid,hybrid,488,1,487,expanding,1 20 25 27 39 40,2 8 17 30 31 38,0
S001,multi_window_frequency,multi_window_frequency,489,1,488,expanding,1 8 25 27 37 40,2 4 8 15 20 27,2
S002,gap_regime_hazard,gap_time,489,1,488,expanding,1 4 23 25 27 40,2 4 8 15 20 27,2
S003,momentum_state_transition,momentum,489,1,488,expanding,1 3 16 17 22 25,2 4 8 15 20 27,0
S004,conditional_probability,conditional,489,1,488,expanding,1 3 8 17 25 27,2 4 8 15 20 27,2
S005,structure_transition,structure_transition,489,1,488,expanding,10 15 18 25 39 42,2 4 8 15 20 27,1
S006,pair_residual_node,pair_relation_residual,489,1,488,expanding,11 20 27 34 37 40,2 4 8 15 20 27,2
S007,triple_residual_node,triple_relation_residual,489,1,488,expanding,11 20 27 34 37 40,2 4 8 15 20 27,2
S008,family_balanced_hybrid,hybrid,489,1,488,expanding,1 4 25 27 37 40,2 4 8 15 20 27,2
S001,multi_window_frequency,multi_window_frequency,490,1,489,expanding,1 8 20 27 37 40,2 7 26 29 40 43,1
S002,gap_regime_hazard,gap_time,490,1,489,expanding,17 25 30 31 37 41,2 7 26 29 40 43,0
S003,momentum_state_transition,momentum,490,1,489,expanding,1 2 3 16 17 22,2 7 26 29 40 43,1
S004,conditional_probability,conditional,490,1,489,expanding,1 2 3 4 8 27,2 7 26 29 40 43,1
S005,structure_transition,structure_transition,490,1,489,expanding,2 13 17 33 36 38,2 7 26 29 40 43,1
S006,pair_residual_node,pair_relation_residual,490,1,489,expanding,11 20 27 34 37 40,2 7 26 29 40 43,1
S007,triple_residual_node,triple_relation_residual,490,1,489,expanding,11 20 27 34 37 40,2 7 26 29 40 43,1
S008,family_balanced_hybrid,hybrid,490,1,489,expanding,1 10 17 25 27 37,2 7 26 29 40 43,0
S001,multi_window_frequency,multi_window_frequency,491,1,490,expanding,1 8 20 27 37 40,8 17 35 36 39 42,1
S002,gap_regime_hazard,gap_time,491,1,490,expanding,4 8 17 30 31 38,8 17 35 36 39 42,2
S003,momentum_state_transition,momentum,491,1,490,expanding,1 2 3 16 17 22,8 17 35 36 39 42,1
S004,conditional_probability,conditional,491,1,490,expanding,1 2 4 8 25 27,8 17 35 36 39 42,1
S005,structure_transition,structure_transition,491,1,490,expanding,6 10 19 24 27 37,8 17 35 36 39 42,0
S006,pair_residual_node,pair_relation_residual,491,1,490,expanding,11 20 27 34 37 40,8 17 35 36 39 42,0
S007,triple_residual_node,triple_relation_residual,491,1,490,expanding,11 20 27 34 37 40,8 17 35 36 39 42,0
S008,family_balanced_hybrid,hybrid,491,1,490,expanding,1 4 17 25 27 40,8 17 35 36 39 42,1
S001,multi_window_frequency,multi_window_frequency,492,1,491,expanding,1 8 20 27 37 40,22 27 31 35 37 40,3
S002,gap_regime_hazard,gap_time,492,1,491,expanding,2 4 7 15 20 27,22 27 31 35 37 40,1
S003,momentum_state_transition,momentum,492,1,491,expanding,1 2 3 15 16 17,22 27 31 35 37 40,0
S004,conditional_probability,conditional,492,1,491,expanding,1 2 8 17 25 27,22 27 31 35 37 40,1
S005,structure_transition,structure_transition,492,1,491,expanding,4 13 16 31 33 42,22 27 31 35 37 40,1
S006,pair_residual_node,pair_relation_residual,492,1,491,expanding,11 20 25 34 37 40,22 27 31 35 37 40,2
S007,triple_residual_node,triple_relation_residual,492,1,491,expanding,11 20 25 34 37 40,22 27 31 35 37 40,2
S008,family_balanced_hybrid,hybrid,492,1,491,expanding,1 4 17 25 27 40,22 27 31 35 37 40,2
S001,multi_window_frequency,multi_window_frequency,493,1,492,expanding,8 20 22 27 37 40,20 22 26 33 36 37,3
S002,gap_regime_hazard,gap_time,493,1,492,expanding,2 7 8 26 29 43,20 22 26 33 36 37,1
S003,momentum_state_transition,momentum,493,1,492,expanding,1 2 3 15 17 22,20 22 26 33 36 37,1
S004,conditional_probability,conditional,493,1,492,expanding,2 8 17 22 27 40,20 22 26 33 36 37,1
S005,structure_transition,structure_transition,493,1,492,expanding,8 12 29 34 43 44,20 22 26 33 36 37,0
S006,pair_residual_node,pair_relation_residual,493,1,492,expanding,11 20 25 34 37 40,20 22 26 33 36 37,2
S007,triple_residual_node,triple_relation_residual,493,1,492,expanding,11 20 25 34 37 40,20 22 26 33 36 37,2
S008,family_balanced_hybrid,hybrid,493,1,492,expanding,1 8 17 27 39 40,20 22 26 33 36 37,0
S001,multi_window_frequency,multi_window_frequency,494,1,493,expanding,8 20 22 27 37 40,5 7 8 15 30 43,1
S002,gap_regime_hazard,gap_time,494,1,493,expanding,8 17 27 31 39 42,5 7 8 15 30 43,1
S003,momentum_state_transition,momentum,494,1,493,expanding,1 2 3 15 17 29,5 7 8 15 30 43,1
S004,conditional_probability,conditional,494,1,493,expanding,2 8 17 22 26 27,5 7 8 15 30 43,1
S005,structure_transition,structure_transition,494,1,493,expanding,7 12 17 26 29 40,5 7 8 15 30 43,1
S006,pair_residual_node,pair_relation_residual,494,1,493,expanding,11 20 27 34 37 40,5 7 8 15 30 43,0
S007,triple_residual_node,triple_relation_residual,494,1,493,expanding,11 20 25 34 37 40,5 7 8 15 30 43,0
S008,family_balanced_hybrid,hybrid,494,1,493,expanding,1 8 17 27 39 40,5 7 8 15 30 43,1
S001,multi_window_frequency,multi_window_frequency,495,1,494,expanding,8 20 22 27 37 40,4 13 22 27 34 44,2
S002,gap_regime_hazard,gap_time,495,1,494,expanding,20 22 27 31 35 40,4 13 22 27 34 44,2
S003,momentum_state_transition,momentum,495,1,494,expanding,1 2 3 15 17 25,4 13 22 27 34 44,0
S004,conditional_probability,conditional,495,1,494,expanding,2 8 17 22 26 27,4 13 22 27 34 44,2
S005,structure_transition,structure_transition,495,1,494,expanding,4 7 27 31 33 42,4 13 22 27 34 44,2
S006,pair_residual_node,pair_relation_residual,495,1,494,expanding,11 20 25 34 37 40,4 13 22 27 34 44,1
S007,triple_residual_node,triple_relation_residual,495,1,494,expanding,11 20 25 34 37 40,4 13 22 27 34 44,1
S008,family_balanced_hybrid,hybrid,495,1,494,expanding,17 20 25 27 37 40,4 13 22 27 34 44,1
S001,multi_window_frequency,multi_window_frequency,496,1,495,expanding,8 20 22 27 37 40,4 13 20 29 36 41,1
S002,gap_regime_hazard,gap_time,496,1,495,expanding,5 20 26 33 36 37,4 13 20 29 36 41,2
S003,momentum_state_transition,momentum,496,1,495,expanding,2 3 15 17 25 26,4 13 20 29 36 41,0
S004,conditional_probability,conditional,496,1,495,expanding,2 4 8 22 27 37,4 13 20 29 36 41,1
S005,structure_transition,structure_transition,496,1,495,expanding,5 18 22 24 29 45,4 13 20 29 36 41,1
S006,pair_residual_node,pair_relation_residual,496,1,495,expanding,11 20 27 34 37 40,4 13 20 29 36 41,1
S007,triple_residual_node,triple_relation_residual,496,1,495,expanding,11 20 27 34 37 40,4 13 20 29 36 41,1
S008,family_balanced_hybrid,hybrid,496,1,495,expanding,8 20 25 27 37 40,4 13 20 29 36 41,1
S001,multi_window_frequency,multi_window_frequency,497,1,496,expanding,4 8 20 22 27 37,19 20 23 24 43 44,1
S002,gap_regime_hazard,gap_time,497,1,496,expanding,5 7 8 15 30 43,19 20 23 24 43 44,1
S003,momentum_state_transition,momentum,497,1,496,expanding,1 2 3 17 25 26,19 20 23 24 43 44,0
S004,conditional_probability,conditional,497,1,496,expanding,2 4 8 20 22 27,19 20 23 24 43 44,1
S005,structure_transition,structure_transition,497,1,496,expanding,7 10 21 27 32 34,19 20 23 24 43 44,0
S006,pair_residual_node,pair_relation_residual,497,1,496,expanding,11 20 27 34 37 40,19 20 23 24 43 44,1
S007,triple_residual_node,triple_relation_residual,497,1,496,expanding,11 20 27 34 37 40,19 20 23 24 43 44,1
S008,family_balanced_hybrid,hybrid,497,1,496,expanding,1 8 17 20 27 37,19 20 23 24 43 44,1
S001,multi_window_frequency,multi_window_frequency,498,1,497,expanding,4 8 20 22 27 37,13 14 24 32 39 41,0
S002,gap_regime_hazard,gap_time,498,1,497,expanding,4 13 22 27 29 34,13 14 24 32 39 41,1
S003,momentum_state_transition,momentum,498,1,497,expanding,1 2 3 17 26 27,13 14 24 32 39 41,0
S004,conditional_probability,conditional,498,1,497,expanding,2 4 8 20 22 27,13 14 24 32 39 41,0
S005,structure_transition,structure_transition,498,1,497,expanding,11 16 18 26 27 39,13 14 24 32 39 41,1
S006,pair_residual_node,pair_relation_residual,498,1,497,expanding,11 20 27 34 37 40,13 14 24 32 39 41,0
S007,triple_residual_node,triple_relation_residual,498,1,497,expanding,11 20 27 34 37 40,13 14 24 32 39 41,0
S008,family_balanced_hybrid,hybrid,498,1,497,expanding,1 4 17 20 27 29,13 14 24 32 39 41,0
S001,multi_window_frequency,multi_window_frequency,499,1,498,expanding,8 13 20 22 27 37,5 20 23 27 35 40,2
S002,gap_regime_hazard,gap_time,499,1,498,expanding,4 19 20 23 29 36,5 20 23 27 35 40,2
S003,momentum_state_transition,momentum,499,1,498,expanding,1 2 3 17 24 26,5 20 23 27 35 40,0
S004,conditional_probability,conditional,499,1,498,expanding,4 8 13 20 22 27,5 20 23 27 35 40,2
S005,structure_transition,structure_transition,499,1,498,expanding,6 10 19 24 27 37,5 20 23 27 35 40,1
S006,pair_residual_node,pair_relation_residual,499,1,498,expanding,11 20 27 34 37 40,5 20 23 27 35 40,3
S007,triple_residual_node,triple_relation_residual,499,1,498,expanding,11 20 27 34 37 40,5 20 23 27 35 40,3
S008,family_balanced_hybrid,hybrid,499,1,498,expanding,1 4 20 27 29 36,5 20 23 27 35 40,2
S001,multi_window_frequency,multi_window_frequency,500,1,499,expanding,13 20 22 27 37 40,3 4 12 20 24 34,1
S002,gap_regime_hazard,gap_time,500,1,499,expanding,13 14 19 24 43 44,3 4 12 20 24 34,1
S003,momentum_state_transition,momentum,500,1,499,expanding,1 2 3 5 17 24,3 4 12 20 24 34,2
S004,conditional_probability,conditional,500,1,499,expanding,13 20 22 27 35 36,3 4 12 20 24 34,1
S005,structure_transition,structure_transition,500,1,499,expanding,10 14 22 24 27 43,3 4 12 20 24 34,1
S006,pair_residual_node,pair_relation_residual,500,1,499,expanding,11 20 27 34 37 40,3 4 12 20 24 34,2
S007,triple_residual_node,triple_relation_residual,500,1,499,expanding,11 20 27 34 37 40,3 4 12 20 24 34,2
S008,family_balanced_hybrid,hybrid,500,1,499,expanding,1 13 20 27 39 40,3 4 12 20 24 34,1
S001,multi_window_frequency,multi_window_frequency,501,1,500,expanding,4 13 20 22 27 40,1 4 10 17 31 42,1
S002,gap_regime_hazard,gap_time,501,1,500,expanding,5 13 14 32 39 41,1 4 10 17 31 42,0
S003,momentum_state_transition,momentum,501,1,500,expanding,1 2 3 17 24 26,1 4 10 17 31 42,2
S004,conditional_probability,conditional,501,1,500,expanding,4 13 20 22 24 27,1 4 10 17 31 42,1
S005,structure_transition,structure_transition,501,1,500,expanding,7 17 24 26 30 35,1 4 10 17 31 42,1
S006,pair_residual_node,pair_relation_residual,501,1,500,expanding,11 20 34 37 39 40,1 4 10 17 31 42,0
S007,triple_residual_node,triple_relation_residual,501,1,500,expanding,11 20 34 37 39 40,1 4 10 17 31 42,0
S008,family_balanced_hybrid,hybrid,501,1,500,expanding,1 13 20 27 39 40,1 4 10 17 31 42,1
S001,multi_window_frequency,multi_window_frequency,502,1,501,expanding,4 13 20 22 27 40,6 22 28 32 34 40,2
S002,gap_regime_hazard,gap_time,502,1,501,expanding,3 5 23 27 35 40,6 22 28 32 34 40,1
S003,momentum_state_transition,momentum,502,1,501,expanding,1 2 17 24 26 27,6 22 28 32 34 40,0
S004,conditional_probability,conditional,502,1,501,expanding,4 13 20 22 24 27,6 22 28 32 34 40,1
S005,structure_transition,structure_transition,502,1,501,expanding,7 12 14 16 27 45,6 22 28 32 34 40,0
S006,pair_residual_node,pair_relation_residual,502,1,501,expanding,11 20 34 37 39 40,6 22 28 32 34 40,2
S007,triple_residual_node,triple_relation_residual,502,1,501,expanding,11 20 34 37 39 40,6 22 28 32 34 40,2
S008,family_balanced_hybrid,hybrid,502,1,501,expanding,20 24 27 34 37 40,6 22 28 32 34 40,2
S001,multi_window_frequency,multi_window_frequency,503,1,502,expanding,4 13 20 22 27 40,1 5 27 30 34 36,1
S002,gap_regime_hazard,gap_time,503,1,502,expanding,1 3 4 12 20 24,1 5 27 30 34 36,1
S003,momentum_state_transition,momentum,503,1,502,expanding,2 17 20 24 26 27,1 5 27 30 34 36,1
S004,conditional_probability,conditional,503,1,502,expanding,4 13 20 22 24 34,1 5 27 30 34 36,1
S005,structure_transition,structure_transition,503,1,502,expanding,6 19 21 24 38 41,1 5 27 30 34 36,0
S006,pair_residual_node,pair_relation_residual,503,1,502,expanding,11 20 34 37 39 40,1 5 27 30 34 36,1
S007,triple_residual_node,triple_relation_residual,503,1,502,expanding,11 20 34 37 39 40,1 5 27 30 34 36,1
S008,family_balanced_hybrid,hybrid,503,1,502,expanding,1 4 20 24 27 40,1 5 27 30 34 36,2
S001,multi_window_frequency,multi_window_frequency,504,1,503,expanding,4 13 20 27 34 40,6 14 22 26 43 44,0
S002,gap_regime_hazard,gap_time,504,1,503,expanding,4 6 10 17 31 42,6 14 22 26 43 44,1
S003,momentum_state_transition,momentum,504,1,503,expanding,2 5 17 20 24 26,6 14 22 26 43 44,1
S004,conditional_probability,conditional,504,1,503,expanding,4 5 13 20 24 34,6 14 22 26 43 44,0
S005,structure_transition,structure_transition,504,1,503,expanding,16 19 20 24 31 39,6 14 22 26 43 44,0
S006,pair_residual_node,pair_relation_residual,504,1,503,expanding,11 20 34 37 39 40,6 14 22 26 43 44,0
S007,triple_residual_node,triple_relation_residual,504,1,503,expanding,11 20 34 37 39 40,6 14 22 26 43 44,0
S008,family_balanced_hybrid,hybrid,504,1,503,expanding,1 4 20 27 34 40,6 14 22 26 43 44,0
S001,multi_window_frequency,multi_window_frequency,505,1,504,expanding,4 20 22 27 34 40,7 20 22 25 38 40,3
S002,gap_regime_hazard,gap_time,505,1,504,expanding,1 5 27 28 32 40,7 20 22 25 38 40,1
S003,momentum_state_transition,momentum,505,1,504,expanding,2 5 17 20 24 26,7 20 22 25 38 40,1
S004,conditional_probability,conditional,505,1,504,expanding,4 13 20 22 24 34,7 20 22 25 38 40,2
S005,structure_transition,structure_transition,505,1,504,expanding,15 22 25 31 36 40,7 20 22 25 38 40,3
S006,pair_residual_node,pair_relation_residual,505,1,504,expanding,11 20 34 37 39 40,7 20 22 25 38 40,2
S007,triple_residual_node,triple_relation_residual,505,1,504,expanding,11 20 34 37 39 40,7 20 22 25 38 40,2
S008,family_balanced_hybrid,hybrid,505,1,504,expanding,1 4 20 27 34 40,7 20 22 25 38 40,2
S001,multi_window_frequency,multi_window_frequency,506,1,505,expanding,4 20 22 27 34 40,6 9 11 22 24 30,1
S002,gap_regime_hazard,gap_time,506,1,505,expanding,1 5 27 30 34 36,6 9 11 22 24 30,1
S003,momentum_state_transition,momentum,506,1,505,expanding,2 5 7 20 24 26,6 9 11 22 24 30,1
S004,conditional_probability,conditional,506,1,505,expanding,4 20 22 24 34 40,6 9 11 22 24 30,2
S005,structure_transition,structure_transition,506,1,505,expanding,1 4 11 32 36 39,6 9 11 22 24 30,1
S006,pair_residual_node,pair_relation_residual,506,1,505,expanding,11 20 34 37 39 40,6 9 11 22 24 30,1
S007,triple_residual_node,triple_relation_residual,506,1,505,expanding,11 20 34 37 39 40,6 9 11 22 24 30,1
S008,family_balanced_hybrid,hybrid,506,1,505,expanding,1 4 20 27 34 40,6 9 11 22 24 30,0
S001,multi_window_frequency,multi_window_frequency,507,1,506,expanding,4 20 22 27 34 40,12 13 32 33 40 41,1
S002,gap_regime_hazard,gap_time,507,1,506,expanding,7 14 20 26 43 44,12 13 32 33 40 41,0
S003,momentum_state_transition,momentum,507,1,506,expanding,2 5 6 7 20 24,12 13 32 33 40 41,0
S004,conditional_probability,conditional,507,1,506,expanding,6 20 22 24 34 40,12 13 32 33 40 41,1
S005,structure_transition,structure_transition,507,1,506,expanding,16 19 20 24 31 39,12 13 32 33 40 41,0
S006,pair_residual_node,pair_relation_residual,507,1,506,expanding,11 20 34 37 39 40,12 13 32 33 40 41,1
S007,triple_residual_node,triple_relation_residual,507,1,506,expanding,11 20 34 37 39 40,12 13 32 33 40 41,1
S008,family_balanced_hybrid,hybrid,507,1,506,expanding,4 14 20 27 34 40,12 13 32 33 40 41,1
S001,multi_window_frequency,multi_window_frequency,508,1,507,expanding,4 20 22 27 34 40,5 27 31 34 35 43,2
S002,gap_regime_hazard,gap_time,508,1,507,expanding,6 7 9 20 25 38,5 27 31 34 35 43,0
S003,momentum_state_transition,momentum,508,1,507,expanding,2 5 6 7 17 20,5 27 31 34 35 43,1
S004,conditional_probability,conditional,508,1,507,expanding,6 20 22 24 32 40,5 27 31 34 35 43,0
S005,structure_transition,structure_transition,508,1,507,expanding,11 16 18 26 27 39,5 27 31 34 35 43,1
S006,pair_residual_node,pair_relation_residual,508,1,507,expanding,11 20 34 37 39 40,5 27 31 34 35 43,1
S007,triple_residual_node,triple_relation_residual,508,1,507,expanding,11 20 34 37 39 40,5 27 31 34 35 43,1
S008,family_balanced_hybrid,hybrid,508,1,507,expanding,4 6 20 24 34 40,5 27 31 34 35 43,1
S001,multi_window_frequency,multi_window_frequency,509,1,508,expanding,4 20 22 27 34 40,12 25 29 35 42 43,0
S002,gap_regime_hazard,gap_time,509,1,508,expanding,6 9 11 22 24 30,12 25 29 35 42 43,0
S003,momentum_state_transition,momentum,509,1,508,expanding,5 6 7 20 24 26,12 25 29 35 42 43,0
S004,conditional_probability,conditional,509,1,508,expanding,5 6 20 22 34 40,12 25 29 35 42 43,0
S005,structure_transition,structure_transition,509,1,508,expanding,5 10 12 21 36 45,12 25 29 35 42 43,1
S006,pair_residual_node,pair_relation_residual,509,1,508,expanding,11 20 34 37 39 40,12 25 29 35 42 43,0
S007,triple_residual_node,triple_relation_residual,509,1,508,expanding,11 20 34 37 39 40,12 25 29 35 42 43,0
S008,family_balanced_hybrid,hybrid,509,1,508,expanding,4 6 20 24 34 40,12 25 29 35 42 43,0
S001,multi_window_frequency,multi_window_frequency,510,1,509,expanding,4 20 22 27 34 40,12 29 32 33 39 40,1
S002,gap_regime_hazard,gap_time,510,1,509,expanding,5 13 32 33 40 41,12 29 32 33 39 40,3
S003,momentum_state_transition,momentum,510,1,509,expanding,5 6 7 12 24 26,12 29 32 33 39 40,1
S004,conditional_probability,conditional,510,1,509,expanding,6 12 22 34 40 43,12 29 32 33 39 40,2
S005,structure_transition,structure_transition,510,1,509,expanding,15 18 21 28 39 43,12 29 32 33 39 40,1
S006,pair_residual_node,pair_relation_residual,510,1,509,expanding,11 20 25 34 37 40,12 29 32 33 39 40,1
S007,triple_residual_node,triple_relation_residual,510,1,509,expanding,11 20 25 34 37 40,12 29 32 33 39 40,1
S008,family_balanced_hybrid,hybrid,510,1,509,expanding,1 4 20 27 34 40,12 29 32 33 39 40,1
S001,multi_window_frequency,multi_window_frequency,511,1,510,expanding,20 22 27 34 40 43,3 7 14 23 26 42,0
S002,gap_regime_hazard,gap_time,511,1,510,expanding,5 25 27 31 34 35,3 7 14 23 26 42,0
S003,momentum_state_transition,momentum,511,1,510,expanding,5 6 12 20 24 32,3 7 14 23 26 42,0
S004,conditional_probability,conditional,511,1,510,expanding,6 12 22 32 34 40,3 7 14 23 26 42,0
S005,structure_transition,structure_transition,511,1,510,expanding,2 20 22 35 37 39,3 7 14 23 26 42,0
S006,pair_residual_node,pair_relation_residual,511,1,510,expanding,11 20 34 37 39 40,3 7 14 23 26 42,0
S007,triple_residual_node,triple_relation_residual,511,1,510,expanding,11 20 34 37 39 40,3 7 14 23 26 42,0
S008,family_balanced_hybrid,hybrid,511,1,510,expanding,12 20 27 34 40 43,3 7 14 23 26 42,0
S001,multi_window_frequency,multi_window_frequency,512,1,511,expanding,20 22 27 34 40 43,4 5 9 13 26 27,1
S002,gap_regime_hazard,gap_time,512,1,511,expanding,12 25 29 32 35 43,4 5 9 13 26 27,0
S003,momentum_state_transition,momentum,512,1,511,expanding,5 6 7 12 14 20,4 5 9 13 26 27,1
S004,conditional_probability,conditional,512,1,511,expanding,6 12 22 32 34 40,4 5 9 13 26 27,0
S005,structure_transition,structure_transition,512,1,511,expanding,1 6 16 35 37 42,4 5 9 13 26 27,0
S006,pair_residual_node,pair_relation_residual,512,1,511,expanding,11 20 34 37 39 40,4 5 9 13 26 27,0
S007,triple_residual_node,triple_relation_residual,512,1,511,expanding,11 20 34 37 39 40,4 5 9 13 26 27,0
S008,family_balanced_hybrid,hybrid,512,1,511,expanding,12 20 29 34 40 43,4 5 9 13 26 27,0
S001,multi_window_frequency,multi_window_frequency,513,1,512,expanding,20 22 26 27 34 40,5 8 21 23 27 33,1
S002,gap_regime_hazard,gap_time,513,1,512,expanding,12 29 32 33 39 40,5 8 21 23 27 33,1
S003,momentum_state_transition,momentum,513,1,512,expanding,5 6 7 12 14 20,5 8 21 23 27 33,1
S004,conditional_probability,conditional,513,1,512,expanding,5 12 22 26 27 40,5 8 21 23 27 33,2
S005,structure_transition,structure_transition,513,1,512,expanding,3 10 25 28 30 32,5 8 21 23 27 33,0
S006,pair_residual_node,pair_relation_residual,513,1,512,expanding,11 20 34 37 39 40,5 8 21 23 27 33,0
S007,triple_residual_node,triple_relation_residual,513,1,512,expanding,11 20 34 37 39 40,5 8 21 23 27 33,0
S008,family_balanced_hybrid,hybrid,513,1,512,expanding,12 14 20 29 34 40,5 8 21 23 27 33,0
S001,multi_window_frequency,multi_window_frequency,514,1,513,expanding,13 20 22 26 27 40,1 15 20 26 35 42,2
S002,gap_regime_hazard,gap_time,514,1,513,expanding,3 4 7 9 14 42,1 15 20 26 35 42,1
S003,momentum_state_transition,momentum,514,1,513,expanding,5 6 7 12 13 14,1 15 20 26 35 42,0
S004,conditional_probability,conditional,514,1,513,expanding,5 12 22 26 27 33,1 15 20 26 35 42,1
S005,structure_transition,structure_transition,514,1,513,expanding,16 19 20 24 31 39,1 15 20 26 35 42,1
S006,pair_residual_node,pair_relation_residual,514,1,513,expanding,11 20 34 37 39 40,1 15 20 26 35 42,1
S007,triple_residual_node,triple_relation_residual,514,1,513,expanding,11 20 34 37 39 40,1 15 20 26 35 42,1
S008,family_balanced_hybrid,hybrid,514,1,513,expanding,12 13 14 20 26 40,1 15 20 26 35 42,2
S001,multi_window_frequency,multi_window_frequency,515,1,514,expanding,13 20 22 26 27 40,2 11 12 15 23 37,0
S002,gap_regime_hazard,gap_time,515,1,514,expanding,4 5 8 9 13 21,2 11 12 15 23 37,0
S003,momentum_state_transition,momentum,515,1,514,expanding,5 6 12 13 14 20,2 11 12 15 23 37,1
S004,conditional_probability,conditional,515,1,514,expanding,5 12 26 27 33 35,2 11 12 15 23 37,1
S005,structure_transition,structure_transition,515,1,514,expanding,1 5 22 29 32 36,2 11 12 15 23 37,0
S006,pair_residual_node,pair_relation_residual,515,1,514,expanding,11 20 34 37 39 40,2 11 12 15 23 37,2
S007,triple_residual_node,triple_relation_residual,515,1,514,expanding,11 20 34 37 39 40,2 11 12 15 23 37,2
S008,family_balanced_hybrid,hybrid,515,1,514,expanding,4 5 13 20 27 40,2 11 12 15 23 37,0
S001,multi_window_frequency,multi_window_frequency,516,1,515,expanding,13 20 26 27 34 40,2 8 23 41 43 44,0
S002,gap_regime_hazard,gap_time,516,1,515,expanding,1 5 8 21 27 33,2 8 23 41 43 44,1
S003,momentum_state_transition,momentum,516,1,515,expanding,5 6 12 13 14 20,2 8 23 41 43 44,0
S004,conditional_probability,conditional,516,1,515,expanding,5 12 23 26 27 33,2 8 23 41 43 44,1
S005,structure_transition,structure_transition,516,1,515,expanding,3 8 27 30 36 38,2 8 23 41 43 44,1
S006,pair_residual_node,pair_relation_residual,516,1,515,expanding,11 20 34 37 39 40,2 8 23 41 43 44,0
S007,triple_residual_node,triple_relation_residual,516,1,515,expanding,11 20 34 37 39 40,2 8 23 41 43 44,0
S008,family_balanced_hybrid,hybrid,516,1,515,expanding,5 12 20 26 27 40,2 8 23 41 43 44,0
S001,multi_window_frequency,multi_window_frequency,517,1,516,expanding,8 20 23 27 40 43,1 9 12 28 36 41,0
S002,gap_regime_hazard,gap_time,517,1,516,expanding,1 11 20 26 35 42,1 9 12 28 36 41,1
S003,momentum_state_transition,momentum,517,1,516,expanding,5 6 12 13 14 24,1 9 12 28 36 41,1
S004,conditional_probability,conditional,517,1,516,expanding,5 12 23 26 27 33,1 9 12 28 36 41,1
S005,structure_transition,structure_transition,517,1,516,expanding,1 4 6 31 40 45,1 9 12 28 36 41,1
S006,pair_residual_node,pair_relation_residual,517,1,516,expanding,11 20 25 34 37 40,1 9 12 28 36 41,0
S007,triple_residual_node,triple_relation_residual,517,1,516,expanding,11 20 25 34 37 40,1 9 12 28 36 41,0
S008,family_balanced_hybrid,hybrid,517,1,516,expanding,1 12 20 26 27 40,1 9 12 28 36 41,2
S001,multi_window_frequency,multi_window_frequency,518,1,517,expanding,12 20 23 26 27 40,14 23 30 32 34 38,1
S002,gap_regime_hazard,gap_time,518,1,517,expanding,2 8 11 15 23 37,14 23 30 32 34 38,1
S003,momentum_state_transition,momentum,518,1,517,expanding,5 6 9 12 13 14,14 23 30 32 34 38,1
S004,conditional_probability,conditional,518,1,517,expanding,5 12 23 26 27 35,14 23 30 32 34 38,1
S005,structure_transition,structure_transition,518,1,517,expanding,3 14 18 23 25 40,14 23 30 32 34 38,2
S006,pair_residual_node,pair_relation_residual,518,1,517,expanding,11 14 20 34 37 40,14 23 30 32 34 38,2
S007,triple_residual_node,triple_relation_residual,518,1,517,expanding,11 14 20 34 37 40,14 23 30 32 34 38,2
S008,family_balanced_hybrid,hybrid,518,1,517,expanding,1 12 23 27 34 43,14 23 30 32 34 38,2
S001,multi_window_frequency,multi_window_frequency,519,1,518,expanding,12 20 23 27 34 40,6 8 13 16 30 43,0
S002,gap_regime_hazard,gap_time,519,1,518,expanding,1 2 8 9 43 44,6 8 13 16 30 43,2
S003,momentum_state_transition,momentum,519,1,518,expanding,5 6 9 12 14 32,6 8 13 16 30 43,1
S004,conditional_probability,conditional,519,1,518,expanding,1 2 12 23 26 42,6 8 13 16 30 43,0
S005,structure_transition,structure_transition,519,1,518,expanding,9 14 16 25 28 39,6 8 13 16 30 43,1
S006,pair_residual_node,pair_relation_residual,519,1,518,expanding,11 14 20 34 37 40,6 8 13 16 30 43,0
S007,triple_residual_node,triple_relation_residual,519,1,518,expanding,11 14 20 34 37 40,6 8 13 16 30 43,0
S008,family_balanced_hybrid,hybrid,519,1,518,expanding,1 12 14 20 27 43,6 8 13 16 30 43,1
S001,multi_window_frequency,multi_window_frequency,520,1,519,expanding,8 20 23 27 34 40,4 22 27 28 38 40,2
S002,gap_regime_hazard,gap_time,520,1,519,expanding,1 9 12 28 36 41,4 22 27 28 38 40,1
S003,momentum_state_transition,momentum,520,1,519,expanding,6 9 12 14 32 33,4 22 27 28 38 40,0
S004,conditional_probability,conditional,520,1,519,expanding,1 2 8 12 23 26,4 22 27 28 38 40,0
S005,structure_transition,structure_transition,520,1,519,expanding,7 12 17 25 36 38,4 22 27 28 38 40,1
S006,pair_residual_node,pair_relation_residual,520,1,519,expanding,11 14 20 34 37 40,4 22 27 28 38 40,1
S007,triple_residual_node,triple_relation_residual,520,1,519,expanding,11 14 20 34 37 40,4 22 27 28 38 40,1
S008,family_balanced_hybrid,hybrid,520,1,519,expanding,1 12 14 23 27 34,4 22 27 28 38 40,1
S001,multi_window_frequency,multi_window_frequency,521,1,520,expanding,8 13 20 23 27 40,3 7 18 29 32 36,0
S002,gap_regime_hazard,gap_time,521,1,520,expanding,6 8 14 23 32 34,3 7 18 29 32 36,1
S003,momentum_state_transition,momentum,521,1,520,expanding,1 4 8 13 22 23,3 7 18 29 32 36,0
S004,conditional_probability,conditional,521,1,520,expanding,1 2 8 23 26 27,3 7 18 29 32 36,0
S005,structure_transition,structure_transition,521,1,520,expanding,7 12 14 16 27 45,3 7 18 29 32 36,1
S006,pair_residual_node,pair_relation_residual,521,1,520,expanding,11 14 20 34 37 40,3 7 18 29 32 36,0
S007,triple_residual_node,triple_relation_residual,521,1,520,expanding,11 14 20 34 37 40,3 7 18 29 32 36,0
S008,family_balanced_hybrid,hybrid,521,1,520,expanding,1 8 13 14 23 34,3 7 18 29 32 36,0
S001,multi_window_frequency,multi_window_frequency,522,1,521,expanding,8 13 20 23 27 40,4 5 13 14 37 41,1
S002,gap_regime_hazard,gap_time,522,1,521,expanding,6 8 13 16 30 43,4 5 13 14 37 41,1
S003,momentum_state_transition,momentum,522,1,521,expanding,1 8 13 22 23 26,4 5 13 14 37 41,1
S004,conditional_probability,conditional,522,1,521,expanding,1 2 4 8 23 27,4 5 13 14 37 41,1
S005,structure_transition,structure_transition,522,1,521,expanding,10 15 18 25 39 42,4 5 13 14 37 41,0
S006,pair_residual_node,pair_relation_residual,522,1,521,expanding,11 14 20 34 37 40,4 5 13 14 37 41,2
S007,triple_residual_node,triple_relation_residual,522,1,521,expanding,11 14 20 34 37 40,4 5 13 14 37 41,2
S008,family_balanced_hybrid,hybrid,522,1,521,expanding,1 8 13 27 40 43,4 5 13 14 37 41,1
S001,multi_window_frequency,multi_window_frequency,523,1,522,expanding,4 13 20 23 27 40,1 4 37 38 40 45,2
S002,gap_regime_hazard,gap_time,523,1,522,expanding,3 22 27 28 38 40,1 4 37 38 40 45,2
S003,momentum_state_transition,momentum,523,1,522,expanding,1 4 8 13 22 23,1 4 37 38 40 45,2
S004,conditional_probability,conditional,523,1,522,expanding,1 2 4 8 23 41,1 4 37 38 40 45,2
S005,structure_transition,structure_transition,523,1,522,expanding,4 11 16 27 32 34,1 4 37 38 40 45,1
S006,pair_residual_node,pair_relation_residual,523,1,522,expanding,11 14 20 34 37 40,1 4 37 38 40 45,2
S007,triple_residual_node,triple_relation_residual,523,1,522,expanding,11 14 20 34 37 40,1 4 37 38 40 45,2
S008,family_balanced_hybrid,hybrid,523,1,522,expanding,1 4 8 27 36 40,1 4 37 38 40 45,3
S001,multi_window_frequency,multi_window_frequency,524,1,523,expanding,4 13 20 23 27 40,10 11 29 38 41 45,0
S002,gap_regime_hazard,gap_time,524,1,523,expanding,3 7 18 29 32 36,10 11 29 38 41 45,1
S003,momentum_state_transition,momentum,524,1,523,expanding,1 4 5 8 13 22,10 11 29 38 41 45,0
S004,conditional_probability,conditional,524,1,523,expanding,1 4 23 37 38 41,10 11 29 38 41 45,2
S005,structure_transition,structure_transition,524,1,523,expanding,1 5 22 29 32 36,10 11 29 38 41 45,1
S006,pair_residual_node,pair_relation_residual,524,1,523,expanding,11 14 20 34 37 40,10 11 29 38 41 45,1
S007,triple_residual_node,triple_relation_residual,524,1,523,expanding,11 14 20 34 37 40,10 11 29 38 41 45,1
S008,family_balanced_hybrid,hybrid,524,1,523,expanding,1 4 13 14 37 40,10 11 29 38 41 45,0
S001,multi_window_frequency,multi_window_frequency,525,1,524,expanding,4 13 23 27 38 40,11 23 26 29 39 44,1
S002,gap_regime_hazard,gap_time,525,1,524,expanding,1 4 5 13 14 37,11 23 26 29 39 44,0
S003,momentum_state_transition,momentum,525,1,524,expanding,7 9 11 12 14 29,11 23 26 29 39 44,2
S004,conditional_probability,conditional,525,1,524,expanding,1 4 23 37 38 41,11 23 26 29 39 44,1
S005,structure_transition,structure_transition,525,1,524,expanding,4 16 22 27 32 35,11 23 26 29 39 44,0
S006,pair_residual_node,pair_relation_residual,525,1,524,expanding,11 14 20 34 37 40,11 23 26 29 39 44,1
S007,triple_residual_node,triple_relation_residual,525,1,524,expanding,11 14 20 34 37 40,11 23 26 29 39 44,1
S008,family_balanced_hybrid,hybrid,525,1,524,expanding,1 4 12 14 37 40,11 23 26 29 39 44,0
S001,multi_window_frequency,multi_window_frequency,526,1,525,expanding,4 13 23 27 38 40,7 14 17 20 35 39,0
S002,gap_regime_hazard,gap_time,526,1,525,expanding,1 4 10 37 38 40,7 14 17 20 35 39,0
S003,momentum_state_transition,momentum,526,1,525,expanding,9 11 12 14 29 32,7 14 17 20 35 39,1
S004,conditional_probability,conditional,526,1,525,expanding,1 4 23 29 38 41,7 14 17 20 35 39,0
S005,structure_transition,structure_transition,526,1,525,expanding,3 18 22 26 42 45,7 14 17 20 35 39,0
S006,pair_residual_node,pair_relation_residual,526,1,525,expanding,11 14 20 34 37 40,7 14 17 20 35 39,2
S007,triple_residual_node,triple_relation_residual,526,1,525,expanding,11 14 20 34 37 40,7 14 17 20 35 39,2
S008,family_balanced_hybrid,hybrid,526,1,525,expanding,1 4 11 14 37 40,7 14 17 20 35 39,1
S001,multi_window_frequency,multi_window_frequency,527,1,526,expanding,4 20 23 27 38 40,1 12 22 32 33 42,0
S002,gap_regime_hazard,gap_time,527,1,526,expanding,10 11 23 38 41 45,1 12 22 32 33 42,0
S003,momentum_state_transition,momentum,527,1,526,expanding,1 11 12 14 23 29,1 12 22 32 33 42,2
S004,conditional_probability,conditional,527,1,526,expanding,1 4 14 29 38 41,1 12 22 32 33 42,1
S005,structure_transition,structure_transition,527,1,526,expanding,4 7 27 31 33 42,1 12 22 32 33 42,2
S006,pair_residual_node,pair_relation_residual,527,1,526,expanding,11 14 20 34 37 40,1 12 22 32 33 42,0
S007,triple_residual_node,triple_relation_residual,527,1,526,expanding,11 14 20 34 37 40,1 12 22 32 33 42,0
S008,family_balanced_hybrid,hybrid,527,1,526,expanding,1 4 11 14 23 29,1 12 22 32 33 42,1
S001,multi_window_frequency,multi_window_frequency,528,1,527,expanding,4 20 23 27 38 40,5 17 25 31 39 40,1
S002,gap_regime_hazard,gap_time,528,1,527,expanding,7 11 23 26 29 44,5 17 25 31 39 40,0
S003,momentum_state_transition,momentum,528,1,527,expanding,1 11 12 14 23 29,5 17 25 31 39 40,0
S004,conditional_probability,conditional,528,1,527,expanding,1 4 14 29 32 38,5 17 25 31 39 40,0
S005,structure_transition,structure_transition,528,1,527,expanding,6 8 16 30 33 37,5 17 25 31 39 40,0
S006,pair_residual_node,pair_relation_residual,528,1,527,expanding,1 11 20 34 37 40,5 17 25 31 39 40,1
S007,triple_residual_node,triple_relation_residual,528,1,527,expanding,1 11 20 34 37 40,5 17 25 31 39 40,1
S008,family_balanced_hybrid,hybrid,528,1,527,expanding,1 4 11 14 29 40,5 17 25 31 39 40,1
S001,multi_window_frequency,multi_window_frequency,529,1,528,expanding,1 4 20 27 38 40,18 20 24 27 31 42,2
S002,gap_regime_hazard,gap_time,529,1,528,expanding,1 7 12 14 20 35,18 20 24 27 31 42,1
S003,momentum_state_transition,momentum,529,1,528,expanding,1 11 12 14 23 29,18 20 24 27 31 42,0
S004,conditional_probability,conditional,529,1,528,expanding,1 4 29 38 39 40,18 20 24 27 31 42,0
S005,structure_transition,structure_transition,529,1,528,expanding,12 17 20 23 30 38,18 20 24 27 31 42,1
S006,pair_residual_node,pair_relation_residual,529,1,528,expanding,1 11 20 34 37 40,18 20 24 27 31 42,1
S007,triple_residual_node,triple_relation_residual,529,1,528,expanding,1 11 20 34 37 40,18 20 24 27 31 42,1
S008,family_balanced_hybrid,hybrid,529,1,528,expanding,1 4 11 12 14 29,18 20 24 27 31 42,0
S001,multi_window_frequency,multi_window_frequency,530,1,529,expanding,1 4 20 27 38 40,16 23 27 29 33 41,1
S002,gap_regime_hazard,gap_time,530,1,529,expanding,1 5 12 22 32 33,16 23 27 29 33 41,1
S003,momentum_state_transition,momentum,530,1,529,expanding,1 8 11 14 23 33,16 23 27 29 33 41,2
S004,conditional_probability,conditional,530,1,529,expanding,1 4 29 38 39 40,16 23 27 29 33 41,1
S005,structure_transition,structure_transition,530,1,529,expanding,7 10 12 29 37 40,16 23 27 29 33 41,1
S006,pair_residual_node,pair_relation_residual,530,1,529,expanding,1 11 20 34 37 40,16 23 27 29 33 41,0
S007,triple_residual_node,triple_relation_residual,530,1,529,expanding,1 11 20 34 37 40,16 23 27 29 33 41,0
S008,family_balanced_hybrid,hybrid,530,1,529,expanding,1 4 11 14 39 40,16 23 27 29 33 41,0
S001,multi_window_frequency,multi_window_frequency,531,1,530,expanding,1 20 23 27 29 40,1 5 9 21 27 35,2
S002,gap_regime_hazard,gap_time,531,1,530,expanding,5 17 18 25 39 40,1 5 9 21 27 35,1
S003,momentum_state_transition,momentum,531,1,530,expanding,1 7 8 11 14 23,1 5 9 21 27 35,1
S004,conditional_probability,conditional,531,1,530,expanding,1 4 5 29 39 41,1 5 9 21 27 35,2
S005,structure_transition,structure_transition,531,1,530,expanding,10 15 17 20 31 38,1 5 9 21 27 35,0
S006,pair_residual_node,pair_relation_residual,531,1,530,expanding,11 14 20 34 37 40,1 5 9 21 27 35,0
S007,triple_residual_node,triple_relation_residual,531,1,530,expanding,11 20 27 34 37 40,1 5 9 21 27 35,1
S008,family_balanced_hybrid,hybrid,531,1,530,expanding,1 4 14 20 39 40,1 5 9 21 27 35,1
S001,multi_window_frequency,multi_window_frequency,532,1,531,expanding,1 20 23 27 29 40,16 17 23 24 29 44,2
S002,gap_regime_hazard,gap_time,532,1,531,expanding,16 18 20 24 31 42,16 17 23 24 29 44,2
S003,momentum_state_transition,momentum,532,1,531,expanding,1 8 9 11 37 38,16 17 23 24 29 44,0
S004,conditional_probability,conditional,532,1,531,expanding,1 5 27 29 39 41,16 17 23 24 29 44,1
S005,structure_transition,structure_transition,532,1,531,expanding,7 9 12 29 38 41,16 17 23 24 29 44,1
S006,pair_residual_node,pair_relation_residual,532,1,531,expanding,11 20 27 34 37 40,16 17 23 24 29 44,0
S007,triple_residual_node,triple_relation_residual,532,1,531,expanding,11 20 27 34 37 40,16 17 23 24 29 44,0
S008,family_balanced_hybrid,hybrid,532,1,531,expanding,1 4 11 20 29 37,16 17 23 24 29 44,1
S001,multi_window_frequency,multi_window_frequency,533,1,532,expanding,1 20 23 27 29 40,9 14 15 17 31 33,0
S002,gap_regime_hazard,gap_time,533,1,532,expanding,1 5 9 21 33 41,9 14 15 17 31 33,2
S003,momentum_state_transition,momentum,533,1,532,expanding,1 8 11 16 17 37,9 14 15 17 31 33,1
S004,conditional_probability,conditional,533,1,532,expanding,1 17 23 27 29 39,9 14 15 17 31 33,1
S005,structure_transition,structure_transition,533,1,532,expanding,1 5 22 29 32 36,9 14 15 17 31 33,0
S006,pair_residual_node,pair_relation_residual,533,1,532,expanding,11 20 27 34 37 40,9 14 15 17 31 33,0
S007,triple_residual_node,triple_relation_residual,533,1,532,expanding,11 20 27 34 37 40,9 14 15 17 31 33,0
S008,family_balanced_hybrid,hybrid,533,1,532,expanding,1 11 20 27 29 40,9 14 15 17 31 33,0
S001,multi_window_frequency,multi_window_frequency,534,1,533,expanding,1 20 23 27 29 40,10 24 26 29 37 38,1
S002,gap_regime_hazard,gap_time,534,1,533,expanding,1 5 16 21 27 35,10 24 26 29 37 38,0
S003,momentum_state_transition,momentum,534,1,533,expanding,1 9 11 15 16 17,10 24 26 29 37 38,0
S004,conditional_probability,conditional,534,1,533,expanding,17 23 27 29 31 33,10 24 26 29 37 38,1
S005,structure_transition,structure_transition,534,1,533,expanding,5 14 30 35 38 43,10 24 26 29 37 38,1
S006,pair_residual_node,pair_relation_residual,534,1,533,expanding,11 14 20 34 37 40,10 24 26 29 37 38,1
S007,triple_residual_node,triple_relation_residual,534,1,533,expanding,11 14 20 34 37 40,10 24 26 29 37 38,1
S008,family_balanced_hybrid,hybrid,534,1,533,expanding,1 11 17 20 27 29,10 24 26 29 37 38,1
S001,multi_window_frequency,multi_window_frequency,535,1,534,expanding,1 20 23 27 29 40,11 12 14 15 18 39,0
S002,gap_regime_hazard,gap_time,535,1,534,expanding,9 14 15 16 23 44,11 12 14 15 18 39,2
S003,momentum_state_transition,momentum,535,1,534,expanding,9 11 16 17 31 37,11 12 14 15 18 39,1
S004,conditional_probability,conditional,535,1,534,expanding,17 23 24 27 29 31,11 12 14 15 18 39,0
S005,structure_transition,structure_transition,535,1,534,expanding,8 14 17 19 24 43,11 12 14 15 18 39,1
S006,pair_residual_node,pair_relation_residual,535,1,534,expanding,11 14 20 34 37 40,11 12 14 15 18 39,2
S007,triple_residual_node,triple_relation_residual,535,1,534,expanding,11 14 20 34 37 40,11 12 14 15 18 39,2
S008,family_balanced_hybrid,hybrid,535,1,534,expanding,1 14 17 23 27 29,11 12 14 15 18 39,1
S001,multi_window_frequency,multi_window_frequency,536,1,535,expanding,14 20 23 27 29 40,7 8 18 32 37 43,0
S002,gap_regime_hazard,gap_time,536,1,535,expanding,9 10 17 24 31 33,7 8 18 32 37 43,0
S003,momentum_state_transition,momentum,536,1,535,expanding,9 11 16 17 18 31,7 8 18 32 37 43,1
S004,conditional_probability,conditional,536,1,535,expanding,14 17 24 27 29 31,7 8 18 32 37 43,0
S005,structure_transition,structure_transition,536,1,535,expanding,1 14 19 32 34 37,7 8 18 32 37 43,2
S006,pair_residual_node,pair_relation_residual,536,1,535,expanding,11 14 20 34 37 40,7 8 18 32 37 43,1
S007,triple_residual_node,triple_relation_residual,536,1,535,expanding,11 14 20 34 37 40,7 8 18 32 37 43,1
S008,family_balanced_hybrid,hybrid,536,1,535,expanding,1 17 24 27 29 37,7 8 18 32 37 43,1
S001,multi_window_frequency,multi_window_frequency,537,1,536,expanding,1 12 23 27 29 40,12 23 26 30 36 43,2
S002,gap_regime_hazard,gap_time,537,1,536,expanding,10 11 24 26 29 38,12 23 26 30 36 43,1
S003,momentum_state_transition,momentum,537,1,536,expanding,7 9 11 16 17 18,12 23 26 30 36 43,0
S004,conditional_probability,conditional,537,1,536,expanding,17 18 24 27 29 31,12 23 26 30 36 43,0
S005,structure_transition,structure_transition,537,1,536,expanding,4 13 16 31 33 42,12 23 26 30 36 43,0
S006,pair_residual_node,pair_relation_residual,537,1,536,expanding,11 14 20 34 37 40,12 23 26 30 36 43,0
S007,triple_residual_node,triple_relation_residual,537,1,536,expanding,11 14 20 34 37 40,12 23 26 30 36 43,0
S008,family_balanced_hybrid,hybrid,537,1,536,expanding,1 11 12 14 17 29,12 23 26 30 36 43,1
S001,multi_window_frequency,multi_window_frequency,538,1,537,expanding,12 20 23 27 29 40,6 10 18 31 32 34,0
S002,gap_regime_hazard,gap_time,538,1,537,expanding,7 8 11 14 15 39,6 10 18 31 32 34,0
S003,momentum_state_transition,momentum,538,1,537,expanding,7 11 16 17 18 29,6 10 18 31 32 34,1
S004,conditional_probability,conditional,538,1,537,expanding,17 18 23 24 27 29,6 10 18 31 32 34,1
S005,structure_transition,structure_transition,538,1,537,expanding,10 15 17 20 31 38,6 10 18 31 32 34,2
S006,pair_residual_node,pair_relation_residual,538,1,537,expanding,11 14 20 34 37 40,6 10 18 31 32 34,1
S007,triple_residual_node,triple_relation_residual,538,1,537,expanding,11 14 20 34 37 40,6 10 18 31 32 34,1
S008,family_balanced_hybrid,hybrid,538,1,537,expanding,11 14 17 18 27 37,6 10 18 31 32 34,1
S001,multi_window_frequency,multi_window_frequency,539,1,538,expanding,12 14 20 23 27 29,3 19 22 31 42 43,0
S002,gap_regime_hazard,gap_time,539,1,538,expanding,7 8 12 23 26 37,3 19 22 31 42 43,0
S003,momentum_state_transition,momentum,539,1,538,expanding,7 10 11 16 17 18,3 19 22 31 42 43,0
S004,conditional_probability,conditional,539,1,538,expanding,18 23 24 27 29 31,3 19 22 31 42 43,1
S005,structure_transition,structure_transition,539,1,538,expanding,1 5 22 29 32 36,3 19 22 31 42 43,1
S006,pair_residual_node,pair_relation_residual,539,1,538,expanding,11 14 20 34 37 40,3 19 22 31 42 43,0
S007,triple_residual_node,triple_relation_residual,539,1,538,expanding,11 14 20 34 37 40,3 19 22 31 42 43,0
S008,family_balanced_hybrid,hybrid,539,1,538,expanding,1 12 14 27 29 37,3 19 22 31 42 43,0
S001,multi_window_frequency,multi_window_frequency,540,1,539,expanding,12 23 27 29 31 43,3 12 13 15 34 36,1
S002,gap_regime_hazard,gap_time,540,1,539,expanding,6 12 23 26 30 36,3 12 13 15 34 36,2
S003,momentum_state_transition,momentum,540,1,539,expanding,7 10 11 17 18 24,3 12 13 15 34 36,0
S004,conditional_probability,conditional,540,1,539,expanding,9 18 23 29 31 43,3 12 13 15 34 36,0
S005,structure_transition,structure_transition,540,1,539,expanding,8 11 21 30 33 35,3 12 13 15 34 36,0
S006,pair_residual_node,pair_relation_residual,540,1,539,expanding,11 14 20 34 37 40,3 12 13 15 34 36,1
S007,triple_residual_node,triple_relation_residual,540,1,539,expanding,11 14 20 34 37 40,3 12 13 15 34 36,1
S008,family_balanced_hybrid,hybrid,540,1,539,expanding,12 18 23 27 29 40,3 12 13 15 34 36,1
S001,multi_window_frequency,multi_window_frequency,541,1,540,expanding,12 23 27 29 31 43,8 13 26 28 32 34,0
S002,gap_regime_hazard,gap_time,541,1,540,expanding,6 10 18 19 22 32,8 13 26 28 32 34,1
S003,momentum_state_transition,momentum,541,1,540,expanding,3 7 10 11 15 17,8 13 26 28 32 34,0
S004,conditional_probability,conditional,541,1,540,expanding,3 12 15 18 31 43,8 13 26 28 32 34,0
S005,structure_transition,structure_transition,541,1,540,expanding,5 14 30 35 38 43,8 13 26 28 32 34,0
S006,pair_residual_node,pair_relation_residual,541,1,540,expanding,11 14 20 34 37 40,8 13 26 28 32 34,1
S007,triple_residual_node,triple_relation_residual,541,1,540,expanding,11 14 20 34 37 40,8 13 26 28 32 34,1
S008,family_balanced_hybrid,hybrid,541,1,540,expanding,14 17 18 29 37 43,8 13 26 28 32 34,0
S001,multi_window_frequency,multi_window_frequency,542,1,541,expanding,12 13 23 26 27 34,5 6 19 26 41 45,1
S002,gap_regime_hazard,gap_time,542,1,541,expanding,3 19 22 31 42 43,5 6 19 26 41 45,1
S003,momentum_state_transition,momentum,542,1,541,expanding,10 11 15 17 18 24,5 6 19 26 41 45,0
S004,conditional_probability,conditional,542,1,541,expanding,12 15 18 26 31 32,5 6 19 26 41 45,1
S005,structure_transition,structure_transition,542,1,541,expanding,1 4 11 32 36 39,5 6 19 26 41 45,0
S006,pair_residual_node,pair_relation_residual,542,1,541,expanding,11 14 20 34 37 40,5 6 19 26 41 45,0
S007,triple_residual_node,triple_relation_residual,542,1,541,expanding,11 14 20 34 37 40,5 6 19 26 41 45,0
S008,family_balanced_hybrid,hybrid,542,1,541,expanding,1 12 14 17 34 43,5 6 19 26 41 45,0
S001,multi_window_frequency,multi_window_frequency,543,1,542,expanding,12 13 23 26 34 43,13 18 26 31 34 44,3
S002,gap_regime_hazard,gap_time,543,1,542,expanding,3 8 12 13 15 36,13 18 26 31 34 44,1
S003,momentum_state_transition,momentum,543,1,542,expanding,10 11 15 17 18 24,13 18 26 31 34 44,1
S004,conditional_probability,conditional,543,1,542,expanding,12 15 18 26 31 32,13 18 26 31 34 44,3
S005,structure_transition,structure_transition,543,1,542,expanding,4 11 16 27 32 34,13 18 26 31 34 44,1
S006,pair_residual_node,pair_relation_residual,543,1,542,expanding,11 14 20 34 37 40,13 18 26 31 34 44,1
S007,triple_residual_node,triple_relation_residual,543,1,542,expanding,11 14 20 34 37 40,13 18 26 31 34 44,1
S008,family_balanced_hybrid,hybrid,543,1,542,expanding,1 12 14 15 34 37,13 18 26 31 34 44,1
S001,multi_window_frequency,multi_window_frequency,544,1,543,expanding,12 13 23 26 31 34,5 17 21 25 36 44,0
S002,gap_regime_hazard,gap_time,544,1,543,expanding,5 6 8 19 28 32,5 17 21 25 36 44,1
S003,momentum_state_transition,momentum,544,1,543,expanding,10 11 15 17 18 24,5 17 21 25 36 44,1
S004,conditional_probability,conditional,544,1,543,expanding,12 13 18 31 32 34,5 17 21 25 36 44,0
S005,structure_transition,structure_transition,544,1,543,expanding,6 10 19 24 27 37,5 17 21 25 36 44,0
S006,pair_residual_node,pair_relation_residual,544,1,543,expanding,11 14 20 34 37 40,5 17 21 25 36 44,0
S007,triple_residual_node,triple_relation_residual,544,1,543,expanding,11 14 20 34 37 40,5 17 21 25 36 44,0
S008,family_balanced_hybrid,hybrid,544,1,543,expanding,1 11 12 20 27 34,5 17 21 25 36 44,0
S001,multi_window_frequency,multi_window_frequency,545,1,544,expanding,12 13 23 26 31 34,4 24 25 27 34 35,1
S002,gap_regime_hazard,gap_time,545,1,544,expanding,6 13 18 19 41 45,4 24 25 27 34 35,0
S003,momentum_state_transition,momentum,545,1,544,expanding,15 17 18 24 31 34,4 24 25 27 34 35,2
S004,conditional_probability,conditional,545,1,544,expanding,12 13 18 26 31 34,4 24 25 27 34 35,1
S005,structure_transition,structure_transition,545,1,544,expanding,4 11 16 27 32 34,4 24 25 27 34 35,3
S006,pair_residual_node,pair_relation_residual,545,1,544,expanding,11 20 27 34 37 40,4 24 25 27 34 35,2
S007,triple_residual_node,triple_relation_residual,545,1,544,expanding,11 20 27 34 37 40,4 24 25 27 34 35,2
S008,family_balanced_hybrid,hybrid,545,1,544,expanding,12 13 18 26 27 34,4 24 25 27 34 35,2
S001,multi_window_frequency,multi_window_frequency,546,1,545,expanding,13 26 27 31 34 43,8 17 20 27 37 43,2
S002,gap_regime_hazard,gap_time,546,1,545,expanding,5 13 17 18 26 31,8 17 20 27 37 43,1
S003,momentum_state_transition,momentum,546,1,545,expanding,15 17 18 24 25 31,8 17 20 27 37 43,1
S004,conditional_probability,conditional,546,1,545,expanding,13 18 26 31 32 36,8 17 20 27 37 43,0
S005,structure_transition,structure_transition,546,1,545,expanding,10 13 15 19 30 42,8 17 20 27 37 43,0
S006,pair_residual_node,pair_relation_residual,546,1,545,expanding,11 14 20 34 37 40,8 17 20 27 37 43,2
S007,triple_residual_node,triple_relation_residual,546,1,545,expanding,11 14 20 34 37 40,8 17 20 27 37 43,2
S008,family_balanced_hybrid,hybrid,546,1,545,expanding,13 14 18 26 34 36,8 17 20 27 37 43,0
S001,multi_window_frequency,multi_window_frequency,547,1,546,expanding,13 26 27 31 34 43,6 7 15 22 34 39,1
S002,gap_regime_hazard,gap_time,547,1,546,expanding,4 5 21 24 36 44,6 7 15 22 34 39,0
S003,momentum_state_transition,momentum,547,1,546,expanding,15 17 18 24 25 31,6 7 15 22 34 39,1
S004,conditional_probability,conditional,547,1,546,expanding,13 26 31 34 36 43,6 7 15 22 34 39,1
S005,structure_transition,structure_transition,547,1,546,expanding,1 3 21 25 34 38,6 7 15 22 34 39,1
S006,pair_residual_node,pair_relation_residual,547,1,546,expanding,11 14 20 34 37 40,6 7 15 22 34 39,1
S007,triple_residual_node,triple_relation_residual,547,1,546,expanding,11 14 20 34 37 40,6 7 15 22 34 39,1
S008,family_balanced_hybrid,hybrid,547,1,546,expanding,12 25 26 29 34 36,6 7 15 22 34 39,1
S001,multi_window_frequency,multi_window_frequency,548,1,547,expanding,8 13 26 27 31 34,1 12 13 21 32 45,1
S002,gap_regime_hazard,gap_time,548,1,547,expanding,4 8 17 24 25 35,1 12 13 21 32 45,0
S003,momentum_state_transition,momentum,548,1,547,expanding,6 15 17 18 24 25,1 12 13 21 32 45,0
S004,conditional_probability,conditional,548,1,547,expanding,1 2 6 13 26 31,1 12 13 21 32 45,2
S005,structure_transition,structure_transition,548,1,547,expanding,6 18 23 29 31 36,1 12 13 21 32 45,0
S006,pair_residual_node,pair_relation_residual,548,1,547,expanding,11 14 20 34 37 40,1 12 13 21 32 45,0
S007,triple_residual_node,triple_relation_residual,548,1,547,expanding,11 14 20 34 37 40,1 12 13 21 32 45,0
S008,family_balanced_hybrid,hybrid,548,1,547,expanding,17 25 26 27 29 37,1 12 13 21 32 45,0
S001,multi_window_frequency,multi_window_frequency,549,1,548,expanding,13 26 27 31 34 43,29 31 35 38 40 44,1
S002,gap_regime_hazard,gap_time,549,1,548,expanding,8 17 20 27 37 43,29 31 35 38 40 44,0
S003,momentum_state_transition,momentum,549,1,548,expanding,6 15 17 18 21 24,29 31 35 38 40 44,0
S004,conditional_probability,conditional,549,1,548,expanding,2 9 10 13 26 34,29 31 35 38 40 44,0
S005,structure_transition,structure_transition,549,1,548,expanding,1 4 27 29 31 40,29 31 35 38 40 44,3
S006,pair_residual_node,pair_relation_residual,549,1,548,expanding,1 11 20 34 37 40,29 31 35 38 40 44,1
S007,triple_residual_node,triple_relation_residual,549,1,548,expanding,1 11 20 34 37 40,29 31 35 38 40 44,1
S008,family_balanced_hybrid,hybrid,549,1,548,expanding,17 20 27 29 34 37,29 31 35 38 40 44,1
S001,multi_window_frequency,multi_window_frequency,550,1,549,expanding,13 26 27 31 34 40,1 7 14 20 34 37,1
S002,gap_regime_hazard,gap_time,550,1,549,expanding,6 7 15 22 34 39,1 7 14 20 34 37,2
S003,momentum_state_transition,momentum,550,1,549,expanding,6 15 17 18 21 24,1 7 14 20 34 37,0
S004,conditional_probability,conditional,550,1,549,expanding,2 9 13 26 34 44,1 7 14 20 34 37,1
S005,structure_transition,structure_transition,550,1,549,expanding,1 5 22 29 32 36,1 7 14 20 34 37,1
S006,pair_residual_node,pair_relation_residual,550,1,549,expanding,1 11 20 34 37 40,1 7 14 20 34 37,4
S007,triple_residual_node,triple_relation_residual,550,1,549,expanding,1 11 20 34 37 40,1 7 14 20 34 37,4
S008,family_balanced_hybrid,hybrid,550,1,549,expanding,6 12 13 17 26 34,1 7 14 20 34 37,1
S001,multi_window_frequency,multi_window_frequency,551,1,550,expanding,13 20 26 27 31 34,3 6 20 24 27 44,2
S002,gap_regime_hazard,gap_time,551,1,550,expanding,12 13 21 29 32 45,3 6 20 24 27 44,0
S003,momentum_state_transition,momentum,551,1,550,expanding,6 15 17 18 21 24,3 6 20 24 27 44,2
S004,conditional_probability,conditional,551,1,550,expanding,2 3 13 26 34 44,3 6 20 24 27 44,2
S005,structure_transition,structure_transition,551,1,550,expanding,1 11 33 38 42 44,3 6 20 24 27 44,1
S006,pair_residual_node,pair_relation_residual,551,1,550,expanding,1 11 20 34 37 40,3 6 20 24 27 44,1
S007,triple_residual_node,triple_relation_residual,551,1,550,expanding,1 11 20 34 37 40,3 6 20 24 27 44,1
S008,family_balanced_hybrid,hybrid,551,1,550,expanding,1 12 13 17 26 34,3 6 20 24 27 44,0
S001,multi_window_frequency,multi_window_frequency,552,1,551,expanding,13 20 27 31 34 37,1 10 20 32 35 40,1
S002,gap_regime_hazard,gap_time,552,1,551,expanding,1 29 31 35 38 40,1 10 20 32 35 40,3
S003,momentum_state_transition,momentum,552,1,551,expanding,3 6 7 15 17 18,1 10 20 32 35 40,0
S004,conditional_probability,conditional,552,1,551,expanding,2 6 20 27 34 44,1 10 20 32 35 40,1
S005,structure_transition,structure_transition,552,1,551,expanding,2 4 14 33 37 41,1 10 20 32 35 40,0
S006,pair_residual_node,pair_relation_residual,552,1,551,expanding,1 11 20 34 37 40,1 10 20 32 35 40,3
S007,triple_residual_node,triple_relation_residual,552,1,551,expanding,1 11 20 34 37 40,1 10 20 32 35 40,3
S008,family_balanced_hybrid,hybrid,552,1,551,expanding,1 20 27 29 34 37,1 10 20 32 35 40,2
S001,multi_window_frequency,multi_window_frequency,553,1,552,expanding,1 20 27 31 34 40,2 7 17 28 29 39,0
S002,gap_regime_hazard,gap_time,553,1,552,expanding,3 6 7 14 34 37,2 7 17 28 29 39,1
S003,momentum_state_transition,momentum,553,1,552,expanding,3 6 7 10 13 15,2 7 17 28 29 39,1
S004,conditional_probability,conditional,553,1,552,expanding,1 20 27 34 35 44,2 7 17 28 29 39,0
S005,structure_transition,structure_transition,553,1,552,expanding,3 4 21 26 31 38,2 7 17 28 29 39,0
S006,pair_residual_node,pair_relation_residual,553,1,552,expanding,11 20 27 34 37 40,2 7 17 28 29 39,0
S007,triple_residual_node,triple_relation_residual,553,1,552,expanding,1 11 20 34 37 40,2 7 17 28 29 39,0
S008,family_balanced_hybrid,hybrid,553,1,552,expanding,1 14 20 27 34 37,2 7 17 28 29 39,0
S001,multi_window_frequency,multi_window_frequency,554,1,553,expanding,1 20 27 29 34 40,13 14 17 32 41 42,0
S002,gap_regime_hazard,gap_time,554,1,553,expanding,1 3 6 24 27 44,13 14 17 32 41 42,0
S003,momentum_state_transition,momentum,554,1,553,expanding,3 6 7 8 10 13,13 14 17 32 41 42,1
S004,conditional_probability,conditional,554,1,553,expanding,1 7 17 20 27 34,13 14 17 32 41 42,1
S005,structure_transition,structure_transition,554,1,553,expanding,4 16 21 31 35 37,13 14 17 32 41 42,0
S006,pair_residual_node,pair_relation_residual,554,1,553,expanding,11 20 27 34 37 40,13 14 17 32 41 42,0
S007,triple_residual_node,triple_relation_residual,554,1,553,expanding,11 20 27 34 37 40,13 14 17 32 41 42,0
S008,family_balanced_hybrid,hybrid,554,1,553,expanding,1 17 20 27 34 40,13 14 17 32 41 42,1
S001,multi_window_frequency,multi_window_frequency,555,1,554,expanding,1 17 20 27 32 34,11 17 21 24 26 36,1
S002,gap_regime_hazard,gap_time,555,1,554,expanding,1 2 10 20 35 40,11 17 21 24 26 36,0
S003,momentum_state_transition,momentum,555,1,554,expanding,3 6 7 8 13 15,11 17 21 24 26 36,0
S004,conditional_probability,conditional,555,1,554,expanding,1 7 17 20 27 32,11 17 21 24 26 36,1
S005,structure_transition,structure_transition,555,1,554,expanding,1 4 6 31 40 45,11 17 21 24 26 36,0
S006,pair_residual_node,pair_relation_residual,555,1,554,expanding,11 14 20 34 37 40,11 17 21 24 26 36,1
S007,triple_residual_node,triple_relation_residual,555,1,554,expanding,11 14 20 34 37 40,11 17 21 24 26 36,1
S008,family_balanced_hybrid,hybrid,555,1,554,expanding,1 17 20 27 34 40,11 17 21 24 26 36,1
S001,multi_window_frequency,multi_window_frequency,556,1,555,expanding,1 17 20 27 32 34,12 20 23 28 30 44,1
S002,gap_regime_hazard,gap_time,556,1,555,expanding,2 7 13 28 29 39,12 20 23 28 30 44,1
S003,momentum_state_transition,momentum,556,1,555,expanding,3 6 7 8 13 20,12 20 23 28 30 44,1
S004,conditional_probability,conditional,556,1,555,expanding,1 4 7 17 20 32,12 20 23 28 30 44,1
S005,structure_transition,structure_transition,556,1,555,expanding,1 4 6 31 40 45,12 20 23 28 30 44,0
S006,pair_residual_node,pair_relation_residual,556,1,555,expanding,11 20 27 34 37 40,12 20 23 28 30 44,1
S007,triple_residual_node,triple_relation_residual,556,1,555,expanding,11 20 27 34 37 40,12 20 23 28 30 44,1
S008,family_balanced_hybrid,hybrid,556,1,555,expanding,1 13 17 20 27 34,12 20 23 28 30 44,1
S001,multi_window_frequency,multi_window_frequency,557,1,556,expanding,1 17 20 27 32 34,4 20 26 28 35 40,1
S002,gap_regime_hazard,gap_time,557,1,556,expanding,11 13 14 32 41 42,4 20 26 28 35 40,0
S003,momentum_state_transition,momentum,557,1,556,expanding,3 6 13 20 21 26,4 20 26 28 35 40,2
S004,conditional_probability,conditional,557,1,556,expanding,1 7 17 20 32 44,4 20 26 28 35 40,1
S005,structure_transition,structure_transition,557,1,556,expanding,10 15 17 20 31 38,4 20 26 28 35 40,1
S006,pair_residual_node,pair_relation_residual,557,1,556,expanding,11 20 27 34 37 40,4 20 26 28 35 40,2
S007,triple_residual_node,triple_relation_residual,557,1,556,expanding,11 20 27 34 37 40,4 20 26 28 35 40,2
S008,family_balanced_hybrid,hybrid,557,1,556,expanding,1 13 14 17 20 34,4 20 26 28 35 40,1
S001,multi_window_frequency,multi_window_frequency,558,1,557,expanding,17 20 27 32 34 40,12 15 19 26 40 43,1
S002,gap_regime_hazard,gap_time,558,1,557,expanding,11 12 17 21 24 36,12 15 19 26 40 43,1
S003,momentum_state_transition,momentum,558,1,557,expanding,3 6 13 20 21 28,12 15 19 26 40 43,0
S004,conditional_probability,conditional,558,1,557,expanding,1 17 20 28 32 35,12 15 19 26 40 43,0
S005,structure_transition,structure_transition,558,1,557,expanding,1 4 11 32 36 39,12 15 19 26 40 43,0
S006,pair_residual_node,pair_relation_residual,558,1,557,expanding,11 14 20 34 37 40,12 15 19 26 40 43,1
S007,triple_residual_node,triple_relation_residual,558,1,557,expanding,11 14 20 34 37 40,12 15 19 26 40 43,1
S008,family_balanced_hybrid,hybrid,558,1,557,expanding,1 12 17 20 34 40,12 15 19 26 40 43,2
S001,multi_window_frequency,multi_window_frequency,559,1,558,expanding,17 20 26 27 34 40,11 12 25 32 44 45,0
S002,gap_regime_hazard,gap_time,559,1,558,expanding,4 20 23 28 30 44,11 12 25 32 44 45,1
S003,momentum_state_transition,momentum,559,1,558,expanding,3 6 13 15 19 20,11 12 25 32 44 45,0
S004,conditional_probability,conditional,559,1,558,expanding,17 20 26 28 35 40,11 12 25 32 44 45,0
S005,structure_transition,structure_transition,559,1,558,expanding,6 10 19 24 27 37,11 12 25 32 44 45,0
S006,pair_residual_node,pair_relation_residual,559,1,558,expanding,11 14 20 34 37 40,11 12 25 32 44 45,1
S007,triple_residual_node,triple_relation_residual,559,1,558,expanding,11 14 20 34 37 40,11 12 25 32 44 45,1
S008,family_balanced_hybrid,hybrid,559,1,558,expanding,1 17 20 34 40 44,11 12 25 32 44 45,1
S001,multi_window_frequency,multi_window_frequency,560,1,559,expanding,12 17 20 26 32 40,1 4 20 23 29 45,1
S002,gap_regime_hazard,gap_time,560,1,559,expanding,4 15 19 20 28 35,1 4 20 23 29 45,2
S003,momentum_state_transition,momentum,560,1,559,expanding,6 13 15 20 21 25,1 4 20 23 29 45,1
S004,conditional_probability,conditional,560,1,559,expanding,12 17 20 26 28 32,1 4 20 23 29 45,1
S005,structure_transition,structure_transition,560,1,559,expanding,9 17 20 24 29 36,1 4 20 23 29 45,2
S006,pair_residual_node,pair_relation_residual,560,1,559,expanding,11 20 27 34 37 40,1 4 20 23 29 45,1
S007,triple_residual_node,triple_relation_residual,560,1,559,expanding,11 20 27 34 37 40,1 4 20 23 29 45,1
S008,family_balanced_hybrid,hybrid,560,1,559,expanding,1 17 20 26 34 40,1 4 20 23 29 45,2
S001,multi_window_frequency,multi_window_frequency,561,1,560,expanding,12 17 20 26 32 40,5 7 18 37 42 45,0
S002,gap_regime_hazard,gap_time,561,1,560,expanding,11 15 19 26 40 43,5 7 18 37 42 45,0
S003,momentum_state_transition,momentum,561,1,560,expanding,4 6 13 20 21 25,5 7 18 37 42 45,0
S004,conditional_probability,conditional,561,1,560,expanding,12 17 20 26 28 32,5 7 18 37 42 45,0
S005,structure_transition,structure_transition,561,1,560,expanding,5 10 13 34 38 44,5 7 18 37 42 45,1
S006,pair_residual_node,pair_relation_residual,561,1,560,expanding,11 14 20 34 37 40,5 7 18 37 42 45,1
S007,triple_residual_node,triple_relation_residual,561,1,560,expanding,11 14 20 34 37 40,5 7 18 37 42 45,1
S008,family_balanced_hybrid,hybrid,561,1,560,expanding,12 17 20 26 34 40,5 7 18 37 42 45,0
S001,multi_window_frequency,multi_window_frequency,562,1,561,expanding,12 17 20 26 32 40,4 11 13 17 20 31,2
S002,gap_regime_hazard,gap_time,562,1,561,expanding,1 11 12 25 32 44,4 11 13 17 20 31,1
S003,momentum_state_transition,momentum,562,1,561,expanding,4 6 7 20 21 25,4 11 13 17 20 31,2
S004,conditional_probability,conditional,562,1,561,expanding,12 17 20 26 28 32,4 11 13 17 20 31,2
S005,structure_transition,structure_transition,562,1,561,expanding,4 11 16 27 32 34,4 11 13 17 20 31,2
S006,pair_residual_node,pair_relation_residual,562,1,561,expanding,11 20 27 34 37 40,4 11 13 17 20 31,2
S007,triple_residual_node,triple_relation_residual,562,1,561,expanding,11 20 27 34 37 40,4 11 13 17 20 31,2
S008,family_balanced_hybrid,hybrid,562,1,561,expanding,1 12 17 20 34 40,4 11 13 17 20 31,2
S001,multi_window_frequency,multi_window_frequency,563,1,562,expanding,12 13 17 20 26 40,5 10 16 17 31 32,1
S002,gap_regime_hazard,gap_time,563,1,562,expanding,1 5 7 18 23 29,5 10 16 17 31 32,1
S003,momentum_state_transition,momentum,563,1,562,expanding,4 7 13 20 21 25,5 10 16 17 31 32,0
S004,conditional_probability,conditional,563,1,562,expanding,4 11 12 17 20 26,5 10 16 17 31 32,1
S005,structure_transition,structure_transition,563,1,562,expanding,1 6 13 33 37 42,5 10 16 17 31 32,0
S006,pair_residual_node,pair_relation_residual,563,1,562,expanding,11 20 27 34 37 40,5 10 16 17 31 32,0
S007,triple_residual_node,triple_relation_residual,563,1,562,expanding,11 20 27 34 37 40,5 10 16 17 31 32,0
S008,family_balanced_hybrid,hybrid,563,1,562,expanding,1 12 20 27 29 34,5 10 16 17 31 32,0
S001,multi_window_frequency,multi_window_frequency,564,1,563,expanding,12 13 17 20 26 32,14 19 25 26 27 34,1
S002,gap_regime_hazard,gap_time,564,1,563,expanding,4 7 18 37 42 45,14 19 25 26 27 34,0
S003,momentum_state_transition,momentum,564,1,563,expanding,1 4 7 20 21 25,14 19 25 26 27 34,1
S004,conditional_probability,conditional,564,1,563,expanding,4 11 12 17 20 26,14 19 25 26 27 34,1
S005,structure_transition,structure_transition,564,1,563,expanding,9 10 12 23 25 42,14 19 25 26 27 34,1
S006,pair_residual_node,pair_relation_residual,564,1,563,expanding,11 17 20 34 37 40,14 19 25 26 27 34,1
S007,triple_residual_node,triple_relation_residual,564,1,563,expanding,11 17 20 34 37 40,14 19 25 26 27 34,1
S008,family_balanced_hybrid,hybrid,564,1,563,expanding,4 11 17 20 34 45,14 19 25 26 27 34,1
S001,multi_window_frequency,multi_window_frequency,565,1,564,expanding,12 17 20 26 32 34,4 10 18 27 40 45,0
S002,gap_regime_hazard,gap_time,565,1,564,expanding,4 5 10 11 13 20,4 10 18 27 40 45,2
S003,momentum_state_transition,momentum,565,1,564,expanding,1 4 7 11 20 25,4 10 18 27 40 45,1
S004,conditional_probability,conditional,565,1,564,expanding,4 11 12 17 20 26,4 10 18 27 40 45,1
S005,structure_transition,structure_transition,565,1,564,expanding,11 13 22 25 30 42,4 10 18 27 40 45,0
S006,pair_residual_node,pair_relation_residual,565,1,564,expanding,11 17 20 34 37 40,4 10 18 27 40 45,1
S007,triple_residual_node,triple_relation_residual,565,1,564,expanding,11 17 20 34 37 40,4 10 18 27 40 45,1
S008,family_balanced_hybrid,hybrid,565,1,564,expanding,4 11 12 17 20 40,4 10 18 27 40 45,2
S001,multi_window_frequency,multi_window_frequency,566,1,565,expanding,4 20 26 27 34 40,4 5 6 25 26 43,2
S002,gap_regime_hazard,gap_time,566,1,565,expanding,5 14 16 17 31 32,4 5 6 25 26 43,1
S003,momentum_state_transition,momentum,566,1,565,expanding,1 4 7 10 11 20,4 5 6 25 26 43,1
S004,conditional_probability,conditional,566,1,565,expanding,4 12 20 26 40 45,4 5 6 25 26 43,2
S005,structure_transition,structure_transition,566,1,565,expanding,9 14 16 25 28 39,4 5 6 25 26 43,1
S006,pair_residual_node,pair_relation_residual,566,1,565,expanding,11 17 20 34 37 40,4 5 6 25 26 43,0
S007,triple_residual_node,triple_relation_residual,566,1,565,expanding,11 17 20 34 37 40,4 5 6 25 26 43,0
S008,family_balanced_hybrid,hybrid,566,1,565,expanding,12 17 20 26 34 40,4 5 6 25 26 43,1
S001,multi_window_frequency,multi_window_frequency,567,1,566,expanding,4 20 26 27 34 40,1 10 15 16 32 41,0
S002,gap_regime_hazard,gap_time,567,1,566,expanding,10 14 18 19 27 34,1 10 15 16 32 41,1
S003,momentum_state_transition,momentum,567,1,566,expanding,1 4 6 7 10 11,1 10 15 16 32 41,2
S004,conditional_probability,conditional,567,1,566,expanding,4 5 20 25 26 45,1 10 15 16 32 41,0
S005,structure_transition,structure_transition,567,1,566,expanding,9 14 24 27 28 35,1 10 15 16 32 41,0
S006,pair_residual_node,pair_relation_residual,567,1,566,expanding,11 17 20 34 37 40,1 10 15 16 32 41,0
S007,triple_residual_node,triple_relation_residual,567,1,566,expanding,11 17 20 34 37 40,1 10 15 16 32 41,0
S008,family_balanced_hybrid,hybrid,567,1,566,expanding,14 20 27 34 40 45,1 10 15 16 32 41,0
S001,multi_window_frequency,multi_window_frequency,568,1,567,expanding,4 20 26 27 32 34,1 3 17 20 31 44,1
S002,gap_regime_hazard,gap_time,568,1,567,expanding,4 5 18 27 40 45,1 3 17 20 31 44,0
S003,momentum_state_transition,momentum,568,1,567,expanding,1 4 7 10 11 14,1 3 17 20 31 44,1
S004,conditional_probability,conditional,568,1,567,expanding,4 5 10 25 26 45,1 3 17 20 31 44,0
S005,structure_transition,structure_transition,568,1,567,expanding,7 16 18 29 33 38,1 3 17 20 31 44,0
S006,pair_residual_node,pair_relation_residual,568,1,567,expanding,1 11 20 34 37 40,1 3 17 20 31 44,2
S007,triple_residual_node,triple_relation_residual,568,1,567,expanding,1 11 20 34 37 40,1 3 17 20 31 44,2
S008,family_balanced_hybrid,hybrid,568,1,567,expanding,4 25 26 27 40 45,1 3 17 20 31 44,0
S001,multi_window_frequency,multi_window_frequency,569,1,568,expanding,1 4 17 20 26 27,3 6 13 23 24 35,0
S002,gap_regime_hazard,gap_time,569,1,568,expanding,4 5 6 25 26 43,3 6 13 23 24 35,1
S003,momentum_state_transition,momentum,569,1,568,expanding,1 4 7 10 11 14,3 6 13 23 24 35,0
S004,conditional_probability,conditional,569,1,568,expanding,1 4 5 10 17 45,3 6 13 23 24 35,0
S005,structure_transition,structure_transition,569,1,568,expanding,4 11 16 27 32 34,3 6 13 23 24 35,0
S006,pair_residual_node,pair_relation_residual,569,1,568,expanding,1 11 20 34 37 40,3 6 13 23 24 35,0
S007,triple_residual_node,triple_relation_residual,569,1,568,expanding,1 11 20 34 37 40,3 6 13 23 24 35,0
S008,family_balanced_hybrid,hybrid,569,1,568,expanding,1 4 5 17 20 25,3 6 13 23 24 35,0
S001,multi_window_frequency,multi_window_frequency,570,1,569,expanding,1 4 17 20 26 27,1 12 26 27 29 33,3
S002,gap_regime_hazard,gap_time,570,1,569,expanding,1 10 15 16 32 41,1 12 26 27 29 33,1
S003,momentum_state_transition,momentum,570,1,569,expanding,1 3 4 7 10 11,1 12 26 27 29 33,1
S004,conditional_probability,conditional,570,1,569,expanding,1 4 5 10 17 20,1 12 26 27 29 33,1
S005,structure_transition,structure_transition,570,1,569,expanding,4 16 21 31 35 37,1 12 26 27 29 33,0
S006,pair_residual_node,pair_relation_residual,570,1,569,expanding,1 11 20 34 37 40,1 12 26 27 29 33,1
S007,triple_residual_node,triple_relation_residual,570,1,569,expanding,1 11 20 34 37 40,1 12 26 27 29 33,1
S008,family_balanced_hybrid,hybrid,570,1,569,expanding,1 4 10 12 17 20,1 12 26 27 29 33,2
S001,multi_window_frequency,multi_window_frequency,571,1,570,expanding,1 13 17 20 26 27,11 18 21 26 38 43,1
S002,gap_regime_hazard,gap_time,571,1,570,expanding,3 6 17 20 31 44,11 18 21 26 38 43,0
S003,momentum_state_transition,momentum,571,1,570,expanding,3 4 10 11 20 23,11 18 21 26 38 43,1
S004,conditional_probability,conditional,571,1,570,expanding,1 4 5 10 17 26,11 18 21 26 38 43,1
S005,structure_transition,structure_transition,571,1,570,expanding,2 13 17 29 34 39,11 18 21 26 38 43,0
S006,pair_residual_node,pair_relation_residual,571,1,570,expanding,1 11 20 34 37 40,11 18 21 26 38 43,1
S007,triple_residual_node,triple_relation_residual,571,1,570,expanding,1 11 20 34 37 40,11 18 21 26 38 43,1
S008,family_balanced_hybrid,hybrid,571,1,570,expanding,1 4 13 17 20 27,11 18 21 26 38 43,0
S001,multi_window_frequency,multi_window_frequency,572,1,571,expanding,1 4 17 20 26 27,3 13 18 33 37 45,0
S002,gap_regime_hazard,gap_time,572,1,571,expanding,3 6 13 23 24 35,3 13 18 33 37 45,2
S003,momentum_state_transition,momentum,572,1,571,expanding,1 4 5 10 11 23,3 13 18 33 37 45,0
S004,conditional_probability,conditional,572,1,571,expanding,1 4 10 17 26 27,3 13 18 33 37 45,0
S005,structure_transition,structure_transition,572,1,571,expanding,6 10 19 24 27 37,3 13 18 33 37 45,1
S006,pair_residual_node,pair_relation_residual,572,1,571,expanding,11 20 27 34 37 40,3 13 18 33 37 45,1
S007,triple_residual_node,triple_relation_residual,572,1,571,expanding,1 11 20 34 37 40,3 13 18 33 37 45,1
S008,family_balanced_hybrid,hybrid,572,1,571,expanding,1 4 13 17 20 27,3 13 18 33 37 45,1
S001,multi_window_frequency,multi_window_frequency,573,1,572,expanding,1 13 17 20 26 27,2 4 20 34 35 43,1
S002,gap_regime_hazard,gap_time,573,1,572,expanding,1 11 12 21 27 29,2 4 20 34 35 43,0
S003,momentum_state_transition,momentum,573,1,572,expanding,4 5 11 23 25 28,2 4 20 34 35 43,1
S004,conditional_probability,conditional,573,1,572,expanding,1 3 10 18 26 27,2 4 20 34 35 43,0
S005,structure_transition,structure_transition,573,1,572,expanding,1 5 22 29 32 36,2 4 20 34 35 43,0
S006,pair_residual_node,pair_relation_residual,573,1,572,expanding,11 20 27 34 37 40,2 4 20 34 35 43,2
S007,triple_residual_node,triple_relation_residual,573,1,572,expanding,11 20 27 34 37 40,2 4 20 34 35 43,2
S008,family_balanced_hybrid,hybrid,573,1,572,expanding,1 4 11 12 26 27,2 4 20 34 35 43,1
S001,multi_window_frequency,multi_window_frequency,574,1,573,expanding,1 4 17 20 26 27,14 15 16 19 25 43,0
S002,gap_regime_hazard,gap_time,574,1,573,expanding,3 11 13 21 26 38,14 15 16 19 25 43,0
S003,momentum_state_transition,momentum,574,1,573,expanding,4 5 11 23 25 40,14 15 16 19 25 43,1
S004,conditional_probability,conditional,574,1,573,expanding,1 3 4 18 26 27,14 15 16 19 25 43,0
S005,structure_transition,structure_transition,574,1,573,expanding,4 13 16 31 33 42,14 15 16 19 25 43,1
S006,pair_residual_node,pair_relation_residual,574,1,573,expanding,11 20 27 34 37 40,14 15 16 19 25 43,0
S007,triple_residual_node,triple_relation_residual,574,1,573,expanding,11 20 27 34 37 40,14 15 16 19 25 43,0
S008,family_balanced_hybrid,hybrid,574,1,573,expanding,1 11 13 26 27 45,14 15 16 19 25 43,0
S001,multi_window_frequency,multi_window_frequency,575,1,574,expanding,1 4 20 26 27 43,2 8 20 30 33 34,1
S002,gap_regime_hazard,gap_time,575,1,574,expanding,3 13 18 33 37 45,2 8 20 30 33 34,1
S003,momentum_state_transition,momentum,575,1,574,expanding,4 5 10 11 16 19,2 8 20 30 33 34,0
S004,conditional_probability,conditional,575,1,574,expanding,1 3 4 18 26 43,2 8 20 30 33 34,0
S005,structure_transition,structure_transition,575,1,574,expanding,1 4 27 29 31 40,2 8 20 30 33 34,0
S006,pair_residual_node,pair_relation_residual,575,1,574,expanding,11 20 27 34 37 40,2 8 20 30 33 34,2
S007,triple_residual_node,triple_relation_residual,575,1,574,expanding,11 20 27 34 37 40,2 8 20 30 33 34,2
S008,family_balanced_hybrid,hybrid,575,1,574,expanding,1 4 13 18 20 45,2 8 20 30 33 34,1
S001,multi_window_frequency,multi_window_frequency,576,1,575,expanding,1 20 26 27 34 43,10 11 15 25 35 41,0
S002,gap_regime_hazard,gap_time,576,1,575,expanding,4 14 15 16 19 35,10 11 15 25 35 41,2
S003,momentum_state_transition,momentum,576,1,575,expanding,4 5 10 11 15 16,10 11 15 25 35 41,3
S004,conditional_probability,conditional,576,1,575,expanding,1 3 20 26 33 43,10 11 15 25 35 41,0
S005,structure_transition,structure_transition,576,1,575,expanding,4 17 20 25 39 44,10 11 15 25 35 41,1
S006,pair_residual_node,pair_relation_residual,576,1,575,expanding,11 20 27 34 37 40,10 11 15 25 35 41,1
S007,triple_residual_node,triple_relation_residual,576,1,575,expanding,11 20 27 34 37 40,10 11 15 25 35 41,1
S008,family_balanced_hybrid,hybrid,576,1,575,expanding,1 4 20 25 40 43,10 11 15 25 35 41,1
S001,multi_window_frequency,multi_window_frequency,577,1,576,expanding,1 20 26 27 34 43,16 17 22 31 34 37,1
S002,gap_regime_hazard,gap_time,577,1,576,expanding,2 8 14 16 19 43,16 17 22 31 34 37,1
S003,momentum_state_transition,momentum,577,1,576,expanding,4 5 10 11 15 16,16 17 22 31 34 37,1
S004,conditional_probability,conditional,577,1,576,expanding,1 3 15 20 33 35,16 17 22 31 34 37,0
S005,structure_transition,structure_transition,577,1,576,expanding,7 10 21 27 32 34,16 17 22 31 34 37,1
S006,pair_residual_node,pair_relation_residual,577,1,576,expanding,11 20 27 34 37 40,16 17 22 31 34 37,2
S007,triple_residual_node,triple_relation_residual,577,1,576,expanding,11 20 25 34 37 40,16 17 22 31 34 37,2
S008,family_balanced_hybrid,hybrid,577,1,576,expanding,1 11 20 34 40 43,16 17 22 31 34 37,1
S001,multi_window_frequency,multi_window_frequency,578,1,577,expanding,1 17 20 26 34 43,5 12 14 32 34 42,1
S002,gap_regime_hazard,gap_time,578,1,577,expanding,2 8 10 20 30 33,5 12 14 32 34 42,0
S003,momentum_state_transition,momentum,578,1,577,expanding,4 5 10 11 15 16,5 12 14 32 34 42,1
S004,conditional_probability,conditional,578,1,577,expanding,3 20 33 34 35 43,5 12 14 32 34 42,1
S005,structure_transition,structure_transition,578,1,577,expanding,7 12 17 26 29 40,5 12 14 32 34 42,1
S006,pair_residual_node,pair_relation_residual,578,1,577,expanding,11 20 27 34 37 40,5 12 14 32 34 42,1
S007,triple_residual_node,triple_relation_residual,578,1,577,expanding,11 20 27 34 37 40,5 12 14 32 34 42,1
S008,family_balanced_hybrid,hybrid,578,1,577,expanding,1 11 15 20 25 34,5 12 14 32 34 42,1
S001,multi_window_frequency,multi_window_frequency,579,1,578,expanding,1 17 20 26 34 43,5 7 20 22 37 42,1
S002,gap_regime_hazard,gap_time,579,1,578,expanding,10 11 15 25 35 41,5 7 20 22 37 42,0
S003,momentum_state_transition,momentum,579,1,578,expanding,4 5 10 11 14 16,5 7 20 22 37 42,1
S004,conditional_probability,conditional,579,1,578,expanding,2 3 33 34 35 43,5 7 20 22 37 42,0
S005,structure_transition,structure_transition,579,1,578,expanding,3 4 21 26 31 38,5 7 20 22 37 42,0
S006,pair_residual_node,pair_relation_residual,579,1,578,expanding,11 20 27 34 37 40,5 7 20 22 37 42,2
S007,triple_residual_node,triple_relation_residual,579,1,578,expanding,11 20 27 34 37 40,5 7 20 22 37 42,2
S008,family_balanced_hybrid,hybrid,579,1,578,expanding,1 11 20 25 34 37,5 7 20 22 37 42,2
S001,multi_window_frequency,multi_window_frequency,580,1,579,expanding,1 17 20 26 34 43,5 7 9 11 32 35,0
S002,gap_regime_hazard,gap_time,580,1,579,expanding,12 14 16 17 31 32,5 7 9 11 32 35,1
S003,momentum_state_transition,momentum,580,1,579,expanding,3 4 5 10 11 14,5 7 9 11 32 35,2
S004,conditional_probability,conditional,580,1,579,expanding,2 20 33 34 37 43,5 7 9 11 32 35,0
S005,structure_transition,structure_transition,580,1,579,expanding,7 12 17 26 29 40,5 7 9 11 32 35,1
S006,pair_residual_node,pair_relation_residual,580,1,579,expanding,11 20 27 34 37 40,5 7 9 11 32 35,1
S007,triple_residual_node,triple_relation_residual,580,1,579,expanding,11 20 25 34 37 40,5 7 9 11 32 35,1
S008,family_balanced_hybrid,hybrid,580,1,579,expanding,11 14 17 20 34 37,5 7 9 11 32 35,1
S001,multi_window_frequency,multi_window_frequency,581,1,580,expanding,5 17 20 26 32 34,3 5 14 20 42 44,2
S002,gap_regime_hazard,gap_time,581,1,580,expanding,12 14 20 22 34 37,3 5 14 20 42 44,2
S003,momentum_state_transition,momentum,581,1,580,expanding,3 5 10 11 14 15,3 5 14 20 42 44,3
S004,conditional_probability,conditional,581,1,580,expanding,5 11 20 34 35 37,3 5 14 20 42 44,2
S005,structure_transition,structure_transition,581,1,580,expanding,1 6 16 35 37 42,3 5 14 20 42 44,1
S006,pair_residual_node,pair_relation_residual,581,1,580,expanding,11 20 25 34 37 40,3 5 14 20 42 44,1
S007,triple_residual_node,triple_relation_residual,581,1,580,expanding,11 20 25 34 37 40,3 5 14 20 42 44,1
S008,family_balanced_hybrid,hybrid,581,1,580,expanding,1 11 14 20 34 37,3 5 14 20 42 44,2
S001,multi_window_frequency,multi_window_frequency,582,1,581,expanding,5 17 20 26 32 34,2 12 14 33 40 41,0
S002,gap_regime_hazard,gap_time,582,1,581,expanding,7 9 11 22 32 37,2 12 14 33 40 41,0
S003,momentum_state_transition,momentum,582,1,581,expanding,3 10 11 14 15 16,2 12 14 33 40 41,1
S004,conditional_probability,conditional,582,1,581,expanding,5 14 20 34 35 37,2 12 14 33 40 41,1
S005,structure_transition,structure_transition,582,1,581,expanding,2 8 25 29 32 37,2 12 14 33 40 41,1
S006,pair_residual_node,pair_relation_residual,582,1,581,expanding,11 20 25 34 37 40,2 12 14 33 40 41,1
S007,triple_residual_node,triple_relation_residual,582,1,581,expanding,11 20 25 34 37 40,2 12 14 33 40 41,1
S008,family_balanced_hybrid,hybrid,582,1,581,expanding,1 11 14 20 34 37,2 12 14 33 40 41,1
S001,multi_window_frequency,multi_window_frequency,583,1,582,expanding,5 14 17 20 32 34,8 17 27 33 40 44,1
S002,gap_regime_hazard,gap_time,583,1,582,expanding,3 7 9 11 32 35,8 17 27 33 40 44,0
S003,momentum_state_transition,momentum,583,1,582,expanding,2 3 5 10 14 15,8 17 27 33 40 44,0
S004,conditional_probability,conditional,583,1,582,expanding,2 5 14 20 34 35,8 17 27 33 40 44,0
S005,structure_transition,structure_transition,583,1,582,expanding,1 5 22 29 32 36,8 17 27 33 40 44,0
S006,pair_residual_node,pair_relation_residual,583,1,582,expanding,11 14 20 34 37 40,8 17 27 33 40 44,1
S007,triple_residual_node,triple_relation_residual,583,1,582,expanding,11 14 20 34 37 40,8 17 27 33 40 44,1
S008,family_balanced_hybrid,hybrid,583,1,582,expanding,1 5 11 14 20 34,8 17 27 33 40 44,0
S001,multi_window_frequency,multi_window_frequency,584,1,583,expanding,5 14 17 20 34 40,7 18 30 39 40 41,1
S002,gap_regime_hazard,gap_time,584,1,583,expanding,2 3 5 12 20 42,7 18 30 39 40 41,0
S003,momentum_state_transition,momentum,584,1,583,expanding,2 3 10 14 15 16,7 18 30 39 40 41,0
S004,conditional_probability,conditional,584,1,583,expanding,5 14 20 33 34 42,7 18 30 39 40 41,0
S005,structure_transition,structure_transition,584,1,583,expanding,1 5 14 30 37 40,7 18 30 39 40 41,2
S006,pair_residual_node,pair_relation_residual,584,1,583,expanding,11 14 20 34 37 40,7 18 30 39 40 41,1
S007,triple_residual_node,triple_relation_residual,584,1,583,expanding,11 14 20 34 37 40,7 18 30 39 40 41,1
S008,family_balanced_hybrid,hybrid,584,1,583,expanding,1 5 12 14 20 34,7 18 30 39 40 41,0
S001,multi_window_frequency,multi_window_frequency,585,1,584,expanding,5 14 17 20 34 40,6 7 10 16 38 41,0
S002,gap_regime_hazard,gap_time,585,1,584,expanding,2 8 12 14 17 27,6 7 10 16 38 41,0
S003,momentum_state_transition,momentum,585,1,584,expanding,2 3 5 10 15 16,6 7 10 16 38 41,2
S004,conditional_probability,conditional,585,1,584,expanding,5 7 14 20 33 34,6 7 10 16 38 41,1
S005,structure_transition,structure_transition,585,1,584,expanding,11 16 20 31 35 42,6 7 10 16 38 41,1
S006,pair_residual_node,pair_relation_residual,585,1,584,expanding,11 14 20 34 37 40,6 7 10 16 38 41,0
S007,triple_residual_node,triple_relation_residual,585,1,584,expanding,11 14 20 34 37 40,6 7 10 16 38 41,0
S008,family_balanced_hybrid,hybrid,585,1,584,expanding,1 12 14 17 20 34,6 7 10 16 38 41,0
S001,multi_window_frequency,multi_window_frequency,586,1,585,expanding,5 14 17 20 34 40,2 7 12 15 21 34,1
S002,gap_regime_hazard,gap_time,586,1,585,expanding,8 17 18 27 33 44,2 7 12 15 21 34,0
S003,momentum_state_transition,momentum,586,1,585,expanding,2 3 5 6 15 16,2 7 12 15 21 34,2
S004,conditional_probability,conditional,586,1,585,expanding,5 7 14 40 41 42,2 7 12 15 21 34,1
S005,structure_transition,structure_transition,586,1,585,expanding,10 13 15 19 30 42,2 7 12 15 21 34,1
S006,pair_residual_node,pair_relation_residual,586,1,585,expanding,11 14 20 34 37 40,2 7 12 15 21 34,1
S007,triple_residual_node,triple_relation_residual,586,1,585,expanding,11 14 20 34 37 40,2 7 12 15 21 34,1
S008,family_balanced_hybrid,hybrid,586,1,585,expanding,1 14 17 20 34 40,2 7 12 15 21 34,1
S001,multi_window_frequency,multi_window_frequency,587,1,586,expanding,5 7 12 20 34 40,14 21 29 31 32 37,0
S002,gap_regime_hazard,gap_time,587,1,586,expanding,6 10 18 30 39 40,14 21 29 31 32 37,0
S003,momentum_state_transition,momentum,587,1,586,expanding,2 3 15 16 18 33,14 21 29 31 32 37,0
S004,conditional_probability,conditional,587,1,586,expanding,5 7 12 14 34 40,14 21 29 31 32 37,1
S005,structure_transition,structure_transition,587,1,586,expanding,5 15 22 24 27 40,14 21 29 31 32 37,0
S006,pair_residual_node,pair_relation_residual,587,1,586,expanding,11 14 20 34 37 40,14 21 29 31 32 37,2
S007,triple_residual_node,triple_relation_residual,587,1,586,expanding,11 14 20 34 37 40,14 21 29 31 32 37,2
S008,family_balanced_hybrid,hybrid,587,1,586,expanding,1 14 20 34 37 40,14 21 29 31 32 37,2
S001,multi_window_frequency,multi_window_frequency,588,1,587,expanding,5 14 20 32 34 40,2 8 15 22 25 41,0
S002,gap_regime_hazard,gap_time,588,1,587,expanding,2 6 10 16 38 41,2 8 15 22 25 41,2
S003,momentum_state_transition,momentum,588,1,587,expanding,2 3 15 16 18 21,2 8 15 22 25 41,2
S004,conditional_probability,conditional,588,1,587,expanding,5 7 12 14 32 40,2 8 15 22 25 41,0
S005,structure_transition,structure_transition,588,1,587,expanding,9 12 19 23 25 38,2 8 15 22 25 41,1
S006,pair_residual_node,pair_relation_residual,588,1,587,expanding,11 14 20 34 37 40,2 8 15 22 25 41,0
S007,triple_residual_node,triple_relation_residual,588,1,587,expanding,11 14 20 34 37 40,2 8 15 22 25 41,0
S008,family_balanced_hybrid,hybrid,588,1,587,expanding,7 12 14 20 34 40,2 8 15 22 25 41,0
S001,multi_window_frequency,multi_window_frequency,589,1,588,expanding,5 7 14 20 34 40,6 8 28 33 38 39,0
S002,gap_regime_hazard,gap_time,589,1,588,expanding,7 12 14 21 29 34,6 8 28 33 38 39,0
S003,momentum_state_transition,momentum,589,1,588,expanding,2 3 8 15 16 18,6 8 28 33 38 39,1
S004,conditional_probability,conditional,589,1,588,expanding,2 5 7 14 40 41,6 8 28 33 38 39,0
S005,structure_transition,structure_transition,589,1,588,expanding,3 14 18 23 25 40,6 8 28 33 38 39,0
S006,pair_residual_node,pair_relation_residual,589,1,588,expanding,11 20 25 34 37 40,6 8 28 33 38 39,0
S007,triple_residual_node,triple_relation_residual,589,1,588,expanding,11 20 25 34 37 40,6 8 28 33 38 39,0
S008,family_balanced_hybrid,hybrid,589,1,588,expanding,7 12 14 20 34 37,6 8 28 33 38 39,0
S001,multi_window_frequency,multi_window_frequency,590,1,589,expanding,5 7 14 20 34 40,20 30 36 38 41 45,1
S002,gap_regime_hazard,gap_time,590,1,589,expanding,14 21 29 31 32 37,20 30 36 38 41 45,0
S003,momentum_state_transition,momentum,590,1,589,expanding,2 8 15 16 18 21,20 30 36 38 41 45,0
S004,conditional_probability,conditional,590,1,589,expanding,2 7 8 14 33 41,20 30 36 38 41 45,1
S005,structure_transition,structure_transition,590,1,589,expanding,7 9 12 31 34 44,20 30 36 38 41 45,0
S006,pair_residual_node,pair_relation_residual,590,1,589,expanding,11 20 25 34 37 40,20 30 36 38 41 45,1
S007,triple_residual_node,triple_relation_residual,590,1,589,expanding,11 20 25 34 37 40,20 30 36 38 41 45,1
S008,family_balanced_hybrid,hybrid,590,1,589,expanding,8 14 15 20 37 40,20 30 36 38 41 45,1
S001,multi_window_frequency,multi_window_frequency,591,1,590,expanding,5 14 20 34 40 41,8 13 14 30 38 39,1
S002,gap_regime_hazard,gap_time,591,1,590,expanding,2 6 8 15 22 25,8 13 14 30 38 39,1
S003,momentum_state_transition,momentum,591,1,590,expanding,2 7 8 14 15 16,8 13 14 30 38 39,2
S004,conditional_probability,conditional,591,1,590,expanding,2 7 8 14 33 41,8 13 14 30 38 39,2
S005,structure_transition,structure_transition,591,1,590,expanding,4 13 15 19 32 44,8 13 14 30 38 39,1
S006,pair_residual_node,pair_relation_residual,591,1,590,expanding,11 20 25 34 37 40,8 13 14 30 38 39,0
S007,triple_residual_node,triple_relation_residual,591,1,590,expanding,11 20 25 34 37 40,8 13 14 30 38 39,0
S008,family_balanced_hybrid,hybrid,591,1,590,expanding,7 8 14 15 20 40,8 13 14 30 38 39,2
S001,multi_window_frequency,multi_window_frequency,592,1,591,expanding,8 14 20 34 40 41,2 5 6 13 28 44,0
S002,gap_regime_hazard,gap_time,592,1,591,expanding,6 20 28 33 36 41,2 5 6 13 28 44,2
S003,momentum_state_transition,momentum,592,1,591,expanding,2 7 8 14 15 16,2 5 6 13 28 44,1
S004,conditional_probability,conditional,592,1,591,expanding,2 7 8 14 38 41,2 5 6 13 28 44,1
S005,structure_transition,structure_transition,592,1,591,expanding,4 17 20 25 39 44,2 5 6 13 28 44,1
S006,pair_residual_node,pair_relation_residual,592,1,591,expanding,11 20 25 34 37 40,2 5 6 13 28 44,0
S007,triple_residual_node,triple_relation_residual,592,1,591,expanding,11 20 25 34 37 40,2 5 6 13 28 44,0
S008,family_balanced_hybrid,hybrid,592,1,591,expanding,8 12 14 20 40 41,2 5 6 13 28 44,0
S001,multi_window_frequency,multi_window_frequency,593,1,592,expanding,5 14 20 34 40 41,9 10 13 24 33 38,0
S002,gap_regime_hazard,gap_time,593,1,592,expanding,8 14 20 36 41 45,9 10 13 24 33 38,0
S003,momentum_state_transition,momentum,593,1,592,expanding,2 6 7 8 14 15,9 10 13 24 33 38,0
S004,conditional_probability,conditional,593,1,592,expanding,2 6 7 8 38 41,9 10 13 24 33 38,1
S005,structure_transition,structure_transition,593,1,592,expanding,6 19 21 24 38 41,9 10 13 24 33 38,2
S006,pair_residual_node,pair_relation_residual,593,1,592,expanding,11 14 20 34 37 40,9 10 13 24 33 38,0
S007,triple_residual_node,triple_relation_residual,593,1,592,expanding,11 14 20 34 37 40,9 10 13 24 33 38,0
S008,family_balanced_hybrid,hybrid,593,1,592,expanding,8 14 20 34 39 40,9 10 13 24 33 38,0
S001,multi_window_frequency,multi_window_frequency,594,1,593,expanding,13 14 20 34 38 41,2 8 13 25 28 37,1
S002,gap_regime_hazard,gap_time,594,1,593,expanding,2 5 8 14 30 39,2 8 13 25 28 37,2
S003,momentum_state_transition,momentum,594,1,593,expanding,2 6 7 8 14 15,2 8 13 25 28 37,2
S004,conditional_probability,conditional,594,1,593,expanding,2 6 7 8 38 41,2 8 13 25 28 37,2
S005,structure_transition,structure_transition,594,1,593,expanding,4 17 20 25 39 44,2 8 13 25 28 37,1
S006,pair_residual_node,pair_relation_residual,594,1,593,expanding,11 14 20 34 37 40,2 8 13 25 28 37,1
S007,triple_residual_node,triple_relation_residual,594,1,593,expanding,11 14 20 34 37 40,2 8 13 25 28 37,1
S008,family_balanced_hybrid,hybrid,594,1,593,expanding,6 7 8 14 34 39,2 8 13 25 28 37,1
S001,multi_window_frequency,multi_window_frequency,595,1,594,expanding,8 13 14 20 34 38,8 24 28 35 38 40,2
S002,gap_regime_hazard,gap_time,595,1,594,expanding,5 6 9 10 24 44,8 24 28 35 38 40,1
S003,momentum_state_transition,momentum,595,1,594,expanding,2 6 7 8 14 22,8 24 28 35 38 40,1
S004,conditional_probability,conditional,595,1,594,expanding,2 6 8 13 28 38,8 24 28 35 38 40,3
S005,structure_transition,structure_transition,595,1,594,expanding,6 19 21 24 38 41,8 24 28 35 38 40,2
S006,pair_residual_node,pair_relation_residual,595,1,594,expanding,11 14 20 34 37 40,8 24 28 35 38 40,1
S007,triple_residual_node,triple_relation_residual,595,1,594,expanding,11 20 25 34 37 40,8 24 28 35 38 40,1
S008,family_balanced_hybrid,hybrid,595,1,594,expanding,6 8 10 14 34 38,8 24 28 35 38 40,2
S001,multi_window_frequency,multi_window_frequency,596,1,595,expanding,8 13 14 20 34 38,3 4 12 14 25 43,1
S002,gap_regime_hazard,gap_time,596,1,595,expanding,2 9 10 13 25 33,3 4 12 14 25 43,1
S003,momentum_state_transition,momentum,596,1,595,expanding,2 6 7 8 14 22,3 4 12 14 25 43,1
S004,conditional_probability,conditional,596,1,595,expanding,2 6 8 13 28 38,3 4 12 14 25 43,0
S005,structure_transition,structure_transition,596,1,595,expanding,1 5 22 29 32 36,3 4 12 14 25 43,0
S006,pair_residual_node,pair_relation_residual,596,1,595,expanding,11 14 20 34 37 40,3 4 12 14 25 43,1
S007,triple_residual_node,triple_relation_residual,596,1,595,expanding,11 14 20 34 37 40,3 4 12 14 25 43,1
S008,family_balanced_hybrid,hybrid,596,1,595,expanding,2 8 13 14 25 37,3 4 12 14 25 43,2
S001,multi_window_frequency,multi_window_frequency,597,1,596,expanding,8 13 14 20 34 38,8 10 23 24 35 43,1
S002,gap_regime_hazard,gap_time,597,1,596,expanding,2 8 13 24 28 37,8 10 23 24 35 43,2
S003,momentum_state_transition,momentum,597,1,596,expanding,2 6 7 8 14 22,8 10 23 24 35 43,1
S004,conditional_probability,conditional,597,1,596,expanding,2 8 13 14 28 38,8 10 23 24 35 43,1
S005,structure_transition,structure_transition,597,1,596,expanding,8 13 18 25 36 39,8 10 23 24 35 43,1
S006,pair_residual_node,pair_relation_residual,597,1,596,expanding,11 14 20 34 37 40,8 10 23 24 35 43,0
S007,triple_residual_node,triple_relation_residual,597,1,596,expanding,11 14 20 34 37 40,8 10 23 24 35 43,0
S008,family_balanced_hybrid,hybrid,597,1,596,expanding,8 13 14 20 37 38,8 10 23 24 35 43,1
S001,multi_window_frequency,multi_window_frequency,598,1,597,expanding,8 13 14 20 34 38,4 12 24 33 38 45,1
S002,gap_regime_hazard,gap_time,598,1,597,expanding,3 4 12 28 38 40,4 12 24 33 38 45,3
S003,momentum_state_transition,momentum,598,1,597,expanding,2 6 7 8 14 24,4 12 24 33 38 45,1
S004,conditional_probability,conditional,598,1,597,expanding,2 13 24 25 28 38,4 12 24 33 38 45,2
S005,structure_transition,structure_transition,598,1,597,expanding,5 18 22 24 29 45,4 12 24 33 38 45,2
S006,pair_residual_node,pair_relation_residual,598,1,597,expanding,11 14 20 34 37 40,4 12 24 33 38 45,0
S007,triple_residual_node,triple_relation_residual,598,1,597,expanding,11 14 20 34 37 40,4 12 24 33 38 45,0
S008,family_balanced_hybrid,hybrid,598,1,597,expanding,12 14 20 25 38 40,4 12 24 33 38 45,2
S001,multi_window_frequency,multi_window_frequency,599,1,598,expanding,8 12 13 14 20 38,5 12 17 29 34 35,1
S002,gap_regime_hazard,gap_time,599,1,598,expanding,3 8 10 14 23 25,5 12 17 29 34 35,0
S003,momentum_state_transition,momentum,599,1,598,expanding,2 6 7 8 24 28,5 12 17 29 34 35,0
S004,conditional_probability,conditional,599,1,598,expanding,2 8 13 24 28 33,5 12 17 29 34 35,0
S005,structure_transition,structure_transition,599,1,598,expanding,2 20 22 35 37 39,5 12 17 29 34 35,1
S006,pair_residual_node,pair_relation_residual,599,1,598,expanding,11 14 20 34 37 40,5 12 17 29 34 35,1
S007,triple_residual_node,triple_relation_residual,599,1,598,expanding,11 14 20 34 37 40,5 12 17 29 34 35,1
S008,family_balanced_hybrid,hybrid,599,1,598,expanding,8 10 12 13 14 25,5 12 17 29 34 35,1
S001,multi_window_frequency,multi_window_frequency,600,1,599,expanding,8 12 13 20 34 38,5 11 14 27 29 36,0
S002,gap_regime_hazard,gap_time,600,1,599,expanding,4 8 10 23 24 43,5 11 14 27 29 36,0
S003,momentum_state_transition,momentum,600,1,599,expanding,2 6 7 8 12 24,5 11 14 27 29 36,0
S004,conditional_probability,conditional,600,1,599,expanding,8 12 13 24 28 38,5 11 14 27 29 36,0
S005,structure_transition,structure_transition,600,1,599,expanding,9 19 21 26 33 38,5 11 14 27 29 36,0
S006,pair_residual_node,pair_relation_residual,600,1,599,expanding,11 14 20 34 37 40,5 11 14 27 29 36,2
S007,triple_residual_node,triple_relation_residual,600,1,599,expanding,11 14 20 34 37 40,5 11 14 27 29 36,2
S008,family_balanced_hybrid,hybrid,600,1,599,expanding,8 10 12 14 24 38,5 11 14 27 29 36,1
S001,multi_window_frequency,multi_window_frequency,601,1,600,expanding,5 8 12 13 14 38,2 16 19 31 34 35,0
S002,gap_regime_hazard,gap_time,601,1,600,expanding,4 12 24 33 38 45,2 16 19 31 34 35,0
S003,momentum_state_transition,momentum,601,1,600,expanding,2 6 8 12 24 28,2 16 19 31 34 35,1
S004,conditional_probability,conditional,601,1,600,expanding,5 8 12 13 24 38,2 16 19 31 34 35,0
S005,structure_transition,structure_transition,601,1,600,expanding,4 12 17 32 36 41,2 16 19 31 34 35,0
S006,pair_residual_node,pair_relation_residual,601,1,600,expanding,11 14 20 34 37 40,2 16 19 31 34 35,1
S007,triple_residual_node,triple_relation_residual,601,1,600,expanding,11 14 20 34 37 40,2 16 19 31 34 35,1
S008,family_balanced_hybrid,hybrid,601,1,600,expanding,8 12 13 14 24 38,2 16 19 31 34 35,0
S001,multi_window_frequency,multi_window_frequency,602,1,601,expanding,5 8 12 14 34 35,13 14 22 27 30 38,1
S002,gap_regime_hazard,gap_time,602,1,601,expanding,5 11 12 14 17 27,13 14 22 27 30 38,2
S003,momentum_state_transition,momentum,602,1,601,expanding,2 6 7 8 12 24,13 14 22 27 30 38,0
S004,conditional_probability,conditional,602,1,601,expanding,2 5 8 12 24 35,13 14 22 27 30 38,0
S005,structure_transition,structure_transition,602,1,601,expanding,1 4 6 31 40 45,13 14 22 27 30 38,0
S006,pair_residual_node,pair_relation_residual,602,1,601,expanding,11 14 20 34 37 40,13 14 22 27 30 38,1
S007,triple_residual_node,triple_relation_residual,602,1,601,expanding,11 14 20 34 37 40,13 14 22 27 30 38,1
S008,family_balanced_hybrid,hybrid,602,1,601,expanding,5 8 12 13 14 29,13 14 22 27 30 38,2
S001,multi_window_frequency,multi_window_frequency,603,1,602,expanding,5 12 14 34 35 38,2 19 25 26 27 43,0
S002,gap_regime_hazard,gap_time,603,1,602,expanding,2 5 11 16 29 36,2 19 25 26 27 43,1
S003,momentum_state_transition,momentum,603,1,602,expanding,6 7 8 13 24 28,2 19 25 26 27 43,0
S004,conditional_probability,conditional,603,1,602,expanding,8 12 13 24 35 38,2 19 25 26 27 43,0
S005,structure_transition,structure_transition,603,1,602,expanding,7 10 15 30 32 45,2 19 25 26 27 43,0
S006,pair_residual_node,pair_relation_residual,603,1,602,expanding,11 14 20 34 37 40,2 19 25 26 27 43,0
S007,triple_residual_node,triple_relation_residual,603,1,602,expanding,11 14 20 34 37 40,2 19 25 26 27 43,0
S008,family_balanced_hybrid,hybrid,603,1,602,expanding,5 8 12 14 29 34,2 19 25 26 27 43,0
S001,multi_window_frequency,multi_window_frequency,604,1,603,expanding,5 8 12 14 34 35,2 6 18 21 33 34,1
S002,gap_regime_hazard,gap_time,604,1,603,expanding,13 14 16 31 34 35,2 6 18 21 33 34,1
S003,momentum_state_transition,momentum,604,1,603,expanding,6 7 8 13 24 28,2 6 18 21 33 34,1
S004,conditional_probability,conditional,604,1,603,expanding,2 8 12 14 24 35,2 6 18 21 33 34,1
S005,structure_transition,structure_transition,604,1,603,expanding,4 16 21 31 35 37,2 6 18 21 33 34,1
S006,pair_residual_node,pair_relation_residual,604,1,603,expanding,11 14 20 34 37 40,2 6 18 21 33 34,1
S007,triple_residual_node,triple_relation_residual,604,1,603,expanding,11 14 20 34 37 40,2 6 18 21 33 34,1
S008,family_balanced_hybrid,hybrid,604,1,603,expanding,8 12 13 14 34 38,2 6 18 21 33 34,1
S001,multi_window_frequency,multi_window_frequency,605,1,604,expanding,5 12 14 27 34 35,1 2 7 9 10 38,0
S002,gap_regime_hazard,gap_time,605,1,604,expanding,13 14 19 22 30 38,1 2 7 9 10 38,1
S003,momentum_state_transition,momentum,605,1,604,expanding,6 8 13 21 24 28,1 2 7 9 10 38,0
S004,conditional_probability,conditional,605,1,604,expanding,2 12 14 24 27 35,1 2 7 9 10 38,1
S005,structure_transition,structure_transition,605,1,604,expanding,4 17 20 25 39 44,1 2 7 9 10 38,0
S006,pair_residual_node,pair_relation_residual,605,1,604,expanding,11 14 20 34 37 40,1 2 7 9 10 38,0
S007,triple_residual_node,triple_relation_residual,605,1,604,expanding,11 14 20 34 37 40,1 2 7 9 10 38,0
S008,family_balanced_hybrid,hybrid,605,1,604,expanding,8 12 14 25 27 34,1 2 7 9 10 38,0
S001,multi_window_frequency,multi_window_frequency,606,1,605,expanding,2 5 12 14 34 38,1 5 6 14 20 39,2
S002,gap_regime_hazard,gap_time,606,1,605,expanding,6 19 25 26 27 43,1 5 6 14 20 39,1
S003,momentum_state_transition,momentum,606,1,605,expanding,8 13 21 24 27 28,1 5 6 14 20 39,0
S004,conditional_probability,conditional,606,1,605,expanding,2 12 14 27 34 35,1 5 6 14 20 39,1
S005,structure_transition,structure_transition,606,1,605,expanding,5 18 22 24 29 45,1 5 6 14 20 39,1
S006,pair_residual_node,pair_relation_residual,606,1,605,expanding,11 14 20 34 37 40,1 5 6 14 20 39,2
S007,triple_residual_node,triple_relation_residual,606,1,605,expanding,11 14 20 34 37 40,1 5 6 14 20 39,2
S008,family_balanced_hybrid,hybrid,606,1,605,expanding,12 14 25 27 34 43,1 5 6 14 20 39,1
S001,multi_window_frequency,multi_window_frequency,607,1,606,expanding,2 5 14 20 34 38,8 14 23 36 38 39,2
S002,gap_regime_hazard,gap_time,607,1,606,expanding,2 7 18 21 33 34,8 14 23 36 38 39,0
S003,momentum_state_transition,momentum,607,1,606,expanding,6 8 13 24 25 27,8 14 23 36 38 39,1
S004,conditional_probability,conditional,607,1,606,expanding,2 5 14 27 34 35,8 14 23 36 38 39,1
S005,structure_transition,structure_transition,607,1,606,expanding,7 10 15 30 32 45,8 14 23 36 38 39,0
S006,pair_residual_node,pair_relation_residual,607,1,606,expanding,11 14 20 34 37 40,8 14 23 36 38 39,1
S007,triple_residual_node,triple_relation_residual,607,1,606,expanding,11 14 20 34 37 40,8 14 23 36 38 39,1
S008,family_balanced_hybrid,hybrid,607,1,606,expanding,10 12 14 27 34 38,8 14 23 36 38 39,2
S001,multi_window_frequency,multi_window_frequency,608,1,607,expanding,2 5 14 20 34 38,4 8 18 19 39 44,0
S002,gap_regime_hazard,gap_time,608,1,607,expanding,1 2 5 7 9 10,4 8 18 19 39 44,0
S003,momentum_state_transition,momentum,608,1,607,expanding,6 8 10 13 24 25,4 8 18 19 39 44,1
S004,conditional_probability,conditional,608,1,607,expanding,2 5 14 27 34 38,4 8 18 19 39 44,0
S005,structure_transition,structure_transition,608,1,607,expanding,15 22 25 31 36 40,4 8 18 19 39 44,0
S006,pair_residual_node,pair_relation_residual,608,1,607,expanding,11 14 20 34 37 40,4 8 18 19 39 44,0
S007,triple_residual_node,triple_relation_residual,608,1,607,expanding,11 14 20 34 37 40,4 8 18 19 39 44,0
S008,family_balanced_hybrid,hybrid,608,1,607,expanding,1 5 12 14 27 34,4 8 18 19 39 44,0
S001,multi_window_frequency,multi_window_frequency,609,1,608,expanding,2 5 8 14 34 38,4 8 27 34 39 40,2
S002,gap_regime_hazard,gap_time,609,1,608,expanding,1 5 6 14 20 23,4 8 27 34 39 40,0
S003,momentum_state_transition,momentum,609,1,608,expanding,4 6 10 13 19 24,4 8 27 34 39 40,1
S004,conditional_probability,conditional,609,1,608,expanding,2 5 14 19 27 34,4 8 27 34 39 40,2
S005,structure_transition,structure_transition,609,1,608,expanding,6 10 19 24 27 37,4 8 27 34 39 40,1
S006,pair_residual_node,pair_relation_residual,609,1,608,expanding,11 14 20 34 37 40,4 8 27 34 39 40,2
S007,triple_residual_node,triple_relation_residual,609,1,608,expanding,11 14 20 34 37 40,4 8 27 34 39 40,2
S008,family_balanced_hybrid,hybrid,609,1,608,expanding,1 5 14 27 34 38,4 8 27 34 39 40,2
S001,multi_window_frequency,multi_window_frequency,610,1,609,expanding,2 8 14 27 34 38,14 18 20 23 28 36,1
S002,gap_regime_hazard,gap_time,610,1,609,expanding,14 18 19 23 36 38,14 18 20 23 28 36,4
S003,momentum_state_transition,momentum,610,1,609,expanding,4 6 10 13 19 24,14 18 20 23 28 36,0
S004,conditional_probability,conditional,610,1,609,expanding,2 8 14 19 27 39,14 18 20 23 28 36,1
S005,structure_transition,structure_transition,610,1,609,expanding,1 6 16 35 37 42,14 18 20 23 28 36,0
S006,pair_residual_node,pair_relation_residual,610,1,609,expanding,11 14 20 34 37 40,14 18 20 23 28 36,2
S007,triple_residual_node,triple_relation_residual,610,1,609,expanding,11 14 20 34 37 40,14 18 20 23 28 36,2
S008,family_balanced_hybrid,hybrid,610,1,609,expanding,12 14 27 34 38 39,14 18 20 23 28 36,1
S001,multi_window_frequency,multi_window_frequency,611,1,610,expanding,8 14 20 27 34 38,2 22 27 33 36 37,1
S002,gap_regime_hazard,gap_time,611,1,610,expanding,4 8 19 27 34 44,2 22 27 33 36 37,1
S003,momentum_state_transition,momentum,611,1,610,expanding,4 6 10 13 19 23,2 22 27 33 36 37,0
S004,conditional_probability,conditional,611,1,610,expanding,2 8 14 18 19 39,2 22 27 33 36 37,1
S005,structure_transition,structure_transition,611,1,610,expanding,1 5 14 30 37 40,2 22 27 33 36 37,1
S006,pair_residual_node,pair_relation_residual,611,1,610,expanding,11 14 20 34 37 40,2 22 27 33 36 37,1
S007,triple_residual_node,triple_relation_residual,611,1,610,expanding,11 14 20 34 37 40,2 22 27 33 36 37,1
S008,family_balanced_hybrid,hybrid,611,1,610,expanding,8 12 14 27 34 39,2 22 27 33 36 37,1
S001,multi_window_frequency,multi_window_frequency,612,1,611,expanding,2 8 14 27 34 38,6 9 18 19 25 33,0
S002,gap_regime_hazard,gap_time,612,1,611,expanding,4 8 14 34 39 40,6 9 18 19 25 33,0
S003,momentum_state_transition,momentum,612,1,611,expanding,4 6 10 13 18 19,6 9 18 19 25 33,3
S004,conditional_probability,conditional,612,1,611,expanding,2 8 14 18 27 39,6 9 18 19 25 33,1
S005,structure_transition,structure_transition,612,1,611,expanding,6 19 21 24 38 41,6 9 18 19 25 33,2
S006,pair_residual_node,pair_relation_residual,612,1,611,expanding,11 14 20 34 37 40,6 9 18 19 25 33,0
S007,triple_residual_node,triple_relation_residual,612,1,611,expanding,11 14 20 34 37 40,6 9 18 19 25 33,0
S008,family_balanced_hybrid,hybrid,612,1,611,expanding,8 14 20 27 34 39,6 9 18 19 25 33,0
S001,multi_window_frequency,multi_window_frequency,613,1,612,expanding,2 8 14 20 27 34,7 8 11 16 41 44,1
S002,gap_regime_hazard,gap_time,613,1,612,expanding,2 14 20 22 23 28,7 8 11 16 41 44,0
S003,momentum_state_transition,momentum,613,1,612,expanding,4 9 10 13 18 19,7 8 11 16 41 44,0
S004,conditional_probability,conditional,613,1,612,expanding,2 6 8 14 18 39,7 8 11 16 41 44,1
S005,structure_transition,structure_transition,613,1,612,expanding,10 20 23 25 27 39,7 8 11 16 41 44,0
S006,pair_residual_node,pair_relation_residual,613,1,612,expanding,11 14 20 34 37 40,7 8 11 16 41 44,1
S007,triple_residual_node,triple_relation_residual,613,1,612,expanding,11 14 20 34 37 40,7 8 11 16 41 44,1
S008,family_balanced_hybrid,hybrid,613,1,612,expanding,14 18 20 27 34 36,7 8 11 16 41 44,0
S001,multi_window_frequency,multi_window_frequency,614,1,613,expanding,2 8 14 20 34 38,8 21 25 39 40 44,1
S002,gap_regime_hazard,gap_time,614,1,613,expanding,2 6 22 27 36 37,8 21 25 39 40 44,0
S003,momentum_state_transition,momentum,614,1,613,expanding,4 18 19 23 24 27,8 21 25 39 40 44,0
S004,conditional_probability,conditional,614,1,613,expanding,2 6 8 14 18 39,8 21 25 39 40 44,2
S005,structure_transition,structure_transition,614,1,613,expanding,3 13 18 32 37 44,8 21 25 39 40 44,1
S006,pair_residual_node,pair_relation_residual,614,1,613,expanding,11 14 20 34 37 40,8 21 25 39 40 44,1
S007,triple_residual_node,triple_relation_residual,614,1,613,expanding,11 14 20 34 37 40,8 21 25 39 40 44,1
S008,family_balanced_hybrid,hybrid,614,1,613,expanding,6 14 18 27 34 36,8 21 25 39 40 44,0
S001,multi_window_frequency,multi_window_frequency,615,1,614,expanding,8 14 20 34 38 39,10 17 18 19 23 27,0
S002,gap_regime_hazard,gap_time,615,1,614,expanding,6 7 9 18 19 33,10 17 18 19 23 27,2
S003,momentum_state_transition,momentum,615,1,614,expanding,4 18 19 23 24 27,10 17 18 19 23 27,4
S004,conditional_probability,conditional,615,1,614,expanding,8 14 18 36 39 44,10 17 18 19 23 27,1
S005,structure_transition,structure_transition,615,1,614,expanding,1 4 6 31 40 45,10 17 18 19 23 27,0
S006,pair_residual_node,pair_relation_residual,615,1,614,expanding,11 14 20 34 37 40,10 17 18 19 23 27,0
S007,triple_residual_node,triple_relation_residual,615,1,614,expanding,11 14 20 34 37 40,10 17 18 19 23 27,0
S008,family_balanced_hybrid,hybrid,615,1,614,expanding,6 8 12 14 18 27,10 17 18 19 23 27,2
S001,multi_window_frequency,multi_window_frequency,616,1,615,expanding,8 14 20 27 34 39,5 13 18 23 40 45,0
S002,gap_regime_hazard,gap_time,616,1,615,expanding,7 8 11 16 21 41,5 13 18 23 40 45,0
S003,momentum_state_transition,momentum,616,1,615,expanding,4 18 19 23 27 36,5 13 18 23 40 45,2
S004,conditional_probability,conditional,616,1,615,expanding,8 14 18 19 23 39,5 13 18 23 40 45,2
S005,structure_transition,structure_transition,616,1,615,expanding,3 6 10 24 39 40,5 13 18 23 40 45,1
S006,pair_residual_node,pair_relation_residual,616,1,615,expanding,11 14 20 34 37 40,5 13 18 23 40 45,1
S007,triple_residual_node,triple_relation_residual,616,1,615,expanding,11 14 20 34 37 40,5 13 18 23 40 45,1
S008,family_balanced_hybrid,hybrid,616,1,615,expanding,8 14 25 27 39 40,5 13 18 23 40 45,1
S001,multi_window_frequency,multi_window_frequency,617,1,616,expanding,8 14 18 27 39 40,4 5 11 12 24 27,1
S002,gap_regime_hazard,gap_time,617,1,616,expanding,8 10 21 25 39 44,4 5 11 12 24 27,0
S003,momentum_state_transition,momentum,617,1,616,expanding,4 10 18 19 23 27,4 5 11 12 24 27,2
S004,conditional_probability,conditional,617,1,616,expanding,8 18 19 23 27 39,4 5 11 12 24 27,1
S005,structure_transition,structure_transition,617,1,616,expanding,3 13 21 25 30 32,4 5 11 12 24 27,0
S006,pair_residual_node,pair_relation_residual,617,1,616,expanding,11 14 20 34 37 40,4 5 11 12 24 27,1
S007,triple_residual_node,triple_relation_residual,617,1,616,expanding,11 14 20 34 37 40,4 5 11 12 24 27,1
S008,family_balanced_hybrid,hybrid,617,1,616,expanding,8 14 25 27 39 40,4 5 11 12 24 27,1
S001,multi_window_frequency,multi_window_frequency,618,1,617,expanding,5 8 14 18 27 40,8 16 25 30 42 43,1
S002,gap_regime_hazard,gap_time,618,1,617,expanding,10 13 17 18 19 23,8 16 25 30 42 43,0
S003,momentum_state_transition,momentum,618,1,617,expanding,4 11 18 19 23 27,8 16 25 30 42 43,0
S004,conditional_probability,conditional,618,1,617,expanding,4 8 18 19 23 27,8 16 25 30 42 43,1
S005,structure_transition,structure_transition,618,1,617,expanding,7 17 24 26 30 35,8 16 25 30 42 43,1
S006,pair_residual_node,pair_relation_residual,618,1,617,expanding,11 14 20 34 37 40,8 16 25 30 42 43,0
S007,triple_residual_node,triple_relation_residual,618,1,617,expanding,11 14 20 34 37 40,8 16 25 30 42 43,0
S008,family_balanced_hybrid,hybrid,618,1,617,expanding,8 11 14 18 27 40,8 16 25 30 42 43,1
S001,multi_window_frequency,multi_window_frequency,619,1,618,expanding,5 8 14 18 27 40,6 8 13 30 35 40,2
S002,gap_regime_hazard,gap_time,619,1,618,expanding,4 13 18 23 40 45,6 8 13 30 35 40,2
S003,momentum_state_transition,momentum,619,1,618,expanding,4 11 16 18 19 23,6 8 13 30 35 40,0
S004,conditional_probability,conditional,619,1,618,expanding,8 18 23 25 27 40,6 8 13 30 35 40,2
S005,structure_transition,structure_transition,619,1,618,expanding,8 12 23 28 31 39,6 8 13 30 35 40,1
S006,pair_residual_node,pair_relation_residual,619,1,618,expanding,11 14 20 34 37 40,6 8 13 30 35 40,1
S007,triple_residual_node,triple_relation_residual,619,1,618,expanding,11 14 20 34 37 40,6 8 13 30 35 40,1
S008,family_balanced_hybrid,hybrid,619,1,618,expanding,5 8 11 18 27 40,6 8 13 30 35 40,2
S001,multi_window_frequency,multi_window_frequency,620,1,619,expanding,8 13 14 18 27 40,2 16 17 32 39 45,0
S002,gap_regime_hazard,gap_time,620,1,619,expanding,4 5 11 12 24 27,2 16 17 32 39 45,0
S003,momentum_state_transition,momentum,620,1,619,expanding,4 11 16 18 19 23,2 16 17 32 39 45,1
S004,conditional_probability,conditional,620,1,619,expanding,8 18 23 25 27 40,2 16 17 32 39 45,0
S005,structure_transition,structure_transition,620,1,619,expanding,4 17 20 25 39 44,2 16 17 32 39 45,2
S006,pair_residual_node,pair_relation_residual,620,1,619,expanding,11 14 20 34 37 40,2 16 17 32 39 45,0
S007,triple_residual_node,triple_relation_residual,620,1,619,expanding,11 14 20 34 37 40,2 16 17 32 39 45,0
S008,family_balanced_hybrid,hybrid,620,1,619,expanding,5 11 25 27 34 40,2 16 17 32 39 45,0
S001,multi_window_frequency,multi_window_frequency,621,1,620,expanding,5 8 13 14 27 40,1 2 6 16 19 42,0
S002,gap_regime_hazard,gap_time,621,1,620,expanding,6 8 13 25 42 43,1 2 6 16 19 42,2
S003,momentum_state_transition,momentum,621,1,620,expanding,4 16 18 19 23 27,1 2 6 16 19 42,2
S004,conditional_probability,conditional,621,1,620,expanding,8 16 18 25 27 40,1 2 6 16 19 42,1
S005,structure_transition,structure_transition,621,1,620,expanding,1 5 22 29 32 36,1 2 6 16 19 42,1
S006,pair_residual_node,pair_relation_residual,621,1,620,expanding,11 14 20 34 37 40,1 2 6 16 19 42,0
S007,triple_residual_node,triple_relation_residual,621,1,620,expanding,11 14 20 34 37 40,1 2 6 16 19 42,0
S008,family_balanced_hybrid,hybrid,621,1,620,expanding,8 13 25 27 34 40,1 2 6 16 19 42,0
S001,multi_window_frequency,multi_window_frequency,622,1,621,expanding,5 8 13 14 27 40,9 15 16 21 28 34,0
S002,gap_regime_hazard,gap_time,622,1,621,expanding,8 13 17 30 35 40,9 15 16 21 28 34,0
S003,momentum_state_transition,momentum,622,1,621,expanding,1 4 16 18 19 23,9 15 16 21 28 34,1
S004,conditional_probability,conditional,622,1,621,expanding,6 8 16 18 19 25,9 15 16 21 28 34,1
S005,structure_transition,structure_transition,622,1,621,expanding,1 4 11 32 36 39,9 15 16 21 28 34,0
S006,pair_residual_node,pair_relation_residual,622,1,621,expanding,11 14 20 34 37 40,9 15 16 21 28 34,1
S007,triple_residual_node,triple_relation_residual,622,1,621,expanding,11 14 20 34 37 40,9 15 16 21 28 34,1
S008,family_balanced_hybrid,hybrid,622,1,621,expanding,8 13 14 17 27 40,9 15 16 21 28 34,0
S001,multi_window_frequency,multi_window_frequency,623,1,622,expanding,5 8 16 27 34 40,7 13 30 39 41 45,0
S002,gap_regime_hazard,gap_time,623,1,622,expanding,1 2 17 32 39 45,7 13 30 39 41 45,2
S003,momentum_state_transition,momentum,623,1,622,expanding,1 4 9 16 18 19,7 13 30 39 41 45,0
S004,conditional_probability,conditional,623,1,622,expanding,2 5 6 8 16 40,7 13 30 39 41 45,0
S005,structure_transition,structure_transition,623,1,622,expanding,2 13 17 33 36 38,7 13 30 39 41 45,1
S006,pair_residual_node,pair_relation_residual,623,1,622,expanding,11 14 20 34 37 40,7 13 30 39 41 45,0
S007,triple_residual_node,triple_relation_residual,623,1,622,expanding,11 14 20 34 37 40,7 13 30 39 41 45,0
S008,family_balanced_hybrid,hybrid,623,1,622,expanding,1 8 14 17 20 40,7 13 30 39 41 45,0
S001,multi_window_frequency,multi_window_frequency,624,1,623,expanding,8 13 27 34 39 40,1 7 19 26 27 35,1
S002,gap_regime_hazard,gap_time,624,1,623,expanding,1 2 6 9 19 42,1 7 19 26 27 35,2
S003,momentum_state_transition,momentum,624,1,623,expanding,1 4 9 16 18 19,1 7 19 26 27 35,2
S004,conditional_probability,conditional,624,1,623,expanding,8 13 16 30 39 40,1 7 19 26 27 35,0
S005,structure_transition,structure_transition,624,1,623,expanding,8 12 23 28 31 39,1 7 19 26 27 35,0
S006,pair_residual_node,pair_relation_residual,624,1,623,expanding,11 14 20 34 37 40,1 7 19 26 27 35,0
S007,triple_residual_node,triple_relation_residual,624,1,623,expanding,11 14 20 34 37 40,1 7 19 26 27 35,0
S008,family_balanced_hybrid,hybrid,624,1,623,expanding,1 8 14 16 27 40,1 7 19 26 27 35,2
S001,multi_window_frequency,multi_window_frequency,625,1,624,expanding,8 13 16 27 34 40,3 6 7 20 21 39,0
S002,gap_regime_hazard,gap_time,625,1,624,expanding,9 15 16 21 28 34,3 6 7 20 21 39,1
S003,momentum_state_transition,momentum,625,1,624,expanding,1 4 7 9 16 18,3 6 7 20 21 39,1
S004,conditional_probability,conditional,625,1,624,expanding,13 16 19 27 30 45,3 6 7 20 21 39,0
S005,structure_transition,structure_transition,625,1,624,expanding,2 20 22 35 37 39,3 6 7 20 21 39,2
S006,pair_residual_node,pair_relation_residual,625,1,624,expanding,11 14 20 34 37 40,3 6 7 20 21 39,1
S007,triple_residual_node,triple_relation_residual,625,1,624,expanding,11 14 20 34 37 40,3 6 7 20 21 39,1
S008,family_balanced_hybrid,hybrid,625,1,624,expanding,1 13 14 16 39 40,3 6 7 20 21 39,1
S001,multi_window_frequency,multi_window_frequency,626,1,625,expanding,8 13 20 27 34 39,13 14 26 33 40 43,1
S002,gap_regime_hazard,gap_time,626,1,625,expanding,1 13 19 30 41 45,13 14 26 33 40 43,1
S003,momentum_state_transition,momentum,626,1,625,expanding,1 4 7 16 18 19,13 14 26 33 40 43,0
S004,conditional_probability,conditional,626,1,625,expanding,6 7 13 16 30 39,13 14 26 33 40 43,1
S005,structure_transition,structure_transition,626,1,625,expanding,1 16 17 30 35 37,13 14 26 33 40 43,0
S006,pair_residual_node,pair_relation_residual,626,1,625,expanding,11 14 20 34 37 40,13 14 26 33 40 43,2
S007,triple_residual_node,triple_relation_residual,626,1,625,expanding,11 14 20 34 37 40,13 14 26 33 40 43,2
S008,family_balanced_hybrid,hybrid,626,1,625,expanding,1 13 14 16 27 40,13 14 26 33 40 43,3
S001,multi_window_frequency,multi_window_frequency,627,1,626,expanding,8 13 14 27 39 40,2 9 22 25 31 45,0
S002,gap_regime_hazard,gap_time,627,1,626,expanding,1 3 6 19 27 35,2 9 22 25 31 45,0
S003,momentum_state_transition,momentum,627,1,626,expanding,4 7 16 18 19 21,2 9 22 25 31 45,0
S004,conditional_probability,conditional,627,1,626,expanding,6 7 13 16 30 39,2 9 22 25 31 45,0
S005,structure_transition,structure_transition,627,1,626,expanding,6 10 19 24 27 37,2 9 22 25 31 45,0
S006,pair_residual_node,pair_relation_residual,627,1,626,expanding,11 14 20 34 37 40,2 9 22 25 31 45,0
S007,triple_residual_node,triple_relation_residual,627,1,626,expanding,11 14 20 34 37 40,2 9 22 25 31 45,0
S008,family_balanced_hybrid,hybrid,627,1,626,expanding,1 6 7 16 27 39,2 9 22 25 31 45,0
S001,multi_window_frequency,multi_window_frequency,628,1,627,expanding,8 13 14 27 39 40,1 7 12 15 23 42,0
S002,gap_regime_hazard,gap_time,628,1,627,expanding,3 6 7 20 21 39,1 7 12 15 23 42,1
S003,momentum_state_transition,momentum,628,1,627,expanding,4 7 9 16 18 19,1 7 12 15 23 42,1
S004,conditional_probability,conditional,628,1,627,expanding,2 6 7 13 16 30,1 7 12 15 23 42,1
S005,structure_transition,structure_transition,628,1,627,expanding,2 7 15 29 34 39,1 7 12 15 23 42,2
S006,pair_residual_node,pair_relation_residual,628,1,627,expanding,11 14 20 34 37 40,1 7 12 15 23 42,0
S007,triple_residual_node,triple_relation_residual,628,1,627,expanding,11 14 20 34 37 40,1 7 12 15 23 42,0
S008,family_balanced_hybrid,hybrid,628,1,627,expanding,6 7 8 13 39 40,1 7 12 15 23 42,1
S001,multi_window_frequency,multi_window_frequency,629,1,628,expanding,8 13 14 27 34 40,19 28 31 38 43 44,0
S002,gap_regime_hazard,gap_time,629,1,628,expanding,13 14 26 33 40 43,19 28 31 38 43 44,1
S003,momentum_state_transition,momentum,629,1,628,expanding,1 7 9 16 18 21,19 28 31 38 43 44,0
S004,conditional_probability,conditional,629,1,628,expanding,1 2 6 7 13 16,19 28 31 38 43 44,0
S005,structure_transition,structure_transition,629,1,628,expanding,1 14 17 27 32 35,19 28 31 38 43 44,0
S006,pair_residual_node,pair_relation_residual,629,1,628,expanding,11 14 20 34 37 40,19 28 31 38 43 44,0
S007,triple_residual_node,triple_relation_residual,629,1,628,expanding,11 14 20 34 37 40,19 28 31 38 43 44,0
S008,family_balanced_hybrid,hybrid,629,1,628,expanding,1 13 14 16 40 45,19 28 31 38 43 44,0
S001,multi_window_frequency,multi_window_frequency,630,1,629,expanding,2 7 13 14 27 39,8 17 21 24 27 31,1
S002,gap_regime_hazard,gap_time,630,1,629,expanding,1 2 9 22 25 45,8 17 21 24 27 31,0
S003,momentum_state_transition,momentum,630,1,629,expanding,1 7 9 16 18 21,8 17 21 24 27 31,1
S004,conditional_probability,conditional,630,1,629,expanding,1 2 7 16 19 39,8 17 21 24 27 31,0
S005,structure_transition,structure_transition,630,1,629,expanding,7 12 17 25 36 38,8 17 21 24 27 31,1
S006,pair_residual_node,pair_relation_residual,630,1,629,expanding,11 14 20 34 37 40,8 17 21 24 27 31,0
S007,triple_residual_node,triple_relation_residual,630,1,629,expanding,1 11 20 34 37 40,8 17 21 24 27 31,0
S008,family_balanced_hybrid,hybrid,630,1,629,expanding,1 2 7 13 39 45,8 17 21 24 27 31,0
S001,multi_window_frequency,multi_window_frequency,631,1,630,expanding,7 8 13 14 27 34,1 2 4 23 31 34,1
S002,gap_regime_hazard,gap_time,631,1,630,expanding,1 7 12 15 23 42,1 2 4 23 31 34,2
S003,momentum_state_transition,momentum,631,1,630,expanding,1 7 9 16 17 21,1 2 4 23 31 34,1
S004,conditional_probability,conditional,631,1,630,expanding,1 2 7 19 21 31,1 2 4 23 31 34,3
S005,structure_transition,structure_transition,631,1,630,expanding,7 16 18 29 33 38,1 2 4 23 31 34,0
S006,pair_residual_node,pair_relation_residual,631,1,630,expanding,11 14 20 34 37 40,1 2 4 23 31 34,1
S007,triple_residual_node,triple_relation_residual,631,1,630,expanding,1 11 20 34 37 40,1 2 4 23 31 34,2
S008,family_balanced_hybrid,hybrid,631,1,630,expanding,1 7 13 16 19 27,1 2 4 23 31 34,1
S001,multi_window_frequency,multi_window_frequency,632,1,631,expanding,1 7 8 13 27 34,15 18 21 32 35 44,0
S002,gap_regime_hazard,gap_time,632,1,631,expanding,8 19 28 38 43 44,15 18 21 32 35 44,1
S003,momentum_state_transition,momentum,632,1,631,expanding,1 7 9 16 17 21,15 18 21 32 35 44,1
S004,conditional_probability,conditional,632,1,631,expanding,1 2 7 9 21 31,15 18 21 32 35 44,1
S005,structure_transition,structure_transition,632,1,631,expanding,5 18 22 24 29 45,15 18 21 32 35 44,1
S006,pair_residual_node,pair_relation_residual,632,1,631,expanding,11 14 20 34 37 40,15 18 21 32 35 44,0
S007,triple_residual_node,triple_relation_residual,632,1,631,expanding,1 11 20 34 37 40,15 18 21 32 35 44,0
S008,family_balanced_hybrid,hybrid,632,1,631,expanding,1 7 8 13 17 27,15 18 21 32 35 44,0
S001,multi_window_frequency,multi_window_frequency,633,1,632,expanding,1 2 7 8 27 34,9 12 19 20 39 41,0
S002,gap_regime_hazard,gap_time,633,1,632,expanding,1 2 8 17 24 27,9 12 19 20 39 41,0
S003,momentum_state_transition,momentum,633,1,632,expanding,1 7 15 16 17 21,9 12 19 20 39 41,0
S004,conditional_probability,conditional,633,1,632,expanding,1 2 7 13 21 31,9 12 19 20 39 41,0
S005,structure_transition,structure_transition,633,1,632,expanding,6 19 21 24 38 41,9 12 19 20 39 41,2
S006,pair_residual_node,pair_relation_residual,633,1,632,expanding,1 11 20 34 37 40,9 12 19 20 39 41,1
S007,triple_residual_node,triple_relation_residual,633,1,632,expanding,1 11 20 34 37 40,9 12 19 20 39 41,1
S008,family_balanced_hybrid,hybrid,633,1,632,expanding,1 7 8 13 17 27,9 12 19 20 39 41,0
S001,multi_window_frequency,multi_window_frequency,634,1,633,expanding,1 8 20 27 34 39,4 10 11 12 20 27,2
S002,gap_regime_hazard,gap_time,634,1,633,expanding,1 2 4 23 31 34,4 10 11 12 20 27,1
S003,momentum_state_transition,momentum,634,1,633,expanding,1 7 9 13 15 16,4 10 11 12 20 27,0
S004,conditional_probability,conditional,634,1,633,expanding,1 2 7 19 21 31,4 10 11 12 20 27,0
S005,structure_transition,structure_transition,634,1,633,expanding,6 9 25 27 36 42,4 10 11 12 20 27,1
S006,pair_residual_node,pair_relation_residual,634,1,633,expanding,1 11 20 34 37 40,4 10 11 12 20 27,2
S007,triple_residual_node,triple_relation_residual,634,1,633,expanding,1 11 20 34 37 40,4 10 11 12 20 27,2
S008,family_balanced_hybrid,hybrid,634,1,633,expanding,1 7 13 20 27 40,4 10 11 12 20 27,2
S001,multi_window_frequency,multi_window_frequency,635,1,634,expanding,8 12 20 27 34 39,11 13 25 26 29 33,0
S002,gap_regime_hazard,gap_time,635,1,634,expanding,15 18 21 32 35 44,11 13 25 26 29 33,0
S003,momentum_state_transition,momentum,635,1,634,expanding,1 7 9 13 15 16,11 13 25 26 29 33,1
S004,conditional_probability,conditional,635,1,634,expanding,1 2 12 20 21 31,11 13 25 26 29 33,0
S005,structure_transition,structure_transition,635,1,634,expanding,3 4 18 31 35 38,11 13 25 26 29 33,0
S006,pair_residual_node,pair_relation_residual,635,1,634,expanding,11 14 20 34 37 40,11 13 25 26 29 33,1
S007,triple_residual_node,triple_relation_residual,635,1,634,expanding,1 11 20 34 37 40,11 13 25 26 29 33,1
S008,family_balanced_hybrid,hybrid,635,1,634,expanding,1 7 8 12 20 39,11 13 25 26 29 33,0
S001,multi_window_frequency,multi_window_frequency,636,1,635,expanding,8 12 13 20 27 34,6 7 15 16 20 31,1
S002,gap_regime_hazard,gap_time,636,1,635,expanding,4 9 10 19 39 41,6 7 15 16 20 31,0
S003,momentum_state_transition,momentum,636,1,635,expanding,1 7 9 11 13 15,6 7 15 16 20 31,2
S004,conditional_probability,conditional,636,1,635,expanding,1 2 4 9 12 31,6 7 15 16 20 31,1
S005,structure_transition,structure_transition,636,1,635,expanding,5 18 22 24 29 45,6 7 15 16 20 31,0
S006,pair_residual_node,pair_relation_residual,636,1,635,expanding,1 11 20 34 37 40,6 7 15 16 20 31,1
S007,triple_residual_node,triple_relation_residual,636,1,635,expanding,1 11 20 34 37 40,6 7 15 16 20 31,1
S008,family_balanced_hybrid,hybrid,636,1,635,expanding,1 11 12 13 20 27,6 7 15 16 20 31,1
S001,multi_window_frequency,multi_window_frequency,637,1,636,expanding,8 12 13 20 27 31,3 16 22 37 38 44,0
S002,gap_regime_hazard,gap_time,637,1,636,expanding,4 10 11 12 13 27,3 16 22 37 38 44,0
S003,momentum_state_transition,momentum,637,1,636,expanding,1 7 9 11 12 13,3 16 22 37 38 44,0
S004,conditional_probability,conditional,637,1,636,expanding,1 2 12 15 20 31,3 16 22 37 38 44,0
S005,structure_transition,structure_transition,637,1,636,expanding,1 4 20 25 26 45,3 16 22 37 38 44,0
S006,pair_residual_node,pair_relation_residual,637,1,636,expanding,1 11 20 34 37 40,3 16 22 37 38 44,1
S007,triple_residual_node,triple_relation_residual,637,1,636,expanding,1 11 20 34 37 40,3 16 22 37 38 44,1
S008,family_balanced_hybrid,hybrid,637,1,636,expanding,1 11 12 20 25 27,3 16 22 37 38 44,0
S001,multi_window_frequency,multi_window_frequency,638,1,637,expanding,8 13 20 27 31 44,7 18 22 24 31 34,1
S002,gap_regime_hazard,gap_time,638,1,637,expanding,11 13 25 26 29 33,7 18 22 24 31 34,0
S003,momentum_state_transition,momentum,638,1,637,expanding,1 7 9 13 15 16,7 18 22 24 31 34,1
S004,conditional_probability,conditional,638,1,637,expanding,1 12 15 20 31 44,7 18 22 24 31 34,1
S005,structure_transition,structure_transition,638,1,637,expanding,8 13 18 25 36 39,7 18 22 24 31 34,1
S006,pair_residual_node,pair_relation_residual,638,1,637,expanding,1 11 20 34 37 40,7 18 22 24 31 34,1
S007,triple_residual_node,triple_relation_residual,638,1,637,expanding,1 11 20 34 37 40,7 18 22 24 31 34,1
S008,family_balanced_hybrid,hybrid,638,1,637,expanding,1 7 11 12 13 20,7 18 22 24 31 34,1
S001,multi_window_frequency,multi_window_frequency,639,1,638,expanding,8 20 27 31 34 44,6 15 22 23 25 32,0
S002,gap_regime_hazard,gap_time,639,1,638,expanding,3 6 15 16 20 37,6 15 22 23 25 32,2
S003,momentum_state_transition,momentum,639,1,638,expanding,1 7 9 12 13 15,6 15 22 23 25 32,1
S004,conditional_probability,conditional,639,1,638,expanding,4 7 11 20 31 44,6 15 22 23 25 32,0
S005,structure_transition,structure_transition,639,1,638,expanding,1 4 11 32 36 39,6 15 22 23 25 32,1
S006,pair_residual_node,pair_relation_residual,639,1,638,expanding,1 11 20 34 37 40,6 15 22 23 25 32,0
S007,triple_residual_node,triple_relation_residual,639,1,638,expanding,1 11 20 34 37 40,6 15 22 23 25 32,0
S008,family_balanced_hybrid,hybrid,639,1,638,expanding,1 7 12 16 20 34,6 15 22 23 25 32,0
S001,multi_window_frequency,multi_window_frequency,640,1,639,expanding,8 20 25 27 31 34,14 15 18 21 26 35,0
S002,gap_regime_hazard,gap_time,640,1,639,expanding,3 7 16 37 38 44,14 15 18 21 26 35,0
S003,momentum_state_transition,momentum,640,1,639,expanding,1 7 9 12 15 20,14 15 18 21 26 35,1
S004,conditional_probability,conditional,640,1,639,expanding,4 6 15 20 22 31,14 15 18 21 26 35,1
S005,structure_transition,structure_transition,640,1,639,expanding,7 16 18 29 33 38,14 15 18 21 26 35,1
S006,pair_residual_node,pair_relation_residual,640,1,639,expanding,11 20 25 34 37 40,14 15 18 21 26 35,0
S007,triple_residual_node,triple_relation_residual,640,1,639,expanding,11 20 25 34 37 40,14 15 18 21 26 35,0
S008,family_balanced_hybrid,hybrid,640,1,639,expanding,1 7 12 16 20 34,14 15 18 21 26 35,0
S001,multi_window_frequency,multi_window_frequency,641,1,640,expanding,15 20 25 27 31 34,11 18 21 36 37 43,0
S002,gap_regime_hazard,gap_time,641,1,640,expanding,6 7 22 24 31 34,11 18 21 36 37 43,0
S003,momentum_state_transition,momentum,641,1,640,expanding,1 7 9 12 15 20,11 18 21 36 37 43,0
S004,conditional_probability,conditional,641,1,640,expanding,4 15 18 20 22 31,11 18 21 36 37 43,1
S005,structure_transition,structure_transition,641,1,640,expanding,6 8 23 25 34 45,11 18 21 36 37 43,0
S006,pair_residual_node,pair_relation_residual,641,1,640,expanding,11 20 25 34 37 40,11 18 21 36 37 43,2
S007,triple_residual_node,triple_relation_residual,641,1,640,expanding,11 20 25 34 37 40,11 18 21 36 37 43,2
S008,family_balanced_hybrid,hybrid,641,1,640,expanding,6 7 12 20 25 34,11 18 21 36 37 43,0
S001,multi_window_frequency,multi_window_frequency,642,1,641,expanding,7 15 18 20 25 27,8 17 18 24 39 45,1
S002,gap_regime_hazard,gap_time,642,1,641,expanding,6 14 22 23 25 32,8 17 18 24 39 45,0
S003,momentum_state_transition,momentum,642,1,641,expanding,7 9 11 12 15 20,8 17 18 24 39 45,0
S004,conditional_probability,conditional,642,1,641,expanding,11 15 18 20 21 22,8 17 18 24 39 45,1
S005,structure_transition,structure_transition,642,1,641,expanding,6 10 19 24 27 37,8 17 18 24 39 45,1
S006,pair_residual_node,pair_relation_residual,642,1,641,expanding,11 20 25 34 37 40,8 17 18 24 39 45,0
S007,triple_residual_node,triple_relation_residual,642,1,641,expanding,11 20 25 34 37 40,8 17 18 24 39 45,0
S008,family_balanced_hybrid,hybrid,642,1,641,expanding,7 11 12 15 20 25,8 17 18 24 39 45,0
S001,multi_window_frequency,multi_window_frequency,643,1,642,expanding,7 8 15 18 20 27,15 24 31 32 33 40,1
S002,gap_regime_hazard,gap_time,643,1,642,expanding,11 14 15 21 26 35,15 24 31 32 33 40,1
S003,momentum_state_transition,momentum,643,1,642,expanding,7 11 12 13 15 20,15 24 31 32 33 40,1
S004,conditional_probability,conditional,643,1,642,expanding,6 11 15 18 20 22,15 24 31 32 33 40,1
S005,structure_transition,structure_transition,643,1,642,expanding,1 5 22 29 32 36,15 24 31 32 33 40,1
S006,pair_residual_node,pair_relation_residual,643,1,642,expanding,11 20 25 34 37 40,15 24 31 32 33 40,1
S007,triple_residual_node,triple_relation_residual,643,1,642,expanding,11 20 25 34 37 40,15 24 31 32 33 40,1
S008,family_balanced_hybrid,hybrid,643,1,642,expanding,7 11 12 15 20 37,15 24 31 32 33 40,1
S001,multi_window_frequency,multi_window_frequency,644,1,643,expanding,15 18 20 27 31 40,5 13 17 23 28 36,0
S002,gap_regime_hazard,gap_time,644,1,643,expanding,8 11 21 36 37 43,5 13 17 23 28 36,1
S003,momentum_state_transition,momentum,644,1,643,expanding,11 12 15 20 22 24,5 13 17 23 28 36,0
S004,conditional_probability,conditional,644,1,643,expanding,11 15 18 22 24 31,5 13 17 23 28 36,0
S005,structure_transition,structure_transition,644,1,643,expanding,1 4 20 25 26 45,5 13 17 23 28 36,0
S006,pair_residual_node,pair_relation_residual,644,1,643,expanding,11 20 25 34 37 40,5 13 17 23 28 36,0
S007,triple_residual_node,triple_relation_residual,644,1,643,expanding,11 20 25 34 37 40,5 13 17 23 28 36,0
S008,family_balanced_hybrid,hybrid,644,1,643,expanding,1 11 15 18 20 37,5 13 17 23 28 36,0
S001,multi_window_frequency,multi_window_frequency,645,1,644,expanding,13 15 18 20 31 40,1 4 16 26 40 41,1
S002,gap_regime_hazard,gap_time,645,1,644,expanding,8 15 18 24 39 45,1 4 16 26 40 41,0
S003,momentum_state_transition,momentum,645,1,644,expanding,11 12 15 17 20 21,1 4 16 26 40 41,0
S004,conditional_probability,conditional,645,1,644,expanding,6 15 18 22 24 31,1 4 16 26 40 41,0
S005,structure_transition,structure_transition,645,1,644,expanding,1 15 19 31 36 38,1 4 16 26 40 41,1
S006,pair_residual_node,pair_relation_residual,645,1,644,expanding,11 20 25 34 37 40,1 4 16 26 40 41,1
S007,triple_residual_node,triple_relation_residual,645,1,644,expanding,11 20 25 34 37 40,1 4 16 26 40 41,1
S008,family_balanced_hybrid,hybrid,645,1,644,expanding,11 15 17 18 20 24,1 4 16 26 40 41,0
S001,multi_window_frequency,multi_window_frequency,646,1,645,expanding,13 15 18 20 31 40,2 9 24 41 43 45,0
S002,gap_regime_hazard,gap_time,646,1,645,expanding,5 15 24 31 32 33,2 9 24 41 43 45,1
S003,momentum_state_transition,momentum,646,1,645,expanding,11 12 15 17 22 24,2 9 24 41 43 45,1
S004,conditional_probability,conditional,646,1,645,expanding,15 16 18 22 24 31,2 9 24 41 43 45,1
S005,structure_transition,structure_transition,646,1,645,expanding,3 14 18 23 25 40,2 9 24 41 43 45,0
S006,pair_residual_node,pair_relation_residual,646,1,645,expanding,11 20 25 34 37 40,2 9 24 41 43 45,0
S007,triple_residual_node,triple_relation_residual,646,1,645,expanding,11 20 25 34 37 40,2 9 24 41 43 45,0
S008,family_balanced_hybrid,hybrid,646,1,645,expanding,12 15 17 20 24 40,2 9 24 41 43 45,1
S001,multi_window_frequency,multi_window_frequency,647,1,646,expanding,15 18 20 24 31 40,5 16 21 23 24 30,1
S002,gap_regime_hazard,gap_time,647,1,646,expanding,5 13 17 23 28 36,5 16 21 23 24 30,2
S003,momentum_state_transition,momentum,647,1,646,expanding,1 9 11 12 15 17,5 16 21 23 24 30,0
S004,conditional_probability,conditional,647,1,646,expanding,15 16 17 18 22 24,5 16 21 23 24 30,2
S005,structure_transition,structure_transition,647,1,646,expanding,7 10 15 30 32 45,5 16 21 23 24 30,1
S006,pair_residual_node,pair_relation_residual,647,1,646,expanding,11 20 25 34 37 40,5 16 21 23 24 30,0
S007,triple_residual_node,triple_relation_residual,647,1,646,expanding,11 20 25 34 37 40,5 16 21 23 24 30,0
S008,family_balanced_hybrid,hybrid,647,1,646,expanding,1 15 17 20 26 40,5 16 21 23 24 30,0
S001,multi_window_frequency,multi_window_frequency,648,1,647,expanding,15 18 20 24 31 40,13 19 28 37 38 43,0
S002,gap_regime_hazard,gap_time,648,1,647,expanding,1 2 4 9 26 40,13 19 28 37 38 43,0
S003,momentum_state_transition,momentum,648,1,647,expanding,1 11 12 15 17 20,13 19 28 37 38 43,0
S004,conditional_probability,conditional,648,1,647,expanding,5 15 18 21 23 24,13 19 28 37 38 43,0
S005,structure_transition,structure_transition,648,1,647,expanding,8 16 19 25 29 42,13 19 28 37 38 43,1
S006,pair_residual_node,pair_relation_residual,648,1,647,expanding,11 20 25 34 37 40,13 19 28 37 38 43,1
S007,triple_residual_node,triple_relation_residual,648,1,647,expanding,11 20 25 34 37 40,13 19 28 37 38 43,1
S008,family_balanced_hybrid,hybrid,648,1,647,expanding,1 15 17 20 26 40,13 19 28 37 38 43,0
S001,multi_window_frequency,multi_window_frequency,649,1,648,expanding,13 15 18 20 24 40,3 21 22 33 41 42,0
S002,gap_regime_hazard,gap_time,649,1,648,expanding,2 5 9 16 41 45,3 21 22 33 41 42,1
S003,momentum_state_transition,momentum,649,1,648,expanding,4 11 15 17 20 22,3 21 22 33 41 42,1
S004,conditional_probability,conditional,649,1,648,expanding,15 18 21 23 24 43,3 21 22 33 41 42,1
S005,structure_transition,structure_transition,649,1,648,expanding,1 17 20 25 37 42,3 21 22 33 41 42,1
S006,pair_residual_node,pair_relation_residual,649,1,648,expanding,1 11 20 34 37 40,3 21 22 33 41 42,0
S007,triple_residual_node,triple_relation_residual,649,1,648,expanding,1 11 20 34 37 40,3 21 22 33 41 42,0
S008,family_balanced_hybrid,hybrid,649,1,648,expanding,15 16 17 20 24 40,3 21 22 33 41 42,0
S001,multi_window_frequency,multi_window_frequency,650,1,649,expanding,13 18 20 21 24 40,3 4 7 11 31 41,0
S002,gap_regime_hazard,gap_time,650,1,649,expanding,5 13 16 23 24 30,3 4 7 11 31 41,0
S003,momentum_state_transition,momentum,650,1,649,expanding,4 11 15 17 20 22,3 4 7 11 31 41,2
S004,conditional_probability,conditional,650,1,649,expanding,5 18 21 24 41 43,3 4 7 11 31 41,1
S005,structure_transition,structure_transition,650,1,649,expanding,4 12 17 32 36 41,3 4 7 11 31 41,2
S006,pair_residual_node,pair_relation_residual,650,1,649,expanding,1 20 25 34 37 40,3 4 7 11 31 41,0
S007,triple_residual_node,triple_relation_residual,650,1,649,expanding,11 20 25 34 37 40,3 4 7 11 31 41,1
S008,family_balanced_hybrid,hybrid,650,1,649,expanding,13 16 20 24 37 43,3 4 7 11 31 41,0
S001,multi_window_frequency,multi_window_frequency,651,1,650,expanding,13 21 24 31 40 41,11 12 16 26 29 44,0
S002,gap_regime_hazard,gap_time,651,1,650,expanding,13 19 28 37 38 43,11 12 16 26 29 44,0
S003,momentum_state_transition,momentum,651,1,650,expanding,3 4 11 15 20 22,11 12 16 26 29 44,1
S004,conditional_probability,conditional,651,1,650,expanding,3 4 21 24 41 43,11 12 16 26 29 44,0
S005,structure_transition,structure_transition,651,1,650,expanding,3 22 24 33 36 40,11 12 16 26 29 44,0
S006,pair_residual_node,pair_relation_residual,651,1,650,expanding,11 20 25 34 37 40,11 12 16 26 29 44,1
S007,triple_residual_node,triple_relation_residual,651,1,650,expanding,11 20 25 34 37 40,11 12 16 26 29 44,1
S008,family_balanced_hybrid,hybrid,651,1,650,expanding,11 13 20 24 37 43,11 12 16 26 29 44,1
S001,multi_window_frequency,multi_window_frequency,652,1,651,expanding,16 24 26 31 40 41,3 13 15 40 41 44,2
S002,gap_regime_hazard,gap_time,652,1,651,expanding,3 4 21 22 33 42,3 13 15 40 41 44,1
S003,momentum_state_transition,momentum,652,1,651,expanding,3 4 11 12 15 20,3 13 15 40 41 44,2
S004,conditional_probability,conditional,652,1,651,expanding,3 4 5 16 24 41,3 13 15 40 41 44,2
S005,structure_transition,structure_transition,652,1,651,expanding,1 4 6 31 40 45,3 13 15 40 41 44,1
S006,pair_residual_node,pair_relation_residual,652,1,651,expanding,11 20 25 34 37 40,3 13 15 40 41 44,1
S007,triple_residual_node,triple_relation_residual,652,1,651,expanding,11 20 25 34 37 40,3 13 15 40 41 44,1
S008,family_balanced_hybrid,hybrid,652,1,651,expanding,4 11 13 20 24 41,3 13 15 40 41 44,2
S001,multi_window_frequency,multi_window_frequency,653,1,652,expanding,13 24 26 31 40 41,5 6 26 27 38 39,1
S002,gap_regime_hazard,gap_time,653,1,652,expanding,4 7 11 12 16 31,5 6 26 27 38 39,0
S003,momentum_state_transition,momentum,653,1,652,expanding,3 4 11 12 20 22,5 6 26 27 38 39,0
S004,conditional_probability,conditional,653,1,652,expanding,3 13 16 24 40 41,5 6 26 27 38 39,0
S005,structure_transition,structure_transition,653,1,652,expanding,8 11 21 30 33 35,5 6 26 27 38 39,0
S006,pair_residual_node,pair_relation_residual,653,1,652,expanding,11 20 25 34 37 40,5 6 26 27 38 39,0
S007,triple_residual_node,triple_relation_residual,653,1,652,expanding,11 20 25 34 37 40,5 6 26 27 38 39,0
S008,family_balanced_hybrid,hybrid,653,1,652,expanding,11 12 16 20 24 26,5 6 26 27 38 39,1
S001,multi_window_frequency,multi_window_frequency,654,1,653,expanding,13 16 26 31 40 41,16 21 26 31 36 43,3
S002,gap_regime_hazard,gap_time,654,1,653,expanding,3 11 12 13 16 29,16 21 26 31 36 43,1
S003,momentum_state_transition,momentum,654,1,653,expanding,3 4 5 11 22 24,16 21 26 31 36 43,0
S004,conditional_probability,conditional,654,1,653,expanding,3 5 13 16 26 41,16 21 26 31 36 43,2
S005,structure_transition,structure_transition,654,1,653,expanding,16 19 20 24 31 39,16 21 26 31 36 43,2
S006,pair_residual_node,pair_relation_residual,654,1,653,expanding,11 20 25 34 37 40,16 21 26 31 36 43,0
S007,triple_residual_node,triple_relation_residual,654,1,653,expanding,11 20 25 34 37 40,16 21 26 31 36 43,0
S008,family_balanced_hybrid,hybrid,654,1,653,expanding,11 13 16 20 40 41,16 21 26 31 36 43,1
S001,multi_window_frequency,multi_window_frequency,655,1,654,expanding,16 26 31 40 41 43,7 37 38 39 40 44,1
S002,gap_regime_hazard,gap_time,655,1,654,expanding,3 13 15 40 41 44,7 37 38 39 40 44,2
S003,momentum_state_transition,momentum,655,1,654,expanding,3 5 11 22 24 26,7 37 38 39 40 44,0
S004,conditional_probability,conditional,655,1,654,expanding,3 16 21 26 41 43,7 37 38 39 40 44,0
S005,structure_transition,structure_transition,655,1,654,expanding,3 14 18 23 25 40,7 37 38 39 40 44,1
S006,pair_residual_node,pair_relation_residual,655,1,654,expanding,1 20 25 34 37 40,7 37 38 39 40 44,2
S007,triple_residual_node,triple_relation_residual,655,1,654,expanding,11 20 25 34 37 40,7 37 38 39 40 44,2
S008,family_balanced_hybrid,hybrid,655,1,654,expanding,5 11 13 24 40 41,7 37 38 39 40 44,1
S001,multi_window_frequency,multi_window_frequency,656,1,655,expanding,16 26 31 40 41 43,3 7 14 16 31 40,3
S002,gap_regime_hazard,gap_time,656,1,655,expanding,5 6 16 21 26 27,3 7 14 16 31 40,1
S003,momentum_state_transition,momentum,656,1,655,expanding,3 5 18 22 24 36,3 7 14 16 31 40,1
S004,conditional_probability,conditional,656,1,655,expanding,3 16 21 26 38 41,3 7 14 16 31 40,2
S005,structure_transition,structure_transition,656,1,655,expanding,10 15 21 26 40 43,3 7 14 16 31 40,1
S006,pair_residual_node,pair_relation_residual,656,1,655,expanding,1 20 25 34 37 40,3 7 14 16 31 40,1
S007,triple_residual_node,triple_relation_residual,656,1,655,expanding,1 20 25 34 37 40,3 7 14 16 31 40,1
S008,family_balanced_hybrid,hybrid,656,1,655,expanding,5 11 13 16 26 43,3 7 14 16 31 40,1
S001,multi_window_frequency,multi_window_frequency,657,1,656,expanding,7 16 26 31 40 44,10 14 19 39 40 43,1
S002,gap_regime_hazard,gap_time,657,1,656,expanding,21 26 36 37 38 43,10 14 19 39 40 43,1
S003,momentum_state_transition,momentum,657,1,656,expanding,3 5 18 22 23 24,10 14 19 39 40 43,0
S004,conditional_probability,conditional,657,1,656,expanding,3 7 16 21 26 31,10 14 19 39 40 43,0
S005,structure_transition,structure_transition,657,1,656,expanding,12 14 22 23 27 35,10 14 19 39 40 43,1
S006,pair_residual_node,pair_relation_residual,657,1,656,expanding,1 20 25 34 37 40,10 14 19 39 40 43,1
S007,triple_residual_node,triple_relation_residual,657,1,656,expanding,1 20 25 34 37 40,10 14 19 39 40 43,1
S008,family_balanced_hybrid,hybrid,657,1,656,expanding,11 26 37 38 40 44,10 14 19 39 40 43,1
S001,multi_window_frequency,multi_window_frequency,658,1,657,expanding,7 16 26 31 40 43,8 19 25 28 32 36,0
S002,gap_regime_hazard,gap_time,658,1,657,expanding,3 7 16 37 38 44,8 19 25 28 32 36,0
S003,momentum_state_transition,momentum,658,1,657,expanding,3 5 11 14 18 22,8 19 25 28 32 36,0
S004,conditional_probability,conditional,658,1,657,expanding,3 7 16 26 31 40,8 19 25 28 32 36,0
S005,structure_transition,structure_transition,658,1,657,expanding,7 10 21 27 32 34,8 19 25 28 32 36,1
S006,pair_residual_node,pair_relation_residual,658,1,657,expanding,1 20 25 34 37 40,8 19 25 28 32 36,1
S007,triple_residual_node,triple_relation_residual,658,1,657,expanding,1 20 25 34 37 40,8 19 25 28 32 36,1
S008,family_balanced_hybrid,hybrid,658,1,657,expanding,7 11 16 37 38 40,8 19 25 28 32 36,0
S001,multi_window_frequency,multi_window_frequency,659,1,658,expanding,7 16 26 31 40 44,7 18 19 27 29 42,1
S002,gap_regime_hazard,gap_time,659,1,658,expanding,3 7 10 14 16 31,7 18 19 27 29 42,1
S003,momentum_state_transition,momentum,659,1,658,expanding,3 5 11 14 18 23,7 18 19 27 29 42,1
S004,conditional_probability,conditional,659,1,658,expanding,3 7 16 26 31 40,7 18 19 27 29 42,1
S005,structure_transition,structure_transition,659,1,658,expanding,2 12 21 26 29 37,7 18 19 27 29 42,1
S006,pair_residual_node,pair_relation_residual,659,1,658,expanding,1 20 25 34 37 40,7 18 19 27 29 42,0
S007,triple_residual_node,triple_relation_residual,659,1,658,expanding,1 20 25 34 37 40,7 18 19 27 29 42,0
S008,family_balanced_hybrid,hybrid,659,1,658,expanding,11 14 16 39 40 43,7 18 19 27 29 42,0
S001,multi_window_frequency,multi_window_frequency,660,1,659,expanding,7 16 26 27 31 40,4 9 23 33 39 44,0
S002,gap_regime_hazard,gap_time,660,1,659,expanding,8 10 14 39 40 43,4 9 23 33 39 44,1
S003,momentum_state_transition,momentum,660,1,659,expanding,3 5 11 14 18 24,4 9 23 33 39 44,0
S004,conditional_probability,conditional,660,1,659,expanding,3 7 16 19 26 40,4 9 23 33 39 44,0
S005,structure_transition,structure_transition,660,1,659,expanding,9 14 16 25 28 39,4 9 23 33 39 44,2
S006,pair_residual_node,pair_relation_residual,660,1,659,expanding,11 20 25 34 37 40,4 9 23 33 39 44,0
S007,triple_residual_node,triple_relation_residual,660,1,659,expanding,11 20 25 34 37 40,4 9 23 33 39 44,0
S008,family_balanced_hybrid,hybrid,660,1,659,expanding,11 14 16 39 40 43,4 9 23 33 39 44,1
S001,multi_window_frequency,multi_window_frequency,661,1,660,expanding,7 16 26 39 40 44,2 3 12 20 27 38,0
S002,gap_regime_hazard,gap_time,661,1,660,expanding,7 8 25 28 32 36,2 3 12 20 27 38,0
S003,momentum_state_transition,momentum,661,1,660,expanding,3 4 5 11 24 28,2 3 12 20 27 38,1
S004,conditional_probability,conditional,661,1,660,expanding,7 16 19 39 40 44,2 3 12 20 27 38,0
S005,structure_transition,structure_transition,661,1,660,expanding,7 9 12 29 38 41,2 3 12 20 27 38,2
S006,pair_residual_node,pair_relation_residual,661,1,660,expanding,1 20 25 34 37 40,2 3 12 20 27 38,1
S007,triple_residual_node,triple_relation_residual,661,1,660,expanding,1 20 25 34 37 40,2 3 12 20 27 38,1
S008,family_balanced_hybrid,hybrid,661,1,660,expanding,7 8 14 16 27 40,2 3 12 20 27 38,1
S001,multi_window_frequency,multi_window_frequency,662,1,661,expanding,7 27 31 38 39 40,5 6 9 11 15 37,0
S002,gap_regime_hazard,gap_time,662,1,661,expanding,4 7 18 19 29 42,5 6 9 11 15 37,0
S003,momentum_state_transition,momentum,662,1,661,expanding,3 4 5 24 28 33,5 6 9 11 15 37,1
S004,conditional_probability,conditional,662,1,661,expanding,3 7 19 27 39 40,5 6 9 11 15 37,0
S005,structure_transition,structure_transition,662,1,661,expanding,7 17 24 26 30 35,5 6 9 11 15 37,0
S006,pair_residual_node,pair_relation_residual,662,1,661,expanding,11 20 25 34 37 40,5 6 9 11 15 37,2
S007,triple_residual_node,triple_relation_residual,662,1,661,expanding,11 20 25 34 37 40,5 6 9 11 15 37,2
S008,family_balanced_hybrid,hybrid,662,1,661,expanding,7 14 19 24 39 40,5 6 9 11 15 37,0
S001,multi_window_frequency,multi_window_frequency,663,1,662,expanding,7 26 27 38 39 40,3 5 8 19 38 42,1
S002,gap_regime_hazard,gap_time,663,1,662,expanding,2 4 23 33 39 44,3 5 8 19 38 42,0
S003,momentum_state_transition,momentum,663,1,662,expanding,3 4 5 9 16 28,3 5 8 19 38 42,2
S004,conditional_probability,conditional,663,1,662,expanding,7 19 27 38 39 40,3 5 8 19 38 42,2
S005,structure_transition,structure_transition,663,1,662,expanding,4 8 15 29 33 44,3 5 8 19 38 42,1
S006,pair_residual_node,pair_relation_residual,663,1,662,expanding,11 20 25 34 37 40,3 5 8 19 38 42,0
S007,triple_residual_node,triple_relation_residual,663,1,662,expanding,11 20 25 34 37 40,3 5 8 19 38 42,0
S008,family_balanced_hybrid,hybrid,663,1,662,expanding,14 16 27 38 39 40,3 5 8 19 38 42,1
S001,multi_window_frequency,multi_window_frequency,664,1,663,expanding,7 8 27 38 39 40,10 20 33 36 41 44,0
S002,gap_regime_hazard,gap_time,664,1,663,expanding,2 6 9 12 20 27,10 20 33 36 41 44,1
S003,momentum_state_transition,momentum,664,1,663,expanding,3 4 5 9 13 16,10 20 33 36 41 44,0
S004,conditional_probability,conditional,664,1,663,expanding,3 7 19 38 39 40,10 20 33 36 41 44,0
S005,structure_transition,structure_transition,664,1,663,expanding,7 22 27 35 36 40,10 20 33 36 41 44,1
S006,pair_residual_node,pair_relation_residual,664,1,663,expanding,11 20 25 34 37 40,10 20 33 36 41 44,1
S007,triple_residual_node,triple_relation_residual,664,1,663,expanding,11 20 25 34 37 40,10 20 33 36 41 44,1
S008,family_balanced_hybrid,hybrid,664,1,663,expanding,13 16 27 37 39 40,10 20 33 36 41 44,0
S001,multi_window_frequency,multi_window_frequency,665,1,664,expanding,7 8 38 39 40 44,5 6 11 17 38 44,2
S002,gap_regime_hazard,gap_time,665,1,664,expanding,3 6 9 11 15 37,5 6 11 17 38 44,2
S003,momentum_state_transition,momentum,665,1,664,expanding,3 4 5 9 16 19,5 6 11 17 38 44,1
S004,conditional_probability,conditional,665,1,664,expanding,3 7 19 38 39 40,5 6 11 17 38 44,1
S005,structure_transition,structure_transition,665,1,664,expanding,11 16 20 31 35 42,5 6 11 17 38 44,1
S006,pair_residual_node,pair_relation_residual,665,1,664,expanding,11 20 25 34 37 40,5 6 11 17 38 44,1
S007,triple_residual_node,triple_relation_residual,665,1,664,expanding,11 20 25 34 37 40,5 6 11 17 38 44,1
S008,family_balanced_hybrid,hybrid,665,1,664,expanding,5 8 19 27 37 40,5 6 11 17 38 44,1
S001,multi_window_frequency,multi_window_frequency,666,1,665,expanding,5 7 8 38 40 44,2 4 6 11 17 28,0
S002,gap_regime_hazard,gap_time,666,1,665,expanding,3 8 10 19 20 42,2 4 6 11 17 28,0
S003,momentum_state_transition,momentum,666,1,665,expanding,3 5 6 9 19 27,2 4 6 11 17 28,1
S004,conditional_probability,conditional,666,1,665,expanding,3 5 6 19 38 44,2 4 6 11 17 28,1
S005,structure_transition,structure_transition,666,1,665,expanding,8 13 18 25 36 39,2 4 6 11 17 28,0
S006,pair_residual_node,pair_relation_residual,666,1,665,expanding,11 20 25 34 37 40,2 4 6 11 17 28,1
S007,triple_residual_node,triple_relation_residual,666,1,665,expanding,11 20 25 34 37 40,2 4 6 11 17 28,1
S008,family_balanced_hybrid,hybrid,666,1,665,expanding,5 8 19 20 27 39,2 4 6 11 17 28,0
S001,multi_window_frequency,multi_window_frequency,667,1,666,expanding,5 8 11 38 40 44,15 17 25 37 42 43,0
S002,gap_regime_hazard,gap_time,667,1,666,expanding,5 10 20 33 36 41,15 17 25 37 42 43,0
S003,momentum_state_transition,momentum,667,1,666,expanding,3 5 6 19 27 28,15 17 25 37 42 43,0
S004,conditional_probability,conditional,667,1,666,expanding,5 6 11 19 38 44,15 17 25 37 42 43,0
S005,structure_transition,structure_transition,667,1,666,expanding,1 14 19 32 34 37,15 17 25 37 42 43,1
S006,pair_residual_node,pair_relation_residual,667,1,666,expanding,11 20 25 34 37 40,15 17 25 37 42 43,2
S007,triple_residual_node,triple_relation_residual,667,1,666,expanding,11 20 25 34 37 40,15 17 25 37 42 43,2
S008,family_balanced_hybrid,hybrid,667,1,666,expanding,5 8 19 20 27 38,15 17 25 37 42 43,0
S001,multi_window_frequency,multi_window_frequency,668,1,667,expanding,5 8 11 38 40 44,12 14 15 24 27 32,0
S002,gap_regime_hazard,gap_time,668,1,667,expanding,2 4 5 6 38 44,12 14 15 24 27 32,0
S003,momentum_state_transition,momentum,668,1,667,expanding,3 5 6 19 27 28,12 14 15 24 27 32,1
S004,conditional_probability,conditional,668,1,667,expanding,5 6 11 17 19 38,12 14 15 24 27 32,0
S005,structure_transition,structure_transition,668,1,667,expanding,10 13 16 23 29 34,12 14 15 24 27 32,0
S006,pair_residual_node,pair_relation_residual,668,1,667,expanding,11 20 25 34 37 40,12 14 15 24 27 32,0
S007,triple_residual_node,triple_relation_residual,668,1,667,expanding,11 20 25 34 37 40,12 14 15 24 27 32,0
S008,family_balanced_hybrid,hybrid,668,1,667,expanding,5 6 8 11 27 38,12 14 15 24 27 32,1
S001,multi_window_frequency,multi_window_frequency,669,1,668,expanding,5 15 27 38 40 44,7 8 20 29 33 38,1
S002,gap_regime_hazard,gap_time,669,1,668,expanding,2 4 6 11 17 28,7 8 20 29 33 38,0
S003,momentum_state_transition,momentum,669,1,668,expanding,3 5 6 7 12 14,7 8 20 29 33 38,1
S004,conditional_probability,conditional,669,1,668,expanding,5 6 11 15 17 27,7 8 20 29 33 38,0
S005,structure_transition,structure_transition,669,1,668,expanding,6 8 16 30 33 37,7 8 20 29 33 38,2
S006,pair_residual_node,pair_relation_residual,669,1,668,expanding,11 20 25 34 37 40,7 8 20 29 33 38,1
S007,triple_residual_node,triple_relation_residual,669,1,668,expanding,11 20 25 34 37 40,7 8 20 29 33 38,1
S008,family_balanced_hybrid,hybrid,669,1,668,expanding,5 6 11 17 27 40,7 8 20 29 33 38,0
S001,multi_window_frequency,multi_window_frequency,670,1,669,expanding,8 15 20 27 38 44,11 18 26 27 40 41,1
S002,gap_regime_hazard,gap_time,670,1,669,expanding,12 17 25 37 42 43,11 18 26 27 40 41,0
S003,momentum_state_transition,momentum,670,1,669,expanding,3 5 6 7 8 12,11 18 26 27 40 41,0
S004,conditional_probability,conditional,670,1,669,expanding,5 6 11 15 17 38,11 18 26 27 40 41,1
S005,structure_transition,structure_transition,670,1,669,expanding,4 17 20 25 39 44,11 18 26 27 40 41,0
S006,pair_residual_node,pair_relation_residual,670,1,669,expanding,11 20 25 34 37 40,11 18 26 27 40 41,2
S007,triple_residual_node,triple_relation_residual,670,1,669,expanding,11 20 25 34 37 40,11 18 26 27 40 41,2
S008,family_balanced_hybrid,hybrid,670,1,669,expanding,5 12 17 27 37 40,11 18 26 27 40 41,2
S001,multi_window_frequency,multi_window_frequency,671,1,670,expanding,8 11 20 27 38 40,7 9 10 13 31 35,0
S002,gap_regime_hazard,gap_time,671,1,670,expanding,7 12 14 15 24 32,7 9 10 13 31 35,1
S003,momentum_state_transition,momentum,671,1,670,expanding,5 6 8 12 14 17,7 9 10 13 31 35,0
S004,conditional_probability,conditional,671,1,670,expanding,5 6 11 15 17 38,7 9 10 13 31 35,0
S005,structure_transition,structure_transition,671,1,670,expanding,1 4 20 25 26 45,7 9 10 13 31 35,0
S006,pair_residual_node,pair_relation_residual,671,1,670,expanding,11 20 25 34 37 40,7 9 10 13 31 35,0
S007,triple_residual_node,triple_relation_residual,671,1,670,expanding,11 20 25 34 37 40,7 9 10 13 31 35,0
S008,family_balanced_hybrid,hybrid,671,1,670,expanding,5 8 12 20 27 38,7 9 10 13 31 35,0
S001,multi_window_frequency,multi_window_frequency,672,1,671,expanding,7 8 11 27 38 40,8 21 28 31 36 45,1
S002,gap_regime_hazard,gap_time,672,1,671,expanding,8 11 20 29 33 38,8 21 28 31 36 45,1
S003,momentum_state_transition,momentum,672,1,671,expanding,5 6 8 9 10 14,8 21 28 31 36 45,1
S004,conditional_probability,conditional,672,1,671,expanding,5 6 11 15 17 38,8 21 28 31 36 45,0
S005,structure_transition,structure_transition,672,1,671,expanding,1 6 16 35 37 42,8 21 28 31 36 45,0
S006,pair_residual_node,pair_relation_residual,672,1,671,expanding,11 20 25 34 37 40,8 21 28 31 36 45,0
S007,triple_residual_node,triple_relation_residual,672,1,671,expanding,11 20 25 34 37 40,8 21 28 31 36 45,0
S008,family_balanced_hybrid,hybrid,672,1,671,expanding,5 8 11 20 27 38,8 21 28 31 36 45,1
S001,multi_window_frequency,multi_window_frequency,673,1,672,expanding,7 8 27 31 38 40,7 10 17 29 33 44,1
S002,gap_regime_hazard,gap_time,673,1,672,expanding,11 18 26 27 40 41,7 10 17 29 33 44,0
S003,momentum_state_transition,momentum,673,1,672,expanding,5 6 8 9 10 14,7 10 17 29 33 44,1
S004,conditional_probability,conditional,673,1,672,expanding,5 6 8 11 17 38,7 10 17 29 33 44,1
S005,structure_transition,structure_transition,673,1,672,expanding,1 6 16 35 37 42,7 10 17 29 33 44,0
S006,pair_residual_node,pair_relation_residual,673,1,672,expanding,11 20 25 34 37 40,7 10 17 29 33 44,0
S007,triple_residual_node,triple_relation_residual,673,1,672,expanding,11 20 25 34 37 40,7 10 17 29 33 44,0
S008,family_balanced_hybrid,hybrid,673,1,672,expanding,5 8 11 17 20 27,7 10 17 29 33 44,1
S001,multi_window_frequency,multi_window_frequency,674,1,673,expanding,7 8 27 38 40 44,9 10 14 25 27 31,1
S002,gap_regime_hazard,gap_time,674,1,673,expanding,8 9 13 21 28 35,9 10 14 25 27 31,1
S003,momentum_state_transition,momentum,674,1,673,expanding,8 9 10 14 17 19,9 10 14 25 27 31,3
S004,conditional_probability,conditional,674,1,673,expanding,7 10 11 17 33 44,9 10 14 25 27 31,1
S005,structure_transition,structure_transition,674,1,673,expanding,3 13 18 25 29 32,9 10 14 25 27 31,1
S006,pair_residual_node,pair_relation_residual,674,1,673,expanding,11 20 25 34 37 40,9 10 14 25 27 31,1
S007,triple_residual_node,triple_relation_residual,674,1,673,expanding,11 20 25 34 37 40,9 10 14 25 27 31,1
S008,family_balanced_hybrid,hybrid,674,1,673,expanding,8 11 17 20 27 34,9 10 14 25 27 31,1
S001,multi_window_frequency,multi_window_frequency,675,1,674,expanding,7 8 27 31 38 40,1 8 11 15 18 45,1
S002,gap_regime_hazard,gap_time,675,1,674,expanding,7 8 21 28 36 45,1 8 11 15 18 45,2
S003,momentum_state_transition,momentum,675,1,674,expanding,8 9 10 14 17 19,1 8 11 15 18 45,1
S004,conditional_probability,conditional,675,1,674,expanding,7 10 11 17 27 31,1 8 11 15 18 45,1
S005,structure_transition,structure_transition,675,1,674,expanding,4 16 21 31 35 37,1 8 11 15 18 45,0
S006,pair_residual_node,pair_relation_residual,675,1,674,expanding,11 20 25 34 37 40,1 8 11 15 18 45,1
S007,triple_residual_node,triple_relation_residual,675,1,674,expanding,11 20 25 34 37 40,1 8 11 15 18 45,1
S008,family_balanced_hybrid,hybrid,675,1,674,expanding,7 8 11 14 17 27,1 8 11 15 18 45,2
S001,multi_window_frequency,multi_window_frequency,676,1,675,expanding,7 8 11 27 31 40,1 8 17 34 39 45,1
S002,gap_regime_hazard,gap_time,676,1,675,expanding,7 9 17 29 33 44,1 8 17 34 39 45,1
S003,momentum_state_transition,momentum,676,1,675,expanding,8 9 10 14 17 19,1 8 17 34 39 45,2
S004,conditional_probability,conditional,676,1,675,expanding,7 8 10 11 15 17,1 8 17 34 39 45,2
S005,structure_transition,structure_transition,676,1,675,expanding,1 3 5 32 35 44,1 8 17 34 39 45,1
S006,pair_residual_node,pair_relation_residual,676,1,675,expanding,11 20 25 34 37 40,1 8 17 34 39 45,1
S007,triple_residual_node,triple_relation_residual,676,1,675,expanding,11 20 25 34 37 40,1 8 17 34 39 45,1
S008,family_balanced_hybrid,hybrid,676,1,675,expanding,7 8 14 17 25 27,1 8 17 34 39 45,2
S001,multi_window_frequency,multi_window_frequency,677,1,676,expanding,7 8 27 31 38 40,12 15 24 36 41 44,0
S002,gap_regime_hazard,gap_time,677,1,676,expanding,9 10 14 25 27 31,12 15 24 36 41 44,0
S003,momentum_state_transition,momentum,677,1,676,expanding,6 8 9 10 14 17,12 15 24 36 41 44,0
S004,conditional_probability,conditional,677,1,676,expanding,7 8 10 15 17 27,12 15 24 36 41 44,1
S005,structure_transition,structure_transition,677,1,676,expanding,9 10 12 23 25 42,12 15 24 36 41 44,1
S006,pair_residual_node,pair_relation_residual,677,1,676,expanding,11 20 25 34 37 40,12 15 24 36 41 44,0
S007,triple_residual_node,triple_relation_residual,677,1,676,expanding,11 20 25 34 37 40,12 15 24 36 41 44,0
S008,family_balanced_hybrid,hybrid,677,1,676,expanding,8 10 11 14 25 27,12 15 24 36 41 44,0
S001,multi_window_frequency,multi_window_frequency,678,1,677,expanding,7 8 27 31 40 44,4 5 6 12 25 37,0
S002,gap_regime_hazard,gap_time,678,1,677,expanding,1 8 11 17 18 34,4 5 6 12 25 37,0
S003,momentum_state_transition,momentum,678,1,677,expanding,6 8 9 10 12 17,4 5 6 12 25 37,2
S004,conditional_probability,conditional,678,1,677,expanding,7 8 10 15 27 31,4 5 6 12 25 37,0
S005,structure_transition,structure_transition,678,1,677,expanding,7 12 17 26 29 40,4 5 6 12 25 37,1
S006,pair_residual_node,pair_relation_residual,678,1,677,expanding,11 20 25 34 37 40,4 5 6 12 25 37,2
S007,triple_residual_node,triple_relation_residual,678,1,677,expanding,11 20 25 34 37 40,4 5 6 12 25 37,2
S008,family_balanced_hybrid,hybrid,678,1,677,expanding,1 8 11 17 27 45,4 5 6 12 25 37,0
S001,multi_window_frequency,multi_window_frequency,679,1,678,expanding,7 8 27 31 40 44,3 5 7 14 26 34,1
S002,gap_regime_hazard,gap_time,679,1,678,expanding,1 8 17 34 39 45,3 5 7 14 26 34,1
S003,momentum_state_transition,momentum,679,1,678,expanding,4 6 8 9 10 12,3 5 7 14 26 34,0
S004,conditional_probability,conditional,679,1,678,expanding,1 7 8 10 31 45,3 5 7 14 26 34,1
S005,structure_transition,structure_transition,679,1,678,expanding,3 4 26 29 38 43,3 5 7 14 26 34,2
S006,pair_residual_node,pair_relation_residual,679,1,678,expanding,11 20 25 34 37 40,3 5 7 14 26 34,1
S007,triple_residual_node,triple_relation_residual,679,1,678,expanding,11 20 25 34 37 40,3 5 7 14 26 34,1
S008,family_balanced_hybrid,hybrid,679,1,678,expanding,1 8 11 17 27 45,3 5 7 14 26 34,0
S001,multi_window_frequency,multi_window_frequency,680,1,679,expanding,7 8 27 31 40 44,4 10 19 29 32 42,0
S002,gap_regime_hazard,gap_time,680,1,679,expanding,4 15 24 36 41 44,4 10 19 29 32 42,1
S003,momentum_state_transition,momentum,680,1,679,expanding,4 6 8 9 10 12,4 10 19 29 32 42,2
S004,conditional_probability,conditional,680,1,679,expanding,1 7 8 10 31 45,4 10 19 29 32 42,1
S005,structure_transition,structure_transition,680,1,679,expanding,8 13 18 25 36 39,4 10 19 29 32 42,0
S006,pair_residual_node,pair_relation_residual,680,1,679,expanding,11 20 25 34 37 40,4 10 19 29 32 42,0
S007,triple_residual_node,triple_relation_residual,680,1,679,expanding,11 20 25 34 37 40,4 10 19 29 32 42,0
S008,family_balanced_hybrid,hybrid,680,1,679,expanding,8 12 15 20 25 27,4 10 19 29 32 42,0
S001,multi_window_frequency,multi_window_frequency,681,1,680,expanding,7 8 10 27 31 44,21 24 27 29 43 44,2
S002,gap_regime_hazard,gap_time,681,1,680,expanding,3 5 6 12 25 37,21 24 27 29 43 44,0
S003,momentum_state_transition,momentum,681,1,680,expanding,1 2 22 30 32 34,21 24 27 29 43 44,0
S004,conditional_probability,conditional,681,1,680,expanding,1 7 8 10 31 45,21 24 27 29 43 44,0
S005,structure_transition,structure_transition,681,1,680,expanding,7 12 17 26 29 40,21 24 27 29 43 44,1
S006,pair_residual_node,pair_relation_residual,681,1,680,expanding,11 20 25 34 37 40,21 24 27 29 43 44,0
S007,triple_residual_node,triple_relation_residual,681,1,680,expanding,11 20 25 34 37 40,21 24 27 29 43 44,0
S008,family_balanced_hybrid,hybrid,681,1,680,expanding,8 12 14 20 25 34,21 24 27 29 43 44,0
S001,multi_window_frequency,multi_window_frequency,682,1,681,expanding,7 8 27 31 40 44,17 23 27 35 38 43,1
S002,gap_regime_hazard,gap_time,682,1,681,expanding,3 5 7 14 26 34,17 23 27 35 38 43,0
S003,momentum_state_transition,momentum,682,1,681,expanding,1 2 18 20 22 30,17 23 27 35 38 43,0
S004,conditional_probability,conditional,682,1,681,expanding,1 8 10 29 44 45,17 23 27 35 38 43,0
S005,structure_transition,structure_transition,682,1,681,expanding,3 19 22 34 37 39,17 23 27 35 38 43,0
S006,pair_residual_node,pair_relation_residual,682,1,681,expanding,20 25 27 34 37 40,17 23 27 35 38 43,1
S007,triple_residual_node,triple_relation_residual,682,1,681,expanding,20 25 27 34 37 40,17 23 27 35 38 43,1
S008,family_balanced_hybrid,hybrid,682,1,681,expanding,5 8 10 14 20 34,17 23 27 35 38 43,0
S001,multi_window_frequency,multi_window_frequency,683,1,682,expanding,7 8 17 27 38 44,6 13 20 27 28 40,1
S002,gap_regime_hazard,gap_time,683,1,682,expanding,4 10 19 21 32 42,6 13 20 27 28 40,0
S003,momentum_state_transition,momentum,683,1,682,expanding,1 2 18 20 22 30,6 13 20 27 28 40,1
S004,conditional_probability,conditional,683,1,682,expanding,1 10 17 27 29 44,6 13 20 27 28 40,1
S005,structure_transition,structure_transition,683,1,682,expanding,2 20 22 35 37 39,6 13 20 27 28 40,1
S006,pair_residual_node,pair_relation_residual,683,1,682,expanding,20 25 27 34 37 40,6 13 20 27 28 40,3
S007,triple_residual_node,triple_relation_residual,683,1,682,expanding,20 25 27 34 37 40,6 13 20 27 28 40,3
S008,family_balanced_hybrid,hybrid,683,1,682,expanding,1 8 10 17 20 27,6 13 20 27 28 40,2
S001,multi_window_frequency,multi_window_frequency,684,1,683,expanding,7 8 27 38 40 44,1 11 15 17 25 39,0
S002,gap_regime_hazard,gap_time,684,1,683,expanding,17 21 23 24 29 44,1 11 15 17 25 39,1
S003,momentum_state_transition,momentum,684,1,683,expanding,1 2 18 22 30 32,1 11 15 17 25 39,1
S004,conditional_probability,conditional,684,1,683,expanding,1 4 5 6 8 27,1 11 15 17 25 39,1
S005,structure_transition,structure_transition,684,1,683,expanding,1 14 19 32 34 37,1 11 15 17 25 39,1
S006,pair_residual_node,pair_relation_residual,684,1,683,expanding,20 25 27 34 37 40,1 11 15 17 25 39,1
S007,triple_residual_node,triple_relation_residual,684,1,683,expanding,20 25 27 34 37 40,1 11 15 17 25 39,1
S008,family_balanced_hybrid,hybrid,684,1,683,expanding,1 8 14 17 24 27,1 11 15 17 25 39,2
S001,multi_window_frequency,multi_window_frequency,685,1,684,expanding,7 8 15 17 27 44,6 7 12 28 38 40,1
S002,gap_regime_hazard,gap_time,685,1,684,expanding,6 13 23 35 38 43,6 7 12 28 38 40,2
S003,momentum_state_transition,momentum,685,1,684,expanding,1 6 8 10 12 14,6 7 12 28 38 40,2
S004,conditional_probability,conditional,685,1,684,expanding,1 4 5 15 17 27,6 7 12 28 38 40,0
S005,structure_transition,structure_transition,685,1,684,expanding,1 4 27 29 31 40,6 7 12 28 38 40,1
S006,pair_residual_node,pair_relation_residual,685,1,684,expanding,20 25 27 34 37 40,6 7 12 28 38 40,1
S007,triple_residual_node,triple_relation_residual,685,1,684,expanding,20 25 27 34 37 40,6 7 12 28 38 40,1
S008,family_balanced_hybrid,hybrid,685,1,684,expanding,6 8 12 17 20 27,6 7 12 28 38 40,2
S001,multi_window_frequency,multi_window_frequency,686,1,685,expanding,6 7 8 27 38 40,7 12 15 24 25 43,1
S002,gap_regime_hazard,gap_time,686,1,685,expanding,1 11 13 15 20 27,7 12 15 24 25 43,1
S003,momentum_state_transition,momentum,686,1,685,expanding,1 4 8 10 12 14,7 12 15 24 25 43,1
S004,conditional_probability,conditional,686,1,685,expanding,1 4 6 12 17 27,7 12 15 24 25 43,1
S005,structure_transition,structure_transition,686,1,685,expanding,1 17 20 28 36 41,7 12 15 24 25 43,0
S006,pair_residual_node,pair_relation_residual,686,1,685,expanding,20 25 27 34 37 40,7 12 15 24 25 43,1
S007,triple_residual_node,triple_relation_residual,686,1,685,expanding,20 25 27 34 37 40,7 12 15 24 25 43,1
S008,family_balanced_hybrid,hybrid,686,1,685,expanding,1 15 17 20 25 27,7 12 15 24 25 43,2
S001,multi_window_frequency,multi_window_frequency,687,1,686,expanding,6 7 12 15 27 38,1 8 10 13 28 42,0
S002,gap_regime_hazard,gap_time,687,1,686,expanding,1 6 11 17 28 39,1 8 10 13 28 42,2
S003,momentum_state_transition,momentum,687,1,686,expanding,1 8 10 12 14 15,1 8 10 13 28 42,3
S004,conditional_probability,conditional,687,1,686,expanding,6 7 12 15 24 25,1 8 10 13 28 42,0
S005,structure_transition,structure_transition,687,1,686,expanding,2 14 19 25 29 33,1 8 10 13 28 42,0
S006,pair_residual_node,pair_relation_residual,687,1,686,expanding,20 25 27 34 37 40,1 8 10 13 28 42,0
S007,triple_residual_node,triple_relation_residual,687,1,686,expanding,20 25 27 34 37 40,1 8 10 13 28 42,0
S008,family_balanced_hybrid,hybrid,687,1,686,expanding,1 8 12 17 25 40,1 8 10 13 28 42,2
S001,multi_window_frequency,multi_window_frequency,688,1,687,expanding,6 7 8 12 27 38,5 15 22 23 34 35,0
S002,gap_regime_hazard,gap_time,688,1,687,expanding,6 7 12 15 38 40,5 15 22 23 34 35,1
S003,momentum_state_transition,momentum,688,1,687,expanding,1 8 10 12 13 14,5 15 22 23 34 35,0
S004,conditional_probability,conditional,688,1,687,expanding,6 7 12 25 27 28,5 15 22 23 34 35,0
S005,structure_transition,structure_transition,688,1,687,expanding,1 20 24 27 40 43,5 15 22 23 34 35,0
S006,pair_residual_node,pair_relation_residual,688,1,687,expanding,20 25 27 34 37 40,5 15 22 23 34 35,1
S007,triple_residual_node,triple_relation_residual,688,1,687,expanding,20 25 27 34 37 40,5 15 22 23 34 35,1
S008,family_balanced_hybrid,hybrid,688,1,687,expanding,7 12 24 25 27 40,5 15 22 23 34 35,0
S001,multi_window_frequency,multi_window_frequency,689,1,688,expanding,7 8 15 27 38 40,7 17 19 30 36 38,2
S002,gap_regime_hazard,gap_time,689,1,688,expanding,1 7 12 24 25 43,7 17 19 30 36 38,1
S003,momentum_state_transition,momentum,689,1,688,expanding,1 8 10 13 24 25,7 17 19 30 36 38,0
S004,conditional_probability,conditional,689,1,688,expanding,1 7 15 27 28 43,7 17 19 30 36 38,1
S005,structure_transition,structure_transition,689,1,688,expanding,3 16 21 25 28 35,7 17 19 30 36 38,0
S006,pair_residual_node,pair_relation_residual,689,1,688,expanding,20 25 27 34 37 40,7 17 19 30 36 38,0
S007,triple_residual_node,triple_relation_residual,689,1,688,expanding,20 25 27 34 37 40,7 17 19 30 36 38,0
S008,family_balanced_hybrid,hybrid,689,1,688,expanding,1 7 8 12 13 25,7 17 19 30 36 38,1
S001,multi_window_frequency,multi_window_frequency,690,1,689,expanding,7 8 15 17 27 38,24 25 33 34 38 39,1
S002,gap_regime_hazard,gap_time,690,1,689,expanding,1 8 10 13 28 42,24 25 33 34 38 39,0
S003,momentum_state_transition,momentum,690,1,689,expanding,1 10 13 24 25 28,24 25 33 34 38 39,2
S004,conditional_probability,conditional,690,1,689,expanding,7 15 17 27 28 38,24 25 33 34 38 39,1
S005,structure_transition,structure_transition,690,1,689,expanding,4 17 20 25 39 44,24 25 33 34 38 39,2
S006,pair_residual_node,pair_relation_residual,690,1,689,expanding,20 25 27 34 37 40,24 25 33 34 38 39,2
S007,triple_residual_node,triple_relation_residual,690,1,689,expanding,20 25 27 34 37 40,24 25 33 34 38 39,2
S008,family_balanced_hybrid,hybrid,690,1,689,expanding,1 10 13 15 25 27,24 25 33 34 38 39,1
S001,multi_window_frequency,multi_window_frequency,691,1,690,expanding,7 8 15 17 27 38,15 27 33 35 43 45,2
S002,gap_regime_hazard,gap_time,691,1,690,expanding,5 7 15 22 23 35,15 27 33 35 43 45,2
S003,momentum_state_transition,momentum,691,1,690,expanding,1 10 13 24 25 28,15 27 33 35 43 45,0
S004,conditional_probability,conditional,691,1,690,expanding,7 15 17 24 25 38,15 27 33 35 43 45,1
S005,structure_transition,structure_transition,691,1,690,expanding,4 20 23 40 41 45,15 27 33 35 43 45,1
S006,pair_residual_node,pair_relation_residual,691,1,690,expanding,20 25 27 34 37 40,15 27 33 35 43 45,1
S007,triple_residual_node,triple_relation_residual,691,1,690,expanding,20 25 27 34 37 40,15 27 33 35 43 45,1
S008,family_balanced_hybrid,hybrid,691,1,690,expanding,1 7 15 17 25 27,15 27 33 35 43 45,2
S001,multi_window_frequency,multi_window_frequency,692,1,691,expanding,7 8 15 17 27 38,3 11 14 15 32 36,1
S002,gap_regime_hazard,gap_time,692,1,691,expanding,7 17 19 24 30 36,3 11 14 15 32 36,1
S003,momentum_state_transition,momentum,692,1,691,expanding,1 12 24 25 28 29,3 11 14 15 32 36,0
S004,conditional_probability,conditional,692,1,691,expanding,7 15 17 25 27 38,3 11 14 15 32 36,1
S005,structure_transition,structure_transition,692,1,691,expanding,2 13 17 29 34 39,3 11 14 15 32 36,0
S006,pair_residual_node,pair_relation_residual,692,1,691,expanding,20 25 27 34 37 40,3 11 14 15 32 36,0
S007,triple_residual_node,triple_relation_residual,692,1,691,expanding,20 25 27 34 37 40,3 11 14 15 32 36,0
S008,family_balanced_hybrid,hybrid,692,1,691,expanding,1 7 17 24 25 34,3 11 14 15 32 36,0
S001,multi_window_frequency,multi_window_frequency,693,1,692,expanding,7 8 15 25 27 38,1 6 11 28 34 42,0
S002,gap_regime_hazard,gap_time,693,1,692,expanding,24 25 27 34 38 39,1 6 11 28 34 42,1
S003,momentum_state_transition,momentum,693,1,692,expanding,1 12 24 25 29 34,1 6 11 28 34 42,2
S004,conditional_probability,conditional,693,1,692,expanding,1 7 15 25 28 38,1 6 11 28 34 42,2
S005,structure_transition,structure_transition,693,1,692,expanding,8 12 23 28 31 39,1 6 11 28 34 42,1
S006,pair_residual_node,pair_relation_residual,693,1,692,expanding,20 25 27 34 37 40,1 6 11 28 34 42,1
S007,triple_residual_node,triple_relation_residual,693,1,692,expanding,20 25 27 34 37 40,1 6 11 28 34 42,1
S008,family_balanced_hybrid,hybrid,693,1,692,expanding,1 12 24 25 27 34,1 6 11 28 34 42,2
S001,multi_window_frequency,multi_window_frequency,694,1,693,expanding,7 11 15 25 27 38,7 15 20 25 33 43,3
S002,gap_regime_hazard,gap_time,694,1,693,expanding,3 27 33 35 43 45,7 15 20 25 33 43,2
S003,momentum_state_transition,momentum,694,1,693,expanding,1 12 24 25 34 35,7 15 20 25 33 43,1
S004,conditional_probability,conditional,694,1,693,expanding,1 7 11 15 25 28,7 15 20 25 33 43,3
S005,structure_transition,structure_transition,694,1,693,expanding,3 14 18 23 25 40,7 15 20 25 33 43,1
S006,pair_residual_node,pair_relation_residual,694,1,693,expanding,11 20 27 34 37 40,7 15 20 25 33 43,1
S007,triple_residual_node,triple_relation_residual,694,1,693,expanding,11 20 25 27 34 40,7 15 20 25 33 43,2
S008,family_balanced_hybrid,hybrid,694,1,693,expanding,1 12 15 25 27 34,7 15 20 25 33 43,2
S001,multi_window_frequency,multi_window_frequency,695,1,694,expanding,7 15 25 27 38 43,4 18 26 33 34 38,1
S002,gap_regime_hazard,gap_time,695,1,694,expanding,1 3 6 14 32 36,4 18 26 33 34 38,0
S003,momentum_state_transition,momentum,695,1,694,expanding,1 12 24 34 35 43,4 18 26 33 34 38,1
S004,conditional_probability,conditional,695,1,694,expanding,7 15 25 28 33 34,4 18 26 33 34 38,2
S005,structure_transition,structure_transition,695,1,694,expanding,7 10 21 27 32 34,4 18 26 33 34 38,1
S006,pair_residual_node,pair_relation_residual,695,1,694,expanding,11 20 27 34 37 40,4 18 26 33 34 38,1
S007,triple_residual_node,triple_relation_residual,695,1,694,expanding,11 20 25 27 34 40,4 18 26 33 34 38,1
S008,family_balanced_hybrid,hybrid,695,1,694,expanding,1 11 12 25 34 43,4 18 26 33 34 38,1
S001,multi_window_frequency,multi_window_frequency,696,1,695,expanding,7 15 27 34 38 43,1 7 16 18 34 38,3
S002,gap_regime_hazard,gap_time,696,1,695,expanding,1 6 7 11 28 42,1 7 16 18 34 38,2
S003,momentum_state_transition,momentum,696,1,695,expanding,1 4 12 24 34 35,1 7 16 18 34 38,2
S004,conditional_probability,conditional,696,1,695,expanding,7 15 25 33 34 38,1 7 16 18 34 38,3
S005,structure_transition,structure_transition,696,1,695,expanding,12 14 19 27 29 35,1 7 16 18 34 38,0
S006,pair_residual_node,pair_relation_residual,696,1,695,expanding,11 20 25 27 34 40,1 7 16 18 34 38,1
S007,triple_residual_node,triple_relation_residual,696,1,695,expanding,11 20 25 27 34 40,1 7 16 18 34 38,1
S008,family_balanced_hybrid,hybrid,696,1,695,expanding,1 11 15 25 34 43,1 7 16 18 34 38,2
S001,multi_window_frequency,multi_window_frequency,697,1,696,expanding,7 15 27 33 34 38,2 5 8 11 33 39,1
S002,gap_regime_hazard,gap_time,697,1,696,expanding,4 15 20 25 26 43,2 5 8 11 33 39,0
S003,momentum_state_transition,momentum,697,1,696,expanding,1 4 12 24 34 35,2 5 8 11 33 39,0
S004,conditional_probability,conditional,697,1,696,expanding,1 7 15 33 34 38,2 5 8 11 33 39,1
S005,structure_transition,structure_transition,697,1,696,expanding,9 10 12 23 25 42,2 5 8 11 33 39,0
S006,pair_residual_node,pair_relation_residual,697,1,696,expanding,11 20 25 27 34 40,2 5 8 11 33 39,1
S007,triple_residual_node,triple_relation_residual,697,1,696,expanding,11 20 25 27 34 40,2 5 8 11 33 39,1
S008,family_balanced_hybrid,hybrid,697,1,696,expanding,1 15 25 34 40 43,2 5 8 11 33 39,0
S001,multi_window_frequency,multi_window_frequency,698,1,697,expanding,7 15 27 33 34 38,3 11 13 21 33 37,1
S002,gap_regime_hazard,gap_time,698,1,697,expanding,1 4 7 16 18 26,3 11 13 21 33 37,0
S003,momentum_state_transition,momentum,698,1,697,expanding,1 4 24 34 35 39,3 11 13 21 33 37,0
S004,conditional_probability,conditional,698,1,697,expanding,7 11 15 33 34 38,3 11 13 21 33 37,2
S005,structure_transition,structure_transition,698,1,697,expanding,1 6 13 33 37 42,3 11 13 21 33 37,3
S006,pair_residual_node,pair_relation_residual,698,1,697,expanding,11 20 27 34 37 40,3 11 13 21 33 37,2
S007,triple_residual_node,triple_relation_residual,698,1,697,expanding,11 20 25 27 34 40,3 11 13 21 33 37,1
S008,family_balanced_hybrid,hybrid,698,1,697,expanding,1 7 15 34 38 40,3 11 13 21 33 37,0
S001,multi_window_frequency,multi_window_frequency,699,1,698,expanding,7 11 15 33 34 38,4 5 8 16 21 29,0
S002,gap_regime_hazard,gap_time,699,1,698,expanding,1 7 16 18 34 38,4 5 8 16 21 29,1
S003,momentum_state_transition,momentum,699,1,698,expanding,1 3 13 24 28 34,4 5 8 16 21 29,0
S004,conditional_probability,conditional,699,1,698,expanding,1 7 11 15 34 38,4 5 8 16 21 29,0
S005,structure_transition,structure_transition,699,1,698,expanding,4 14 27 29 33 35,4 5 8 16 21 29,2
S006,pair_residual_node,pair_relation_residual,699,1,698,expanding,11 20 27 34 37 40,4 5 8 16 21 29,0
S007,triple_residual_node,triple_relation_residual,699,1,698,expanding,11 20 27 34 37 40,4 5 8 16 21 29,0
S008,family_balanced_hybrid,hybrid,699,1,698,expanding,1 7 11 34 38 40,4 5 8 16 21 29,0
S001,multi_window_frequency,multi_window_frequency,700,1,699,expanding,7 11 15 33 34 38,11 23 28 29 30 44,1
S002,gap_regime_hazard,gap_time,700,1,699,expanding,2 3 11 13 33 39,11 23 28 29 30 44,1
S003,momentum_state_transition,momentum,700,1,699,expanding,1 13 21 24 28 29,11 23 28 29 30 44,2
S004,conditional_probability,conditional,700,1,699,expanding,1 3 11 15 34 38,11 23 28 29 30 44,1
S005,structure_transition,structure_transition,700,1,699,expanding,6 10 22 25 29 35,11 23 28 29 30 44,1
S006,pair_residual_node,pair_relation_residual,700,1,699,expanding,11 20 27 34 37 40,11 23 28 29 30 44,1
S007,triple_residual_node,triple_relation_residual,700,1,699,expanding,11 20 27 34 37 40,11 23 28 29 30 44,1
S008,family_balanced_hybrid,hybrid,700,1,699,expanding,1 11 15 34 39 40,11 23 28 29 30 44,1
S001,multi_window_frequency,multi_window_frequency,701,1,700,expanding,7 8 11 15 33 34,3 10 14 16 36 38,0
S002,gap_regime_hazard,gap_time,701,1,700,expanding,3 4 5 13 33 37,3 10 14 16 36 38,1
S003,momentum_state_transition,momentum,701,1,700,expanding,1 13 21 23 24 28,3 10 14 16 36 38,0
S004,conditional_probability,conditional,701,1,700,expanding,1 3 11 15 33 34,3 10 14 16 36 38,1
S005,structure_transition,structure_transition,701,1,700,expanding,1 4 20 25 26 45,3 10 14 16 36 38,0
S006,pair_residual_node,pair_relation_residual,701,1,700,expanding,11 20 27 34 37 40,3 10 14 16 36 38,0
S007,triple_residual_node,triple_relation_residual,701,1,700,expanding,11 20 27 34 37 40,3 10 14 16 36 38,0
S008,family_balanced_hybrid,hybrid,701,1,700,expanding,1 5 8 11 15 34,3 10 14 16 36 38,0
S001,multi_window_frequency,multi_window_frequency,702,1,701,expanding,7 8 11 15 33 38,3 13 16 24 26 29,0
S002,gap_regime_hazard,gap_time,702,1,701,expanding,4 5 8 11 21 23,3 13 16 24 26 29,0
S003,momentum_state_transition,momentum,702,1,701,expanding,1 3 13 16 23 28,3 13 16 24 26 29,3
S004,conditional_probability,conditional,702,1,701,expanding,3 11 16 33 34 38,3 13 16 24 26 29,2
S005,structure_transition,structure_transition,702,1,701,expanding,9 10 12 23 25 42,3 13 16 24 26 29,0
S006,pair_residual_node,pair_relation_residual,702,1,701,expanding,11 20 27 34 37 40,3 13 16 24 26 29,0
S007,triple_residual_node,triple_relation_residual,702,1,701,expanding,11 20 27 34 37 40,3 13 16 24 26 29,0
S008,family_balanced_hybrid,hybrid,702,1,701,expanding,1 5 8 11 15 34,3 13 16 24 26 29,0
S001,multi_window_frequency,multi_window_frequency,703,1,702,expanding,7 8 11 33 34 38,10 28 31 33 41 44,1
S002,gap_regime_hazard,gap_time,703,1,702,expanding,10 11 23 28 30 44,10 28 31 33 41 44,3
S003,momentum_state_transition,momentum,703,1,702,expanding,1 3 13 16 28 34,10 28 31 33 41 44,1
S004,conditional_probability,conditional,703,1,702,expanding,3 11 16 29 33 34,10 28 31 33 41 44,1
S005,structure_transition,structure_transition,703,1,702,expanding,17 19 20 27 34 38,10 28 31 33 41 44,0
S006,pair_residual_node,pair_relation_residual,703,1,702,expanding,11 20 27 34 37 40,10 28 31 33 41 44,0
S007,triple_residual_node,triple_relation_residual,703,1,702,expanding,11 20 27 34 37 40,10 28 31 33 41 44,0
S008,family_balanced_hybrid,hybrid,703,1,702,expanding,1 11 16 27 34 38,10 28 31 33 41 44,0
S001,multi_window_frequency,multi_window_frequency,704,1,703,expanding,7 8 11 15 33 38,1 4 8 23 33 42,2
S002,gap_regime_hazard,gap_time,704,1,703,expanding,3 13 14 16 36 38,1 4 8 23 33 42,0
S003,momentum_state_transition,momentum,704,1,703,expanding,1 3 13 16 34 39,1 4 8 23 33 42,1
S004,conditional_probability,conditional,704,1,703,expanding,3 11 16 29 33 38,1 4 8 23 33 42,1
S005,structure_transition,structure_transition,704,1,703,expanding,4 7 22 35 40 44,1 4 8 23 33 42,1
S006,pair_residual_node,pair_relation_residual,704,1,703,expanding,11 20 27 34 37 40,1 4 8 23 33 42,0
S007,triple_residual_node,triple_relation_residual,704,1,703,expanding,11 20 27 34 37 40,1 4 8 23 33 42,0
S008,family_balanced_hybrid,hybrid,704,1,703,expanding,1 11 13 16 34 38,1 4 8 23 33 42,1
S001,multi_window_frequency,multi_window_frequency,705,1,704,expanding,4 7 8 11 33 38,1 6 17 22 28 45,0
S002,gap_regime_hazard,gap_time,705,1,704,expanding,3 13 16 24 26 29,1 6 17 22 28 45,0
S003,momentum_state_transition,momentum,705,1,704,expanding,3 13 16 23 33 34,1 6 17 22 28 45,0
S004,conditional_probability,conditional,705,1,704,expanding,3 4 8 11 16 33,1 6 17 22 28 45,0
S005,structure_transition,structure_transition,705,1,704,expanding,5 18 22 24 29 45,1 6 17 22 28 45,2
S006,pair_residual_node,pair_relation_residual,705,1,704,expanding,11 20 27 34 37 40,1 6 17 22 28 45,0
S007,triple_residual_node,triple_relation_residual,705,1,704,expanding,11 20 27 34 37 40,1 6 17 22 28 45,0
S008,family_balanced_hybrid,hybrid,705,1,704,expanding,1 8 11 13 16 34,1 6 17 22 28 45,1
S001,multi_window_frequency,multi_window_frequency,706,1,705,expanding,1 7 8 11 33 38,3 4 6 10 28 30,0
S002,gap_regime_hazard,gap_time,706,1,705,expanding,4 8 10 31 41 44,3 4 6 10 28 30,2
S003,momentum_state_transition,momentum,706,1,705,expanding,3 5 13 16 23 33,3 4 6 10 28 30,1
S004,conditional_probability,conditional,706,1,705,expanding,1 3 8 11 16 33,3 4 6 10 28 30,1
S005,structure_transition,structure_transition,706,1,705,expanding,2 4 14 33 37 41,3 4 6 10 28 30,1
S006,pair_residual_node,pair_relation_residual,706,1,705,expanding,11 20 27 34 37 40,3 4 6 10 28 30,0
S007,triple_residual_node,triple_relation_residual,706,1,705,expanding,1 11 20 27 34 40,3 4 6 10 28 30,0
S008,family_balanced_hybrid,hybrid,706,1,705,expanding,1 5 8 11 20 33,3 4 6 10 28 30,0
S001,multi_window_frequency,multi_window_frequency,707,1,706,expanding,4 8 11 28 33 38,2 12 19 24 39 44,0
S002,gap_regime_hazard,gap_time,707,1,706,expanding,1 8 17 23 33 42,2 12 19 24 39 44,0
S003,momentum_state_transition,momentum,707,1,706,expanding,3 4 5 13 16 23,2 12 19 24 39 44,0
S004,conditional_probability,conditional,707,1,706,expanding,3 4 8 10 28 33,2 12 19 24 39 44,0
S005,structure_transition,structure_transition,707,1,706,expanding,5 10 21 35 36 38,2 12 19 24 39 44,0
S006,pair_residual_node,pair_relation_residual,707,1,706,expanding,11 20 25 27 34 40,2 12 19 24 39 44,0
S007,triple_residual_node,triple_relation_residual,707,1,706,expanding,11 20 25 27 34 40,2 12 19 24 39 44,0
S008,family_balanced_hybrid,hybrid,707,1,706,expanding,1 5 8 11 33 34,2 12 19 24 39 44,0
S001,multi_window_frequency,multi_window_frequency,708,1,707,expanding,4 8 11 28 33 44,2 10 16 19 34 45,0
S002,gap_regime_hazard,gap_time,708,1,707,expanding,1 3 4 17 22 45,2 10 16 19 34 45,1
S003,momentum_state_transition,momentum,708,1,707,expanding,3 4 5 16 23 30,2 10 16 19 34 45,1
S004,conditional_probability,conditional,708,1,707,expanding,3 4 10 16 28 29,2 10 16 19 34 45,2
S005,structure_transition,structure_transition,708,1,707,expanding,1 5 22 29 32 36,2 10 16 19 34 45,0
S006,pair_residual_node,pair_relation_residual,708,1,707,expanding,11 20 27 34 37 40,2 10 16 19 34 45,1
S007,triple_residual_node,triple_relation_residual,708,1,707,expanding,11 20 27 34 37 40,2 10 16 19 34 45,1
S008,family_balanced_hybrid,hybrid,708,1,707,expanding,1 3 4 10 11 34,2 10 16 19 34 45,2
S001,multi_window_frequency,multi_window_frequency,709,1,708,expanding,8 10 28 33 38 44,10 18 30 36 39 44,2
S002,gap_regime_hazard,gap_time,709,1,708,expanding,3 4 6 12 28 30,10 18 30 36 39 44,1
S003,momentum_state_transition,momentum,709,1,708,expanding,2 3 4 16 19 30,10 18 30 36 39 44,1
S004,conditional_probability,conditional,709,1,708,expanding,3 4 10 16 28 29,10 18 30 36 39 44,1
S005,structure_transition,structure_transition,709,1,708,expanding,7 16 18 29 33 38,10 18 30 36 39 44,1
S006,pair_residual_node,pair_relation_residual,709,1,708,expanding,11 20 27 34 37 40,10 18 30 36 39 44,0
S007,triple_residual_node,triple_relation_residual,709,1,708,expanding,11 20 27 34 37 40,10 18 30 36 39 44,0
S008,family_balanced_hybrid,hybrid,709,1,708,expanding,3 4 16 20 27 44,10 18 30 36 39 44,1
S001,multi_window_frequency,multi_window_frequency,710,1,709,expanding,10 11 28 33 38 44,3 4 9 24 25 33,1
S002,gap_regime_hazard,gap_time,710,1,709,expanding,2 12 16 19 24 34,3 4 9 24 25 33,1
S003,momentum_state_transition,momentum,710,1,709,expanding,2 3 4 16 18 30,3 4 9 24 25 33,2
S004,conditional_probability,conditional,710,1,709,expanding,3 10 16 28 30 44,3 4 9 24 25 33,1
S005,structure_transition,structure_transition,710,1,709,expanding,7 12 17 25 36 38,3 4 9 24 25 33,1
S006,pair_residual_node,pair_relation_residual,710,1,709,expanding,11 20 27 34 37 40,3 4 9 24 25 33,0
S007,triple_residual_node,triple_relation_residual,710,1,709,expanding,11 20 27 34 37 40,3 4 9 24 25 33,0
S008,family_balanced_hybrid,hybrid,710,1,709,expanding,1 10 11 16 20 34,3 4 9 24 25 33,0
S001,multi_window_frequency,multi_window_frequency,711,1,710,expanding,4 10 28 33 38 44,11 15 24 35 37 45,0
S002,gap_regime_hazard,gap_time,711,1,710,expanding,2 10 16 19 34 45,11 15 24 35 37 45,1
S003,momentum_state_transition,momentum,711,1,710,expanding,2 3 4 11 16 18,11 15 24 35 37 45,1
S004,conditional_probability,conditional,711,1,710,expanding,3 4 10 16 24 28,11 15 24 35 37 45,1
S005,structure_transition,structure_transition,711,1,710,expanding,7 9 12 29 38 41,11 15 24 35 37 45,0
S006,pair_residual_node,pair_relation_residual,711,1,710,expanding,11 20 25 34 37 40,11 15 24 35 37 45,2
S007,triple_residual_node,triple_relation_residual,711,1,710,expanding,11 20 25 34 37 40,11 15 24 35 37 45,2
S008,family_balanced_hybrid,hybrid,711,1,710,expanding,1 4 10 11 16 44,11 15 24 35 37 45,1
S001,multi_window_frequency,multi_window_frequency,712,1,711,expanding,10 15 24 28 33 44,17 20 30 31 33 45,1
S002,gap_regime_hazard,gap_time,712,1,711,expanding,10 18 30 36 39 44,17 20 30 31 33 45,1
S003,momentum_state_transition,momentum,712,1,711,expanding,2 3 4 11 16 18,17 20 30 31 33 45,0
S004,conditional_probability,conditional,712,1,711,expanding,3 4 10 24 28 33,17 20 30 31 33 45,1
S005,structure_transition,structure_transition,712,1,711,expanding,4 17 20 25 39 44,17 20 30 31 33 45,2
S006,pair_residual_node,pair_relation_residual,712,1,711,expanding,11 20 25 34 37 40,17 20 30 31 33 45,1
S007,triple_residual_node,triple_relation_residual,712,1,711,expanding,11 20 25 34 37 40,17 20 30 31 33 45,1
S008,family_balanced_hybrid,hybrid,712,1,711,expanding,3 4 10 11 20 44,17 20 30 31 33 45,1
S001,multi_window_frequency,multi_window_frequency,713,1,712,expanding,10 11 15 28 33 44,2 5 15 18 19 23,1
S002,gap_regime_hazard,gap_time,713,1,712,expanding,3 4 9 11 15 25,2 5 15 18 19 23,1
S003,momentum_state_transition,momentum,713,1,712,expanding,2 3 4 16 18 30,2 5 15 18 19 23,2
S004,conditional_probability,conditional,713,1,712,expanding,4 10 24 28 33 45,2 5 15 18 19 23,0
S005,structure_transition,structure_transition,713,1,712,expanding,2 7 15 29 34 39,2 5 15 18 19 23,2
S006,pair_residual_node,pair_relation_residual,713,1,712,expanding,11 20 25 34 37 40,2 5 15 18 19 23,0
S007,triple_residual_node,triple_relation_residual,713,1,712,expanding,11 20 25 34 37 40,2 5 15 18 19 23,0
S008,family_balanced_hybrid,hybrid,713,1,712,expanding,1 4 10 11 24 40,2 5 15 18 19 23,0
S001,multi_window_frequency,multi_window_frequency,714,1,713,expanding,4 10 11 15 24 33,1 7 22 33 37 40,1
S002,gap_regime_hazard,gap_time,714,1,713,expanding,11 17 20 24 35 37,1 7 22 33 37 40,1
S003,momentum_state_transition,momentum,714,1,713,expanding,2 3 4 16 18 19,1 7 22 33 37 40,0
S004,conditional_probability,conditional,714,1,713,expanding,2 4 10 19 24 45,1 7 22 33 37 40,0
S005,structure_transition,structure_transition,714,1,713,expanding,7 9 12 29 38 41,1 7 22 33 37 40,1
S006,pair_residual_node,pair_relation_residual,714,1,713,expanding,11 20 27 34 37 40,1 7 22 33 37 40,2
S007,triple_residual_node,triple_relation_residual,714,1,713,expanding,11 20 25 34 37 40,1 7 22 33 37 40,2
S008,family_balanced_hybrid,hybrid,714,1,713,expanding,4 11 17 24 33 45,1 7 22 33 37 40,1
S001,multi_window_frequency,multi_window_frequency,715,1,714,expanding,7 10 11 15 24 33,2 7 27 33 41 44,2
S002,gap_regime_hazard,gap_time,715,1,714,expanding,2 17 20 30 31 45,2 7 27 33 41 44,1
S003,momentum_state_transition,momentum,715,1,714,expanding,2 3 4 10 16 18,2 7 27 33 41 44,1
S004,conditional_probability,conditional,715,1,714,expanding,2 10 19 24 30 45,2 7 27 33 41 44,1
S005,structure_transition,structure_transition,715,1,714,expanding,6 9 11 31 40 45,2 7 27 33 41 44,0
S006,pair_residual_node,pair_relation_residual,715,1,714,expanding,1 11 20 34 37 40,2 7 27 33 41 44,0
S007,triple_residual_node,triple_relation_residual,715,1,714,expanding,1 11 20 34 37 40,2 7 27 33 41 44,0
S008,family_balanced_hybrid,hybrid,715,1,714,expanding,4 10 15 17 19 45,2 7 27 33 41 44,0
S001,multi_window_frequency,multi_window_frequency,716,1,715,expanding,7 10 15 24 33 44,2 6 13 16 29 30,0
S002,gap_regime_hazard,gap_time,716,1,715,expanding,1 5 15 18 19 23,2 6 13 16 29 30,0
S003,momentum_state_transition,momentum,716,1,715,expanding,2 3 8 10 16 18,2 6 13 16 29 30,2
S004,conditional_probability,conditional,716,1,715,expanding,2 10 19 24 30 33,2 6 13 16 29 30,2
S005,structure_transition,structure_transition,716,1,715,expanding,1 3 5 32 35 44,2 6 13 16 29 30,0
S006,pair_residual_node,pair_relation_residual,716,1,715,expanding,1 11 27 34 37 40,2 6 13 16 29 30,0
S007,triple_residual_node,triple_relation_residual,716,1,715,expanding,1 11 27 34 37 40,2 6 13 16 29 30,0
S008,family_balanced_hybrid,hybrid,716,1,715,expanding,8 10 15 19 37 45,2 6 13 16 29 30,0
S001,multi_window_frequency,multi_window_frequency,717,1,716,expanding,2 7 15 24 33 44,2 11 19 25 28 32,1
S002,gap_regime_hazard,gap_time,717,1,716,expanding,1 7 22 27 37 40,2 11 19 25 28 32,0
S003,momentum_state_transition,momentum,717,1,716,expanding,2 3 8 10 13 16,2 11 19 25 28 32,1
S004,conditional_probability,conditional,717,1,716,expanding,2 19 24 30 33 44,2 11 19 25 28 32,2
S005,structure_transition,structure_transition,717,1,716,expanding,7 12 17 25 36 38,2 11 19 25 28 32,1
S006,pair_residual_node,pair_relation_residual,717,1,716,expanding,1 11 27 34 37 40,2 11 19 25 28 32,1
S007,triple_residual_node,triple_relation_residual,717,1,716,expanding,1 11 27 34 37 40,2 11 19 25 28 32,1
S008,family_balanced_hybrid,hybrid,717,1,716,expanding,8 10 15 37 44 45,2 11 19 25 28 32,0
S001,multi_window_frequency,multi_window_frequency,718,1,717,expanding,2 7 11 15 33 44,4 11 20 23 32 39,1
S002,gap_regime_hazard,gap_time,718,1,717,expanding,6 7 27 33 41 44,4 11 20 23 32 39,0
S003,momentum_state_transition,momentum,718,1,717,expanding,2 3 10 13 16 19,4 11 20 23 32 39,0
S004,conditional_probability,conditional,718,1,717,expanding,2 7 19 30 33 45,4 11 20 23 32 39,0
S005,structure_transition,structure_transition,718,1,717,expanding,2 13 17 33 36 38,4 11 20 23 32 39,0
S006,pair_residual_node,pair_relation_residual,718,1,717,expanding,11 25 27 34 37 40,4 11 20 23 32 39,1
S007,triple_residual_node,triple_relation_residual,718,1,717,expanding,11 25 27 34 37 40,4 11 20 23 32 39,1
S008,family_balanced_hybrid,hybrid,718,1,717,expanding,7 10 15 16 44 45,4 11 20 23 32 39,0
S001,multi_window_frequency,multi_window_frequency,719,1,718,expanding,2 7 11 15 33 44,4 8 13 19 20 43,0
S002,gap_regime_hazard,gap_time,719,1,718,expanding,2 6 13 16 29 30,4 8 13 19 20 43,1
S003,momentum_state_transition,momentum,719,1,718,expanding,2 4 10 16 19 23,4 8 13 19 20 43,2
S004,conditional_probability,conditional,719,1,718,expanding,2 4 7 11 30 33,4 8 13 19 20 43,1
S005,structure_transition,structure_transition,719,1,718,expanding,3 14 18 23 25 40,4 8 13 19 20 43,0
S006,pair_residual_node,pair_relation_residual,719,1,718,expanding,11 20 27 34 37 40,4 8 13 19 20 43,1
S007,triple_residual_node,triple_relation_residual,719,1,718,expanding,11 20 25 27 34 40,4 8 13 19 20 43,1
S008,family_balanced_hybrid,hybrid,719,1,718,expanding,2 11 16 19 20 25,4 8 13 19 20 43,2
S001,multi_window_frequency,multi_window_frequency,720,1,719,expanding,2 4 7 11 15 33,1 12 29 34 36 37,0
S002,gap_regime_hazard,gap_time,720,1,719,expanding,2 11 23 25 28 32,1 12 29 34 36 37,0
S003,momentum_state_transition,momentum,720,1,719,expanding,2 3 10 16 19 20,1 12 29 34 36 37,0
S004,conditional_probability,conditional,720,1,719,expanding,2 4 11 19 20 33,1 12 29 34 36 37,0
S005,structure_transition,structure_transition,720,1,719,expanding,2 4 14 33 37 41,1 12 29 34 36 37,1
S006,pair_residual_node,pair_relation_residual,720,1,719,expanding,11 20 27 34 37 40,1 12 29 34 36 37,2
S007,triple_residual_node,triple_relation_residual,720,1,719,expanding,11 20 27 34 37 40,1 12 29 34 36 37,2
S008,family_balanced_hybrid,hybrid,720,1,719,expanding,2 11 14 20 25 34,1 12 29 34 36 37,1
S001,multi_window_frequency,multi_window_frequency,721,1,720,expanding,2 4 7 11 15 33,1 28 35 41 43 44,0
S002,gap_regime_hazard,gap_time,721,1,720,expanding,4 8 11 23 32 39,1 28 35 41 43 44,0
S003,momentum_state_transition,momentum,721,1,720,expanding,2 3 4 10 16 19,1 28 35 41 43 44,0
S004,conditional_probability,conditional,721,1,720,expanding,2 11 19 20 33 37,1 28 35 41 43 44,0
S005,structure_transition,structure_transition,721,1,720,expanding,4 9 11 18 34 45,1 28 35 41 43 44,0
S006,pair_residual_node,pair_relation_residual,721,1,720,expanding,11 20 27 34 37 40,1 28 35 41 43 44,0
S007,triple_residual_node,triple_relation_residual,721,1,720,expanding,11 20 27 34 37 40,1 28 35 41 43 44,0
S008,family_balanced_hybrid,hybrid,721,1,720,expanding,4 10 11 19 20 37,1 28 35 41 43 44,0
S001,multi_window_frequency,multi_window_frequency,722,1,721,expanding,1 4 7 11 33 44,12 14 21 30 39 43,0
S002,gap_regime_hazard,gap_time,722,1,721,expanding,4 8 12 13 19 20,12 14 21 30 39 43,1
S003,momentum_state_transition,momentum,722,1,721,expanding,2 4 10 19 20 24,12 14 21 30 39 43,0
S004,conditional_probability,conditional,722,1,721,expanding,1 2 4 19 20 33,12 14 21 30 39 43,0
S005,structure_transition,structure_transition,722,1,721,expanding,3 19 22 34 37 39,12 14 21 30 39 43,1
S006,pair_residual_node,pair_relation_residual,722,1,721,expanding,1 11 20 34 37 40,12 14 21 30 39 43,0
S007,triple_residual_node,triple_relation_residual,722,1,721,expanding,1 11 20 34 37 40,12 14 21 30 39 43,0
S008,family_balanced_hybrid,hybrid,722,1,721,expanding,1 4 11 19 20 37,12 14 21 30 39 43,0
S001,multi_window_frequency,multi_window_frequency,723,1,722,expanding,1 4 7 11 33 44,20 30 33 35 36 44,2
S002,gap_regime_hazard,gap_time,723,1,722,expanding,1 28 29 34 36 37,20 30 33 35 36 44,1
S003,momentum_state_transition,momentum,723,1,722,expanding,2 4 10 12 19 20,20 30 33 35 36 44,1
S004,conditional_probability,conditional,723,1,722,expanding,1 2 4 7 19 43,20 30 33 35 36 44,0
S005,structure_transition,structure_transition,723,1,722,expanding,6 10 19 24 27 37,20 30 33 35 36 44,0
S006,pair_residual_node,pair_relation_residual,723,1,722,expanding,1 11 20 34 37 40,20 30 33 35 36 44,1
S007,triple_residual_node,triple_relation_residual,723,1,722,expanding,1 11 20 34 37 40,20 30 33 35 36 44,1
S008,family_balanced_hybrid,hybrid,723,1,722,expanding,1 4 11 20 37 44,20 30 33 35 36 44,2
S001,multi_window_frequency,multi_window_frequency,724,1,723,expanding,1 4 11 20 33 44,2 8 33 35 37 41,1
S002,gap_regime_hazard,gap_time,724,1,723,expanding,1 12 14 21 28 41,2 8 33 35 37 41,1
S003,momentum_state_transition,momentum,724,1,723,expanding,2 4 6 12 19 20,2 8 33 35 37 41,1
S004,conditional_probability,conditional,724,1,723,expanding,1 2 20 30 33 43,2 8 33 35 37 41,2
S005,structure_transition,structure_transition,724,1,723,expanding,3 19 22 34 37 39,2 8 33 35 37 41,1
S006,pair_residual_node,pair_relation_residual,724,1,723,expanding,1 11 20 34 37 40,2 8 33 35 37 41,1
S007,triple_residual_node,triple_relation_residual,724,1,723,expanding,1 11 20 34 37 40,2 8 33 35 37 41,1
S008,family_balanced_hybrid,hybrid,724,1,723,expanding,1 4 11 12 20 43,2 8 33 35 37 41,0
S001,multi_window_frequency,multi_window_frequency,725,1,724,expanding,2 4 11 20 33 44,6 7 19 21 41 43,0
S002,gap_regime_hazard,gap_time,725,1,724,expanding,12 14 20 21 39 43,6 7 19 21 41 43,2
S003,momentum_state_transition,momentum,725,1,724,expanding,2 6 12 19 20 30,6 7 19 21 41 43,2
S004,conditional_probability,conditional,725,1,724,expanding,2 20 30 33 35 41,6 7 19 21 41 43,1
S005,structure_transition,structure_transition,725,1,724,expanding,5 19 22 37 42 43,6 7 19 21 41 43,2
S006,pair_residual_node,pair_relation_residual,725,1,724,expanding,1 11 20 34 37 40,6 7 19 21 41 43,0
S007,triple_residual_node,triple_relation_residual,725,1,724,expanding,1 11 20 34 37 40,6 7 19 21 41 43,0
S008,family_balanced_hybrid,hybrid,725,1,724,expanding,1 11 12 20 43 44,6 7 19 21 41 43,1
S001,multi_window_frequency,multi_window_frequency,726,1,725,expanding,2 4 11 33 43 44,1 11 21 23 34 44,2
S002,gap_regime_hazard,gap_time,726,1,725,expanding,2 8 20 30 36 44,1 11 21 23 34 44,1
S003,momentum_state_transition,momentum,726,1,725,expanding,2 6 12 19 20 30,1 11 21 23 34 44,0
S004,conditional_probability,conditional,726,1,725,expanding,2 19 20 30 35 43,1 11 21 23 34 44,0
S005,structure_transition,structure_transition,726,1,725,expanding,11 19 30 35 40 42,1 11 21 23 34 44,1
S006,pair_residual_node,pair_relation_residual,726,1,725,expanding,1 11 20 34 37 40,1 11 21 23 34 44,3
S007,triple_residual_node,triple_relation_residual,726,1,725,expanding,1 11 20 34 37 40,1 11 21 23 34 44,3
S008,family_balanced_hybrid,hybrid,726,1,725,expanding,1 2 11 20 37 44,1 11 21 23 34 44,3
S001,multi_window_frequency,multi_window_frequency,727,1,726,expanding,1 4 11 33 43 44,7 8 10 19 21 31,0
S002,gap_regime_hazard,gap_time,727,1,726,expanding,2 6 8 33 35 37,7 8 10 19 21 31,1
S003,momentum_state_transition,momentum,727,1,726,expanding,2 12 19 20 21 24,7 8 10 19 21 31,2
S004,conditional_probability,conditional,727,1,726,expanding,1 11 19 20 21 43,7 8 10 19 21 31,2
S005,structure_transition,structure_transition,727,1,726,expanding,9 13 15 26 35 38,7 8 10 19 21 31,0
S006,pair_residual_node,pair_relation_residual,727,1,726,expanding,1 11 20 34 37 40,7 8 10 19 21 31,0
S007,triple_residual_node,triple_relation_residual,727,1,726,expanding,1 11 20 34 37 40,7 8 10 19 21 31,0
S008,family_balanced_hybrid,hybrid,727,1,726,expanding,1 11 19 20 37 43,7 8 10 19 21 31,1
S001,multi_window_frequency,multi_window_frequency,728,1,727,expanding,1 8 11 33 43 44,3 6 10 30 34 37,0
S002,gap_regime_hazard,gap_time,728,1,727,expanding,1 6 11 23 41 43,3 6 10 30 34 37,1
S003,momentum_state_transition,momentum,728,1,727,expanding,2 19 20 21 35 37,3 6 10 30 34 37,1
S004,conditional_probability,conditional,728,1,727,expanding,1 8 19 20 21 43,3 6 10 30 34 37,0
S005,structure_transition,structure_transition,728,1,727,expanding,1 14 17 27 32 35,3 6 10 30 34 37,0
S006,pair_residual_node,pair_relation_residual,728,1,727,expanding,1 11 20 34 37 40,3 6 10 30 34 37,2
S007,triple_residual_node,triple_relation_residual,728,1,727,expanding,1 11 20 34 37 40,3 6 10 30 34 37,2
S008,family_balanced_hybrid,hybrid,728,1,727,expanding,1 11 20 34 43 44,3 6 10 30 34 37,1
S001,multi_window_frequency,multi_window_frequency,729,1,728,expanding,1 7 8 33 43 44,11 17 21 26 36 45,0
S002,gap_regime_hazard,gap_time,729,1,728,expanding,1 7 8 11 23 44,11 17 21 26 36 45,1
S003,momentum_state_transition,momentum,729,1,728,expanding,20 21 23 35 37 41,11 17 21 26 36 45,1
S004,conditional_probability,conditional,729,1,728,expanding,1 8 19 21 30 43,11 17 21 26 36 45,1
S005,structure_transition,structure_transition,729,1,728,expanding,5 18 22 24 29 45,11 17 21 26 36 45,1
S006,pair_residual_node,pair_relation_residual,729,1,728,expanding,1 11 20 34 37 40,11 17 21 26 36 45,1
S007,triple_residual_node,triple_relation_residual,729,1,728,expanding,1 11 20 34 37 40,11 17 21 26 36 45,1
S008,family_balanced_hybrid,hybrid,729,1,728,expanding,1 7 19 20 43 44,11 17 21 26 36 45,0
S001,multi_window_frequency,multi_window_frequency,730,1,729,expanding,1 7 11 21 33 44,4 10 14 15 18 22,0
S002,gap_regime_hazard,gap_time,730,1,729,expanding,3 6 7 8 19 31,4 10 14 15 18 22,0
S003,momentum_state_transition,momentum,730,1,729,expanding,7 19 20 21 23 35,4 10 14 15 18 22,0
S004,conditional_probability,conditional,730,1,729,expanding,1 21 30 34 35 36,4 10 14 15 18 22,0
S005,structure_transition,structure_transition,730,1,729,expanding,6 9 17 29 34 35,4 10 14 15 18 22,0
S006,pair_residual_node,pair_relation_residual,730,1,729,expanding,1 11 20 34 37 40,4 10 14 15 18 22,0
S007,triple_residual_node,triple_relation_residual,730,1,729,expanding,1 11 20 34 37 40,4 10 14 15 18 22,0
S008,family_balanced_hybrid,hybrid,730,1,729,expanding,1 7 19 34 37 43,4 10 14 15 18 22,0
S001,multi_window_frequency,multi_window_frequency,731,1,730,expanding,7 10 11 21 33 44,2 7 13 25 42 45,1
S002,gap_regime_hazard,gap_time,731,1,730,expanding,3 6 11 30 34 37,2 7 13 25 42 45,0
S003,momentum_state_transition,momentum,731,1,730,expanding,7 19 20 21 23 35,2 7 13 25 42 45,1
S004,conditional_probability,conditional,731,1,730,expanding,10 21 30 35 41 43,2 7 13 25 42 45,0
S005,structure_transition,structure_transition,731,1,730,expanding,1 4 11 32 36 39,2 7 13 25 42 45,0
S006,pair_residual_node,pair_relation_residual,731,1,730,expanding,1 11 20 34 37 40,2 7 13 25 42 45,0
S007,triple_residual_node,triple_relation_residual,731,1,730,expanding,1 11 20 34 37 40,2 7 13 25 42 45,0
S008,family_balanced_hybrid,hybrid,731,1,730,expanding,1 7 11 34 37 43,2 7 13 25 42 45,1
S001,multi_window_frequency,multi_window_frequency,732,1,731,expanding,7 10 11 21 33 44,2 4 5 17 27 32,0
S002,gap_regime_hazard,gap_time,732,1,731,expanding,4 11 17 21 26 36,2 4 5 17 27 32,2
S003,momentum_state_transition,momentum,732,1,731,expanding,7 13 19 20 21 23,2 4 5 17 27 32,0
S004,conditional_probability,conditional,732,1,731,expanding,2 6 7 10 21 30,2 4 5 17 27 32,1
S005,structure_transition,structure_transition,732,1,731,expanding,7 12 21 28 31 43,2 4 5 17 27 32,0
S006,pair_residual_node,pair_relation_residual,732,1,731,expanding,1 11 20 34 37 40,2 4 5 17 27 32,0
S007,triple_residual_node,triple_relation_residual,732,1,731,expanding,1 11 20 34 37 40,2 4 5 17 27 32,0
S008,family_balanced_hybrid,hybrid,732,1,731,expanding,7 10 11 14 19 37,2 4 5 17 27 32,0
S001,multi_window_frequency,multi_window_frequency,733,1,732,expanding,2 4 7 10 33 44,11 24 32 33 35 40,1
S002,gap_regime_hazard,gap_time,733,1,732,expanding,7 10 14 15 18 22,11 24 32 33 35 40,0
S003,momentum_state_transition,momentum,733,1,732,expanding,7 13 19 20 21 23,11 24 32 33 35 40,0
S004,conditional_probability,conditional,733,1,732,expanding,2 4 6 7 10 21,11 24 32 33 35 40,0
S005,structure_transition,structure_transition,733,1,732,expanding,7 16 18 29 33 38,11 24 32 33 35 40,1
S006,pair_residual_node,pair_relation_residual,733,1,732,expanding,1 11 27 34 37 40,11 24 32 33 35 40,2
S007,triple_residual_node,triple_relation_residual,733,1,732,expanding,1 11 27 34 37 40,11 24 32 33 35 40,2
S008,family_balanced_hybrid,hybrid,733,1,732,expanding,7 10 11 19 34 37,11 24 32 33 35 40,1
S001,multi_window_frequency,multi_window_frequency,734,1,733,expanding,2 4 7 10 11 33,6 16 37 38 41 45,0
S002,gap_regime_hazard,gap_time,734,1,733,expanding,2 7 13 25 42 45,6 16 37 38 41 45,1
S003,momentum_state_transition,momentum,734,1,733,expanding,6 7 13 20 21 32,6 16 37 38 41 45,1
S004,conditional_probability,conditional,734,1,733,expanding,2 4 7 10 11 21,6 16 37 38 41 45,0
S005,structure_transition,structure_transition,734,1,733,expanding,9 14 16 25 28 39,6 16 37 38 41 45,1
S006,pair_residual_node,pair_relation_residual,734,1,733,expanding,1 11 27 34 37 40,6 16 37 38 41 45,1
S007,triple_residual_node,triple_relation_residual,734,1,733,expanding,1 11 27 34 37 40,6 16 37 38 41 45,1
S008,family_balanced_hybrid,hybrid,734,1,733,expanding,4 6 7 10 17 37,6 16 37 38 41 45,2
S001,multi_window_frequency,multi_window_frequency,735,1,734,expanding,4 6 7 10 11 33,5 10 13 27 37 41,1
S002,gap_regime_hazard,gap_time,735,1,734,expanding,2 4 5 11 17 27,5 10 13 27 37 41,2
S003,momentum_state_transition,momentum,735,1,734,expanding,6 7 13 20 21 32,5 10 13 27 37 41,1
S004,conditional_probability,conditional,735,1,734,expanding,6 7 10 11 21 45,5 10 13 27 37 41,1
S005,structure_transition,structure_transition,735,1,734,expanding,11 16 20 31 35 42,5 10 13 27 37 41,0
S006,pair_residual_node,pair_relation_residual,735,1,734,expanding,1 11 27 34 37 40,5 10 13 27 37 41,2
S007,triple_residual_node,triple_relation_residual,735,1,734,expanding,1 11 27 34 37 40,5 10 13 27 37 41,2
S008,family_balanced_hybrid,hybrid,735,1,734,expanding,4 6 7 11 17 20,5 10 13 27 37 41,0
S001,multi_window_frequency,multi_window_frequency,736,1,735,expanding,4 7 10 11 33 37,2 11 17 18 21 27,1
S002,gap_regime_hazard,gap_time,736,1,735,expanding,11 24 32 33 35 40,2 11 17 18 21 27,1
S003,momentum_state_transition,momentum,736,1,735,expanding,6 13 20 21 32 34,2 11 17 18 21 27,1
S004,conditional_probability,conditional,736,1,735,expanding,2 10 11 21 37 45,2 11 17 18 21 27,3
S005,structure_transition,structure_transition,736,1,735,expanding,1 13 18 25 30 40,2 11 17 18 21 27,1
S006,pair_residual_node,pair_relation_residual,736,1,735,expanding,1 11 27 34 37 40,2 11 17 18 21 27,2
S007,triple_residual_node,triple_relation_residual,736,1,735,expanding,1 11 27 34 37 40,2 11 17 18 21 27,2
S008,family_balanced_hybrid,hybrid,736,1,735,expanding,6 7 11 17 20 34,2 11 17 18 21 27,2
S001,multi_window_frequency,multi_window_frequency,737,1,736,expanding,2 7 10 11 27 33,13 15 18 24 27 41,1
S002,gap_regime_hazard,gap_time,737,1,736,expanding,5 6 10 16 38 45,13 15 18 24 27 41,0
S003,momentum_state_transition,momentum,737,1,736,expanding,7 17 20 21 27 32,13 15 18 24 27 41,1
S004,conditional_probability,conditional,737,1,736,expanding,2 10 11 17 21 27,13 15 18 24 27 41,1
S005,structure_transition,structure_transition,737,1,736,expanding,1 17 20 25 37 42,13 15 18 24 27 41,0
S006,pair_residual_node,pair_relation_residual,737,1,736,expanding,1 11 27 34 37 40,13 15 18 24 27 41,1
S007,triple_residual_node,triple_relation_residual,737,1,736,expanding,1 11 27 34 37 40,13 15 18 24 27 41,1
S008,family_balanced_hybrid,hybrid,737,1,736,expanding,7 10 17 20 27 37,13 15 18 24 27 41,1
S001,multi_window_frequency,multi_window_frequency,738,1,737,expanding,2 10 11 27 33 41,23 27 28 38 42 43,1
S002,gap_regime_hazard,gap_time,738,1,737,expanding,2 5 10 11 17 37,23 27 28 38 42 43,0
S003,momentum_state_transition,momentum,738,1,737,expanding,7 8 17 18 20 21,23 27 28 38 42 43,0
S004,conditional_probability,conditional,738,1,737,expanding,2 10 11 13 17 27,23 27 28 38 42 43,1
S005,structure_transition,structure_transition,738,1,737,expanding,9 12 16 31 41 45,23 27 28 38 42 43,0
S006,pair_residual_node,pair_relation_residual,738,1,737,expanding,1 11 27 34 37 40,23 27 28 38 42 43,1
S007,triple_residual_node,triple_relation_residual,738,1,737,expanding,1 11 27 34 37 40,23 27 28 38 42 43,1
S008,family_balanced_hybrid,hybrid,738,1,737,expanding,5 10 11 17 27 37,23 27 28 38 42 43,1
S001,multi_window_frequency,multi_window_frequency,739,1,738,expanding,2 11 13 27 33 41,7 22 29 33 34 35,1
S002,gap_regime_hazard,gap_time,739,1,738,expanding,2 11 13 15 17 21,7 22 29 33 34 35,0
S003,momentum_state_transition,momentum,739,1,738,expanding,7 8 13 17 18 21,7 22 29 33 34 35,1
S004,conditional_probability,conditional,739,1,738,expanding,2 11 13 17 18 27,7 22 29 33 34 35,0
S005,structure_transition,structure_transition,739,1,738,expanding,7 10 22 33 40 41,7 22 29 33 34 35,3
S006,pair_residual_node,pair_relation_residual,739,1,738,expanding,1 11 27 34 37 40,7 22 29 33 34 35,1
S007,triple_residual_node,triple_relation_residual,739,1,738,expanding,1 11 27 34 37 40,7 22 29 33 34 35,1
S008,family_balanced_hybrid,hybrid,739,1,738,expanding,11 13 15 17 27 37,7 22 29 33 34 35,0
S001,multi_window_frequency,multi_window_frequency,740,1,739,expanding,2 7 11 27 33 41,4 8 9 16 17 19,0
S002,gap_regime_hazard,gap_time,740,1,739,expanding,13 15 18 23 24 41,4 8 9 16 17 19,0
S003,momentum_state_transition,momentum,740,1,739,expanding,7 17 18 21 27 34,4 8 9 16 17 19,1
S004,conditional_probability,conditional,740,1,739,expanding,2 4 13 18 27 41,4 8 9 16 17 19,1
S005,structure_transition,structure_transition,740,1,739,expanding,1 3 21 25 34 38,4 8 9 16 17 19,0
S006,pair_residual_node,pair_relation_residual,740,1,739,expanding,1 11 27 34 37 40,4 8 9 16 17 19,0
S007,triple_residual_node,triple_relation_residual,740,1,739,expanding,1 11 27 34 37 40,4 8 9 16 17 19,0
S008,family_balanced_hybrid,hybrid,740,1,739,expanding,7 15 17 18 27 37,4 8 9 16 17 19,1
S001,multi_window_frequency,multi_window_frequency,741,1,740,expanding,2 7 11 27 33 41,5 21 27 34 44 45,1
S002,gap_regime_hazard,gap_time,741,1,740,expanding,23 27 28 38 42 43,5 21 27 34 44 45,1
S003,momentum_state_transition,momentum,741,1,740,expanding,7 8 17 18 21 27,5 21 27 34 44 45,2
S004,conditional_probability,conditional,741,1,740,expanding,2 4 13 17 27 41,5 21 27 34 44 45,1
S005,structure_transition,structure_transition,741,1,740,expanding,8 11 22 27 28 43,5 21 27 34 44 45,1
S006,pair_residual_node,pair_relation_residual,741,1,740,expanding,1 11 27 34 37 40,5 21 27 34 44 45,2
S007,triple_residual_node,triple_relation_residual,741,1,740,expanding,1 11 27 34 37 40,5 21 27 34 44 45,2
S008,family_balanced_hybrid,hybrid,741,1,740,expanding,7 11 17 27 34 43,5 21 27 34 44 45,2
S001,multi_window_frequency,multi_window_frequency,742,1,741,expanding,4 7 11 27 33 41,8 10 13 36 37 40,0
S002,gap_regime_hazard,gap_time,742,1,741,expanding,4 7 22 29 33 35,8 10 13 36 37 40,0
S003,momentum_state_transition,momentum,742,1,741,expanding,5 7 8 17 18 21,8 10 13 36 37 40,1
S004,conditional_probability,conditional,742,1,741,expanding,2 4 5 11 17 41,8 10 13 36 37 40,0
S005,structure_transition,structure_transition,742,1,741,expanding,4 12 17 32 36 41,8 10 13 36 37 40,1
S006,pair_residual_node,pair_relation_residual,742,1,741,expanding,1 11 27 34 37 40,8 10 13 36 37 40,2
S007,triple_residual_node,triple_relation_residual,742,1,741,expanding,1 11 27 34 37 40,8 10 13 36 37 40,2
S008,family_balanced_hybrid,hybrid,742,1,741,expanding,4 5 7 11 17 34,8 10 13 36 37 40,0
S001,multi_window_frequency,multi_window_frequency,743,1,742,expanding,8 11 13 27 33 41,15 19 21 34 41 44,1
S002,gap_regime_hazard,gap_time,743,1,742,expanding,4 5 9 16 17 19,15 19 21 34 41 44,1
S003,momentum_state_transition,momentum,743,1,742,expanding,5 7 8 13 17 18,15 19 21 34 41 44,0
S004,conditional_probability,conditional,743,1,742,expanding,5 8 13 27 37 41,15 19 21 34 41 44,1
S005,structure_transition,structure_transition,743,1,742,expanding,1 5 22 29 32 36,15 19 21 34 41 44,0
S006,pair_residual_node,pair_relation_residual,743,1,742,expanding,11 20 27 34 37 40,15 19 21 34 41 44,1
S007,triple_residual_node,triple_relation_residual,743,1,742,expanding,11 20 27 34 37 40,15 19 21 34 41 44,1
S008,family_balanced_hybrid,hybrid,743,1,742,expanding,5 7 11 17 27 34,15 19 21 34 41 44,1
S001,multi_window_frequency,multi_window_frequency,744,1,743,expanding,13 27 33 34 41 44,10 15 18 21 34 41,2
S002,gap_regime_hazard,gap_time,744,1,743,expanding,5 8 10 13 27 45,10 15 18 21 34 41,1
S003,momentum_state_transition,momentum,744,1,743,expanding,5 7 8 13 15 17,10 15 18 21 34 41,1
S004,conditional_probability,conditional,744,1,743,expanding,13 21 27 34 37 41,10 15 18 21 34 41,3
S005,structure_transition,structure_transition,744,1,743,expanding,2 14 19 25 29 33,10 15 18 21 34 41,0
S006,pair_residual_node,pair_relation_residual,744,1,743,expanding,11 20 27 34 37 40,10 15 18 21 34 41,1
S007,triple_residual_node,triple_relation_residual,744,1,743,expanding,11 20 27 34 37 40,10 15 18 21 34 41,1
S008,family_balanced_hybrid,hybrid,744,1,743,expanding,5 8 13 27 34 37,10 15 18 21 34 41,1
S001,multi_window_frequency,multi_window_frequency,745,1,744,expanding,10 21 27 34 41 44,1 2 3 9 12 23,0
S002,gap_regime_hazard,gap_time,745,1,744,expanding,8 13 19 36 37 40,1 2 3 9 12 23,0
S003,momentum_state_transition,momentum,745,1,744,expanding,5 7 8 13 15 17,1 2 3 9 12 23,0
S004,conditional_probability,conditional,745,1,744,expanding,10 13 21 27 34 41,1 2 3 9 12 23,0
S005,structure_transition,structure_transition,745,1,744,expanding,5 10 25 28 32 39,1 2 3 9 12 23,0
S006,pair_residual_node,pair_relation_residual,745,1,744,expanding,11 20 27 34 37 40,1 2 3 9 12 23,0
S007,triple_residual_node,triple_relation_residual,745,1,744,expanding,11 20 27 34 37 40,1 2 3 9 12 23,0
S008,family_balanced_hybrid,hybrid,745,1,744,expanding,8 13 17 27 34 37,1 2 3 9 12 23,0
S001,multi_window_frequency,multi_window_frequency,746,1,745,expanding,15 21 27 34 41 44,3 12 33 36 42 45,0
S002,gap_regime_hazard,gap_time,746,1,745,expanding,10 15 18 19 21 44,3 12 33 36 42 45,0
S003,momentum_state_transition,momentum,746,1,745,expanding,5 8 13 15 17 18,3 12 33 36 42 45,0
S004,conditional_probability,conditional,746,1,745,expanding,15 18 21 27 34 41,3 12 33 36 42 45,0
S005,structure_transition,structure_transition,746,1,745,expanding,5 9 20 26 29 37,3 12 33 36 42 45,0
S006,pair_residual_node,pair_relation_residual,746,1,745,expanding,1 11 27 34 37 40,3 12 33 36 42 45,0
S007,triple_residual_node,triple_relation_residual,746,1,745,expanding,1 11 27 34 37 40,3 12 33 36 42 45,0
S008,family_balanced_hybrid,hybrid,746,1,745,expanding,10 15 17 27 34 44,3 12 33 36 42 45,0
S001,multi_window_frequency,multi_window_frequency,747,1,746,expanding,21 27 33 34 41 44,7 9 12 14 23 28,0
S002,gap_regime_hazard,gap_time,747,1,746,expanding,10 15 18 21 34 41,7 9 12 14 23 28,0
S003,momentum_state_transition,momentum,747,1,746,expanding,3 5 8 10 13 15,7 9 12 14 23 28,0
S004,conditional_probability,conditional,747,1,746,expanding,3 15 21 27 34 41,7 9 12 14 23 28,0
S005,structure_transition,structure_transition,747,1,746,expanding,10 15 18 25 39 42,7 9 12 14 23 28,0
S006,pair_residual_node,pair_relation_residual,747,1,746,expanding,1 11 27 34 37 40,7 9 12 14 23 28,0
S007,triple_residual_node,triple_relation_residual,747,1,746,expanding,1 11 27 34 37 40,7 9 12 14 23 28,0
S008,family_balanced_hybrid,hybrid,747,1,746,expanding,6 10 11 15 27 34,7 9 12 14 23 28,0
S001,multi_window_frequency,multi_window_frequency,748,1,747,expanding,7 21 27 33 34 41,3 10 13 22 31 32,0
S002,gap_regime_hazard,gap_time,748,1,747,expanding,1 2 3 33 36 42,3 10 13 22 31 32,1
S003,momentum_state_transition,momentum,748,1,747,expanding,3 5 9 12 13 15,3 10 13 22 31 32,2
S004,conditional_probability,conditional,748,1,747,expanding,3 9 12 21 23 34,3 10 13 22 31 32,1
S005,structure_transition,structure_transition,748,1,747,expanding,5 18 22 24 29 45,3 10 13 22 31 32,1
S006,pair_residual_node,pair_relation_residual,748,1,747,expanding,1 11 27 34 37 40,3 10 13 22 31 32,0
S007,triple_residual_node,triple_relation_residual,748,1,747,expanding,1 11 27 34 37 40,3 10 13 22 31 32,0
S008,family_balanced_hybrid,hybrid,748,1,747,expanding,1 11 12 15 27 34,3 10 13 22 31 32,0
S001,multi_window_frequency,multi_window_frequency,749,1,748,expanding,7 10 27 33 34 41,12 14 24 26 34 45,1
S002,gap_regime_hazard,gap_time,749,1,748,expanding,7 9 33 36 42 45,12 14 24 26 34 45,1
S003,momentum_state_transition,momentum,749,1,748,expanding,3 5 9 12 13 15,12 14 24 26 34 45,1
S004,conditional_probability,conditional,749,1,748,expanding,3 9 10 12 21 34,12 14 24 26 34 45,2
S005,structure_transition,structure_transition,749,1,748,expanding,10 15 18 25 39 42,12 14 24 26 34 45,0
S006,pair_residual_node,pair_relation_residual,749,1,748,expanding,1 11 27 34 37 40,12 14 24 26 34 45,1
S007,triple_residual_node,triple_relation_residual,749,1,748,expanding,1 11 27 34 37 40,12 14 24 26 34 45,1
S008,family_balanced_hybrid,hybrid,749,1,748,expanding,7 11 12 27 34 45,12 14 24 26 34 45,3
S001,multi_window_frequency,multi_window_frequency,750,1,749,expanding,10 12 27 34 41 44,1 2 15 19 24 36,0
S002,gap_regime_hazard,gap_time,750,1,749,expanding,3 7 9 10 23 28,1 2 15 19 24 36,0
S003,momentum_state_transition,momentum,750,1,749,expanding,3 5 9 10 12 13,1 2 15 19 24 36,0
S004,conditional_probability,conditional,750,1,749,expanding,3 9 10 12 21 34,1 2 15 19 24 36,0
S005,structure_transition,structure_transition,750,1,749,expanding,6 10 19 24 27 37,1 2 15 19 24 36,2
S006,pair_residual_node,pair_relation_residual,750,1,749,expanding,1 11 27 34 37 40,1 2 15 19 24 36,1
S007,triple_residual_node,triple_relation_residual,750,1,749,expanding,1 11 27 34 37 40,1 2 15 19 24 36,1
S008,family_balanced_hybrid,hybrid,750,1,749,expanding,3 10 12 13 27 34,1 2 15 19 24 36,0
S001,multi_window_frequency,multi_window_frequency,751,1,750,expanding,10 12 15 27 34 44,3 4 16 20 28 44,1
S002,gap_regime_hazard,gap_time,751,1,750,expanding,3 10 13 22 31 32,3 4 16 20 28 44,1
S003,momentum_state_transition,momentum,751,1,750,expanding,3 5 9 12 13 17,3 4 16 20 28 44,1
S004,conditional_probability,conditional,751,1,750,expanding,3 10 12 15 21 34,3 4 16 20 28 44,1
S005,structure_transition,structure_transition,751,1,750,expanding,7 17 24 26 30 35,3 4 16 20 28 44,0
S006,pair_residual_node,pair_relation_residual,751,1,750,expanding,1 11 27 34 37 40,3 4 16 20 28 44,0
S007,triple_residual_node,triple_relation_residual,751,1,750,expanding,1 11 27 34 37 40,3 4 16 20 28 44,0
S008,family_balanced_hybrid,hybrid,751,1,750,expanding,3 10 12 13 14 34,3 4 16 20 28 44,1
S001,multi_window_frequency,multi_window_frequency,752,1,751,expanding,10 12 15 33 34 44,4 16 20 33 40 43,1
S002,gap_regime_hazard,gap_time,752,1,751,expanding,1 12 14 26 34 45,4 16 20 33 40 43,0
S003,momentum_state_transition,momentum,752,1,751,expanding,3 5 9 12 15 16,4 16 20 33 40 43,1
S004,conditional_probability,conditional,752,1,751,expanding,3 10 12 15 34 36,4 16 20 33 40 43,0
S005,structure_transition,structure_transition,752,1,751,expanding,7 16 18 29 33 38,4 16 20 33 40 43,2
S006,pair_residual_node,pair_relation_residual,752,1,751,expanding,1 11 27 34 37 40,4 16 20 33 40 43,1
S007,triple_residual_node,triple_relation_residual,752,1,751,expanding,1 11 27 34 37 40,4 16 20 33 40 43,1
S008,family_balanced_hybrid,hybrid,752,1,751,expanding,1 12 14 15 27 34,4 16 20 33 40 43,0
S001,multi_window_frequency,multi_window_frequency,753,1,752,expanding,4 10 15 33 34 44,2 17 19 24 37 41,0
S002,gap_regime_hazard,gap_time,753,1,752,expanding,1 2 15 19 24 36,2 17 19 24 37 41,3
S003,momentum_state_transition,momentum,753,1,752,expanding,3 9 12 15 16 18,2 17 19 24 37 41,0
S004,conditional_probability,conditional,753,1,752,expanding,1 2 3 12 15 34,2 17 19 24 37 41,1
S005,structure_transition,structure_transition,753,1,752,expanding,1 5 22 29 32 36,2 17 19 24 37 41,0
S006,pair_residual_node,pair_relation_residual,753,1,752,expanding,1 11 27 34 37 40,2 17 19 24 37 41,1
S007,triple_residual_node,triple_relation_residual,753,1,752,expanding,1 11 27 34 37 40,2 17 19 24 37 41,1
S008,family_balanced_hybrid,hybrid,753,1,752,expanding,1 3 12 15 27 34,2 17 19 24 37 41,0
S001,multi_window_frequency,multi_window_frequency,754,1,753,expanding,2 4 10 33 34 41,2 8 17 24 29 31,1
S002,gap_regime_hazard,gap_time,754,1,753,expanding,3 4 16 20 28 44,2 8 17 24 29 31,0
S003,momentum_state_transition,momentum,754,1,753,expanding,3 9 12 15 16 17,2 8 17 24 29 31,1
S004,conditional_probability,conditional,754,1,753,expanding,1 2 3 4 12 24,2 8 17 24 29 31,2
S005,structure_transition,structure_transition,754,1,753,expanding,2 7 15 29 34 39,2 8 17 24 29 31,2
S006,pair_residual_node,pair_relation_residual,754,1,753,expanding,1 11 27 34 37 40,2 8 17 24 29 31,0
S007,triple_residual_node,triple_relation_residual,754,1,753,expanding,1 11 27 34 37 40,2 8 17 24 29 31,0
S008,family_balanced_hybrid,hybrid,754,1,753,expanding,1 3 4 12 20 27,2 8 17 24 29 31,0
S001,multi_window_frequency,multi_window_frequency,755,1,754,expanding,2 4 10 24 33 34,13 14 26 28 30 36,0
S002,gap_regime_hazard,gap_time,755,1,754,expanding,4 16 20 33 40 43,13 14 26 28 30 36,0
S003,momentum_state_transition,momentum,755,1,754,expanding,3 9 12 15 16 17,13 14 26 28 30 36,0
S004,conditional_probability,conditional,755,1,754,expanding,1 2 3 4 12 24,13 14 26 28 30 36,0
S005,structure_transition,structure_transition,755,1,754,expanding,4 12 21 32 35 37,13 14 26 28 30 36,0
S006,pair_residual_node,pair_relation_residual,755,1,754,expanding,11 14 27 34 37 40,13 14 26 28 30 36,1
S007,triple_residual_node,triple_relation_residual,755,1,754,expanding,11 14 27 34 37 40,13 14 26 28 30 36,1
S008,family_balanced_hybrid,hybrid,755,1,754,expanding,1 4 12 17 20 27,13 14 26 28 30 36,0
S001,multi_window_frequency,multi_window_frequency,756,1,755,expanding,2 4 10 24 33 34,10 14 16 18 27 28,1
S002,gap_regime_hazard,gap_time,756,1,755,expanding,2 8 17 19 37 41,10 14 16 18 27 28,0
S003,momentum_state_transition,momentum,756,1,755,expanding,3 9 12 14 15 16,10 14 16 18 27 28,2
S004,conditional_probability,conditional,756,1,755,expanding,2 3 12 14 24 28,10 14 16 18 27 28,2
S005,structure_transition,structure_transition,756,1,755,expanding,2 18 21 23 30 41,10 14 16 18 27 28,1
S006,pair_residual_node,pair_relation_residual,756,1,755,expanding,11 14 27 34 37 40,10 14 16 18 27 28,2
S007,triple_residual_node,triple_relation_residual,756,1,755,expanding,11 14 27 34 37 40,10 14 16 18 27 28,2
S008,family_balanced_hybrid,hybrid,756,1,755,expanding,11 12 14 17 24 27,10 14 16 18 27 28,2
S001,multi_window_frequency,multi_window_frequency,757,1,756,expanding,2 10 24 27 28 33,6 7 11 17 33 44,1
S002,gap_regime_hazard,gap_time,757,1,756,expanding,2 8 17 24 29 31,6 7 11 17 33 44,1
S003,momentum_state_transition,momentum,757,1,756,expanding,3 9 12 14 15 16,6 7 11 17 33 44,0
S004,conditional_probability,conditional,757,1,756,expanding,2 3 14 16 24 28,6 7 11 17 33 44,0
S005,structure_transition,structure_transition,757,1,756,expanding,4 17 20 25 39 44,6 7 11 17 33 44,2
S006,pair_residual_node,pair_relation_residual,757,1,756,expanding,11 14 27 34 37 40,6 7 11 17 33 44,1
S007,triple_residual_node,triple_relation_residual,757,1,756,expanding,11 14 27 34 37 40,6 7 11 17 33 44,1
S008,family_balanced_hybrid,hybrid,757,1,756,expanding,11 12 13 14 17 24,6 7 11 17 33 44,2
S001,multi_window_frequency,multi_window_frequency,758,1,757,expanding,2 10 17 24 27 33,5 9 12 30 39 43,0
S002,gap_regime_hazard,gap_time,758,1,757,expanding,10 13 14 26 30 36,5 9 12 30 39 43,1
S003,momentum_state_transition,momentum,758,1,757,expanding,3 9 12 14 15 16,5 9 12 30 39 43,2
S004,conditional_probability,conditional,758,1,757,expanding,2 14 16 17 24 28,5 9 12 30 39 43,0
S005,structure_transition,structure_transition,758,1,757,expanding,6 10 19 24 27 37,5 9 12 30 39 43,0
S006,pair_residual_node,pair_relation_residual,758,1,757,expanding,11 14 27 34 37 40,5 9 12 30 39 43,0
S007,triple_residual_node,triple_relation_residual,758,1,757,expanding,11 14 27 34 37 40,5 9 12 30 39 43,0
S008,family_balanced_hybrid,hybrid,758,1,757,expanding,10 13 14 16 24 27,5 9 12 30 39 43,0
S001,multi_window_frequency,multi_window_frequency,759,1,758,expanding,2 17 24 27 33 44,9 33 36 40 42 43,1
S002,gap_regime_hazard,gap_time,759,1,758,expanding,10 14 16 18 27 28,9 33 36 40 42 43,0
S003,momentum_state_transition,momentum,759,1,758,expanding,3 9 12 14 15 16,9 33 36 40 42 43,1
S004,conditional_probability,conditional,759,1,758,expanding,2 14 16 17 24 28,9 33 36 40 42 43,0
S005,structure_transition,structure_transition,759,1,758,expanding,7 12 17 26 29 40,9 33 36 40 42 43,1
S006,pair_residual_node,pair_relation_residual,759,1,758,expanding,11 14 27 34 37 40,9 33 36 40 42 43,1
S007,triple_residual_node,triple_relation_residual,759,1,758,expanding,11 14 27 34 37 40,9 33 36 40 42 43,1
S008,family_balanced_hybrid,hybrid,759,1,758,expanding,14 16 17 20 24 27,9 33 36 40 42 43,0
S001,multi_window_frequency,multi_window_frequency,760,1,759,expanding,2 17 24 27 33 44,10 22 27 31 42 43,1
S002,gap_regime_hazard,gap_time,760,1,759,expanding,5 6 7 11 17 44,10 22 27 31 42 43,0
S003,momentum_state_transition,momentum,760,1,759,expanding,3 4 8 9 12 14,10 22 27 31 42 43,0
S004,conditional_probability,conditional,760,1,759,expanding,2 16 17 24 28 33,10 22 27 31 42 43,0
S005,structure_transition,structure_transition,760,1,759,expanding,2 15 21 34 37 42,10 22 27 31 42 43,1
S006,pair_residual_node,pair_relation_residual,760,1,759,expanding,11 14 27 34 37 40,10 22 27 31 42 43,1
S007,triple_residual_node,triple_relation_residual,760,1,759,expanding,11 14 27 34 37 40,10 22 27 31 42 43,1
S008,family_balanced_hybrid,hybrid,760,1,759,expanding,4 11 12 14 17 20,10 22 27 31 42 43,0
S001,multi_window_frequency,multi_window_frequency,761,1,760,expanding,2 10 17 27 33 43,4 7 11 24 42 45,0
S002,gap_regime_hazard,gap_time,761,1,760,expanding,5 9 12 30 33 39,4 7 11 24 42 45,0
S003,momentum_state_transition,momentum,761,1,760,expanding,3 9 12 14 15 16,4 7 11 24 42 45,0
S004,conditional_probability,conditional,761,1,760,expanding,2 16 17 28 33 43,4 7 11 24 42 45,0
S005,structure_transition,structure_transition,761,1,760,expanding,1 7 20 31 36 38,4 7 11 24 42 45,1
S006,pair_residual_node,pair_relation_residual,761,1,760,expanding,11 14 27 34 37 40,4 7 11 24 42 45,1
S007,triple_residual_node,triple_relation_residual,761,1,760,expanding,11 14 27 34 37 40,4 7 11 24 42 45,1
S008,family_balanced_hybrid,hybrid,761,1,760,expanding,12 14 20 33 36 40,4 7 11 24 42 45,0
S001,multi_window_frequency,multi_window_frequency,762,1,761,expanding,10 17 24 27 33 43,1 3 12 21 26 41,0
S002,gap_regime_hazard,gap_time,762,1,761,expanding,9 10 22 33 36 40,1 3 12 21 26 41,0
S003,momentum_state_transition,momentum,762,1,761,expanding,3 9 12 14 15 16,1 3 12 21 26 41,2
S004,conditional_probability,conditional,762,1,761,expanding,2 17 24 33 42 43,1 3 12 21 26 41,0
S005,structure_transition,structure_transition,762,1,761,expanding,6 19 21 24 38 41,1 3 12 21 26 41,2
S006,pair_residual_node,pair_relation_residual,762,1,761,expanding,11 14 27 34 37 40,1 3 12 21 26 41,0
S007,triple_residual_node,triple_relation_residual,762,1,761,expanding,11 14 27 34 37 40,1 3 12 21 26 41,0
S008,family_balanced_hybrid,hybrid,762,1,761,expanding,10 14 27 33 40 43,1 3 12 21 26 41,0
S001,multi_window_frequency,multi_window_frequency,763,1,762,expanding,10 17 24 27 33 43,3 8 16 32 34 43,1
S002,gap_regime_hazard,gap_time,763,1,762,expanding,4 10 22 27 31 43,3 8 16 32 34 43,1
S003,momentum_state_transition,momentum,763,1,762,expanding,1 3 9 12 14 15,3 8 16 32 34 43,1
S004,conditional_probability,conditional,763,1,762,expanding,2 7 17 24 42 43,3 8 16 32 34 43,1
S005,structure_transition,structure_transition,763,1,762,expanding,1 4 11 32 36 39,3 8 16 32 34 43,1
S006,pair_residual_node,pair_relation_residual,763,1,762,expanding,11 14 27 34 37 40,3 8 16 32 34 43,1
S007,triple_residual_node,triple_relation_residual,763,1,762,expanding,11 14 27 34 37 40,3 8 16 32 34 43,1
S008,family_balanced_hybrid,hybrid,763,1,762,expanding,10 11 14 24 27 43,3 8 16 32 34 43,1
S001,multi_window_frequency,multi_window_frequency,764,1,763,expanding,7 10 27 33 34 43,7 22 24 31 34 36,2
S002,gap_regime_hazard,gap_time,764,1,763,expanding,4 7 11 24 42 45,7 22 24 31 34 36,2
S003,momentum_state_transition,momentum,764,1,763,expanding,1 3 9 12 14 16,7 22 24 31 34 36,0
S004,conditional_probability,conditional,764,1,763,expanding,3 7 8 9 42 43,7 22 24 31 34 36,1
S005,structure_transition,structure_transition,764,1,763,expanding,1 4 20 25 26 45,7 22 24 31 34 36,0
S006,pair_residual_node,pair_relation_residual,764,1,763,expanding,11 14 27 34 37 40,7 22 24 31 34 36,1
S007,triple_residual_node,triple_relation_residual,764,1,763,expanding,11 14 27 34 37 40,7 22 24 31 34 36,1
S008,family_balanced_hybrid,hybrid,764,1,763,expanding,1 7 11 12 14 43,7 22 24 31 34 36,1
S001,multi_window_frequency,multi_window_frequency,765,1,764,expanding,7 24 27 33 34 43,1 3 8 12 42 43,1
S002,gap_regime_hazard,gap_time,765,1,764,expanding,1 3 12 21 26 41,1 3 8 12 42 43,3
S003,momentum_state_transition,momentum,765,1,764,expanding,1 3 9 12 14 16,1 3 8 12 42 43,3
S004,conditional_probability,conditional,765,1,764,expanding,3 7 9 36 42 43,1 3 8 12 42 43,3
S005,structure_transition,structure_transition,765,1,764,expanding,6 19 21 24 38 41,1 3 8 12 42 43,0
S006,pair_residual_node,pair_relation_residual,765,1,764,expanding,11 14 27 34 37 40,1 3 8 12 42 43,0
S007,triple_residual_node,triple_relation_residual,765,1,764,expanding,11 14 27 34 37 40,1 3 8 12 42 43,0
S008,family_balanced_hybrid,hybrid,765,1,764,expanding,1 11 12 14 27 43,1 3 8 12 42 43,3
S001,multi_window_frequency,multi_window_frequency,766,1,765,expanding,7 12 27 33 34 43,9 30 34 35 39 41,1
S002,gap_regime_hazard,gap_time,766,1,765,expanding,7 16 22 24 31 32,9 30 34 35 39 41,0
S003,momentum_state_transition,momentum,766,1,765,expanding,1 3 9 12 14 16,9 30 34 35 39 41,1
S004,conditional_probability,conditional,766,1,765,expanding,1 3 7 12 42 43,9 30 34 35 39 41,0
S005,structure_transition,structure_transition,766,1,765,expanding,1 14 19 32 34 37,9 30 34 35 39 41,1
S006,pair_residual_node,pair_relation_residual,766,1,765,expanding,11 14 27 34 37 40,9 30 34 35 39 41,1
S007,triple_residual_node,triple_relation_residual,766,1,765,expanding,11 14 27 34 37 40,9 30 34 35 39 41,1
S008,family_balanced_hybrid,hybrid,766,1,765,expanding,1 7 12 24 34 43,9 30 34 35 39 41,1
S001,multi_window_frequency,multi_window_frequency,767,1,766,expanding,7 12 24 33 34 43,5 15 20 31 34 42,1
S002,gap_regime_hazard,gap_time,767,1,766,expanding,1 7 22 24 31 36,5 15 20 31 34 42,1
S003,momentum_state_transition,momentum,767,1,766,expanding,1 9 12 14 16 22,5 15 20 31 34 42,0
S004,conditional_probability,conditional,767,1,766,expanding,3 7 9 12 42 43,5 15 20 31 34 42,1
S005,structure_transition,structure_transition,767,1,766,expanding,4 17 21 26 39 44,5 15 20 31 34 42,0
S006,pair_residual_node,pair_relation_residual,767,1,766,expanding,11 14 27 34 37 40,5 15 20 31 34 42,1
S007,triple_residual_node,triple_relation_residual,767,1,766,expanding,11 14 27 34 37 40,5 15 20 31 34 42,1
S008,family_balanced_hybrid,hybrid,767,1,766,expanding,1 7 12 14 24 43,5 15 20 31 34 42,0
S001,multi_window_frequency,multi_window_frequency,768,1,767,expanding,7 8 12 33 34 43,7 27 29 30 38 44,1
S002,gap_regime_hazard,gap_time,768,1,767,expanding,1 3 8 9 12 43,7 27 29 30 38 44,0
S003,momentum_state_transition,momentum,768,1,767,expanding,1 8 14 16 20 22,7 27 29 30 38 44,0
S004,conditional_probability,conditional,768,1,767,expanding,3 9 12 34 42 43,7 27 29 30 38 44,0
S005,structure_transition,structure_transition,768,1,767,expanding,1 5 22 29 32 36,7 27 29 30 38 44,1
S006,pair_residual_node,pair_relation_residual,768,1,767,expanding,11 14 27 34 37 40,7 27 29 30 38 44,1
S007,triple_residual_node,triple_relation_residual,768,1,767,expanding,11 14 27 34 37 40,7 27 29 30 38 44,1
S008,family_balanced_hybrid,hybrid,768,1,767,expanding,1 8 12 14 34 43,7 27 29 30 38 44,0
S001,multi_window_frequency,multi_window_frequency,769,1,768,expanding,7 8 27 33 34 43,5 7 11 16 41 45,1
S002,gap_regime_hazard,gap_time,769,1,768,expanding,5 9 15 35 39 41,5 7 11 16 41 45,2
S003,momentum_state_transition,momentum,769,1,768,expanding,1 8 14 16 20 24,5 7 11 16 41 45,1
S004,conditional_probability,conditional,769,1,768,expanding,3 7 31 34 42 43,5 7 11 16 41 45,1
S005,structure_transition,structure_transition,769,1,768,expanding,5 7 10 20 23 32,5 7 11 16 41 45,2
S006,pair_residual_node,pair_relation_residual,769,1,768,expanding,11 14 27 34 37 40,5 7 11 16 41 45,1
S007,triple_residual_node,triple_relation_residual,769,1,768,expanding,11 14 27 34 37 40,5 7 11 16 41 45,1
S008,family_balanced_hybrid,hybrid,769,1,768,expanding,1 8 14 20 34 43,5 7 11 16 41 45,0
S001,multi_window_frequency,multi_window_frequency,770,1,769,expanding,3 7 27 34 41 43,1 9 12 23 39 43,1
S002,gap_regime_hazard,gap_time,770,1,769,expanding,15 20 27 31 34 42,1 9 12 23 39 43,0
S003,momentum_state_transition,momentum,770,1,769,expanding,1 8 11 16 20 28,1 9 12 23 39 43,1
S004,conditional_probability,conditional,770,1,769,expanding,3 7 31 34 41 42,1 9 12 23 39 43,0
S005,structure_transition,structure_transition,770,1,769,expanding,4 12 17 32 36 41,1 9 12 23 39 43,1
S006,pair_residual_node,pair_relation_residual,770,1,769,expanding,11 14 27 34 37 40,1 9 12 23 39 43,0
S007,triple_residual_node,triple_relation_residual,770,1,769,expanding,11 14 27 34 37 40,1 9 12 23 39 43,0
S008,family_balanced_hybrid,hybrid,770,1,769,expanding,1 8 11 27 34 43,1 9 12 23 39 43,2
S001,multi_window_frequency,multi_window_frequency,771,1,770,expanding,1 7 12 34 41 43,6 10 17 18 21 29,0
S002,gap_regime_hazard,gap_time,771,1,770,expanding,5 27 29 30 38 44,6 10 17 18 21 29,1
S003,momentum_state_transition,momentum,771,1,770,expanding,1 4 8 11 16 20,6 10 17 18 21 29,0
S004,conditional_probability,conditional,771,1,770,expanding,1 3 7 12 34 41,6 10 17 18 21 29,0
S005,structure_transition,structure_transition,771,1,770,expanding,3 14 18 23 25 40,6 10 17 18 21 29,1
S006,pair_residual_node,pair_relation_residual,771,1,770,expanding,1 11 27 34 37 40,6 10 17 18 21 29,0
S007,triple_residual_node,triple_relation_residual,771,1,770,expanding,1 11 27 34 37 40,6 10 17 18 21 29,0
S008,family_balanced_hybrid,hybrid,771,1,770,expanding,1 7 11 27 34 43,6 10 17 18 21 29,0
S001,multi_window_frequency,multi_window_frequency,772,1,771,expanding,1 7 12 34 41 43,5 6 11 14 21 41,1
S002,gap_regime_hazard,gap_time,772,1,771,expanding,5 7 11 16 41 45,5 6 11 14 21 41,3
S003,momentum_state_transition,momentum,772,1,771,expanding,1 7 8 11 29 30,5 6 11 14 21 41,1
S004,conditional_probability,conditional,772,1,771,expanding,1 3 7 12 34 41,5 6 11 14 21 41,1
S005,structure_transition,structure_transition,772,1,771,expanding,3 14 18 23 25 40,5 6 11 14 21 41,1
S006,pair_residual_node,pair_relation_residual,772,1,771,expanding,1 11 27 34 37 40,5 6 11 14 21 41,1
S007,triple_residual_node,triple_relation_residual,772,1,771,expanding,1 11 27 34 37 40,5 6 11 14 21 41,1
S008,family_balanced_hybrid,hybrid,772,1,771,expanding,1 7 11 12 34 43,5 6 11 14 21 41,1
S001,multi_window_frequency,multi_window_frequency,773,1,772,expanding,1 7 12 34 41 43,8 12 19 21 31 35,1
S002,gap_regime_hazard,gap_time,773,1,772,expanding,1 9 12 23 39 43,8 12 19 21 31 35,1
S003,momentum_state_transition,momentum,773,1,772,expanding,1 5 6 7 8 11,8 12 19 21 31 35,1
S004,conditional_probability,conditional,773,1,772,expanding,1 5 7 34 41 43,8 12 19 21 31 35,0
S005,structure_transition,structure_transition,773,1,772,expanding,1 14 17 27 32 35,8 12 19 21 31 35,1
S006,pair_residual_node,pair_relation_residual,773,1,772,expanding,11 14 27 34 37 40,8 12 19 21 31 35,0
S007,triple_residual_node,triple_relation_residual,773,1,772,expanding,11 14 27 34 37 40,8 12 19 21 31 35,0
S008,family_balanced_hybrid,hybrid,773,1,772,expanding,1 5 7 11 34 43,8 12 19 21 31 35,0
S001,multi_window_frequency,multi_window_frequency,774,1,773,expanding,1 7 12 34 41 43,12 15 18 28 34 42,2
S002,gap_regime_hazard,gap_time,774,1,773,expanding,5 6 10 17 18 29,12 15 18 28 34 42,1
S003,momentum_state_transition,momentum,774,1,773,expanding,1 5 6 7 8 11,12 15 18 28 34 42,0
S004,conditional_probability,conditional,774,1,773,expanding,5 7 12 21 31 34,12 15 18 28 34 42,2
S005,structure_transition,structure_transition,774,1,773,expanding,3 14 18 23 25 40,12 15 18 28 34 42,1
S006,pair_residual_node,pair_relation_residual,774,1,773,expanding,11 14 27 34 37 40,12 15 18 28 34 42,1
S007,triple_residual_node,triple_relation_residual,774,1,773,expanding,11 14 27 34 37 40,12 15 18 28 34 42,1
S008,family_balanced_hybrid,hybrid,774,1,773,expanding,1 5 6 7 11 34,12 15 18 28 34 42,1
S001,multi_window_frequency,multi_window_frequency,775,1,774,expanding,1 7 12 34 41 43,11 12 29 33 38 42,1
S002,gap_regime_hazard,gap_time,775,1,774,expanding,5 6 8 11 14 41,11 12 29 33 38 42,1
S003,momentum_state_transition,momentum,775,1,774,expanding,1 5 6 7 11 14,11 12 29 33 38 42,1
S004,conditional_probability,conditional,775,1,774,expanding,5 12 21 34 41 42,11 12 29 33 38 42,2
S005,structure_transition,structure_transition,775,1,774,expanding,6 10 19 24 27 37,11 12 29 33 38 42,0
S006,pair_residual_node,pair_relation_residual,775,1,774,expanding,11 14 27 34 37 40,11 12 29 33 38 42,1
S007,triple_residual_node,triple_relation_residual,775,1,774,expanding,11 14 27 34 37 40,11 12 29 33 38 42,1
S008,family_balanced_hybrid,hybrid,775,1,774,expanding,1 5 6 7 11 14,11 12 29 33 38 42,1
S001,multi_window_frequency,multi_window_frequency,776,1,775,expanding,7 11 12 33 34 41,8 9 18 21 28 40,0
S002,gap_regime_hazard,gap_time,776,1,775,expanding,8 15 19 21 31 35,8 9 18 21 28 40,2
S003,momentum_state_transition,momentum,776,1,775,expanding,1 5 6 7 11 29,8 9 18 21 28 40,0
S004,conditional_probability,conditional,776,1,775,expanding,5 11 12 21 29 34,8 9 18 21 28 40,1
S005,structure_transition,structure_transition,776,1,775,expanding,6 19 21 24 38 41,8 9 18 21 28 40,1
S006,pair_residual_node,pair_relation_residual,776,1,775,expanding,11 14 27 34 37 40,8 9 18 21 28 40,1
S007,triple_residual_node,triple_relation_residual,776,1,775,expanding,11 14 27 34 37 40,8 9 18 21 28 40,1
S008,family_balanced_hybrid,hybrid,776,1,775,expanding,1 5 7 11 12 34,8 9 18 21 28 40,0
S001,multi_window_frequency,multi_window_frequency,777,1,776,expanding,7 11 12 21 34 43,6 12 17 21 34 37,3
S002,gap_regime_hazard,gap_time,777,1,776,expanding,11 12 15 29 33 34,6 12 17 21 34 37,2
S003,momentum_state_transition,momentum,777,1,776,expanding,1 5 6 7 11 29,6 12 17 21 34 37,1
S004,conditional_probability,conditional,777,1,776,expanding,5 11 12 18 21 29,6 12 17 21 34 37,2
S005,structure_transition,structure_transition,777,1,776,expanding,4 16 21 31 35 37,6 12 17 21 34 37,2
S006,pair_residual_node,pair_relation_residual,777,1,776,expanding,11 14 27 34 37 40,6 12 17 21 34 37,2
S007,triple_residual_node,triple_relation_residual,777,1,776,expanding,11 14 27 34 37 40,6 12 17 21 34 37,2
S008,family_balanced_hybrid,hybrid,777,1,776,expanding,1 5 7 11 12 34,6 12 17 21 34 37,2
S001,multi_window_frequency,multi_window_frequency,778,1,777,expanding,7 11 12 21 34 43,6 21 35 36 37 41,1
S002,gap_regime_hazard,gap_time,778,1,777,expanding,8 11 29 33 38 42,6 21 35 36 37 41,0
S003,momentum_state_transition,momentum,778,1,777,expanding,1 5 6 11 18 29,6 21 35 36 37 41,1
S004,conditional_probability,conditional,778,1,777,expanding,6 11 12 18 21 29,6 21 35 36 37 41,2
S005,structure_transition,structure_transition,778,1,777,expanding,3 14 18 23 25 40,6 21 35 36 37 41,0
S006,pair_residual_node,pair_relation_residual,778,1,777,expanding,11 14 27 34 37 40,6 21 35 36 37 41,1
S007,triple_residual_node,triple_relation_residual,778,1,777,expanding,11 14 27 34 37 40,6 21 35 36 37 41,1
S008,family_balanced_hybrid,hybrid,778,1,777,expanding,1 5 8 11 18 29,6 21 35 36 37 41,0
S001,multi_window_frequency,multi_window_frequency,779,1,778,expanding,11 12 21 34 41 43,6 12 19 24 34 41,3
S002,gap_regime_hazard,gap_time,779,1,778,expanding,8 9 12 18 28 40,6 12 19 24 34 41,1
S003,momentum_state_transition,momentum,779,1,778,expanding,1 5 6 11 18 29,6 12 19 24 34 41,1
S004,conditional_probability,conditional,779,1,778,expanding,5 6 11 12 18 41,6 12 19 24 34 41,3
S005,structure_transition,structure_transition,779,1,778,expanding,2 3 11 24 39 44,6 12 19 24 34 41,1
S006,pair_residual_node,pair_relation_residual,779,1,778,expanding,11 14 27 34 37 40,6 12 19 24 34 41,1
S007,triple_residual_node,triple_relation_residual,779,1,778,expanding,11 14 27 34 37 40,6 12 19 24 34 41,1
S008,family_balanced_hybrid,hybrid,779,1,778,expanding,5 8 11 12 18 34,6 12 19 24 34 41,2
S001,multi_window_frequency,multi_window_frequency,780,1,779,expanding,6 12 21 34 41 43,15 17 19 21 27 45,1
S002,gap_regime_hazard,gap_time,780,1,779,expanding,2 17 21 35 36 37,15 17 19 21 27 45,2
S003,momentum_state_transition,momentum,780,1,779,expanding,1 5 6 7 11 18,15 17 19 21 27 45,0
S004,conditional_probability,conditional,780,1,779,expanding,6 8 9 18 34 41,15 17 19 21 27 45,0
S005,structure_transition,structure_transition,780,1,779,expanding,7 10 21 27 32 34,15 17 19 21 27 45,2
S006,pair_residual_node,pair_relation_residual,780,1,779,expanding,11 14 27 34 37 40,15 17 19 21 27 45,1
S007,triple_residual_node,triple_relation_residual,780,1,779,expanding,11 14 27 34 37 40,15 17 19 21 27 45,1
S008,family_balanced_hybrid,hybrid,780,1,779,expanding,7 11 17 27 34 37,15 17 19 21 27 45,2
S001,multi_window_frequency,multi_window_frequency,781,1,780,expanding,6 12 17 21 34 41,11 16 18 19 24 39,0
S002,gap_regime_hazard,gap_time,781,1,780,expanding,6 12 24 35 36 37,11 16 18 19 24 39,1
S003,momentum_state_transition,momentum,781,1,780,expanding,1 5 6 7 8 11,11 16 18 19 24 39,1
S004,conditional_probability,conditional,781,1,780,expanding,6 12 17 18 19 34,11 16 18 19 24 39,2
S005,structure_transition,structure_transition,781,1,780,expanding,3 13 18 40 41 44,11 16 18 19 24 39,1
S006,pair_residual_node,pair_relation_residual,781,1,780,expanding,11 14 27 34 37 40,11 16 18 19 24 39,1
S007,triple_residual_node,triple_relation_residual,781,1,780,expanding,11 14 27 34 37 40,11 16 18 19 24 39,1
S008,family_balanced_hybrid,hybrid,781,1,780,expanding,6 7 11 12 34 37,11 16 18 19 24 39,1
S001,multi_window_frequency,multi_window_frequency,782,1,781,expanding,6 11 12 21 34 41,6 18 31 34 38 45,2
S002,gap_regime_hazard,gap_time,782,1,781,expanding,6 12 15 17 34 41,6 18 31 34 38 45,2
S003,momentum_state_transition,momentum,782,1,781,expanding,1 5 6 8 11 18,6 18 31 34 38 45,2
S004,conditional_probability,conditional,782,1,781,expanding,6 11 12 18 19 34,6 18 31 34 38 45,3
S005,structure_transition,structure_transition,782,1,781,expanding,1 4 20 25 26 45,6 18 31 34 38 45,1
S006,pair_residual_node,pair_relation_residual,782,1,781,expanding,11 14 27 34 37 40,6 18 31 34 38 45,1
S007,triple_residual_node,triple_relation_residual,782,1,781,expanding,11 14 27 34 37 40,6 18 31 34 38 45,1
S008,family_balanced_hybrid,hybrid,782,1,781,expanding,1 6 11 12 17 34,6 18 31 34 38 45,2
S001,multi_window_frequency,multi_window_frequency,783,1,782,expanding,6 11 12 21 34 41,14 15 16 17 38 45,0
S002,gap_regime_hazard,gap_time,783,1,782,expanding,11 15 16 17 21 27,14 15 16 17 38 45,3
S003,momentum_state_transition,momentum,783,1,782,expanding,5 6 8 11 18 29,14 15 16 17 38 45,0
S004,conditional_probability,conditional,783,1,782,expanding,6 12 18 19 21 34,14 15 16 17 38 45,0
S005,structure_transition,structure_transition,783,1,782,expanding,4 17 20 25 39 44,14 15 16 17 38 45,1
S006,pair_residual_node,pair_relation_residual,783,1,782,expanding,11 14 27 34 37 40,14 15 16 17 38 45,1
S007,triple_residual_node,triple_relation_residual,783,1,782,expanding,11 14 27 34 37 40,14 15 16 17 38 45,1
S008,family_balanced_hybrid,hybrid,783,1,782,expanding,8 11 12 17 27 34,14 15 16 17 38 45,1
S001,multi_window_frequency,multi_window_frequency,784,1,783,expanding,6 11 12 17 21 34,3 10 23 24 31 39,0
S002,gap_regime_hazard,gap_time,784,1,783,expanding,6 11 18 19 24 39,3 10 23 24 31 39,2
S003,momentum_state_transition,momentum,784,1,783,expanding,5 6 8 11 15 18,3 10 23 24 31 39,0
S004,conditional_probability,conditional,784,1,783,expanding,6 12 15 18 21 34,3 10 23 24 31 39,0
S005,structure_transition,structure_transition,784,1,783,expanding,16 19 20 24 31 39,3 10 23 24 31 39,3
S006,pair_residual_node,pair_relation_residual,784,1,783,expanding,11 14 27 34 37 40,3 10 23 24 31 39,0
S007,triple_residual_node,triple_relation_residual,784,1,783,expanding,11 14 27 34 37 40,3 10 23 24 31 39,0
S008,family_balanced_hybrid,hybrid,784,1,783,expanding,6 11 12 18 19 34,3 10 23 24 31 39,0
S001,multi_window_frequency,multi_window_frequency,785,1,784,expanding,6 11 12 21 34 41,4 6 15 25 26 33,1
S002,gap_regime_hazard,gap_time,785,1,784,expanding,6 14 15 16 18 34,4 6 15 25 26 33,2
S003,momentum_state_transition,momentum,785,1,784,expanding,5 6 8 11 15 18,4 6 15 25 26 33,2
S004,conditional_probability,conditional,785,1,784,expanding,6 12 17 18 19 21,4 6 15 25 26 33,1
S005,structure_transition,structure_transition,785,1,784,expanding,7 9 12 29 38 41,4 6 15 25 26 33,0
S006,pair_residual_node,pair_relation_residual,785,1,784,expanding,11 14 27 34 37 40,4 6 15 25 26 33,0
S007,triple_residual_node,triple_relation_residual,785,1,784,expanding,11 14 27 34 37 40,4 6 15 25 26 33,0
S008,family_balanced_hybrid,hybrid,785,1,784,expanding,6 11 12 17 18 34,4 6 15 25 26 33,1
S001,multi_window_frequency,multi_window_frequency,786,1,785,expanding,6 12 15 21 34 41,12 15 16 20 24 30,2
S002,gap_regime_hazard,gap_time,786,1,785,expanding,3 14 16 17 38 45,12 15 16 20 24 30,1
S003,momentum_state_transition,momentum,786,1,785,expanding,5 6 11 15 18 19,12 15 16 20 24 30,1
S004,conditional_probability,conditional,786,1,785,expanding,6 15 17 18 19 21,12 15 16 20 24 30,1
S005,structure_transition,structure_transition,786,1,785,expanding,4 12 21 32 35 37,12 15 16 20 24 30,1
S006,pair_residual_node,pair_relation_residual,786,1,785,expanding,11 14 27 34 37 40,12 15 16 20 24 30,0
S007,triple_residual_node,triple_relation_residual,786,1,785,expanding,11 14 27 34 37 40,12 15 16 20 24 30,0
S008,family_balanced_hybrid,hybrid,786,1,785,expanding,6 11 12 17 24 34,12 15 16 20 24 30,2
S001,multi_window_frequency,multi_window_frequency,787,1,786,expanding,6 12 15 21 24 34,5 6 13 16 27 28,1
S002,gap_regime_hazard,gap_time,787,1,786,expanding,3 4 10 23 31 39,5 6 13 16 27 28,0
S003,momentum_state_transition,momentum,787,1,786,expanding,5 6 11 15 18 19,5 6 13 16 27 28,2
S004,conditional_probability,conditional,787,1,786,expanding,6 12 15 16 17 24,5 6 13 16 27 28,2
S005,structure_transition,structure_transition,787,1,786,expanding,1 4 6 31 40 45,5 6 13 16 27 28,1
S006,pair_residual_node,pair_relation_residual,787,1,786,expanding,11 14 27 34 37 40,5 6 13 16 27 28,1
S007,triple_residual_node,triple_relation_residual,787,1,786,expanding,11 14 27 34 37 40,5 6 13 16 27 28,1
S008,family_balanced_hybrid,hybrid,787,1,786,expanding,5 6 11 12 17 34,5 6 13 16 27 28,2
S001,multi_window_frequency,multi_window_frequency,788,1,787,expanding,6 12 15 21 24 34,2 10 11 19 35 39,0
S002,gap_regime_hazard,gap_time,788,1,787,expanding,4 12 15 25 26 33,2 10 11 19 35 39,0
S003,momentum_state_transition,momentum,788,1,787,expanding,5 6 11 15 18 19,2 10 11 19 35 39,2
S004,conditional_probability,conditional,788,1,787,expanding,6 15 16 19 24 45,2 10 11 19 35 39,1
S005,structure_transition,structure_transition,788,1,787,expanding,3 14 18 23 25 40,2 10 11 19 35 39,0
S006,pair_residual_node,pair_relation_residual,788,1,787,expanding,11 14 27 34 37 40,2 10 11 19 35 39,1
S007,triple_residual_node,triple_relation_residual,788,1,787,expanding,11 14 27 34 37 40,2 10 11 19 35 39,1
S008,family_balanced_hybrid,hybrid,788,1,787,expanding,6 11 12 15 27 34,2 10 11 19 35 39,1
S001,multi_window_frequency,multi_window_frequency,789,1,788,expanding,6 12 15 16 24 34,2 6 7 12 19 45,2
S002,gap_regime_hazard,gap_time,789,1,788,expanding,5 12 15 20 24 30,2 6 7 12 19 45,1
S003,momentum_state_transition,momentum,789,1,788,expanding,5 6 10 11 15 18,2 6 7 12 19 45,1
S004,conditional_probability,conditional,789,1,788,expanding,6 15 16 19 24 39,2 6 7 12 19 45,2
S005,structure_transition,structure_transition,789,1,788,expanding,5 11 16 23 26 30,2 6 7 12 19 45,0
S006,pair_residual_node,pair_relation_residual,789,1,788,expanding,11 14 27 34 37 40,2 6 7 12 19 45,0
S007,triple_residual_node,triple_relation_residual,789,1,788,expanding,11 14 27 34 37 40,2 6 7 12 19 45,0
S008,family_balanced_hybrid,hybrid,789,1,788,expanding,6 11 12 15 24 34,2 6 7 12 19 45,2
S001,multi_window_frequency,multi_window_frequency,790,1,789,expanding,6 12 15 16 19 34,3 8 19 27 30 41,1
S002,gap_regime_hazard,gap_time,790,1,789,expanding,5 10 13 16 27 28,3 8 19 27 30 41,1
S003,momentum_state_transition,momentum,790,1,789,expanding,6 10 15 18 19 21,3 8 19 27 30 41,1
S004,conditional_probability,conditional,790,1,789,expanding,6 15 16 19 24 45,3 8 19 27 30 41,1
S005,structure_transition,structure_transition,790,1,789,expanding,2 14 16 25 29 35,3 8 19 27 30 41,0
S006,pair_residual_node,pair_relation_residual,790,1,789,expanding,11 14 27 34 37 40,3 8 19 27 30 41,1
S007,triple_residual_node,triple_relation_residual,790,1,789,expanding,11 14 27 34 37 40,3 8 19 27 30 41,1
S008,family_balanced_hybrid,hybrid,790,1,789,expanding,6 10 11 12 27 39,3 8 19 27 30 41,1
S001,multi_window_frequency,multi_window_frequency,791,1,790,expanding,6 12 15 16 19 34,2 10 12 31 33 42,1
S002,gap_regime_hazard,gap_time,791,1,790,expanding,2 6 10 11 35 39,2 10 12 31 33 42,2
S003,momentum_state_transition,momentum,791,1,790,expanding,6 10 15 18 19 21,2 10 12 31 33 42,1
S004,conditional_probability,conditional,791,1,790,expanding,6 15 16 19 24 39,2 10 12 31 33 42,0
S005,structure_transition,structure_transition,791,1,790,expanding,1 6 16 35 37 42,2 10 12 31 33 42,1
S006,pair_residual_node,pair_relation_residual,791,1,790,expanding,11 14 27 34 37 40,2 10 12 31 33 42,0
S007,triple_residual_node,triple_relation_residual,791,1,790,expanding,11 14 27 34 37 40,2 10 12 31 33 42,0
S008,family_balanced_hybrid,hybrid,791,1,790,expanding,6 10 11 12 27 45,2 10 12 31 33 42,2
S001,multi_window_frequency,multi_window_frequency,792,1,791,expanding,6 12 15 19 33 34,2 7 19 25 29 36,1
S002,gap_regime_hazard,gap_time,792,1,791,expanding,3 6 7 8 19 45,2 7 19 25 29 36,2
S003,momentum_state_transition,momentum,792,1,791,expanding,2 6 15 18 19 21,2 7 19 25 29 36,2
S004,conditional_probability,conditional,792,1,791,expanding,2 6 10 12 15 16,2 7 19 25 29 36,1
S005,structure_transition,structure_transition,792,1,791,expanding,1 4 20 25 26 45,2 7 19 25 29 36,1
S006,pair_residual_node,pair_relation_residual,792,1,791,expanding,11 12 27 34 37 40,2 7 19 25 29 36,0
S007,triple_residual_node,triple_relation_residual,792,1,791,expanding,11 14 27 34 37 40,2 7 19 25 29 36,0
S008,family_balanced_hybrid,hybrid,792,1,791,expanding,6 10 12 19 27 45,2 7 19 25 29 36,1
S001,multi_window_frequency,multi_window_frequency,793,1,792,expanding,2 6 12 19 33 34,10 15 21 35 38 43,0
S002,gap_regime_hazard,gap_time,793,1,792,expanding,3 8 10 27 30 41,10 15 21 35 38 43,1
S003,momentum_state_transition,momentum,793,1,792,expanding,2 15 18 19 28 33,10 15 21 35 38 43,1
S004,conditional_probability,conditional,793,1,792,expanding,2 6 10 12 15 19,10 15 21 35 38 43,2
S005,structure_transition,structure_transition,793,1,792,expanding,4 16 21 31 35 37,10 15 21 35 38 43,2
S006,pair_residual_node,pair_relation_residual,793,1,792,expanding,11 14 27 34 37 40,10 15 21 35 38 43,0
S007,triple_residual_node,triple_relation_residual,793,1,792,expanding,11 14 27 34 37 40,10 15 21 35 38 43,0
S008,family_balanced_hybrid,hybrid,793,1,792,expanding,10 12 19 27 33 34,10 15 21 35 38 43,1
S001,multi_window_frequency,multi_window_frequency,794,1,793,expanding,2 6 10 12 15 19,6 7 18 19 30 38,2
S002,gap_regime_hazard,gap_time,794,1,793,expanding,2 7 12 31 33 42,6 7 18 19 30 38,1
S003,momentum_state_transition,momentum,794,1,793,expanding,2 15 18 19 28 33,6 7 18 19 30 38,2
S004,conditional_probability,conditional,794,1,793,expanding,2 6 10 12 15 19,6 7 18 19 30 38,2
S005,structure_transition,structure_transition,794,1,793,expanding,7 12 17 25 36 38,6 7 18 19 30 38,2
S006,pair_residual_node,pair_relation_residual,794,1,793,expanding,10 11 27 34 37 40,6 7 18 19 30 38,0
S007,triple_residual_node,triple_relation_residual,794,1,793,expanding,10 11 27 34 37 40,6 7 18 19 30 38,0
S008,family_balanced_hybrid,hybrid,794,1,793,expanding,7 10 12 19 33 34,6 7 18 19 30 38,2
S001,multi_window_frequency,multi_window_frequency,795,1,794,expanding,2 6 7 12 15 19,3 10 13 26 34 38,0
S002,gap_regime_hazard,gap_time,795,1,794,expanding,2 10 15 25 29 36,3 10 13 26 34 38,1
S003,momentum_state_transition,momentum,795,1,794,expanding,2 15 17 19 24 33,3 10 13 26 34 38,0
S004,conditional_probability,conditional,795,1,794,expanding,2 6 7 10 12 19,3 10 13 26 34 38,1
S005,structure_transition,structure_transition,795,1,794,expanding,9 14 24 27 28 35,3 10 13 26 34 38,0
S006,pair_residual_node,pair_relation_residual,795,1,794,expanding,10 11 27 34 37 40,3 10 13 26 34 38,2
S007,triple_residual_node,triple_relation_residual,795,1,794,expanding,10 11 27 34 37 40,3 10 13 26 34 38,2
S008,family_balanced_hybrid,hybrid,795,1,794,expanding,2 10 12 15 17 34,3 10 13 26 34 38,2
S001,multi_window_frequency,multi_window_frequency,796,1,795,expanding,6 7 10 12 19 34,1 21 26 36 40 41,0
S002,gap_regime_hazard,gap_time,796,1,795,expanding,6 7 15 21 35 43,1 21 26 36 40 41,1
S003,momentum_state_transition,momentum,796,1,795,expanding,2 15 17 19 24 35,1 21 26 36 40 41,0
S004,conditional_probability,conditional,796,1,795,expanding,2 6 7 10 12 19,1 21 26 36 40 41,0
S005,structure_transition,structure_transition,796,1,795,expanding,4 17 20 25 39 44,1 21 26 36 40 41,0
S006,pair_residual_node,pair_relation_residual,796,1,795,expanding,10 11 27 34 37 40,1 21 26 36 40 41,1
S007,triple_residual_node,triple_relation_residual,796,1,795,expanding,10 11 27 34 37 40,1 21 26 36 40 41,1
S008,family_balanced_hybrid,hybrid,796,1,795,expanding,6 7 10 12 15 19,1 21 26 36 40 41,0
S001,multi_window_frequency,multi_window_frequency,797,1,796,expanding,6 10 12 19 21 41,5 22 31 32 39 45,0
S002,gap_regime_hazard,gap_time,797,1,796,expanding,3 6 7 18 19 30,5 22 31 32 39 45,0
S003,momentum_state_transition,momentum,797,1,796,expanding,2 10 15 16 17 19,5 22 31 32 39 45,0
S004,conditional_probability,conditional,797,1,796,expanding,2 6 7 10 19 38,5 22 31 32 39 45,0
S005,structure_transition,structure_transition,797,1,796,expanding,4 8 15 29 33 44,5 22 31 32 39 45,0
S006,pair_residual_node,pair_relation_residual,797,1,796,expanding,10 11 27 34 37 40,5 22 31 32 39 45,0
S007,triple_residual_node,triple_relation_residual,797,1,796,expanding,10 11 27 34 37 40,5 22 31 32 39 45,0
S008,family_balanced_hybrid,hybrid,797,1,796,expanding,6 7 10 12 19 27,5 22 31 32 39 45,0
S001,multi_window_frequency,multi_window_frequency,798,1,797,expanding,6 10 12 19 21 41,2 10 14 22 32 36,1
S002,gap_regime_hazard,gap_time,798,1,797,expanding,1 3 10 13 34 38,2 10 14 22 32 36,1
S003,momentum_state_transition,momentum,798,1,797,expanding,2 10 15 16 19 24,2 10 14 22 32 36,2
S004,conditional_probability,conditional,798,1,797,expanding,2 3 7 10 19 38,2 10 14 22 32 36,2
S005,structure_transition,structure_transition,798,1,797,expanding,4 17 20 25 39 44,2 10 14 22 32 36,0
S006,pair_residual_node,pair_relation_residual,798,1,797,expanding,10 11 27 34 37 40,2 10 14 22 32 36,1
S007,triple_residual_node,triple_relation_residual,798,1,797,expanding,10 11 27 34 37 40,2 10 14 22 32 36,1
S008,family_balanced_hybrid,hybrid,798,1,797,expanding,7 10 12 19 34 38,2 10 14 22 32 36,1
S001,multi_window_frequency,multi_window_frequency,799,1,798,expanding,2 6 10 12 19 21,12 17 23 34 42 45,1
S002,gap_regime_hazard,gap_time,799,1,798,expanding,1 5 21 26 40 41,12 17 23 34 42 45,0
S003,momentum_state_transition,momentum,799,1,798,expanding,2 10 15 16 19 24,12 17 23 34 42 45,0
S004,conditional_probability,conditional,799,1,798,expanding,2 7 10 19 36 38,12 17 23 34 42 45,0
S005,structure_transition,structure_transition,799,1,798,expanding,10 15 18 25 39 42,12 17 23 34 42 45,1
S006,pair_residual_node,pair_relation_residual,799,1,798,expanding,10 11 27 34 37 40,12 17 23 34 42 45,1
S007,triple_residual_node,triple_relation_residual,799,1,798,expanding,10 11 27 34 37 40,12 17 23 34 42 45,1
S008,family_balanced_hybrid,hybrid,799,1,798,expanding,7 10 12 19 27 45,12 17 23 34 42 45,2
S001,multi_window_frequency,multi_window_frequency,800,1,799,expanding,6 10 12 19 21 34,1 4 10 12 28 45,2
S002,gap_regime_hazard,gap_time,800,1,799,expanding,2 5 10 14 31 39,1 4 10 12 28 45,1
S003,momentum_state_transition,momentum,800,1,799,expanding,2 10 15 16 17 19,1 4 10 12 28 45,1
S004,conditional_probability,conditional,800,1,799,expanding,2 3 10 19 36 38,1 4 10 12 28 45,1
S005,structure_transition,structure_transition,800,1,799,expanding,3 14 18 23 25 40,1 4 10 12 28 45,0
S006,pair_residual_node,pair_relation_residual,800,1,799,expanding,10 11 27 34 37 40,1 4 10 12 28 45,1
S007,triple_residual_node,triple_relation_residual,800,1,799,expanding,10 11 27 34 37 40,1 4 10 12 28 45,1
S008,family_balanced_hybrid,hybrid,800,1,799,expanding,2 10 12 19 27 36,1 4 10 12 28 45,2
S001,multi_window_frequency,multi_window_frequency,801,1,800,expanding,6 10 12 19 21 34,17 25 28 37 43 44,0
S002,gap_regime_hazard,gap_time,801,1,800,expanding,2 14 17 22 32 36,17 25 28 37 43 44,1
S003,momentum_state_transition,momentum,801,1,800,expanding,2 10 16 26 30 36,17 25 28 37 43 44,0
S004,conditional_probability,conditional,801,1,800,expanding,2 10 12 36 38 45,17 25 28 37 43 44,0
S005,structure_transition,structure_transition,801,1,800,expanding,8 13 25 28 34 37,17 25 28 37 43 44,3
S006,pair_residual_node,pair_relation_residual,801,1,800,expanding,10 11 27 34 37 40,17 25 28 37 43 44,1
S007,triple_residual_node,triple_relation_residual,801,1,800,expanding,10 11 27 34 37 40,17 25 28 37 43 44,1
S008,family_balanced_hybrid,hybrid,801,1,800,expanding,2 7 10 12 34 36,17 25 28 37 43 44,0
S001,multi_window_frequency,multi_window_frequency,802,1,801,expanding,10 12 19 21 34 45,10 11 12 18 24 42,2
S002,gap_regime_hazard,gap_time,802,1,801,expanding,1 4 10 23 34 42,10 11 12 18 24 42,2
S003,momentum_state_transition,momentum,802,1,801,expanding,2 10 25 26 28 30,10 11 12 18 24 42,1
S004,conditional_probability,conditional,802,1,801,expanding,1 2 10 36 38 45,10 11 12 18 24 42,1
S005,structure_transition,structure_transition,802,1,801,expanding,11 16 21 30 39 45,10 11 12 18 24 42,1
S006,pair_residual_node,pair_relation_residual,802,1,801,expanding,10 11 27 34 37 40,10 11 12 18 24 42,2
S007,triple_residual_node,triple_relation_residual,802,1,801,expanding,10 11 27 34 37 40,10 11 12 18 24 42,2
S008,family_balanced_hybrid,hybrid,802,1,801,expanding,1 10 12 27 34 45,10 11 12 18 24 42,2
S001,multi_window_frequency,multi_window_frequency,803,1,802,expanding,10 12 19 21 34 45,5 9 14 26 30 43,0
S002,gap_regime_hazard,gap_time,803,1,802,expanding,1 4 17 25 28 45,5 9 14 26 30 43,0
S003,momentum_state_transition,momentum,803,1,802,expanding,2 3 10 25 26 28,5 9 14 26 30 43,1
S004,conditional_probability,conditional,803,1,802,expanding,1 10 12 17 38 45,5 9 14 26 30 43,0
S005,structure_transition,structure_transition,803,1,802,expanding,12 14 19 27 29 35,5 9 14 26 30 43,1
S006,pair_residual_node,pair_relation_residual,803,1,802,expanding,10 11 27 34 37 40,5 9 14 26 30 43,0
S007,triple_residual_node,triple_relation_residual,803,1,802,expanding,10 11 27 34 37 40,5 9 14 26 30 43,0
S008,family_balanced_hybrid,hybrid,803,1,802,expanding,1 10 17 27 34 43,5 9 14 26 30 43,1
S001,multi_window_frequency,multi_window_frequency,804,1,803,expanding,6 10 12 19 34 45,1 10 13 26 32 36,1
S002,gap_regime_hazard,gap_time,804,1,803,expanding,10 17 25 28 37 44,1 10 13 26 32 36,1
S003,momentum_state_transition,momentum,804,1,803,expanding,2 3 10 25 26 28,1 10 13 26 32 36,2
S004,conditional_probability,conditional,804,1,803,expanding,1 5 10 12 26 45,1 10 13 26 32 36,3
S005,structure_transition,structure_transition,804,1,803,expanding,2 4 14 33 37 41,1 10 13 26 32 36,0
S006,pair_residual_node,pair_relation_residual,804,1,803,expanding,10 11 27 34 37 40,1 10 13 26 32 36,1
S007,triple_residual_node,triple_relation_residual,804,1,803,expanding,10 11 27 34 37 40,1 10 13 26 32 36,1
S008,family_balanced_hybrid,hybrid,804,1,803,expanding,10 11 12 17 18 34,1 10 13 26 32 36,1
S001,multi_window_frequency,multi_window_frequency,805,1,804,expanding,10 12 19 21 34 45,3 12 13 18 31 32,1
S002,gap_regime_hazard,gap_time,805,1,804,expanding,5 11 12 18 24 42,3 12 13 18 31 32,2
S003,momentum_state_transition,momentum,805,1,804,expanding,1 2 7 10 13 25,3 12 13 18 31 32,1
S004,conditional_probability,conditional,805,1,804,expanding,1 10 12 26 32 36,3 12 13 18 31 32,2
S005,structure_transition,structure_transition,805,1,804,expanding,4 17 20 25 39 44,3 12 13 18 31 32,0
S006,pair_residual_node,pair_relation_residual,805,1,804,expanding,10 11 27 34 37 40,3 12 13 18 31 32,0
S007,triple_residual_node,triple_relation_residual,805,1,804,expanding,10 11 27 34 37 40,3 12 13 18 31 32,0
S008,family_balanced_hybrid,hybrid,805,1,804,expanding,1 10 11 12 14 43,3 12 13 18 31 32,1
S001,multi_window_frequency,multi_window_frequency,806,1,805,expanding,10 12 19 21 34 45,14 20 23 31 37 38,0
S002,gap_regime_hazard,gap_time,806,1,805,expanding,1 5 9 14 30 43,14 20 23 31 37 38,1
S003,momentum_state_transition,momentum,806,1,805,expanding,1 2 3 7 10 13,14 20 23 31 37 38,0
S004,conditional_probability,conditional,806,1,805,expanding,1 10 12 26 32 36,14 20 23 31 37 38,0
S005,structure_transition,structure_transition,806,1,805,expanding,9 18 21 24 37 38,14 20 23 31 37 38,2
S006,pair_residual_node,pair_relation_residual,806,1,805,expanding,10 11 27 34 37 40,14 20 23 31 37 38,1
S007,triple_residual_node,triple_relation_residual,806,1,805,expanding,10 11 27 34 37 40,14 20 23 31 37 38,1
S008,family_balanced_hybrid,hybrid,806,1,805,expanding,1 7 10 14 36 43,14 20 23 31 37 38,1
S001,multi_window_frequency,multi_window_frequency,807,1,806,expanding,10 12 19 31 34 45,6 10 18 25 34 35,2
S002,gap_regime_hazard,gap_time,807,1,806,expanding,1 3 10 12 26 36,6 10 18 25 34 35,1
S003,momentum_state_transition,momentum,807,1,806,expanding,1 2 3 7 10 13,6 10 18 25 34 35,1
S004,conditional_probability,conditional,807,1,806,expanding,10 12 14 31 32 45,6 10 18 25 34 35,1
S005,structure_transition,structure_transition,807,1,806,expanding,7 12 17 26 29 40,6 10 18 25 34 35,0
S006,pair_residual_node,pair_relation_residual,807,1,806,expanding,10 11 27 34 37 40,6 10 18 25 34 35,2
S007,triple_residual_node,triple_relation_residual,807,1,806,expanding,10 11 27 34 37 40,6 10 18 25 34 35,2
S008,family_balanced_hybrid,hybrid,807,1,806,expanding,1 10 12 13 14 36,6 10 18 25 34 35,1
S001,multi_window_frequency,multi_window_frequency,808,1,807,expanding,6 10 12 18 34 45,15 21 31 32 41 43,0
S002,gap_regime_hazard,gap_time,808,1,807,expanding,3 12 13 14 20 32,15 21 31 32 41 43,1
S003,momentum_state_transition,momentum,808,1,807,expanding,1 2 3 7 10 13,15 21 31 32 41 43,0
S004,conditional_probability,conditional,808,1,807,expanding,1 10 12 14 18 32,15 21 31 32 41 43,1
S005,structure_transition,structure_transition,808,1,807,expanding,4 17 20 25 39 44,15 21 31 32 41 43,0
S006,pair_residual_node,pair_relation_residual,808,1,807,expanding,10 11 27 34 37 40,15 21 31 32 41 43,0
S007,triple_residual_node,triple_relation_residual,808,1,807,expanding,10 11 27 34 37 40,15 21 31 32 41 43,0
S008,family_balanced_hybrid,hybrid,808,1,807,expanding,1 7 10 12 13 14,15 21 31 32 41 43,0
S001,multi_window_frequency,multi_window_frequency,809,1,808,expanding,10 12 18 31 34 45,6 11 15 17 23 40,0
S002,gap_regime_hazard,gap_time,809,1,808,expanding,6 14 20 23 37 38,6 11 15 17 23 40,2
S003,momentum_state_transition,momentum,809,1,808,expanding,1 2 3 7 13 14,6 11 15 17 23 40,0
S004,conditional_probability,conditional,809,1,808,expanding,10 12 18 31 32 43,6 11 15 17 23 40,0
S005,structure_transition,structure_transition,809,1,808,expanding,7 12 17 25 36 38,6 11 15 17 23 40,1
S006,pair_residual_node,pair_relation_residual,809,1,808,expanding,10 27 34 37 40 43,6 11 15 17 23 40,1
S007,triple_residual_node,triple_relation_residual,809,1,808,expanding,10 27 34 37 40 43,6 11 15 17 23 40,1
S008,family_balanced_hybrid,hybrid,809,1,808,expanding,1 7 10 14 34 43,6 11 15 17 23 40,0
S001,multi_window_frequency,multi_window_frequency,810,1,809,expanding,6 10 12 15 18 31,5 10 13 21 39 43,1
S002,gap_regime_hazard,gap_time,810,1,809,expanding,10 18 21 25 34 35,5 10 13 21 39 43,2
S003,momentum_state_transition,momentum,810,1,809,expanding,1 2 3 13 14 23,5 10 13 21 39 43,1
S004,conditional_probability,conditional,810,1,809,expanding,10 12 18 31 32 43,5 10 13 21 39 43,2
S005,structure_transition,structure_transition,810,1,809,expanding,1 5 22 29 32 36,5 10 13 21 39 43,1
S006,pair_residual_node,pair_relation_residual,810,1,809,expanding,10 11 27 34 40 43,5 10 13 21 39 43,2
S007,triple_residual_node,triple_relation_residual,810,1,809,expanding,10 11 27 34 40 43,5 10 13 21 39 43,2
S008,family_balanced_hybrid,hybrid,810,1,809,expanding,1 10 12 14 25 43,5 10 13 21 39 43,2
S001,multi_window_frequency,multi_window_frequency,811,1,810,expanding,6 10 12 15 31 43,8 11 19 21 36 45,0
S002,gap_regime_hazard,gap_time,811,1,810,expanding,6 11 15 31 32 41,8 11 19 21 36 45,1
S003,momentum_state_transition,momentum,811,1,810,expanding,1 2 5 13 14 23,8 11 19 21 36 45,0
S004,conditional_probability,conditional,811,1,810,expanding,10 13 18 31 32 43,8 11 19 21 36 45,0
S005,structure_transition,structure_transition,811,1,810,expanding,6 10 19 24 27 37,8 11 19 21 36 45,1
S006,pair_residual_node,pair_relation_residual,811,1,810,expanding,10 11 27 34 40 43,8 11 19 21 36 45,1
S007,triple_residual_node,triple_relation_residual,811,1,810,expanding,10 11 27 34 40 43,8 11 19 21 36 45,1
S008,family_balanced_hybrid,hybrid,811,1,810,expanding,7 10 11 14 17 43,8 11 19 21 36 45,1
S001,multi_window_frequency,multi_window_frequency,812,1,811,expanding,6 10 12 21 31 43,1 3 12 14 16 43,2
S002,gap_regime_hazard,gap_time,812,1,811,expanding,5 6 15 17 23 40,1 3 12 14 16 43,0
S003,momentum_state_transition,momentum,812,1,811,expanding,1 5 13 14 23 25,1 3 12 14 16 43,2
S004,conditional_probability,conditional,812,1,811,expanding,10 11 13 18 21 31,1 3 12 14 16 43,0
S005,structure_transition,structure_transition,812,1,811,expanding,2 7 15 29 34 39,1 3 12 14 16 43,0
S006,pair_residual_node,pair_relation_residual,812,1,811,expanding,10 11 27 34 40 43,1 3 12 14 16 43,1
S007,triple_residual_node,triple_relation_residual,812,1,811,expanding,10 11 27 34 40 43,1 3 12 14 16 43,1
S008,family_balanced_hybrid,hybrid,812,1,811,expanding,5 10 12 13 14 43,1 3 12 14 16 43,3
S001,multi_window_frequency,multi_window_frequency,813,1,812,expanding,6 10 12 15 21 43,11 30 34 35 42 44,0
S002,gap_regime_hazard,gap_time,813,1,812,expanding,5 8 10 11 13 39,11 30 34 35 42 44,1
S003,momentum_state_transition,momentum,813,1,812,expanding,1 3 5 13 14 23,11 30 34 35 42 44,0
S004,conditional_probability,conditional,813,1,812,expanding,10 13 14 21 31 43,11 30 34 35 42 44,0
S005,structure_transition,structure_transition,813,1,812,expanding,2 4 14 33 37 41,11 30 34 35 42 44,0
S006,pair_residual_node,pair_relation_residual,813,1,812,expanding,10 11 27 34 40 43,11 30 34 35 42 44,2
S007,triple_residual_node,triple_relation_residual,813,1,812,expanding,10 11 27 34 40 43,11 30 34 35 42 44,2
S008,family_balanced_hybrid,hybrid,813,1,812,expanding,5 10 11 13 14 43,11 30 34 35 42 44,1
S001,multi_window_frequency,multi_window_frequency,814,1,813,expanding,10 11 12 21 34 43,2 21 28 38 42 45,1
S002,gap_regime_hazard,gap_time,814,1,813,expanding,1 8 19 21 36 45,2 21 28 38 42 45,2
S003,momentum_state_transition,momentum,814,1,813,expanding,1 3 5 13 14 23,2 21 28 38 42 45,0
S004,conditional_probability,conditional,814,1,813,expanding,10 11 13 21 31 32,2 21 28 38 42 45,1
S005,structure_transition,structure_transition,814,1,813,expanding,3 11 16 26 37 40,2 21 28 38 42 45,0
S006,pair_residual_node,pair_relation_residual,814,1,813,expanding,10 11 27 34 40 43,2 21 28 38 42 45,0
S007,triple_residual_node,triple_relation_residual,814,1,813,expanding,10 11 27 34 40 43,2 21 28 38 42 45,0
S008,family_balanced_hybrid,hybrid,814,1,813,expanding,1 10 12 14 36 43,2 21 28 38 42 45,0
S001,multi_window_frequency,multi_window_frequency,815,1,814,expanding,10 11 12 21 34 43,17 21 25 26 27 36,1
S002,gap_regime_hazard,gap_time,815,1,814,expanding,1 3 12 14 16 43,17 21 25 26 27 36,0
S003,momentum_state_transition,momentum,815,1,814,expanding,1 3 5 13 14 23,17 21 25 26 27 36,0
S004,conditional_probability,conditional,815,1,814,expanding,3 6 11 21 31 43,17 21 25 26 27 36,1
S005,structure_transition,structure_transition,815,1,814,expanding,1 4 11 32 36 39,17 21 25 26 27 36,1
S006,pair_residual_node,pair_relation_residual,815,1,814,expanding,10 11 27 34 40 43,17 21 25 26 27 36,1
S007,triple_residual_node,triple_relation_residual,815,1,814,expanding,10 11 27 34 40 43,17 21 25 26 27 36,1
S008,family_balanced_hybrid,hybrid,815,1,814,expanding,1 11 12 14 34 43,17 21 25 26 27 36,0
S001,multi_window_frequency,multi_window_frequency,816,1,815,expanding,10 11 12 21 34 43,12 18 19 29 31 39,1
S002,gap_regime_hazard,gap_time,816,1,815,expanding,2 11 30 34 35 44,12 18 19 29 31 39,0
S003,momentum_state_transition,momentum,816,1,815,expanding,1 5 11 13 14 23,12 18 19 29 31 39,0
S004,conditional_probability,conditional,816,1,815,expanding,6 10 11 14 21 43,12 18 19 29 31 39,0
S005,structure_transition,structure_transition,816,1,815,expanding,1 4 6 31 40 45,12 18 19 29 31 39,1
S006,pair_residual_node,pair_relation_residual,816,1,815,expanding,10 11 27 34 40 43,12 18 19 29 31 39,0
S007,triple_residual_node,triple_relation_residual,816,1,815,expanding,10 11 27 34 40 43,12 18 19 29 31 39,0
S008,family_balanced_hybrid,hybrid,816,1,815,expanding,6 10 11 14 34 43,12 18 19 29 31 39,0
S001,multi_window_frequency,multi_window_frequency,817,1,816,expanding,10 11 12 19 21 43,3 9 12 13 25 43,2
S002,gap_regime_hazard,gap_time,817,1,816,expanding,2 17 28 38 42 45,3 9 12 13 25 43,0
S003,momentum_state_transition,momentum,817,1,816,expanding,1 5 11 13 14 23,3 9 12 13 25 43,1
S004,conditional_probability,conditional,817,1,816,expanding,6 10 11 12 21 43,3 9 12 13 25 43,2
S005,structure_transition,structure_transition,817,1,816,expanding,7 22 26 37 39 44,3 9 12 13 25 43,0
S006,pair_residual_node,pair_relation_residual,817,1,816,expanding,10 11 27 34 40 43,3 9 12 13 25 43,1
S007,triple_residual_node,triple_relation_residual,817,1,816,expanding,10 11 27 34 40 43,3 9 12 13 25 43,1
S008,family_balanced_hybrid,hybrid,817,1,816,expanding,6 10 11 12 17 43,3 9 12 13 25 43,2
S001,multi_window_frequency,multi_window_frequency,818,1,817,expanding,10 11 12 19 21 43,14 15 25 28 29 30,0
S002,gap_regime_hazard,gap_time,818,1,817,expanding,17 18 21 26 27 36,14 15 25 28 29 30,0
S003,momentum_state_transition,momentum,818,1,817,expanding,1 11 13 14 17 23,14 15 25 28 29 30,1
S004,conditional_probability,conditional,818,1,817,expanding,3 11 12 13 21 43,14 15 25 28 29 30,0
S005,structure_transition,structure_transition,818,1,817,expanding,7 16 18 29 33 38,14 15 25 28 29 30,1
S006,pair_residual_node,pair_relation_residual,818,1,817,expanding,10 12 27 34 40 43,14 15 25 28 29 30,0
S007,triple_residual_node,triple_relation_residual,818,1,817,expanding,10 11 27 34 40 43,14 15 25 28 29 30,0
S008,family_balanced_hybrid,hybrid,818,1,817,expanding,10 11 12 17 19 43,14 15 25 28 29 30,0
S001,multi_window_frequency,multi_window_frequency,819,1,818,expanding,10 12 19 21 43 45,16 25 33 38 40 45,1
S002,gap_regime_hazard,gap_time,819,1,818,expanding,3 9 18 19 31 39,16 25 33 38 40 45,0
S003,momentum_state_transition,momentum,819,1,818,expanding,1 11 13 14 17 23,16 25 33 38 40 45,0
S004,conditional_probability,conditional,819,1,818,expanding,3 11 12 21 25 43,16 25 33 38 40 45,1
S005,structure_transition,structure_transition,819,1,818,expanding,1 4 6 31 40 45,16 25 33 38 40 45,2
S006,pair_residual_node,pair_relation_residual,819,1,818,expanding,10 12 27 34 40 43,16 25 33 38 40 45,1
S007,triple_residual_node,triple_relation_residual,819,1,818,expanding,10 11 27 34 40 43,16 25 33 38 40 45,1
S008,family_balanced_hybrid,hybrid,819,1,818,expanding,11 12 13 17 19 43,16 25 33 38 40 45,0
S001,multi_window_frequency,multi_window_frequency,820,1,819,expanding,10 12 21 34 43 45,10 21 22 30 35 42,2
S002,gap_regime_hazard,gap_time,820,1,819,expanding,3 9 12 13 14 43,10 21 22 30 35 42,0
S003,momentum_state_transition,momentum,820,1,819,expanding,1 11 13 14 25 28,10 21 22 30 35 42,0
S004,conditional_probability,conditional,820,1,819,expanding,3 12 21 25 43 45,10 21 22 30 35 42,1
S005,structure_transition,structure_transition,820,1,819,expanding,2 20 22 35 37 39,10 21 22 30 35 42,2
S006,pair_residual_node,pair_relation_residual,820,1,819,expanding,10 11 27 34 40 43,10 21 22 30 35 42,1
S007,triple_residual_node,triple_relation_residual,820,1,819,expanding,10 11 27 34 40 43,10 21 22 30 35 42,1
S008,family_balanced_hybrid,hybrid,820,1,819,expanding,11 12 13 14 25 43,10 21 22 30 35 42,0
S001,multi_window_frequency,multi_window_frequency,821,1,820,expanding,10 12 21 34 43 45,1 12 13 24 29 44,1
S002,gap_regime_hazard,gap_time,821,1,820,expanding,14 15 16 25 28 29,1 12 13 24 29 44,1
S003,momentum_state_transition,momentum,821,1,820,expanding,11 13 14 17 21 25,1 12 13 24 29 44,1
S004,conditional_probability,conditional,821,1,820,expanding,12 21 25 30 42 45,1 12 13 24 29 44,1
S005,structure_transition,structure_transition,821,1,820,expanding,1 5 22 29 32 36,1 12 13 24 29 44,2
S006,pair_residual_node,pair_relation_residual,821,1,820,expanding,10 11 27 34 40 43,1 12 13 24 29 44,0
S007,triple_residual_node,triple_relation_residual,821,1,820,expanding,10 11 27 34 40 43,1 12 13 24 29 44,0
S008,family_balanced_hybrid,hybrid,821,1,820,expanding,11 12 14 25 43 45,1 12 13 24 29 44,1
S001,multi_window_frequency,multi_window_frequency,822,1,821,expanding,10 12 21 34 43 45,9 18 20 24 27 36,0
S002,gap_regime_hazard,gap_time,822,1,821,expanding,16 25 33 38 40 45,9 18 20 24 27 36,0
S003,momentum_state_transition,momentum,822,1,821,expanding,1 11 13 14 18 21,9 18 20 24 27 36,1
S004,conditional_probability,conditional,822,1,821,expanding,12 21 25 29 30 42,9 18 20 24 27 36,0
S005,structure_transition,structure_transition,822,1,821,expanding,3 14 18 23 25 40,9 18 20 24 27 36,1
S006,pair_residual_node,pair_relation_residual,822,1,821,expanding,10 12 27 34 40 43,9 18 20 24 27 36,1
S007,triple_residual_node,triple_relation_residual,822,1,821,expanding,10 11 27 34 40 43,9 18 20 24 27 36,1
S008,family_balanced_hybrid,hybrid,822,1,821,expanding,10 11 14 21 25 43,9 18 20 24 27 36,0
S001,multi_window_frequency,multi_window_frequency,823,1,822,expanding,10 12 18 21 43 45,12 18 24 26 39 40,2
S002,gap_regime_hazard,gap_time,823,1,822,expanding,10 21 22 30 35 42,12 18 24 26 39 40,0
S003,momentum_state_transition,momentum,823,1,822,expanding,1 9 11 13 14 18,12 18 24 26 39 40,1
S004,conditional_probability,conditional,823,1,822,expanding,12 21 25 29 30 42,12 18 24 26 39 40,1
S005,structure_transition,structure_transition,823,1,822,expanding,1 14 19 32 34 37,12 18 24 26 39 40,0
S006,pair_residual_node,pair_relation_residual,823,1,822,expanding,10 11 27 34 40 43,12 18 24 26 39 40,1
S007,triple_residual_node,triple_relation_residual,823,1,822,expanding,10 11 27 34 40 43,12 18 24 26 39 40,1
S008,family_balanced_hybrid,hybrid,823,1,822,expanding,1 10 11 12 13 21,12 18 24 26 39 40,1
S001,multi_window_frequency,multi_window_frequency,824,1,823,expanding,10 12 18 21 24 45,7 9 24 29 34 38,1
S002,gap_regime_hazard,gap_time,824,1,823,expanding,1 9 13 20 29 44,7 9 24 29 34 38,2
S003,momentum_state_transition,momentum,824,1,823,expanding,1 11 13 14 18 21,7 9 24 29 34 38,0
S004,conditional_probability,conditional,824,1,823,expanding,12 18 21 24 25 29,7 9 24 29 34 38,2
S005,structure_transition,structure_transition,824,1,823,expanding,4 13 22 33 36 41,7 9 24 29 34 38,0
S006,pair_residual_node,pair_relation_residual,824,1,823,expanding,10 12 27 34 40 43,7 9 24 29 34 38,1
S007,triple_residual_node,triple_relation_residual,824,1,823,expanding,10 11 27 34 40 43,7 9 24 29 34 38,1
S008,family_balanced_hybrid,hybrid,824,1,823,expanding,1 11 12 13 27 34,7 9 24 29 34 38,1
S001,multi_window_frequency,multi_window_frequency,825,1,824,expanding,10 12 18 21 24 34,8 15 21 31 33 38,1
S002,gap_regime_hazard,gap_time,825,1,824,expanding,12 18 20 26 27 36,8 15 21 31 33 38,0
S003,momentum_state_transition,momentum,825,1,824,expanding,3 9 11 14 18 21,8 15 21 31 33 38,1
S004,conditional_probability,conditional,825,1,824,expanding,9 12 18 24 25 29,8 15 21 31 33 38,0
S005,structure_transition,structure_transition,825,1,824,expanding,6 10 19 24 27 37,8 15 21 31 33 38,0
S006,pair_residual_node,pair_relation_residual,825,1,824,expanding,10 11 27 34 40 43,8 15 21 31 33 38,0
S007,triple_residual_node,triple_relation_residual,825,1,824,expanding,10 11 27 34 40 43,8 15 21 31 33 38,0
S008,family_balanced_hybrid,hybrid,825,1,824,expanding,11 12 14 18 27 40,8 15 21 31 33 38,0
S001,multi_window_frequency,multi_window_frequency,826,1,825,expanding,10 12 18 21 24 34,13 16 24 25 33 36,1
S002,gap_regime_hazard,gap_time,826,1,825,expanding,7 12 18 26 39 40,13 16 24 25 33 36,0
S003,momentum_state_transition,momentum,826,1,825,expanding,9 11 14 15 21 24,13 16 24 25 33 36,1
S004,conditional_probability,conditional,826,1,825,expanding,9 12 18 24 25 29,13 16 24 25 33 36,2
S005,structure_transition,structure_transition,826,1,825,expanding,12 14 19 27 29 35,13 16 24 25 33 36,0
S006,pair_residual_node,pair_relation_residual,826,1,825,expanding,10 11 27 34 40 43,13 16 24 25 33 36,0
S007,triple_residual_node,triple_relation_residual,826,1,825,expanding,10 11 27 34 40 43,13 16 24 25 33 36,0
S008,family_balanced_hybrid,hybrid,826,1,825,expanding,11 12 24 25 34 40,13 16 24 25 33 36,2
S001,multi_window_frequency,multi_window_frequency,827,1,826,expanding,10 12 13 18 21 24,5 11 12 29 33 44,1
S002,gap_regime_hazard,gap_time,827,1,826,expanding,7 8 9 15 29 34,5 11 12 29 33 44,1
S003,momentum_state_transition,momentum,827,1,826,expanding,9 11 15 16 21 24,5 11 12 29 33 44,1
S004,conditional_probability,conditional,827,1,826,expanding,9 12 13 24 25 29,5 11 12 29 33 44,2
S005,structure_transition,structure_transition,827,1,826,expanding,7 10 21 27 32 34,5 11 12 29 33 44,0
S006,pair_residual_node,pair_relation_residual,827,1,826,expanding,10 11 27 34 40 43,5 11 12 29 33 44,1
S007,triple_residual_node,triple_relation_residual,827,1,826,expanding,10 11 27 34 40 43,5 11 12 29 33 44,1
S008,family_balanced_hybrid,hybrid,827,1,826,expanding,10 11 12 15 25 34,5 11 12 29 33 44,2
S001,multi_window_frequency,multi_window_frequency,828,1,827,expanding,10 12 18 21 24 33,4 7 13 29 31 39,0
S002,gap_regime_hazard,gap_time,828,1,827,expanding,8 13 15 21 31 38,4 7 13 29 31 39,2
S003,momentum_state_transition,momentum,828,1,827,expanding,9 11 15 16 21 24,4 7 13 29 31 39,0
S004,conditional_probability,conditional,828,1,827,expanding,12 24 25 29 33 38,4 7 13 29 31 39,1
S005,structure_transition,structure_transition,828,1,827,expanding,6 10 19 24 27 37,4 7 13 29 31 39,0
S006,pair_residual_node,pair_relation_residual,828,1,827,expanding,10 11 27 34 40 43,4 7 13 29 31 39,0
S007,triple_residual_node,triple_relation_residual,828,1,827,expanding,10 11 27 34 40 43,4 7 13 29 31 39,0
S008,family_balanced_hybrid,hybrid,828,1,827,expanding,12 13 15 21 24 25,4 7 13 29 31 39,1
S001,multi_window_frequency,multi_window_frequency,829,1,828,expanding,10 12 13 21 24 33,4 5 31 35 43 45,0
S002,gap_regime_hazard,gap_time,829,1,828,expanding,5 11 16 24 25 36,4 5 31 35 43 45,1
S003,momentum_state_transition,momentum,829,1,828,expanding,9 11 15 16 24 29,4 5 31 35 43 45,0
S004,conditional_probability,conditional,829,1,828,expanding,12 13 24 29 33 38,4 5 31 35 43 45,0
S005,structure_transition,structure_transition,829,1,828,expanding,10 15 18 25 39 42,4 5 31 35 43 45,0
S006,pair_residual_node,pair_relation_residual,829,1,828,expanding,10 11 27 34 40 43,4 5 31 35 43 45,1
S007,triple_residual_node,triple_relation_residual,829,1,828,expanding,10 11 27 34 40 43,4 5 31 35 43 45,1
S008,family_balanced_hybrid,hybrid,829,1,828,expanding,11 12 16 24 25 33,4 5 31 35 43 45,0
S001,multi_window_frequency,multi_window_frequency,830,1,829,expanding,10 12 13 21 24 31,5 6 16 18 37 38,0
S002,gap_regime_hazard,gap_time,830,1,829,expanding,7 11 12 13 33 44,5 6 16 18 37 38,0
S003,momentum_state_transition,momentum,830,1,829,expanding,5 9 11 16 24 29,5 6 16 18 37 38,2
S004,conditional_probability,conditional,830,1,829,expanding,12 13 24 29 31 33,5 6 16 18 37 38,0
S005,structure_transition,structure_transition,830,1,829,expanding,10 14 22 24 27 43,5 6 16 18 37 38,0
S006,pair_residual_node,pair_relation_residual,830,1,829,expanding,10 11 27 34 40 43,5 6 16 18 37 38,0
S007,triple_residual_node,triple_relation_residual,830,1,829,expanding,10 11 27 34 40 43,5 6 16 18 37 38,0
S008,family_balanced_hybrid,hybrid,830,1,829,expanding,7 11 12 13 24 33,5 6 16 18 37 38,0
S001,multi_window_frequency,multi_window_frequency,831,1,830,expanding,12 13 18 21 24 31,3 10 16 19 31 39,1
S002,gap_regime_hazard,gap_time,831,1,830,expanding,4 7 13 29 31 39,3 10 16 19 31 39,2
S003,momentum_state_transition,momentum,831,1,830,expanding,9 11 16 24 29 30,3 10 16 19 31 39,1
S004,conditional_probability,conditional,831,1,830,expanding,5 12 13 18 24 29,3 10 16 19 31 39,0
S005,structure_transition,structure_transition,831,1,830,expanding,1 4 20 25 26 45,3 10 16 19 31 39,0
S006,pair_residual_node,pair_relation_residual,831,1,830,expanding,10 12 27 34 40 43,3 10 16 19 31 39,1
S007,triple_residual_node,triple_relation_residual,831,1,830,expanding,10 11 27 34 40 43,3 10 16 19 31 39,1
S008,family_balanced_hybrid,hybrid,831,1,830,expanding,7 12 13 24 29 33,3 10 16 19 31 39,0
S001,multi_window_frequency,multi_window_frequency,832,1,831,expanding,10 12 18 21 24 31,13 14 19 26 40 43,0
S002,gap_regime_hazard,gap_time,832,1,831,expanding,4 5 6 35 43 45,13 14 19 26 40 43,1
S003,momentum_state_transition,momentum,832,1,831,expanding,3 9 16 24 29 30,13 14 19 26 40 43,0
S004,conditional_probability,conditional,832,1,831,expanding,5 16 18 24 29 31,13 14 19 26 40 43,0
S005,structure_transition,structure_transition,832,1,831,expanding,1 4 20 25 26 45,13 14 19 26 40 43,1
S006,pair_residual_node,pair_relation_residual,832,1,831,expanding,10 12 27 34 40 43,13 14 19 26 40 43,2
S007,triple_residual_node,triple_relation_residual,832,1,831,expanding,10 12 27 34 40 43,13 14 19 26 40 43,2
S008,family_balanced_hybrid,hybrid,832,1,831,expanding,5 12 18 24 33 43,13 14 19 26 40 43,1
S001,multi_window_frequency,multi_window_frequency,833,1,832,expanding,12 13 21 24 31 43,12 18 30 39 41 42,1
S002,gap_regime_hazard,gap_time,833,1,832,expanding,3 5 6 18 37 38,12 18 30 39 41 42,1
S003,momentum_state_transition,momentum,833,1,832,expanding,9 16 19 24 25 29,12 18 30 39 41 42,0
S004,conditional_probability,conditional,833,1,832,expanding,5 13 16 24 29 31,12 18 30 39 41 42,0
S005,structure_transition,structure_transition,833,1,832,expanding,6 10 19 24 27 37,12 18 30 39 41 42,0
S006,pair_residual_node,pair_relation_residual,833,1,832,expanding,10 12 27 34 40 43,12 18 30 39 41 42,1
S007,triple_residual_node,triple_relation_residual,833,1,832,expanding,10 11 27 34 40 43,12 18 30 39 41 42,0
S008,family_balanced_hybrid,hybrid,833,1,832,expanding,5 10 12 16 24 39,12 18 30 39 41 42,2
S001,multi_window_frequency,multi_window_frequency,834,1,833,expanding,12 13 18 21 31 43,6 8 18 35 42 43,2
S002,gap_regime_hazard,gap_time,834,1,833,expanding,3 10 13 14 16 31,6 8 18 35 42 43,0
S003,momentum_state_transition,momentum,834,1,833,expanding,9 16 19 24 25 29,6 8 18 35 42 43,0
S004,conditional_probability,conditional,834,1,833,expanding,5 13 16 29 31 33,6 8 18 35 42 43,0
S005,structure_transition,structure_transition,834,1,833,expanding,13 16 22 25 39 43,6 8 18 35 42 43,1
S006,pair_residual_node,pair_relation_residual,834,1,833,expanding,10 12 27 34 40 43,6 8 18 35 42 43,1
S007,triple_residual_node,triple_relation_residual,834,1,833,expanding,10 11 12 27 34 40,6 8 18 35 42 43,0
S008,family_balanced_hybrid,hybrid,834,1,833,expanding,10 12 13 16 19 43,6 8 18 35 42 43,1
S001,multi_window_frequency,multi_window_frequency,835,1,834,expanding,12 13 18 21 31 43,9 10 13 28 38 45,1
S002,gap_regime_hazard,gap_time,835,1,834,expanding,12 13 14 19 26 40,9 10 13 28 38 45,1
S003,momentum_state_transition,momentum,835,1,834,expanding,9 16 19 24 25 29,9 10 13 28 38 45,1
S004,conditional_probability,conditional,835,1,834,expanding,5 13 16 18 31 33,9 10 13 28 38 45,1
S005,structure_transition,structure_transition,835,1,834,expanding,6 10 19 24 27 37,9 10 13 28 38 45,1
S006,pair_residual_node,pair_relation_residual,835,1,834,expanding,10 12 27 34 40 43,9 10 13 28 38 45,1
S007,triple_residual_node,triple_relation_residual,835,1,834,expanding,10 12 27 34 40 43,9 10 13 28 38 45,1
S008,family_balanced_hybrid,hybrid,835,1,834,expanding,5 12 13 19 33 39,9 10 13 28 38 45,1
S001,multi_window_frequency,multi_window_frequency,836,1,835,expanding,10 12 13 18 31 43,1 9 11 14 26 28,0
S002,gap_regime_hazard,gap_time,836,1,835,expanding,6 8 12 30 39 41,1 9 11 14 26 28,0
S003,momentum_state_transition,momentum,836,1,835,expanding,9 16 19 24 29 30,1 9 11 14 26 28,1
S004,conditional_probability,conditional,836,1,835,expanding,5 13 16 18 31 39,1 9 11 14 26 28,0
S005,structure_transition,structure_transition,836,1,835,expanding,6 10 19 24 27 37,1 9 11 14 26 28,0
S006,pair_residual_node,pair_relation_residual,836,1,835,expanding,10 12 27 34 40 43,1 9 11 14 26 28,0
S007,triple_residual_node,triple_relation_residual,836,1,835,expanding,10 12 27 34 40 43,1 9 11 14 26 28,0
S008,family_balanced_hybrid,hybrid,836,1,835,expanding,5 10 12 18 39 43,1 9 11 14 26 28,0
S001,multi_window_frequency,multi_window_frequency,837,1,836,expanding,10 12 13 18 31 43,2 25 28 30 33 45,0
S002,gap_regime_hazard,gap_time,837,1,836,expanding,6 8 18 35 42 43,2 25 28 30 33 45,0
S003,momentum_state_transition,momentum,837,1,836,expanding,9 16 24 29 30 33,2 25 28 30 33 45,2
S004,conditional_probability,conditional,837,1,836,expanding,5 13 18 31 39 43,2 25 28 30 33 45,0
S005,structure_transition,structure_transition,837,1,836,expanding,3 14 18 23 25 40,2 25 28 30 33 45,1
S006,pair_residual_node,pair_relation_residual,837,1,836,expanding,10 11 12 27 34 40,2 25 28 30 33 45,0
S007,triple_residual_node,triple_relation_residual,837,1,836,expanding,10 11 12 27 34 40,2 25 28 30 33 45,0
S008,family_balanced_hybrid,hybrid,837,1,836,expanding,5 10 12 13 18 43,2 25 28 30 33 45,0
S001,multi_window_frequency,multi_window_frequency,838,1,837,expanding,12 13 18 31 43 45,9 14 17 33 36 38,0
S002,gap_regime_hazard,gap_time,838,1,837,expanding,1 9 10 11 13 38,9 14 17 33 36 38,2
S003,momentum_state_transition,momentum,838,1,837,expanding,5 9 16 24 29 30,9 14 17 33 36 38,1
S004,conditional_probability,conditional,838,1,837,expanding,13 18 28 31 39 43,9 14 17 33 36 38,0
S005,structure_transition,structure_transition,838,1,837,expanding,8 16 19 25 29 42,9 14 17 33 36 38,0
S006,pair_residual_node,pair_relation_residual,838,1,837,expanding,10 11 12 27 34 40,9 14 17 33 36 38,0
S007,triple_residual_node,triple_relation_residual,838,1,837,expanding,10 11 12 27 34 40,9 14 17 33 36 38,0
S008,family_balanced_hybrid,hybrid,838,1,837,expanding,5 10 12 13 14 43,9 14 17 33 36 38,1
S001,multi_window_frequency,multi_window_frequency,839,1,838,expanding,10 12 18 38 43 45,3 9 11 12 13 19,1
S002,gap_regime_hazard,gap_time,839,1,838,expanding,1 2 11 25 26 28,3 9 11 12 13 19,1
S003,momentum_state_transition,momentum,839,1,838,expanding,5 9 16 24 29 33,3 9 11 12 13 19,1
S004,conditional_probability,conditional,839,1,838,expanding,9 14 18 28 38 43,3 9 11 12 13 19,1
S005,structure_transition,structure_transition,839,1,838,expanding,11 20 21 23 28 36,3 9 11 12 13 19,1
S006,pair_residual_node,pair_relation_residual,839,1,838,expanding,10 11 12 27 34 40,3 9 11 12 13 19,2
S007,triple_residual_node,triple_relation_residual,839,1,838,expanding,10 11 12 27 34 40,3 9 11 12 13 19,2
S008,family_balanced_hybrid,hybrid,839,1,838,expanding,5 10 11 14 43 45,3 9 11 12 13 19,1
S001,multi_window_frequency,multi_window_frequency,840,1,839,expanding,10 12 13 18 19 38,2 4 11 28 29 43,0
S002,gap_regime_hazard,gap_time,840,1,839,expanding,2 14 25 28 30 45,2 4 11 28 29 43,2
S003,momentum_state_transition,momentum,840,1,839,expanding,5 9 16 19 24 29,2 4 11 28 29 43,1
S004,conditional_probability,conditional,840,1,839,expanding,9 13 14 18 19 28,2 4 11 28 29 43,1
S005,structure_transition,structure_transition,840,1,839,expanding,4 5 17 26 39 44,2 4 11 28 29 43,1
S006,pair_residual_node,pair_relation_residual,840,1,839,expanding,10 11 12 27 34 40,2 4 11 28 29 43,1
S007,triple_residual_node,triple_relation_residual,840,1,839,expanding,10 11 12 27 34 40,2 4 11 28 29 43,1
S008,family_balanced_hybrid,hybrid,840,1,839,expanding,10 11 12 14 33 45,2 4 11 28 29 43,1
S001,multi_window_frequency,multi_window_frequency,841,1,840,expanding,11 12 13 19 28 43,5 11 14 30 33 38,1
S002,gap_regime_hazard,gap_time,841,1,840,expanding,3 14 17 33 36 38,5 11 14 30 33 38,3
S003,momentum_state_transition,momentum,841,1,840,expanding,4 5 9 16 19 24,5 11 14 30 33 38,1
S004,conditional_probability,conditional,841,1,840,expanding,9 11 13 14 19 28,5 11 14 30 33 38,2
S005,structure_transition,structure_transition,841,1,840,expanding,1 6 16 35 37 42,5 11 14 30 33 38,0
S006,pair_residual_node,pair_relation_residual,841,1,840,expanding,10 11 12 34 40 43,5 11 14 30 33 38,1
S007,triple_residual_node,triple_relation_residual,841,1,840,expanding,10 11 12 34 40 43,5 11 14 30 33 38,1
S008,family_balanced_hybrid,hybrid,841,1,840,expanding,11 12 13 14 19 33,5 11 14 30 33 38,3
S001,multi_window_frequency,multi_window_frequency,842,1,841,expanding,11 12 13 33 38 43,14 26 32 36 39 42,0
S002,gap_regime_hazard,gap_time,842,1,841,expanding,2 3 9 12 13 19,14 26 32 36 39 42,0
S003,momentum_state_transition,momentum,842,1,841,expanding,4 5 9 16 19 24,14 26 32 36 39 42,0
S004,conditional_probability,conditional,842,1,841,expanding,9 11 13 14 28 30,14 26 32 36 39 42,1
S005,structure_transition,structure_transition,842,1,841,expanding,4 17 20 25 39 44,14 26 32 36 39 42,1
S006,pair_residual_node,pair_relation_residual,842,1,841,expanding,10 11 12 34 40 43,14 26 32 36 39 42,0
S007,triple_residual_node,triple_relation_residual,842,1,841,expanding,10 11 12 34 40 43,14 26 32 36 39 42,0
S008,family_balanced_hybrid,hybrid,842,1,841,expanding,11 12 13 14 19 43,14 26 32 36 39 42,1
S001,multi_window_frequency,multi_window_frequency,843,1,842,expanding,11 12 14 28 33 38,19 21 30 33 34 42,1
S002,gap_regime_hazard,gap_time,843,1,842,expanding,2 4 5 28 29 43,19 21 30 33 34 42,0
S003,momentum_state_transition,momentum,843,1,842,expanding,4 5 16 19 24 28,19 21 30 33 34 42,1
S004,conditional_probability,conditional,843,1,842,expanding,9 11 14 28 30 33,19 21 30 33 34 42,2
S005,structure_transition,structure_transition,843,1,842,expanding,2 20 22 35 37 39,19 21 30 33 34 42,0
S006,pair_residual_node,pair_relation_residual,843,1,842,expanding,10 11 14 34 40 43,19 21 30 33 34 42,1
S007,triple_residual_node,triple_relation_residual,843,1,842,expanding,10 11 14 34 40 43,19 21 30 33 34 42,1
S008,family_balanced_hybrid,hybrid,843,1,842,expanding,11 12 14 33 38 43,19 21 30 33 34 42,1
S001,multi_window_frequency,multi_window_frequency,844,1,843,expanding,11 12 14 28 33 38,7 8 13 15 33 45,1
S002,gap_regime_hazard,gap_time,844,1,843,expanding,5 11 14 26 32 38,7 8 13 15 33 45,0
S003,momentum_state_transition,momentum,844,1,843,expanding,4 5 9 16 19 28,7 8 13 15 33 45,0
S004,conditional_probability,conditional,844,1,843,expanding,9 11 14 28 30 33,7 8 13 15 33 45,1
S005,structure_transition,structure_transition,844,1,843,expanding,10 13 16 23 29 34,7 8 13 15 33 45,1
S006,pair_residual_node,pair_relation_residual,844,1,843,expanding,10 11 14 34 40 43,7 8 13 15 33 45,0
S007,triple_residual_node,triple_relation_residual,844,1,843,expanding,10 11 14 34 40 43,7 8 13 15 33 45,0
S008,family_balanced_hybrid,hybrid,844,1,843,expanding,5 11 14 33 36 38,7 8 13 15 33 45,1
S001,multi_window_frequency,multi_window_frequency,845,1,844,expanding,11 12 13 14 33 38,1 16 29 33 40 45,1
S002,gap_regime_hazard,gap_time,845,1,844,expanding,14 19 26 32 36 39,1 16 29 33 40 45,0
S003,momentum_state_transition,momentum,845,1,844,expanding,4 5 8 16 19 26,1 16 29 33 40 45,1
S004,conditional_probability,conditional,845,1,844,expanding,9 11 13 14 28 33,1 16 29 33 40 45,1
S005,structure_transition,structure_transition,845,1,844,expanding,7 12 17 25 36 38,1 16 29 33 40 45,0
S006,pair_residual_node,pair_relation_residual,845,1,844,expanding,10 11 12 14 34 40,1 16 29 33 40 45,1
S007,triple_residual_node,triple_relation_residual,845,1,844,expanding,10 11 14 34 40 43,1 16 29 33 40 45,1
S008,family_balanced_hybrid,hybrid,845,1,844,expanding,11 12 14 19 33 36,1 16 29 33 40 45,1
S001,multi_window_frequency,multi_window_frequency,846,1,845,expanding,11 12 14 33 38 45,5 18 30 41 43 45,1
S002,gap_regime_hazard,gap_time,846,1,845,expanding,7 19 21 30 34 42,5 18 30 41 43 45,1
S003,momentum_state_transition,momentum,846,1,845,expanding,4 5 16 19 26 28,5 18 30 41 43 45,1
S004,conditional_probability,conditional,846,1,845,expanding,9 11 14 28 30 45,5 18 30 41 43 45,2
S005,structure_transition,structure_transition,846,1,845,expanding,1 14 17 27 32 35,5 18 30 41 43 45,0
S006,pair_residual_node,pair_relation_residual,846,1,845,expanding,10 11 14 34 40 43,5 18 30 41 43 45,1
S007,triple_residual_node,triple_relation_residual,846,1,845,expanding,10 11 14 34 40 43,5 18 30 41 43 45,1
S008,family_balanced_hybrid,hybrid,846,1,845,expanding,10 11 12 13 14 19,5 18 30 41 43 45,0
S001,multi_window_frequency,multi_window_frequency,847,1,846,expanding,11 12 33 38 43 45,12 16 26 28 30 42,1
S002,gap_regime_hazard,gap_time,847,1,846,expanding,1 7 8 13 15 16,12 16 26 28 30 42,1
S003,momentum_state_transition,momentum,847,1,846,expanding,4 5 14 19 26 28,12 16 26 28 30 42,2
S004,conditional_probability,conditional,847,1,846,expanding,2 5 11 14 30 45,12 16 26 28 30 42,1
S005,structure_transition,structure_transition,847,1,846,expanding,1 4 6 31 40 45,12 16 26 28 30 42,0
S006,pair_residual_node,pair_relation_residual,847,1,846,expanding,10 11 14 34 40 43,12 16 26 28 30 42,0
S007,triple_residual_node,triple_relation_residual,847,1,846,expanding,10 11 14 34 40 43,12 16 26 28 30 42,0
S008,family_balanced_hybrid,hybrid,847,1,846,expanding,10 11 12 13 14 33,12 16 26 28 30 42,1
S001,multi_window_frequency,multi_window_frequency,848,1,847,expanding,11 12 30 33 38 45,1 2 16 22 38 39,1
S002,gap_regime_hazard,gap_time,848,1,847,expanding,1 5 18 29 33 40,1 2 16 22 38 39,1
S003,momentum_state_transition,momentum,848,1,847,expanding,4 5 14 19 26 28,1 2 16 22 38 39,0
S004,conditional_probability,conditional,848,1,847,expanding,11 14 30 33 42 45,1 2 16 22 38 39,0
S005,structure_transition,structure_transition,848,1,847,expanding,9 18 21 24 37 38,1 2 16 22 38 39,1
S006,pair_residual_node,pair_relation_residual,848,1,847,expanding,10 11 12 14 34 40,1 2 16 22 38 39,0
S007,triple_residual_node,triple_relation_residual,848,1,847,expanding,10 11 12 14 34 40,1 2 16 22 38 39,0
S008,family_balanced_hybrid,hybrid,848,1,847,expanding,5 11 12 14 33 43,1 2 16 22 38 39,0
S001,multi_window_frequency,multi_window_frequency,849,1,848,expanding,12 16 30 33 38 45,5 13 17 29 34 39,0
S002,gap_regime_hazard,gap_time,849,1,848,expanding,5 12 18 41 43 45,5 13 17 29 34 39,1
S003,momentum_state_transition,momentum,849,1,848,expanding,1 2 5 14 19 26,5 13 17 29 34 39,1
S004,conditional_probability,conditional,849,1,848,expanding,11 16 30 33 42 45,5 13 17 29 34 39,0
S005,structure_transition,structure_transition,849,1,848,expanding,4 17 20 25 39 44,5 13 17 29 34 39,2
S006,pair_residual_node,pair_relation_residual,849,1,848,expanding,10 11 12 34 40 43,5 13 17 29 34 39,1
S007,triple_residual_node,triple_relation_residual,849,1,848,expanding,10 11 12 34 40 43,5 13 17 29 34 39,1
S008,family_balanced_hybrid,hybrid,849,1,848,expanding,5 11 12 14 43 45,5 13 17 29 34 39,1
S001,multi_window_frequency,multi_window_frequency,850,1,849,expanding,12 30 33 38 39 45,16 20 24 28 36 39,1
S002,gap_regime_hazard,gap_time,850,1,849,expanding,1 12 26 28 30 42,16 20 24 28 36 39,1
S003,momentum_state_transition,momentum,850,1,849,expanding,1 2 14 19 26 28,16 20 24 28 36 39,1
S004,conditional_probability,conditional,850,1,849,expanding,5 16 29 30 33 39,16 20 24 28 36 39,2
S005,structure_transition,structure_transition,850,1,849,expanding,9 14 16 25 28 39,16 20 24 28 36 39,3
S006,pair_residual_node,pair_relation_residual,850,1,849,expanding,10 11 12 34 40 43,16 20 24 28 36 39,0
S007,triple_residual_node,triple_relation_residual,850,1,849,expanding,10 11 12 34 40 43,16 20 24 28 36 39,0
S008,family_balanced_hybrid,hybrid,850,1,849,expanding,1 11 12 14 16 33,16 20 24 28 36 39,1
S001,multi_window_frequency,multi_window_frequency,851,1,850,expanding,12 16 33 38 39 45,14 18 22 26 31 44,0
S002,gap_regime_hazard,gap_time,851,1,850,expanding,1 2 5 13 22 38,14 18 22 26 31 44,1
S003,momentum_state_transition,momentum,851,1,850,expanding,1 2 14 19 26 28,14 18 22 26 31 44,2
S004,conditional_probability,conditional,851,1,850,expanding,5 16 30 33 39 42,14 18 22 26 31 44,0
S005,structure_transition,structure_transition,851,1,850,expanding,1 5 22 29 32 36,14 18 22 26 31 44,1
S006,pair_residual_node,pair_relation_residual,851,1,850,expanding,10 11 12 34 40 43,14 18 22 26 31 44,0
S007,triple_residual_node,triple_relation_residual,851,1,850,expanding,10 11 12 34 40 43,14 18 22 26 31 44,0
S008,family_balanced_hybrid,hybrid,851,1,850,expanding,1 5 12 13 14 33,14 18 22 26 31 44,1
S001,multi_window_frequency,multi_window_frequency,852,1,851,expanding,12 16 18 33 39 45,11 17 28 30 33 35,1
S002,gap_regime_hazard,gap_time,852,1,851,expanding,5 13 16 17 29 34,11 17 28 30 33 35,1
S003,momentum_state_transition,momentum,852,1,851,expanding,1 2 11 14 19 26,11 17 28 30 33 35,1
S004,conditional_probability,conditional,852,1,851,expanding,16 26 30 33 39 42,11 17 28 30 33 35,2
S005,structure_transition,structure_transition,852,1,851,expanding,1 4 20 25 26 45,11 17 28 30 33 35,0
S006,pair_residual_node,pair_relation_residual,852,1,851,expanding,10 11 12 14 34 40,11 17 28 30 33 35,1
S007,triple_residual_node,triple_relation_residual,852,1,851,expanding,10 11 12 14 34 40,11 17 28 30 33 35,1
S008,family_balanced_hybrid,hybrid,852,1,851,expanding,5 11 13 16 33 39,11 17 28 30 33 35,2
S001,multi_window_frequency,multi_window_frequency,853,1,852,expanding,12 16 30 33 39 45,2 8 23 26 27 44,0
S002,gap_regime_hazard,gap_time,853,1,852,expanding,14 16 20 24 36 39,2 8 23 26 27 44,0
S003,momentum_state_transition,momentum,853,1,852,expanding,1 2 11 14 17 28,2 8 23 26 27 44,1
S004,conditional_probability,conditional,853,1,852,expanding,16 28 30 33 39 45,2 8 23 26 27 44,0
S005,structure_transition,structure_transition,853,1,852,expanding,4 17 20 25 39 44,2 8 23 26 27 44,1
S006,pair_residual_node,pair_relation_residual,853,1,852,expanding,10 11 12 14 34 40,2 8 23 26 27 44,0
S007,triple_residual_node,triple_relation_residual,853,1,852,expanding,10 11 12 14 34 40,2 8 23 26 27 44,0
S008,family_balanced_hybrid,hybrid,853,1,852,expanding,12 14 16 18 33 39,2 8 23 26 27 44,0
S001,multi_window_frequency,multi_window_frequency,854,1,853,expanding,12 16 28 33 39 45,20 25 31 32 36 43,0
S002,gap_regime_hazard,gap_time,854,1,853,expanding,11 14 17 18 22 31,20 25 31 32 36 43,1
S003,momentum_state_transition,momentum,854,1,853,expanding,1 2 8 11 14 17,20 25 31 32 36 43,0
S004,conditional_probability,conditional,854,1,853,expanding,16 26 28 30 33 39,20 25 31 32 36 43,0
S005,structure_transition,structure_transition,854,1,853,expanding,2 4 14 33 37 41,20 25 31 32 36 43,0
S006,pair_residual_node,pair_relation_residual,854,1,853,expanding,10 11 12 14 34 40,20 25 31 32 36 43,0
S007,triple_residual_node,triple_relation_residual,854,1,853,expanding,10 11 12 14 34 40,20 25 31 32 36 43,0
S008,family_balanced_hybrid,hybrid,854,1,853,expanding,11 12 14 17 18 33,20 25 31 32 36 43,0
S001,multi_window_frequency,multi_window_frequency,855,1,854,expanding,12 16 28 33 39 43,8 15 17 19 43 44,1
S002,gap_regime_hazard,gap_time,855,1,854,expanding,11 17 28 30 33 35,8 15 17 19 43 44,1
S003,momentum_state_transition,momentum,855,1,854,expanding,1 2 11 14 17 28,8 15 17 19 43 44,1
S004,conditional_probability,conditional,855,1,854,expanding,1 16 26 28 30 39,8 15 17 19 43 44,0
S005,structure_transition,structure_transition,855,1,854,expanding,2 20 22 35 37 39,8 15 17 19 43 44,0
S006,pair_residual_node,pair_relation_residual,855,1,854,expanding,10 11 12 34 40 43,8 15 17 19 43 44,1
S007,triple_residual_node,triple_relation_residual,855,1,854,expanding,10 11 12 34 40 43,8 15 17 19 43 44,1
S008,family_balanced_hybrid,hybrid,855,1,854,expanding,1 11 12 17 28 33,8 15 17 19 43 44,1
S001,multi_window_frequency,multi_window_frequency,856,1,855,expanding,12 16 28 33 39 43,10 24 40 41 43 44,1
S002,gap_regime_hazard,gap_time,856,1,855,expanding,2 20 23 25 26 27,10 24 40 41 43 44,0
S003,momentum_state_transition,momentum,856,1,855,expanding,1 2 8 11 14 17,10 24 40 41 43 44,0
S004,conditional_probability,conditional,856,1,855,expanding,16 17 26 28 30 39,10 24 40 41 43 44,0
S005,structure_transition,structure_transition,856,1,855,expanding,1 14 19 32 34 37,10 24 40 41 43 44,0
S006,pair_residual_node,pair_relation_residual,856,1,855,expanding,10 11 12 34 40 43,10 24 40 41 43 44,3
S007,triple_residual_node,triple_relation_residual,856,1,855,expanding,10 11 12 34 40 43,10 24 40 41 43 44,3
S008,family_balanced_hybrid,hybrid,856,1,855,expanding,5 10 11 12 36 43,10 24 40 41 43 44,2
S001,multi_window_frequency,multi_window_frequency,857,1,856,expanding,12 16 28 33 39 43,6 10 16 28 34 38,2
S002,gap_regime_hazard,gap_time,857,1,856,expanding,8 20 25 31 32 36,6 10 16 28 34 38,0
S003,momentum_state_transition,momentum,857,1,856,expanding,2 8 11 17 19 36,6 10 16 28 34 38,0
S004,conditional_probability,conditional,857,1,856,expanding,16 17 26 28 39 44,6 10 16 28 34 38,2
S005,structure_transition,structure_transition,857,1,856,expanding,13 16 22 25 39 43,6 10 16 28 34 38,1
S006,pair_residual_node,pair_relation_residual,857,1,856,expanding,10 11 12 34 40 43,6 10 16 28 34 38,2
S007,triple_residual_node,triple_relation_residual,857,1,856,expanding,10 11 12 34 40 43,6 10 16 28 34 38,2
S008,family_balanced_hybrid,hybrid,857,1,856,expanding,11 12 16 17 36 43,6 10 16 28 34 38,1
S001,multi_window_frequency,multi_window_frequency,858,1,857,expanding,16 28 33 38 39 43,9 13 32 38 39 43,3
S002,gap_regime_hazard,gap_time,858,1,857,expanding,8 15 17 19 24 40,9 13 32 38 39 43,0
S003,momentum_state_transition,momentum,858,1,857,expanding,2 8 11 17 19 34,9 13 32 38 39 43,0
S004,conditional_probability,conditional,858,1,857,expanding,16 17 28 39 43 44,9 13 32 38 39 43,2
S005,structure_transition,structure_transition,858,1,857,expanding,10 15 18 25 39 42,9 13 32 38 39 43,1
S006,pair_residual_node,pair_relation_residual,858,1,857,expanding,10 11 12 34 40 43,9 13 32 38 39 43,1
S007,triple_residual_node,triple_relation_residual,858,1,857,expanding,10 11 12 34 40 43,9 13 32 38 39 43,1
S008,family_balanced_hybrid,hybrid,858,1,857,expanding,11 12 17 34 43 44,9 13 32 38 39 43,1
S001,multi_window_frequency,multi_window_frequency,859,1,858,expanding,16 28 33 38 39 43,8 22 35 38 39 41,2
S002,gap_regime_hazard,gap_time,859,1,858,expanding,6 10 24 40 41 44,8 22 35 38 39 41,1
S003,momentum_state_transition,momentum,859,1,858,expanding,2 8 11 17 19 32,8 22 35 38 39 41,1
S004,conditional_probability,conditional,859,1,858,expanding,8 17 28 39 43 44,8 22 35 38 39 41,2
S005,structure_transition,structure_transition,859,1,858,expanding,4 17 20 25 39 44,8 22 35 38 39 41,1
S006,pair_residual_node,pair_relation_residual,859,1,858,expanding,10 11 12 34 40 43,8 22 35 38 39 41,0
S007,triple_residual_node,triple_relation_residual,859,1,858,expanding,10 11 12 34 40 43,8 22 35 38 39 41,0
S008,family_balanced_hybrid,hybrid,859,1,858,expanding,10 11 12 17 34 43,8 22 35 38 39 41,0
S001,multi_window_frequency,multi_window_frequency,860,1,859,expanding,16 28 33 38 39 43,4 8 18 25 27 32,0
S002,gap_regime_hazard,gap_time,860,1,859,expanding,6 9 10 16 28 34,4 8 18 25 27 32,0
S003,momentum_state_transition,momentum,860,1,859,expanding,2 8 17 22 32 34,4 8 18 25 27 32,2
S004,conditional_probability,conditional,860,1,859,expanding,8 28 38 39 43 44,4 8 18 25 27 32,1
S005,structure_transition,structure_transition,860,1,859,expanding,5 18 20 36 39 45,4 8 18 25 27 32,1
S006,pair_residual_node,pair_relation_residual,860,1,859,expanding,10 11 12 34 40 43,4 8 18 25 27 32,0
S007,triple_residual_node,triple_relation_residual,860,1,859,expanding,10 11 12 34 40 43,4 8 18 25 27 32,0
S008,family_balanced_hybrid,hybrid,860,1,859,expanding,10 11 12 16 34 43,4 8 18 25 27 32,0
S001,multi_window_frequency,multi_window_frequency,861,1,860,expanding,8 28 33 38 39 43,11 17 19 21 22 25,0
S002,gap_regime_hazard,gap_time,861,1,860,expanding,9 13 22 35 38 43,11 17 19 21 22 25,1
S003,momentum_state_transition,momentum,861,1,860,expanding,8 17 22 30 32 34,11 17 19 21 22 25,2
S004,conditional_probability,conditional,861,1,860,expanding,8 10 32 38 43 44,11 17 19 21 22 25,0
S005,structure_transition,structure_transition,861,1,860,expanding,4 16 21 31 35 37,11 17 19 21 22 25,1
S006,pair_residual_node,pair_relation_residual,861,1,860,expanding,10 11 12 34 40 43,11 17 19 21 22 25,1
S007,triple_residual_node,triple_relation_residual,861,1,860,expanding,10 11 12 34 40 43,11 17 19 21 22 25,1
S008,family_balanced_hybrid,hybrid,861,1,860,expanding,10 12 13 38 39 43,11 17 19 21 22 25,0
S001,multi_window_frequency,multi_window_frequency,862,1,861,expanding,8 11 33 38 39 43,10 34 38 40 42 43,2
S002,gap_regime_hazard,gap_time,862,1,861,expanding,4 8 35 38 39 41,10 34 38 40 42 43,1
S003,momentum_state_transition,momentum,862,1,861,expanding,8 17 22 25 32 34,10 34 38 40 42 43,1
S004,conditional_probability,conditional,862,1,861,expanding,8 17 25 32 38 43,10 34 38 40 42 43,2
S005,structure_transition,structure_transition,862,1,861,expanding,1 4 11 32 36 39,10 34 38 40 42 43,0
S006,pair_residual_node,pair_relation_residual,862,1,861,expanding,10 11 12 34 40 43,10 34 38 40 42 43,4
S007,triple_residual_node,triple_relation_residual,862,1,861,expanding,10 11 12 34 40 43,10 34 38 40 42 43,4
S008,family_balanced_hybrid,hybrid,862,1,861,expanding,8 12 17 38 39 43,10 34 38 40 42 43,2
S001,multi_window_frequency,multi_window_frequency,863,1,862,expanding,8 10 33 38 39 43,16 21 28 35 39 43,2
S002,gap_regime_hazard,gap_time,863,1,862,expanding,4 8 11 18 27 32,16 21 28 35 39 43,0
S003,momentum_state_transition,momentum,863,1,862,expanding,8 10 17 22 25 32,16 21 28 35 39 43,0
S004,conditional_probability,conditional,863,1,862,expanding,8 10 25 32 38 43,16 21 28 35 39 43,1
S005,structure_transition,structure_transition,863,1,862,expanding,9 11 22 35 40 45,16 21 28 35 39 43,1
S006,pair_residual_node,pair_relation_residual,863,1,862,expanding,10 11 12 34 40 43,16 21 28 35 39 43,1
S007,triple_residual_node,triple_relation_residual,863,1,862,expanding,10 11 12 34 40 43,16 21 28 35 39 43,1
S008,family_balanced_hybrid,hybrid,863,1,862,expanding,8 10 17 25 34 43,16 21 28 35 39 43,1
S001,multi_window_frequency,multi_window_frequency,864,1,863,expanding,10 16 28 38 39 43,3 7 10 13 25 36,1
S002,gap_regime_hazard,gap_time,864,1,863,expanding,10 11 17 19 22 25,3 7 10 13 25 36,2
S003,momentum_state_transition,momentum,864,1,863,expanding,8 10 17 22 25 32,3 7 10 13 25 36,2
S004,conditional_probability,conditional,864,1,863,expanding,8 10 25 32 38 39,3 7 10 13 25 36,2
S005,structure_transition,structure_transition,864,1,863,expanding,10 13 16 23 29 34,3 7 10 13 25 36,2
S006,pair_residual_node,pair_relation_residual,864,1,863,expanding,10 11 12 34 40 43,3 7 10 13 25 36,1
S007,triple_residual_node,triple_relation_residual,864,1,863,expanding,10 11 12 34 40 43,3 7 10 13 25 36,1
S008,family_balanced_hybrid,hybrid,864,1,863,expanding,10 17 25 34 38 40,3 7 10 13 25 36,2
S001,multi_window_frequency,multi_window_frequency,865,1,864,expanding,10 16 28 38 39 43,3 15 22 32 33 45,0
S002,gap_regime_hazard,gap_time,865,1,864,expanding,16 21 34 38 40 42,3 15 22 32 33 45,0
S003,momentum_state_transition,momentum,865,1,864,expanding,10 17 22 25 32 34,3 15 22 32 33 45,2
S004,conditional_probability,conditional,865,1,864,expanding,8 10 25 38 39 43,3 15 22 32 33 45,0
S005,structure_transition,structure_transition,865,1,864,expanding,7 16 18 29 33 38,3 15 22 32 33 45,1
S006,pair_residual_node,pair_relation_residual,865,1,864,expanding,10 11 12 34 40 43,3 15 22 32 33 45,0
S007,triple_residual_node,triple_relation_residual,865,1,864,expanding,10 11 12 34 40 43,3 15 22 32 33 45,0
S008,family_balanced_hybrid,hybrid,865,1,864,expanding,10 34 38 39 40 43,3 15 22 32 33 45,0
S001,multi_window_frequency,multi_window_frequency,866,1,865,expanding,10 28 33 38 39 43,9 15 29 34 37 39,1
S002,gap_regime_hazard,gap_time,866,1,865,expanding,16 21 28 35 39 43,9 15 29 34 37 39,1
S003,momentum_state_transition,momentum,866,1,865,expanding,8 10 17 22 25 32,9 15 29 34 37 39,0
S004,conditional_probability,conditional,866,1,865,expanding,10 22 25 32 38 43,9 15 29 34 37 39,0
S005,structure_transition,structure_transition,866,1,865,expanding,7 16 18 29 33 38,9 15 29 34 37 39,1
S006,pair_residual_node,pair_relation_residual,866,1,865,expanding,10 11 12 34 40 43,9 15 29 34 37 39,1
S007,triple_residual_node,triple_relation_residual,866,1,865,expanding,10 11 12 34 40 43,9 15 29 34 37 39,1
S008,family_balanced_hybrid,hybrid,866,1,865,expanding,10 13 25 34 39 43,9 15 29 34 37 39,2
S001,multi_window_frequency,multi_window_frequency,867,1,866,expanding,10 33 34 38 39 43,14 17 19 22 24 40,0
S002,gap_regime_hazard,gap_time,867,1,866,expanding,3 7 10 13 25 36,14 17 19 22 24 40,0
S003,momentum_state_transition,momentum,867,1,866,expanding,8 10 15 17 22 25,14 17 19 22 24 40,2
S004,conditional_probability,conditional,867,1,866,expanding,10 22 25 32 38 39,14 17 19 22 24 40,1
S005,structure_transition,structure_transition,867,1,866,expanding,5 10 18 20 31 39,14 17 19 22 24 40,0
S006,pair_residual_node,pair_relation_residual,867,1,866,expanding,10 11 12 34 40 43,14 17 19 22 24 40,1
S007,triple_residual_node,triple_relation_residual,867,1,866,expanding,10 11 12 34 40 43,14 17 19 22 24 40,1
S008,family_balanced_hybrid,hybrid,867,1,866,expanding,10 12 13 25 34 43,14 17 19 22 24 40,0
S001,multi_window_frequency,multi_window_frequency,868,1,867,expanding,10 19 33 38 39 43,12 17 28 41 43 44,1
S002,gap_regime_hazard,gap_time,868,1,867,expanding,3 9 15 32 33 45,12 17 28 41 43 44,0
S003,momentum_state_transition,momentum,868,1,867,expanding,8 10 15 17 22 24,12 17 28 41 43 44,1
S004,conditional_probability,conditional,868,1,867,expanding,22 25 32 38 39 43,12 17 28 41 43 44,1
S005,structure_transition,structure_transition,868,1,867,expanding,5 7 20 26 31 40,12 17 28 41 43 44,0
S006,pair_residual_node,pair_relation_residual,868,1,867,expanding,10 11 12 34 40 43,12 17 28 41 43 44,2
S007,triple_residual_node,triple_relation_residual,868,1,867,expanding,10 11 12 34 40 43,12 17 28 41 43 44,2
S008,family_balanced_hybrid,hybrid,868,1,867,expanding,10 12 25 34 39 43,12 17 28 41 43 44,2
S001,multi_window_frequency,multi_window_frequency,869,1,868,expanding,12 28 33 38 39 43,2 6 20 27 37 39,1
S002,gap_regime_hazard,gap_time,869,1,868,expanding,9 15 29 34 37 39,2 6 20 27 37 39,2
S003,momentum_state_transition,momentum,869,1,868,expanding,8 10 15 17 22 24,2 6 20 27 37 39,0
S004,conditional_probability,conditional,869,1,868,expanding,3 17 22 25 39 43,2 6 20 27 37 39,1
S005,structure_transition,structure_transition,869,1,868,expanding,10 15 21 26 40 43,2 6 20 27 37 39,0
S006,pair_residual_node,pair_relation_residual,869,1,868,expanding,10 11 12 34 40 43,2 6 20 27 37 39,0
S007,triple_residual_node,triple_relation_residual,869,1,868,expanding,10 11 12 34 40 43,2 6 20 27 37 39,0
S008,family_balanced_hybrid,hybrid,869,1,868,expanding,10 17 34 39 40 43,2 6 20 27 37 39,1
S001,multi_window_frequency,multi_window_frequency,870,1,869,expanding,10 28 33 38 39 43,21 25 30 32 40 42,0
S002,gap_regime_hazard,gap_time,870,1,869,expanding,12 14 19 22 24 40,21 25 30 32 40 42,1
S003,momentum_state_transition,momentum,870,1,869,expanding,8 10 15 17 20 22,21 25 30 32 40 42,0
S004,conditional_probability,conditional,870,1,869,expanding,3 17 22 25 39 43,21 25 30 32 40 42,1
S005,structure_transition,structure_transition,870,1,869,expanding,10 15 18 25 39 42,21 25 30 32 40 42,2
S006,pair_residual_node,pair_relation_residual,870,1,869,expanding,10 11 12 34 40 43,21 25 30 32 40 42,1
S007,triple_residual_node,triple_relation_residual,870,1,869,expanding,10 11 12 34 40 43,21 25 30 32 40 42,1
S008,family_balanced_hybrid,hybrid,870,1,869,expanding,10 12 17 34 40 43,21 25 30 32 40 42,1
S001,multi_window_frequency,multi_window_frequency,871,1,870,expanding,10 21 33 38 39 43,2 6 12 26 30 34,0
S002,gap_regime_hazard,gap_time,871,1,870,expanding,12 17 28 41 43 44,2 6 12 26 30 34,1
S003,momentum_state_transition,momentum,871,1,870,expanding,8 10 15 17 21 22,2 6 12 26 30 34,0
S004,conditional_probability,conditional,871,1,870,expanding,17 21 22 25 39 40,2 6 12 26 30 34,0
S005,structure_transition,structure_transition,871,1,870,expanding,1 4 11 32 36 39,2 6 12 26 30 34,0
S006,pair_residual_node,pair_relation_residual,871,1,870,expanding,10 11 12 34 40 43,2 6 12 26 30 34,2
S007,triple_residual_node,triple_relation_residual,871,1,870,expanding,10 11 12 34 40 43,2 6 12 26 30 34,2
S008,family_balanced_hybrid,hybrid,871,1,870,expanding,10 12 17 34 39 43,2 6 12 26 30 34,2
S001,multi_window_frequency,multi_window_frequency,872,1,871,expanding,12 21 34 38 39 43,2 4 30 32 33 43,1
S002,gap_regime_hazard,gap_time,872,1,871,expanding,20 21 25 27 37 39,2 4 30 32 33 43,0
S003,momentum_state_transition,momentum,872,1,871,expanding,6 8 10 15 17 21,2 4 30 32 33 43,0
S004,conditional_probability,conditional,872,1,871,expanding,2 3 34 39 40 43,2 4 30 32 33 43,2
S005,structure_transition,structure_transition,872,1,871,expanding,4 12 21 32 35 37,2 4 30 32 33 43,2
S006,pair_residual_node,pair_relation_residual,872,1,871,expanding,10 11 12 34 40 43,2 4 30 32 33 43,1
S007,triple_residual_node,triple_relation_residual,872,1,871,expanding,10 11 12 34 40 43,2 4 30 32 33 43,1
S008,family_balanced_hybrid,hybrid,872,1,871,expanding,10 25 34 39 40 43,2 4 30 32 33 43,1
S001,multi_window_frequency,multi_window_frequency,873,1,872,expanding,12 28 30 33 39 43,3 5 12 13 33 39,3
S002,gap_regime_hazard,gap_time,873,1,872,expanding,6 12 21 25 40 42,3 5 12 13 33 39,1
S003,momentum_state_transition,momentum,873,1,872,expanding,6 8 10 15 19 21,3 5 12 13 33 39,0
S004,conditional_probability,conditional,873,1,872,expanding,2 3 30 32 39 43,3 5 12 13 33 39,2
S005,structure_transition,structure_transition,873,1,872,expanding,4 10 20 23 37 41,3 5 12 13 33 39,0
S006,pair_residual_node,pair_relation_residual,873,1,872,expanding,10 11 12 34 40 43,3 5 12 13 33 39,1
S007,triple_residual_node,triple_relation_residual,873,1,872,expanding,10 11 12 34 40 43,3 5 12 13 33 39,1
S008,family_balanced_hybrid,hybrid,873,1,872,expanding,10 12 25 34 40 43,3 5 12 13 33 39,1
S001,multi_window_frequency,multi_window_frequency,874,1,873,expanding,2 12 30 33 39 43,1 15 19 23 28 42,0
S002,gap_regime_hazard,gap_time,874,1,873,expanding,2 4 6 26 30 34,1 15 19 23 28 42,0
S003,momentum_state_transition,momentum,874,1,873,expanding,3 6 10 12 15 19,1 15 19 23 28 42,2
S004,conditional_probability,conditional,874,1,873,expanding,2 3 12 30 32 33,1 15 19 23 28 42,0
S005,structure_transition,structure_transition,874,1,873,expanding,4 12 17 32 36 41,1 15 19 23 28 42,0
S006,pair_residual_node,pair_relation_residual,874,1,873,expanding,10 11 12 34 40 43,1 15 19 23 28 42,0
S007,triple_residual_node,triple_relation_residual,874,1,873,expanding,10 11 12 34 40 43,1 15 19 23 28 42,0
S008,family_balanced_hybrid,hybrid,874,1,873,expanding,2 10 12 33 34 43,1 15 19 23 28 42,0
S001,multi_window_frequency,multi_window_frequency,875,1,874,expanding,12 28 30 33 39 43,19 22 30 34 39 44,2
S002,gap_regime_hazard,gap_time,875,1,874,expanding,2 3 4 30 32 43,19 22 30 34 39 44,1
S003,momentum_state_transition,momentum,875,1,874,expanding,3 6 8 10 12 15,19 22 30 34 39 44,0
S004,conditional_probability,conditional,875,1,874,expanding,2 12 15 30 32 33,19 22 30 34 39 44,1
S005,structure_transition,structure_transition,875,1,874,expanding,3 14 18 23 25 40,19 22 30 34 39 44,0
S006,pair_residual_node,pair_relation_residual,875,1,874,expanding,10 11 33 34 40 43,19 22 30 34 39 44,1
S007,triple_residual_node,triple_relation_residual,875,1,874,expanding,10 11 33 34 40 43,19 22 30 34 39 44,1
S008,family_balanced_hybrid,hybrid,875,1,874,expanding,10 12 33 34 39 43,19 22 30 34 39 44,2
S001,multi_window_frequency,multi_window_frequency,876,1,875,expanding,12 19 28 30 39 43,5 16 21 26 34 42,0
S002,gap_regime_hazard,gap_time,876,1,875,expanding,1 3 5 12 13 33,5 16 21 26 34 42,1
S003,momentum_state_transition,momentum,876,1,875,expanding,3 6 10 12 15 21,5 16 21 26 34 42,1
S004,conditional_probability,conditional,876,1,875,expanding,2 12 19 30 34 39,5 16 21 26 34 42,1
S005,structure_transition,structure_transition,876,1,875,expanding,9 14 16 25 28 39,5 16 21 26 34 42,1
S006,pair_residual_node,pair_relation_residual,876,1,875,expanding,10 11 33 34 40 43,5 16 21 26 34 42,1
S007,triple_residual_node,triple_relation_residual,876,1,875,expanding,10 11 33 34 40 43,5 16 21 26 34 42,1
S008,family_balanced_hybrid,hybrid,876,1,875,expanding,10 12 17 33 34 43,5 16 21 26 34 42,1
S001,multi_window_frequency,multi_window_frequency,877,1,876,expanding,12 19 30 34 39 43,5 17 18 22 23 43,1
S002,gap_regime_hazard,gap_time,877,1,876,expanding,1 15 19 22 23 28,5 17 18 22 23 43,2
S003,momentum_state_transition,momentum,877,1,876,expanding,3 6 10 12 15 21,5 17 18 22 23 43,0
S004,conditional_probability,conditional,877,1,876,expanding,2 12 19 34 39 42,5 17 18 22 23 43,0
S005,structure_transition,structure_transition,877,1,876,expanding,5 18 22 24 29 45,5 17 18 22 23 43,3
S006,pair_residual_node,pair_relation_residual,877,1,876,expanding,10 11 33 34 40 43,5 17 18 22 23 43,1
S007,triple_residual_node,triple_relation_residual,877,1,876,expanding,10 11 33 34 40 43,5 17 18 22 23 43,1
S008,family_balanced_hybrid,hybrid,877,1,876,expanding,10 12 17 19 34 39,5 17 18 22 23 43,1
S001,multi_window_frequency,multi_window_frequency,878,1,877,expanding,12 19 30 34 39 43,2 6 11 16 25 31,0
S002,gap_regime_hazard,gap_time,878,1,877,expanding,16 19 21 30 39 44,2 6 11 16 25 31,1
S003,momentum_state_transition,momentum,878,1,877,expanding,3 12 15 21 22 25,2 6 11 16 25 31,1
S004,conditional_probability,conditional,878,1,877,expanding,2 5 12 34 39 42,2 6 11 16 25 31,1
S005,structure_transition,structure_transition,878,1,877,expanding,7 12 17 26 29 40,2 6 11 16 25 31,0
S006,pair_residual_node,pair_relation_residual,878,1,877,expanding,10 11 33 34 40 43,2 6 11 16 25 31,1
S007,triple_residual_node,triple_relation_residual,878,1,877,expanding,10 11 33 34 40 43,2 6 11 16 25 31,1
S008,family_balanced_hybrid,hybrid,878,1,877,expanding,12 19 33 34 39 43,2 6 11 16 25 31,0
S001,multi_window_frequency,multi_window_frequency,879,1,878,expanding,2 19 30 34 39 43,1 4 10 14 15 35,0
S002,gap_regime_hazard,gap_time,879,1,878,expanding,5 17 21 26 34 42,1 4 10 14 15 35,0
S003,momentum_state_transition,momentum,879,1,878,expanding,3 6 12 15 21 22,1 4 10 14 15 35,1
S004,conditional_probability,conditional,879,1,878,expanding,2 5 6 34 39 42,1 4 10 14 15 35,0
S005,structure_transition,structure_transition,879,1,878,expanding,9 20 25 27 30 36,1 4 10 14 15 35,0
S006,pair_residual_node,pair_relation_residual,879,1,878,expanding,10 11 33 34 40 43,1 4 10 14 15 35,1
S007,triple_residual_node,triple_relation_residual,879,1,878,expanding,10 11 33 34 40 43,1 4 10 14 15 35,1
S008,family_balanced_hybrid,hybrid,879,1,878,expanding,5 12 17 34 39 43,1 4 10 14 15 35,0
S001,multi_window_frequency,multi_window_frequency,880,1,879,expanding,12 19 30 34 39 43,7 17 19 23 24 45,1
S002,gap_regime_hazard,gap_time,880,1,879,expanding,5 17 18 22 23 43,7 17 19 23 24 45,2
S003,momentum_state_transition,momentum,880,1,879,expanding,3 4 6 10 12 15,7 17 19 23 24 45,0
S004,conditional_probability,conditional,880,1,879,expanding,1 2 5 30 34 42,7 17 19 23 24 45,0
S005,structure_transition,structure_transition,880,1,879,expanding,7 10 19 30 32 45,7 17 19 23 24 45,3
S006,pair_residual_node,pair_relation_residual,880,1,879,expanding,10 11 33 34 40 43,7 17 19 23 24 45,0
S007,triple_residual_node,triple_relation_residual,880,1,879,expanding,10 11 33 34 40 43,7 17 19 23 24 45,0
S008,family_balanced_hybrid,hybrid,880,1,879,expanding,5 12 25 33 34 43,7 17 19 23 24 45,0
S001,multi_window_frequency,multi_window_frequency,881,1,880,expanding,12 19 33 34 39 43,4 18 20 26 27 32,0
S002,gap_regime_hazard,gap_time,881,1,880,expanding,2 6 11 16 25 31,4 18 20 26 27 32,0
S003,momentum_state_transition,momentum,881,1,880,expanding,2 3 6 10 12 15,4 18 20 26 27 32,0
S004,conditional_probability,conditional,881,1,880,expanding,2 5 19 23 30 34,4 18 20 26 27 32,0
S005,structure_transition,structure_transition,881,1,880,expanding,3 14 18 23 25 40,4 18 20 26 27 32,1
S006,pair_residual_node,pair_relation_residual,881,1,880,expanding,10 11 33 34 40 43,4 18 20 26 27 32,0
S007,triple_residual_node,triple_relation_residual,881,1,880,expanding,10 11 33 34 40 43,4 18 20 26 27 32,0
S008,family_balanced_hybrid,hybrid,881,1,880,expanding,2 10 12 33 34 43,4 18 20 26 27 32,0
S001,multi_window_frequency,multi_window_frequency,882,1,881,expanding,10 19 33 34 39 43,18 34 39 43 44 45,3
S002,gap_regime_hazard,gap_time,882,1,881,expanding,1 7 10 14 15 35,18 34 39 43 44 45,0
S003,momentum_state_transition,momentum,882,1,881,expanding,2 3 4 5 6 10,18 34 39 43 44 45,0
S004,conditional_probability,conditional,882,1,881,expanding,1 2 4 5 19 23,18 34 39 43 44 45,0
S005,structure_transition,structure_transition,882,1,881,expanding,1 14 19 32 34 37,18 34 39 43 44 45,1
S006,pair_residual_node,pair_relation_residual,882,1,881,expanding,10 11 33 34 40 43,18 34 39 43 44 45,2
S007,triple_residual_node,triple_relation_residual,882,1,881,expanding,10 11 33 34 40 43,18 34 39 43 44 45,2
S008,family_balanced_hybrid,hybrid,882,1,881,expanding,10 12 17 19 33 34,18 34 39 43 44 45,1
S001,multi_window_frequency,multi_window_frequency,883,1,882,expanding,10 18 19 34 39 43,9 18 32 33 37 44,1
S002,gap_regime_hazard,gap_time,883,1,882,expanding,4 7 17 19 23 24,9 18 32 33 37 44,0
S003,momentum_state_transition,momentum,883,1,882,expanding,2 3 4 5 6 12,9 18 32 33 37 44,0
S004,conditional_probability,conditional,883,1,882,expanding,5 18 19 23 34 39,9 18 32 33 37 44,1
S005,structure_transition,structure_transition,883,1,882,expanding,1 4 6 31 40 45,9 18 32 33 37 44,0
S006,pair_residual_node,pair_relation_residual,883,1,882,expanding,10 11 33 34 40 43,9 18 32 33 37 44,1
S007,triple_residual_node,triple_relation_residual,883,1,882,expanding,10 11 33 34 40 43,9 18 32 33 37 44,1
S008,family_balanced_hybrid,hybrid,883,1,882,expanding,5 12 17 19 34 43,9 18 32 33 37 44,0
S001,multi_window_frequency,multi_window_frequency,884,1,883,expanding,10 18 19 34 39 43,4 14 23 28 37 45,0
S002,gap_regime_hazard,gap_time,884,1,883,expanding,4 20 26 27 34 39,4 14 23 28 37 45,1
S003,momentum_state_transition,momentum,884,1,883,expanding,2 3 4 5 6 12,4 14 23 28 37 45,1
S004,conditional_probability,conditional,884,1,883,expanding,1 18 19 23 34 44,4 14 23 28 37 45,1
S005,structure_transition,structure_transition,884,1,883,expanding,4 17 20 25 39 44,4 14 23 28 37 45,1
S006,pair_residual_node,pair_relation_residual,884,1,883,expanding,10 11 33 34 40 43,4 14 23 28 37 45,0
S007,triple_residual_node,triple_relation_residual,884,1,883,expanding,10 11 33 34 40 43,4 14 23 28 37 45,0
S008,family_balanced_hybrid,hybrid,884,1,883,expanding,5 12 17 34 39 43,4 14 23 28 37 45,0
S001,multi_window_frequency,multi_window_frequency,885,1,884,expanding,18 19 34 39 43 45,1 3 24 27 39 45,2
S002,gap_regime_hazard,gap_time,885,1,884,expanding,9 18 32 34 39 43,1 3 24 27 39 45,1
S003,momentum_state_transition,momentum,885,1,884,expanding,2 4 5 6 12 14,1 3 24 27 39 45,0
S004,conditional_probability,conditional,885,1,884,expanding,4 18 23 34 44 45,1 3 24 27 39 45,1
S005,structure_transition,structure_transition,885,1,884,expanding,4 17 20 25 39 44,1 3 24 27 39 45,1
S006,pair_residual_node,pair_relation_residual,885,1,884,expanding,10 11 33 34 40 43,1 3 24 27 39 45,0
S007,triple_residual_node,triple_relation_residual,885,1,884,expanding,10 11 33 34 40 43,1 3 24 27 39 45,0
S008,family_balanced_hybrid,hybrid,885,1,884,expanding,12 18 33 34 39 43,1 3 24 27 39 45,1
S001,multi_window_frequency,multi_window_frequency,886,1,885,expanding,18 19 34 39 43 45,19 23 28 37 42 45,2
S002,gap_regime_hazard,gap_time,886,1,885,expanding,4 9 18 32 33 44,19 23 28 37 42 45,0
S003,momentum_state_transition,momentum,886,1,885,expanding,1 2 4 5 6 12,19 23 28 37 42 45,0
S004,conditional_probability,conditional,886,1,885,expanding,1 4 5 18 23 45,19 23 28 37 42 45,2
S005,structure_transition,structure_transition,886,1,885,expanding,8 11 22 27 28 43,19 23 28 37 42 45,1
S006,pair_residual_node,pair_relation_residual,886,1,885,expanding,10 11 33 34 40 43,19 23 28 37 42 45,0
S007,triple_residual_node,triple_relation_residual,886,1,885,expanding,10 11 33 34 40 43,19 23 28 37 42 45,0
S008,family_balanced_hybrid,hybrid,886,1,885,expanding,4 12 14 18 33 34,19 23 28 37 42 45,0
S001,multi_window_frequency,multi_window_frequency,887,1,886,expanding,18 19 28 39 43 45,8 14 17 27 36 45,1
S002,gap_regime_hazard,gap_time,887,1,886,expanding,1 3 4 14 24 27,8 14 17 27 36 45,2
S003,momentum_state_transition,momentum,887,1,886,expanding,1 2 4 5 6 12,8 14 17 27 36 45,0
S004,conditional_probability,conditional,887,1,886,expanding,1 4 18 23 37 45,8 14 17 27 36 45,1
S005,structure_transition,structure_transition,887,1,886,expanding,15 17 22 30 37 41,8 14 17 27 36 45,1
S006,pair_residual_node,pair_relation_residual,887,1,886,expanding,10 11 33 34 40 43,8 14 17 27 36 45,0
S007,triple_residual_node,triple_relation_residual,887,1,886,expanding,10 11 33 34 40 43,8 14 17 27 36 45,0
S008,family_balanced_hybrid,hybrid,887,1,886,expanding,1 4 12 14 27 39,8 14 17 27 36 45,2
S001,multi_window_frequency,multi_window_frequency,888,1,887,expanding,18 19 28 39 43 45,3 7 12 31 34 38,0
S002,gap_regime_hazard,gap_time,888,1,887,expanding,1 3 19 23 24 39,3 7 12 31 34 38,1
S003,momentum_state_transition,momentum,888,1,887,expanding,1 2 4 5 6 12,3 7 12 31 34 38,1
S004,conditional_probability,conditional,888,1,887,expanding,4 14 18 23 27 37,3 7 12 31 34 38,0
S005,structure_transition,structure_transition,888,1,887,expanding,1 5 14 30 37 40,3 7 12 31 34 38,0
S006,pair_residual_node,pair_relation_residual,888,1,887,expanding,10 11 33 34 40 43,3 7 12 31 34 38,1
S007,triple_residual_node,triple_relation_residual,888,1,887,expanding,10 11 33 34 40 43,3 7 12 31 34 38,1
S008,family_balanced_hybrid,hybrid,888,1,887,expanding,1 12 14 19 37 39,3 7 12 31 34 38,1
S001,multi_window_frequency,multi_window_frequency,889,1,888,expanding,18 19 34 39 43 45,3 13 29 38 39 42,1
S002,gap_regime_hazard,gap_time,889,1,888,expanding,8 19 23 28 37 42,3 13 29 38 39 42,1
S003,momentum_state_transition,momentum,889,1,888,expanding,1 2 3 4 5 6,3 13 29 38 39 42,1
S004,conditional_probability,conditional,889,1,888,expanding,4 14 18 23 27 37,3 13 29 38 39 42,0
S005,structure_transition,structure_transition,889,1,888,expanding,1 5 22 29 32 36,3 13 29 38 39 42,1
S006,pair_residual_node,pair_relation_residual,889,1,888,expanding,10 11 33 34 40 43,3 13 29 38 39 42,0
S007,triple_residual_node,triple_relation_residual,889,1,888,expanding,10 11 33 34 40 43,3 13 29 38 39 42,0
S008,family_balanced_hybrid,hybrid,889,1,888,expanding,14 17 19 27 34 37,3 13 29 38 39 42,0
S001,multi_window_frequency,multi_window_frequency,890,1,889,expanding,18 19 34 39 43 45,1 4 14 18 29 37,1
S002,gap_regime_hazard,gap_time,890,1,889,expanding,8 14 17 27 36 45,1 4 14 18 29 37,1
S003,momentum_state_transition,momentum,890,1,889,expanding,1 2 3 4 5 12,1 4 14 18 29 37,2
S004,conditional_probability,conditional,890,1,889,expanding,3 18 23 27 37 39,1 4 14 18 29 37,2
S005,structure_transition,structure_transition,890,1,889,expanding,7 12 17 25 36 38,1 4 14 18 29 37,0
S006,pair_residual_node,pair_relation_residual,890,1,889,expanding,10 11 33 34 40 43,1 4 14 18 29 37,0
S007,triple_residual_node,triple_relation_residual,890,1,889,expanding,10 11 33 34 40 43,1 4 14 18 29 37,0
S008,family_balanced_hybrid,hybrid,890,1,889,expanding,12 14 17 18 27 34,1 4 14 18 29 37,2
S001,multi_window_frequency,multi_window_frequency,891,1,890,expanding,18 28 34 39 43 45,9 13 28 31 39 41,2
S002,gap_regime_hazard,gap_time,891,1,890,expanding,3 7 12 13 31 34,9 13 28 31 39 41,2
S003,momentum_state_transition,momentum,891,1,890,expanding,1 2 3 4 5 12,9 13 28 31 39 41,0
S004,conditional_probability,conditional,891,1,890,expanding,3 4 14 27 39 45,9 13 28 31 39 41,1
S005,structure_transition,structure_transition,891,1,890,expanding,7 17 24 26 30 35,9 13 28 31 39 41,0
S006,pair_residual_node,pair_relation_residual,891,1,890,expanding,10 11 33 34 40 43,9 13 28 31 39 41,0
S007,triple_residual_node,triple_relation_residual,891,1,890,expanding,10 11 33 34 40 43,9 13 28 31 39 41,0
S008,family_balanced_hybrid,hybrid,891,1,890,expanding,3 10 12 14 34 39,9 13 28 31 39 41,1
S001,multi_window_frequency,multi_window_frequency,892,1,891,expanding,18 28 34 39 43 45,4 9 17 18 26 42,1
S002,gap_regime_hazard,gap_time,892,1,891,expanding,1 3 4 14 38 42,4 9 17 18 26 42,2
S003,momentum_state_transition,momentum,892,1,891,expanding,1 3 4 5 13 14,4 9 17 18 26 42,1
S004,conditional_probability,conditional,892,1,891,expanding,3 14 18 28 37 45,4 9 17 18 26 42,1
S005,structure_transition,structure_transition,892,1,891,expanding,4 16 21 31 35 37,4 9 17 18 26 42,1
S006,pair_residual_node,pair_relation_residual,892,1,891,expanding,10 11 33 34 40 43,4 9 17 18 26 42,0
S007,triple_residual_node,triple_relation_residual,892,1,891,expanding,10 11 33 34 40 43,4 9 17 18 26 42,0
S008,family_balanced_hybrid,hybrid,892,1,891,expanding,1 3 14 18 34 37,4 9 17 18 26 42,1
S001,multi_window_frequency,multi_window_frequency,893,1,892,expanding,18 28 39 42 43 45,1 15 17 23 25 41,0
S002,gap_regime_hazard,gap_time,893,1,892,expanding,1 13 14 28 29 37,1 15 17 23 25 41,1
S003,momentum_state_transition,momentum,893,1,892,expanding,1 3 4 5 9 13,1 15 17 23 25 41,1
S004,conditional_probability,conditional,893,1,892,expanding,3 4 9 14 18 28,1 15 17 23 25 41,0
S005,structure_transition,structure_transition,893,1,892,expanding,7 12 17 25 36 38,1 15 17 23 25 41,2
S006,pair_residual_node,pair_relation_residual,893,1,892,expanding,10 11 33 34 40 43,1 15 17 23 25 41,0
S007,triple_residual_node,triple_relation_residual,893,1,892,expanding,10 11 33 34 40 43,1 15 17 23 25 41,0
S008,family_balanced_hybrid,hybrid,893,1,892,expanding,1 10 13 14 37 39,1 15 17 23 25 41,1
S001,multi_window_frequency,multi_window_frequency,894,1,893,expanding,17 18 28 39 42 45,19 32 37 40 41 43,0
S002,gap_regime_hazard,gap_time,894,1,893,expanding,4 9 13 28 31 39,19 32 37 40 41 43,0
S003,momentum_state_transition,momentum,894,1,893,expanding,1 4 9 14 18 23,19 32 37 40 41 43,0
S004,conditional_probability,conditional,894,1,893,expanding,1 3 4 14 17 23,19 32 37 40 41 43,0
S005,structure_transition,structure_transition,894,1,893,expanding,7 12 17 26 29 40,19 32 37 40 41 43,1
S006,pair_residual_node,pair_relation_residual,894,1,893,expanding,10 17 33 34 40 43,19 32 37 40 41 43,2
S007,triple_residual_node,triple_relation_residual,894,1,893,expanding,10 17 33 34 40 43,19 32 37 40 41 43,2
S008,family_balanced_hybrid,hybrid,894,1,893,expanding,1 4 14 17 18 39,19 32 37 40 41 43,0
S001,multi_window_frequency,multi_window_frequency,895,1,894,expanding,17 18 19 39 43 45,16 26 31 38 39 41,1
S002,gap_regime_hazard,gap_time,895,1,894,expanding,1 4 9 18 26 42,16 26 31 38 39 41,1
S003,momentum_state_transition,momentum,895,1,894,expanding,1 4 9 14 18 23,16 26 31 38 39 41,0
S004,conditional_probability,conditional,895,1,894,expanding,1 3 17 37 39 41,16 26 31 38 39 41,2
S005,structure_transition,structure_transition,895,1,894,expanding,9 12 16 31 41 45,16 26 31 38 39 41,3
S006,pair_residual_node,pair_relation_residual,895,1,894,expanding,10 17 33 34 40 43,16 26 31 38 39 41,0
S007,triple_residual_node,triple_relation_residual,895,1,894,expanding,10 17 33 34 40 43,16 26 31 38 39 41,0
S008,family_balanced_hybrid,hybrid,895,1,894,expanding,1 4 14 17 18 39,16 26 31 38 39 41,1
S001,multi_window_frequency,multi_window_frequency,896,1,895,expanding,17 18 19 39 43 45,5 12 25 26 38 45,1
S002,gap_regime_hazard,gap_time,896,1,895,expanding,1 15 17 19 23 25,5 12 25 26 38 45,1
S003,momentum_state_transition,momentum,896,1,895,expanding,1 4 9 14 16 18,5 12 25 26 38 45,0
S004,conditional_probability,conditional,896,1,895,expanding,17 31 37 38 39 42,5 12 25 26 38 45,1
S005,structure_transition,structure_transition,896,1,895,expanding,2 20 22 35 37 39,5 12 25 26 38 45,0
S006,pair_residual_node,pair_relation_residual,896,1,895,expanding,10 17 33 34 40 43,5 12 25 26 38 45,0
S007,triple_residual_node,triple_relation_residual,896,1,895,expanding,10 17 33 34 40 43,5 12 25 26 38 45,0
S008,family_balanced_hybrid,hybrid,896,1,895,expanding,1 17 19 37 39 43,5 12 25 26 38 45,0
S001,multi_window_frequency,multi_window_frequency,897,1,896,expanding,17 18 38 39 43 45,6 7 12 22 26 36,0
S002,gap_regime_hazard,gap_time,897,1,896,expanding,16 19 32 37 40 43,6 7 12 22 26 36,0
S003,momentum_state_transition,momentum,897,1,896,expanding,1 4 9 14 18 23,6 7 12 22 26 36,0
S004,conditional_probability,conditional,897,1,896,expanding,17 26 31 38 39 41,6 7 12 22 26 36,1
S005,structure_transition,structure_transition,897,1,896,expanding,4 17 20 25 39 44,6 7 12 22 26 36,0
S006,pair_residual_node,pair_relation_residual,897,1,896,expanding,10 17 33 34 40 43,6 7 12 22 26 36,0
S007,triple_residual_node,triple_relation_residual,897,1,896,expanding,10 17 33 34 40 43,6 7 12 22 26 36,0
S008,family_balanced_hybrid,hybrid,897,1,896,expanding,1 14 17 37 39 43,6 7 12 22 26 36,0
S001,multi_window_frequency,multi_window_frequency,898,1,897,expanding,12 18 26 38 39 43,18 21 28 35 37 42,1
S002,gap_regime_hazard,gap_time,898,1,897,expanding,5 16 25 31 39 41,18 21 28 35 37 42,0
S003,momentum_state_transition,momentum,898,1,897,expanding,1 4 7 9 14 18,18 21 28 35 37 42,1
S004,conditional_probability,conditional,898,1,897,expanding,12 26 31 38 39 41,18 21 28 35 37 42,0
S005,structure_transition,structure_transition,898,1,897,expanding,4 12 21 32 35 37,18 21 28 35 37 42,3
S006,pair_residual_node,pair_relation_residual,898,1,897,expanding,10 17 33 34 40 43,18 21 28 35 37 42,0
S007,triple_residual_node,triple_relation_residual,898,1,897,expanding,10 17 33 34 40 43,18 21 28 35 37 42,0
S008,family_balanced_hybrid,hybrid,898,1,897,expanding,1 12 17 25 38 39,18 21 28 35 37 42,0
S001,multi_window_frequency,multi_window_frequency,899,1,898,expanding,12 18 26 39 42 45,8 19 20 21 33 39,1
S002,gap_regime_hazard,gap_time,899,1,898,expanding,5 6 7 25 38 45,8 19 20 21 33 39,0
S003,momentum_state_transition,momentum,899,1,898,expanding,1 4 7 9 14 18,8 19 20 21 33 39,0
S004,conditional_probability,conditional,899,1,898,expanding,18 26 37 38 39 42,8 19 20 21 33 39,1
S005,structure_transition,structure_transition,899,1,898,expanding,3 14 18 23 25 40,8 19 20 21 33 39,0
S006,pair_residual_node,pair_relation_residual,899,1,898,expanding,10 17 33 34 40 43,8 19 20 21 33 39,1
S007,triple_residual_node,triple_relation_residual,899,1,898,expanding,10 17 33 34 40 43,8 19 20 21 33 39,1
S008,family_balanced_hybrid,hybrid,899,1,898,expanding,1 12 17 18 38 39,8 19 20 21 33 39,1
S001,multi_window_frequency,multi_window_frequency,900,1,899,expanding,12 18 19 26 39 43,7 13 16 18 35 38,1
S002,gap_regime_hazard,gap_time,900,1,899,expanding,6 7 12 22 26 36,7 13 16 18 35 38,1
S003,momentum_state_transition,momentum,900,1,899,expanding,1 7 9 14 18 23,7 13 16 18 35 38,2
S004,conditional_probability,conditional,900,1,899,expanding,1 18 26 37 39 41,7 13 16 18 35 38,1
S005,structure_transition,structure_transition,900,1,899,expanding,9 14 16 25 28 39,7 13 16 18 35 38,1
S006,pair_residual_node,pair_relation_residual,900,1,899,expanding,10 12 33 34 40 43,7 13 16 18 35 38,0
S007,triple_residual_node,triple_relation_residual,900,1,899,expanding,10 12 33 34 40 43,7 13 16 18 35 38,0
S008,family_balanced_hybrid,hybrid,900,1,899,expanding,1 12 17 18 26 37,7 13 16 18 35 38,1
S001,multi_window_frequency,multi_window_frequency,901,1,900,expanding,18 19 26 38 39 43,5 18 20 23 30 34,1
S002,gap_regime_hazard,gap_time,901,1,900,expanding,8 19 20 28 37 42,5 18 20 23 30 34,1
S003,momentum_state_transition,momentum,901,1,900,expanding,1 4 7 9 13 14,5 18 20 23 30 34,0
S004,conditional_probability,conditional,901,1,900,expanding,7 18 26 38 39 41,5 18 20 23 30 34,1
S005,structure_transition,structure_transition,901,1,900,expanding,6 18 23 29 31 36,5 18 20 23 30 34,2
S006,pair_residual_node,pair_relation_residual,901,1,900,expanding,10 12 33 34 40 43,5 18 20 23 30 34,1
S007,triple_residual_node,triple_relation_residual,901,1,900,expanding,10 12 33 34 40 43,5 18 20 23 30 34,1
S008,family_balanced_hybrid,hybrid,901,1,900,expanding,12 17 18 19 37 39,5 18 20 23 30 34,1
S001,multi_window_frequency,multi_window_frequency,902,1,901,expanding,18 19 26 38 39 43,7 19 23 24 36 39,2
S002,gap_regime_hazard,gap_time,902,1,901,expanding,7 8 19 21 33 39,7 19 23 24 36 39,3
S003,momentum_state_transition,momentum,902,1,901,expanding,1 7 9 13 14 18,7 19 23 24 36 39,1
S004,conditional_probability,conditional,902,1,901,expanding,5 7 18 26 38 41,7 19 23 24 36 39,1
S005,structure_transition,structure_transition,902,1,901,expanding,1 14 19 32 34 37,7 19 23 24 36 39,1
S006,pair_residual_node,pair_relation_residual,902,1,901,expanding,10 12 33 34 40 43,7 19 23 24 36 39,0
S007,triple_residual_node,triple_relation_residual,902,1,901,expanding,10 12 33 34 40 43,7 19 23 24 36 39,0
S008,family_balanced_hybrid,hybrid,902,1,901,expanding,7 12 17 19 38 39,7 19 23 24 36 39,3
S001,multi_window_frequency,multi_window_frequency,903,1,902,expanding,18 19 26 38 39 45,2 15 16 21 22 28,0
S002,gap_regime_hazard,gap_time,903,1,902,expanding,5 13 16 18 35 38,2 15 16 21 22 28,1
S003,momentum_state_transition,momentum,903,1,902,expanding,1 7 9 13 14 31,2 15 16 21 22 28,0
S004,conditional_probability,conditional,903,1,902,expanding,7 18 19 23 26 38,2 15 16 21 22 28,0
S005,structure_transition,structure_transition,903,1,902,expanding,5 15 22 24 27 40,2 15 16 21 22 28,2
S006,pair_residual_node,pair_relation_residual,903,1,902,expanding,10 33 34 39 40 43,2 15 16 21 22 28,0
S007,triple_residual_node,triple_relation_residual,903,1,902,expanding,10 33 34 39 40 43,2 15 16 21 22 28,0
S008,family_balanced_hybrid,hybrid,903,1,902,expanding,7 12 13 18 38 39,2 15 16 21 22 28,0
S001,multi_window_frequency,multi_window_frequency,904,1,903,expanding,16 18 19 28 38 39,2 6 8 26 43 45,0
S002,gap_regime_hazard,gap_time,904,1,903,expanding,5 7 18 20 30 34,2 6 8 26 43 45,0
S003,momentum_state_transition,momentum,904,1,903,expanding,1 7 13 14 16 21,2 6 8 26 43 45,0
S004,conditional_probability,conditional,904,1,903,expanding,7 16 18 19 21 26,2 6 8 26 43 45,1
S005,structure_transition,structure_transition,904,1,903,expanding,16 19 20 24 31 39,2 6 8 26 43 45,0
S006,pair_residual_node,pair_relation_residual,904,1,903,expanding,10 33 34 39 40 43,2 6 8 26 43 45,1
S007,triple_residual_node,triple_relation_residual,904,1,903,expanding,10 33 34 39 40 43,2 6 8 26 43 45,1
S008,family_balanced_hybrid,hybrid,904,1,903,expanding,1 7 12 18 19 39,2 6 8 26 43 45,0
S001,multi_window_frequency,multi_window_frequency,905,1,904,expanding,18 19 26 38 39 45,3 4 16 27 38 40,1
S002,gap_regime_hazard,gap_time,905,1,904,expanding,7 19 23 24 36 39,3 4 16 27 38 40,0
S003,momentum_state_transition,momentum,905,1,904,expanding,1 3 7 8 13 16,3 4 16 27 38 40,2
S004,conditional_probability,conditional,905,1,904,expanding,7 16 18 21 38 39,3 4 16 27 38 40,2
S005,structure_transition,structure_transition,905,1,904,expanding,1 6 16 35 37 42,3 4 16 27 38 40,1
S006,pair_residual_node,pair_relation_residual,905,1,904,expanding,10 12 33 34 40 43,3 4 16 27 38 40,1
S007,triple_residual_node,triple_relation_residual,905,1,904,expanding,10 12 33 34 40 43,3 4 16 27 38 40,1
S008,family_balanced_hybrid,hybrid,905,1,904,expanding,7 12 16 18 19 39,3 4 16 27 38 40,1
S001,multi_window_frequency,multi_window_frequency,906,1,905,expanding,16 18 38 39 43 45,2 5 14 28 31 32,0
S002,gap_regime_hazard,gap_time,906,1,905,expanding,2 6 15 21 22 28,2 5 14 28 31 32,2
S003,momentum_state_transition,momentum,906,1,905,expanding,3 7 8 13 16 21,2 5 14 28 31 32,0
S004,conditional_probability,conditional,906,1,905,expanding,7 16 18 21 26 38,2 5 14 28 31 32,0
S005,structure_transition,structure_transition,906,1,905,expanding,4 17 20 25 39 44,2 5 14 28 31 32,0
S006,pair_residual_node,pair_relation_residual,906,1,905,expanding,10 33 34 39 40 43,2 5 14 28 31 32,0
S007,triple_residual_node,triple_relation_residual,906,1,905,expanding,10 33 34 39 40 43,2 5 14 28 31 32,0
S008,family_balanced_hybrid,hybrid,906,1,905,expanding,7 12 17 18 21 39,2 5 14 28 31 32,0
S001,multi_window_frequency,multi_window_frequency,907,1,906,expanding,16 18 28 38 39 45,21 27 29 38 40 44,1
S002,gap_regime_hazard,gap_time,907,1,906,expanding,3 6 8 26 43 45,21 27 29 38 40 44,0
S003,momentum_state_transition,momentum,907,1,906,expanding,3 7 8 13 16 21,21 27 29 38 40 44,1
S004,conditional_probability,conditional,907,1,906,expanding,2 7 16 18 21 28,21 27 29 38 40 44,1
S005,structure_transition,structure_transition,907,1,906,expanding,1 13 18 30 32 43,21 27 29 38 40 44,0
S006,pair_residual_node,pair_relation_residual,907,1,906,expanding,10 33 34 39 40 43,21 27 29 38 40 44,1
S007,triple_residual_node,triple_relation_residual,907,1,906,expanding,10 33 34 39 40 43,21 27 29 38 40 44,1
S008,family_balanced_hybrid,hybrid,907,1,906,expanding,7 16 18 33 38 43,21 27 29 38 40 44,1
S001,multi_window_frequency,multi_window_frequency,908,1,907,expanding,18 21 28 38 39 45,3 16 21 22 23 44,1
S002,gap_regime_hazard,gap_time,908,1,907,expanding,2 3 4 5 14 16,3 16 21 22 23 44,2
S003,momentum_state_transition,momentum,908,1,907,expanding,3 7 13 16 21 29,3 16 21 22 23 44,3
S004,conditional_probability,conditional,908,1,907,expanding,2 16 18 21 28 38,3 16 21 22 23 44,2
S005,structure_transition,structure_transition,908,1,907,expanding,6 10 19 24 27 37,3 16 21 22 23 44,0
S006,pair_residual_node,pair_relation_residual,908,1,907,expanding,10 33 34 39 40 43,3 16 21 22 23 44,0
S007,triple_residual_node,triple_relation_residual,908,1,907,expanding,10 33 34 39 40 43,3 16 21 22 23 44,0
S008,family_balanced_hybrid,hybrid,908,1,907,expanding,7 12 14 16 17 18,3 16 21 22 23 44,1
S001,multi_window_frequency,multi_window_frequency,909,1,908,expanding,16 18 21 28 38 39,7 24 29 30 34 35,0
S002,gap_regime_hazard,gap_time,909,1,908,expanding,2 5 14 28 31 32,7 24 29 30 34 35,0
S003,momentum_state_transition,momentum,909,1,908,expanding,7 13 16 21 22 29,7 24 29 30 34 35,2
S004,conditional_probability,conditional,909,1,908,expanding,2 3 16 21 23 38,7 24 29 30 34 35,0
S005,structure_transition,structure_transition,909,1,908,expanding,1 5 22 29 32 36,7 24 29 30 34 35,1
S006,pair_residual_node,pair_relation_residual,909,1,908,expanding,10 33 34 39 40 43,7 24 29 30 34 35,1
S007,triple_residual_node,triple_relation_residual,909,1,908,expanding,10 33 34 39 40 43,7 24 29 30 34 35,1
S008,family_balanced_hybrid,hybrid,909,1,908,expanding,7 12 14 27 38 40,7 24 29 30 34 35,1
S001,multi_window_frequency,multi_window_frequency,910,1,909,expanding,16 18 21 28 38 39,1 11 17 27 35 39,1
S002,gap_regime_hazard,gap_time,910,1,909,expanding,3 16 21 27 38 40,1 11 17 27 35 39,1
S003,momentum_state_transition,momentum,910,1,909,expanding,7 16 21 22 29 31,1 11 17 27 35 39,0
S004,conditional_probability,conditional,910,1,909,expanding,2 7 16 21 23 38,1 11 17 27 35 39,0
S005,structure_transition,structure_transition,910,1,909,expanding,4 17 20 25 39 44,1 11 17 27 35 39,2
S006,pair_residual_node,pair_relation_residual,910,1,909,expanding,10 33 34 39 40 43,1 11 17 27 35 39,1
S007,triple_residual_node,triple_relation_residual,910,1,909,expanding,10 33 34 39 40 43,1 11 17 27 35 39,1
S008,family_balanced_hybrid,hybrid,910,1,909,expanding,12 16 21 27 38 40,1 11 17 27 35 39,1
S001,multi_window_frequency,multi_window_frequency,911,1,910,expanding,16 18 21 28 38 39,4 5 12 14 32 42,0
S002,gap_regime_hazard,gap_time,911,1,910,expanding,3 16 21 22 23 44,4 5 12 14 32 42,0
S003,momentum_state_transition,momentum,911,1,910,expanding,7 16 21 22 31 35,4 5 12 14 32 42,0
S004,conditional_probability,conditional,911,1,910,expanding,2 3 16 21 23 27,4 5 12 14 32 42,0
S005,structure_transition,structure_transition,911,1,910,expanding,7 12 17 26 29 40,4 5 12 14 32 42,1
S006,pair_residual_node,pair_relation_residual,911,1,910,expanding,10 33 34 39 40 43,4 5 12 14 32 42,0
S007,triple_residual_node,triple_relation_residual,911,1,910,expanding,10 33 34 39 40 43,4 5 12 14 32 42,0
S008,family_balanced_hybrid,hybrid,911,1,910,expanding,7 12 16 21 33 34,4 5 12 14 32 42,1
S001,multi_window_frequency,multi_window_frequency,912,1,911,expanding,16 21 28 38 39 45,5 8 18 21 22 38,2
S002,gap_regime_hazard,gap_time,912,1,911,expanding,1 7 24 29 30 34,5 8 18 21 22 38,0
S003,momentum_state_transition,momentum,912,1,911,expanding,2 7 12 16 21 22,5 8 18 21 22 38,2
S004,conditional_probability,conditional,912,1,911,expanding,2 3 4 16 21 27,5 8 18 21 22 38,1
S005,structure_transition,structure_transition,912,1,911,expanding,4 13 22 33 36 41,5 8 18 21 22 38,1
S006,pair_residual_node,pair_relation_residual,912,1,911,expanding,10 12 33 34 40 43,5 8 18 21 22 38,0
S007,triple_residual_node,triple_relation_residual,912,1,911,expanding,10 12 33 34 40 43,5 8 18 21 22 38,0
S008,family_balanced_hybrid,hybrid,912,1,911,expanding,7 16 27 33 34 39,5 8 18 21 22 38,0
S001,multi_window_frequency,multi_window_frequency,913,1,912,expanding,16 18 21 28 38 39,6 14 16 21 27 37,2
S002,gap_regime_hazard,gap_time,913,1,912,expanding,1 11 17 27 35 39,6 14 16 21 27 37,1
S003,momentum_state_transition,momentum,913,1,912,expanding,2 7 8 12 16 21,6 14 16 21 27 37,2
S004,conditional_probability,conditional,913,1,912,expanding,2 5 16 22 27 38,6 14 16 21 27 37,2
S005,structure_transition,structure_transition,913,1,912,expanding,4 12 21 32 35 37,6 14 16 21 27 37,2
S006,pair_residual_node,pair_relation_residual,913,1,912,expanding,10 12 33 34 40 43,6 14 16 21 27 37,0
S007,triple_residual_node,triple_relation_residual,913,1,912,expanding,10 12 33 34 40 43,6 14 16 21 27 37,0
S008,family_balanced_hybrid,hybrid,913,1,912,expanding,12 14 16 17 27 39,6 14 16 21 27 37,3
S001,multi_window_frequency,multi_window_frequency,914,1,913,expanding,16 18 21 28 38 39,16 19 24 33 42 44,1
S002,gap_regime_hazard,gap_time,914,1,913,expanding,4 5 8 12 32 42,16 19 24 33 42 44,1
S003,momentum_state_transition,momentum,914,1,913,expanding,2 5 6 7 8 12,16 19 24 33 42 44,0
S004,conditional_probability,conditional,914,1,913,expanding,5 14 16 21 27 38,16 19 24 33 42 44,1
S005,structure_transition,structure_transition,914,1,913,expanding,7 16 18 29 33 38,16 19 24 33 42 44,2
S006,pair_residual_node,pair_relation_residual,914,1,913,expanding,10 12 33 34 40 43,16 19 24 33 42 44,1
S007,triple_residual_node,triple_relation_residual,914,1,913,expanding,10 12 33 34 40 43,16 19 24 33 42 44,1
S008,family_balanced_hybrid,hybrid,914,1,913,expanding,4 5 12 14 38 40,16 19 24 33 42 44,0
S001,multi_window_frequency,multi_window_frequency,915,1,914,expanding,16 18 21 27 38 39,2 6 11 13 22 37,0
S002,gap_regime_hazard,gap_time,915,1,914,expanding,5 6 8 18 22 38,2 6 11 13 22 37,2
S003,momentum_state_transition,momentum,915,1,914,expanding,2 5 6 7 8 12,2 6 11 13 22 37,2
S004,conditional_probability,conditional,915,1,914,expanding,5 14 16 21 38 44,2 6 11 13 22 37,0
S005,structure_transition,structure_transition,915,1,914,expanding,5 6 13 38 41 43,2 6 11 13 22 37,2
S006,pair_residual_node,pair_relation_residual,915,1,914,expanding,10 12 33 34 40 43,2 6 11 13 22 37,0
S007,triple_residual_node,triple_relation_residual,915,1,914,expanding,10 12 33 34 40 43,2 6 11 13 22 37,0
S008,family_balanced_hybrid,hybrid,915,1,914,expanding,5 12 14 21 27 38,2 6 11 13 22 37,0
S001,multi_window_frequency,multi_window_frequency,916,1,915,expanding,16 18 21 38 39 42,6 21 22 32 35 36,1
S002,gap_regime_hazard,gap_time,916,1,915,expanding,14 16 19 21 24 27,6 21 22 32 35 36,1
S003,momentum_state_transition,momentum,916,1,915,expanding,2 5 6 7 8 12,6 21 22 32 35 36,1
S004,conditional_probability,conditional,916,1,915,expanding,5 14 16 22 27 44,6 21 22 32 35 36,1
S005,structure_transition,structure_transition,916,1,915,expanding,5 15 22 24 27 40,6 21 22 32 35 36,1
S006,pair_residual_node,pair_relation_residual,916,1,915,expanding,10 12 33 34 40 43,6 21 22 32 35 36,0
S007,triple_residual_node,triple_relation_residual,916,1,915,expanding,10 12 33 34 40 43,6 21 22 32 35 36,0
S008,family_balanced_hybrid,hybrid,916,1,915,expanding,5 14 16 21 27 43,6 21 22 32 35 36,1
S001,multi_window_frequency,multi_window_frequency,917,1,916,expanding,16 18 21 22 38 39,1 3 23 24 27 43,0
S002,gap_regime_hazard,gap_time,917,1,916,expanding,16 19 24 33 42 44,1 3 23 24 27 43,1
S003,momentum_state_transition,momentum,917,1,916,expanding,2 5 6 7 8 16,1 3 23 24 27 43,0
S004,conditional_probability,conditional,917,1,916,expanding,6 16 21 27 35 44,1 3 23 24 27 43,1
S005,structure_transition,structure_transition,917,1,916,expanding,3 4 21 26 31 38,1 3 23 24 27 43,1
S006,pair_residual_node,pair_relation_residual,917,1,916,expanding,10 12 33 34 40 43,1 3 23 24 27 43,1
S007,triple_residual_node,triple_relation_residual,917,1,916,expanding,10 12 33 34 40 43,1 3 23 24 27 43,1
S008,family_balanced_hybrid,hybrid,917,1,916,expanding,5 16 24 27 43 44,1 3 23 24 27 43,3
S001,multi_window_frequency,multi_window_frequency,918,1,917,expanding,16 18 21 38 39 43,7 11 12 31 33 38,1
S002,gap_regime_hazard,gap_time,918,1,917,expanding,2 6 11 13 21 37,7 11 12 31 33 38,1
S003,momentum_state_transition,momentum,918,1,917,expanding,2 5 6 8 16 21,7 11 12 31 33 38,0
S004,conditional_probability,conditional,918,1,917,expanding,6 16 21 24 27 35,7 11 12 31 33 38,0
S005,structure_transition,structure_transition,918,1,917,expanding,1 4 6 31 40 45,7 11 12 31 33 38,1
S006,pair_residual_node,pair_relation_residual,918,1,917,expanding,12 27 33 34 40 43,7 11 12 31 33 38,2
S007,triple_residual_node,triple_relation_residual,918,1,917,expanding,12 27 33 34 40 43,7 11 12 31 33 38,2
S008,family_balanced_hybrid,hybrid,918,1,917,expanding,5 6 12 16 21 27,7 11 12 31 33 38,1
S001,multi_window_frequency,multi_window_frequency,919,1,918,expanding,16 18 21 33 38 39,9 14 17 18 42 44,1
S002,gap_regime_hazard,gap_time,919,1,918,expanding,6 21 22 32 35 36,9 14 17 18 42 44,0
S003,momentum_state_transition,momentum,919,1,918,expanding,2 5 6 8 11 16,9 14 17 18 42 44,0
S004,conditional_probability,conditional,919,1,918,expanding,6 11 21 22 24 27,9 14 17 18 42 44,0
S005,structure_transition,structure_transition,919,1,918,expanding,11 20 21 23 28 36,9 14 17 18 42 44,0
S006,pair_residual_node,pair_relation_residual,919,1,918,expanding,12 27 33 34 40 43,9 14 17 18 42 44,0
S007,triple_residual_node,triple_relation_residual,919,1,918,expanding,12 27 33 34 40 43,9 14 17 18 42 44,0
S008,family_balanced_hybrid,hybrid,919,1,918,expanding,1 5 6 21 27 33,9 14 17 18 42 44,0
S001,multi_window_frequency,multi_window_frequency,920,1,919,expanding,16 18 21 38 39 42,2 3 26 33 34 43,0
S002,gap_regime_hazard,gap_time,920,1,919,expanding,1 3 23 24 27 43,2 3 26 33 34 43,2
S003,momentum_state_transition,momentum,920,1,919,expanding,2 5 6 11 16 21,2 3 26 33 34 43,1
S004,conditional_probability,conditional,920,1,919,expanding,6 11 14 21 22 27,2 3 26 33 34 43,0
S005,structure_transition,structure_transition,920,1,919,expanding,1 6 16 35 37 42,2 3 26 33 34 43,0
S006,pair_residual_node,pair_relation_residual,920,1,919,expanding,12 27 33 34 40 43,2 3 26 33 34 43,3
S007,triple_residual_node,triple_relation_residual,920,1,919,expanding,12 27 33 34 40 43,2 3 26 33 34 43,3
S008,family_balanced_hybrid,hybrid,920,1,919,expanding,1 5 11 12 27 33,2 3 26 33 34 43,1
S001,multi_window_frequency,multi_window_frequency,921,1,920,expanding,16 18 21 33 38 43,5 7 12 22 28 41,0
S002,gap_regime_hazard,gap_time,921,1,920,expanding,7 9 11 12 31 38,5 7 12 22 28 41,2
S003,momentum_state_transition,momentum,921,1,920,expanding,2 5 6 11 16 21,5 7 12 22 28 41,1
S004,conditional_probability,conditional,921,1,920,expanding,6 14 21 22 33 42,5 7 12 22 28 41,1
S005,structure_transition,structure_transition,921,1,920,expanding,6 10 19 24 27 37,5 7 12 22 28 41,0
S006,pair_residual_node,pair_relation_residual,921,1,920,expanding,12 27 33 34 40 43,5 7 12 22 28 41,1
S007,triple_residual_node,triple_relation_residual,921,1,920,expanding,12 27 33 34 40 43,5 7 12 22 28 41,1
S008,family_balanced_hybrid,hybrid,921,1,920,expanding,11 12 14 16 33 43,5 7 12 22 28 41,1
S001,multi_window_frequency,multi_window_frequency,922,1,921,expanding,16 18 21 33 38 43,2 6 13 17 27 43,1
S002,gap_regime_hazard,gap_time,922,1,921,expanding,9 14 17 18 42 44,2 6 13 17 27 43,1
S003,momentum_state_transition,momentum,922,1,921,expanding,2 5 6 11 16 21,2 6 13 17 27 43,2
S004,conditional_probability,conditional,922,1,921,expanding,2 3 6 21 22 33,2 6 13 17 27 43,2
S005,structure_transition,structure_transition,922,1,921,expanding,2 4 14 33 37 41,2 6 13 17 27 43,1
S006,pair_residual_node,pair_relation_residual,922,1,921,expanding,12 27 33 34 40 43,2 6 13 17 27 43,2
S007,triple_residual_node,triple_relation_residual,922,1,921,expanding,12 27 33 34 40 43,2 6 13 17 27 43,2
S008,family_balanced_hybrid,hybrid,922,1,921,expanding,14 16 18 27 33 43,2 6 13 17 27 43,2
S001,multi_window_frequency,multi_window_frequency,923,1,922,expanding,6 16 21 33 38 43,3 17 18 23 36 41,0
S002,gap_regime_hazard,gap_time,923,1,922,expanding,3 5 7 26 33 34,3 17 18 23 36 41,1
S003,momentum_state_transition,momentum,923,1,922,expanding,2 5 6 11 16 21,3 17 18 23 36 41,0
S004,conditional_probability,conditional,923,1,922,expanding,2 6 22 27 33 43,3 17 18 23 36 41,0
S005,structure_transition,structure_transition,923,1,922,expanding,7 12 17 25 36 38,3 17 18 23 36 41,2
S006,pair_residual_node,pair_relation_residual,923,1,922,expanding,12 27 33 34 40 43,3 17 18 23 36 41,0
S007,triple_residual_node,triple_relation_residual,923,1,922,expanding,12 27 33 34 40 43,3 17 18 23 36 41,0
S008,family_balanced_hybrid,hybrid,923,1,922,expanding,5 12 16 27 33 43,3 17 18 23 36 41,0
S001,multi_window_frequency,multi_window_frequency,924,1,923,expanding,16 18 21 33 38 43,3 11 34 42 43 44,1
S002,gap_regime_hazard,gap_time,924,1,923,expanding,2 5 7 12 22 28,3 11 34 42 43 44,0
S003,momentum_state_transition,momentum,924,1,923,expanding,2 5 6 11 22 24,3 11 34 42 43 44,1
S004,conditional_probability,conditional,924,1,923,expanding,2 3 6 17 22 33,3 11 34 42 43 44,1
S005,structure_transition,structure_transition,924,1,923,expanding,2 7 15 29 34 39,3 11 34 42 43 44,1
S006,pair_residual_node,pair_relation_residual,924,1,923,expanding,12 17 33 34 40 43,3 11 34 42 43 44,2
S007,triple_residual_node,triple_relation_residual,924,1,923,expanding,12 17 33 34 40 43,3 11 34 42 43 44,2
S008,family_balanced_hybrid,hybrid,924,1,923,expanding,2 7 12 27 33 43,3 11 34 42 43 44,1
S001,multi_window_frequency,multi_window_frequency,925,1,924,expanding,3 18 21 33 38 43,13 24 32 34 39 42,0
S002,gap_regime_hazard,gap_time,925,1,924,expanding,2 6 13 17 18 27,13 24 32 34 39 42,1
S003,momentum_state_transition,momentum,925,1,924,expanding,2 5 6 11 14 22,13 24 32 34 39 42,0
S004,conditional_probability,conditional,925,1,924,expanding,2 3 6 11 17 22,13 24 32 34 39 42,0
S005,structure_transition,structure_transition,925,1,924,expanding,1 4 11 32 36 39,13 24 32 34 39 42,2
S006,pair_residual_node,pair_relation_residual,925,1,924,expanding,12 17 33 34 40 43,13 24 32 34 39 42,1
S007,triple_residual_node,triple_relation_residual,925,1,924,expanding,12 17 33 34 40 43,13 24 32 34 39 42,1
S008,family_balanced_hybrid,hybrid,925,1,924,expanding,2 17 18 27 33 43,13 24 32 34 39 42,0
S001,multi_window_frequency,multi_window_frequency,926,1,925,expanding,3 18 34 39 42 43,10 16 18 20 25 31,1
S002,gap_regime_hazard,gap_time,926,1,925,expanding,3 17 18 23 36 41,10 16 18 20 25 31,1
S003,momentum_state_transition,momentum,926,1,925,expanding,2 5 6 11 14 22,10 16 18 20 25 31,0
S004,conditional_probability,conditional,926,1,925,expanding,2 3 17 34 42 43,10 16 18 20 25 31,0
S005,structure_transition,structure_transition,926,1,925,expanding,2 20 22 35 37 39,10 16 18 20 25 31,1
S006,pair_residual_node,pair_relation_residual,926,1,925,expanding,12 17 33 34 40 43,10 16 18 20 25 31,0
S007,triple_residual_node,triple_relation_residual,926,1,925,expanding,12 17 33 34 40 43,10 16 18 20 25 31,0
S008,family_balanced_hybrid,hybrid,926,1,925,expanding,11 17 18 33 34 43,10 16 18 20 25 31,1
S001,multi_window_frequency,multi_window_frequency,927,1,926,expanding,3 18 34 39 42 43,4 15 22 38 41 43,1
S002,gap_regime_hazard,gap_time,927,1,926,expanding,3 11 13 24 43 44,4 15 22 38 41 43,1
S003,momentum_state_transition,momentum,927,1,926,expanding,6 11 22 24 27 32,4 15 22 38 41 43,1
S004,conditional_probability,conditional,927,1,926,expanding,3 17 18 34 42 43,4 15 22 38 41 43,1
S005,structure_transition,structure_transition,927,1,926,expanding,7 10 21 27 32 34,4 15 22 38 41 43,0
S006,pair_residual_node,pair_relation_residual,927,1,926,expanding,12 17 33 34 40 43,4 15 22 38 41 43,1
S007,triple_residual_node,triple_relation_residual,927,1,926,expanding,12 17 33 34 40 43,4 15 22 38 41 43,1
S008,family_balanced_hybrid,hybrid,927,1,926,expanding,11 17 27 33 34 43,4 15 22 38 41 43,1
S001,multi_window_frequency,multi_window_frequency,928,1,927,expanding,18 34 38 39 42 43,3 4 10 20 28 44,0
S002,gap_regime_hazard,gap_time,928,1,927,expanding,13 24 32 34 39 42,3 4 10 20 28 44,0
S003,momentum_state_transition,momentum,928,1,927,expanding,6 11 14 17 22 24,3 4 10 20 28 44,0
S004,conditional_probability,conditional,928,1,927,expanding,3 17 18 34 41 42,3 4 10 20 28 44,1
S005,structure_transition,structure_transition,928,1,927,expanding,9 18 21 24 37 38,3 4 10 20 28 44,0
S006,pair_residual_node,pair_relation_residual,928,1,927,expanding,12 17 27 33 34 43,3 4 10 20 28 44,0
S007,triple_residual_node,triple_relation_residual,928,1,927,expanding,12 17 27 33 34 43,3 4 10 20 28 44,0
S008,family_balanced_hybrid,hybrid,928,1,927,expanding,12 17 18 33 34 43,3 4 10 20 28 44,0
S001,multi_window_frequency,multi_window_frequency,929,1,928,expanding,3 18 34 38 42 43,7 9 12 15 19 23,0
S002,gap_regime_hazard,gap_time,929,1,928,expanding,15 16 18 22 25 31,7 9 12 15 19 23,1
S003,momentum_state_transition,momentum,929,1,928,expanding,6 11 12 14 17 24,7 9 12 15 19 23,1
S004,conditional_probability,conditional,929,1,928,expanding,17 18 34 41 42 44,7 9 12 15 19 23,0
S005,structure_transition,structure_transition,929,1,928,expanding,6 19 21 24 38 41,7 9 12 15 19 23,1
S006,pair_residual_node,pair_relation_residual,929,1,928,expanding,12 17 27 33 34 43,7 9 12 15 19 23,1
S007,triple_residual_node,triple_relation_residual,929,1,928,expanding,12 17 33 34 40 43,7 9 12 15 19 23,1
S008,family_balanced_hybrid,hybrid,929,1,928,expanding,12 17 18 33 34 43,7 9 12 15 19 23,1
S001,multi_window_frequency,multi_window_frequency,930,1,929,expanding,3 16 18 34 38 43,8 21 25 38 39 44,1
S002,gap_regime_hazard,gap_time,930,1,929,expanding,3 4 22 38 41 43,8 21 25 38 39 44,1
S003,momentum_state_transition,momentum,930,1,929,expanding,3 6 11 12 13 14,8 21 25 38 39 44,0
S004,conditional_probability,conditional,930,1,929,expanding,2 3 4 34 41 43,8 21 25 38 39 44,0
S005,structure_transition,structure_transition,930,1,929,expanding,4 9 18 31 34 35,8 21 25 38 39 44,0
S006,pair_residual_node,pair_relation_residual,930,1,929,expanding,12 17 27 33 34 43,8 21 25 38 39 44,0
S007,triple_residual_node,triple_relation_residual,930,1,929,expanding,12 17 27 33 34 43,8 21 25 38 39 44,0
S008,family_balanced_hybrid,hybrid,930,1,929,expanding,3 12 13 17 34 43,8 21 25 38 39 44,0
S001,multi_window_frequency,multi_window_frequency,931,1,930,expanding,3 18 38 39 43 44,14 15 23 25 35 43,1
S002,gap_regime_hazard,gap_time,931,1,930,expanding,3 4 7 10 20 28,14 15 23 25 35 43,0
S003,momentum_state_transition,momentum,931,1,930,expanding,3 4 6 11 12 13,14 15 23 25 35 43,0
S004,conditional_probability,conditional,931,1,930,expanding,3 4 7 41 43 44,14 15 23 25 35 43,1
S005,structure_transition,structure_transition,931,1,930,expanding,5 10 12 21 36 45,14 15 23 25 35 43,0
S006,pair_residual_node,pair_relation_residual,931,1,930,expanding,12 17 33 34 40 43,14 15 23 25 35 43,1
S007,triple_residual_node,triple_relation_residual,931,1,930,expanding,12 17 33 34 40 43,14 15 23 25 35 43,1
S008,family_balanced_hybrid,hybrid,931,1,930,expanding,3 4 7 12 34 43,14 15 23 25 35 43,1
S001,multi_window_frequency,multi_window_frequency,932,1,931,expanding,3 18 38 39 43 44,1 6 15 36 37 38,1
S002,gap_regime_hazard,gap_time,932,1,931,expanding,7 8 9 12 19 21,1 6 15 36 37 38,0
S003,momentum_state_transition,momentum,932,1,931,expanding,3 6 11 13 14 15,1 6 15 36 37 38,2
S004,conditional_probability,conditional,932,1,931,expanding,3 15 23 25 43 44,1 6 15 36 37 38,1
S005,structure_transition,structure_transition,932,1,931,expanding,6 10 19 24 27 37,1 6 15 36 37 38,2
S006,pair_residual_node,pair_relation_residual,932,1,931,expanding,12 14 17 33 34 43,1 6 15 36 37 38,0
S007,triple_residual_node,triple_relation_residual,932,1,931,expanding,12 14 17 33 34 43,1 6 15 36 37 38,0
S008,family_balanced_hybrid,hybrid,932,1,931,expanding,17 33 34 39 43 44,1 6 15 36 37 38,0
S001,multi_window_frequency,multi_window_frequency,933,1,932,expanding,3 15 38 39 43 44,23 27 29 31 36 45,0
S002,gap_regime_hazard,gap_time,933,1,932,expanding,8 14 21 23 39 44,23 27 29 31 36 45,1
S003,momentum_state_transition,momentum,933,1,932,expanding,3 6 11 13 14 15,23 27 29 31 36 45,0
S004,conditional_probability,conditional,933,1,932,expanding,3 23 25 38 43 44,23 27 29 31 36 45,1
S005,structure_transition,structure_transition,933,1,932,expanding,7 10 21 27 32 34,23 27 29 31 36 45,1
S006,pair_residual_node,pair_relation_residual,933,1,932,expanding,12 17 27 33 34 43,23 27 29 31 36 45,1
S007,triple_residual_node,triple_relation_residual,933,1,932,expanding,12 17 27 33 34 43,23 27 29 31 36 45,1
S008,family_balanced_hybrid,hybrid,933,1,932,expanding,14 33 34 39 43 44,23 27 29 31 36 45,0
S001,multi_window_frequency,multi_window_frequency,934,1,933,expanding,3 15 38 39 43 44,1 3 30 33 36 39,2
S002,gap_regime_hazard,gap_time,934,1,933,expanding,1 6 14 25 35 43,1 3 30 33 36 39,1
S003,momentum_state_transition,momentum,934,1,933,expanding,3 11 13 15 17 24,1 3 30 33 36 39,1
S004,conditional_probability,conditional,934,1,933,expanding,15 23 25 38 43 44,1 3 30 33 36 39,0
S005,structure_transition,structure_transition,934,1,933,expanding,1 4 11 32 36 39,1 3 30 33 36 39,3
S006,pair_residual_node,pair_relation_residual,934,1,933,expanding,12 17 27 33 34 43,1 3 30 33 36 39,1
S007,triple_residual_node,triple_relation_residual,934,1,933,expanding,12 17 27 33 34 43,1 3 30 33 36 39,1
S008,family_balanced_hybrid,hybrid,934,1,933,expanding,15 17 25 33 34 43,1 3 30 33 36 39,1
S001,multi_window_frequency,multi_window_frequency,935,1,934,expanding,3 15 38 39 43 44,4 10 20 32 38 44,2
S002,gap_regime_hazard,gap_time,935,1,934,expanding,6 15 23 27 37 38,4 10 20 32 38 44,1
S003,momentum_state_transition,momentum,935,1,934,expanding,1 3 11 13 15 17,4 10 20 32 38 44,0
S004,conditional_probability,conditional,935,1,934,expanding,15 23 25 36 38 39,4 10 20 32 38 44,1
S005,structure_transition,structure_transition,935,1,934,expanding,1 6 16 35 37 42,4 10 20 32 38 44,0
S006,pair_residual_node,pair_relation_residual,935,1,934,expanding,12 17 27 33 34 43,4 10 20 32 38 44,0
S007,triple_residual_node,triple_relation_residual,935,1,934,expanding,12 17 27 33 34 43,4 10 20 32 38 44,0
S008,family_balanced_hybrid,hybrid,935,1,934,expanding,11 15 17 34 38 43,4 10 20 32 38 44,1
S001,multi_window_frequency,multi_window_frequency,936,1,935,expanding,3 15 38 39 43 44,7 11 13 17 18 29,0
S002,gap_regime_hazard,gap_time,936,1,935,expanding,1 23 27 29 31 45,7 11 13 17 18 29,1
S003,momentum_state_transition,momentum,936,1,935,expanding,1 3 4 10 15 17,7 11 13 17 18 29,1
S004,conditional_probability,conditional,936,1,935,expanding,4 10 20 23 25 36,7 11 13 17 18 29,0
S005,structure_transition,structure_transition,936,1,935,expanding,6 10 19 24 27 37,7 11 13 17 18 29,0
S006,pair_residual_node,pair_relation_residual,936,1,935,expanding,12 17 27 33 34 43,7 11 13 17 18 29,1
S007,triple_residual_node,triple_relation_residual,936,1,935,expanding,12 17 27 33 34 43,7 11 13 17 18 29,1
S008,family_balanced_hybrid,hybrid,936,1,935,expanding,1 17 33 36 39 43,7 11 13 17 18 29,1
S001,multi_window_frequency,multi_window_frequency,937,1,936,expanding,3 15 38 39 43 44,2 10 13 22 29 40,0
S002,gap_regime_hazard,gap_time,937,1,936,expanding,1 3 30 33 36 39,2 10 13 22 29 40,0
S003,momentum_state_transition,momentum,937,1,936,expanding,1 3 4 10 11 12,2 10 13 22 29 40,1
S004,conditional_probability,conditional,937,1,936,expanding,1 3 4 23 36 44,2 10 13 22 29 40,0
S005,structure_transition,structure_transition,937,1,936,expanding,1 4 11 32 36 39,2 10 13 22 29 40,0
S006,pair_residual_node,pair_relation_residual,937,1,936,expanding,12 17 27 33 34 43,2 10 13 22 29 40,0
S007,triple_residual_node,triple_relation_residual,937,1,936,expanding,12 17 27 33 34 43,2 10 13 22 29 40,0
S008,family_balanced_hybrid,hybrid,937,1,936,expanding,1 4 10 33 34 43,2 10 13 22 29 40,1
S001,multi_window_frequency,multi_window_frequency,938,1,937,expanding,3 18 38 39 43 44,4 8 10 16 31 36,0
S002,gap_regime_hazard,gap_time,938,1,937,expanding,4 7 20 32 38 44,4 8 10 16 31 36,1
S003,momentum_state_transition,momentum,938,1,937,expanding,4 10 11 12 13 15,4 8 10 16 31 36,2
S004,conditional_probability,conditional,938,1,937,expanding,10 15 23 29 36 38,4 8 10 16 31 36,2
S005,structure_transition,structure_transition,938,1,937,expanding,10 11 24 31 35 38,4 8 10 16 31 36,2
S006,pair_residual_node,pair_relation_residual,938,1,937,expanding,12 17 27 33 34 43,4 8 10 16 31 36,0
S007,triple_residual_node,triple_relation_residual,938,1,937,expanding,12 17 27 33 34 43,4 8 10 16 31 36,0
S008,family_balanced_hybrid,hybrid,938,1,937,expanding,4 10 11 12 17 34,4 8 10 16 31 36,2
S001,multi_window_frequency,multi_window_frequency,939,1,938,expanding,18 36 38 39 43 44,4 11 28 39 42 45,1
S002,gap_regime_hazard,gap_time,939,1,938,expanding,2 7 11 13 17 18,4 11 28 39 42 45,1
S003,momentum_state_transition,momentum,939,1,938,expanding,4 10 13 15 17 20,4 11 28 39 42 45,1
S004,conditional_probability,conditional,939,1,938,expanding,1 10 15 23 29 38,4 11 28 39 42 45,0
S005,structure_transition,structure_transition,939,1,938,expanding,1 6 16 35 37 42,4 11 28 39 42 45,1
S006,pair_residual_node,pair_relation_residual,939,1,938,expanding,12 17 27 33 34 43,4 11 28 39 42 45,0
S007,triple_residual_node,triple_relation_residual,939,1,938,expanding,12 17 27 33 34 43,4 11 28 39 42 45,0
S008,family_balanced_hybrid,hybrid,939,1,938,expanding,10 13 15 17 34 43,4 11 28 39 42 45,0
S001,multi_window_frequency,multi_window_frequency,940,1,939,expanding,4 36 38 39 43 44,3 15 20 22 24 41,0
S002,gap_regime_hazard,gap_time,940,1,939,expanding,2 8 13 22 29 40,3 15 20 22 24 41,1
S003,momentum_state_transition,momentum,940,1,939,expanding,4 10 13 15 17 20,3 15 20 22 24 41,2
S004,conditional_probability,conditional,940,1,939,expanding,1 4 10 29 38 39,3 15 20 22 24 41,0
S005,structure_transition,structure_transition,940,1,939,expanding,9 18 21 24 37 38,3 15 20 22 24 41,1
S006,pair_residual_node,pair_relation_residual,940,1,939,expanding,10 12 17 33 34 43,3 15 20 22 24 41,0
S007,triple_residual_node,triple_relation_residual,940,1,939,expanding,10 12 17 33 34 43,3 15 20 22 24 41,0
S008,family_balanced_hybrid,hybrid,940,1,939,expanding,10 13 17 34 36 39,3 15 20 22 24 41,0
S001,multi_window_frequency,multi_window_frequency,941,1,940,expanding,3 15 36 38 39 43,12 14 25 27 39 40,1
S002,gap_regime_hazard,gap_time,941,1,940,expanding,4 8 10 16 31 36,12 14 25 27 39 40,0
S003,momentum_state_transition,momentum,941,1,940,expanding,4 10 13 15 17 20,12 14 25 27 39 40,0
S004,conditional_probability,conditional,941,1,940,expanding,1 3 4 10 15 29,12 14 25 27 39 40,0
S005,structure_transition,structure_transition,941,1,940,expanding,3 14 18 23 25 40,12 14 25 27 39 40,3
S006,pair_residual_node,pair_relation_residual,941,1,940,expanding,12 17 33 34 39 43,12 14 25 27 39 40,2
S007,triple_residual_node,triple_relation_residual,941,1,940,expanding,12 17 33 34 39 43,12 14 25 27 39 40,2
S008,family_balanced_hybrid,hybrid,941,1,940,expanding,4 10 11 13 36 39,12 14 25 27 39 40,1
S001,multi_window_frequency,multi_window_frequency,942,1,941,expanding,3 18 36 38 39 43,10 12 18 35 42 43,2
S002,gap_regime_hazard,gap_time,942,1,941,expanding,3 4 11 28 42 45,10 12 18 35 42 43,1
S003,momentum_state_transition,momentum,942,1,941,expanding,4 10 13 15 17 18,10 12 18 35 42 43,2
S004,conditional_probability,conditional,942,1,941,expanding,1 3 4 10 29 39,10 12 18 35 42 43,1
S005,structure_transition,structure_transition,942,1,941,expanding,1 6 22 25 30 45,10 12 18 35 42 43,0
S006,pair_residual_node,pair_relation_residual,942,1,941,expanding,12 17 33 34 39 43,10 12 18 35 42 43,2
S007,triple_residual_node,triple_relation_residual,942,1,941,expanding,12 17 33 34 39 43,10 12 18 35 42 43,2
S008,family_balanced_hybrid,hybrid,942,1,941,expanding,4 10 11 13 15 39,10 12 18 35 42 43,1
S001,multi_window_frequency,multi_window_frequency,943,1,942,expanding,3 10 18 39 42 43,1 8 13 36 44 45,0
S002,gap_regime_hazard,gap_time,943,1,942,expanding,3 15 20 22 24 41,1 8 13 36 44 45,0
S003,momentum_state_transition,momentum,943,1,942,expanding,4 10 13 15 18 20,1 8 13 36 44 45,1
S004,conditional_probability,conditional,943,1,942,expanding,3 4 11 29 36 39,1 8 13 36 44 45,1
S005,structure_transition,structure_transition,943,1,942,expanding,7 10 21 27 32 34,1 8 13 36 44 45,0
S006,pair_residual_node,pair_relation_residual,943,1,942,expanding,10 12 17 33 34 43,1 8 13 36 44 45,0
S007,triple_residual_node,triple_relation_residual,943,1,942,expanding,10 12 17 33 34 43,1 8 13 36 44 45,0
S008,family_balanced_hybrid,hybrid,943,1,942,expanding,4 10 13 18 27 39,1 8 13 36 44 45,1
S001,multi_window_frequency,multi_window_frequency,944,1,943,expanding,3 10 36 39 43 44,2 13 16 19 32 33,0
S002,gap_regime_hazard,gap_time,944,1,943,expanding,10 14 25 27 39 40,2 13 16 19 32 33,0
S003,momentum_state_transition,momentum,944,1,943,expanding,1 4 8 10 13 15,2 13 16 19 32 33,1
S004,conditional_probability,conditional,944,1,943,expanding,1 3 4 13 36 39,2 13 16 19 32 33,1
S005,structure_transition,structure_transition,944,1,943,expanding,7 12 17 25 36 38,2 13 16 19 32 33,0
S006,pair_residual_node,pair_relation_residual,944,1,943,expanding,10 12 17 33 34 43,2 13 16 19 32 33,1
S007,triple_residual_node,triple_relation_residual,944,1,943,expanding,10 12 17 33 34 43,2 13 16 19 32 33,1
S008,family_balanced_hybrid,hybrid,944,1,943,expanding,1 4 10 12 13 39,2 13 16 19 32 33,1
S001,multi_window_frequency,multi_window_frequency,945,1,944,expanding,10 13 18 38 39 43,9 10 15 30 33 37,1
S002,gap_regime_hazard,gap_time,945,1,944,expanding,10 12 18 35 42 43,9 10 15 30 33 37,1
S003,momentum_state_transition,momentum,945,1,944,expanding,1 4 8 10 13 15,9 10 15 30 33 37,2
S004,conditional_probability,conditional,945,1,944,expanding,2 4 8 11 12 16,9 10 15 30 33 37,0
S005,structure_transition,structure_transition,945,1,944,expanding,9 14 16 25 28 39,9 10 15 30 33 37,1
S006,pair_residual_node,pair_relation_residual,945,1,944,expanding,12 17 27 33 34 43,9 10 15 30 33 37,1
S007,triple_residual_node,triple_relation_residual,945,1,944,expanding,12 17 27 33 34 43,9 10 15 30 33 37,1
S008,family_balanced_hybrid,hybrid,945,1,944,expanding,4 10 12 18 36 39,9 10 15 30 33 37,1
S001,multi_window_frequency,multi_window_frequency,946,1,945,expanding,10 12 13 18 39 43,9 18 19 30 34 40,1
S002,gap_regime_hazard,gap_time,946,1,945,expanding,1 2 8 36 44 45,9 18 19 30 34 40,0
S003,momentum_state_transition,momentum,946,1,945,expanding,1 4 8 10 15 20,9 18 19 30 34 40,0
S004,conditional_probability,conditional,946,1,945,expanding,2 4 8 11 12 15,9 18 19 30 34 40,0
S005,structure_transition,structure_transition,946,1,945,expanding,4 17 20 25 39 44,9 18 19 30 34 40,0
S006,pair_residual_node,pair_relation_residual,946,1,945,expanding,10 12 27 33 34 43,9 18 19 30 34 40,1
S007,triple_residual_node,triple_relation_residual,946,1,945,expanding,10 12 27 33 34 43,9 18 19 30 34 40,1
S008,family_balanced_hybrid,hybrid,946,1,945,expanding,1 4 10 12 36 39,9 18 19 30 34 40,0
S001,multi_window_frequency,multi_window_frequency,947,1,946,expanding,10 12 13 18 39 43,3 8 17 20 27 35,0
S002,gap_regime_hazard,gap_time,947,1,946,expanding,2 10 13 15 16 32,3 8 17 20 27 35,0
S003,momentum_state_transition,momentum,947,1,946,expanding,1 4 8 9 10 15,3 8 17 20 27 35,1
S004,conditional_probability,conditional,947,1,946,expanding,2 4 8 9 13 40,3 8 17 20 27 35,1
S005,structure_transition,structure_transition,947,1,946,expanding,6 19 21 24 38 41,3 8 17 20 27 35,0
S006,pair_residual_node,pair_relation_residual,947,1,946,expanding,10 12 33 34 40 43,3 8 17 20 27 35,0
S007,triple_residual_node,triple_relation_residual,947,1,946,expanding,10 12 33 34 40 43,3 8 17 20 27 35,0
S008,family_balanced_hybrid,hybrid,947,1,946,expanding,4 10 13 15 33 39,3 8 17 20 27 35,0
S001,multi_window_frequency,multi_window_frequency,948,1,947,expanding,3 10 12 18 39 43,13 18 30 31 38 41,1
S002,gap_regime_hazard,gap_time,948,1,947,expanding,9 10 15 18 33 37,13 18 30 31 38 41,1
S003,momentum_state_transition,momentum,948,1,947,expanding,1 4 8 9 10 15,13 18 30 31 38 41,0
S004,conditional_probability,conditional,948,1,947,expanding,3 4 8 9 10 12,13 18 30 31 38 41,0
S005,structure_transition,structure_transition,948,1,947,expanding,3 13 21 25 30 32,13 18 30 31 38 41,2
S006,pair_residual_node,pair_relation_residual,948,1,947,expanding,10 12 33 34 40 43,13 18 30 31 38 41,0
S007,triple_residual_node,triple_relation_residual,948,1,947,expanding,10 12 33 34 40 43,13 18 30 31 38 41,0
S008,family_balanced_hybrid,hybrid,948,1,947,expanding,10 15 18 19 33 39,13 18 30 31 38 41,1
S001,multi_window_frequency,multi_window_frequency,949,1,948,expanding,3 13 18 38 39 43,14 21 35 36 40 44,0
S002,gap_regime_hazard,gap_time,949,1,948,expanding,3 8 9 19 34 40,14 21 35 36 40 44,1
S003,momentum_state_transition,momentum,949,1,948,expanding,1 8 9 10 15 19,14 21 35 36 40 44,0
S004,conditional_probability,conditional,949,1,948,expanding,3 8 9 13 18 30,14 21 35 36 40 44,0
S005,structure_transition,structure_transition,949,1,948,expanding,6 10 19 24 27 37,14 21 35 36 40 44,0
S006,pair_residual_node,pair_relation_residual,949,1,948,expanding,10 12 33 34 40 43,14 21 35 36 40 44,1
S007,triple_residual_node,triple_relation_residual,949,1,948,expanding,10 12 33 34 40 43,14 21 35 36 40 44,1
S008,family_balanced_hybrid,hybrid,949,1,948,expanding,10 12 19 34 39 40,14 21 35 36 40 44,1
S001,multi_window_frequency,multi_window_frequency,950,1,949,expanding,3 13 18 39 43 44,3 4 15 22 28 40,1
S002,gap_regime_hazard,gap_time,950,1,949,expanding,3 8 13 17 20 27,3 4 15 22 28 40,1
S003,momentum_state_transition,momentum,950,1,949,expanding,1 8 10 15 20 25,3 4 15 22 28 40,1
S004,conditional_probability,conditional,950,1,949,expanding,3 13 18 30 35 40,3 4 15 22 28 40,2
S005,structure_transition,structure_transition,950,1,949,expanding,2 20 22 35 37 39,3 4 15 22 28 40,1
S006,pair_residual_node,pair_relation_residual,950,1,949,expanding,10 12 33 34 40 43,3 4 15 22 28 40,1
S007,triple_residual_node,triple_relation_residual,950,1,949,expanding,10 12 33 34 40 43,3 4 15 22 28 40,1
S008,family_balanced_hybrid,hybrid,950,1,949,expanding,10 12 13 17 18 27,3 4 15 22 28 40,0
S001,multi_window_frequency,multi_window_frequency,951,1,950,expanding,3 13 18 39 43 44,2 12 30 31 39 43,2
S002,gap_regime_hazard,gap_time,951,1,950,expanding,13 18 30 31 38 41,2 12 30 31 39 43,2
S003,momentum_state_transition,momentum,951,1,950,expanding,1 8 10 15 20 29,2 12 30 31 39 43,0
S004,conditional_probability,conditional,951,1,950,expanding,3 8 13 18 30 35,2 12 30 31 39 43,1
S005,structure_transition,structure_transition,951,1,950,expanding,4 16 21 31 35 37,2 12 30 31 39 43,1
S006,pair_residual_node,pair_relation_residual,951,1,950,expanding,10 12 33 34 40 43,2 12 30 31 39 43,2
S007,triple_residual_node,triple_relation_residual,951,1,950,expanding,10 12 33 34 40 43,2 12 30 31 39 43,2
S008,family_balanced_hybrid,hybrid,951,1,950,expanding,10 12 13 18 36 40,2 12 30 31 39 43,1
S001,multi_window_frequency,multi_window_frequency,952,1,951,expanding,3 13 18 38 39 43,4 12 22 24 33 41,0
S002,gap_regime_hazard,gap_time,952,1,951,expanding,3 14 21 35 36 44,4 12 22 24 33 41,0
S003,momentum_state_transition,momentum,952,1,951,expanding,1 4 8 10 20 29,4 12 22 24 33 41,1
S004,conditional_probability,conditional,952,1,951,expanding,2 3 13 18 35 40,4 12 22 24 33 41,0
S005,structure_transition,structure_transition,952,1,951,expanding,4 12 21 32 35 37,4 12 22 24 33 41,2
S006,pair_residual_node,pair_relation_residual,952,1,951,expanding,10 12 33 34 40 43,4 12 22 24 33 41,2
S007,triple_residual_node,triple_relation_residual,952,1,951,expanding,10 12 33 34 40 43,4 12 22 24 33 41,2
S008,family_balanced_hybrid,hybrid,952,1,951,expanding,4 10 18 36 40 43,4 12 22 24 33 41,1
S001,multi_window_frequency,multi_window_frequency,953,1,952,expanding,3 12 18 38 39 43,7 9 22 27 37 42,0
S002,gap_regime_hazard,gap_time,953,1,952,expanding,2 3 15 28 30 40,7 9 22 27 37 42,0
S003,momentum_state_transition,momentum,953,1,952,expanding,4 8 10 20 29 30,7 9 22 27 37 42,0
S004,conditional_probability,conditional,953,1,952,expanding,2 3 4 13 33 40,7 9 22 27 37 42,0
S005,structure_transition,structure_transition,953,1,952,expanding,4 17 20 25 39 44,7 9 22 27 37 42,0
S006,pair_residual_node,pair_relation_residual,953,1,952,expanding,10 12 33 34 40 43,7 9 22 27 37 42,0
S007,triple_residual_node,triple_relation_residual,953,1,952,expanding,10 12 33 34 40 43,7 9 22 27 37 42,0
S008,family_balanced_hybrid,hybrid,953,1,952,expanding,4 10 15 39 40 43,7 9 22 27 37 42,0
S001,multi_window_frequency,multi_window_frequency,954,1,953,expanding,3 12 18 38 39 43,1 9 26 28 30 41,0
S002,gap_regime_hazard,gap_time,954,1,953,expanding,2 4 30 31 39 43,1 9 26 28 30 41,1
S003,momentum_state_transition,momentum,954,1,953,expanding,4 8 9 10 20 30,1 9 26 28 30 41,2
S004,conditional_probability,conditional,954,1,953,expanding,2 3 9 22 33 40,1 9 26 28 30 41,1
S005,structure_transition,structure_transition,954,1,953,expanding,5 18 22 24 29 45,1 9 26 28 30 41,0
S006,pair_residual_node,pair_relation_residual,954,1,953,expanding,12 27 33 34 40 43,1 9 26 28 30 41,0
S007,triple_residual_node,triple_relation_residual,954,1,953,expanding,12 27 33 34 40 43,1 9 26 28 30 41,0
S008,family_balanced_hybrid,hybrid,954,1,953,expanding,4 10 12 33 39 43,1 9 26 28 30 41,0
S001,multi_window_frequency,multi_window_frequency,955,1,954,expanding,12 18 30 38 39 43,4 9 23 26 29 33,0
S002,gap_regime_hazard,gap_time,955,1,954,expanding,4 7 12 22 24 33,4 9 23 26 29 33,2
S003,momentum_state_transition,momentum,955,1,954,expanding,4 8 9 10 20 28,4 9 23 26 29 33,2
S004,conditional_probability,conditional,955,1,954,expanding,3 4 22 30 40 41,4 9 23 26 29 33,1
S005,structure_transition,structure_transition,955,1,954,expanding,1 14 19 32 34 37,4 9 23 26 29 33,0
S006,pair_residual_node,pair_relation_residual,955,1,954,expanding,12 27 33 34 40 43,4 9 23 26 29 33,1
S007,triple_residual_node,triple_relation_residual,955,1,954,expanding,12 27 33 34 40 43,4 9 23 26 29 33,1
S008,family_balanced_hybrid,hybrid,955,1,954,expanding,4 10 12 27 33 40,4 9 23 26 29 33,2
S001,multi_window_frequency,multi_window_frequency,956,1,955,expanding,4 12 18 30 38 39,10 11 20 21 25 41,0
S002,gap_regime_hazard,gap_time,956,1,955,expanding,1 7 22 27 37 42,10 11 20 21 25 41,0
S003,momentum_state_transition,momentum,956,1,955,expanding,2 8 9 13 28 29,10 11 20 21 25 41,0
S004,conditional_probability,conditional,956,1,955,expanding,4 9 22 30 40 41,10 11 20 21 25 41,1
S005,structure_transition,structure_transition,956,1,955,expanding,4 17 20 25 39 44,10 11 20 21 25 41,2
S006,pair_residual_node,pair_relation_residual,956,1,955,expanding,12 27 33 34 40 43,10 11 20 21 25 41,0
S007,triple_residual_node,triple_relation_residual,956,1,955,expanding,12 27 33 34 40 43,10 11 20 21 25 41,0
S008,family_balanced_hybrid,hybrid,956,1,955,expanding,1 12 18 27 28 40,10 11 20 21 25 41,0
S001,multi_window_frequency,multi_window_frequency,957,1,956,expanding,4 12 22 38 39 41,4 15 24 35 36 40,1
S002,gap_regime_hazard,gap_time,957,1,956,expanding,1 4 9 23 28 30,4 15 24 35 36 40,1
S003,momentum_state_transition,momentum,957,1,956,expanding,2 8 9 22 28 30,4 15 24 35 36 40,0
S004,conditional_probability,conditional,957,1,956,expanding,3 4 9 22 30 41,4 15 24 35 36 40,1
S005,structure_transition,structure_transition,957,1,956,expanding,3 14 18 23 25 40,4 15 24 35 36 40,1
S006,pair_residual_node,pair_relation_residual,957,1,956,expanding,10 12 27 33 34 43,4 15 24 35 36 40,0
S007,triple_residual_node,triple_relation_residual,957,1,956,expanding,10 12 27 33 34 43,4 15 24 35 36 40,0
S008,family_balanced_hybrid,hybrid,957,1,956,expanding,1 4 12 28 33 40,4 15 24 35 36 40,2
S001,multi_window_frequency,multi_window_frequency,958,1,957,expanding,4 12 15 33 39 41,2 9 10 16 35 37,0
S002,gap_regime_hazard,gap_time,958,1,957,expanding,9 10 23 26 29 33,2 9 10 16 35 37,2
S003,momentum_state_transition,momentum,958,1,957,expanding,8 9 24 27 28 30,2 9 10 16 35 37,1
S004,conditional_probability,conditional,958,1,957,expanding,4 9 22 30 40 41,2 9 10 16 35 37,1
S005,structure_transition,structure_transition,958,1,957,expanding,12 14 19 27 29 35,2 9 10 16 35 37,1
S006,pair_residual_node,pair_relation_residual,958,1,957,expanding,12 27 33 34 40 43,2 9 10 16 35 37,0
S007,triple_residual_node,triple_relation_residual,958,1,957,expanding,12 27 33 34 40 43,2 9 10 16 35 37,0
S008,family_balanced_hybrid,hybrid,958,1,957,expanding,10 12 17 33 34 40,2 9 10 16 35 37,1
S001,multi_window_frequency,multi_window_frequency,959,1,958,expanding,4 10 12 15 33 39,1 14 15 24 40 41,1
S002,gap_regime_hazard,gap_time,959,1,958,expanding,4 11 20 21 25 41,1 14 15 24 40 41,1
S003,momentum_state_transition,momentum,959,1,958,expanding,9 12 24 27 28 30,1 14 15 24 40 41,1
S004,conditional_probability,conditional,959,1,958,expanding,4 9 22 35 40 41,1 14 15 24 40 41,2
S005,structure_transition,structure_transition,959,1,958,expanding,4 8 14 33 37 41,1 14 15 24 40 41,2
S006,pair_residual_node,pair_relation_residual,959,1,958,expanding,10 12 33 34 40 43,1 14 15 24 40 41,1
S007,triple_residual_node,triple_relation_residual,959,1,958,expanding,10 12 33 34 40 43,1 14 15 24 40 41,1
S008,family_balanced_hybrid,hybrid,959,1,958,expanding,4 10 12 15 33 40,1 14 15 24 40 41,2
S001,multi_window_frequency,multi_window_frequency,960,1,959,expanding,4 10 15 33 39 41,2 18 24 30 32 45,0
S002,gap_regime_hazard,gap_time,960,1,959,expanding,2 4 9 10 16 36,2 18 24 30 32 45,1
S003,momentum_state_transition,momentum,960,1,959,expanding,1 9 12 14 24 27,2 18 24 30 32 45,1
S004,conditional_probability,conditional,960,1,959,expanding,1 2 15 22 24 40,2 18 24 30 32 45,2
S005,structure_transition,structure_transition,960,1,959,expanding,1 6 20 26 33 35,2 18 24 30 32 45,0
S006,pair_residual_node,pair_relation_residual,960,1,959,expanding,10 12 33 34 40 43,2 18 24 30 32 45,0
S007,triple_residual_node,triple_relation_residual,960,1,959,expanding,10 12 33 34 40 43,2 18 24 30 32 45,0
S008,family_balanced_hybrid,hybrid,960,1,959,expanding,4 10 12 33 37 40,2 18 24 30 32 45,0
S001,multi_window_frequency,multi_window_frequency,961,1,960,expanding,4 10 15 24 30 41,11 20 29 31 33 42,0
S002,gap_regime_hazard,gap_time,961,1,960,expanding,1 9 10 16 35 37,11 20 29 31 33 42,0
S003,momentum_state_transition,momentum,961,1,960,expanding,1 2 9 12 14 24,11 20 29 31 33 42,0
S004,conditional_probability,conditional,961,1,960,expanding,1 2 4 10 12 30,11 20 29 31 33 42,0
S005,structure_transition,structure_transition,961,1,960,expanding,6 8 22 27 37 45,11 20 29 31 33 42,0
S006,pair_residual_node,pair_relation_residual,961,1,960,expanding,10 12 33 34 40 43,11 20 29 31 33 42,1
S007,triple_residual_node,triple_relation_residual,961,1,960,expanding,10 12 33 34 40 43,11 20 29 31 33 42,1
S008,family_balanced_hybrid,hybrid,961,1,960,expanding,1 10 12 33 37 40,11 20 29 31 33 42,1
S001,multi_window_frequency,multi_window_frequency,962,1,961,expanding,4 10 15 24 33 41,1 18 28 31 34 43,0
S002,gap_regime_hazard,gap_time,962,1,961,expanding,1 2 14 15 40 41,1 18 28 31 34 43,1
S003,momentum_state_transition,momentum,962,1,961,expanding,1 2 9 12 24 30,1 18 28 31 34 43,1
S004,conditional_probability,conditional,962,1,961,expanding,1 2 4 10 11 33,1 18 28 31 34 43,1
S005,structure_transition,structure_transition,962,1,961,expanding,6 10 19 24 27 37,1 18 28 31 34 43,0
S006,pair_residual_node,pair_relation_residual,962,1,961,expanding,10 12 33 34 40 43,1 18 28 31 34 43,2
S007,triple_residual_node,triple_relation_residual,962,1,961,expanding,10 12 33 34 40 43,1 18 28 31 34 43,2
S008,family_balanced_hybrid,hybrid,962,1,961,expanding,1 2 10 12 33 40,1 18 28 31 34 43,1
S001,multi_window_frequency,multi_window_frequency,963,1,962,expanding,4 10 15 18 33 41,6 12 19 23 34 42,0
S002,gap_regime_hazard,gap_time,963,1,962,expanding,2 11 24 30 32 45,6 12 19 23 34 42,0
S003,momentum_state_transition,momentum,963,1,962,expanding,1 2 9 24 28 30,6 12 19 23 34 42,0
S004,conditional_probability,conditional,963,1,962,expanding,1 2 4 10 24 41,6 12 19 23 34 42,0
S005,structure_transition,structure_transition,963,1,962,expanding,4 12 21 32 35 37,6 12 19 23 34 42,1
S006,pair_residual_node,pair_relation_residual,963,1,962,expanding,10 12 33 34 40 43,6 12 19 23 34 42,2
S007,triple_residual_node,triple_relation_residual,963,1,962,expanding,10 12 33 34 40 43,6 12 19 23 34 42,2
S008,family_balanced_hybrid,hybrid,963,1,962,expanding,1 2 10 11 24 33,6 12 19 23 34 42,0
S001,multi_window_frequency,multi_window_frequency,964,1,963,expanding,4 10 18 33 41 42,6 21 36 38 39 43,0
S002,gap_regime_hazard,gap_time,964,1,963,expanding,1 11 18 20 29 33,6 21 36 38 39 43,0
S003,momentum_state_transition,momentum,964,1,963,expanding,2 9 19 24 28 30,6 21 36 38 39 43,0
S004,conditional_probability,conditional,964,1,963,expanding,1 2 4 9 24 41,6 21 36 38 39 43,0
S005,structure_transition,structure_transition,964,1,963,expanding,2 7 15 29 34 39,6 21 36 38 39 43,1
S006,pair_residual_node,pair_relation_residual,964,1,963,expanding,10 12 33 34 40 43,6 21 36 38 39 43,1
S007,triple_residual_node,triple_relation_residual,964,1,963,expanding,10 12 33 34 40 43,6 21 36 38 39 43,1
S008,family_balanced_hybrid,hybrid,964,1,963,expanding,1 10 11 18 33 34,6 21 36 38 39 43,0
S001,multi_window_frequency,multi_window_frequency,965,1,964,expanding,4 12 18 33 42 43,2 13 25 28 29 36,0
S002,gap_regime_hazard,gap_time,965,1,964,expanding,1 12 18 19 28 31,2 13 25 28 29 36,1
S003,momentum_state_transition,momentum,965,1,964,expanding,2 9 21 24 28 30,2 13 25 28 29 36,2
S004,conditional_probability,conditional,965,1,964,expanding,1 2 4 6 9 24,2 13 25 28 29 36,1
S005,structure_transition,structure_transition,965,1,964,expanding,8 12 20 35 37 45,2 13 25 28 29 36,0
S006,pair_residual_node,pair_relation_residual,965,1,964,expanding,10 12 33 34 40 43,2 13 25 28 29 36,0
S007,triple_residual_node,triple_relation_residual,965,1,964,expanding,10 12 33 34 40 43,2 13 25 28 29 36,0
S008,family_balanced_hybrid,hybrid,965,1,964,expanding,1 10 12 18 33 34,2 13 25 28 29 36,0
S001,multi_window_frequency,multi_window_frequency,966,1,965,expanding,2 18 28 36 42 43,1 21 25 29 34 37,0
S002,gap_regime_hazard,gap_time,966,1,965,expanding,6 12 19 23 34 42,1 21 25 29 34 37,1
S003,momentum_state_transition,momentum,966,1,965,expanding,2 9 21 24 28 30,1 21 25 29 34 37,1
S004,conditional_probability,conditional,966,1,965,expanding,1 2 6 10 24 36,1 21 25 29 34 37,1
S005,structure_transition,structure_transition,966,1,965,expanding,7 16 18 29 33 38,1 21 25 29 34 37,1
S006,pair_residual_node,pair_relation_residual,966,1,965,expanding,10 12 33 34 40 43,1 21 25 29 34 37,1
S007,triple_residual_node,triple_relation_residual,966,1,965,expanding,10 12 33 34 40 43,1 21 25 29 34 37,1
S008,family_balanced_hybrid,hybrid,966,1,965,expanding,10 12 21 34 40 43,1 21 25 29 34 37,2
S001,multi_window_frequency,multi_window_frequency,967,1,966,expanding,2 18 34 36 42 43,1 6 13 37 38 40,0
S002,gap_regime_hazard,gap_time,967,1,966,expanding,2 6 13 38 39 43,1 6 13 37 38 40,3
S003,momentum_state_transition,momentum,967,1,966,expanding,2 21 24 28 31 34,1 6 13 37 38 40,0
S004,conditional_probability,conditional,967,1,966,expanding,1 2 24 29 34 36,1 6 13 37 38 40,1
S005,structure_transition,structure_transition,967,1,966,expanding,4 17 20 25 39 44,1 6 13 37 38 40,0
S006,pair_residual_node,pair_relation_residual,967,1,966,expanding,10 12 33 34 40 43,1 6 13 37 38 40,1
S007,triple_residual_node,triple_relation_residual,967,1,966,expanding,10 12 33 34 40 43,1 6 13 37 38 40,1
S008,family_balanced_hybrid,hybrid,967,1,966,expanding,2 10 24 28 34 43,1 6 13 37 38 40,0
S001,multi_window_frequency,multi_window_frequency,968,1,967,expanding,1 2 18 28 34 43,2 5 12 14 24 39,1
S002,gap_regime_hazard,gap_time,968,1,967,expanding,2 21 25 28 29 36,2 5 12 14 24 39,1
S003,momentum_state_transition,momentum,968,1,967,expanding,2 6 21 22 24 28,2 5 12 14 24 39,2
S004,conditional_probability,conditional,968,1,967,expanding,2 6 13 29 34 37,2 5 12 14 24 39,1
S005,structure_transition,structure_transition,968,1,967,expanding,1 5 22 29 32 36,2 5 12 14 24 39,1
S006,pair_residual_node,pair_relation_residual,968,1,967,expanding,10 12 33 34 40 43,2 5 12 14 24 39,1
S007,triple_residual_node,triple_relation_residual,968,1,967,expanding,10 12 33 34 40 43,2 5 12 14 24 39,1
S008,family_balanced_hybrid,hybrid,968,1,967,expanding,2 21 28 34 37 43,2 5 12 14 24 39,1
S001,multi_window_frequency,multi_window_frequency,969,1,968,expanding,1 2 12 18 34 39,3 9 10 29 40 45,0
S002,gap_regime_hazard,gap_time,969,1,968,expanding,1 6 21 25 29 34,3 9 10 29 40 45,1
S003,momentum_state_transition,momentum,969,1,968,expanding,2 6 14 21 22 24,3 9 10 29 40 45,0
S004,conditional_probability,conditional,969,1,968,expanding,2 6 12 24 29 34,3 9 10 29 40 45,1
S005,structure_transition,structure_transition,969,1,968,expanding,7 17 24 26 30 35,3 9 10 29 40 45,0
S006,pair_residual_node,pair_relation_residual,969,1,968,expanding,10 12 33 34 40 43,3 9 10 29 40 45,2
S007,triple_residual_node,triple_relation_residual,969,1,968,expanding,10 12 33 34 40 43,3 9 10 29 40 45,2
S008,family_balanced_hybrid,hybrid,969,1,968,expanding,13 18 21 34 37 43,3 9 10 29 40 45,0
S001,multi_window_frequency,multi_window_frequency,970,1,969,expanding,1 2 12 18 34 39,9 11 16 21 28 36,0
S002,gap_regime_hazard,gap_time,970,1,969,expanding,1 2 6 13 37 38,9 11 16 21 28 36,0
S003,momentum_state_transition,momentum,970,1,969,expanding,2 6 9 12 21 22,9 11 16 21 28 36,2
S004,conditional_probability,conditional,970,1,969,expanding,1 2 6 12 13 34,9 11 16 21 28 36,0
S005,structure_transition,structure_transition,970,1,969,expanding,1 4 20 25 26 45,9 11 16 21 28 36,0
S006,pair_residual_node,pair_relation_residual,970,1,969,expanding,10 12 33 34 40 43,9 11 16 21 28 36,0
S007,triple_residual_node,triple_relation_residual,970,1,969,expanding,10 12 33 34 40 43,9 11 16 21 28 36,0
S008,family_balanced_hybrid,hybrid,970,1,969,expanding,1 12 13 18 34 37,9 11 16 21 28 36,0
S001,multi_window_frequency,multi_window_frequency,971,1,970,expanding,1 12 21 28 36 39,2 6 17 18 21 26,1
S002,gap_regime_hazard,gap_time,971,1,970,expanding,2 5 12 14 24 39,2 6 17 18 21 26,1
S003,momentum_state_transition,momentum,971,1,970,expanding,2 6 9 11 12 21,2 6 17 18 21 26,3
S004,conditional_probability,conditional,971,1,970,expanding,1 6 21 28 34 36,2 6 17 18 21 26,2
S005,structure_transition,structure_transition,971,1,970,expanding,2 13 17 33 36 38,2 6 17 18 21 26,2
S006,pair_residual_node,pair_relation_residual,971,1,970,expanding,10 12 33 34 40 43,2 6 17 18 21 26,0
S007,triple_residual_node,triple_relation_residual,971,1,970,expanding,10 12 33 34 40 43,2 6 17 18 21 26,0
S008,family_balanced_hybrid,hybrid,971,1,970,expanding,2 12 34 39 40 43,2 6 17 18 21 26,1
S001,multi_window_frequency,multi_window_frequency,972,1,971,expanding,2 12 18 21 28 36,3 6 17 23 37 39,0
S002,gap_regime_hazard,gap_time,972,1,971,expanding,3 9 10 29 40 45,3 6 17 23 37 39,1
S003,momentum_state_transition,momentum,972,1,971,expanding,6 9 11 21 24 25,3 6 17 23 37 39,1
S004,conditional_probability,conditional,972,1,971,expanding,1 2 28 29 34 36,3 6 17 23 37 39,0
S005,structure_transition,structure_transition,972,1,971,expanding,3 14 18 23 25 40,3 6 17 23 37 39,2
S006,pair_residual_node,pair_relation_residual,972,1,971,expanding,10 12 33 34 40 43,3 6 17 23 37 39,0
S007,triple_residual_node,triple_relation_residual,972,1,971,expanding,10 12 33 34 40 43,3 6 17 23 37 39,0
S008,family_balanced_hybrid,hybrid,972,1,971,expanding,12 13 28 34 40 43,3 6 17 23 37 39,0
S001,multi_window_frequency,multi_window_frequency,973,1,972,expanding,2 6 18 21 36 39,22 26 31 37 41 42,0
S002,gap_regime_hazard,gap_time,973,1,972,expanding,2 9 11 16 28 36,22 26 31 37 41 42,0
S003,momentum_state_transition,momentum,973,1,972,expanding,1 6 9 11 21 23,22 26 31 37 41 42,0
S004,conditional_probability,conditional,973,1,972,expanding,2 6 29 36 37 39,22 26 31 37 41 42,1
S005,structure_transition,structure_transition,973,1,972,expanding,7 12 17 25 36 38,22 26 31 37 41 42,0
S006,pair_residual_node,pair_relation_residual,973,1,972,expanding,10 12 33 34 40 43,22 26 31 37 41 42,0
S007,triple_residual_node,triple_relation_residual,973,1,972,expanding,10 12 33 34 40 43,22 26 31 37 41 42,0
S008,family_balanced_hybrid,hybrid,973,1,972,expanding,1 12 21 34 36 37,22 26 31 37 41 42,1
S001,multi_window_frequency,multi_window_frequency,974,1,973,expanding,2 6 18 21 37 39,1 2 11 16 39 44,2
S002,gap_regime_hazard,gap_time,974,1,973,expanding,2 3 6 17 18 21,1 2 11 16 39 44,1
S003,momentum_state_transition,momentum,974,1,973,expanding,1 6 11 21 23 24,1 2 11 16 39 44,2
S004,conditional_probability,conditional,974,1,973,expanding,1 2 3 29 36 39,1 2 11 16 39 44,3
S005,structure_transition,structure_transition,974,1,973,expanding,4 17 21 26 39 44,1 2 11 16 39 44,2
S006,pair_residual_node,pair_relation_residual,974,1,973,expanding,10 33 34 37 40 43,1 2 11 16 39 44,0
S007,triple_residual_node,triple_relation_residual,974,1,973,expanding,10 33 34 37 40 43,1 2 11 16 39 44,0
S008,family_balanced_hybrid,hybrid,974,1,973,expanding,1 13 17 21 37 39,1 2 11 16 39 44,2
S001,multi_window_frequency,multi_window_frequency,975,1,974,expanding,1 2 18 21 37 39,7 8 9 17 22 24,0
S002,gap_regime_hazard,gap_time,975,1,974,expanding,3 6 17 22 23 26,7 8 9 17 22 24,2
S003,momentum_state_transition,momentum,975,1,974,expanding,1 6 11 16 21 23,7 8 9 17 22 24,0
S004,conditional_probability,conditional,975,1,974,expanding,1 3 6 21 29 39,7 8 9 17 22 24,0
S005,structure_transition,structure_transition,975,1,974,expanding,6 10 19 24 27 37,7 8 9 17 22 24,1
S006,pair_residual_node,pair_relation_residual,975,1,974,expanding,10 33 34 37 40 43,7 8 9 17 22 24,0
S007,triple_residual_node,triple_relation_residual,975,1,974,expanding,10 33 34 37 40 43,7 8 9 17 22 24,0
S008,family_balanced_hybrid,hybrid,975,1,974,expanding,1 3 6 12 17 37,7 8 9 17 22 24,1
S001,multi_window_frequency,multi_window_frequency,976,1,975,expanding,1 2 18 21 37 39,4 12 14 25 35 37,1
S002,gap_regime_hazard,gap_time,976,1,975,expanding,1 26 31 37 41 42,4 12 14 25 35 37,1
S003,momentum_state_transition,momentum,976,1,975,expanding,1 6 11 16 17 21,4 12 14 25 35 37,0
S004,conditional_probability,conditional,976,1,975,expanding,1 2 6 9 17 21,4 12 14 25 35 37,0
S005,structure_transition,structure_transition,976,1,975,expanding,6 10 22 25 29 35,4 12 14 25 35 37,2
S006,pair_residual_node,pair_relation_residual,976,1,975,expanding,10 33 34 37 40 43,4 12 14 25 35 37,1
S007,triple_residual_node,triple_relation_residual,976,1,975,expanding,10 33 34 37 40 43,4 12 14 25 35 37,1
S008,family_balanced_hybrid,hybrid,976,1,975,expanding,1 11 16 17 37 39,4 12 14 25 35 37,1
S001,multi_window_frequency,multi_window_frequency,977,1,976,expanding,2 12 18 21 37 39,2 9 10 14 22 44,1
S002,gap_regime_hazard,gap_time,977,1,976,expanding,1 2 11 16 39 44,2 9 10 14 22 44,2
S003,momentum_state_transition,momentum,977,1,976,expanding,1 6 11 14 16 17,2 9 10 14 22 44,1
S004,conditional_probability,conditional,977,1,976,expanding,1 2 6 9 17 39,2 9 10 14 22 44,2
S005,structure_transition,structure_transition,977,1,976,expanding,7 12 17 26 29 40,2 9 10 14 22 44,0
S006,pair_residual_node,pair_relation_residual,977,1,976,expanding,10 33 34 37 40 43,2 9 10 14 22 44,1
S007,triple_residual_node,triple_relation_residual,977,1,976,expanding,10 33 34 37 40 43,2 9 10 14 22 44,1
S008,family_balanced_hybrid,hybrid,977,1,976,expanding,1 11 17 24 37 39,2 9 10 14 22 44,0
S001,multi_window_frequency,multi_window_frequency,978,1,977,expanding,2 9 12 21 37 39,1 7 15 32 34 42,0
S002,gap_regime_hazard,gap_time,978,1,977,expanding,4 7 8 12 17 24,1 7 15 32 34 42,1
S003,momentum_state_transition,momentum,978,1,977,expanding,1 2 6 11 14 16,1 7 15 32 34 42,1
S004,conditional_probability,conditional,978,1,977,expanding,3 14 17 22 37 39,1 7 15 32 34 42,0
S005,structure_transition,structure_transition,978,1,977,expanding,6 19 21 24 38 41,1 7 15 32 34 42,0
S006,pair_residual_node,pair_relation_residual,978,1,977,expanding,10 12 33 34 40 43,1 7 15 32 34 42,1
S007,triple_residual_node,triple_relation_residual,978,1,977,expanding,10 33 34 37 40 43,1 7 15 32 34 42,1
S008,family_balanced_hybrid,hybrid,978,1,977,expanding,4 12 14 17 34 37,1 7 15 32 34 42,1
S001,multi_window_frequency,multi_window_frequency,979,1,978,expanding,1 2 9 21 37 39,7 11 16 21 27 33,1
S002,gap_regime_hazard,gap_time,979,1,978,expanding,2 4 12 25 35 37,7 11 16 21 27 33,0
S003,momentum_state_transition,momentum,979,1,978,expanding,1 6 11 14 17 21,7 11 16 21 27 33,2
S004,conditional_probability,conditional,979,1,978,expanding,1 2 3 17 22 37,7 11 16 21 27 33,0
S005,structure_transition,structure_transition,979,1,978,expanding,1 4 20 25 26 45,7 11 16 21 27 33,0
S006,pair_residual_node,pair_relation_residual,979,1,978,expanding,10 33 34 37 40 43,7 11 16 21 27 33,1
S007,triple_residual_node,triple_relation_residual,979,1,978,expanding,10 33 34 37 40 43,7 11 16 21 27 33,1
S008,family_balanced_hybrid,hybrid,979,1,978,expanding,1 4 10 14 17 37,7 11 16 21 27 33,0
S001,multi_window_frequency,multi_window_frequency,980,1,979,expanding,2 9 21 37 39 42,3 13 16 23 24 35,0
S002,gap_regime_hazard,gap_time,980,1,979,expanding,2 9 10 14 22 44,3 13 16 23 24 35,0
S003,momentum_state_transition,momentum,980,1,979,expanding,6 7 11 16 17 21,3 13 16 23 24 35,1
S004,conditional_probability,conditional,980,1,979,expanding,2 7 9 11 16 17,3 13 16 23 24 35,1
S005,structure_transition,structure_transition,980,1,979,expanding,2 13 17 33 36 38,3 13 16 23 24 35,1
S006,pair_residual_node,pair_relation_residual,980,1,979,expanding,10 33 34 37 40 43,3 13 16 23 24 35,0
S007,triple_residual_node,triple_relation_residual,980,1,979,expanding,10 33 34 37 40 43,3 13 16 23 24 35,0
S008,family_balanced_hybrid,hybrid,980,1,979,expanding,1 10 11 17 34 39,3 13 16 23 24 35,0
S001,multi_window_frequency,multi_window_frequency,981,1,980,expanding,2 16 21 24 37 39,27 36 37 41 43 45,1
S002,gap_regime_hazard,gap_time,981,1,980,expanding,1 7 15 32 34 42,27 36 37 41 43 45,0
S003,momentum_state_transition,momentum,981,1,980,expanding,3 6 7 11 16 17,27 36 37 41 43 45,0
S004,conditional_probability,conditional,981,1,980,expanding,2 7 16 17 22 37,27 36 37 41 43 45,1
S005,structure_transition,structure_transition,981,1,980,expanding,2 13 17 33 36 38,27 36 37 41 43 45,1
S006,pair_residual_node,pair_relation_residual,981,1,980,expanding,10 33 34 37 40 43,27 36 37 41 43 45,2
S007,triple_residual_node,triple_relation_residual,981,1,980,expanding,10 33 34 37 40 43,27 36 37 41 43 45,2
S008,family_balanced_hybrid,hybrid,981,1,980,expanding,1 7 11 17 34 39,27 36 37 41 43 45,0
S001,multi_window_frequency,multi_window_frequency,982,1,981,expanding,2 16 21 24 37 39,5 7 13 20 21 44,1
S002,gap_regime_hazard,gap_time,982,1,981,expanding,3 7 11 13 21 33,5 7 13 20 21 44,3
S003,momentum_state_transition,momentum,982,1,981,expanding,3 6 7 11 14 16,5 7 13 20 21 44,1
S004,conditional_probability,conditional,982,1,981,expanding,1 2 3 7 16 22,5 7 13 20 21 44,1
S005,structure_transition,structure_transition,982,1,981,expanding,2 8 25 29 32 37,5 7 13 20 21 44,0
S006,pair_residual_node,pair_relation_residual,982,1,981,expanding,10 33 34 37 40 43,5 7 13 20 21 44,0
S007,triple_residual_node,triple_relation_residual,982,1,981,expanding,10 33 34 37 40 43,5 7 13 20 21 44,0
S008,family_balanced_hybrid,hybrid,982,1,981,expanding,7 11 14 16 17 39,5 7 13 20 21 44,1
S001,multi_window_frequency,multi_window_frequency,983,1,982,expanding,1 2 7 16 21 37,13 23 26 31 35 43,0
S002,gap_regime_hazard,gap_time,983,1,982,expanding,3 16 23 24 27 35,13 23 26 31 35 43,2
S003,momentum_state_transition,momentum,983,1,982,expanding,3 6 7 11 12 14,13 23 26 31 35 43,0
S004,conditional_probability,conditional,983,1,982,expanding,1 2 16 22 37 44,13 23 26 31 35 43,0
S005,structure_transition,structure_transition,983,1,982,expanding,7 12 17 25 36 38,13 23 26 31 35 43,0
S006,pair_residual_node,pair_relation_residual,983,1,982,expanding,10 33 34 37 40 43,13 23 26 31 35 43,1
S007,triple_residual_node,triple_relation_residual,983,1,982,expanding,10 33 34 37 40 43,13 23 26 31 35 43,1
S008,family_balanced_hybrid,hybrid,983,1,982,expanding,11 12 14 16 18 37,13 23 26 31 35 43,0
S001,multi_window_frequency,multi_window_frequency,984,1,983,expanding,1 2 13 16 21 43,3 10 23 35 36 37,0
S002,gap_regime_hazard,gap_time,984,1,983,expanding,5 27 36 37 41 45,3 10 23 35 36 37,2
S003,momentum_state_transition,momentum,984,1,983,expanding,3 6 7 11 13 14,3 10 23 35 36 37,1
S004,conditional_probability,conditional,984,1,983,expanding,1 2 13 16 35 44,3 10 23 35 36 37,1
S005,structure_transition,structure_transition,984,1,983,expanding,3 14 18 23 25 40,3 10 23 35 36 37,2
S006,pair_residual_node,pair_relation_residual,984,1,983,expanding,10 33 34 37 40 43,3 10 23 35 36 37,2
S007,triple_residual_node,triple_relation_residual,984,1,983,expanding,10 33 34 37 40 43,3 10 23 35 36 37,2
S008,family_balanced_hybrid,hybrid,984,1,983,expanding,7 13 14 16 21 37,3 10 23 35 36 37,1
S001,multi_window_frequency,multi_window_frequency,985,1,984,expanding,2 13 21 35 36 37,17 21 23 30 34 44,1
S002,gap_regime_hazard,gap_time,985,1,984,expanding,5 7 13 20 21 44,17 21 23 30 34 44,2
S003,momentum_state_transition,momentum,985,1,984,expanding,3 6 7 11 13 14,17 21 23 30 34 44,0
S004,conditional_probability,conditional,985,1,984,expanding,3 9 10 13 23 37,17 21 23 30 34 44,1
S005,structure_transition,structure_transition,985,1,984,expanding,2 4 14 33 37 41,17 21 23 30 34 44,0
S006,pair_residual_node,pair_relation_residual,985,1,984,expanding,10 33 34 37 40 43,17 21 23 30 34 44,1
S007,triple_residual_node,triple_relation_residual,985,1,984,expanding,10 33 34 37 40 43,17 21 23 30 34 44,1
S008,family_balanced_hybrid,hybrid,985,1,984,expanding,7 12 13 14 18 43,17 21 23 30 34 44,0
S001,multi_window_frequency,multi_window_frequency,986,1,985,expanding,13 21 23 35 36 37,7 10 16 28 41 42,0
S002,gap_regime_hazard,gap_time,986,1,985,expanding,3 10 13 26 31 43,7 10 16 28 41 42,1
S003,momentum_state_transition,momentum,986,1,985,expanding,3 6 7 10 11 13,7 10 16 28 41 42,2
S004,conditional_probability,conditional,986,1,985,expanding,3 7 13 21 37 44,7 10 16 28 41 42,1
S005,structure_transition,structure_transition,986,1,985,expanding,1 4 11 32 36 39,7 10 16 28 41 42,0
S006,pair_residual_node,pair_relation_residual,986,1,985,expanding,10 33 34 37 40 43,7 10 16 28 41 42,1
S007,triple_residual_node,triple_relation_residual,986,1,985,expanding,10 33 34 37 40 43,7 10 16 28 41 42,1
S008,family_balanced_hybrid,hybrid,986,1,985,expanding,3 10 13 14 37 43,7 10 16 28 41 42,1
S001,multi_window_frequency,multi_window_frequency,987,1,986,expanding,10 13 16 21 23 36,2 4 15 23 29 38,1
S002,gap_regime_hazard,gap_time,987,1,986,expanding,3 17 21 35 36 37,2 4 15 23 29 38,0
S003,momentum_state_transition,momentum,987,1,986,expanding,3 6 7 10 11 13,2 4 15 23 29 38,0
S004,conditional_probability,conditional,987,1,986,expanding,10 13 16 21 35 44,2 4 15 23 29 38,0
S005,structure_transition,structure_transition,987,1,986,expanding,6 19 21 24 38 41,2 4 15 23 29 38,1
S006,pair_residual_node,pair_relation_residual,987,1,986,expanding,10 17 33 34 37 43,2 4 15 23 29 38,0
S007,triple_residual_node,triple_relation_residual,987,1,986,expanding,10 17 33 34 37 43,2 4 15 23 29 38,0
S008,family_balanced_hybrid,hybrid,987,1,986,expanding,3 10 13 17 34 37,2 4 15 23 29 38,0
S001,multi_window_frequency,multi_window_frequency,988,1,987,expanding,2 7 13 16 21 23,2 13 20 30 31 41,2
S002,gap_regime_hazard,gap_time,988,1,987,expanding,7 17 21 30 34 44,2 13 20 30 31 41,1
S003,momentum_state_transition,momentum,988,1,987,expanding,3 7 10 11 14 16,2 13 20 30 31 41,0
S004,conditional_probability,conditional,988,1,987,expanding,3 13 16 21 23 35,2 13 20 30 31 41,1
S005,structure_transition,structure_transition,988,1,987,expanding,10 11 24 31 35 38,2 13 20 30 31 41,1
S006,pair_residual_node,pair_relation_residual,988,1,987,expanding,10 17 33 34 37 43,2 13 20 30 31 41,0
S007,triple_residual_node,triple_relation_residual,988,1,987,expanding,10 17 33 34 37 43,2 13 20 30 31 41,0
S008,family_balanced_hybrid,hybrid,988,1,987,expanding,7 10 16 17 21 34,2 13 20 30 31 41,0
S001,multi_window_frequency,multi_window_frequency,989,1,988,expanding,2 13 16 21 23 41,17 18 21 27 29 33,1
S002,gap_regime_hazard,gap_time,989,1,988,expanding,4 7 10 16 28 42,17 18 21 27 29 33,0
S003,momentum_state_transition,momentum,989,1,988,expanding,3 7 10 11 13 16,17 18 21 27 29 33,0
S004,conditional_probability,conditional,989,1,988,expanding,7 16 21 23 35 41,17 18 21 27 29 33,1
S005,structure_transition,structure_transition,989,1,988,expanding,1 5 14 30 37 40,17 18 21 27 29 33,0
S006,pair_residual_node,pair_relation_residual,989,1,988,expanding,10 13 33 34 37 43,17 18 21 27 29 33,1
S007,triple_residual_node,triple_relation_residual,989,1,988,expanding,10 13 33 34 37 43,17 18 21 27 29 33,1
S008,family_balanced_hybrid,hybrid,989,1,988,expanding,7 10 12 13 16 23,17 18 21 27 29 33,0
S001,multi_window_frequency,multi_window_frequency,990,1,989,expanding,2 13 16 21 23 41,2 4 25 26 36 37,1
S002,gap_regime_hazard,gap_time,990,1,989,expanding,2 4 13 15 23 38,2 4 25 26 36 37,2
S003,momentum_state_transition,momentum,990,1,989,expanding,3 7 11 13 16 17,2 4 25 26 36 37,0
S004,conditional_probability,conditional,990,1,989,expanding,2 3 21 23 35 41,2 4 25 26 36 37,1
S005,structure_transition,structure_transition,990,1,989,expanding,7 9 12 29 38 41,2 4 25 26 36 37,0
S006,pair_residual_node,pair_relation_residual,990,1,989,expanding,10 17 33 34 37 43,2 4 25 26 36 37,1
S007,triple_residual_node,triple_relation_residual,990,1,989,expanding,10 17 33 34 37 43,2 4 25 26 36 37,1
S008,family_balanced_hybrid,hybrid,990,1,989,expanding,2 7 13 17 23 43,2 4 25 26 36 37,1
S001,multi_window_frequency,multi_window_frequency,991,1,990,expanding,2 13 21 23 36 37,13 18 25 31 33 44,1
S002,gap_regime_hazard,gap_time,991,1,990,expanding,13 17 20 30 31 41,13 18 25 31 33 44,2
S003,momentum_state_transition,momentum,991,1,990,expanding,3 7 13 16 17 22,13 18 25 31 33 44,1
S004,conditional_probability,conditional,991,1,990,expanding,2 13 21 36 37 41,13 18 25 31 33 44,1
S005,structure_transition,structure_transition,991,1,990,expanding,6 10 19 24 27 37,13 18 25 31 33 44,0
S006,pair_residual_node,pair_relation_residual,991,1,990,expanding,10 17 33 34 37 43,13 18 25 31 33 44,1
S007,triple_residual_node,triple_relation_residual,991,1,990,expanding,10 17 33 34 37 43,13 18 25 31 33 44,1
S008,family_balanced_hybrid,hybrid,991,1,990,expanding,7 10 13 17 27 43,13 18 25 31 33 44,1
S001,multi_window_frequency,multi_window_frequency,992,1,991,expanding,2 13 18 21 23 36,12 20 26 33 44 45,0
S002,gap_regime_hazard,gap_time,992,1,991,expanding,2 4 17 21 27 29,12 20 26 33 44 45,0
S003,momentum_state_transition,momentum,992,1,991,expanding,3 7 13 16 17 22,12 20 26 33 44 45,0
S004,conditional_probability,conditional,992,1,991,expanding,2 4 7 21 31 44,12 20 26 33 44 45,1
S005,structure_transition,structure_transition,992,1,991,expanding,6 10 19 24 27 37,12 20 26 33 44 45,0
S006,pair_residual_node,pair_relation_residual,992,1,991,expanding,10 13 33 34 37 43,12 20 26 33 44 45,1
S007,triple_residual_node,triple_relation_residual,992,1,991,expanding,10 13 33 34 37 43,12 20 26 33 44 45,1
S008,family_balanced_hybrid,hybrid,992,1,991,expanding,2 7 10 17 21 37,12 20 26 33 44 45,0
S001,multi_window_frequency,multi_window_frequency,993,1,992,expanding,2 13 21 23 33 44,6 14 16 18 24 42,0
S002,gap_regime_hazard,gap_time,993,1,992,expanding,2 4 13 18 36 37,6 14 16 18 24 42,1
S003,momentum_state_transition,momentum,993,1,992,expanding,4 7 13 16 17 20,6 14 16 18 24 42,1
S004,conditional_probability,conditional,993,1,992,expanding,2 13 26 31 33 44,6 14 16 18 24 42,0
S005,structure_transition,structure_transition,993,1,992,expanding,4 9 15 38 42 44,6 14 16 18 24 42,1
S006,pair_residual_node,pair_relation_residual,993,1,992,expanding,10 13 33 34 37 43,6 14 16 18 24 42,0
S007,triple_residual_node,triple_relation_residual,993,1,992,expanding,10 13 33 34 37 43,6 14 16 18 24 42,0
S008,family_balanced_hybrid,hybrid,993,1,992,expanding,2 4 13 17 18 33,6 14 16 18 24 42,1
S001,multi_window_frequency,multi_window_frequency,994,1,993,expanding,2 13 16 18 21 44,1 3 8 24 27 35,0
S002,gap_regime_hazard,gap_time,994,1,993,expanding,12 13 20 25 26 31,1 3 8 24 27 35,0
S003,momentum_state_transition,momentum,994,1,993,expanding,4 7 13 14 16 17,1 3 8 24 27 35,0
S004,conditional_probability,conditional,994,1,993,expanding,2 4 18 23 33 44,1 3 8 24 27 35,0
S005,structure_transition,structure_transition,994,1,993,expanding,9 10 12 23 25 42,1 3 8 24 27 35,0
S006,pair_residual_node,pair_relation_residual,994,1,993,expanding,10 13 33 34 37 43,1 3 8 24 27 35,0
S007,triple_residual_node,triple_relation_residual,994,1,993,expanding,10 13 33 34 37 43,1 3 8 24 27 35,0
S008,family_balanced_hybrid,hybrid,994,1,993,expanding,4 10 13 17 33 44,1 3 8 24 27 35,0
S001,multi_window_frequency,multi_window_frequency,995,1,994,expanding,2 13 16 18 21 44,1 4 13 29 38 39,1
S002,gap_regime_hazard,gap_time,995,1,994,expanding,12 20 26 33 44 45,1 4 13 29 38 39,0
S003,momentum_state_transition,momentum,995,1,994,expanding,3 4 7 13 14 17,1 4 13 29 38 39,2
S004,conditional_probability,conditional,995,1,994,expanding,2 4 13 18 33 44,1 4 13 29 38 39,2
S005,structure_transition,structure_transition,995,1,994,expanding,4 8 15 29 33 44,1 4 13 29 38 39,2
S006,pair_residual_node,pair_relation_residual,995,1,994,expanding,10 13 33 34 37 43,1 4 13 29 38 39,1
S007,triple_residual_node,triple_relation_residual,995,1,994,expanding,10 13 33 34 37 43,1 4 13 29 38 39,1
S008,family_balanced_hybrid,hybrid,995,1,994,expanding,4 13 17 18 33 44,1 4 13 29 38 39,2
S001,multi_window_frequency,multi_window_frequency,996,1,995,expanding,2 13 16 18 21 33,6 11 15 24 32 39,0
S002,gap_regime_hazard,gap_time,996,1,995,expanding,3 6 14 16 18 42,6 11 15 24 32 39,1
S003,momentum_state_transition,momentum,996,1,995,expanding,3 4 7 13 14 20,6 11 15 24 32 39,0
S004,conditional_probability,conditional,996,1,995,expanding,2 4 13 18 29 33,6 11 15 24 32 39,0
S005,structure_transition,structure_transition,996,1,995,expanding,7 12 17 25 36 38,6 11 15 24 32 39,0
S006,pair_residual_node,pair_relation_residual,996,1,995,expanding,10 13 33 34 37 43,6 11 15 24 32 39,0
S007,triple_residual_node,triple_relation_residual,996,1,995,expanding,10 13 33 34 37 43,6 11 15 24 32 39,0
S008,family_balanced_hybrid,hybrid,996,1,995,expanding,4 13 14 18 27 33,6 11 15 24 32 39,0
S001,multi_window_frequency,multi_window_frequency,997,1,996,expanding,2 13 18 21 24 39,4 7 14 16 24 44,1
S002,gap_regime_hazard,gap_time,997,1,996,expanding,1 3 4 8 27 35,4 7 14 16 24 44,1
S003,momentum_state_transition,momentum,997,1,996,expanding,3 4 7 10 13 15,4 7 14 16 24 44,2
S004,conditional_probability,conditional,997,1,996,expanding,2 4 13 18 24 29,4 7 14 16 24 44,2
S005,structure_transition,structure_transition,997,1,996,expanding,4 17 20 25 39 44,4 7 14 16 24 44,2
S006,pair_residual_node,pair_relation_residual,997,1,996,expanding,10 13 33 34 37 43,4 7 14 16 24 44,0
S007,triple_residual_node,triple_relation_residual,997,1,996,expanding,10 13 33 34 37 43,4 7 14 16 24 44,0
S008,family_balanced_hybrid,hybrid,997,1,996,expanding,1 4 10 13 27 33,4 7 14 16 24 44,1
S001,multi_window_frequency,multi_window_frequency,998,1,997,expanding,2 13 16 21 24 44,13 17 18 20 42 45,1
S002,gap_regime_hazard,gap_time,998,1,997,expanding,1 6 11 13 29 38,13 17 18 20 42 45,1
S003,momentum_state_transition,momentum,998,1,997,expanding,3 4 7 13 15 20,13 17 18 20 42 45,2
S004,conditional_probability,conditional,998,1,997,expanding,1 4 13 18 33 44,13 17 18 20 42 45,2
S005,structure_transition,structure_transition,998,1,997,expanding,7 12 17 25 36 38,13 17 18 20 42 45,1
S006,pair_residual_node,pair_relation_residual,998,1,997,expanding,10 13 14 34 37 43,13 17 18 20 42 45,1
S007,triple_residual_node,triple_relation_residual,998,1,997,expanding,10 13 14 34 37 43,13 17 18 20 42 45,1
S008,family_balanced_hybrid,hybrid,998,1,997,expanding,1 4 10 13 33 39,13 17 18 20 42 45,1
S001,multi_window_frequency,multi_window_frequency,999,1,998,expanding,13 16 18 21 24 44,1 3 9 14 18 28,1
S002,gap_regime_hazard,gap_time,999,1,998,expanding,4 6 11 15 32 39,1 3 9 14 18 28,0
S003,momentum_state_transition,momentum,999,1,998,expanding,3 4 7 13 16 20,1 3 9 14 18 28,1
S004,conditional_probability,conditional,999,1,998,expanding,1 4 6 13 33 44,1 3 9 14 18 28,1
S005,structure_transition,structure_transition,999,1,998,expanding,1 4 6 31 40 45,1 3 9 14 18 28,1
S006,pair_residual_node,pair_relation_residual,999,1,998,expanding,10 13 14 34 37 43,1 3 9 14 18 28,1
S007,triple_residual_node,triple_relation_residual,999,1,998,expanding,10 13 14 34 37 43,1 3 9 14 18 28,1
S008,family_balanced_hybrid,hybrid,999,1,998,expanding,4 13 14 16 33 39,1 3 9 14 18 28,1
S001,multi_window_frequency,multi_window_frequency,1000,1,999,expanding,2 13 16 18 24 44,2 8 19 22 32 42,1
S002,gap_regime_hazard,gap_time,1000,1,999,expanding,4 7 13 16 24 44,2 8 19 22 32 42,0
S003,momentum_state_transition,momentum,1000,1,999,expanding,3 4 13 20 23 26,2 8 19 22 32 42,0
S004,conditional_probability,conditional,1000,1,999,expanding,1 3 4 13 14 44,2 8 19 22 32 42,0
S005,structure_transition,structure_transition,1000,1,999,expanding,10 15 18 25 39 42,2 8 19 22 32 42,1
S006,pair_residual_node,pair_relation_residual,1000,1,999,expanding,10 14 33 34 37 43,2 8 19 22 32 42,0
S007,triple_residual_node,triple_relation_residual,1000,1,999,expanding,10 14 33 34 37 43,2 8 19 22 32 42,0
S008,family_balanced_hybrid,hybrid,1000,1,999,expanding,4 10 13 16 33 44,2 8 19 22 32 42,0
S001,multi_window_frequency,multi_window_frequency,1001,1,1000,expanding,2 13 18 24 42 44,6 10 12 14 20 42,1
S002,gap_regime_hazard,gap_time,1001,1,1000,expanding,1 3 13 17 20 45,6 10 12 14 20 42,1
S003,momentum_state_transition,momentum,1001,1,1000,expanding,4 18 20 26 27 33,6 10 12 14 20 42,1
S004,conditional_probability,conditional,1001,1,1000,expanding,1 3 13 14 42 44,6 10 12 14 20 42,2
S005,structure_transition,structure_transition,1001,1,1000,expanding,6 10 19 24 27 37,6 10 12 14 20 42,2
S006,pair_residual_node,pair_relation_residual,1001,1,1000,expanding,10 13 14 34 37 43,6 10 12 14 20 42,2
S007,triple_residual_node,triple_relation_residual,1001,1,1000,expanding,10 14 33 34 37 43,6 10 12 14 20 42,2
S008,family_balanced_hybrid,hybrid,1001,1,1000,expanding,1 4 13 14 18 33,6 10 12 14 20 42,1
S001,multi_window_frequency,multi_window_frequency,1002,1,1001,expanding,2 13 14 18 24 42,17 25 33 35 38 45,0
S002,gap_regime_hazard,gap_time,1002,1,1001,expanding,1 2 3 9 18 28,17 25 33 35 38 45,0
S003,momentum_state_transition,momentum,1002,1,1001,expanding,4 10 18 20 26 31,17 25 33 35 38 45,0
S004,conditional_probability,conditional,1002,1,1001,expanding,1 3 4 6 18 20,17 25 33 35 38 45,0
S005,structure_transition,structure_transition,1002,1,1001,expanding,2 4 14 33 37 41,17 25 33 35 38 45,1
S006,pair_residual_node,pair_relation_residual,1002,1,1001,expanding,10 14 33 34 37 43,17 25 33 35 38 45,1
S007,triple_residual_node,triple_relation_residual,1002,1,1001,expanding,10 14 33 34 37 43,17 25 33 35 38 45,1
S008,family_balanced_hybrid,hybrid,1002,1,1001,expanding,1 4 18 34 37 39,17 25 33 35 38 45,0
S001,multi_window_frequency,multi_window_frequency,1003,1,1002,expanding,2 13 14 18 24 42,1 4 29 39 43 45,0
S002,gap_regime_hazard,gap_time,1003,1,1002,expanding,2 6 8 19 22 32,1 4 29 39 43 45,0
S003,momentum_state_transition,momentum,1003,1,1002,expanding,4 10 18 20 26 31,1 4 29 39 43 45,1
S004,conditional_probability,conditional,1003,1,1002,expanding,1 3 4 6 8 18,1 4 29 39 43 45,2
S005,structure_transition,structure_transition,1003,1,1002,expanding,2 20 22 35 37 39,1 4 29 39 43 45,1
S006,pair_residual_node,pair_relation_residual,1003,1,1002,expanding,10 14 33 34 37 43,1 4 29 39 43 45,1
S007,triple_residual_node,triple_relation_residual,1003,1,1002,expanding,10 14 33 34 37 43,1 4 29 39 43 45,1
S008,family_balanced_hybrid,hybrid,1003,1,1002,expanding,4 10 13 14 18 20,1 4 29 39 43 45,1
S001,multi_window_frequency,multi_window_frequency,1004,1,1003,expanding,1 2 4 13 24 42,7 15 30 37 39 44,0
S002,gap_regime_hazard,gap_time,1004,1,1003,expanding,6 10 12 14 20 42,7 15 30 37 39 44,0
S003,momentum_state_transition,momentum,1004,1,1003,expanding,4 10 18 20 33 38,7 15 30 37 39 44,0
S004,conditional_probability,conditional,1004,1,1003,expanding,4 14 24 39 42 45,7 15 30 37 39 44,1
S005,structure_transition,structure_transition,1004,1,1003,expanding,1 6 16 35 37 42,7 15 30 37 39 44,1
S006,pair_residual_node,pair_relation_residual,1004,1,1003,expanding,10 14 33 34 37 43,7 15 30 37 39 44,1
S007,triple_residual_node,triple_relation_residual,1004,1,1003,expanding,10 14 33 34 37 43,7 15 30 37 39 44,1
S008,family_balanced_hybrid,hybrid,1004,1,1003,expanding,4 10 14 18 33 42,7 15 30 37 39 44,0
S001,multi_window_frequency,multi_window_frequency,1005,1,1004,expanding,4 13 18 39 42 44,8 13 18 24 27 29,2
S002,gap_regime_hazard,gap_time,1005,1,1004,expanding,1 17 25 33 35 38,8 13 18 24 27 29,0
S003,momentum_state_transition,momentum,1005,1,1004,expanding,4 15 18 20 30 33,8 13 18 24 27 29,1
S004,conditional_probability,conditional,1005,1,1004,expanding,1 4 6 14 42 45,8 13 18 24 27 29,0
S005,structure_transition,structure_transition,1005,1,1004,expanding,4 16 21 31 35 37,8 13 18 24 27 29,0
S006,pair_residual_node,pair_relation_residual,1005,1,1004,expanding,10 14 33 34 37 43,8 13 18 24 27 29,0
S007,triple_residual_node,triple_relation_residual,1005,1,1004,expanding,10 14 33 34 37 43,8 13 18 24 27 29,0
S008,family_balanced_hybrid,hybrid,1005,1,1004,expanding,1 4 13 17 18 33,8 13 18 24 27 29,2
S001,multi_window_frequency,multi_window_frequency,1006,1,1005,expanding,13 18 24 39 42 44,8 11 15 16 17 37,0
S002,gap_regime_hazard,gap_time,1006,1,1005,expanding,1 4 7 15 43 45,8 11 15 16 17 37,1
S003,momentum_state_transition,momentum,1006,1,1005,expanding,4 8 15 18 20 25,8 11 15 16 17 37,2
S004,conditional_probability,conditional,1006,1,1005,expanding,14 18 24 39 42 45,8 11 15 16 17 37,0
S005,structure_transition,structure_transition,1006,1,1005,expanding,16 19 20 24 31 39,8 11 15 16 17 37,1
S006,pair_residual_node,pair_relation_residual,1006,1,1005,expanding,10 14 33 34 37 43,8 11 15 16 17 37,1
S007,triple_residual_node,triple_relation_residual,1006,1,1005,expanding,10 14 33 34 37 43,8 11 15 16 17 37,1
S008,family_balanced_hybrid,hybrid,1006,1,1005,expanding,1 4 14 15 18 39,8 11 15 16 17 37,1
S001,multi_window_frequency,multi_window_frequency,1007,1,1006,expanding,13 16 18 24 42 44,8 11 16 19 21 25,1
S002,gap_regime_hazard,gap_time,1007,1,1006,expanding,7 13 18 30 39 44,8 11 16 19 21 25,0
S003,momentum_state_transition,momentum,1007,1,1006,expanding,4 8 15 18 20 25,8 11 16 19 21 25,2
S004,conditional_probability,conditional,1007,1,1006,expanding,8 14 17 18 42 45,8 11 16 19 21 25,1
S005,structure_transition,structure_transition,1007,1,1006,expanding,1 4 11 32 36 39,8 11 16 19 21 25,1
S006,pair_residual_node,pair_relation_residual,1007,1,1006,expanding,10 14 33 34 37 43,8 11 16 19 21 25,0
S007,triple_residual_node,triple_relation_residual,1007,1,1006,expanding,10 14 33 34 37 43,8 11 16 19 21 25,0
S008,family_balanced_hybrid,hybrid,1007,1,1006,expanding,4 7 13 14 18 39,8 11 16 19 21 25,0
S001,multi_window_frequency,multi_window_frequency,1008,1,1007,expanding,13 16 18 21 39 42,9 11 30 31 41 44,0
S002,gap_regime_hazard,gap_time,1008,1,1007,expanding,13 15 18 24 27 29,9 11 30 31 41 44,0
S003,momentum_state_transition,momentum,1008,1,1007,expanding,1 4 6 8 15 18,9 11 30 31 41 44,0
S004,conditional_probability,conditional,1008,1,1007,expanding,1 11 17 18 42 45,9 11 30 31 41 44,1
S005,structure_transition,structure_transition,1008,1,1007,expanding,9 14 18 28 36 41,9 11 30 31 41 44,2
S006,pair_residual_node,pair_relation_residual,1008,1,1007,expanding,10 14 33 34 37 43,9 11 30 31 41 44,0
S007,triple_residual_node,triple_relation_residual,1008,1,1007,expanding,10 14 33 34 37 43,9 11 30 31 41 44,0
S008,family_balanced_hybrid,hybrid,1008,1,1007,expanding,1 13 15 17 18 37,9 11 30 31 41 44,0
S001,multi_window_frequency,multi_window_frequency,1009,1,1008,expanding,11 13 16 18 42 44,15 23 29 34 40 44,1
S002,gap_regime_hazard,gap_time,1009,1,1008,expanding,8 15 16 17 19 37,15 23 29 34 40 44,1
S003,momentum_state_transition,momentum,1009,1,1008,expanding,1 4 6 8 14 15,15 23 29 34 40 44,1
S004,conditional_probability,conditional,1009,1,1008,expanding,1 9 11 14 15 16,15 23 29 34 40 44,1
S005,structure_transition,structure_transition,1009,1,1008,expanding,9 19 21 26 33 38,15 23 29 34 40 44,0
S006,pair_residual_node,pair_relation_residual,1009,1,1008,expanding,10 13 14 34 37 43,15 23 29 34 40 44,1
S007,triple_residual_node,triple_relation_residual,1009,1,1008,expanding,10 13 14 34 37 43,15 23 29 34 40 44,1
S008,family_balanced_hybrid,hybrid,1009,1,1008,expanding,1 14 15 17 18 37,15 23 29 34 40 44,1
S001,multi_window_frequency,multi_window_frequency,1010,1,1009,expanding,13 15 16 18 42 44,9 12 15 25 34 36,1
S002,gap_regime_hazard,gap_time,1010,1,1009,expanding,8 9 16 19 21 25,9 12 15 25 34 36,2
S003,momentum_state_transition,momentum,1010,1,1009,expanding,1 4 6 8 14 15,9 12 15 25 34 36,1
S004,conditional_probability,conditional,1010,1,1009,expanding,11 15 16 17 29 44,9 12 15 25 34 36,1
S005,structure_transition,structure_transition,1010,1,1009,expanding,9 17 20 24 29 36,9 12 15 25 34 36,2
S006,pair_residual_node,pair_relation_residual,1010,1,1009,expanding,10 13 14 34 37 43,9 12 15 25 34 36,1
S007,triple_residual_node,triple_relation_residual,1010,1,1009,expanding,10 13 14 34 37 43,9 12 15 25 34 36,1
S008,family_balanced_hybrid,hybrid,1010,1,1009,expanding,1 4 11 14 15 39,9 12 15 25 34 36,1
S001,multi_window_frequency,multi_window_frequency,1011,1,1010,expanding,13 15 16 18 42 44,1 9 12 26 35 38,0
S002,gap_regime_hazard,gap_time,1011,1,1010,expanding,11 23 29 30 31 41,1 9 12 26 35 38,0
S003,momentum_state_transition,momentum,1011,1,1010,expanding,1 6 8 9 11 12,1 9 12 26 35 38,3
S004,conditional_probability,conditional,1011,1,1010,expanding,8 9 11 25 29 44,1 9 12 26 35 38,1
S005,structure_transition,structure_transition,1011,1,1010,expanding,3 14 18 23 25 40,1 9 12 26 35 38,0
S006,pair_residual_node,pair_relation_residual,1011,1,1010,expanding,10 13 14 34 37 43,1 9 12 26 35 38,0
S007,triple_residual_node,triple_relation_residual,1011,1,1010,expanding,10 13 14 34 37 43,1 9 12 26 35 38,0
S008,family_balanced_hybrid,hybrid,1011,1,1010,expanding,1 11 12 14 18 39,1 9 12 26 35 38,2
S001,multi_window_frequency,multi_window_frequency,1012,1,1011,expanding,12 13 15 16 18 44,5 11 18 20 35 45,1
S002,gap_regime_hazard,gap_time,1012,1,1011,expanding,15 23 25 29 40 44,5 11 18 20 35 45,0
S003,momentum_state_transition,momentum,1012,1,1011,expanding,1 6 8 9 11 12,5 11 18 20 35 45,1
S004,conditional_probability,conditional,1012,1,1011,expanding,8 9 11 25 29 44,5 11 18 20 35 45,1
S005,structure_transition,structure_transition,1012,1,1011,expanding,7 16 18 29 33 38,5 11 18 20 35 45,1
S006,pair_residual_node,pair_relation_residual,1012,1,1011,expanding,10 12 14 34 37 43,5 11 18 20 35 45,0
S007,triple_residual_node,triple_relation_residual,1012,1,1011,expanding,10 12 14 34 37 43,5 11 18 20 35 45,0
S008,family_balanced_hybrid,hybrid,1012,1,1011,expanding,11 12 15 18 34 39,5 11 18 20 35 45,2
S001,multi_window_frequency,multi_window_frequency,1013,1,1012,expanding,11 12 13 15 18 44,21 22 26 34 36 41,0
S002,gap_regime_hazard,gap_time,1013,1,1012,expanding,1 9 15 25 34 36,21 22 26 34 36 41,2
S003,momentum_state_transition,momentum,1013,1,1012,expanding,1 6 8 9 11 12,21 22 26 34 36 41,0
S004,conditional_probability,conditional,1013,1,1012,expanding,1 8 9 12 29 44,21 22 26 34 36 41,0
S005,structure_transition,structure_transition,1013,1,1012,expanding,3 4 26 29 38 43,21 22 26 34 36 41,1
S006,pair_residual_node,pair_relation_residual,1013,1,1012,expanding,10 12 14 34 37 43,21 22 26 34 36 41,1
S007,triple_residual_node,triple_relation_residual,1013,1,1012,expanding,10 12 14 34 37 43,21 22 26 34 36 41,1
S008,family_balanced_hybrid,hybrid,1013,1,1012,expanding,1 12 14 15 18 34,21 22 26 34 36 41,1
S001,multi_window_frequency,multi_window_frequency,1014,1,1013,expanding,11 12 15 18 21 44,3 11 14 18 26 27,2
S002,gap_regime_hazard,gap_time,1014,1,1013,expanding,1 5 9 11 12 38,3 11 14 18 26 27,1
S003,momentum_state_transition,momentum,1014,1,1013,expanding,1 8 9 11 12 15,3 11 14 18 26 27,1
S004,conditional_probability,conditional,1014,1,1013,expanding,8 9 12 16 34 44,3 11 14 18 26 27,0
S005,structure_transition,structure_transition,1014,1,1013,expanding,1 4 11 32 36 39,3 11 14 18 26 27,1
S006,pair_residual_node,pair_relation_residual,1014,1,1013,expanding,10 12 14 34 37 43,3 11 14 18 26 27,1
S007,triple_residual_node,triple_relation_residual,1014,1,1013,expanding,10 12 14 34 37 43,3 11 14 18 26 27,1
S008,family_balanced_hybrid,hybrid,1014,1,1013,expanding,1 10 11 12 18 34,3 11 14 18 26 27,2
S001,multi_window_frequency,multi_window_frequency,1015,1,1014,expanding,11 12 15 18 21 44,14 23 31 33 37 40,0
S002,gap_regime_hazard,gap_time,1015,1,1014,expanding,5 20 21 22 35 45,14 23 31 33 37 40,0
S003,momentum_state_transition,momentum,1015,1,1014,expanding,1 8 9 11 12 15,14 23 31 33 37 40,0
S004,conditional_probability,conditional,1015,1,1014,expanding,8 9 11 15 18 26,14 23 31 33 37 40,0
S005,structure_transition,structure_transition,1015,1,1014,expanding,6 10 19 24 27 37,14 23 31 33 37 40,1
S006,pair_residual_node,pair_relation_residual,1015,1,1014,expanding,10 12 14 34 37 43,14 23 31 33 37 40,2
S007,triple_residual_node,triple_relation_residual,1015,1,1014,expanding,10 12 14 34 37 43,14 23 31 33 37 40,2
S008,family_balanced_hybrid,hybrid,1015,1,1014,expanding,10 11 12 15 34 36,14 23 31 33 37 40,0
S001,multi_window_frequency,multi_window_frequency,1016,1,1015,expanding,11 12 15 18 21 44,15 26 28 34 41 42,1
S002,gap_regime_hazard,gap_time,1016,1,1015,expanding,3 21 22 34 36 41,15 26 28 34 41 42,2
S003,momentum_state_transition,momentum,1016,1,1015,expanding,8 9 11 12 15 17,15 26 28 34 41 42,1
S004,conditional_probability,conditional,1016,1,1015,expanding,8 9 11 15 26 34,15 26 28 34 41 42,3
S005,structure_transition,structure_transition,1016,1,1015,expanding,7 12 17 26 29 40,15 26 28 34 41 42,1
S006,pair_residual_node,pair_relation_residual,1016,1,1015,expanding,10 12 14 34 37 43,15 26 28 34 41 42,1
S007,triple_residual_node,triple_relation_residual,1016,1,1015,expanding,10 12 14 34 37 43,15 26 28 34 41 42,1
S008,family_balanced_hybrid,hybrid,1016,1,1015,expanding,11 12 15 18 34 36,15 26 28 34 41 42,2
S001,multi_window_frequency,multi_window_frequency,1017,1,1016,expanding,11 12 15 18 34 41,12 18 22 23 30 34,3
S002,gap_regime_hazard,gap_time,1017,1,1016,expanding,3 11 14 18 23 27,12 18 22 23 30 34,2
S003,momentum_state_transition,momentum,1017,1,1016,expanding,8 9 11 12 14 17,12 18 22 23 30 34,1
S004,conditional_probability,conditional,1017,1,1016,expanding,9 12 14 15 18 41,12 18 22 23 30 34,2
S005,structure_transition,structure_transition,1017,1,1016,expanding,4 17 20 25 39 44,12 18 22 23 30 34,0
S006,pair_residual_node,pair_relation_residual,1017,1,1016,expanding,10 12 14 34 37 43,12 18 22 23 30 34,2
S007,triple_residual_node,triple_relation_residual,1017,1,1016,expanding,10 12 14 34 37 43,12 18 22 23 30 34,2
S008,family_balanced_hybrid,hybrid,1017,1,1016,expanding,11 12 13 14 18 34,12 18 22 23 30 34,3
S001,multi_window_frequency,multi_window_frequency,1018,1,1017,expanding,11 12 15 18 34 41,3 19 21 25 37 45,0
S002,gap_regime_hazard,gap_time,1018,1,1017,expanding,14 15 31 33 37 40,3 19 21 25 37 45,1
S003,momentum_state_transition,momentum,1018,1,1017,expanding,8 9 11 12 14 17,3 19 21 25 37 45,0
S004,conditional_probability,conditional,1018,1,1017,expanding,9 11 12 15 18 34,3 19 21 25 37 45,0
S005,structure_transition,structure_transition,1018,1,1017,expanding,1 5 22 29 32 36,3 19 21 25 37 45,0
S006,pair_residual_node,pair_relation_residual,1018,1,1017,expanding,10 12 14 34 37 43,3 19 21 25 37 45,1
S007,triple_residual_node,triple_relation_residual,1018,1,1017,expanding,10 12 14 34 37 43,3 19 21 25 37 45,1
S008,family_balanced_hybrid,hybrid,1018,1,1017,expanding,11 12 13 14 15 34,3 19 21 25 37 45,0
S001,multi_window_frequency,multi_window_frequency,1019,1,1018,expanding,12 15 18 21 26 34,1 4 13 17 34 39,1
S002,gap_regime_hazard,gap_time,1019,1,1018,expanding,12 15 26 28 41 42,1 4 13 17 34 39,0
S003,momentum_state_transition,momentum,1019,1,1018,expanding,1 8 9 11 12 14,1 4 13 17 34 39,1
S004,conditional_probability,conditional,1019,1,1018,expanding,3 12 15 18 23 34,1 4 13 17 34 39,1
S005,structure_transition,structure_transition,1019,1,1018,expanding,3 4 26 29 38 43,1 4 13 17 34 39,1
S006,pair_residual_node,pair_relation_residual,1019,1,1018,expanding,10 12 14 34 37 43,1 4 13 17 34 39,1
S007,triple_residual_node,triple_relation_residual,1019,1,1018,expanding,10 12 14 34 37 43,1 4 13 17 34 39,1
S008,family_balanced_hybrid,hybrid,1019,1,1018,expanding,11 12 14 15 18 34,1 4 13 17 34 39,1
S001,multi_window_frequency,multi_window_frequency,1020,1,1019,expanding,12 15 18 21 26 34,12 27 29 38 41 45,1
S002,gap_regime_hazard,gap_time,1020,1,1019,expanding,3 12 18 22 23 30,12 27 29 38 41 45,1
S003,momentum_state_transition,momentum,1020,1,1019,expanding,8 9 11 12 15 19,12 27 29 38 41 45,1
S004,conditional_probability,conditional,1020,1,1019,expanding,1 3 9 12 18 34,12 27 29 38 41 45,1
S005,structure_transition,structure_transition,1020,1,1019,expanding,3 13 18 32 37 44,12 27 29 38 41 45,0
S006,pair_residual_node,pair_relation_residual,1020,1,1019,expanding,10 12 14 34 37 43,12 27 29 38 41 45,1
S007,triple_residual_node,triple_relation_residual,1020,1,1019,expanding,10 12 14 34 37 43,12 27 29 38 41 45,1
S008,family_balanced_hybrid,hybrid,1020,1,1019,expanding,11 12 15 18 34 37,12 27 29 38 41 45,1
S001,multi_window_frequency,multi_window_frequency,1021,1,1020,expanding,12 18 21 34 41 45,12 15 17 24 29 45,2
S002,gap_regime_hazard,gap_time,1021,1,1020,expanding,1 3 19 21 25 37,12 15 17 24 29 45,0
S003,momentum_state_transition,momentum,1021,1,1020,expanding,8 9 11 12 15 25,12 15 17 24 29 45,2
S004,conditional_probability,conditional,1021,1,1020,expanding,1 3 12 18 41 45,12 15 17 24 29 45,2
S005,structure_transition,structure_transition,1021,1,1020,expanding,6 10 19 24 27 37,12 15 17 24 29 45,1
S006,pair_residual_node,pair_relation_residual,1021,1,1020,expanding,10 12 14 34 37 43,12 15 17 24 29 45,1
S007,triple_residual_node,triple_relation_residual,1021,1,1020,expanding,10 12 14 34 37 43,12 15 17 24 29 45,1
S008,family_balanced_hybrid,hybrid,1021,1,1020,expanding,1 11 12 13 18 34,12 15 17 24 29 45,1
S001,multi_window_frequency,multi_window_frequency,1022,1,1021,expanding,12 15 18 34 41 45,5 6 11 29 42 45,1
S002,gap_regime_hazard,gap_time,1022,1,1021,expanding,1 4 13 27 34 39,5 6 11 29 42 45,0
S003,momentum_state_transition,momentum,1022,1,1021,expanding,8 9 11 12 15 25,5 6 11 29 42 45,1
S004,conditional_probability,conditional,1022,1,1021,expanding,3 11 12 18 26 41,5 6 11 29 42 45,1
S005,structure_transition,structure_transition,1022,1,1021,expanding,6 16 19 35 41 44,5 6 11 29 42 45,1
S006,pair_residual_node,pair_relation_residual,1022,1,1021,expanding,10 12 14 34 37 43,5 6 11 29 42 45,0
S007,triple_residual_node,triple_relation_residual,1022,1,1021,expanding,10 12 14 34 37 43,5 6 11 29 42 45,0
S008,family_balanced_hybrid,hybrid,1022,1,1021,expanding,11 12 13 14 27 34,5 6 11 29 42 45,1
S001,multi_window_frequency,multi_window_frequency,1023,1,1022,expanding,12 15 18 34 42 45,10 14 16 18 29 35,1
S002,gap_regime_hazard,gap_time,1023,1,1022,expanding,12 15 17 27 38 41,10 14 16 18 29 35,0
S003,momentum_state_transition,momentum,1023,1,1022,expanding,8 9 11 12 15 21,10 14 16 18 29 35,0
S004,conditional_probability,conditional,1023,1,1022,expanding,3 11 12 26 29 41,10 14 16 18 29 35,1
S005,structure_transition,structure_transition,1023,1,1022,expanding,6 10 19 24 27 37,10 14 16 18 29 35,1
S006,pair_residual_node,pair_relation_residual,1023,1,1022,expanding,10 12 14 34 37 43,10 14 16 18 29 35,2
S007,triple_residual_node,triple_relation_residual,1023,1,1022,expanding,10 12 14 34 37 43,10 14 16 18 29 35,2
S008,family_balanced_hybrid,hybrid,1023,1,1022,expanding,12 14 15 27 34 37,10 14 16 18 29 35,1
S001,multi_window_frequency,multi_window_frequency,1024,1,1023,expanding,12 15 18 29 34 45,9 18 20 22 38 44,1
S002,gap_regime_hazard,gap_time,1024,1,1023,expanding,5 6 12 15 17 24,9 18 20 22 38 44,0
S003,momentum_state_transition,momentum,1024,1,1023,expanding,8 9 11 12 15 21,9 18 20 22 38 44,1
S004,conditional_probability,conditional,1024,1,1023,expanding,3 11 12 14 18 34,9 18 20 22 38 44,1
S005,structure_transition,structure_transition,1024,1,1023,expanding,1 5 22 29 32 36,9 18 20 22 38 44,1
S006,pair_residual_node,pair_relation_residual,1024,1,1023,expanding,10 12 14 18 34 37,9 18 20 22 38 44,1
S007,triple_residual_node,triple_relation_residual,1024,1,1023,expanding,10 12 14 18 34 37,9 18 20 22 38 44,1
S008,family_balanced_hybrid,hybrid,1024,1,1023,expanding,11 12 15 17 34 37,9 18 20 22 38 44,0
S001,multi_window_frequency,multi_window_frequency,1025,1,1024,expanding,12 15 18 29 34 45,8 9 20 25 29 33,1
S002,gap_regime_hazard,gap_time,1025,1,1024,expanding,5 6 10 11 42 45,8 9 20 25 29 33,0
S003,momentum_state_transition,momentum,1025,1,1024,expanding,8 9 11 12 21 22,8 9 20 25 29 33,2
S004,conditional_probability,conditional,1025,1,1024,expanding,12 14 15 17 18 34,8 9 20 25 29 33,0
S005,structure_transition,structure_transition,1025,1,1024,expanding,1 6 20 26 33 35,8 9 20 25 29 33,2
S006,pair_residual_node,pair_relation_residual,1025,1,1024,expanding,10 12 14 18 34 37,8 9 20 25 29 33,0
S007,triple_residual_node,triple_relation_residual,1025,1,1024,expanding,10 12 14 18 34 37,8 9 20 25 29 33,0
S008,family_balanced_hybrid,hybrid,1025,1,1024,expanding,11 12 14 18 34 37,8 9 20 25 29 33,0
S001,multi_window_frequency,multi_window_frequency,1026,1,1025,expanding,12 15 18 29 34 45,5 12 13 31 32 41,1
S002,gap_regime_hazard,gap_time,1026,1,1025,expanding,10 14 16 18 22 35,5 12 13 31 32 41,0
S003,momentum_state_transition,momentum,1026,1,1025,expanding,9 11 12 21 22 23,5 12 13 31 32 41,1
S004,conditional_probability,conditional,1026,1,1025,expanding,9 12 15 18 29 34,5 12 13 31 32 41,1
S005,structure_transition,structure_transition,1026,1,1025,expanding,10 15 18 25 39 42,5 12 13 31 32 41,0
S006,pair_residual_node,pair_relation_residual,1026,1,1025,expanding,10 12 14 18 34 37,5 12 13 31 32 41,1
S007,triple_residual_node,triple_relation_residual,1026,1,1025,expanding,10 12 14 18 34 37,5 12 13 31 32 41,1
S008,family_balanced_hybrid,hybrid,1026,1,1025,expanding,10 11 12 14 18 34,5 12 13 31 32 41,1
S001,multi_window_frequency,multi_window_frequency,1027,1,1026,expanding,9 12 13 18 29 45,14 16 27 35 39 45,1
S002,gap_regime_hazard,gap_time,1027,1,1026,expanding,8 9 18 22 38 44,14 16 27 35 39 45,0
S003,momentum_state_transition,momentum,1027,1,1026,expanding,5 9 11 12 21 22,14 16 27 35 39 45,0
S004,conditional_probability,conditional,1027,1,1026,expanding,5 9 13 17 18 29,14 16 27 35 39 45,0
S005,structure_transition,structure_transition,1027,1,1026,expanding,7 10 21 27 32 34,14 16 27 35 39 45,1
S006,pair_residual_node,pair_relation_residual,1027,1,1026,expanding,10 12 14 18 34 37,14 16 27 35 39 45,1
S007,triple_residual_node,triple_relation_residual,1027,1,1026,expanding,10 12 14 18 34 37,14 16 27 35 39 45,1
S008,family_balanced_hybrid,hybrid,1027,1,1026,expanding,1 12 13 17 18 34,14 16 27 35 39 45,0
S001,multi_window_frequency,multi_window_frequency,1028,1,1027,expanding,9 12 13 18 29 45,5 7 12 13 18 35,3
S002,gap_regime_hazard,gap_time,1028,1,1027,expanding,8 9 20 25 29 33,5 7 12 13 18 35,0
S003,momentum_state_transition,momentum,1028,1,1027,expanding,5 9 12 22 23 26,5 7 12 13 18 35,2
S004,conditional_probability,conditional,1028,1,1027,expanding,5 9 12 13 29 45,5 7 12 13 18 35,3
S005,structure_transition,structure_transition,1028,1,1027,expanding,6 10 19 24 27 37,5 7 12 13 18 35,0
S006,pair_residual_node,pair_relation_residual,1028,1,1027,expanding,10 12 14 18 34 37,5 7 12 13 18 35,2
S007,triple_residual_node,triple_relation_residual,1028,1,1027,expanding,10 12 14 18 34 37,5 7 12 13 18 35,2
S008,family_balanced_hybrid,hybrid,1028,1,1027,expanding,9 12 13 17 18 34,5 7 12 13 18 35,3
S001,multi_window_frequency,multi_window_frequency,1029,1,1028,expanding,12 13 18 29 35 45,12 30 32 37 39 41,1
S002,gap_regime_hazard,gap_time,1029,1,1028,expanding,14 16 27 31 32 41,12 30 32 37 39 41,2
S003,momentum_state_transition,momentum,1029,1,1028,expanding,5 9 12 22 23 26,12 30 32 37 39 41,1
S004,conditional_probability,conditional,1029,1,1028,expanding,5 9 13 18 29 35,12 30 32 37 39 41,0
S005,structure_transition,structure_transition,1029,1,1028,expanding,4 13 22 33 36 41,12 30 32 37 39 41,1
S006,pair_residual_node,pair_relation_residual,1029,1,1028,expanding,10 12 14 18 34 37,12 30 32 37 39 41,2
S007,triple_residual_node,triple_relation_residual,1029,1,1028,expanding,10 12 14 18 34 37,12 30 32 37 39 41,2
S008,family_balanced_hybrid,hybrid,1029,1,1028,expanding,12 14 16 17 34 39,12 30 32 37 39 41,2
S001,multi_window_frequency,multi_window_frequency,1030,1,1029,expanding,12 18 29 39 41 45,2 5 11 17 24 29,1
S002,gap_regime_hazard,gap_time,1030,1,1029,expanding,5 7 14 16 27 45,2 5 11 17 24 29,1
S003,momentum_state_transition,momentum,1030,1,1029,expanding,5 9 12 22 26 27,2 5 11 17 24 29,1
S004,conditional_probability,conditional,1030,1,1029,expanding,5 12 18 29 35 41,2 5 11 17 24 29,2
S005,structure_transition,structure_transition,1030,1,1029,expanding,4 17 21 26 39 44,2 5 11 17 24 29,1
S006,pair_residual_node,pair_relation_residual,1030,1,1029,expanding,10 12 14 18 34 37,2 5 11 17 24 29,0
S007,triple_residual_node,triple_relation_residual,1030,1,1029,expanding,10 12 14 18 34 37,2 5 11 17 24 29,0
S008,family_balanced_hybrid,hybrid,1030,1,1029,expanding,12 13 14 16 18 27,2 5 11 17 24 29,0
S001,multi_window_frequency,multi_window_frequency,1031,1,1030,expanding,12 13 18 29 35 45,6 7 22 32 35 36,1
S002,gap_regime_hazard,gap_time,1031,1,1030,expanding,7 12 13 18 30 35,6 7 22 32 35 36,2
S003,momentum_state_transition,momentum,1031,1,1030,expanding,5 22 26 27 34 35,6 7 22 32 35 36,2
S004,conditional_probability,conditional,1031,1,1030,expanding,9 11 18 29 35 45,6 7 22 32 35 36,1
S005,structure_transition,structure_transition,1031,1,1030,expanding,7 10 12 29 37 40,6 7 22 32 35 36,1
S006,pair_residual_node,pair_relation_residual,1031,1,1030,expanding,10 12 14 18 34 37,6 7 22 32 35 36,0
S007,triple_residual_node,triple_relation_residual,1031,1,1030,expanding,10 12 14 18 34 37,6 7 22 32 35 36,0
S008,family_balanced_hybrid,hybrid,1031,1,1030,expanding,1 12 13 18 34 37,6 7 22 32 35 36,0
S001,multi_window_frequency,multi_window_frequency,1032,1,1031,expanding,12 18 29 35 39 45,1 6 12 19 36 42,1
S002,gap_regime_hazard,gap_time,1032,1,1031,expanding,2 12 30 37 39 41,1 6 12 19 36 42,1
S003,momentum_state_transition,momentum,1032,1,1031,expanding,5 22 26 27 32 34,1 6 12 19 36 42,0
S004,conditional_probability,conditional,1032,1,1031,expanding,6 7 9 12 18 32,1 6 12 19 36 42,2
S005,structure_transition,structure_transition,1032,1,1031,expanding,6 10 14 33 37 43,1 6 12 19 36 42,1
S006,pair_residual_node,pair_relation_residual,1032,1,1031,expanding,10 12 14 18 34 37,1 6 12 19 36 42,1
S007,triple_residual_node,triple_relation_residual,1032,1,1031,expanding,10 12 14 18 34 37,1 6 12 19 36 42,1
S008,family_balanced_hybrid,hybrid,1032,1,1031,expanding,11 12 18 34 37 39,1 6 12 19 36 42,1
S001,multi_window_frequency,multi_window_frequency,1033,1,1032,expanding,12 18 29 35 39 45,3 11 15 20 35 44,1
S002,gap_regime_hazard,gap_time,1033,1,1032,expanding,2 5 11 17 24 29,3 11 15 20 35 44,1
S003,momentum_state_transition,momentum,1033,1,1032,expanding,5 22 26 27 32 34,3 11 15 20 35 44,0
S004,conditional_probability,conditional,1033,1,1032,expanding,5 6 7 18 29 32,3 11 15 20 35 44,0
S005,structure_transition,structure_transition,1033,1,1032,expanding,4 13 22 33 36 41,3 11 15 20 35 44,0
S006,pair_residual_node,pair_relation_residual,1033,1,1032,expanding,10 12 14 18 34 37,3 11 15 20 35 44,0
S007,triple_residual_node,triple_relation_residual,1033,1,1032,expanding,10 12 14 18 34 37,3 11 15 20 35 44,0
S008,family_balanced_hybrid,hybrid,1033,1,1032,expanding,5 13 14 15 18 34,3 11 15 20 35 44,1
S001,multi_window_frequency,multi_window_frequency,1034,1,1033,expanding,11 12 13 18 29 35,26 31 32 33 38 40,0
S002,gap_regime_hazard,gap_time,1034,1,1033,expanding,1 6 7 12 22 32,26 31 32 33 38 40,1
S003,momentum_state_transition,momentum,1034,1,1033,expanding,1 4 8 9 16 24,26 31 32 33 38 40,0
S004,conditional_probability,conditional,1034,1,1033,expanding,5 6 7 9 20 32,26 31 32 33 38 40,1
S005,structure_transition,structure_transition,1034,1,1033,expanding,3 4 26 29 38 43,26 31 32 33 38 40,2
S006,pair_residual_node,pair_relation_residual,1034,1,1033,expanding,10 12 14 18 34 37,26 31 32 33 38 40,0
S007,triple_residual_node,triple_relation_residual,1034,1,1033,expanding,10 12 14 18 34 37,26 31 32 33 38 40,0
S008,family_balanced_hybrid,hybrid,1034,1,1033,expanding,1 12 13 18 34 36,26 31 32 33 38 40,0
S001,multi_window_frequency,multi_window_frequency,1035,1,1034,expanding,11 12 13 18 29 35,9 14 34 35 41 42,1
S002,gap_regime_hazard,gap_time,1035,1,1034,expanding,1 6 12 19 36 42,9 14 34 35 41 42,1
S003,momentum_state_transition,momentum,1035,1,1034,expanding,1 4 8 9 16 24,9 14 34 35 41 42,1
S004,conditional_probability,conditional,1035,1,1034,expanding,4 5 10 21 23 28,9 14 34 35 41 42,0
S005,structure_transition,structure_transition,1035,1,1034,expanding,1 20 24 27 40 43,9 14 34 35 41 42,0
S006,pair_residual_node,pair_relation_residual,1035,1,1034,expanding,10 12 14 18 34 37,9 14 34 35 41 42,2
S007,triple_residual_node,triple_relation_residual,1035,1,1034,expanding,10 12 14 18 34 37,9 14 34 35 41 42,2
S008,family_balanced_hybrid,hybrid,1035,1,1034,expanding,1 10 11 12 13 34,9 14 34 35 41 42,1
S001,multi_window_frequency,multi_window_frequency,1036,1,1035,expanding,11 12 18 29 35 41,2 5 22 32 34 45,0
S002,gap_regime_hazard,gap_time,1036,1,1035,expanding,3 11 15 20 26 44,2 5 22 32 34 45,0
S003,momentum_state_transition,momentum,1036,1,1035,expanding,1 8 16 24 25 26,2 5 22 32 34 45,0
S004,conditional_probability,conditional,1036,1,1035,expanding,4 5 8 10 35 41,2 5 22 32 34 45,1
S005,structure_transition,structure_transition,1036,1,1035,expanding,10 15 18 25 39 42,2 5 22 32 34 45,0
S006,pair_residual_node,pair_relation_residual,1036,1,1035,expanding,10 12 14 18 34 37,2 5 22 32 34 45,1
S007,triple_residual_node,triple_relation_residual,1036,1,1035,expanding,10 12 14 18 34 37,2 5 22 32 34 45,1
S008,family_balanced_hybrid,hybrid,1036,1,1035,expanding,10 11 12 13 18 37,2 5 22 32 34 45,0
S001,multi_window_frequency,multi_window_frequency,1037,1,1036,expanding,12 18 34 35 41 45,2 14 15 22 27 33,0
S002,gap_regime_hazard,gap_time,1037,1,1036,expanding,9 26 31 33 38 40,2 14 15 22 27 33,1
S003,momentum_state_transition,momentum,1037,1,1036,expanding,5 6 13 22 32 38,2 14 15 22 27 33,1
S004,conditional_probability,conditional,1037,1,1036,expanding,4 5 8 12 32 35,2 14 15 22 27 33,0
S005,structure_transition,structure_transition,1037,1,1036,expanding,6 10 19 24 27 37,2 14 15 22 27 33,1
S006,pair_residual_node,pair_relation_residual,1037,1,1036,expanding,10 12 14 18 34 37,2 14 15 22 27 33,1
S007,triple_residual_node,triple_relation_residual,1037,1,1036,expanding,10 12 14 18 34 37,2 14 15 22 27 33,1
S008,family_balanced_hybrid,hybrid,1037,1,1036,expanding,10 12 13 14 18 39,2 14 15 22 27 33,1
S001,multi_window_frequency,multi_window_frequency,1038,1,1037,expanding,12 18 34 35 41 45,7 16 24 27 37 44,0
S002,gap_regime_hazard,gap_time,1038,1,1037,expanding,5 9 32 35 41 42,7 16 24 27 37 44,0
S003,momentum_state_transition,momentum,1038,1,1037,expanding,2 5 6 13 27 32,7 16 24 27 37 44,1
S004,conditional_probability,conditional,1038,1,1037,expanding,2 5 12 22 32 35,7 16 24 27 37 44,0
S005,structure_transition,structure_transition,1038,1,1037,expanding,1 14 19 32 34 37,7 16 24 27 37 44,1
S006,pair_residual_node,pair_relation_residual,1038,1,1037,expanding,12 14 18 33 34 37,7 16 24 27 37 44,1
S007,triple_residual_node,triple_relation_residual,1038,1,1037,expanding,12 14 18 33 34 37,7 16 24 27 37 44,1
S008,family_balanced_hybrid,hybrid,1038,1,1037,expanding,5 10 12 13 18 34,7 16 24 27 37 44,0
S001,multi_window_frequency,multi_window_frequency,1039,1,1038,expanding,12 14 18 34 35 45,2 3 6 19 36 39,0
S002,gap_regime_hazard,gap_time,1039,1,1038,expanding,2 5 14 32 34 45,2 3 6 19 36 39,1
S003,momentum_state_transition,momentum,1039,1,1038,expanding,2 5 6 7 13 16,2 3 6 19 36 39,2
S004,conditional_probability,conditional,1039,1,1038,expanding,2 4 8 22 32 35,2 3 6 19 36 39,1
S005,structure_transition,structure_transition,1039,1,1038,expanding,4 17 20 25 39 44,2 3 6 19 36 39,1
S006,pair_residual_node,pair_relation_residual,1039,1,1038,expanding,12 14 18 33 34 37,2 3 6 19 36 39,0
S007,triple_residual_node,triple_relation_residual,1039,1,1038,expanding,12 14 18 33 34 37,2 3 6 19 36 39,0
S008,family_balanced_hybrid,hybrid,1039,1,1038,expanding,2 12 13 14 33 34,2 3 6 19 36 39,1
S001,multi_window_frequency,multi_window_frequency,1040,1,1039,expanding,2 12 14 18 34 35,8 16 26 29 31 36,0
S002,gap_regime_hazard,gap_time,1040,1,1039,expanding,7 14 15 16 22 33,8 16 26 29 31 36,1
S003,momentum_state_transition,momentum,1040,1,1039,expanding,2 5 6 7 16 20,8 16 26 29 31 36,1
S004,conditional_probability,conditional,1040,1,1039,expanding,2 6 22 32 35 36,8 16 26 29 31 36,1
S005,structure_transition,structure_transition,1040,1,1039,expanding,1 6 16 35 37 42,8 16 26 29 31 36,1
S006,pair_residual_node,pair_relation_residual,1040,1,1039,expanding,12 14 18 33 34 37,8 16 26 29 31 36,0
S007,triple_residual_node,triple_relation_residual,1040,1,1039,expanding,12 14 18 33 34 37,8 16 26 29 31 36,0
S008,family_balanced_hybrid,hybrid,1040,1,1039,expanding,2 14 18 27 33 34,8 16 26 29 31 36,0
S001,multi_window_frequency,multi_window_frequency,1041,1,1040,expanding,12 14 18 35 36 45,6 7 9 11 17 18,1
S002,gap_regime_hazard,gap_time,1041,1,1040,expanding,2 7 24 27 37 44,6 7 9 11 17 18,1
S003,momentum_state_transition,momentum,1041,1,1040,expanding,2 5 6 7 16 20,6 7 9 11 17 18,2
S004,conditional_probability,conditional,1041,1,1040,expanding,2 6 22 32 35 36,6 7 9 11 17 18,1
S005,structure_transition,structure_transition,1041,1,1040,expanding,5 15 22 24 27 40,6 7 9 11 17 18,0
S006,pair_residual_node,pair_relation_residual,1041,1,1040,expanding,12 14 18 33 34 37,6 7 9 11 17 18,1
S007,triple_residual_node,triple_relation_residual,1041,1,1040,expanding,12 14 18 33 34 37,6 7 9 11 17 18,1
S008,family_balanced_hybrid,hybrid,1041,1,1040,expanding,2 10 13 18 34 36,6 7 9 11 17 18,1
S001,multi_window_frequency,multi_window_frequency,1042,1,1041,expanding,2 12 18 35 36 45,5 14 15 23 34 43,0
S002,gap_regime_hazard,gap_time,1042,1,1041,expanding,2 3 8 16 19 39,5 14 15 23 34 43,0
S003,momentum_state_transition,momentum,1042,1,1041,expanding,2 5 6 7 14 16,5 14 15 23 34 43,2
S004,conditional_probability,conditional,1042,1,1041,expanding,2 4 6 10 13 36,5 14 15 23 34 43,0
S005,structure_transition,structure_transition,1042,1,1041,expanding,5 18 22 24 29 45,5 14 15 23 34 43,1
S006,pair_residual_node,pair_relation_residual,1042,1,1041,expanding,12 14 18 33 34 37,5 14 15 23 34 43,2
S007,triple_residual_node,triple_relation_residual,1042,1,1041,expanding,12 14 18 33 34 37,5 14 15 23 34 43,2
S008,family_balanced_hybrid,hybrid,1042,1,1041,expanding,2 13 14 16 34 36,5 14 15 23 34 43,2
S001,multi_window_frequency,multi_window_frequency,1043,1,1042,expanding,2 12 14 15 18 34,3 5 12 22 26 31,1
S002,gap_regime_hazard,gap_time,1043,1,1042,expanding,8 16 26 29 31 36,3 5 12 22 26 31,2
S003,momentum_state_transition,momentum,1043,1,1042,expanding,2 5 6 7 14 16,3 5 12 22 26 31,1
S004,conditional_probability,conditional,1043,1,1042,expanding,1 2 4 14 15 34,3 5 12 22 26 31,0
S005,structure_transition,structure_transition,1043,1,1042,expanding,6 10 19 24 27 37,3 5 12 22 26 31,0
S006,pair_residual_node,pair_relation_residual,1043,1,1042,expanding,12 14 18 33 34 37,3 5 12 22 26 31,1
S007,triple_residual_node,triple_relation_residual,1043,1,1042,expanding,12 14 18 33 34 37,3 5 12 22 26 31,1
S008,family_balanced_hybrid,hybrid,1043,1,1042,expanding,2 12 14 16 18 36,3 5 12 22 26 31,1
S001,multi_window_frequency,multi_window_frequency,1044,1,1043,expanding,2 12 14 18 31 34,12 17 20 26 28 36,1
S002,gap_regime_hazard,gap_time,1044,1,1043,expanding,6 7 9 11 17 18,12 17 20 26 28 36,1
S003,momentum_state_transition,momentum,1044,1,1043,expanding,2 3 5 6 7 20,12 17 20 26 28 36,1
S004,conditional_probability,conditional,1044,1,1043,expanding,2 5 14 22 26 31,12 17 20 26 28 36,1
S005,structure_transition,structure_transition,1044,1,1043,expanding,4 17 20 25 39 44,12 17 20 26 28 36,2
S006,pair_residual_node,pair_relation_residual,1044,1,1043,expanding,12 14 18 33 34 37,12 17 20 26 28 36,1
S007,triple_residual_node,triple_relation_residual,1044,1,1043,expanding,12 14 18 33 34 37,12 17 20 26 28 36,1
S008,family_balanced_hybrid,hybrid,1044,1,1043,expanding,2 7 14 18 33 34,12 17 20 26 28 36,0
S001,multi_window_frequency,multi_window_frequency,1045,1,1044,expanding,2 12 14 18 34 36,6 14 15 19 21 41,1
S002,gap_regime_hazard,gap_time,1045,1,1044,expanding,3 14 15 23 34 43,6 14 15 19 21 41,2
S003,momentum_state_transition,momentum,1045,1,1044,expanding,2 3 5 6 7 20,6 14 15 19 21 41,1
S004,conditional_probability,conditional,1045,1,1044,expanding,2 5 14 22 26 34,6 14 15 19 21 41,1
S005,structure_transition,structure_transition,1045,1,1044,expanding,1 8 18 29 33 36,6 14 15 19 21 41,0
S006,pair_residual_node,pair_relation_residual,1045,1,1044,expanding,12 14 18 33 34 37,6 14 15 19 21 41,1
S007,triple_residual_node,triple_relation_residual,1045,1,1044,expanding,12 14 18 33 34 37,6 14 15 19 21 41,1
S008,family_balanced_hybrid,hybrid,1045,1,1044,expanding,2 3 12 14 18 34,6 14 15 19 21 41,1
S001,multi_window_frequency,multi_window_frequency,1046,1,1045,expanding,12 14 15 18 34 36,7 16 25 29 35 36,1
S002,gap_regime_hazard,gap_time,1046,1,1045,expanding,3 5 12 17 22 31,7 16 25 29 35 36,0
S003,momentum_state_transition,momentum,1046,1,1045,expanding,2 3 5 6 7 19,7 16 25 29 35 36,1
S004,conditional_probability,conditional,1046,1,1045,expanding,2 5 6 14 15 22,7 16 25 29 35 36,0
S005,structure_transition,structure_transition,1046,1,1045,expanding,4 13 22 33 36 41,7 16 25 29 35 36,1
S006,pair_residual_node,pair_relation_residual,1046,1,1045,expanding,12 14 18 33 34 37,7 16 25 29 35 36,0
S007,triple_residual_node,triple_relation_residual,1046,1,1045,expanding,12 14 18 33 34 37,7 16 25 29 35 36,0
S008,family_balanced_hybrid,hybrid,1046,1,1045,expanding,2 3 5 12 18 36,7 16 25 29 35 36,1
S001,multi_window_frequency,multi_window_frequency,1047,1,1046,expanding,12 14 16 18 29 36,2 20 33 40 42 44,0
S002,gap_regime_hazard,gap_time,1047,1,1046,expanding,6 12 17 20 26 28,2 20 33 40 42 44,1
S003,momentum_state_transition,momentum,1047,1,1046,expanding,2 3 6 7 16 17,2 20 33 40 42 44,1
S004,conditional_probability,conditional,1047,1,1046,expanding,6 7 14 15 16 26,2 20 33 40 42 44,0
S005,structure_transition,structure_transition,1047,1,1046,expanding,3 13 21 25 30 32,2 20 33 40 42 44,0
S006,pair_residual_node,pair_relation_residual,1047,1,1046,expanding,12 14 18 33 34 37,2 20 33 40 42 44,1
S007,triple_residual_node,triple_relation_residual,1047,1,1046,expanding,12 14 18 33 34 37,2 20 33 40 42 44,1
S008,family_balanced_hybrid,hybrid,1047,1,1046,expanding,2 6 12 14 17 18,2 20 33 40 42 44,1
S001,multi_window_frequency,multi_window_frequency,1048,1,1047,expanding,6 12 14 16 29 36,6 12 17 21 32 39,2
S002,gap_regime_hazard,gap_time,1048,1,1047,expanding,6 14 15 19 21 41,6 12 17 21 32 39,2
S003,momentum_state_transition,momentum,1048,1,1047,expanding,2 3 6 7 16 17,6 12 17 21 32 39,2
S004,conditional_probability,conditional,1048,1,1047,expanding,2 3 6 7 16 26,6 12 17 21 32 39,1
S005,structure_transition,structure_transition,1048,1,1047,expanding,14 16 20 31 35 41,6 12 17 21 32 39,0
S006,pair_residual_node,pair_relation_residual,1048,1,1047,expanding,12 14 18 33 34 37,6 12 17 21 32 39,1
S007,triple_residual_node,triple_relation_residual,1048,1,1047,expanding,12 14 18 33 34 37,6 12 17 21 32 39,1
S008,family_balanced_hybrid,hybrid,1048,1,1047,expanding,6 7 12 14 16 18,6 12 17 21 32 39,2
S001,multi_window_frequency,multi_window_frequency,1049,1,1048,expanding,6 12 14 17 29 36,3 5 13 20 21 37,0
S002,gap_regime_hazard,gap_time,1049,1,1048,expanding,7 16 25 29 35 36,3 5 13 20 21 37,0
S003,momentum_state_transition,momentum,1049,1,1048,expanding,2 3 6 7 16 17,3 5 13 20 21 37,1
S004,conditional_probability,conditional,1049,1,1048,expanding,2 3 5 12 17 26,3 5 13 20 21 37,2
S005,structure_transition,structure_transition,1049,1,1048,expanding,9 14 16 25 28 39,3 5 13 20 21 37,0
S006,pair_residual_node,pair_relation_residual,1049,1,1048,expanding,12 14 18 33 34 37,3 5 13 20 21 37,1
S007,triple_residual_node,triple_relation_residual,1049,1,1048,expanding,12 14 18 33 34 37,3 5 13 20 21 37,1
S008,family_balanced_hybrid,hybrid,1049,1,1048,expanding,2 7 12 16 17 36,3 5 13 20 21 37,0
S001,multi_window_frequency,multi_window_frequency,1050,1,1049,expanding,6 12 14 16 29 36,6 12 31 35 38 43,2
S002,gap_regime_hazard,gap_time,1050,1,1049,expanding,2 6 33 40 42 44,6 12 31 35 38 43,1
S003,momentum_state_transition,momentum,1050,1,1049,expanding,2 3 6 7 16 17,6 12 31 35 38 43,1
S004,conditional_probability,conditional,1050,1,1049,expanding,5 6 12 17 20 21,6 12 31 35 38 43,2
S005,structure_transition,structure_transition,1050,1,1049,expanding,5 15 22 24 27 40,6 12 31 35 38 43,0
S006,pair_residual_node,pair_relation_residual,1050,1,1049,expanding,12 14 18 33 34 37,6 12 31 35 38 43,1
S007,triple_residual_node,triple_relation_residual,1050,1,1049,expanding,12 14 18 33 34 37,6 12 31 35 38 43,1
S008,family_balanced_hybrid,hybrid,1050,1,1049,expanding,2 6 12 17 18 33,6 12 31 35 38 43,2
S001,multi_window_frequency,multi_window_frequency,1051,1,1050,expanding,6 12 14 17 29 35,21 26 30 32 33 35,1
S002,gap_regime_hazard,gap_time,1051,1,1050,expanding,3 5 13 17 32 39,21 26 30 32 33 35,1
S003,momentum_state_transition,momentum,1051,1,1050,expanding,2 3 6 7 15 16,21 26 30 32 33 35,0
S004,conditional_probability,conditional,1051,1,1050,expanding,3 5 7 17 20 21,21 26 30 32 33 35,1
S005,structure_transition,structure_transition,1051,1,1050,expanding,1 13 18 30 32 43,21 26 30 32 33 35,2
S006,pair_residual_node,pair_relation_residual,1051,1,1050,expanding,12 14 18 33 34 37,21 26 30 32 33 35,1
S007,triple_residual_node,triple_relation_residual,1051,1,1050,expanding,12 14 18 33 34 37,21 26 30 32 33 35,1
S008,family_balanced_hybrid,hybrid,1051,1,1050,expanding,3 14 15 17 18 21,21 26 30 32 33 35,1
S001,multi_window_frequency,multi_window_frequency,1052,1,1051,expanding,6 12 14 21 26 35,5 17 26 27 35 38,2
S002,gap_regime_hazard,gap_time,1052,1,1051,expanding,3 5 6 13 20 37,5 17 26 27 35 38,1
S003,momentum_state_transition,momentum,1052,1,1051,expanding,2 3 6 7 15 16,5 17 26 27 35 38,0
S004,conditional_probability,conditional,1052,1,1051,expanding,3 5 6 20 26 35,5 17 26 27 35 38,3
S005,structure_transition,structure_transition,1052,1,1051,expanding,1 4 11 32 36 39,5 17 26 27 35 38,0
S006,pair_residual_node,pair_relation_residual,1052,1,1051,expanding,12 14 18 33 34 37,5 17 26 27 35 38,0
S007,triple_residual_node,triple_relation_residual,1052,1,1051,expanding,12 14 18 33 34 37,5 17 26 27 35 38,0
S008,family_balanced_hybrid,hybrid,1052,1,1051,expanding,3 6 12 14 18 33,5 17 26 27 35 38,0
S001,multi_window_frequency,multi_window_frequency,1053,1,1052,expanding,6 12 17 21 26 35,22 26 29 30 34 45,1
S002,gap_regime_hazard,gap_time,1053,1,1052,expanding,6 12 21 30 31 43,22 26 29 30 34 45,1
S003,momentum_state_transition,momentum,1053,1,1052,expanding,2 3 7 15 16 20,22 26 29 30 34 45,0
S004,conditional_probability,conditional,1053,1,1052,expanding,3 5 6 17 20 31,22 26 29 30 34 45,0
S005,structure_transition,structure_transition,1053,1,1052,expanding,3 16 21 25 28 35,22 26 29 30 34 45,0
S006,pair_residual_node,pair_relation_residual,1053,1,1052,expanding,12 14 18 33 34 37,22 26 29 30 34 45,1
S007,triple_residual_node,triple_relation_residual,1053,1,1052,expanding,12 14 18 33 34 37,22 26 29 30 34 45,1
S008,family_balanced_hybrid,hybrid,1053,1,1052,expanding,12 18 20 21 31 33,22 26 29 30 34 45,0
S001,multi_window_frequency,multi_window_frequency,1054,1,1053,expanding,6 12 21 26 29 35,14 19 27 28 30 45,0
S002,gap_regime_hazard,gap_time,1054,1,1053,expanding,5 17 21 27 32 33,14 19 27 28 30 45,1
S003,momentum_state_transition,momentum,1054,1,1053,expanding,2 7 16 21 26 31,14 19 27 28 30 45,0
S004,conditional_probability,conditional,1054,1,1053,expanding,5 6 12 17 20 29,14 19 27 28 30 45,0
S005,structure_transition,structure_transition,1054,1,1053,expanding,2 20 22 35 37 39,14 19 27 28 30 45,0
S006,pair_residual_node,pair_relation_residual,1054,1,1053,expanding,12 14 18 33 34 37,14 19 27 28 30 45,1
S007,triple_residual_node,triple_relation_residual,1054,1,1053,expanding,12 14 18 33 34 37,14 19 27 28 30 45,1
S008,family_balanced_hybrid,hybrid,1054,1,1053,expanding,12 17 18 21 33 36,14 19 27 28 30 45,0
S001,multi_window_frequency,multi_window_frequency,1055,1,1054,expanding,6 12 14 21 26 35,4 7 12 14 22 33,2
S002,gap_regime_hazard,gap_time,1055,1,1054,expanding,5 17 22 26 35 38,4 7 12 14 22 33,1
S003,momentum_state_transition,momentum,1055,1,1054,expanding,2 3 7 16 19 21,4 7 12 14 22 33,1
S004,conditional_probability,conditional,1055,1,1054,expanding,5 6 12 14 26 30,4 7 12 14 22 33,2
S005,structure_transition,structure_transition,1055,1,1054,expanding,2 9 17 30 35 40,4 7 12 14 22 33,0
S006,pair_residual_node,pair_relation_residual,1055,1,1054,expanding,12 14 18 33 34 37,4 7 12 14 22 33,3
S007,triple_residual_node,triple_relation_residual,1055,1,1054,expanding,12 14 18 33 34 37,4 7 12 14 22 33,3
S008,family_balanced_hybrid,hybrid,1055,1,1054,expanding,12 14 17 18 26 27,4 7 12 14 22 33,2
S001,multi_window_frequency,multi_window_frequency,1056,1,1055,expanding,6 12 14 21 26 35,13 20 24 32 36 45,0
S002,gap_regime_hazard,gap_time,1056,1,1055,expanding,19 26 27 28 29 34,13 20 24 32 36 45,0
S003,momentum_state_transition,momentum,1056,1,1055,expanding,2 3 7 16 19 21,13 20 24 32 36 45,0
S004,conditional_probability,conditional,1056,1,1055,expanding,5 12 21 26 30 33,13 20 24 32 36 45,0
S005,structure_transition,structure_transition,1056,1,1055,expanding,2 12 21 26 29 37,13 20 24 32 36 45,0
S006,pair_residual_node,pair_relation_residual,1056,1,1055,expanding,12 14 18 33 34 37,13 20 24 32 36 45,0
S007,triple_residual_node,triple_relation_residual,1056,1,1055,expanding,12 14 18 33 34 37,13 20 24 32 36 45,0
S008,family_balanced_hybrid,hybrid,1056,1,1055,expanding,12 14 18 26 27 33,13 20 24 32 36 45,0
S001,multi_window_frequency,multi_window_frequency,1057,1,1056,expanding,12 14 21 26 35 45,8 13 19 27 40 45,1
S002,gap_regime_hazard,gap_time,1057,1,1056,expanding,4 7 19 27 28 30,8 13 19 27 40 45,2
S003,momentum_state_transition,momentum,1057,1,1056,expanding,2 3 7 15 16 19,8 13 19 27 40 45,1
S004,conditional_probability,conditional,1057,1,1056,expanding,12 20 21 26 30 32,8 13 19 27 40 45,0
S005,structure_transition,structure_transition,1057,1,1056,expanding,6 10 19 24 27 37,8 13 19 27 40 45,2
S006,pair_residual_node,pair_relation_residual,1057,1,1056,expanding,12 14 18 33 34 37,8 13 19 27 40 45,0
S007,triple_residual_node,triple_relation_residual,1057,1,1056,expanding,12 14 18 33 34 37,8 13 19 27 40 45,0
S008,family_balanced_hybrid,hybrid,1057,1,1056,expanding,12 13 14 18 27 33,8 13 19 27 40 45,2
S001,multi_window_frequency,multi_window_frequency,1058,1,1057,expanding,12 14 21 26 35 45,11 23 25 30 32 40,0
S002,gap_regime_hazard,gap_time,1058,1,1057,expanding,4 7 12 14 22 33,11 23 25 30 32 40,0
S003,momentum_state_transition,momentum,1058,1,1057,expanding,3 7 16 19 21 26,11 23 25 30 32 40,0
S004,conditional_probability,conditional,1058,1,1057,expanding,12 13 21 26 27 30,11 23 25 30 32 40,1
S005,structure_transition,structure_transition,1058,1,1057,expanding,3 9 20 24 27 39,11 23 25 30 32 40,0
S006,pair_residual_node,pair_relation_residual,1058,1,1057,expanding,12 14 18 33 34 37,11 23 25 30 32 40,0
S007,triple_residual_node,triple_relation_residual,1058,1,1057,expanding,12 14 18 33 34 37,11 23 25 30 32 40,0
S008,family_balanced_hybrid,hybrid,1058,1,1057,expanding,12 14 18 21 33 36,11 23 25 30 32 40,0
S001,multi_window_frequency,multi_window_frequency,1059,1,1058,expanding,12 14 26 32 35 45,7 10 22 25 34 40,0
S002,gap_regime_hazard,gap_time,1059,1,1058,expanding,8 13 19 20 24 36,7 10 22 25 34 40,0
S003,momentum_state_transition,momentum,1059,1,1058,expanding,3 19 21 26 30 31,7 10 22 25 34 40,0
S004,conditional_probability,conditional,1059,1,1058,expanding,5 13 26 27 32 35,7 10 22 25 34 40,0
S005,structure_transition,structure_transition,1059,1,1058,expanding,1 5 22 29 32 36,7 10 22 25 34 40,1
S006,pair_residual_node,pair_relation_residual,1059,1,1058,expanding,12 14 18 33 34 37,7 10 22 25 34 40,1
S007,triple_residual_node,triple_relation_residual,1059,1,1058,expanding,12 14 18 33 34 37,7 10 22 25 34 40,1
S008,family_balanced_hybrid,hybrid,1059,1,1058,expanding,12 13 14 18 19 27,7 10 22 25 34 40,0
S001,multi_window_frequency,multi_window_frequency,1060,1,1059,expanding,12 14 22 26 35 45,3 10 24 33 38 45,1
S002,gap_regime_hazard,gap_time,1060,1,1059,expanding,8 11 13 19 27 45,3 10 24 33 38 45,1
S003,momentum_state_transition,momentum,1060,1,1059,expanding,13 17 19 21 25 26,3 10 24 33 38 45,0
S004,conditional_probability,conditional,1060,1,1059,expanding,22 26 27 32 35 40,3 10 24 33 38 45,0
S005,structure_transition,structure_transition,1060,1,1059,expanding,6 10 19 24 27 37,3 10 24 33 38 45,2
S006,pair_residual_node,pair_relation_residual,1060,1,1059,expanding,12 14 18 33 34 37,3 10 24 33 38 45,1
S007,triple_residual_node,triple_relation_residual,1060,1,1059,expanding,12 14 18 33 34 37,3 10 24 33 38 45,1
S008,family_balanced_hybrid,hybrid,1060,1,1059,expanding,12 13 18 19 27 34,3 10 24 33 38 45,0
S001,multi_window_frequency,multi_window_frequency,1061,1,1060,expanding,12 14 22 26 35 45,4 24 27 35 37 45,2
S002,gap_regime_hazard,gap_time,1061,1,1060,expanding,7 11 22 23 30 32,4 24 27 35 37 45,0
S003,momentum_state_transition,momentum,1061,1,1060,expanding,3 13 17 19 21 25,4 24 27 35 37 45,0
S004,conditional_probability,conditional,1061,1,1060,expanding,22 26 27 32 33 45,4 24 27 35 37 45,2
S005,structure_transition,structure_transition,1061,1,1060,expanding,3 14 18 23 25 40,4 24 27 35 37 45,0
S006,pair_residual_node,pair_relation_residual,1061,1,1060,expanding,12 14 18 33 34 37,4 24 27 35 37 45,1
S007,triple_residual_node,triple_relation_residual,1061,1,1060,expanding,12 14 18 33 34 37,4 24 27 35 37 45,1
S008,family_balanced_hybrid,hybrid,1061,1,1060,expanding,11 13 14 18 34 40,4 24 27 35 37 45,0
S001,multi_window_frequency,multi_window_frequency,1062,1,1061,expanding,12 14 26 27 35 45,20 31 32 40 41 45,1
S002,gap_regime_hazard,gap_time,1062,1,1061,expanding,3 7 22 25 34 40,20 31 32 40 41 45,1
S003,momentum_state_transition,momentum,1062,1,1061,expanding,3 13 17 19 21 24,20 31 32 40 41 45,0
S004,conditional_probability,conditional,1062,1,1061,expanding,4 7 22 24 30 40,20 31 32 40 41 45,1
S005,structure_transition,structure_transition,1062,1,1061,expanding,1 2 18 23 37 41,20 31 32 40 41 45,1
S006,pair_residual_node,pair_relation_residual,1062,1,1061,expanding,12 14 18 33 34 37,20 31 32 40 41 45,0
S007,triple_residual_node,triple_relation_residual,1062,1,1061,expanding,12 14 18 33 34 37,20 31 32 40 41 45,0
S008,family_balanced_hybrid,hybrid,1062,1,1061,expanding,13 14 18 33 34 40,20 31 32 40 41 45,1
S001,multi_window_frequency,multi_window_frequency,1063,1,1062,expanding,12 14 22 34 35 45,3 6 22 23 24 38,1
S002,gap_regime_hazard,gap_time,1063,1,1062,expanding,3 4 10 24 33 38,3 6 22 23 24 38,3
S003,momentum_state_transition,momentum,1063,1,1062,expanding,3 13 17 19 21 24,3 6 22 23 24 38,2
S004,conditional_probability,conditional,1063,1,1062,expanding,4 22 24 27 30 32,3 6 22 23 24 38,2
S005,structure_transition,structure_transition,1063,1,1062,expanding,3 14 18 36 43 45,3 6 22 23 24 38,1
S006,pair_residual_node,pair_relation_residual,1063,1,1062,expanding,12 14 18 33 34 37,3 6 22 23 24 38,0
S007,triple_residual_node,triple_relation_residual,1063,1,1062,expanding,12 14 18 33 34 37,3 6 22 23 24 38,0
S008,family_balanced_hybrid,hybrid,1063,1,1062,expanding,13 14 24 27 33 34,3 6 22 23 24 38,1
S001,multi_window_frequency,multi_window_frequency,1064,1,1063,expanding,12 14 22 24 35 45,3 6 9 18 22 35,2
S002,gap_regime_hazard,gap_time,1064,1,1063,expanding,4 20 27 31 35 37,3 6 9 18 22 35,1
S003,momentum_state_transition,momentum,1064,1,1063,expanding,13 17 19 21 24 25,3 6 9 18 22 35,0
S004,conditional_probability,conditional,1064,1,1063,expanding,3 4 7 22 27 32,3 6 9 18 22 35,2
S005,structure_transition,structure_transition,1064,1,1063,expanding,4 18 20 23 35 45,3 6 9 18 22 35,2
S006,pair_residual_node,pair_relation_residual,1064,1,1063,expanding,12 14 18 33 34 37,3 6 9 18 22 35,1
S007,triple_residual_node,triple_relation_residual,1064,1,1063,expanding,12 14 18 33 34 37,3 6 9 18 22 35,1
S008,family_balanced_hybrid,hybrid,1064,1,1063,expanding,13 14 17 18 27 40,3 6 9 18 22 35,1
S001,multi_window_frequency,multi_window_frequency,1065,1,1064,expanding,6 12 22 24 35 45,3 18 19 23 32 45,1
S002,gap_regime_hazard,gap_time,1065,1,1064,expanding,20 31 32 40 41 45,3 18 19 23 32 45,2
S003,momentum_state_transition,momentum,1065,1,1064,expanding,13 19 21 24 25 30,3 18 19 23 32 45,1
S004,conditional_probability,conditional,1065,1,1064,expanding,3 4 6 7 32 45,3 18 19 23 32 45,3
S005,structure_transition,structure_transition,1065,1,1064,expanding,7 12 17 25 36 38,3 18 19 23 32 45,0
S006,pair_residual_node,pair_relation_residual,1065,1,1064,expanding,12 14 18 33 34 40,3 18 19 23 32 45,1
S007,triple_residual_node,triple_relation_residual,1065,1,1064,expanding,12 14 18 33 34 40,3 18 19 23 32 45,1
S008,family_balanced_hybrid,hybrid,1065,1,1064,expanding,12 13 17 38 40 45,3 18 19 23 32 45,1
S001,multi_window_frequency,multi_window_frequency,1066,1,1065,expanding,3 6 22 32 35 45,6 11 16 19 21 32,2
S002,gap_regime_hazard,gap_time,1066,1,1065,expanding,6 9 22 24 35 38,6 11 16 19 21 32,1
S003,momentum_state_transition,momentum,1066,1,1065,expanding,13 20 21 23 24 25,6 11 16 19 21 32,1
S004,conditional_probability,conditional,1066,1,1065,expanding,6 10 13 18 22 23,6 11 16 19 21 32,1
S005,structure_transition,structure_transition,1066,1,1065,expanding,6 10 19 24 27 37,6 11 16 19 21 32,2
S006,pair_residual_node,pair_relation_residual,1066,1,1065,expanding,12 14 18 33 34 40,6 11 16 19 21 32,0
S007,triple_residual_node,triple_relation_residual,1066,1,1065,expanding,12 14 18 33 34 40,6 11 16 19 21 32,0
S008,family_balanced_hybrid,hybrid,1066,1,1065,expanding,12 13 14 17 18 38,6 11 16 19 21 32,0
S001,multi_window_frequency,multi_window_frequency,1067,1,1066,expanding,3 6 22 32 35 45,7 10 19 23 28 33,0
S002,gap_regime_hazard,gap_time,1067,1,1066,expanding,3 9 18 22 23 35,7 10 19 23 28 33,1
S003,momentum_state_transition,momentum,1067,1,1066,expanding,13 20 21 23 24 30,7 10 19 23 28 33,1
S004,conditional_probability,conditional,1067,1,1066,expanding,6 19 22 23 24 45,7 10 19 23 28 33,2
S005,structure_transition,structure_transition,1067,1,1066,expanding,1 13 18 30 32 43,7 10 19 23 28 33,0
S006,pair_residual_node,pair_relation_residual,1067,1,1066,expanding,12 14 18 33 34 40,7 10 19 23 28 33,1
S007,triple_residual_node,triple_relation_residual,1067,1,1066,expanding,12 14 18 33 34 40,7 10 19 23 28 33,1
S008,family_balanced_hybrid,hybrid,1067,1,1066,expanding,11 12 14 17 18 45,7 10 19 23 28 33,0
S001,multi_window_frequency,multi_window_frequency,1068,1,1067,expanding,3 6 22 32 35 45,4 7 19 26 33 35,1
S002,gap_regime_hazard,gap_time,1068,1,1067,expanding,3 6 11 16 18 45,4 7 19 26 33 35,0
S003,momentum_state_transition,momentum,1068,1,1067,expanding,10 13 21 23 24 27,4 7 19 26 33 35,0
S004,conditional_probability,conditional,1068,1,1067,expanding,6 10 19 22 24 40,4 7 19 26 33 35,1
S005,structure_transition,structure_transition,1068,1,1067,expanding,10 15 18 25 39 42,4 7 19 26 33 35,0
S006,pair_residual_node,pair_relation_residual,1068,1,1067,expanding,10 12 14 18 33 34,4 7 19 26 33 35,1
S007,triple_residual_node,triple_relation_residual,1068,1,1067,expanding,10 12 14 18 33 34,4 7 19 26 33 35,1
S008,family_balanced_hybrid,hybrid,1068,1,1067,expanding,10 11 12 14 18 45,4 7 19 26 33 35,0
S001,multi_window_frequency,multi_window_frequency,1069,1,1068,expanding,3 6 19 33 35 45,1 10 18 22 28 31,0
S002,gap_regime_hazard,gap_time,1069,1,1068,expanding,6 10 11 16 21 32,1 10 18 22 28 31,1
S003,momentum_state_transition,momentum,1069,1,1068,expanding,4 10 13 21 23 24,1 10 18 22 28 31,1
S004,conditional_probability,conditional,1069,1,1068,expanding,6 7 10 22 23 24,1 10 18 22 28 31,2
S005,structure_transition,structure_transition,1069,1,1068,expanding,8 13 18 25 36 39,1 10 18 22 28 31,1
S006,pair_residual_node,pair_relation_residual,1069,1,1068,expanding,10 12 14 18 33 34,1 10 18 22 28 31,2
S007,triple_residual_node,triple_relation_residual,1069,1,1068,expanding,10 12 14 18 33 34,1 10 18 22 28 31,2
S008,family_balanced_hybrid,hybrid,1069,1,1068,expanding,10 11 12 13 14 18,1 10 18 22 28 31,2
S001,multi_window_frequency,multi_window_frequency,1070,1,1069,expanding,3 6 18 22 35 45,3 6 14 22 30 41,3
S002,gap_regime_hazard,gap_time,1070,1,1069,expanding,4 7 19 23 26 33,3 6 14 22 30 41,0
S003,momentum_state_transition,momentum,1070,1,1069,expanding,4 10 18 23 24 27,3 6 14 22 30 41,0
S004,conditional_probability,conditional,1070,1,1069,expanding,6 10 18 22 23 24,3 6 14 22 30 41,2
S005,structure_transition,structure_transition,1070,1,1069,expanding,11 16 18 26 27 39,3 6 14 22 30 41,0
S006,pair_residual_node,pair_relation_residual,1070,1,1069,expanding,10 12 14 18 33 34,3 6 14 22 30 41,1
S007,triple_residual_node,triple_relation_residual,1070,1,1069,expanding,10 12 14 18 33 34,3 6 14 22 30 41,1
S008,family_balanced_hybrid,hybrid,1070,1,1069,expanding,4 10 12 14 18 33,3 6 14 22 30 41,1
S001,multi_window_frequency,multi_window_frequency,1071,1,1070,expanding,3 6 18 22 35 45,1 2 11 21 30 35,1
S002,gap_regime_hazard,gap_time,1071,1,1070,expanding,4 7 19 26 33 35,1 2 11 21 30 35,1
S003,momentum_state_transition,momentum,1071,1,1070,expanding,4 10 18 23 24 27,1 2 11 21 30 35,0
S004,conditional_probability,conditional,1071,1,1070,expanding,4 18 23 32 35 45,1 2 11 21 30 35,1
S005,structure_transition,structure_transition,1071,1,1070,expanding,1 6 16 35 37 42,1 2 11 21 30 35,2
S006,pair_residual_node,pair_relation_residual,1071,1,1070,expanding,10 12 14 18 33 34,1 2 11 21 30 35,0
S007,triple_residual_node,triple_relation_residual,1071,1,1070,expanding,10 12 14 18 33 34,1 2 11 21 30 35,0
S008,family_balanced_hybrid,hybrid,1071,1,1070,expanding,4 10 12 18 33 45,1 2 11 21 30 35,0
S001,multi_window_frequency,multi_window_frequency,1072,1,1071,expanding,3 6 19 22 35 45,16 18 20 23 32 43,0
S002,gap_regime_hazard,gap_time,1072,1,1071,expanding,3 6 10 18 28 31,16 18 20 23 32 43,1
S003,momentum_state_transition,momentum,1072,1,1071,expanding,4 10 11 18 23 24,16 18 20 23 32 43,2
S004,conditional_probability,conditional,1072,1,1071,expanding,1 7 18 23 32 35,16 18 20 23 32 43,3
S005,structure_transition,structure_transition,1072,1,1071,expanding,4 17 20 25 39 44,16 18 20 23 32 43,1
S006,pair_residual_node,pair_relation_residual,1072,1,1071,expanding,10 12 14 18 33 34,16 18 20 23 32 43,1
S007,triple_residual_node,triple_relation_residual,1072,1,1071,expanding,10 12 14 18 33 34,16 18 20 23 32 43,1
S008,family_balanced_hybrid,hybrid,1072,1,1071,expanding,10 11 12 18 34 45,16 18 20 23 32 43,1
S001,multi_window_frequency,multi_window_frequency,1073,1,1072,expanding,3 6 18 22 35 45,6 18 28 30 32 38,2
S002,gap_regime_hazard,gap_time,1073,1,1072,expanding,1 3 6 14 22 41,6 18 28 30 32 38,1
S003,momentum_state_transition,momentum,1073,1,1072,expanding,4 10 11 18 19 23,6 18 28 30 32 38,1
S004,conditional_probability,conditional,1073,1,1072,expanding,1 7 10 11 32 35,6 18 28 30 32 38,1
S005,structure_transition,structure_transition,1073,1,1072,expanding,6 10 19 24 27 37,6 18 28 30 32 38,1
S006,pair_residual_node,pair_relation_residual,1073,1,1072,expanding,10 12 14 18 33 34,6 18 28 30 32 38,1
S007,triple_residual_node,triple_relation_residual,1073,1,1072,expanding,10 12 14 18 33 34,6 18 28 30 32 38,1
S008,family_balanced_hybrid,hybrid,1073,1,1072,expanding,1 10 11 12 18 34,6 18 28 30 32 38,1
S001,multi_window_frequency,multi_window_frequency,1074,1,1073,expanding,6 18 22 32 35 45,1 6 20 27 28 41,1
S002,gap_regime_hazard,gap_time,1074,1,1073,expanding,1 2 11 16 21 35,1 6 20 27 28 41,1
S003,momentum_state_transition,momentum,1074,1,1073,expanding,4 10 11 18 19 23,1 6 20 27 28 41,0
S004,conditional_probability,conditional,1074,1,1073,expanding,3 18 22 23 28 30,1 6 20 27 28 41,1
S005,structure_transition,structure_transition,1074,1,1073,expanding,7 17 24 26 30 35,1 6 20 27 28 41,0
S006,pair_residual_node,pair_relation_residual,1074,1,1073,expanding,10 12 14 18 33 34,1 6 20 27 28 41,0
S007,triple_residual_node,triple_relation_residual,1074,1,1073,expanding,10 12 14 18 33 34,1 6 20 27 28 41,0
S008,family_balanced_hybrid,hybrid,1074,1,1073,expanding,1 10 11 12 16 18,1 6 20 27 28 41,1
S001,multi_window_frequency,multi_window_frequency,1075,1,1074,expanding,6 18 19 32 35 45,1 23 24 35 44 45,2
S002,gap_regime_hazard,gap_time,1075,1,1074,expanding,16 18 23 30 32 43,1 23 24 35 44 45,1
S003,momentum_state_transition,momentum,1075,1,1074,expanding,1 4 10 11 18 23,1 23 24 35 44 45,2
S004,conditional_probability,conditional,1075,1,1074,expanding,1 3 7 10 23 30,1 23 24 35 44 45,2
S005,structure_transition,structure_transition,1075,1,1074,expanding,2 4 14 33 37 41,1 23 24 35 44 45,0
S006,pair_residual_node,pair_relation_residual,1075,1,1074,expanding,12 14 18 27 33 34,1 23 24 35 44 45,0
S007,triple_residual_node,triple_relation_residual,1075,1,1074,expanding,12 14 18 27 33 34,1 23 24 35 44 45,0
S008,family_balanced_hybrid,hybrid,1075,1,1074,expanding,1 10 11 12 16 18,1 23 24 35 44 45,1
S001,multi_window_frequency,multi_window_frequency,1076,1,1075,expanding,6 18 22 32 35 45,3 7 9 33 36 37,0
S002,gap_regime_hazard,gap_time,1076,1,1075,expanding,6 18 20 30 32 38,3 7 9 33 36 37,0
S003,momentum_state_transition,momentum,1076,1,1075,expanding,1 10 11 18 23 24,3 7 9 33 36 37,0
S004,conditional_probability,conditional,1076,1,1075,expanding,18 19 23 30 32 35,3 7 9 33 36 37,0
S005,structure_transition,structure_transition,1076,1,1075,expanding,1 4 11 32 36 39,3 7 9 33 36 37,1
S006,pair_residual_node,pair_relation_residual,1076,1,1075,expanding,12 14 18 27 33 34,3 7 9 33 36 37,1
S007,triple_residual_node,triple_relation_residual,1076,1,1075,expanding,12 14 18 27 33 34,3 7 9 33 36 37,1
S008,family_balanced_hybrid,hybrid,1076,1,1075,expanding,10 11 12 18 20 34,3 7 9 33 36 37,0
S001,multi_window_frequency,multi_window_frequency,1077,1,1076,expanding,6 18 32 33 35 45,4 8 17 30 40 43,0
S002,gap_regime_hazard,gap_time,1077,1,1076,expanding,1 6 20 27 28 41,4 8 17 30 40 43,0
S003,momentum_state_transition,momentum,1077,1,1076,expanding,1 10 11 18 23 24,4 8 17 30 40 43,0
S004,conditional_probability,conditional,1077,1,1076,expanding,6 7 18 23 30 33,4 8 17 30 40 43,1
S005,structure_transition,structure_transition,1077,1,1076,expanding,1 4 11 32 36 39,4 8 17 30 40 43,1
S006,pair_residual_node,pair_relation_residual,1077,1,1076,expanding,12 14 18 27 33 34,4 8 17 30 40 43,0
S007,triple_residual_node,triple_relation_residual,1077,1,1076,expanding,12 14 18 27 33 34,4 8 17 30 40 43,0
S008,family_balanced_hybrid,hybrid,1077,1,1076,expanding,1 6 10 12 18 20,4 8 17 30 40 43,0
S001,multi_window_frequency,multi_window_frequency,1078,1,1077,expanding,6 18 30 32 35 45,6 10 11 14 36 38,1
S002,gap_regime_hazard,gap_time,1078,1,1077,expanding,1 23 24 35 44 45,6 10 11 14 36 38,0
S003,momentum_state_transition,momentum,1078,1,1077,expanding,1 4 10 11 18 23,6 10 11 14 36 38,2
S004,conditional_probability,conditional,1078,1,1077,expanding,3 4 6 18 28 35,6 10 11 14 36 38,1
S005,structure_transition,structure_transition,1078,1,1077,expanding,3 14 18 23 25 40,6 10 11 14 36 38,1
S006,pair_residual_node,pair_relation_residual,1078,1,1077,expanding,12 14 18 33 34 43,6 10 11 14 36 38,1
S007,triple_residual_node,triple_relation_residual,1078,1,1077,expanding,12 14 18 33 34 43,6 10 11 14 36 38,1
S008,family_balanced_hybrid,hybrid,1078,1,1077,expanding,1 7 12 13 18 33,6 10 11 14 36 38,0
S001,multi_window_frequency,multi_window_frequency,1079,1,1078,expanding,3 6 18 30 35 45,4 8 18 24 37 45,2
S002,gap_regime_hazard,gap_time,1079,1,1078,expanding,3 4 7 9 33 37,4 8 18 24 37 45,2
S003,momentum_state_transition,momentum,1079,1,1078,expanding,1 4 10 11 18 23,4 8 18 24 37 45,2
S004,conditional_probability,conditional,1079,1,1078,expanding,3 10 11 14 18 28,4 8 18 24 37 45,1
S005,structure_transition,structure_transition,1079,1,1078,expanding,11 15 17 30 34 44,4 8 18 24 37 45,0
S006,pair_residual_node,pair_relation_residual,1079,1,1078,expanding,12 14 18 33 34 43,4 8 18 24 37 45,1
S007,triple_residual_node,triple_relation_residual,1079,1,1078,expanding,12 14 18 33 34 43,4 8 18 24 37 45,1
S008,family_balanced_hybrid,hybrid,1079,1,1078,expanding,1 10 11 12 14 18,4 8 18 24 37 45,1
S001,multi_window_frequency,multi_window_frequency,1080,1,1079,expanding,6 18 30 32 35 45,13 16 23 31 36 44,0
S002,gap_regime_hazard,gap_time,1080,1,1079,expanding,6 10 17 30 40 43,13 16 23 31 36 44,0
S003,momentum_state_transition,momentum,1080,1,1079,expanding,1 3 4 10 11 18,13 16 23 31 36 44,0
S004,conditional_probability,conditional,1080,1,1079,expanding,1 3 4 8 11 18,13 16 23 31 36 44,0
S005,structure_transition,structure_transition,1080,1,1079,expanding,3 14 18 23 25 40,13 16 23 31 36 44,1
S006,pair_residual_node,pair_relation_residual,1080,1,1079,expanding,12 14 18 33 34 43,13 16 23 31 36 44,0
S007,triple_residual_node,triple_relation_residual,1080,1,1079,expanding,12 14 18 33 34 43,13 16 23 31 36 44,0
S008,family_balanced_hybrid,hybrid,1080,1,1079,expanding,1 10 11 12 14 18,13 16 23 31 36 44,0
S001,multi_window_frequency,multi_window_frequency,1081,1,1080,expanding,6 18 30 32 35 45,1 9 16 23 24 38,0
S002,gap_regime_hazard,gap_time,1081,1,1080,expanding,4 6 10 11 14 38,1 9 16 23 24 38,1
S003,momentum_state_transition,momentum,1081,1,1080,expanding,1 4 10 11 16 18,1 9 16 23 24 38,2
S004,conditional_probability,conditional,1081,1,1080,expanding,1 6 18 23 30 36,1 9 16 23 24 38,2
S005,structure_transition,structure_transition,1081,1,1080,expanding,4 17 20 25 39 44,1 9 16 23 24 38,0
S006,pair_residual_node,pair_relation_residual,1081,1,1080,expanding,12 14 18 33 34 43,1 9 16 23 24 38,0
S007,triple_residual_node,triple_relation_residual,1081,1,1080,expanding,12 14 18 33 34 43,1 9 16 23 24 38,0
S008,family_balanced_hybrid,hybrid,1081,1,1080,expanding,1 4 11 12 14 18,1 9 16 23 24 38,1
S001,multi_window_frequency,multi_window_frequency,1082,1,1081,expanding,6 18 23 35 38 45,21 26 27 32 34 42,0
S002,gap_regime_hazard,gap_time,1082,1,1081,expanding,4 8 13 18 37 45,21 26 27 32 34 42,0
S003,momentum_state_transition,momentum,1082,1,1081,expanding,1 4 9 10 11 16,21 26 27 32 34 42,0
S004,conditional_probability,conditional,1082,1,1081,expanding,1 6 16 18 24 36,21 26 27 32 34 42,0
S005,structure_transition,structure_transition,1082,1,1081,expanding,1 5 14 30 37 40,21 26 27 32 34 42,0
S006,pair_residual_node,pair_relation_residual,1082,1,1081,expanding,1 12 14 18 33 34,21 26 27 32 34 42,1
S007,triple_residual_node,triple_relation_residual,1082,1,1081,expanding,1 12 14 18 33 34,21 26 27 32 34 42,1
S008,family_balanced_hybrid,hybrid,1082,1,1081,expanding,1 4 12 16 18 37,21 26 27 32 34 42,0
S001,multi_window_frequency,multi_window_frequency,1083,1,1082,expanding,6 18 23 24 32 45,3 7 14 15 22 38,0
S002,gap_regime_hazard,gap_time,1083,1,1082,expanding,1 9 13 31 36 44,3 7 14 15 22 38,0
S003,momentum_state_transition,momentum,1083,1,1082,expanding,1 4 9 10 11 16,3 7 14 15 22 38,0
S004,conditional_probability,conditional,1083,1,1082,expanding,1 6 23 24 36 38,3 7 14 15 22 38,1
S005,structure_transition,structure_transition,1083,1,1082,expanding,1 4 11 32 36 39,3 7 14 15 22 38,0
S006,pair_residual_node,pair_relation_residual,1083,1,1082,expanding,12 14 18 27 33 34,3 7 14 15 22 38,1
S007,triple_residual_node,triple_relation_residual,1083,1,1082,expanding,12 14 18 27 33 34,3 7 14 15 22 38,1
S008,family_balanced_hybrid,hybrid,1083,1,1082,expanding,1 12 13 16 18 36,3 7 14 15 22 38,0
S001,multi_window_frequency,multi_window_frequency,1084,1,1083,expanding,6 18 23 24 38 45,8 12 13 29 33 42,0
S002,gap_regime_hazard,gap_time,1084,1,1083,expanding,1 9 16 21 23 24,8 12 13 29 33 42,0
S003,momentum_state_transition,momentum,1084,1,1083,expanding,1 4 9 10 11 16,8 12 13 29 33 42,0
S004,conditional_probability,conditional,1084,1,1083,expanding,1 3 23 24 36 38,8 12 13 29 33 42,0
S005,structure_transition,structure_transition,1084,1,1083,expanding,7 17 24 26 30 35,8 12 13 29 33 42,0
S006,pair_residual_node,pair_relation_residual,1084,1,1083,expanding,12 14 18 27 33 34,8 12 13 29 33 42,2
S007,triple_residual_node,triple_relation_residual,1084,1,1083,expanding,12 14 18 27 33 34,8 12 13 29 33 42,2
S008,family_balanced_hybrid,hybrid,1084,1,1083,expanding,1 12 16 18 23 27,8 12 13 29 33 42,1
S001,multi_window_frequency,multi_window_frequency,1085,1,1084,expanding,3 18 23 24 38 45,4 7 17 18 38 44,2
S002,gap_regime_hazard,gap_time,1085,1,1084,expanding,3 21 26 27 32 34,4 7 17 18 38 44,0
S003,momentum_state_transition,momentum,1085,1,1084,expanding,1 4 8 10 11 16,4 7 17 18 38 44,1
S004,conditional_probability,conditional,1085,1,1084,expanding,1 8 23 24 36 38,4 7 17 18 38 44,1
S005,structure_transition,structure_transition,1085,1,1084,expanding,6 10 19 24 27 37,4 7 17 18 38 44,0
S006,pair_residual_node,pair_relation_residual,1085,1,1084,expanding,12 14 18 27 33 34,4 7 17 18 38 44,1
S007,triple_residual_node,triple_relation_residual,1085,1,1084,expanding,12 14 18 27 33 34,4 7 17 18 38 44,1
S008,family_balanced_hybrid,hybrid,1085,1,1084,expanding,1 11 14 18 27 36,4 7 17 18 38 44,1
S001,multi_window_frequency,multi_window_frequency,1086,1,1085,expanding,3 6 18 32 38 45,11 16 25 27 35 36,0
S002,gap_regime_hazard,gap_time,1086,1,1085,expanding,3 8 12 14 15 22,11 16 25 27 35 36,0
S003,momentum_state_transition,momentum,1086,1,1085,expanding,1 4 8 10 11 14,11 16 25 27 35 36,1
S004,conditional_probability,conditional,1086,1,1085,expanding,3 4 7 8 9 36,11 16 25 27 35 36,1
S005,structure_transition,structure_transition,1086,1,1085,expanding,6 10 19 24 27 37,11 16 25 27 35 36,1
S006,pair_residual_node,pair_relation_residual,1086,1,1085,expanding,12 14 18 27 33 34,11 16 25 27 35 36,1
S007,triple_residual_node,triple_relation_residual,1086,1,1085,expanding,12 14 18 27 33 34,11 16 25 27 35 36,1
S008,family_balanced_hybrid,hybrid,1086,1,1085,expanding,1 12 13 14 18 33,11 16 25 27 35 36,0
S001,multi_window_frequency,multi_window_frequency,1087,1,1086,expanding,6 16 18 35 38 45,13 14 18 21 34 44,1
S002,gap_regime_hazard,gap_time,1087,1,1086,expanding,8 12 13 29 33 42,13 14 18 21 34 44,1
S003,momentum_state_transition,momentum,1087,1,1086,expanding,1 4 7 8 10 11,13 14 18 21 34 44,0
S004,conditional_probability,conditional,1087,1,1086,expanding,4 7 8 11 16 36,13 14 18 21 34 44,0
S005,structure_transition,structure_transition,1087,1,1086,expanding,1 5 22 29 32 36,13 14 18 21 34 44,0
S006,pair_residual_node,pair_relation_residual,1087,1,1086,expanding,12 14 18 27 33 34,13 14 18 21 34 44,3
S007,triple_residual_node,triple_relation_residual,1087,1,1086,expanding,12 14 18 27 33 34,13 14 18 21 34 44,3
S008,family_balanced_hybrid,hybrid,1087,1,1086,expanding,4 7 12 13 14 18,13 14 18 21 34 44,3
S001,multi_window_frequency,multi_window_frequency,1088,1,1087,expanding,14 16 18 35 38 45,11 21 22 30 39 44,0
S002,gap_regime_hazard,gap_time,1088,1,1087,expanding,4 7 11 16 17 38,11 21 22 30 39 44,1
S003,momentum_state_transition,momentum,1088,1,1087,expanding,1 4 8 11 14 16,11 21 22 30 39 44,1
S004,conditional_probability,conditional,1088,1,1087,expanding,13 14 16 18 36 44,11 21 22 30 39 44,1
S005,structure_transition,structure_transition,1088,1,1087,expanding,13 19 22 36 42 45,11 21 22 30 39 44,1
S006,pair_residual_node,pair_relation_residual,1088,1,1087,expanding,12 14 18 27 33 34,11 21 22 30 39 44,0
S007,triple_residual_node,triple_relation_residual,1088,1,1087,expanding,12 14 18 27 33 34,11 21 22 30 39 44,0
S008,family_balanced_hybrid,hybrid,1088,1,1087,expanding,4 11 14 16 18 36,11 21 22 30 39 44,1
S001,multi_window_frequency,multi_window_frequency,1089,1,1088,expanding,18 22 35 38 44 45,4 18 31 37 42 43,1
S002,gap_regime_hazard,gap_time,1089,1,1088,expanding,13 16 25 27 35 36,4 18 31 37 42 43,0
S003,momentum_state_transition,momentum,1089,1,1088,expanding,1 8 11 14 16 18,4 18 31 37 42 43,1
S004,conditional_probability,conditional,1089,1,1088,expanding,4 13 16 18 21 38,4 18 31 37 42 43,2
S005,structure_transition,structure_transition,1089,1,1088,expanding,4 7 20 23 41 44,4 18 31 37 42 43,1
S006,pair_residual_node,pair_relation_residual,1089,1,1088,expanding,12 14 18 27 33 34,4 18 31 37 42 43,1
S007,triple_residual_node,triple_relation_residual,1089,1,1088,expanding,12 14 18 27 33 34,4 18 31 37 42 43,1
S008,family_balanced_hybrid,hybrid,1089,1,1088,expanding,13 14 16 18 34 36,4 18 31 37 42 43,1
S001,multi_window_frequency,multi_window_frequency,1090,1,1089,expanding,18 22 35 38 44 45,12 19 21 29 40 45,1
S002,gap_regime_hazard,gap_time,1090,1,1089,expanding,11 13 14 21 22 34,12 19 21 29 40 45,1
S003,momentum_state_transition,momentum,1090,1,1089,expanding,1 8 11 13 14 16,12 19 21 29 40 45,0
S004,conditional_probability,conditional,1090,1,1089,expanding,13 16 18 21 38 42,12 19 21 29 40 45,1
S005,structure_transition,structure_transition,1090,1,1089,expanding,4 17 20 25 39 44,12 19 21 29 40 45,0
S006,pair_residual_node,pair_relation_residual,1090,1,1089,expanding,12 14 18 27 33 34,12 19 21 29 40 45,1
S007,triple_residual_node,triple_relation_residual,1090,1,1089,expanding,12 14 18 27 33 34,12 19 21 29 40 45,1
S008,family_balanced_hybrid,hybrid,1090,1,1089,expanding,11 13 14 16 21 34,12 19 21 29 40 45,1
S001,multi_window_frequency,multi_window_frequency,1091,1,1090,expanding,18 21 22 35 38 45,6 20 23 24 28 30,0
S002,gap_regime_hazard,gap_time,1091,1,1090,expanding,4 11 22 30 39 44,6 20 23 24 28 30,1
S003,momentum_state_transition,momentum,1091,1,1090,expanding,1 8 11 13 16 21,6 20 23 24 28 30,0
S004,conditional_probability,conditional,1091,1,1090,expanding,4 7 18 38 42 44,6 20 23 24 28 30,0
S005,structure_transition,structure_transition,1091,1,1090,expanding,6 10 19 24 27 37,6 20 23 24 28 30,2
S006,pair_residual_node,pair_relation_residual,1091,1,1090,expanding,12 14 18 27 33 34,6 20 23 24 28 30,0
S007,triple_residual_node,triple_relation_residual,1091,1,1090,expanding,12 14 18 27 33 34,6 20 23 24 28 30,0
S008,family_balanced_hybrid,hybrid,1091,1,1090,expanding,1 11 12 13 18 44,6 20 23 24 28 30,0
S001,multi_window_frequency,multi_window_frequency,1092,1,1091,expanding,6 18 21 22 38 45,7 18 19 26 33 45,2
S002,gap_regime_hazard,gap_time,1092,1,1091,expanding,4 18 31 37 42 43,7 18 19 26 33 45,1
S003,momentum_state_transition,momentum,1092,1,1091,expanding,1 8 13 16 20 21,7 18 19 26 33 45,0
S004,conditional_probability,conditional,1092,1,1091,expanding,4 7 11 18 42 44,7 18 19 26 33 45,2
S005,structure_transition,structure_transition,1092,1,1091,expanding,8 16 19 25 29 42,7 18 19 26 33 45,1
S006,pair_residual_node,pair_relation_residual,1092,1,1091,expanding,12 14 18 27 33 34,7 18 19 26 33 45,2
S007,triple_residual_node,triple_relation_residual,1092,1,1091,expanding,12 14 18 27 33 34,7 18 19 26 33 45,2
S008,family_balanced_hybrid,hybrid,1092,1,1091,expanding,1 12 13 14 18 21,7 18 19 26 33 45,1
S001,multi_window_frequency,multi_window_frequency,1093,1,1092,expanding,6 18 21 22 38 45,10 17 22 30 35 43,1
S002,gap_regime_hazard,gap_time,1093,1,1092,expanding,6 12 20 21 29 40,10 17 22 30 35 43,0
S003,momentum_state_transition,momentum,1093,1,1092,expanding,1 8 13 16 21 36,10 17 22 30 35 43,0
S004,conditional_probability,conditional,1093,1,1092,expanding,4 7 11 12 21 44,10 17 22 30 35 43,0
S005,structure_transition,structure_transition,1093,1,1092,expanding,6 10 19 24 27 37,10 17 22 30 35 43,1
S006,pair_residual_node,pair_relation_residual,1093,1,1092,expanding,12 14 18 27 33 34,10 17 22 30 35 43,0
S007,triple_residual_node,triple_relation_residual,1093,1,1092,expanding,12 14 18 27 33 34,10 17 22 30 35 43,0
S008,family_balanced_hybrid,hybrid,1093,1,1092,expanding,1 12 13 14 21 38,10 17 22 30 35 43,0
S001,multi_window_frequency,multi_window_frequency,1094,1,1093,expanding,18 21 22 30 35 45,6 7 15 22 26 40,1
S002,gap_regime_hazard,gap_time,1094,1,1093,expanding,6 7 20 23 24 28,6 7 15 22 26 40,2
S003,momentum_state_transition,momentum,1094,1,1093,expanding,1 8 13 16 17 21,6 7 15 22 26 40,0
S004,conditional_probability,conditional,1094,1,1093,expanding,4 7 11 21 30 44,6 7 15 22 26 40,1
S005,structure_transition,structure_transition,1094,1,1093,expanding,6 8 22 27 37 45,6 7 15 22 26 40,2
S006,pair_residual_node,pair_relation_residual,1094,1,1093,expanding,12 14 18 27 33 34,6 7 15 22 26 40,0
S007,triple_residual_node,triple_relation_residual,1094,1,1093,expanding,12 14 18 27 33 34,6 7 15 22 26 40,0
S008,family_balanced_hybrid,hybrid,1094,1,1093,expanding,1 12 13 18 19 33,6 7 15 22 26 40,0
S001,multi_window_frequency,multi_window_frequency,1095,1,1094,expanding,6 18 22 30 35 45,8 14 28 29 34 40,0
S002,gap_regime_hazard,gap_time,1095,1,1094,expanding,10 17 18 19 33 45,8 14 28 29 34 40,0
S003,momentum_state_transition,momentum,1095,1,1094,expanding,8 13 14 16 17 21,8 14 28 29 34 40,2
S004,conditional_probability,conditional,1095,1,1094,expanding,4 7 21 22 30 44,8 14 28 29 34 40,0
S005,structure_transition,structure_transition,1095,1,1094,expanding,10 15 18 25 39 42,8 14 28 29 34 40,0
S006,pair_residual_node,pair_relation_residual,1095,1,1094,expanding,1 12 14 18 33 34,8 14 28 29 34 40,2
S007,triple_residual_node,triple_relation_residual,1095,1,1094,expanding,1 12 14 18 33 34,8 14 28 29 34 40,2
S008,family_balanced_hybrid,hybrid,1095,1,1094,expanding,1 14 17 18 19 43,8 14 28 29 34 40,1
S001,multi_window_frequency,multi_window_frequency,1096,1,1095,expanding,6 18 22 30 35 45,1 12 16 19 23 43,0
S002,gap_regime_hazard,gap_time,1096,1,1095,expanding,6 10 17 30 35 43,1 12 16 19 23 43,1
S003,momentum_state_transition,momentum,1096,1,1095,expanding,4 8 13 14 16 17,1 12 16 19 23 43,1
S004,conditional_probability,conditional,1096,1,1095,expanding,6 18 21 22 30 40,1 12 16 19 23 43,0
S005,structure_transition,structure_transition,1096,1,1095,expanding,2 12 21 26 29 37,1 12 16 19 23 43,1
S006,pair_residual_node,pair_relation_residual,1096,1,1095,expanding,11 12 14 18 33 34,1 12 16 19 23 43,1
S007,triple_residual_node,triple_relation_residual,1096,1,1095,expanding,11 12 14 18 33 34,1 12 16 19 23 43,1
S008,family_balanced_hybrid,hybrid,1096,1,1095,expanding,11 14 17 18 34 43,1 12 16 19 23 43,1
S001,multi_window_frequency,multi_window_frequency,1097,1,1096,expanding,6 14 18 22 30 45,14 33 34 35 37 40,1
S002,gap_regime_hazard,gap_time,1097,1,1096,expanding,6 7 8 15 22 26,14 33 34 35 37 40,0
S003,momentum_state_transition,momentum,1097,1,1096,expanding,4 8 12 13 14 16,14 33 34 35 37 40,1
S004,conditional_probability,conditional,1097,1,1096,expanding,18 19 21 22 30 40,14 33 34 35 37 40,1
S005,structure_transition,structure_transition,1097,1,1096,expanding,6 18 23 29 31 36,14 33 34 35 37 40,0
S006,pair_residual_node,pair_relation_residual,1097,1,1096,expanding,11 12 14 18 33 34,14 33 34 35 37 40,3
S007,triple_residual_node,triple_relation_residual,1097,1,1096,expanding,11 12 14 18 33 34,14 33 34 35 37 40,3
S008,family_balanced_hybrid,hybrid,1097,1,1096,expanding,6 12 14 18 34 43,14 33 34 35 37 40,2
S001,multi_window_frequency,multi_window_frequency,1098,1,1097,expanding,14 18 22 30 35 45,12 16 21 24 41 43,0
S002,gap_regime_hazard,gap_time,1098,1,1097,expanding,1 8 12 16 28 29,12 16 21 24 41 43,2
S003,momentum_state_transition,momentum,1098,1,1097,expanding,8 12 13 14 16 21,12 16 21 24 41 43,3
S004,conditional_probability,conditional,1098,1,1097,expanding,6 7 19 22 30 43,12 16 21 24 41 43,1
S005,structure_transition,structure_transition,1098,1,1097,expanding,10 15 21 26 40 43,12 16 21 24 41 43,2
S006,pair_residual_node,pair_relation_residual,1098,1,1097,expanding,11 12 14 18 33 34,12 16 21 24 41 43,1
S007,triple_residual_node,triple_relation_residual,1098,1,1097,expanding,11 12 14 18 33 34,12 16 21 24 41 43,1
S008,family_balanced_hybrid,hybrid,1098,1,1097,expanding,1 12 14 18 34 43,12 16 21 24 41 43,2
S001,multi_window_frequency,multi_window_frequency,1099,1,1098,expanding,12 14 18 22 35 45,3 20 28 38 40 43,0
S002,gap_regime_hazard,gap_time,1099,1,1098,expanding,1 14 19 23 33 34,3 20 28 38 40 43,0
S003,momentum_state_transition,momentum,1099,1,1098,expanding,8 12 13 14 16 21,3 20 28 38 40 43,0
S004,conditional_probability,conditional,1099,1,1098,expanding,6 7 12 14 16 19,3 20 28 38 40 43,0
S005,structure_transition,structure_transition,1099,1,1098,expanding,11 16 18 26 27 39,3 20 28 38 40 43,0
S006,pair_residual_node,pair_relation_residual,1099,1,1098,expanding,12 14 18 33 34 43,3 20 28 38 40 43,1
S007,triple_residual_node,triple_relation_residual,1099,1,1098,expanding,12 14 18 33 34 43,3 20 28 38 40 43,1
S008,family_balanced_hybrid,hybrid,1099,1,1098,expanding,12 14 18 33 34 37,3 20 28 38 40 43,0
S001,multi_window_frequency,multi_window_frequency,1100,1,1099,expanding,12 18 35 40 43 45,17 26 29 30 31 43,1
S002,gap_regime_hazard,gap_time,1100,1,1099,expanding,12 14 33 34 35 37,17 26 29 30 31 43,0
S003,momentum_state_transition,momentum,1100,1,1099,expanding,12 13 14 16 21 26,17 26 29 30 31 43,1
S004,conditional_probability,conditional,1100,1,1099,expanding,6 7 12 19 28 40,17 26 29 30 31 43,0
S005,structure_transition,structure_transition,1100,1,1099,expanding,4 12 21 32 35 37,17 26 29 30 31 43,0
S006,pair_residual_node,pair_relation_residual,1100,1,1099,expanding,12 14 18 33 34 43,17 26 29 30 31 43,1
S007,triple_residual_node,triple_relation_residual,1100,1,1099,expanding,12 14 18 33 34 43,17 26 29 30 31 43,1
S008,family_balanced_hybrid,hybrid,1100,1,1099,expanding,12 14 16 33 34 40,17 26 29 30 31 43,0
S001,multi_window_frequency,multi_window_frequency,1101,1,1100,expanding,12 14 18 30 35 43,6 7 13 28 36 42,0
S002,gap_regime_hazard,gap_time,1101,1,1100,expanding,3 12 16 21 24 41,6 7 13 28 36 42,0
S003,momentum_state_transition,momentum,1101,1,1100,expanding,12 14 17 21 26 29,6 7 13 28 36 42,0
S004,conditional_probability,conditional,1101,1,1100,expanding,6 7 26 28 30 43,6 7 13 28 36 42,3
S005,structure_transition,structure_transition,1101,1,1100,expanding,1 4 11 32 36 39,6 7 13 28 36 42,1
S006,pair_residual_node,pair_relation_residual,1101,1,1100,expanding,12 14 18 33 34 43,6 7 13 28 36 42,0
S007,triple_residual_node,triple_relation_residual,1101,1,1100,expanding,12 14 18 33 34 43,6 7 13 28 36 42,0
S008,family_balanced_hybrid,hybrid,1101,1,1100,expanding,12 14 16 34 40 43,6 7 13 28 36 42,0
S001,multi_window_frequency,multi_window_frequency,1102,1,1101,expanding,6 12 18 35 43 45,13 14 22 26 37 38,0
S002,gap_regime_hazard,gap_time,1102,1,1101,expanding,3 17 20 26 38 40,13 14 22 26 37 38,2
S003,momentum_state_transition,momentum,1102,1,1101,expanding,12 13 14 17 21 26,13 14 22 26 37 38,3
S004,conditional_probability,conditional,1102,1,1101,expanding,6 7 12 26 28 43,13 14 22 26 37 38,1
S005,structure_transition,structure_transition,1102,1,1101,expanding,6 10 19 24 27 37,13 14 22 26 37 38,1
S006,pair_residual_node,pair_relation_residual,1102,1,1101,expanding,12 14 18 33 34 43,13 14 22 26 37 38,1
S007,triple_residual_node,triple_relation_residual,1102,1,1101,expanding,12 14 18 33 34 43,13 14 22 26 37 38,1
S008,family_balanced_hybrid,hybrid,1102,1,1101,expanding,12 14 17 34 40 43,13 14 22 26 37 38,1
S001,multi_window_frequency,multi_window_frequency,1103,1,1102,expanding,14 22 26 35 38 43,10 12 29 31 40 44,0
S002,gap_regime_hazard,gap_time,1103,1,1102,expanding,6 17 29 30 31 43,10 12 29 31 40 44,2
S003,momentum_state_transition,momentum,1103,1,1102,expanding,12 13 14 17 26 29,10 12 29 31 40 44,2
S004,conditional_probability,conditional,1103,1,1102,expanding,6 14 22 26 28 43,10 12 29 31 40 44,0
S005,structure_transition,structure_transition,1103,1,1102,expanding,1 5 22 29 32 36,10 12 29 31 40 44,1
S006,pair_residual_node,pair_relation_residual,1103,1,1102,expanding,12 14 18 33 34 43,10 12 29 31 40 44,1
S007,triple_residual_node,triple_relation_residual,1103,1,1102,expanding,12 14 18 33 34 43,10 12 29 31 40 44,1
S008,family_balanced_hybrid,hybrid,1103,1,1102,expanding,12 13 14 17 34 43,10 12 29 31 40 44,1
S001,multi_window_frequency,multi_window_frequency,1104,1,1103,expanding,12 14 22 38 40 43,1 7 21 30 35 38,1
S002,gap_regime_hazard,gap_time,1104,1,1103,expanding,6 7 13 28 36 42,1 7 21 30 35 38,1
S003,momentum_state_transition,momentum,1104,1,1103,expanding,12 13 17 26 29 31,1 7 21 30 35 38,0
S004,conditional_probability,conditional,1104,1,1103,expanding,12 14 26 28 29 40,1 7 21 30 35 38,0
S005,structure_transition,structure_transition,1104,1,1103,expanding,4 12 21 32 35 37,1 7 21 30 35 38,2
S006,pair_residual_node,pair_relation_residual,1104,1,1103,expanding,12 14 18 33 34 43,1 7 21 30 35 38,0
S007,triple_residual_node,triple_relation_residual,1104,1,1103,expanding,12 14 18 33 34 43,1 7 21 30 35 38,0
S008,family_balanced_hybrid,hybrid,1104,1,1103,expanding,12 13 14 34 37 40,1 7 21 30 35 38,0
S001,multi_window_frequency,multi_window_frequency,1105,1,1104,expanding,12 14 35 38 40 43,6 16 34 37 39 40,1
S002,gap_regime_hazard,gap_time,1105,1,1104,expanding,10 13 14 22 26 37,6 16 34 37 39 40,1
S003,momentum_state_transition,momentum,1105,1,1104,expanding,12 13 17 26 29 31,6 16 34 37 39 40,0
S004,conditional_probability,conditional,1105,1,1104,expanding,1 12 14 28 29 38,6 16 34 37 39 40,0
S005,structure_transition,structure_transition,1105,1,1104,expanding,6 10 19 24 27 37,6 16 34 37 39 40,2
S006,pair_residual_node,pair_relation_residual,1105,1,1104,expanding,12 14 18 33 34 43,6 16 34 37 39 40,1
S007,triple_residual_node,triple_relation_residual,1105,1,1104,expanding,12 14 18 33 34 43,6 16 34 37 39 40,1
S008,family_balanced_hybrid,hybrid,1105,1,1104,expanding,12 13 14 34 37 40,6 16 34 37 39 40,3
S001,multi_window_frequency,multi_window_frequency,1106,1,1105,expanding,12 14 16 35 38 40,1 3 4 29 42 45,0
S002,gap_regime_hazard,gap_time,1106,1,1105,expanding,1 10 12 29 31 44,1 3 4 29 42 45,2
S003,momentum_state_transition,momentum,1106,1,1105,expanding,12 13 26 29 31 34,1 3 4 29 42 45,1
S004,conditional_probability,conditional,1106,1,1105,expanding,1 6 12 16 37 38,1 3 4 29 42 45,1
S005,structure_transition,structure_transition,1106,1,1105,expanding,9 18 21 24 37 38,1 3 4 29 42 45,0
S006,pair_residual_node,pair_relation_residual,1106,1,1105,expanding,12 14 18 33 34 43,1 3 4 29 42 45,0
S007,triple_residual_node,triple_relation_residual,1106,1,1105,expanding,12 14 18 33 34 43,1 3 4 29 42 45,0
S008,family_balanced_hybrid,hybrid,1106,1,1105,expanding,1 12 13 14 34 37,1 3 4 29 42 45,1
S001,multi_window_frequency,multi_window_frequency,1107,1,1106,expanding,12 14 29 35 38 40,6 14 30 31 40 41,2
S002,gap_regime_hazard,gap_time,1107,1,1106,expanding,6 7 21 30 35 38,6 14 30 31 40 41,2
S003,momentum_state_transition,momentum,1107,1,1106,expanding,12 13 19 21 26 29,6 14 30 31 40 41,0
S004,conditional_probability,conditional,1107,1,1106,expanding,1 3 29 37 38 43,6 14 30 31 40 41,0
S005,structure_transition,structure_transition,1107,1,1106,expanding,1 5 14 30 37 40,6 14 30 31 40 41,3
S006,pair_residual_node,pair_relation_residual,1107,1,1106,expanding,12 14 18 33 34 43,6 14 30 31 40 41,1
S007,triple_residual_node,triple_relation_residual,1107,1,1106,expanding,12 14 18 33 34 43,6 14 30 31 40 41,1
S008,family_balanced_hybrid,hybrid,1107,1,1106,expanding,12 13 21 34 37 43,6 14 30 31 40 41,0
S001,multi_window_frequency,multi_window_frequency,1108,1,1107,expanding,6 12 14 30 38 40,7 19 26 37 39 44,0
S002,gap_regime_hazard,gap_time,1108,1,1107,expanding,1 3 16 34 37 39,7 19 26 37 39 44,2
S003,momentum_state_transition,momentum,1108,1,1107,expanding,12 19 26 29 31 34,7 19 26 37 39 44,2
S004,conditional_probability,conditional,1108,1,1107,expanding,6 29 30 31 38 43,7 19 26 37 39 44,0
S005,structure_transition,structure_transition,1108,1,1107,expanding,4 16 21 31 35 37,7 19 26 37 39 44,1
S006,pair_residual_node,pair_relation_residual,1108,1,1107,expanding,12 14 18 33 34 43,7 19 26 37 39 44,0
S007,triple_residual_node,triple_relation_residual,1108,1,1107,expanding,12 14 18 33 34 43,7 19 26 37 39 44,0
S008,family_balanced_hybrid,hybrid,1108,1,1107,expanding,1 12 18 34 37 43,7 19 26 37 39 44,1
S001,multi_window_frequency,multi_window_frequency,1109,1,1108,expanding,6 7 14 26 38 40,10 12 13 19 33 40,1
S002,gap_regime_hazard,gap_time,1109,1,1108,expanding,1 3 4 29 42 45,10 12 13 19 33 40,0
S003,momentum_state_transition,momentum,1109,1,1108,expanding,12 19 26 29 31 34,10 12 13 19 33 40,2
S004,conditional_probability,conditional,1109,1,1108,expanding,6 7 26 29 30 31,10 12 13 19 33 40,0
S005,structure_transition,structure_transition,1109,1,1108,expanding,4 16 21 31 35 37,10 12 13 19 33 40,0
S006,pair_residual_node,pair_relation_residual,1109,1,1108,expanding,1 12 14 18 33 34,10 12 13 19 33 40,2
S007,triple_residual_node,triple_relation_residual,1109,1,1108,expanding,1 12 14 18 33 34,10 12 13 19 33 40,2
S008,family_balanced_hybrid,hybrid,1109,1,1108,expanding,1 12 13 14 18 40,10 12 13 19 33 40,3
S001,multi_window_frequency,multi_window_frequency,1110,1,1109,expanding,6 7 12 14 26 40,3 7 11 20 22 41,1
S002,gap_regime_hazard,gap_time,1110,1,1109,expanding,6 7 14 30 31 41,3 7 11 20 22 41,2
S003,momentum_state_transition,momentum,1110,1,1109,expanding,10 12 19 26 28 29,3 7 11 20 22 41,0
S004,conditional_probability,conditional,1110,1,1109,expanding,6 7 13 26 29 30,3 7 11 20 22 41,1
S005,structure_transition,structure_transition,1110,1,1109,expanding,3 14 18 23 25 40,3 7 11 20 22 41,1
S006,pair_residual_node,pair_relation_residual,1110,1,1109,expanding,1 12 14 18 33 34,3 7 11 20 22 41,0
S007,triple_residual_node,triple_relation_residual,1110,1,1109,expanding,1 12 14 18 33 34,3 7 11 20 22 41,0
S008,family_balanced_hybrid,hybrid,1110,1,1109,expanding,6 7 12 14 18 26,3 7 11 20 22 41,1
S001,multi_window_frequency,multi_window_frequency,1111,1,1110,expanding,6 7 12 14 22 40,3 13 30 33 43 45,0
S002,gap_regime_hazard,gap_time,1111,1,1110,expanding,10 12 26 37 39 44,3 13 30 33 43 45,0
S003,momentum_state_transition,momentum,1111,1,1110,expanding,3 10 12 19 20 22,3 13 30 33 43 45,1
S004,conditional_probability,conditional,1111,1,1110,expanding,1 3 6 10 13 37,3 13 30 33 43 45,2
S005,structure_transition,structure_transition,1111,1,1110,expanding,7 12 17 25 36 38,3 13 30 33 43 45,0
S006,pair_residual_node,pair_relation_residual,1111,1,1110,expanding,11 12 14 18 33 34,3 13 30 33 43 45,1
S007,triple_residual_node,triple_relation_residual,1111,1,1110,expanding,11 12 14 18 33 34,3 13 30 33 43 45,1
S008,family_balanced_hybrid,hybrid,1111,1,1110,expanding,10 12 13 18 19 40,3 13 30 33 43 45,1
S001,multi_window_frequency,multi_window_frequency,1112,1,1111,expanding,7 12 22 30 40 45,16 20 26 36 42 44,0
S002,gap_regime_hazard,gap_time,1112,1,1111,expanding,7 10 11 12 19 40,16 20 26 36 42 44,0
S003,momentum_state_transition,momentum,1112,1,1111,expanding,3 10 12 19 22 26,16 20 26 36 42 44,1
S004,conditional_probability,conditional,1112,1,1111,expanding,1 3 7 13 30 37,16 20 26 36 42 44,0
S005,structure_transition,structure_transition,1112,1,1111,expanding,9 18 21 24 37 38,16 20 26 36 42 44,0
S006,pair_residual_node,pair_relation_residual,1112,1,1111,expanding,11 12 14 18 33 34,16 20 26 36 42 44,0
S007,triple_residual_node,triple_relation_residual,1112,1,1111,expanding,11 12 14 18 33 34,16 20 26 36 42 44,0
S008,family_balanced_hybrid,hybrid,1112,1,1111,expanding,7 10 12 18 19 40,16 20 26 36 42 44,0
S001,multi_window_frequency,multi_window_frequency,1113,1,1112,expanding,7 12 22 30 40 45,11 13 20 21 32 44,0
S002,gap_regime_hazard,gap_time,1113,1,1112,expanding,3 7 11 13 22 41,11 13 20 21 32 44,2
S003,momentum_state_transition,momentum,1113,1,1112,expanding,3 10 12 19 20 22,11 13 20 21 32 44,1
S004,conditional_probability,conditional,1113,1,1112,expanding,1 3 6 7 30 44,11 13 20 21 32 44,1
S005,structure_transition,structure_transition,1113,1,1112,expanding,7 12 17 26 29 40,11 13 20 21 32 44,0
S006,pair_residual_node,pair_relation_residual,1113,1,1112,expanding,11 12 14 18 33 34,11 13 20 21 32 44,1
S007,triple_residual_node,triple_relation_residual,1113,1,1112,expanding,11 12 14 18 33 34,11 13 20 21 32 44,1
S008,family_balanced_hybrid,hybrid,1113,1,1112,expanding,3 7 12 13 33 45,11 13 20 21 32 44,1
S001,multi_window_frequency,multi_window_frequency,1114,1,1113,expanding,7 13 30 40 44 45,10 16 19 32 33 38,0
S002,gap_regime_hazard,gap_time,1114,1,1113,expanding,3 16 30 33 43 45,10 16 19 32 33 38,2
S003,momentum_state_transition,momentum,1114,1,1113,expanding,3 12 19 20 26 28,10 16 19 32 33 38,1
S004,conditional_probability,conditional,1114,1,1113,expanding,3 7 13 20 30 40,10 16 19 32 33 38,0
S005,structure_transition,structure_transition,1114,1,1113,expanding,13 19 22 36 42 45,10 16 19 32 33 38,1
S006,pair_residual_node,pair_relation_residual,1114,1,1113,expanding,11 12 14 18 33 34,10 16 19 32 33 38,1
S007,triple_residual_node,triple_relation_residual,1114,1,1113,expanding,11 12 14 18 33 34,10 16 19 32 33 38,1
S008,family_balanced_hybrid,hybrid,1114,1,1113,expanding,3 12 18 33 40 45,10 16 19 32 33 38,1
S001,multi_window_frequency,multi_window_frequency,1115,1,1114,expanding,13 16 30 33 40 45,7 12 23 32 34 36,0
S002,gap_regime_hazard,gap_time,1115,1,1114,expanding,11 13 20 26 36 42,7 12 23 32 34 36,1
S003,momentum_state_transition,momentum,1115,1,1114,expanding,1 3 10 12 19 20,7 12 23 32 34 36,1
S004,conditional_probability,conditional,1115,1,1114,expanding,3 13 16 19 20 33,7 12 23 32 34 36,0
S005,structure_transition,structure_transition,1115,1,1114,expanding,11 20 21 23 28 36,7 12 23 32 34 36,2
S006,pair_residual_node,pair_relation_residual,1115,1,1114,expanding,11 12 14 18 33 34,7 12 23 32 34 36,2
S007,triple_residual_node,triple_relation_residual,1115,1,1114,expanding,11 12 14 18 33 34,7 12 23 32 34 36,2
S008,family_balanced_hybrid,hybrid,1115,1,1114,expanding,3 11 12 13 18 20,7 12 23 32 34 36,1
S001,multi_window_frequency,multi_window_frequency,1116,1,1115,expanding,7 12 13 30 33 45,15 16 17 25 30 31,1
S002,gap_regime_hazard,gap_time,1116,1,1115,expanding,10 11 13 20 21 44,15 16 17 25 30 31,0
S003,momentum_state_transition,momentum,1116,1,1115,expanding,1 3 10 12 19 20,15 16 17 25 30 31,0
S004,conditional_probability,conditional,1116,1,1115,expanding,3 7 13 19 20 32,15 16 17 25 30 31,0
S005,structure_transition,structure_transition,1116,1,1115,expanding,11 16 18 26 27 39,15 16 17 25 30 31,1
S006,pair_residual_node,pair_relation_residual,1116,1,1115,expanding,11 12 14 18 33 34,15 16 17 25 30 31,0
S007,triple_residual_node,triple_relation_residual,1116,1,1115,expanding,11 12 14 18 33 34,15 16 17 25 30 31,0
S008,family_balanced_hybrid,hybrid,1116,1,1115,expanding,11 12 13 19 20 33,15 16 17 25 30 31,0
S001,multi_window_frequency,multi_window_frequency,1117,1,1116,expanding,7 12 13 16 30 33,3 4 9 30 33 36,2
S002,gap_regime_hazard,gap_time,1117,1,1116,expanding,7 10 12 19 33 38,3 4 9 30 33 36,1
S003,momentum_state_transition,momentum,1117,1,1116,expanding,3 10 20 31 32 33,3 4 9 30 33 36,2
S004,conditional_probability,conditional,1117,1,1116,expanding,7 13 16 19 20 30,3 4 9 30 33 36,1
S005,structure_transition,structure_transition,1117,1,1116,expanding,2 7 15 29 34 39,3 4 9 30 33 36,0
S006,pair_residual_node,pair_relation_residual,1117,1,1116,expanding,11 12 14 18 33 34,3 4 9 30 33 36,1
S007,triple_residual_node,triple_relation_residual,1117,1,1116,expanding,11 12 14 18 33 34,3 4 9 30 33 36,1
S008,family_balanced_hybrid,hybrid,1117,1,1116,expanding,7 10 12 13 18 33,3 4 9 30 33 36,1
S001,multi_window_frequency,multi_window_frequency,1118,1,1117,expanding,3 7 12 16 30 33,11 13 14 15 16 45,1
S002,gap_regime_hazard,gap_time,1118,1,1117,expanding,7 12 15 23 32 34,11 13 14 15 16 45,1
S003,momentum_state_transition,momentum,1118,1,1117,expanding,3 10 20 31 32 41,11 13 14 15 16 45,0
S004,conditional_probability,conditional,1118,1,1117,expanding,3 7 13 16 19 20,11 13 14 15 16 45,2
S005,structure_transition,structure_transition,1118,1,1117,expanding,5 18 22 24 29 45,11 13 14 15 16 45,1
S006,pair_residual_node,pair_relation_residual,1118,1,1117,expanding,11 12 14 18 33 34,11 13 14 15 16 45,2
S007,triple_residual_node,triple_relation_residual,1118,1,1117,expanding,11 12 14 18 33 34,11 13 14 15 16 45,2
S008,family_balanced_hybrid,hybrid,1118,1,1117,expanding,7 12 14 16 18 34,11 13 14 15 16 45,2
S001,multi_window_frequency,multi_window_frequency,1119,1,1118,expanding,12 13 16 30 33 45,1 9 12 13 20 45,3
S002,gap_regime_hazard,gap_time,1119,1,1118,expanding,3 4 9 17 25 31,1 9 12 13 20 45,1
S003,momentum_state_transition,momentum,1119,1,1118,expanding,3 6 10 11 20 31,1 9 12 13 20 45,1
S004,conditional_probability,conditional,1119,1,1118,expanding,3 11 20 30 32 36,1 9 12 13 20 45,1
S005,structure_transition,structure_transition,1119,1,1118,expanding,1 4 6 31 40 45,1 9 12 13 20 45,2
S006,pair_residual_node,pair_relation_residual,1119,1,1118,expanding,11 12 14 18 33 34,1 9 12 13 20 45,1
S007,triple_residual_node,triple_relation_residual,1119,1,1118,expanding,11 12 14 18 33 34,1 9 12 13 20 45,1
S008,family_balanced_hybrid,hybrid,1119,1,1118,expanding,3 11 12 18 33 36,1 9 12 13 20 45,1
S001,multi_window_frequency,multi_window_frequency,1120,1,1119,expanding,12 13 16 30 33 45,2 19 26 31 38 41,0
S002,gap_regime_hazard,gap_time,1120,1,1119,expanding,3 4 11 30 33 36,2 19 26 31 38 41,0
S003,momentum_state_transition,momentum,1120,1,1119,expanding,1 3 6 10 11 20,2 19 26 31 38 41,0
S004,conditional_probability,conditional,1120,1,1119,expanding,3 11 30 32 33 36,2 19 26 31 38 41,0
S005,structure_transition,structure_transition,1120,1,1119,expanding,1 6 16 35 37 42,2 19 26 31 38 41,0
S006,pair_residual_node,pair_relation_residual,1120,1,1119,expanding,1 12 14 18 33 34,2 19 26 31 38 41,0
S007,triple_residual_node,triple_relation_residual,1120,1,1119,expanding,1 12 14 18 33 34,2 19 26 31 38 41,0
S008,family_balanced_hybrid,hybrid,1120,1,1119,expanding,3 11 16 18 33 36,2 19 26 31 38 41,0
S001,multi_window_frequency,multi_window_frequency,1121,1,1120,expanding,12 13 16 30 33 45,6 24 31 32 38 44,0
S002,gap_regime_hazard,gap_time,1121,1,1120,expanding,1 9 11 14 15 16,6 24 31 32 38 44,0
S003,momentum_state_transition,momentum,1121,1,1120,expanding,1 3 6 10 11 13,6 24 31 32 38 44,1
S004,conditional_probability,conditional,1121,1,1120,expanding,20 30 32 33 36 45,6 24 31 32 38 44,1
S005,structure_transition,structure_transition,1121,1,1120,expanding,4 13 22 33 36 41,6 24 31 32 38 44,0
S006,pair_residual_node,pair_relation_residual,1121,1,1120,expanding,1 12 14 18 33 34,6 24 31 32 38 44,0
S007,triple_residual_node,triple_relation_residual,1121,1,1120,expanding,1 12 14 18 33 34,6 24 31 32 38 44,0
S008,family_balanced_hybrid,hybrid,1121,1,1120,expanding,1 11 12 13 20 45,6 24 31 32 38 44,0
S001,multi_window_frequency,multi_window_frequency,1122,1,1121,expanding,13 16 30 32 38 45,3 6 21 30 34 35,1
S002,gap_regime_hazard,gap_time,1122,1,1121,expanding,1 9 12 13 20 45,3 6 21 30 34 35,0
S003,momentum_state_transition,momentum,1122,1,1121,expanding,1 3 10 11 20 31,3 6 21 30 34 35,1
S004,conditional_probability,conditional,1122,1,1121,expanding,13 20 31 36 38 44,3 6 21 30 34 35,0
S005,structure_transition,structure_transition,1122,1,1121,expanding,4 17 20 25 39 44,3 6 21 30 34 35,0
S006,pair_residual_node,pair_relation_residual,1122,1,1121,expanding,1 12 14 18 33 34,3 6 21 30 34 35,1
S007,triple_residual_node,triple_relation_residual,1122,1,1121,expanding,1 12 14 18 33 34,3 6 21 30 34 35,1
S008,family_balanced_hybrid,hybrid,1122,1,1121,expanding,1 12 13 18 20 45,3 6 21 30 34 35,0
S001,multi_window_frequency,multi_window_frequency,1123,1,1122,expanding,6 13 16 30 32 38,13 19 21 24 34 35,1
S002,gap_regime_hazard,gap_time,1123,1,1122,expanding,2 19 24 26 31 41,13 19 21 24 34 35,2
S003,momentum_state_transition,momentum,1123,1,1122,expanding,1 3 10 11 20 31,13 19 21 24 34 35,0
S004,conditional_probability,conditional,1123,1,1122,expanding,3 13 16 30 31 38,13 19 21 24 34 35,1
S005,structure_transition,structure_transition,1123,1,1122,expanding,6 10 19 24 27 37,13 19 21 24 34 35,2
S006,pair_residual_node,pair_relation_residual,1123,1,1122,expanding,1 12 14 18 33 34,13 19 21 24 34 35,1
S007,triple_residual_node,triple_relation_residual,1123,1,1122,expanding,1 12 14 18 33 34,13 19 21 24 34 35,1
S008,family_balanced_hybrid,hybrid,1123,1,1122,expanding,11 12 13 16 18 31,13 19 21 24 34 35,1
S001,multi_window_frequency,multi_window_frequency,1124,1,1123,expanding,6 12 13 16 30 38,3 8 17 30 33 34,1
S002,gap_regime_hazard,gap_time,1124,1,1123,expanding,3 6 31 32 38 44,3 8 17 30 33 34,1
S003,momentum_state_transition,momentum,1124,1,1123,expanding,1 3 11 20 32 36,3 8 17 30 33 34,1
S004,conditional_probability,conditional,1124,1,1123,expanding,13 16 19 30 31 32,3 8 17 30 33 34,1
S005,structure_transition,structure_transition,1124,1,1123,expanding,1 5 22 29 32 36,3 8 17 30 33 34,0
S006,pair_residual_node,pair_relation_residual,1124,1,1123,expanding,1 12 14 18 33 34,3 8 17 30 33 34,2
S007,triple_residual_node,triple_relation_residual,1124,1,1123,expanding,1 12 14 18 33 34,3 8 17 30 33 34,2
S008,family_balanced_hybrid,hybrid,1124,1,1123,expanding,3 6 12 13 18 33,3 8 17 30 33 34,2
S001,multi_window_frequency,multi_window_frequency,1125,1,1124,expanding,3 13 16 30 33 34,6 14 25 33 40 44,1
S002,gap_regime_hazard,gap_time,1125,1,1124,expanding,6 13 19 21 24 35,6 14 25 33 40 44,1
S003,momentum_state_transition,momentum,1125,1,1124,expanding,3 11 20 32 33 36,6 14 25 33 40 44,1
S004,conditional_probability,conditional,1125,1,1124,expanding,3 6 9 12 13 31,6 14 25 33 40 44,1
S005,structure_transition,structure_transition,1125,1,1124,expanding,7 12 17 25 36 38,6 14 25 33 40 44,1
S006,pair_residual_node,pair_relation_residual,1125,1,1124,expanding,1 12 14 18 33 34,6 14 25 33 40 44,2
S007,triple_residual_node,triple_relation_residual,1125,1,1124,expanding,1 12 14 18 33 34,6 14 25 33 40 44,2
S008,family_balanced_hybrid,hybrid,1125,1,1124,expanding,6 12 13 16 18 33,6 14 25 33 40 44,2
S001,multi_window_frequency,multi_window_frequency,1126,1,1125,expanding,3 6 13 16 30 33,4 5 9 11 37 40,0
S002,gap_regime_hazard,gap_time,1126,1,1125,expanding,3 13 19 21 24 35,4 5 9 11 37 40,0
S003,momentum_state_transition,momentum,1126,1,1125,expanding,3 11 20 32 33 36,4 5 9 11 37 40,1
S004,conditional_probability,conditional,1126,1,1125,expanding,3 6 13 31 33 34,4 5 9 11 37 40,0
S005,structure_transition,structure_transition,1126,1,1125,expanding,4 16 21 31 35 37,4 5 9 11 37 40,2
S006,pair_residual_node,pair_relation_residual,1126,1,1125,expanding,1 12 14 18 33 34,4 5 9 11 37 40,0
S007,triple_residual_node,triple_relation_residual,1126,1,1125,expanding,1 12 14 18 33 34,4 5 9 11 37 40,0
S008,family_balanced_hybrid,hybrid,1126,1,1125,expanding,3 13 14 18 33 34,4 5 9 11 37 40,0
S001,multi_window_frequency,multi_window_frequency,1127,1,1126,expanding,3 6 13 30 33 40,10 15 24 30 31 37,1
S002,gap_regime_hazard,gap_time,1127,1,1126,expanding,3 6 8 17 30 34,10 15 24 30 31 37,1
S003,momentum_state_transition,momentum,1127,1,1126,expanding,3 9 11 20 32 33,10 15 24 30 31 37,0
S004,conditional_probability,conditional,1127,1,1126,expanding,3 6 9 13 30 33,10 15 24 30 31 37,1
S005,structure_transition,structure_transition,1127,1,1126,expanding,7 12 17 25 36 38,10 15 24 30 31 37,0
S006,pair_residual_node,pair_relation_residual,1127,1,1126,expanding,11 12 14 18 33 34,10 15 24 30 31 37,0
S007,triple_residual_node,triple_relation_residual,1127,1,1126,expanding,11 12 14 18 33 34,10 15 24 30 31 37,0
S008,family_balanced_hybrid,hybrid,1127,1,1126,expanding,3 6 13 14 33 34,10 15 24 30 31 37,0
S001,multi_window_frequency,multi_window_frequency,1128,1,1127,expanding,3 6 13 30 33 38,1 5 8 16 28 33,1
S002,gap_regime_hazard,gap_time,1128,1,1127,expanding,4 6 14 25 33 44,1 5 8 16 28 33,1
S003,momentum_state_transition,momentum,1128,1,1127,expanding,3 9 10 11 13 15,1 5 8 16 28 33,0
S004,conditional_probability,conditional,1128,1,1127,expanding,6 13 24 30 31 34,1 5 8 16 28 33,0
S005,structure_transition,structure_transition,1128,1,1127,expanding,7 12 14 16 27 45,1 5 8 16 28 33,1
S006,pair_residual_node,pair_relation_residual,1128,1,1127,expanding,11 12 14 18 33 34,1 5 8 16 28 33,1
S007,triple_residual_node,triple_relation_residual,1128,1,1127,expanding,11 12 14 18 33 34,1 5 8 16 28 33,1
S008,family_balanced_hybrid,hybrid,1128,1,1127,expanding,6 11 13 14 33 34,1 5 8 16 28 33,1
S001,multi_window_frequency,multi_window_frequency,1129,1,1128,expanding,3 6 13 30 33 38,5 10 11 17 28 34,0
S002,gap_regime_hazard,gap_time,1129,1,1128,expanding,4 9 10 11 15 40,5 10 11 17 28 34,2
S003,momentum_state_transition,momentum,1129,1,1128,expanding,3 9 10 11 13 15,5 10 11 17 28 34,2
S004,conditional_probability,conditional,1129,1,1128,expanding,6 24 30 31 33 34,5 10 11 17 28 34,1
S005,structure_transition,structure_transition,1129,1,1128,expanding,8 13 18 25 36 39,5 10 11 17 28 34,0
S006,pair_residual_node,pair_relation_residual,1129,1,1128,expanding,1 12 14 18 33 34,5 10 11 17 28 34,1
S007,triple_residual_node,triple_relation_residual,1129,1,1128,expanding,1 12 14 18 33 34,5 10 11 17 28 34,1
S008,family_balanced_hybrid,hybrid,1129,1,1128,expanding,11 13 33 34 37 40,5 10 11 17 28 34,2
S001,multi_window_frequency,multi_window_frequency,1130,1,1129,expanding,3 6 30 31 33 34,15 19 21 25 27 28,0
S002,gap_regime_hazard,gap_time,1130,1,1129,expanding,1 15 24 30 31 37,15 19 21 25 27 28,1
S003,momentum_state_transition,momentum,1130,1,1129,expanding,3 5 9 11 15 17,15 19 21 25 27 28,1
S004,conditional_probability,conditional,1130,1,1129,expanding,5 6 24 30 31 33,15 19 21 25 27 28,0
S005,structure_transition,structure_transition,1130,1,1129,expanding,7 17 24 26 30 35,15 19 21 25 27 28,0
S006,pair_residual_node,pair_relation_residual,1130,1,1129,expanding,1 12 14 18 33 34,15 19 21 25 27 28,0
S007,triple_residual_node,triple_relation_residual,1130,1,1129,expanding,1 11 12 18 33 34,15 19 21 25 27 28,0
S008,family_balanced_hybrid,hybrid,1130,1,1129,expanding,1 3 11 12 33 37,15 19 21 25 27 28,0
S001,multi_window_frequency,multi_window_frequency,1131,1,1130,expanding,3 6 21 30 33 34,1 2 6 14 27 38,1
S002,gap_regime_hazard,gap_time,1131,1,1130,expanding,1 5 8 10 16 33,1 2 6 14 27 38,1
S003,momentum_state_transition,momentum,1131,1,1130,expanding,5 9 11 15 17 21,1 2 6 14 27 38,0
S004,conditional_probability,conditional,1131,1,1130,expanding,5 6 21 24 28 30,1 2 6 14 27 38,1
S005,structure_transition,structure_transition,1131,1,1130,expanding,1 4 6 31 40 45,1 2 6 14 27 38,2
S006,pair_residual_node,pair_relation_residual,1131,1,1130,expanding,1 12 14 18 33 34,1 2 6 14 27 38,2
S007,triple_residual_node,triple_relation_residual,1131,1,1130,expanding,1 11 12 18 33 34,1 2 6 14 27 38,1
S008,family_balanced_hybrid,hybrid,1131,1,1130,expanding,1 11 12 17 33 34,1 2 6 14 27 38,1
S001,multi_window_frequency,multi_window_frequency,1132,1,1131,expanding,3 6 14 30 33 34,6 7 19 28 34 41,2
S002,gap_regime_hazard,gap_time,1132,1,1131,expanding,5 10 11 15 17 34,6 7 19 28 34 41,1
S003,momentum_state_transition,momentum,1132,1,1131,expanding,5 9 11 15 17 20,6 7 19 28 34 41,0
S004,conditional_probability,conditional,1132,1,1131,expanding,5 6 21 28 30 33,6 7 19 28 34 41,2
S005,structure_transition,structure_transition,1132,1,1131,expanding,4 17 20 25 39 44,6 7 19 28 34 41,0
S006,pair_residual_node,pair_relation_residual,1132,1,1131,expanding,1 12 14 18 33 34,6 7 19 28 34 41,1
S007,triple_residual_node,triple_relation_residual,1132,1,1131,expanding,1 12 14 18 33 34,6 7 19 28 34 41,1
S008,family_balanced_hybrid,hybrid,1132,1,1131,expanding,11 12 17 21 33 34,6 7 19 28 34 41,1
S001,multi_window_frequency,multi_window_frequency,1133,1,1132,expanding,6 19 28 30 33 34,13 14 20 28 29 34,2
S002,gap_regime_hazard,gap_time,1133,1,1132,expanding,1 2 14 15 21 25,13 14 20 28 29 34,1
S003,momentum_state_transition,momentum,1133,1,1132,expanding,5 9 11 15 17 21,13 14 20 28 29 34,0
S004,conditional_probability,conditional,1133,1,1132,expanding,1 5 6 8 19 33,13 14 20 28 29 34,0
S005,structure_transition,structure_transition,1133,1,1132,expanding,7 12 17 26 29 40,13 14 20 28 29 34,1
S006,pair_residual_node,pair_relation_residual,1133,1,1132,expanding,1 12 14 18 33 34,13 14 20 28 29 34,2
S007,triple_residual_node,triple_relation_residual,1133,1,1132,expanding,1 12 14 18 33 34,13 14 20 28 29 34,2
S008,family_balanced_hybrid,hybrid,1133,1,1132,expanding,1 11 12 14 21 33,13 14 20 28 29 34,1
S001,multi_window_frequency,multi_window_frequency,1134,1,1133,expanding,6 14 28 30 33 34,3 7 9 13 19 24,0
S002,gap_regime_hazard,gap_time,1134,1,1133,expanding,1 2 6 7 27 38,3 7 9 13 19 24,1
S003,momentum_state_transition,momentum,1134,1,1133,expanding,5 9 10 11 15 17,3 7 9 13 19 24,1
S004,conditional_probability,conditional,1134,1,1133,expanding,1 5 6 14 28 33,3 7 9 13 19 24,0
S005,structure_transition,structure_transition,1134,1,1133,expanding,1 5 14 30 37 40,3 7 9 13 19 24,0
S006,pair_residual_node,pair_relation_residual,1134,1,1133,expanding,1 12 14 18 33 34,3 7 9 13 19 24,0
S007,triple_residual_node,triple_relation_residual,1134,1,1133,expanding,1 12 14 18 33 34,3 7 9 13 19 24,0
S008,family_balanced_hybrid,hybrid,1134,1,1133,expanding,1 6 11 12 14 33,3 7 9 13 19 24,0
S001,multi_window_frequency,multi_window_frequency,1135,1,1134,expanding,6 13 19 28 33 34,1 6 13 19 21 33,4
S002,gap_regime_hazard,gap_time,1135,1,1134,expanding,6 14 20 28 29 41,1 6 13 19 21 33,1
S003,momentum_state_transition,momentum,1135,1,1134,expanding,5 9 11 15 17 24,1 6 13 19 21 33,0
S004,conditional_probability,conditional,1135,1,1134,expanding,5 6 14 19 28 34,1 6 13 19 21 33,2
S005,structure_transition,structure_transition,1135,1,1134,expanding,1 14 19 32 34 37,1 6 13 19 21 33,2
S006,pair_residual_node,pair_relation_residual,1135,1,1134,expanding,1 12 14 18 33 34,1 6 13 19 21 33,2
S007,triple_residual_node,triple_relation_residual,1135,1,1134,expanding,1 12 14 18 33 34,1 6 13 19 21 33,2
S008,family_balanced_hybrid,hybrid,1135,1,1134,expanding,6 11 12 14 33 34,1 6 13 19 21 33,2
S001,multi_window_frequency,multi_window_frequency,1136,1,1135,expanding,6 13 19 28 33 34,21 33 35 38 42 44,1
S002,gap_regime_hazard,gap_time,1136,1,1135,expanding,3 14 20 28 29 34,21 33 35 38 42 44,0
S003,momentum_state_transition,momentum,1136,1,1135,expanding,5 9 11 15 17 24,21 33 35 38 42 44,0
S004,conditional_probability,conditional,1136,1,1135,expanding,1 5 6 13 28 34,21 33 35 38 42 44,0
S005,structure_transition,structure_transition,1136,1,1135,expanding,3 16 21 25 28 35,21 33 35 38 42 44,2
S006,pair_residual_node,pair_relation_residual,1136,1,1135,expanding,1 12 14 18 33 34,21 33 35 38 42 44,1
S007,triple_residual_node,triple_relation_residual,1136,1,1135,expanding,1 12 14 18 33 34,21 33 35 38 42 44,1
S008,family_balanced_hybrid,hybrid,1136,1,1135,expanding,7 11 12 14 28 34,21 33 35 38 42 44,0
S001,multi_window_frequency,multi_window_frequency,1137,1,1136,expanding,6 13 19 21 28 33,4 9 12 15 33 45,1
S002,gap_regime_hazard,gap_time,1137,1,1136,expanding,1 3 6 7 9 24,4 9 12 15 33 45,1
S003,momentum_state_transition,momentum,1137,1,1136,expanding,1 5 9 11 15 24,4 9 12 15 33 45,2
S004,conditional_probability,conditional,1137,1,1136,expanding,1 6 13 21 28 33,4 9 12 15 33 45,1
S005,structure_transition,structure_transition,1137,1,1136,expanding,2 9 22 23 38 41,4 9 12 15 33 45,1
S006,pair_residual_node,pair_relation_residual,1137,1,1136,expanding,1 12 14 18 33 34,4 9 12 15 33 45,2
S007,triple_residual_node,triple_relation_residual,1137,1,1136,expanding,1 12 14 18 33 34,4 9 12 15 33 45,2
S008,family_balanced_hybrid,hybrid,1137,1,1136,expanding,1 7 12 13 33 34,4 9 12 15 33 45,2
S001,multi_window_frequency,multi_window_frequency,1138,1,1137,expanding,6 13 19 21 28 33,14 16 19 20 29 34,1
S002,gap_regime_hazard,gap_time,1138,1,1137,expanding,1 6 13 19 21 35,14 16 19 20 29 34,1
S003,momentum_state_transition,momentum,1138,1,1137,expanding,1 5 9 11 14 15,14 16 19 20 29 34,1
S004,conditional_probability,conditional,1138,1,1137,expanding,1 6 13 21 28 34,14 16 19 20 29 34,1
S005,structure_transition,structure_transition,1138,1,1137,expanding,6 10 19 24 27 37,14 16 19 20 29 34,1
S006,pair_residual_node,pair_relation_residual,1138,1,1137,expanding,1 12 14 18 33 34,14 16 19 20 29 34,2
S007,triple_residual_node,triple_relation_residual,1138,1,1137,expanding,1 12 14 18 33 34,14 16 19 20 29 34,2
S008,family_balanced_hybrid,hybrid,1138,1,1137,expanding,1 6 13 14 19 34,14 16 19 20 29 34,3
S001,multi_window_frequency,multi_window_frequency,1139,1,1138,expanding,6 13 19 21 33 34,5 12 15 30 37 40,0
S002,gap_regime_hazard,gap_time,1139,1,1138,expanding,4 21 35 38 42 44,5 12 15 30 37 40,0
S003,momentum_state_transition,momentum,1139,1,1138,expanding,1 5 9 15 21 24,5 12 15 30 37 40,2
S004,conditional_probability,conditional,1139,1,1138,expanding,6 13 14 19 21 33,5 12 15 30 37 40,0
S005,structure_transition,structure_transition,1139,1,1138,expanding,1 4 20 25 26 45,5 12 15 30 37 40,0
S006,pair_residual_node,pair_relation_residual,1139,1,1138,expanding,1 12 14 18 33 34,5 12 15 30 37 40,1
S007,triple_residual_node,triple_relation_residual,1139,1,1138,expanding,1 12 14 18 33 34,5 12 15 30 37 40,1
S008,family_balanced_hybrid,hybrid,1139,1,1138,expanding,1 12 13 21 33 34,5 12 15 30 37 40,1
S001,multi_window_frequency,multi_window_frequency,1140,1,1139,expanding,6 13 19 21 33 34,7 10 22 29 31 38,0
S002,gap_regime_hazard,gap_time,1140,1,1139,expanding,4 9 14 16 33 45,7 10 22 29 31 38,0
S003,momentum_state_transition,momentum,1140,1,1139,expanding,5 9 15 21 24 28,7 10 22 29 31 38,0
S004,conditional_probability,conditional,1140,1,1139,expanding,6 13 14 15 19 21,7 10 22 29 31 38,0
S005,structure_transition,structure_transition,1140,1,1139,expanding,3 14 18 23 25 40,7 10 22 29 31 38,0
S006,pair_residual_node,pair_relation_residual,1140,1,1139,expanding,1 12 14 18 33 34,7 10 22 29 31 38,0
S007,triple_residual_node,triple_relation_residual,1140,1,1139,expanding,1 12 14 18 33 34,7 10 22 29 31 38,0
S008,family_balanced_hybrid,hybrid,1140,1,1139,expanding,12 13 14 19 33 34,7 10 22 29 31 38,0
S001,multi_window_frequency,multi_window_frequency,1141,1,1140,expanding,6 13 19 33 34 38,7 11 12 21 26 35,0
S002,gap_regime_hazard,gap_time,1141,1,1140,expanding,5 14 16 19 20 34,7 11 12 21 26 35,0
S003,momentum_state_transition,momentum,1141,1,1140,expanding,5 9 15 21 24 28,7 11 12 21 26 35,1
S004,conditional_probability,conditional,1141,1,1140,expanding,6 7 13 14 29 33,7 11 12 21 26 35,1
S005,structure_transition,structure_transition,1141,1,1140,expanding,6 10 19 24 27 37,7 11 12 21 26 35,0
S006,pair_residual_node,pair_relation_residual,1141,1,1140,expanding,1 12 14 18 33 34,7 11 12 21 26 35,1
S007,triple_residual_node,triple_relation_residual,1141,1,1140,expanding,1 12 14 18 33 34,7 11 12 21 26 35,1
S008,family_balanced_hybrid,hybrid,1141,1,1140,expanding,12 13 14 19 33 34,7 11 12 21 26 35,1
S001,multi_window_frequency,multi_window_frequency,1142,1,1141,expanding,7 13 19 21 33 34,2 8 28 30 37 41,0
S002,gap_regime_hazard,gap_time,1142,1,1141,expanding,5 10 15 30 37 40,2 8 28 30 37 41,2
S003,momentum_state_transition,momentum,1142,1,1141,expanding,5 9 15 21 24 28,2 8 28 30 37 41,1
S004,conditional_probability,conditional,1142,1,1141,expanding,12 13 21 29 33 34,2 8 28 30 37 41,0
S005,structure_transition,structure_transition,1142,1,1141,expanding,1 14 19 32 34 37,2 8 28 30 37 41,1
S006,pair_residual_node,pair_relation_residual,1142,1,1141,expanding,1 12 14 18 33 34,2 8 28 30 37 41,0
S007,triple_residual_node,triple_relation_residual,1142,1,1141,expanding,1 12 14 18 33 34,2 8 28 30 37 41,0
S008,family_balanced_hybrid,hybrid,1142,1,1141,expanding,12 13 14 15 33 34,2 8 28 30 37 41,0
S001,multi_window_frequency,multi_window_frequency,1143,1,1142,expanding,7 13 19 21 30 33,10 16 17 27 28 36,0
S002,gap_regime_hazard,gap_time,1143,1,1142,expanding,7 10 22 29 31 38,10 16 17 27 28 36,1
S003,momentum_state_transition,momentum,1143,1,1142,expanding,5 8 9 14 15 24,10 16 17 27 28 36,0
S004,conditional_probability,conditional,1143,1,1142,expanding,7 12 13 19 21 29,10 16 17 27 28 36,0
S005,structure_transition,structure_transition,1143,1,1142,expanding,1 6 22 25 30 45,10 16 17 27 28 36,0
S006,pair_residual_node,pair_relation_residual,1143,1,1142,expanding,1 12 14 18 33 34,10 16 17 27 28 36,0
S007,triple_residual_node,triple_relation_residual,1143,1,1142,expanding,1 12 14 18 33 34,10 16 17 27 28 36,0
S008,family_balanced_hybrid,hybrid,1143,1,1142,expanding,7 12 13 14 33 34,10 16 17 27 28 36,0
S001,multi_window_frequency,multi_window_frequency,1144,1,1143,expanding,7 19 21 30 33 38,3 4 12 15 26 34,0
S002,gap_regime_hazard,gap_time,1144,1,1143,expanding,7 11 12 21 26 35,3 4 12 15 26 34,2
S003,momentum_state_transition,momentum,1144,1,1143,expanding,5 8 9 10 14 15,3 4 12 15 26 34,1
S004,conditional_probability,conditional,1144,1,1143,expanding,7 9 12 19 21 33,3 4 12 15 26 34,1
S005,structure_transition,structure_transition,1144,1,1143,expanding,1 14 19 32 34 37,3 4 12 15 26 34,1
S006,pair_residual_node,pair_relation_residual,1144,1,1143,expanding,1 12 14 18 33 34,3 4 12 15 26 34,2
S007,triple_residual_node,triple_relation_residual,1144,1,1143,expanding,1 12 14 18 33 34,3 4 12 15 26 34,2
S008,family_balanced_hybrid,hybrid,1144,1,1143,expanding,7 12 13 14 33 37,3 4 12 15 26 34,1
S001,multi_window_frequency,multi_window_frequency,1145,1,1144,expanding,12 19 21 30 33 34,2 11 31 33 37 44,1
S002,gap_regime_hazard,gap_time,1145,1,1144,expanding,2 8 10 30 37 41,2 11 31 33 37 44,2
S003,momentum_state_transition,momentum,1145,1,1144,expanding,1 4 5 9 10 14,2 11 31 33 37 44,0
S004,conditional_probability,conditional,1145,1,1144,expanding,4 7 10 15 21 33,2 11 31 33 37 44,1
S005,structure_transition,structure_transition,1145,1,1144,expanding,7 17 24 26 30 35,2 11 31 33 37 44,0
S006,pair_residual_node,pair_relation_residual,1145,1,1144,expanding,11 12 14 18 33 34,2 11 31 33 37 44,2
S007,triple_residual_node,triple_relation_residual,1145,1,1144,expanding,11 12 14 18 33 34,2 11 31 33 37 44,2
S008,family_balanced_hybrid,hybrid,1145,1,1144,expanding,1 10 14 16 33 37,2 11 31 33 37 44,2
S001,multi_window_frequency,multi_window_frequency,1146,1,1145,expanding,12 21 30 33 34 38,6 11 17 19 40 43,0
S002,gap_regime_hazard,gap_time,1146,1,1145,expanding,10 16 17 27 28 36,6 11 17 19 40 43,1
S003,momentum_state_transition,momentum,1146,1,1145,expanding,1 2 4 5 9 10,6 11 17 19 40 43,0
S004,conditional_probability,conditional,1146,1,1145,expanding,2 4 7 15 33 37,6 11 17 19 40 43,0
S005,structure_transition,structure_transition,1146,1,1145,expanding,4 17 20 25 39 44,6 11 17 19 40 43,1
S006,pair_residual_node,pair_relation_residual,1146,1,1145,expanding,11 12 14 18 33 34,6 11 17 19 40 43,1
S007,triple_residual_node,triple_relation_residual,1146,1,1145,expanding,11 12 14 18 33 34,6 11 17 19 40 43,1
S008,family_balanced_hybrid,hybrid,1146,1,1145,expanding,4 10 12 16 33 34,6 11 17 19 40 43,0
S001,multi_window_frequency,multi_window_frequency,1147,1,1146,expanding,6 12 19 30 33 34,7 11 24 26 27 37,0
S002,gap_regime_hazard,gap_time,1147,1,1146,expanding,3 4 12 15 26 34,7 11 24 26 27 37,1
S003,momentum_state_transition,momentum,1147,1,1146,expanding,3 9 20 26 32 36,7 11 24 26 27 37,1
S004,conditional_probability,conditional,1147,1,1146,expanding,2 4 7 11 15 37,7 11 24 26 27 37,3
S005,structure_transition,structure_transition,1147,1,1146,expanding,6 8 22 27 37 45,7 11 24 26 27 37,2
S006,pair_residual_node,pair_relation_residual,1147,1,1146,expanding,11 12 14 18 33 34,7 11 24 26 27 37,1
S007,triple_residual_node,triple_relation_residual,1147,1,1146,expanding,11 12 14 18 33 34,7 11 24 26 27 37,1
S008,family_balanced_hybrid,hybrid,1147,1,1146,expanding,1 3 12 33 34 37,7 11 24 26 27 37,1
S001,multi_window_frequency,multi_window_frequency,1148,1,1147,expanding,6 7 11 19 34 37,3 6 13 15 16 22,1
S002,gap_regime_hazard,gap_time,1148,1,1147,expanding,2 6 17 31 33 44,3 6 13 15 16 22,1
S003,momentum_state_transition,momentum,1148,1,1147,expanding,1 2 5 14 17 27,3 6 13 15 16 22,0
S004,conditional_probability,conditional,1148,1,1147,expanding,2 7 10 12 15 26,3 6 13 15 16 22,1
S005,structure_transition,structure_transition,1148,1,1147,expanding,8 13 18 25 36 39,3 6 13 15 16 22,1
S006,pair_residual_node,pair_relation_residual,1148,1,1147,expanding,11 12 14 18 33 34,3 6 13 15 16 22,0
S007,triple_residual_node,triple_relation_residual,1148,1,1147,expanding,11 12 14 18 33 34,3 6 13 15 16 22,0
S008,family_balanced_hybrid,hybrid,1148,1,1147,expanding,1 12 14 17 19 33,3 6 13 15 16 22,0
S001,multi_window_frequency,multi_window_frequency,1149,1,1148,expanding,6 7 19 30 33 37,8 15 19 21 32 36,1
S002,gap_regime_hazard,gap_time,1149,1,1148,expanding,7 11 17 19 40 43,8 15 19 21 32 36,1
S003,momentum_state_transition,momentum,1149,1,1148,expanding,9 20 24 30 31 32,8 15 19 21 32 36,1
S004,conditional_probability,conditional,1149,1,1148,expanding,2 3 7 12 15 26,8 15 19 21 32 36,1
S005,structure_transition,structure_transition,1149,1,1148,expanding,1 6 14 26 43 45,8 15 19 21 32 36,0
S006,pair_residual_node,pair_relation_residual,1149,1,1148,expanding,12 13 14 18 33 34,8 15 19 21 32 36,0
S007,triple_residual_node,triple_relation_residual,1149,1,1148,expanding,12 13 14 18 33 34,8 15 19 21 32 36,0
S008,family_balanced_hybrid,hybrid,1149,1,1148,expanding,7 11 12 17 37 40,8 15 19 21 32 36,0
S001,multi_window_frequency,multi_window_frequency,1150,1,1149,expanding,6 7 11 19 21 33,8 9 18 35 39 45,0
S002,gap_regime_hazard,gap_time,1150,1,1149,expanding,7 11 24 26 27 37,8 9 18 35 39 45,0
S003,momentum_state_transition,momentum,1150,1,1149,expanding,5 9 10 17 20 24,8 9 18 35 39 45,1
S004,conditional_probability,conditional,1150,1,1149,expanding,2 3 7 15 26 37,8 9 18 35 39 45,0
S005,structure_transition,structure_transition,1150,1,1149,expanding,3 14 18 23 25 40,8 9 18 35 39 45,1
S006,pair_residual_node,pair_relation_residual,1150,1,1149,expanding,12 13 14 18 33 34,8 9 18 35 39 45,1
S007,triple_residual_node,triple_relation_residual,1150,1,1149,expanding,12 13 14 18 33 34,8 9 18 35 39 45,1
S008,family_balanced_hybrid,hybrid,1150,1,1149,expanding,3 7 11 12 27 37,8 9 18 35 39 45,0
S001,multi_window_frequency,multi_window_frequency,1151,1,1150,expanding,6 7 11 19 21 33,2 3 9 15 27 29,0
S002,gap_regime_hazard,gap_time,1151,1,1150,expanding,3 6 13 15 16 22,2 3 9 15 27 29,2
S003,momentum_state_transition,momentum,1151,1,1150,expanding,5 10 17 20 24 25,2 3 9 15 27 29,0
S004,conditional_probability,conditional,1151,1,1150,expanding,2 3 8 15 26 37,2 3 9 15 27 29,3
S005,structure_transition,structure_transition,1151,1,1150,expanding,6 10 19 24 27 37,2 3 9 15 27 29,1
S006,pair_residual_node,pair_relation_residual,1151,1,1150,expanding,12 13 14 18 33 34,2 3 9 15 27 29,0
S007,triple_residual_node,triple_relation_residual,1151,1,1150,expanding,12 13 14 18 33 34,2 3 9 15 27 29,0
S008,family_balanced_hybrid,hybrid,1151,1,1150,expanding,3 12 14 16 19 37,2 3 9 15 27 29,1
S001,multi_window_frequency,multi_window_frequency,1152,1,1151,expanding,3 6 15 19 33 37,30 31 32 35 36 37,1
S002,gap_regime_hazard,gap_time,1152,1,1151,expanding,8 18 19 21 32 36,30 31 32 35 36 37,2
S003,momentum_state_transition,momentum,1152,1,1151,expanding,1 5 10 14 17 20,30 31 32 35 36 37,0
S004,conditional_probability,conditional,1152,1,1151,expanding,2 3 8 11 27 37,30 31 32 35 36 37,1
S005,structure_transition,structure_transition,1152,1,1151,expanding,6 10 22 25 29 35,30 31 32 35 36 37,1
S006,pair_residual_node,pair_relation_residual,1152,1,1151,expanding,12 14 18 27 33 34,30 31 32 35 36 37,0
S007,triple_residual_node,triple_relation_residual,1152,1,1151,expanding,12 14 18 27 33 34,30 31 32 35 36 37,0
S008,family_balanced_hybrid,hybrid,1152,1,1151,expanding,1 11 12 14 19 37,30 31 32 35 36 37,1
S001,multi_window_frequency,multi_window_frequency,1153,1,1152,expanding,3 6 15 19 33 37,1 9 10 13 35 44,0
S002,gap_regime_hazard,gap_time,1153,1,1152,expanding,2 3 8 18 39 45,1 9 10 13 35 44,0
S003,momentum_state_transition,momentum,1153,1,1152,expanding,1 5 10 14 17 24,1 9 10 13 35 44,2
S004,conditional_probability,conditional,1153,1,1152,expanding,2 3 11 27 36 37,1 9 10 13 35 44,0
S005,structure_transition,structure_transition,1153,1,1152,expanding,1 11 33 38 42 44,1 9 10 13 35 44,2
S006,pair_residual_node,pair_relation_residual,1153,1,1152,expanding,12 14 18 27 33 34,1 9 10 13 35 44,0
S007,triple_residual_node,triple_relation_residual,1153,1,1152,expanding,12 13 14 18 33 34,1 9 10 13 35 44,1
S008,family_balanced_hybrid,hybrid,1153,1,1152,expanding,1 3 11 12 14 27,1 9 10 13 35 44,1
S001,multi_window_frequency,multi_window_frequency,1154,1,1153,expanding,3 6 15 19 35 37,4 8 22 26 32 38,0
S002,gap_regime_hazard,gap_time,1154,1,1153,expanding,2 3 15 27 29 30,4 8 22 26 32 38,0
S003,momentum_state_transition,momentum,1154,1,1153,expanding,1 5 14 17 24 25,4 8 22 26 32 38,0
S004,conditional_probability,conditional,1154,1,1153,expanding,2 3 9 11 35 37,4 8 22 26 32 38,0
S005,structure_transition,structure_transition,1154,1,1153,expanding,12 14 18 27 29 44,4 8 22 26 32 38,0
S006,pair_residual_node,pair_relation_residual,1154,1,1153,expanding,1 12 13 18 33 34,4 8 22 26 32 38,0
S007,triple_residual_node,triple_relation_residual,1154,1,1153,expanding,1 12 13 18 33 34,4 8 22 26 32 38,0
S008,family_balanced_hybrid,hybrid,1154,1,1153,expanding,3 11 12 14 27 37,4 8 22 26 32 38,0
S001,multi_window_frequency,multi_window_frequency,1155,1,1154,expanding,6 13 15 19 35 37,10 16 19 27 37 38,2
S002,gap_regime_hazard,gap_time,1155,1,1154,expanding,1 9 30 31 36 37,10 16 19 27 37 38,1
S003,momentum_state_transition,momentum,1155,1,1154,expanding,1 5 14 17 24 25,10 16 19 27 37 38,0
S004,conditional_probability,conditional,1155,1,1154,expanding,8 9 11 15 32 35,10 16 19 27 37 38,0
S005,structure_transition,structure_transition,1155,1,1154,expanding,7 12 17 26 29 40,10 16 19 27 37 38,0
S006,pair_residual_node,pair_relation_residual,1155,1,1154,expanding,1 12 13 18 33 34,10 16 19 27 37 38,0
S007,triple_residual_node,triple_relation_residual,1155,1,1154,expanding,1 12 13 18 33 34,10 16 19 27 37 38,0
S008,family_balanced_hybrid,hybrid,1155,1,1154,expanding,1 11 12 13 34 37,10 16 19 27 37 38,1
S001,multi_window_frequency,multi_window_frequency,1156,1,1155,expanding,6 13 19 35 37 38,30 31 34 39 41 45,0
S002,gap_regime_hazard,gap_time,1156,1,1155,expanding,1 4 9 13 35 44,30 31 34 39 41 45,0
S003,momentum_state_transition,momentum,1156,1,1155,expanding,1 5 6 13 14 17,30 31 34 39 41 45,0
S004,conditional_probability,conditional,1156,1,1155,expanding,8 9 15 19 27 32,30 31 34 39 41 45,0
S005,structure_transition,structure_transition,1156,1,1155,expanding,1 5 22 29 32 36,30 31 34 39 41 45,0
S006,pair_residual_node,pair_relation_residual,1156,1,1155,expanding,1 12 13 18 33 34,30 31 34 39 41 45,1
S007,triple_residual_node,triple_relation_residual,1156,1,1155,expanding,1 12 13 18 33 34,30 31 34 39 41 45,1
S008,family_balanced_hybrid,hybrid,1156,1,1155,expanding,1 6 11 12 13 34,30 31 34 39 41 45,1
S001,multi_window_frequency,multi_window_frequency,1157,1,1156,expanding,6 19 30 35 37 38,5 7 12 20 25 26,0
S002,gap_regime_hazard,gap_time,1157,1,1156,expanding,4 8 10 22 26 32,5 7 12 20 25 26,1
S003,momentum_state_transition,momentum,1157,1,1156,expanding,1 5 6 13 14 21,5 7 12 20 25 26,1
S004,conditional_probability,conditional,1157,1,1156,expanding,8 9 15 27 32 35,5 7 12 20 25 26,0
S005,structure_transition,structure_transition,1157,1,1156,expanding,6 9 28 29 34 43,5 7 12 20 25 26,0
S006,pair_residual_node,pair_relation_residual,1157,1,1156,expanding,1 12 13 18 33 34,5 7 12 20 25 26,1
S007,triple_residual_node,triple_relation_residual,1157,1,1156,expanding,1 12 13 18 33 34,5 7 12 20 25 26,1
S008,family_balanced_hybrid,hybrid,1157,1,1156,expanding,10 13 16 19 27 37,5 7 12 20 25 26,0
S001,multi_window_frequency,multi_window_frequency,1158,1,1157,expanding,6 19 30 35 37 38,21 25 27 32 37 38,2
S002,gap_regime_hazard,gap_time,1158,1,1157,expanding,10 16 19 27 37 38,21 25 27 32 37 38,3
S003,momentum_state_transition,momentum,1158,1,1157,expanding,1 5 6 13 14 21,21 25 27 32 37 38,1
S004,conditional_probability,conditional,1158,1,1157,expanding,3 8 9 15 32 35,21 25 27 32 37 38,1
S005,structure_transition,structure_transition,1158,1,1157,expanding,1 5 14 30 37 40,21 25 27 32 37 38,1
S006,pair_residual_node,pair_relation_residual,1158,1,1157,expanding,1 12 13 18 33 34,21 25 27 32 37 38,0
S007,triple_residual_node,triple_relation_residual,1158,1,1157,expanding,1 12 13 18 33 34,21 25 27 32 37 38,0
S008,family_balanced_hybrid,hybrid,1158,1,1157,expanding,13 16 19 27 33 37,21 25 27 32 37 38,2
S001,multi_window_frequency,multi_window_frequency,1159,1,1158,expanding,7 19 21 35 37 38,3 9 27 28 38 39,1
S002,gap_regime_hazard,gap_time,1159,1,1158,expanding,30 31 34 39 41 45,3 9 27 28 38 39,1
S003,momentum_state_transition,momentum,1159,1,1158,expanding,1 5 6 13 14 20,3 9 27 28 38 39,0
S004,conditional_probability,conditional,1159,1,1158,expanding,8 9 27 35 37 38,3 9 27 28 38 39,3
S005,structure_transition,structure_transition,1159,1,1158,expanding,8 11 21 30 33 35,3 9 27 28 38 39,0
S006,pair_residual_node,pair_relation_residual,1159,1,1158,expanding,12 13 18 27 33 34,3 9 27 28 38 39,1
S007,triple_residual_node,triple_relation_residual,1159,1,1158,expanding,12 13 18 27 33 34,3 9 27 28 38 39,1
S008,family_balanced_hybrid,hybrid,1159,1,1158,expanding,7 12 27 33 34 37,3 9 27 28 38 39,1
S001,multi_window_frequency,multi_window_frequency,1160,1,1159,expanding,3 19 27 35 37 38,7 13 18 36 39 45,0
S002,gap_regime_hazard,gap_time,1160,1,1159,expanding,5 7 12 20 21 26,7 13 18 36 39 45,1
S003,momentum_state_transition,momentum,1160,1,1159,expanding,1 5 6 13 14 24,7 13 18 36 39 45,1
S004,conditional_probability,conditional,1160,1,1159,expanding,3 8 32 35 37 39,7 13 18 36 39 45,1
S005,structure_transition,structure_transition,1160,1,1159,expanding,3 14 18 23 25 40,7 13 18 36 39 45,1
S006,pair_residual_node,pair_relation_residual,1160,1,1159,expanding,12 13 18 27 33 34,7 13 18 36 39 45,2
S007,triple_residual_node,triple_relation_residual,1160,1,1159,expanding,12 13 18 27 33 34,7 13 18 36 39 45,2
S008,family_balanced_hybrid,hybrid,1160,1,1159,expanding,1 7 12 13 33 37,7 13 18 36 39 45,2
S001,multi_window_frequency,multi_window_frequency,1161,1,1160,expanding,3 7 13 19 37 38,2 12 20 24 34 42,0
S002,gap_regime_hazard,gap_time,1161,1,1160,expanding,3 9 21 25 32 37,2 12 20 24 34 42,0
S003,momentum_state_transition,momentum,1161,1,1160,expanding,2 8 11 12 16 26,2 12 20 24 34 42,2
S004,conditional_probability,conditional,1161,1,1160,expanding,3 7 9 32 37 39,2 12 20 24 34 42,0
S005,structure_transition,structure_transition,1161,1,1160,expanding,1 5 22 29 32 36,2 12 20 24 34 42,0
S006,pair_residual_node,pair_relation_residual,1161,1,1160,expanding,12 13 18 27 33 34,2 12 20 24 34 42,2
S007,triple_residual_node,triple_relation_residual,1161,1,1160,expanding,12 13 18 27 33 34,2 12 20 24 34 42,2
S008,family_balanced_hybrid,hybrid,1161,1,1160,expanding,3 11 12 13 27 37,2 12 20 24 34 42,1
S001,multi_window_frequency,multi_window_frequency,1162,1,1161,expanding,7 13 19 34 37 38,20 21 22 25 28 29,0
S002,gap_regime_hazard,gap_time,1162,1,1161,expanding,3 7 9 27 28 38,20 21 22 25 28 29,1
S003,momentum_state_transition,momentum,1162,1,1161,expanding,2 8 16 26 27 31,20 21 22 25 28 29,0
S004,conditional_probability,conditional,1162,1,1161,expanding,7 9 27 32 37 39,20 21 22 25 28 29,0
S005,structure_transition,structure_transition,1162,1,1161,expanding,6 10 19 24 27 37,20 21 22 25 28 29,0
S006,pair_residual_node,pair_relation_residual,1162,1,1161,expanding,12 13 18 27 33 34,20 21 22 25 28 29,0
S007,triple_residual_node,triple_relation_residual,1162,1,1161,expanding,12 13 18 27 33 34,20 21 22 25 28 29,0
S008,family_balanced_hybrid,hybrid,1162,1,1161,expanding,7 12 13 27 37 45,20 21 22 25 28 29,0
S001,multi_window_frequency,multi_window_frequency,1163,1,1162,expanding,7 12 13 21 37 38,2 13 15 16 33 43,1
S002,gap_regime_hazard,gap_time,1163,1,1162,expanding,7 13 18 36 39 45,2 13 15 16 33 43,1
S003,momentum_state_transition,momentum,1163,1,1162,expanding,1 5 6 14 24 29,2 13 15 16 33 43,0
S004,conditional_probability,conditional,1163,1,1162,expanding,7 9 20 25 27 39,2 13 15 16 33 43,0
S005,structure_transition,structure_transition,1163,1,1162,expanding,2 12 13 31 35 38,2 13 15 16 33 43,2
S006,pair_residual_node,pair_relation_residual,1163,1,1162,expanding,12 18 27 33 34 37,2 13 15 16 33 43,1
S007,triple_residual_node,triple_relation_residual,1163,1,1162,expanding,12 18 27 33 34 37,2 13 15 16 33 43,1
S008,family_balanced_hybrid,hybrid,1163,1,1162,expanding,7 12 13 27 34 45,2 13 15 16 33 43,1
S001,multi_window_frequency,multi_window_frequency,1164,1,1163,expanding,7 13 16 21 37 38,17 18 23 25 38 39,1
S002,gap_regime_hazard,gap_time,1164,1,1163,expanding,12 20 21 24 34 42,17 18 23 25 38 39,0
S003,momentum_state_transition,momentum,1164,1,1163,expanding,1 5 6 10 14 17,17 18 23 25 38 39,1
S004,conditional_probability,conditional,1164,1,1163,expanding,2 7 20 25 27 39,17 18 23 25 38 39,2
S005,structure_transition,structure_transition,1164,1,1163,expanding,3 13 21 25 30 32,17 18 23 25 38 39,1
S006,pair_residual_node,pair_relation_residual,1164,1,1163,expanding,12 13 18 27 33 34,17 18 23 25 38 39,1
S007,triple_residual_node,triple_relation_residual,1164,1,1163,expanding,12 13 18 27 33 34,17 18 23 25 38 39,1
S008,family_balanced_hybrid,hybrid,1164,1,1163,expanding,1 12 13 20 27 34,17 18 23 25 38 39,0
S001,multi_window_frequency,multi_window_frequency,1165,1,1164,expanding,7 13 16 21 37 38,6 7 27 29 38 45,2
S002,gap_regime_hazard,gap_time,1165,1,1164,expanding,2 20 21 22 28 29,6 7 27 29 38 45,1
S003,momentum_state_transition,momentum,1165,1,1164,expanding,2 3 8 18 20 22,6 7 27 29 38 45,0
S004,conditional_probability,conditional,1165,1,1164,expanding,2 7 12 13 20 27,6 7 27 29 38 45,2
S005,structure_transition,structure_transition,1165,1,1164,expanding,4 13 22 33 36 41,6 7 27 29 38 45,0
S006,pair_residual_node,pair_relation_residual,1165,1,1164,expanding,12 13 18 27 33 34,6 7 27 29 38 45,1
S007,triple_residual_node,triple_relation_residual,1165,1,1164,expanding,12 13 18 27 33 34,6 7 27 29 38 45,1
S008,family_balanced_hybrid,hybrid,1165,1,1164,expanding,12 13 16 18 20 34,6 7 27 29 38 45,0
S001,multi_window_frequency,multi_window_frequency,1166,1,1165,expanding,7 12 13 21 37 38,14 23 25 27 29 42,0
S002,gap_regime_hazard,gap_time,1166,1,1165,expanding,2 13 15 16 33 43,14 23 25 27 29 42,0
S003,momentum_state_transition,momentum,1166,1,1165,expanding,1 4 5 10 11 12,14 23 25 27 29 42,0
S004,conditional_probability,conditional,1166,1,1165,expanding,2 7 12 20 27 45,14 23 25 27 29 42,1
S005,structure_transition,structure_transition,1166,1,1165,expanding,3 14 18 23 25 40,14 23 25 27 29 42,3
S006,pair_residual_node,pair_relation_residual,1166,1,1165,expanding,12 13 18 27 33 34,14 23 25 27 29 42,1
S007,triple_residual_node,triple_relation_residual,1166,1,1165,expanding,12 13 18 27 33 34,14 23 25 27 29 42,1
S008,family_balanced_hybrid,hybrid,1166,1,1165,expanding,12 13 18 20 33 34,14 23 25 27 29 42,0
S001,multi_window_frequency,multi_window_frequency,1167,1,1166,expanding,7 12 13 27 37 38,8 23 31 35 39 40,0
S002,gap_regime_hazard,gap_time,1167,1,1166,expanding,6 7 17 18 38 39,8 23 31 35 39 40,1
S003,momentum_state_transition,momentum,1167,1,1166,expanding,1 5 6 10 11 12,8 23 31 35 39 40,0
S004,conditional_probability,conditional,1167,1,1166,expanding,2 7 20 25 29 39,8 23 31 35 39 40,1
S005,structure_transition,structure_transition,1167,1,1166,expanding,5 10 14 20 36 39,8 23 31 35 39 40,1
S006,pair_residual_node,pair_relation_residual,1167,1,1166,expanding,12 14 18 27 33 34,8 23 31 35 39 40,0
S007,triple_residual_node,triple_relation_residual,1167,1,1166,expanding,12 14 18 27 33 34,8 23 31 35 39 40,0
S008,family_balanced_hybrid,hybrid,1167,1,1166,expanding,7 12 13 18 20 45,8 23 31 35 39 40,0
S001,multi_window_frequency,multi_window_frequency,1168,1,1167,expanding,7 13 21 27 37 38,9 21 24 30 33 37,2
S002,gap_regime_hazard,gap_time,1168,1,1167,expanding,6 7 14 25 38 45,9 21 24 30 33 37,0
S003,momentum_state_transition,momentum,1168,1,1167,expanding,3 8 9 18 20 22,9 21 24 30 33 37,1
S004,conditional_probability,conditional,1168,1,1167,expanding,2 7 13 18 23 29,9 21 24 30 33 37,0
S005,structure_transition,structure_transition,1168,1,1167,expanding,1 5 22 29 32 36,9 21 24 30 33 37,0
S006,pair_residual_node,pair_relation_residual,1168,1,1167,expanding,12 13 18 27 33 34,9 21 24 30 33 37,1
S007,triple_residual_node,triple_relation_residual,1168,1,1167,expanding,12 13 18 27 33 34,9 21 24 30 33 37,1
S008,family_balanced_hybrid,hybrid,1168,1,1167,expanding,7 12 13 18 27 45,9 21 24 30 33 37,0
S001,multi_window_frequency,multi_window_frequency,1169,1,1168,expanding,7 21 27 30 37 38,5 12 24 26 39 42,0
S002,gap_regime_hazard,gap_time,1169,1,1168,expanding,8 14 25 27 29 42,5 12 24 26 39 42,1
S003,momentum_state_transition,momentum,1169,1,1168,expanding,8 9 18 20 23 25,5 12 24 26 39 42,0
S004,conditional_probability,conditional,1169,1,1168,expanding,2 23 25 27 29 38,5 12 24 26 39 42,0
S005,structure_transition,structure_transition,1169,1,1168,expanding,7 16 18 29 33 38,5 12 24 26 39 42,0
S006,pair_residual_node,pair_relation_residual,1169,1,1168,expanding,12 18 27 33 34 37,5 12 24 26 39 42,1
S007,triple_residual_node,triple_relation_residual,1169,1,1168,expanding,12 18 27 33 34 37,5 12 24 26 39 42,1
S008,family_balanced_hybrid,hybrid,1169,1,1168,expanding,12 13 18 20 27 39,5 12 24 26 39 42,2
S001,multi_window_frequency,multi_window_frequency,1170,1,1169,expanding,7 13 21 37 38 39,3 13 28 34 38 42,2
S002,gap_regime_hazard,gap_time,1170,1,1169,expanding,8 9 23 31 35 40,3 13 28 34 38 42,0
S003,momentum_state_transition,momentum,1170,1,1169,expanding,8 9 18 20 23 24,3 13 28 34 38 42,0
S004,conditional_probability,conditional,1170,1,1169,expanding,2 23 24 25 29 42,3 13 28 34 38 42,1
S005,structure_transition,structure_transition,1170,1,1169,expanding,6 10 19 24 27 37,3 13 28 34 38 42,0
S006,pair_residual_node,pair_relation_residual,1170,1,1169,expanding,12 18 27 33 34 37,3 13 28 34 38 42,1
S007,triple_residual_node,triple_relation_residual,1170,1,1169,expanding,12 18 27 33 34 37,3 13 28 34 38 42,1
S008,family_balanced_hybrid,hybrid,1170,1,1169,expanding,12 13 18 20 27 33,3 13 28 34 38 42,1
S001,multi_window_frequency,multi_window_frequency,1171,1,1170,expanding,12 13 21 27 37 38,3 6 7 11 12 17,1
S002,gap_regime_hazard,gap_time,1171,1,1170,expanding,5 9 21 30 33 37,3 6 7 11 12 17,0
S003,momentum_state_transition,momentum,1171,1,1170,expanding,6 8 11 14 15 16,3 6 7 11 12 17,2
S004,conditional_probability,conditional,1171,1,1170,expanding,23 24 25 29 38 39,3 6 7 11 12 17,0
S005,structure_transition,structure_transition,1171,1,1170,expanding,4 12 21 32 35 37,3 6 7 11 12 17,1
S006,pair_residual_node,pair_relation_residual,1171,1,1170,expanding,12 13 27 33 34 37,3 6 7 11 12 17,1
S007,triple_residual_node,triple_relation_residual,1171,1,1170,expanding,12 13 27 33 34 37,3 6 7 11 12 17,1
S008,family_balanced_hybrid,hybrid,1171,1,1170,expanding,12 13 21 27 33 39,3 6 7 11 12 17,1
S001,multi_window_frequency,multi_window_frequency,1172,1,1171,expanding,3 7 12 13 37 38,7 9 24 40 42 44,1
S002,gap_regime_hazard,gap_time,1172,1,1171,expanding,5 13 24 26 28 39,7 9 24 40 42 44,1
S003,momentum_state_transition,momentum,1172,1,1171,expanding,2 6 8 11 15 16,7 9 24 40 42 44,0
S004,conditional_probability,conditional,1172,1,1171,expanding,23 25 29 38 39 42,7 9 24 40 42 44,1
S005,structure_transition,structure_transition,1172,1,1171,expanding,1 13 18 30 32 43,7 9 24 40 42 44,0
S006,pair_residual_node,pair_relation_residual,1172,1,1171,expanding,12 13 27 33 34 37,7 9 24 40 42 44,0
S007,triple_residual_node,triple_relation_residual,1172,1,1171,expanding,12 13 27 33 34 37,7 9 24 40 42 44,0
S008,family_balanced_hybrid,hybrid,1172,1,1171,expanding,12 13 27 33 38 39,7 9 24 40 42 44,0
S001,multi_window_frequency,multi_window_frequency,1173,1,1172,expanding,3 6 7 12 13 38,1 5 18 20 30 35,0
S002,gap_regime_hazard,gap_time,1173,1,1172,expanding,3 6 13 28 34 38,1 5 18 20 30 35,0
S003,momentum_state_transition,momentum,1173,1,1172,expanding,2 6 8 11 15 16,1 5 18 20 30 35,0
S004,conditional_probability,conditional,1173,1,1172,expanding,3 7 23 24 38 39,1 5 18 20 30 35,0
S005,structure_transition,structure_transition,1173,1,1172,expanding,4 13 22 33 36 41,1 5 18 20 30 35,0
S006,pair_residual_node,pair_relation_residual,1173,1,1172,expanding,12 13 27 33 34 37,1 5 18 20 30 35,0
S007,triple_residual_node,triple_relation_residual,1173,1,1172,expanding,12 13 27 33 34 37,1 5 18 20 30 35,0
S008,family_balanced_hybrid,hybrid,1173,1,1172,expanding,3 6 12 13 33 38,1 5 18 20 30 35,0
S001,multi_window_frequency,multi_window_frequency,1174,1,1173,expanding,3 6 7 12 13 38,8 11 14 17 36 39,0
S002,gap_regime_hazard,gap_time,1174,1,1173,expanding,3 6 7 11 12 17,8 11 14 17 36 39,2
S003,momentum_state_transition,momentum,1174,1,1173,expanding,2 6 8 10 11 15,8 11 14 17 36 39,2
S004,conditional_probability,conditional,1174,1,1173,expanding,3 7 23 24 38 39,8 11 14 17 36 39,1
S005,structure_transition,structure_transition,1174,1,1173,expanding,5 15 22 24 27 40,8 11 14 17 36 39,0
S006,pair_residual_node,pair_relation_residual,1174,1,1173,expanding,12 18 27 33 34 37,8 11 14 17 36 39,0
S007,triple_residual_node,triple_relation_residual,1174,1,1173,expanding,12 18 27 33 34 37,8 11 14 17 36 39,0
S008,family_balanced_hybrid,hybrid,1174,1,1173,expanding,3 6 7 11 12 27,8 11 14 17 36 39,1
S001,multi_window_frequency,multi_window_frequency,1175,1,1174,expanding,3 7 13 35 38 39,3 4 6 8 32 42,1
S002,gap_regime_hazard,gap_time,1175,1,1174,expanding,7 9 24 40 42 44,3 4 6 8 32 42,1
S003,momentum_state_transition,momentum,1175,1,1174,expanding,2 4 6 8 10 11,3 4 6 8 32 42,3
S004,conditional_probability,conditional,1175,1,1174,expanding,3 5 6 7 24 39,3 4 6 8 32 42,2
S005,structure_transition,structure_transition,1175,1,1174,expanding,3 14 18 23 25 40,3 4 6 8 32 42,1
S006,pair_residual_node,pair_relation_residual,1175,1,1174,expanding,12 18 27 33 34 37,3 4 6 8 32 42,0
S007,triple_residual_node,triple_relation_residual,1175,1,1174,expanding,12 14 27 33 34 37,3 4 6 8 32 42,0
S008,family_balanced_hybrid,hybrid,1175,1,1174,expanding,7 11 12 18 24 27,3 4 6 8 32 42,0
S001,multi_window_frequency,multi_window_frequency,1176,1,1175,expanding,3 6 7 13 38 42,7 9 11 21 30 35,1
S002,gap_regime_hazard,gap_time,1176,1,1175,expanding,1 5 18 20 30 35,7 9 11 21 30 35,2
S003,momentum_state_transition,momentum,1176,1,1175,expanding,2 4 10 11 15 16,7 9 11 21 30 35,1
S004,conditional_probability,conditional,1176,1,1175,expanding,3 5 8 24 39 42,7 9 11 21 30 35,0
S005,structure_transition,structure_transition,1176,1,1175,expanding,2 13 17 33 36 38,7 9 11 21 30 35,0
S006,pair_residual_node,pair_relation_residual,1176,1,1175,expanding,12 14 27 33 34 37,7 9 11 21 30 35,0
S007,triple_residual_node,triple_relation_residual,1176,1,1175,expanding,12 14 27 33 34 37,7 9 11 21 30 35,0
S008,family_balanced_hybrid,hybrid,1176,1,1175,expanding,11 12 14 17 18 39,7 9 11 21 30 35,1
S001,multi_window_frequency,multi_window_frequency,1177,1,1176,expanding,3 7 21 30 35 38,3 7 15 16 19 43,2
S002,gap_regime_hazard,gap_time,1177,1,1176,expanding,3 4 14 17 36 39,3 7 15 16 19 43,1
S003,momentum_state_transition,momentum,1177,1,1176,expanding,2 4 10 15 16 19,3 7 15 16 19 43,3
S004,conditional_probability,conditional,1177,1,1176,expanding,3 7 8 9 11 24,3 7 15 16 19 43,2
S005,structure_transition,structure_transition,1177,1,1176,expanding,1 5 14 30 37 40,3 7 15 16 19 43,0
S006,pair_residual_node,pair_relation_residual,1177,1,1176,expanding,12 14 27 33 34 37,3 7 15 16 19 43,0
S007,triple_residual_node,triple_relation_residual,1177,1,1176,expanding,12 14 27 33 34 37,3 7 15 16 19 43,0
S008,family_balanced_hybrid,hybrid,1177,1,1176,expanding,3 7 12 13 16 17,3 7 15 16 19 43,3
S001,multi_window_frequency,multi_window_frequency,1178,1,1177,expanding,3 7 21 30 35 38,5 6 11 27 43 44,0
S002,gap_regime_hazard,gap_time,1178,1,1177,expanding,4 6 8 9 32 42,5 6 11 27 43 44,1
S003,momentum_state_transition,momentum,1178,1,1177,expanding,2 10 15 16 19 22,5 6 11 27 43 44,0
S004,conditional_probability,conditional,1178,1,1177,expanding,5 6 9 11 24 30,5 6 11 27 43 44,3
S005,structure_transition,structure_transition,1178,1,1177,expanding,2 4 14 33 37 41,5 6 11 27 43 44,0
S006,pair_residual_node,pair_relation_residual,1178,1,1177,expanding,12 14 27 33 34 37,5 6 11 27 43 44,1
S007,triple_residual_node,triple_relation_residual,1178,1,1177,expanding,12 14 27 33 34 37,5 6 11 27 43 44,1
S008,family_balanced_hybrid,hybrid,1178,1,1177,expanding,6 11 12 13 21 34,5 6 11 27 43 44,2
S001,multi_window_frequency,multi_window_frequency,1179,1,1178,expanding,3 6 7 35 38 42,3 16 18 24 40 44,1
S002,gap_regime_hazard,gap_time,1179,1,1178,expanding,3 7 9 21 30 35,3 16 18 24 40 44,1
S003,momentum_state_transition,momentum,1179,1,1178,expanding,2 10 15 16 19 22,3 16 18 24 40 44,1
S004,conditional_probability,conditional,1179,1,1178,expanding,5 6 8 9 12 17,3 16 18 24 40 44,0
S005,structure_transition,structure_transition,1179,1,1178,expanding,6 19 21 24 38 41,3 16 18 24 40 44,1
S006,pair_residual_node,pair_relation_residual,1179,1,1178,expanding,12 14 27 33 34 37,3 16 18 24 40 44,0
S007,triple_residual_node,triple_relation_residual,1179,1,1178,expanding,12 14 27 33 34 37,3 16 18 24 40 44,0
S008,family_balanced_hybrid,hybrid,1179,1,1178,expanding,3 7 12 13 16 37,3 16 18 24 40 44,2
S001,multi_window_frequency,multi_window_frequency,1180,1,1179,expanding,3 6 7 30 35 38,6 12 18 37 40 41,1
S002,gap_regime_hazard,gap_time,1180,1,1179,expanding,5 6 7 11 15 19,6 12 18 37 40 41,1
S003,momentum_state_transition,momentum,1180,1,1179,expanding,2 10 15 19 22 26,6 12 18 37 40 41,0
S004,conditional_probability,conditional,1180,1,1179,expanding,3 5 6 8 42 44,6 12 18 37 40 41,1
S005,structure_transition,structure_transition,1180,1,1179,expanding,6 10 19 24 27 37,6 12 18 37 40 41,2
S006,pair_residual_node,pair_relation_residual,1180,1,1179,expanding,12 14 18 27 33 34,6 12 18 37 40 41,2
S007,triple_residual_node,triple_relation_residual,1180,1,1179,expanding,12 14 18 27 33 34,6 12 18 37 40 41,2
S008,family_balanced_hybrid,hybrid,1180,1,1179,expanding,6 7 11 13 18 37,6 12 18 37 40 41,3
S001,multi_window_frequency,multi_window_frequency,1181,1,1180,expanding,3 6 7 12 30 38,8 10 14 20 33 41,0
S002,gap_regime_hazard,gap_time,1181,1,1180,expanding,3 5 11 16 27 43,8 10 14 20 33 41,0
S003,momentum_state_transition,momentum,1181,1,1180,expanding,2 10 13 15 19 26,8 10 14 20 33 41,1
S004,conditional_probability,conditional,1181,1,1180,expanding,5 8 9 18 40 44,8 10 14 20 33 41,1
S005,structure_transition,structure_transition,1181,1,1180,expanding,10 15 18 25 39 42,8 10 14 20 33 41,1
S006,pair_residual_node,pair_relation_residual,1181,1,1180,expanding,12 18 27 33 34 37,8 10 14 20 33 41,1
S007,triple_residual_node,triple_relation_residual,1181,1,1180,expanding,12 18 27 33 34 37,8 10 14 20 33 41,1
S008,family_balanced_hybrid,hybrid,1181,1,1180,expanding,3 11 12 13 16 18,8 10 14 20 33 41,0
S001,multi_window_frequency,multi_window_frequency,1182,1,1181,expanding,3 6 7 30 35 38,1 13 21 25 28 31,0
S002,gap_regime_hazard,gap_time,1182,1,1181,expanding,3 6 12 16 24 44,1 13 21 25 28 31,0
S003,momentum_state_transition,momentum,1182,1,1181,expanding,2 10 13 15 19 26,1 13 21 25 28 31,1
S004,conditional_probability,conditional,1182,1,1181,expanding,3 6 7 8 11 18,1 13 21 25 28 31,0
S005,structure_transition,structure_transition,1182,1,1181,expanding,6 10 19 24 27 37,1 13 21 25 28 31,0
S006,pair_residual_node,pair_relation_residual,1182,1,1181,expanding,12 14 18 27 33 34,1 13 21 25 28 31,0
S007,triple_residual_node,triple_relation_residual,1182,1,1181,expanding,12 14 18 27 33 34,1 13 21 25 28 31,0
S008,family_balanced_hybrid,hybrid,1182,1,1181,expanding,3 6 13 18 34 40,1 13 21 25 28 31,1
S001,multi_window_frequency,multi_window_frequency,1183,1,1182,expanding,3 6 7 13 21 38,4 15 17 23 27 36,0
S002,gap_regime_hazard,gap_time,1183,1,1182,expanding,6 8 12 18 37 40,4 15 17 23 27 36,0
S003,momentum_state_transition,momentum,1183,1,1182,expanding,2 10 15 19 20 22,4 15 17 23 27 36,1
S004,conditional_probability,conditional,1183,1,1182,expanding,1 3 6 8 11 18,4 15 17 23 27 36,0
S005,structure_transition,structure_transition,1183,1,1182,expanding,7 12 17 25 36 38,4 15 17 23 27 36,2
S006,pair_residual_node,pair_relation_residual,1183,1,1182,expanding,12 14 18 27 33 34,4 15 17 23 27 36,1
S007,triple_residual_node,triple_relation_residual,1183,1,1182,expanding,12 14 18 27 33 34,4 15 17 23 27 36,1
S008,family_balanced_hybrid,hybrid,1183,1,1182,expanding,6 12 14 18 20 40,4 15 17 23 27 36,0
S001,multi_window_frequency,multi_window_frequency,1184,1,1183,expanding,3 6 7 13 21 38,14 16 23 25 31 37,0
S002,gap_regime_hazard,gap_time,1184,1,1183,expanding,8 10 14 20 33 41,14 16 23 25 31 37,1
S003,momentum_state_transition,momentum,1184,1,1183,expanding,2 13 15 16 19 20,14 16 23 25 31 37,1
S004,conditional_probability,conditional,1184,1,1183,expanding,3 4 6 7 8 11,14 16 23 25 31 37,0
S005,structure_transition,structure_transition,1184,1,1183,expanding,3 14 18 23 25 40,14 16 23 25 31 37,3
S006,pair_residual_node,pair_relation_residual,1184,1,1183,expanding,12 14 18 27 33 34,14 16 23 25 31 37,1
S007,triple_residual_node,triple_relation_residual,1184,1,1183,expanding,12 14 18 27 33 34,14 16 23 25 31 37,1
S008,family_balanced_hybrid,hybrid,1184,1,1183,expanding,3 7 13 14 18 34,14 16 23 25 31 37,1
S001,multi_window_frequency,multi_window_frequency,1185,1,1184,expanding,3 6 7 16 21 37,6 17 22 28 29 32,1
S002,gap_regime_hazard,gap_time,1185,1,1184,expanding,1 4 13 15 21 28,6 17 22 28 29 32,1
S003,momentum_state_transition,momentum,1185,1,1184,expanding,2 13 15 19 20 22,6 17 22 28 29 32,1
S004,conditional_probability,conditional,1185,1,1184,expanding,3 4 6 7 8 16,6 17 22 28 29 32,1
S005,structure_transition,structure_transition,1185,1,1184,expanding,4 13 22 33 36 41,6 17 22 28 29 32,1
S006,pair_residual_node,pair_relation_residual,1185,1,1184,expanding,12 14 18 27 33 34,6 17 22 28 29 32,0
S007,triple_residual_node,triple_relation_residual,1185,1,1184,expanding,12 14 18 27 33 34,6 17 22 28 29 32,0
S008,family_balanced_hybrid,hybrid,1185,1,1184,expanding,3 7 11 13 14 27,6 17 22 28 29 32,0
S001,multi_window_frequency,multi_window_frequency,1186,1,1185,expanding,3 6 7 16 21 37,2 8 13 16 23 28,1
S002,gap_regime_hazard,gap_time,1186,1,1185,expanding,4 14 15 16 27 36,2 8 13 16 23 28,1
S003,momentum_state_transition,momentum,1186,1,1185,expanding,2 13 15 19 20 22,2 8 13 16 23 28,2
S004,conditional_probability,conditional,1186,1,1185,expanding,3 6 7 11 14 16,2 8 13 16 23 28,1
S005,structure_transition,structure_transition,1186,1,1185,expanding,7 12 17 25 36 38,2 8 13 16 23 28,0
S006,pair_residual_node,pair_relation_residual,1186,1,1185,expanding,12 14 18 27 33 34,2 8 13 16 23 28,0
S007,triple_residual_node,triple_relation_residual,1186,1,1185,expanding,12 14 18 27 33 34,2 8 13 16 23 28,0
S008,family_balanced_hybrid,hybrid,1186,1,1185,expanding,3 7 11 14 16 27,2 8 13 16 23 28,1
S001,multi_window_frequency,multi_window_frequency,1187,1,1186,expanding,3 6 7 13 16 28,5 13 26 29 37 40,1
S002,gap_regime_hazard,gap_time,1187,1,1186,expanding,6 14 17 25 31 37,5 13 26 29 37 40,1
S003,momentum_state_transition,momentum,1187,1,1186,expanding,2 15 20 22 25 26,5 13 26 29 37 40,1
S004,conditional_probability,conditional,1187,1,1186,expanding,3 6 8 13 23 28,5 13 26 29 37 40,1
S005,structure_transition,structure_transition,1187,1,1186,expanding,1 5 14 30 37 40,5 13 26 29 37 40,3
S006,pair_residual_node,pair_relation_residual,1187,1,1186,expanding,12 13 14 27 33 34,5 13 26 29 37 40,1
S007,triple_residual_node,triple_relation_residual,1187,1,1186,expanding,12 13 14 27 33 34,5 13 26 29 37 40,1
S008,family_balanced_hybrid,hybrid,1187,1,1186,expanding,3 6 14 17 27 37,5 13 26 29 37 40,1
S001,multi_window_frequency,multi_window_frequency,1188,1,1187,expanding,3 6 13 16 28 37,3 4 12 19 22 27,1
S002,gap_regime_hazard,gap_time,1188,1,1187,expanding,2 6 8 17 22 32,3 4 12 19 22 27,1
S003,momentum_state_transition,momentum,1188,1,1187,expanding,2 15 20 22 25 27,3 4 12 19 22 27,2
S004,conditional_probability,conditional,1188,1,1187,expanding,6 13 16 23 28 37,3 4 12 19 22 27,0
S005,structure_transition,structure_transition,1188,1,1187,expanding,3 16 21 25 28 35,3 4 12 19 22 27,1
S006,pair_residual_node,pair_relation_residual,1188,1,1187,expanding,12 13 14 27 33 34,3 4 12 19 22 27,2
S007,triple_residual_node,triple_relation_residual,1188,1,1187,expanding,12 13 14 27 33 34,3 4 12 19 22 27,2
S008,family_balanced_hybrid,hybrid,1188,1,1187,expanding,6 13 14 16 17 27,3 4 12 19 22 27,1
S001,multi_window_frequency,multi_window_frequency,1189,1,1188,expanding,3 6 12 13 16 37,9 19 29 35 37 38,1
S002,gap_regime_hazard,gap_time,1189,1,1188,expanding,2 5 8 16 23 28,9 19 29 35 37 38,0
S003,momentum_state_transition,momentum,1189,1,1188,expanding,2 9 15 20 21 25,9 19 29 35 37 38,1
S004,conditional_probability,conditional,1189,1,1188,expanding,13 16 23 28 37 40,9 19 29 35 37 38,1
S005,structure_transition,structure_transition,1189,1,1188,expanding,1 5 14 30 37 40,9 19 29 35 37 38,1
S006,pair_residual_node,pair_relation_residual,1189,1,1188,expanding,12 13 14 27 33 34,9 19 29 35 37 38,0
S007,triple_residual_node,triple_relation_residual,1189,1,1188,expanding,12 13 14 27 33 34,9 19 29 35 37 38,0
S008,family_balanced_hybrid,hybrid,1189,1,1188,expanding,12 13 14 16 37 40,9 19 29 35 37 38,1
S001,multi_window_frequency,multi_window_frequency,1190,1,1189,expanding,3 6 12 13 29 37,7 9 19 23 26 45,0
S002,gap_regime_hazard,gap_time,1190,1,1189,expanding,3 4 5 13 26 40,7 9 19 23 26 45,1
S003,momentum_state_transition,momentum,1190,1,1189,expanding,2 20 21 24 25 26,7 9 19 23 26 45,1
S004,conditional_probability,conditional,1190,1,1189,expanding,4 6 13 23 28 29,7 9 19 23 26 45,1
S005,structure_transition,structure_transition,1190,1,1189,expanding,12 17 20 23 30 38,7 9 19 23 26 45,1
S006,pair_residual_node,pair_relation_residual,1190,1,1189,expanding,12 13 27 33 34 37,7 9 19 23 26 45,0
S007,triple_residual_node,triple_relation_residual,1190,1,1189,expanding,12 13 27 33 34 37,7 9 19 23 26 45,0
S008,family_balanced_hybrid,hybrid,1190,1,1189,expanding,3 12 13 14 27 40,7 9 19 23 26 45,0
S001,multi_window_frequency,multi_window_frequency,1191,1,1190,expanding,3 6 7 13 16 37,1 4 11 12 20 41,0
S002,gap_regime_hazard,gap_time,1191,1,1190,expanding,3 4 12 22 27 29,1 4 11 12 20 41,2
S003,momentum_state_transition,momentum,1191,1,1190,expanding,2 20 21 24 25 26,1 4 11 12 20 41,1
S004,conditional_probability,conditional,1191,1,1190,expanding,4 13 19 28 29 37,1 4 11 12 20 41,1
S005,structure_transition,structure_transition,1191,1,1190,expanding,2 5 19 31 40 42,1 4 11 12 20 41,0
S006,pair_residual_node,pair_relation_residual,1191,1,1190,expanding,12 13 27 33 34 37,1 4 11 12 20 41,1
S007,triple_residual_node,triple_relation_residual,1191,1,1190,expanding,12 13 27 33 34 37,1 4 11 12 20 41,1
S008,family_balanced_hybrid,hybrid,1191,1,1190,expanding,12 13 14 27 34 37,1 4 11 12 20 41,1
S001,multi_window_frequency,multi_window_frequency,1192,1,1191,expanding,3 6 7 12 13 37,10 16 23 36 39 40,0
S002,gap_regime_hazard,gap_time,1192,1,1191,expanding,7 9 29 35 37 38,10 16 23 36 39 40,0
S003,momentum_state_transition,momentum,1192,1,1191,expanding,21 24 25 26 30 31,10 16 23 36 39 40,0
S004,conditional_probability,conditional,1192,1,1191,expanding,4 13 19 28 29 37,10 16 23 36 39 40,0
S005,structure_transition,structure_transition,1192,1,1191,expanding,1 6 16 35 37 42,10 16 23 36 39 40,1
S006,pair_residual_node,pair_relation_residual,1192,1,1191,expanding,12 13 27 33 34 37,10 16 23 36 39 40,0
S007,triple_residual_node,triple_relation_residual,1192,1,1191,expanding,12 13 27 33 34 37,10 16 23 36 39 40,0
S008,family_balanced_hybrid,hybrid,1192,1,1191,expanding,7 12 13 19 34 37,10 16 23 36 39 40,0
S001,multi_window_frequency,multi_window_frequency,1193,1,1192,expanding,6 7 13 16 23 37,6 9 16 19 24 28,2
S002,gap_regime_hazard,gap_time,1193,1,1192,expanding,1 7 9 19 26 45,6 9 16 19 24 28,2
S003,momentum_state_transition,momentum,1193,1,1192,expanding,21 24 25 26 34 38,6 9 16 19 24 28,1
S004,conditional_probability,conditional,1193,1,1192,expanding,4 16 19 23 29 37,6 9 16 19 24 28,2
S005,structure_transition,structure_transition,1193,1,1192,expanding,12 17 20 23 30 38,6 9 16 19 24 28,0
S006,pair_residual_node,pair_relation_residual,1193,1,1192,expanding,12 13 27 33 34 37,6 9 16 19 24 28,0
S007,triple_residual_node,triple_relation_residual,1193,1,1192,expanding,12 13 27 33 34 37,6 9 16 19 24 28,0
S008,family_balanced_hybrid,hybrid,1193,1,1192,expanding,7 12 13 16 19 34,6 9 16 19 24 28,2
S001,multi_window_frequency,multi_window_frequency,1194,1,1193,expanding,6 7 12 16 19 37,3 13 15 24 33 37,1
S002,gap_regime_hazard,gap_time,1194,1,1193,expanding,1 4 11 12 20 41,3 13 15 24 33 37,0
S003,momentum_state_transition,momentum,1194,1,1193,expanding,5 18 20 21 24 25,3 13 15 24 33 37,1
S004,conditional_probability,conditional,1194,1,1193,expanding,4 6 9 28 29 37,3 13 15 24 33 37,1
S005,structure_transition,structure_transition,1194,1,1193,expanding,1 5 14 30 37 40,3 13 15 24 33 37,1
S006,pair_residual_node,pair_relation_residual,1194,1,1193,expanding,12 13 27 33 34 37,3 13 15 24 33 37,3
S007,triple_residual_node,triple_relation_residual,1194,1,1193,expanding,12 13 27 33 34 37,3 13 15 24 33 37,3
S008,family_balanced_hybrid,hybrid,1194,1,1193,expanding,11 12 13 18 34 40,3 13 15 24 33 37,1
S001,multi_window_frequency,multi_window_frequency,1195,1,1194,expanding,3 6 13 16 19 37,3 15 27 33 34 36,1
S002,gap_regime_hazard,gap_time,1195,1,1194,expanding,6 10 23 36 39 40,3 15 27 33 34 36,1
S003,momentum_state_transition,momentum,1195,1,1194,expanding,5 17 18 20 21 25,3 15 27 33 34 36,0
S004,conditional_probability,conditional,1195,1,1194,expanding,9 13 16 23 28 29,3 15 27 33 34 36,0
S005,structure_transition,structure_transition,1195,1,1194,expanding,1 5 22 29 32 36,3 15 27 33 34 36,1
S006,pair_residual_node,pair_relation_residual,1195,1,1194,expanding,12 13 27 33 34 37,3 15 27 33 34 36,3
S007,triple_residual_node,triple_relation_residual,1195,1,1194,expanding,12 13 27 33 34 37,3 15 27 33 34 36,3
S008,family_balanced_hybrid,hybrid,1195,1,1194,expanding,12 13 16 19 34 40,3 15 27 33 34 36,1
S001,multi_window_frequency,multi_window_frequency,1196,1,1195,expanding,3 6 13 16 19 37,8 12 15 29 40 45,0
S002,gap_regime_hazard,gap_time,1196,1,1195,expanding,6 9 13 16 19 28,8 12 15 29 40 45,0
S003,momentum_state_transition,momentum,1196,1,1195,expanding,5 8 17 18 20 21,8 12 15 29 40 45,1
S004,conditional_probability,conditional,1196,1,1195,expanding,3 9 13 16 23 37,8 12 15 29 40 45,0
S005,structure_transition,structure_transition,1196,1,1195,expanding,12 17 20 23 30 38,8 12 15 29 40 45,1
S006,pair_residual_node,pair_relation_residual,1196,1,1195,expanding,12 13 27 33 34 37,8 12 15 29 40 45,1
S007,triple_residual_node,triple_relation_residual,1196,1,1195,expanding,12 13 27 33 34 37,8 12 15 29 40 45,1
S008,family_balanced_hybrid,hybrid,1196,1,1195,expanding,12 13 16 18 19 37,8 12 15 29 40 45,1
S001,multi_window_frequency,multi_window_frequency,1197,1,1196,expanding,3 12 13 16 19 37,1 5 7 26 28 43,0
S002,gap_regime_hazard,gap_time,1197,1,1196,expanding,3 13 24 27 33 37,1 5 7 26 28 43,0
S003,momentum_state_transition,momentum,1197,1,1196,expanding,5 7 11 17 18 20,1 5 7 26 28 43,2
S004,conditional_probability,conditional,1197,1,1196,expanding,3 9 12 15 29 37,1 5 7 26 28 43,0
S005,structure_transition,structure_transition,1197,1,1196,expanding,6 10 19 24 27 37,1 5 7 26 28 43,0
S006,pair_residual_node,pair_relation_residual,1197,1,1196,expanding,12 13 27 33 34 37,1 5 7 26 28 43,0
S007,triple_residual_node,triple_relation_residual,1197,1,1196,expanding,12 13 27 33 34 37,1 5 7 26 28 43,0
S008,family_balanced_hybrid,hybrid,1197,1,1196,expanding,3 12 13 27 33 37,1 5 7 26 28 43,0
S001,multi_window_frequency,multi_window_frequency,1198,1,1197,expanding,3 7 12 16 19 37,26 30 33 38 39 41,0
S002,gap_regime_hazard,gap_time,1198,1,1197,expanding,3 8 27 33 34 36,26 30 33 38 39 41,1
S003,momentum_state_transition,momentum,1198,1,1197,expanding,7 11 17 18 20 21,26 30 33 38 39 41,0
S004,conditional_probability,conditional,1198,1,1197,expanding,1 3 4 9 12 15,26 30 33 38 39 41,0
S005,structure_transition,structure_transition,1198,1,1197,expanding,2 12 21 26 29 37,26 30 33 38 39 41,1
S006,pair_residual_node,pair_relation_residual,1198,1,1197,expanding,12 13 27 33 34 37,26 30 33 38 39 41,1
S007,triple_residual_node,triple_relation_residual,1198,1,1197,expanding,12 13 27 33 34 37,26 30 33 38 39 41,1
S008,family_balanced_hybrid,hybrid,1198,1,1197,expanding,3 7 12 16 27 33,26 30 33 38 39 41,1
S001,multi_window_frequency,multi_window_frequency,1199,1,1198,expanding,3 6 7 12 16 33,16 24 25 30 31 32,1
S002,gap_regime_hazard,gap_time,1199,1,1198,expanding,8 12 15 29 40 45,16 24 25 30 31 32,0
S003,momentum_state_transition,momentum,1199,1,1198,expanding,5 7 11 17 18 20,16 24 25 30 31 32,0
S004,conditional_probability,conditional,1199,1,1198,expanding,1 9 15 19 26 33,16 24 25 30 31 32,0
S005,structure_transition,structure_transition,1199,1,1198,expanding,3 14 18 36 43 45,16 24 25 30 31 32,0
S006,pair_residual_node,pair_relation_residual,1199,1,1198,expanding,12 13 27 33 34 37,16 24 25 30 31 32,0
S007,triple_residual_node,triple_relation_residual,1199,1,1198,expanding,12 13 27 33 34 37,16 24 25 30 31 32,0
S008,family_balanced_hybrid,hybrid,1199,1,1198,expanding,1 7 12 15 19 33,16 24 25 30 31 32,0
S001,multi_window_frequency,multi_window_frequency,1200,1,1199,expanding,3 6 7 13 16 33,1 2 4 16 20 32,1
S002,gap_regime_hazard,gap_time,1200,1,1199,expanding,1 5 7 26 28 43,1 2 4 16 20 32,1
S003,momentum_state_transition,momentum,1200,1,1199,expanding,5 7 11 17 18 20,1 2 4 16 20 32,1
S004,conditional_probability,conditional,1200,1,1199,expanding,1 15 16 24 26 33,1 2 4 16 20 32,2
S005,structure_transition,structure_transition,1200,1,1199,expanding,3 4 21 26 31 38,1 2 4 16 20 32,1
S006,pair_residual_node,pair_relation_residual,1200,1,1199,expanding,12 13 27 33 34 37,1 2 4 16 20 32,0
S007,triple_residual_node,triple_relation_residual,1200,1,1199,expanding,12 13 27 33 34 37,1 2 4 16 20 32,0
S008,family_balanced_hybrid,hybrid,1200,1,1199,expanding,1 7 12 16 19 33,1 2 4 16 20 32,2
S001,multi_window_frequency,multi_window_frequency,1201,1,1200,expanding,3 6 7 12 16 33,7 9 24 27 35 36,1
S002,gap_regime_hazard,gap_time,1201,1,1200,expanding,24 26 33 38 39 41,7 9 24 27 35 36,1
S003,momentum_state_transition,momentum,1201,1,1200,expanding,5 6 7 11 17 18,7 9 24 27 35 36,1
S004,conditional_probability,conditional,1201,1,1200,expanding,1 3 4 15 24 33,7 9 24 27 35 36,1
S005,structure_transition,structure_transition,1201,1,1200,expanding,4 8 15 29 33 44,7 9 24 27 35 36,0
S006,pair_residual_node,pair_relation_residual,1201,1,1200,expanding,12 13 27 33 34 37,7 9 24 27 35 36,1
S007,triple_residual_node,triple_relation_residual,1201,1,1200,expanding,12 13 27 33 34 37,7 9 24 27 35 36,1
S008,family_balanced_hybrid,hybrid,1201,1,1200,expanding,1 3 7 12 13 33,7 9 24 27 35 36,1
S001,multi_window_frequency,multi_window_frequency,1202,1,1201,expanding,3 7 15 16 24 33,5 12 21 33 37 40,1
S002,gap_regime_hazard,gap_time,1202,1,1201,expanding,1 2 4 25 30 31,5 12 21 33 37 40,0
S003,momentum_state_transition,momentum,1202,1,1201,expanding,5 6 8 11 14 17,5 12 21 33 37 40,1
S004,conditional_probability,conditional,1202,1,1201,expanding,1 3 7 15 33 36,5 12 21 33 37 40,1
S005,structure_transition,structure_transition,1202,1,1201,expanding,7 12 17 26 29 40,5 12 21 33 37 40,2
S006,pair_residual_node,pair_relation_residual,1202,1,1201,expanding,12 13 27 33 34 37,5 12 21 33 37 40,3
S007,triple_residual_node,triple_relation_residual,1202,1,1201,expanding,12 13 27 33 34 37,5 12 21 33 37 40,3
S008,family_balanced_hybrid,hybrid,1202,1,1201,expanding,1 3 11 14 16 33,5 12 21 33 37 40,1
S001,multi_window_frequency,multi_window_frequency,1203,1,1202,expanding,3 7 16 24 33 37,3 6 18 29 35 39,1
S002,gap_regime_hazard,gap_time,1203,1,1202,expanding,1 2 4 16 20 32,3 6 18 29 35 39,0
S003,momentum_state_transition,momentum,1203,1,1202,expanding,6 8 11 14 17 18,3 6 18 29 35 39,2
S004,conditional_probability,conditional,1203,1,1202,expanding,1 3 5 7 15 16,3 6 18 29 35 39,1
S005,structure_transition,structure_transition,1203,1,1202,expanding,12 14 19 27 29 35,3 6 18 29 35 39,2
S006,pair_residual_node,pair_relation_residual,1203,1,1202,expanding,12 13 27 33 34 37,3 6 18 29 35 39,0
S007,triple_residual_node,triple_relation_residual,1203,1,1202,expanding,12 13 27 33 34 37,3 6 18 29 35 39,0
S008,family_balanced_hybrid,hybrid,1203,1,1202,expanding,1 3 7 11 16 27,3 6 18 29 35 39,1
S001,multi_window_frequency,multi_window_frequency,1204,1,1203,expanding,3 6 7 16 33 37,8 16 28 30 31 44,1
S002,gap_regime_hazard,gap_time,1204,1,1203,expanding,5 7 9 24 27 36,8 16 28 30 31 44,0
S003,momentum_state_transition,momentum,1204,1,1203,expanding,8 11 14 17 18 21,8 16 28 30 31 44,1
S004,conditional_probability,conditional,1204,1,1203,expanding,1 3 5 7 15 24,8 16 28 30 31 44,0
S005,structure_transition,structure_transition,1204,1,1203,expanding,1 14 17 27 32 35,8 16 28 30 31 44,0
S006,pair_residual_node,pair_relation_residual,1204,1,1203,expanding,12 18 27 33 34 37,8 16 28 30 31 44,0
S007,triple_residual_node,triple_relation_residual,1204,1,1203,expanding,12 18 27 33 34 37,8 16 28 30 31 44,0
S008,family_balanced_hybrid,hybrid,1204,1,1203,expanding,7 12 16 27 33 37,8 16 28 30 31 44,1
S001,multi_window_frequency,multi_window_frequency,1205,1,1204,expanding,3 6 7 16 30 33,1 4 16 23 31 41,1
S002,gap_regime_hazard,gap_time,1205,1,1204,expanding,5 12 21 33 37 40,1 4 16 23 31 41,0
S003,momentum_state_transition,momentum,1205,1,1204,expanding,11 14 17 18 21 25,1 4 16 23 31 41,0
S004,conditional_probability,conditional,1205,1,1204,expanding,1 3 5 16 30 33,1 4 16 23 31 41,2
S005,structure_transition,structure_transition,1205,1,1204,expanding,6 10 19 24 27 37,1 4 16 23 31 41,0
S006,pair_residual_node,pair_relation_residual,1205,1,1204,expanding,12 16 27 33 34 37,1 4 16 23 31 41,1
S007,triple_residual_node,triple_relation_residual,1205,1,1204,expanding,12 16 27 33 34 37,1 4 16 23 31 41,1
S008,family_balanced_hybrid,hybrid,1205,1,1204,expanding,1 3 12 13 16 33,1 4 16 23 31 41,2
S001,multi_window_frequency,multi_window_frequency,1206,1,1205,expanding,3 7 12 16 30 33,1 3 17 26 27 42,1
S002,gap_regime_hazard,gap_time,1206,1,1205,expanding,3 6 18 29 35 39,1 3 17 26 27 42,1
S003,momentum_state_transition,momentum,1206,1,1205,expanding,6 11 14 17 18 21,1 3 17 26 27 42,1
S004,conditional_probability,conditional,1206,1,1205,expanding,1 4 5 7 30 31,1 3 17 26 27 42,1
S005,structure_transition,structure_transition,1206,1,1205,expanding,3 14 18 23 25 40,1 3 17 26 27 42,1
S006,pair_residual_node,pair_relation_residual,1206,1,1205,expanding,12 16 27 33 34 37,1 3 17 26 27 42,1
S007,triple_residual_node,triple_relation_residual,1206,1,1205,expanding,12 16 27 33 34 37,1 3 17 26 27 42,1
S008,family_balanced_hybrid,hybrid,1206,1,1205,expanding,1 3 7 12 13 33,1 3 17 26 27 42,2
S001,multi_window_frequency,multi_window_frequency,1207,1,1206,expanding,1 3 6 7 16 33,10 22 24 27 38 45,0
S002,gap_regime_hazard,gap_time,1207,1,1206,expanding,4 8 16 28 30 44,10 22 24 27 38 45,0
S003,momentum_state_transition,momentum,1207,1,1206,expanding,6 8 11 13 14 17,10 22 24 27 38 45,0
S004,conditional_probability,conditional,1207,1,1206,expanding,3 4 5 26 30 31,10 22 24 27 38 45,0
S005,structure_transition,structure_transition,1207,1,1206,expanding,2 4 14 33 37 41,10 22 24 27 38 45,0
S006,pair_residual_node,pair_relation_residual,1207,1,1206,expanding,12 16 27 33 34 37,10 22 24 27 38 45,1
S007,triple_residual_node,triple_relation_residual,1207,1,1206,expanding,12 16 27 33 34 37,10 22 24 27 38 45,1
S008,family_balanced_hybrid,hybrid,1207,1,1206,expanding,4 7 13 16 27 33,10 22 24 27 38 45,1
S001,multi_window_frequency,multi_window_frequency,1208,1,1207,expanding,3 16 24 27 33 37,6 27 30 36 38 42,1
S002,gap_regime_hazard,gap_time,1208,1,1207,expanding,1 4 16 23 31 41,6 27 30 36 38 42,0
S003,momentum_state_transition,momentum,1208,1,1207,expanding,5 6 8 11 13 14,6 27 30 36 38 42,1
S004,conditional_probability,conditional,1208,1,1207,expanding,1 3 24 27 30 31,6 27 30 36 38 42,2
S005,structure_transition,structure_transition,1208,1,1207,expanding,1 14 19 32 34 37,6 27 30 36 38 42,0
S006,pair_residual_node,pair_relation_residual,1208,1,1207,expanding,12 16 27 33 34 37,6 27 30 36 38 42,1
S007,triple_residual_node,triple_relation_residual,1208,1,1207,expanding,12 16 27 33 34 37,6 27 30 36 38 42,1
S008,family_balanced_hybrid,hybrid,1208,1,1207,expanding,1 3 13 16 27 33,6 27 30 36 38 42,1
S001,multi_window_frequency,multi_window_frequency,1209,1,1208,expanding,3 6 16 24 27 30,2 17 20 35 37 39,0
S002,gap_regime_hazard,gap_time,1209,1,1208,expanding,1 3 10 17 22 26,2 17 20 35 37 39,1
S003,momentum_state_transition,momentum,1209,1,1208,expanding,5 8 11 13 14 17,2 17 20 35 37 39,1
S004,conditional_probability,conditional,1209,1,1208,expanding,1 3 4 24 30 31,2 17 20 35 37 39,0
S005,structure_transition,structure_transition,1209,1,1208,expanding,7 10 19 30 32 45,2 17 20 35 37 39,0
S006,pair_residual_node,pair_relation_residual,1209,1,1208,expanding,12 13 16 27 33 34,2 17 20 35 37 39,0
S007,triple_residual_node,triple_relation_residual,1209,1,1208,expanding,12 13 16 27 33 34,2 17 20 35 37 39,0
S008,family_balanced_hybrid,hybrid,1209,1,1208,expanding,1 3 12 13 16 33,2 17 20 35 37 39,0
S001,multi_window_frequency,multi_window_frequency,1210,1,1209,expanding,3 6 16 27 35 37,1 7 9 17 27 38,1
S002,gap_regime_hazard,gap_time,1210,1,1209,expanding,6 10 22 24 27 45,1 7 9 17 27 38,1
S003,momentum_state_transition,momentum,1210,1,1209,expanding,5 8 11 13 14 17,1 7 9 17 27 38,1
S004,conditional_probability,conditional,1210,1,1209,expanding,1 2 3 4 16 35,1 7 9 17 27 38,1
S005,structure_transition,structure_transition,1210,1,1209,expanding,11 20 21 23 28 36,1 7 9 17 27 38,0
S006,pair_residual_node,pair_relation_residual,1210,1,1209,expanding,12 16 27 33 34 37,1 7 9 17 27 38,1
S007,triple_residual_node,triple_relation_residual,1210,1,1209,expanding,12 16 27 33 34 37,1 7 9 17 27 38,1
S008,family_balanced_hybrid,hybrid,1210,1,1209,expanding,1 12 13 16 27 36,1 7 9 17 27 38,2
S001,multi_window_frequency,multi_window_frequency,1211,1,1210,expanding,3 6 16 27 37 38,23 26 27 35 38 40,2
S002,gap_regime_hazard,gap_time,1211,1,1210,expanding,2 6 20 30 36 42,23 26 27 35 38 40,0
S003,momentum_state_transition,momentum,1211,1,1210,expanding,5 8 11 13 14 18,23 26 27 35 38 40,0
S004,conditional_probability,conditional,1211,1,1210,expanding,1 3 17 27 35 38,23 26 27 35 38 40,3
S005,structure_transition,structure_transition,1211,1,1210,expanding,4 8 15 29 33 44,23 26 27 35 38 40,0
S006,pair_residual_node,pair_relation_residual,1211,1,1210,expanding,12 16 27 33 34 37,23 26 27 35 38 40,1
S007,triple_residual_node,triple_relation_residual,1211,1,1210,expanding,12 16 27 33 34 37,23 26 27 35 38 40,1
S008,family_balanced_hybrid,hybrid,1211,1,1210,expanding,1 12 13 16 27 37,23 26 27 35 38 40,1
S001,multi_window_frequency,multi_window_frequency,1212,1,1211,expanding,3 16 27 35 37 38,5 8 25 31 41 44,0
S002,gap_regime_hazard,gap_time,1212,1,1211,expanding,1 2 7 20 37 39,5 8 25 31 41 44,0
S003,momentum_state_transition,momentum,1212,1,1211,expanding,4 5 8 11 12 13,5 8 25 31 41 44,2
S004,conditional_probability,conditional,1212,1,1211,expanding,1 3 6 17 27 35,5 8 25 31 41 44,0
S005,structure_transition,structure_transition,1212,1,1211,expanding,6 18 23 29 31 36,5 8 25 31 41 44,1
S006,pair_residual_node,pair_relation_residual,1212,1,1211,expanding,12 13 16 27 33 34,5 8 25 31 41 44,0
S007,triple_residual_node,triple_relation_residual,1212,1,1211,expanding,12 13 16 27 33 34,5 8 25 31 41 44,0
S008,family_balanced_hybrid,hybrid,1212,1,1211,expanding,1 12 13 16 17 37,5 8 25 31 41 44,0
S001,multi_window_frequency,multi_window_frequency,1213,1,1212,expanding,3 6 16 27 35 38,5 11 25 27 36 38,2
S002,gap_regime_hazard,gap_time,1213,1,1212,expanding,1 7 9 17 23 26,5 11 25 27 36 38,0
S003,momentum_state_transition,momentum,1213,1,1212,expanding,4 11 12 13 14 18,5 11 25 27 36 38,1
S004,conditional_probability,conditional,1213,1,1212,expanding,1 3 17 27 31 35,5 11 25 27 36 38,1
S005,structure_transition,structure_transition,1213,1,1212,expanding,4 13 22 33 36 41,5 11 25 27 36 38,1
S006,pair_residual_node,pair_relation_residual,1213,1,1212,expanding,12 16 27 33 34 37,5 11 25 27 36 38,1
S007,triple_residual_node,triple_relation_residual,1213,1,1212,expanding,12 16 27 33 34 37,5 11 25 27 36 38,1
S008,family_balanced_hybrid,hybrid,1213,1,1212,expanding,1 12 13 16 17 27,5 11 25 27 36 38,1
S001,multi_window_frequency,multi_window_frequency,1214,1,1213,expanding,3 16 27 31 35 38,10 15 19 27 30 33,1
S002,gap_regime_hazard,gap_time,1214,1,1213,expanding,8 23 26 31 35 40,10 15 19 27 30 33,0
S003,momentum_state_transition,momentum,1214,1,1213,expanding,4 6 9 11 12 13,10 15 19 27 30 33,0
S004,conditional_probability,conditional,1214,1,1213,expanding,1 5 8 17 31 38,10 15 19 27 30 33,0
S005,structure_transition,structure_transition,1214,1,1213,expanding,3 13 21 25 30 32,10 15 19 27 30 33,1
S006,pair_residual_node,pair_relation_residual,1214,1,1213,expanding,12 13 16 27 33 34,10 15 19 27 30 33,2
S007,triple_residual_node,triple_relation_residual,1214,1,1213,expanding,12 13 16 27 33 34,10 15 19 27 30 33,2
S008,family_balanced_hybrid,hybrid,1214,1,1213,expanding,1 12 13 16 31 33,10 15 19 27 30 33,1
S001,multi_window_frequency,multi_window_frequency,1215,1,1214,expanding,3 16 27 30 35 38,13 15 19 21 44 45,0
S002,gap_regime_hazard,gap_time,1215,1,1214,expanding,5 8 11 31 41 44,13 15 19 21 44 45,1
S003,momentum_state_transition,momentum,1215,1,1214,expanding,4 6 9 11 12 13,13 15 19 21 44 45,1
S004,conditional_probability,conditional,1215,1,1214,expanding,1 5 10 17 23 38,13 15 19 21 44 45,0
S005,structure_transition,structure_transition,1215,1,1214,expanding,11 14 21 30 35 38,13 15 19 21 44 45,1
S006,pair_residual_node,pair_relation_residual,1215,1,1214,expanding,12 13 16 27 33 34,13 15 19 21 44 45,1
S007,triple_residual_node,triple_relation_residual,1215,1,1214,expanding,12 13 16 27 33 34,13 15 19 21 44 45,1
S008,family_balanced_hybrid,hybrid,1215,1,1214,expanding,1 12 13 16 31 38,13 15 19 21 44 45,1
S001,multi_window_frequency,multi_window_frequency,1216,1,1215,expanding,3 15 27 30 35 38,3 10 14 15 23 24,2
S002,gap_regime_hazard,gap_time,1216,1,1215,expanding,5 10 11 25 36 38,3 10 14 15 23 24,1
S003,momentum_state_transition,momentum,1216,1,1215,expanding,3 4 6 9 11 12,3 10 14 15 23 24,1
S004,conditional_probability,conditional,1216,1,1215,expanding,1 5 10 15 17 38,3 10 14 15 23 24,2
S005,structure_transition,structure_transition,1216,1,1215,expanding,14 21 23 24 26 40,3 10 14 15 23 24,3
S006,pair_residual_node,pair_relation_residual,1216,1,1215,expanding,12 13 16 27 33 34,3 10 14 15 23 24,0
S007,triple_residual_node,triple_relation_residual,1216,1,1215,expanding,12 13 16 27 33 34,3 10 14 15 23 24,0
S008,family_balanced_hybrid,hybrid,1216,1,1215,expanding,1 3 12 16 19 38,3 10 14 15 23 24,1
S001,multi_window_frequency,multi_window_frequency,1217,1,1216,expanding,3 15 24 27 35 38,8 10 15 20 29 31,1
S002,gap_regime_hazard,gap_time,1217,1,1216,expanding,13 19 21 27 30 33,8 10 15 20 29 31,0
S003,momentum_state_transition,momentum,1217,1,1216,expanding,4 6 8 9 12 13,8 10 15 20 29 31,1
S004,conditional_probability,conditional,1217,1,1216,expanding,5 10 15 17 19 38,8 10 15 20 29 31,2
S005,structure_transition,structure_transition,1217,1,1216,expanding,7 12 17 25 36 38,8 10 15 20 29 31,0
S006,pair_residual_node,pair_relation_residual,1217,1,1216,expanding,12 13 16 27 33 34,8 10 15 20 29 31,0
S007,triple_residual_node,triple_relation_residual,1217,1,1216,expanding,12 13 16 27 33 34,8 10 15 20 29 31,0
S008,family_balanced_hybrid,hybrid,1217,1,1216,expanding,1 12 13 17 19 27,8 10 15 20 29 31,0
S001,multi_window_frequency,multi_window_frequency,1218,1,1217,expanding,3 15 19 27 35 38,3 28 31 32 42 45,1
S002,gap_regime_hazard,gap_time,1218,1,1217,expanding,3 13 19 21 44 45,3 28 31 32 42 45,2
S003,momentum_state_transition,momentum,1218,1,1217,expanding,4 6 9 12 13 19,3 28 31 32 42 45,0
S004,conditional_probability,conditional,1218,1,1217,expanding,5 8 10 17 19 27,3 28 31 32 42 45,0
S005,structure_transition,structure_transition,1218,1,1217,expanding,2 12 21 26 29 37,3 28 31 32 42 45,0
S006,pair_residual_node,pair_relation_residual,1218,1,1217,expanding,12 13 16 27 33 34,3 28 31 32 42 45,0
S007,triple_residual_node,triple_relation_residual,1218,1,1217,expanding,12 13 16 27 33 34,3 28 31 32 42 45,0
S008,family_balanced_hybrid,hybrid,1218,1,1217,expanding,12 13 16 17 19 27,3 28 31 32 42 45,0
S001,multi_window_frequency,multi_window_frequency,1219,1,1218,expanding,3 15 27 31 35 38,1 2 15 28 39 45,1
S002,gap_regime_hazard,gap_time,1219,1,1218,expanding,8 10 14 15 23 24,1 2 15 28 39 45,1
S003,momentum_state_transition,momentum,1219,1,1218,expanding,4 6 9 12 13 19,1 2 15 28 39 45,0
S004,conditional_probability,conditional,1219,1,1218,expanding,3 5 8 10 31 38,1 2 15 28 39 45,0
S005,structure_transition,structure_transition,1219,1,1218,expanding,7 10 22 33 40 41,1 2 15 28 39 45,0
S006,pair_residual_node,pair_relation_residual,1219,1,1218,expanding,12 16 27 33 34 37,1 2 15 28 39 45,0
S007,triple_residual_node,triple_relation_residual,1219,1,1218,expanding,12 16 27 33 34 37,1 2 15 28 39 45,0
S008,family_balanced_hybrid,hybrid,1219,1,1218,expanding,10 12 16 19 20 27,1 2 15 28 39 45,0
S001,multi_window_frequency,multi_window_frequency,1220,1,1219,expanding,3 15 27 31 38 45,2 22 25 28 34 43,0
S002,gap_regime_hazard,gap_time,1220,1,1219,expanding,3 8 10 20 29 31,2 22 25 28 34 43,0
S003,momentum_state_transition,momentum,1220,1,1219,expanding,4 6 9 12 13 19,2 22 25 28 34 43,0
S004,conditional_probability,conditional,1220,1,1219,expanding,1 10 15 31 38 45,2 22 25 28 34 43,0
S005,structure_transition,structure_transition,1220,1,1219,expanding,4 17 20 25 39 44,2 22 25 28 34 43,1
S006,pair_residual_node,pair_relation_residual,1220,1,1219,expanding,12 16 27 33 34 37,2 22 25 28 34 43,1
S007,triple_residual_node,triple_relation_residual,1220,1,1219,expanding,12 16 27 33 34 37,2 22 25 28 34 43,1
S008,family_balanced_hybrid,hybrid,1220,1,1219,expanding,3 10 12 31 37 38,2 22 25 28 34 43,0
S001,multi_window_frequency,multi_window_frequency,1221,1,1220,expanding,3 15 27 28 31 38,6 13 18 28 30 36,1
S002,gap_regime_hazard,gap_time,1221,1,1220,expanding,1 3 15 31 32 42,6 13 18 28 30 36,0
S003,momentum_state_transition,momentum,1221,1,1220,expanding,4 9 12 13 16 19,6 13 18 28 30 36,1
S004,conditional_probability,conditional,1221,1,1220,expanding,10 15 25 27 28 31,6 13 18 28 30 36,1
S005,structure_transition,structure_transition,1221,1,1220,expanding,1 14 19 32 34 37,6 13 18 28 30 36,0
S006,pair_residual_node,pair_relation_residual,1221,1,1220,expanding,12 16 27 33 34 37,6 13 18 28 30 36,0
S007,triple_residual_node,triple_relation_residual,1221,1,1220,expanding,12 16 27 33 34 37,6 13 18 28 30 36,0
S008,family_balanced_hybrid,hybrid,1221,1,1220,expanding,3 12 15 16 27 45,6 13 18 28 30 36,0
S001,multi_window_frequency,multi_window_frequency,1222,1,1221,expanding,3 15 27 28 30 31,4 11 17 22 32 41,0
S002,gap_regime_hazard,gap_time,1222,1,1221,expanding,1 2 15 22 39 45,4 11 17 22 32 41,1
S003,momentum_state_transition,momentum,1222,1,1221,expanding,4 7 9 12 13 16,4 11 17 22 32 41,1
S004,conditional_probability,conditional,1222,1,1221,expanding,2 10 15 25 31 45,4 11 17 22 32 41,0
S005,structure_transition,structure_transition,1222,1,1221,expanding,11 14 21 30 35 38,4 11 17 22 32 41,1
S006,pair_residual_node,pair_relation_residual,1222,1,1221,expanding,12 13 16 27 33 34,4 11 17 22 32 41,0
S007,triple_residual_node,triple_relation_residual,1222,1,1221,expanding,12 13 16 27 33 34,4 11 17 22 32 41,0
S008,family_balanced_hybrid,hybrid,1222,1,1221,expanding,13 15 16 19 27 45,4 11 17 22 32 41,0
S001,multi_window_frequency,multi_window_frequency,1223,1,1222,expanding,3 15 27 28 30 38,16 18 20 32 33 39,0
S002,gap_regime_hazard,gap_time,1223,1,1222,expanding,2 6 13 25 34 43,16 18 20 32 33 39,0
S003,momentum_state_transition,momentum,1223,1,1222,expanding,4 5 7 9 12 13,16 18 20 32 33 39,0
S004,conditional_probability,conditional,1223,1,1222,expanding,2 3 10 11 15 45,16 18 20 32 33 39,0
S005,structure_transition,structure_transition,1223,1,1222,expanding,6 10 19 24 27 37,16 18 20 32 33 39,0
S006,pair_residual_node,pair_relation_residual,1223,1,1222,expanding,12 13 16 27 33 34,16 18 20 32 33 39,2
S007,triple_residual_node,triple_relation_residual,1223,1,1222,expanding,12 13 16 27 33 34,16 18 20 32 33 39,2
S008,family_balanced_hybrid,hybrid,1223,1,1222,expanding,7 12 13 16 19 27,16 18 20 32 33 39,1
S001,multi_window_frequency,multi_window_frequency,1224,1,1223,expanding,3 15 27 28 30 33,9 18 21 27 44 45,1
S002,gap_regime_hazard,gap_time,1224,1,1223,expanding,4 6 13 28 30 36,9 18 21 27 44 45,0
S003,momentum_state_transition,momentum,1224,1,1223,expanding,4 5 6 7 9 12,9 18 21 27 44 45,1
S004,conditional_probability,conditional,1224,1,1223,expanding,2 3 10 15 32 45,9 18 21 27 44 45,1
S005,structure_transition,structure_transition,1224,1,1223,expanding,4 13 22 33 36 41,9 18 21 27 44 45,0
S006,pair_residual_node,pair_relation_residual,1224,1,1223,expanding,12 16 18 27 33 34,9 18 21 27 44 45,2
S007,triple_residual_node,triple_relation_residual,1224,1,1223,expanding,12 16 18 27 33 34,9 18 21 27 44 45,2
S008,family_balanced_hybrid,hybrid,1224,1,1223,expanding,7 10 12 13 19 33,9 18 21 27 44 45,0
S001,multi_window_frequency,multi_window_frequency,1225,1,1224,expanding,3 15 16 27 28 45,8 9 19 25 41 42,0
S002,gap_regime_hazard,gap_time,1225,1,1224,expanding,4 11 16 17 22 41,8 9 19 25 41 42,1
S003,momentum_state_transition,momentum,1225,1,1224,expanding,4 5 6 7 8 9,8 9 19 25 41 42,2
S004,conditional_probability,conditional,1225,1,1224,expanding,2 3 10 13 18 32,8 9 19 25 41 42,0
S005,structure_transition,structure_transition,1225,1,1224,expanding,2 7 15 29 34 39,8 9 19 25 41 42,0
S006,pair_residual_node,pair_relation_residual,1225,1,1224,expanding,12 16 18 27 33 34,8 9 19 25 41 42,0
S007,triple_residual_node,triple_relation_residual,1225,1,1224,expanding,12 16 18 27 33 34,8 9 19 25 41 42,0
S008,family_balanced_hybrid,hybrid,1225,1,1224,expanding,12 13 16 18 20 33,8 9 19 25 41 42,0
S001,multi_window_frequency,multi_window_frequency,1226,1,1225,expanding,3 15 16 27 28 45,4 6 13 17 26 28,1
S002,gap_regime_hazard,gap_time,1226,1,1225,expanding,16 18 20 32 33 39,4 6 13 17 26 28,0
S003,momentum_state_transition,momentum,1226,1,1225,expanding,4 5 7 12 13 16,4 6 13 17 26 28,2
S004,conditional_probability,conditional,1226,1,1225,expanding,2 3 15 18 32 45,4 6 13 17 26 28,0
S005,structure_transition,structure_transition,1226,1,1225,expanding,4 17 20 25 39 44,4 6 13 17 26 28,2
S006,pair_residual_node,pair_relation_residual,1226,1,1225,expanding,12 16 18 27 33 34,4 6 13 17 26 28,0
S007,triple_residual_node,triple_relation_residual,1226,1,1225,expanding,12 16 18 27 33 34,4 6 13 17 26 28,0
S008,family_balanced_hybrid,hybrid,1226,1,1225,expanding,12 16 18 20 33 45,4 6 13 17 26 28,0
S001,multi_window_frequency,multi_window_frequency,1227,1,1226,expanding,6 15 16 27 28 45,1 14 16 34 41 44,1
S002,gap_regime_hazard,gap_time,1227,1,1226,expanding,8 18 21 27 44 45,1 14 16 34 41 44,1
S003,momentum_state_transition,momentum,1227,1,1226,expanding,1 3 4 5 7 12,1 14 16 34 41 44,1
S004,conditional_probability,conditional,1227,1,1226,expanding,2 4 18 28 32 45,1 14 16 34 41 44,0
S005,structure_transition,structure_transition,1227,1,1226,expanding,7 12 17 25 36 38,1 14 16 34 41 44,0
S006,pair_residual_node,pair_relation_residual,1227,1,1226,expanding,12 16 18 27 33 34,1 14 16 34 41 44,2
S007,triple_residual_node,triple_relation_residual,1227,1,1226,expanding,12 16 18 27 33 34,1 14 16 34 41 44,2
S008,family_balanced_hybrid,hybrid,1227,1,1226,expanding,1 3 16 18 27 45,1 14 16 34 41 44,2
S001,multi_window_frequency,multi_window_frequency,1228,1,1227,expanding,6 15 16 27 28 45,24 29 30 31 35 44,0
S002,gap_regime_hazard,gap_time,1228,1,1227,expanding,4 8 9 19 25 42,24 29 30 31 35 44,0
S003,momentum_state_transition,momentum,1228,1,1227,expanding,3 4 7 12 16 23,24 29 30 31 35 44,0
S004,conditional_probability,conditional,1228,1,1227,expanding,1 18 28 32 41 45,24 29 30 31 35 44,0
S005,structure_transition,structure_transition,1228,1,1227,expanding,1 5 22 29 32 36,24 29 30 31 35 44,1
S006,pair_residual_node,pair_relation_residual,1228,1,1227,expanding,12 16 18 27 33 34,24 29 30 31 35 44,0
S007,triple_residual_node,triple_relation_residual,1228,1,1227,expanding,12 16 18 27 33 34,24 29 30 31 35 44,0
S008,family_balanced_hybrid,hybrid,1228,1,1227,expanding,3 4 13 16 17 18,24 29 30 31 35 44,0
S001,multi_window_frequency,multi_window_frequency,1229,1,1228,expanding,6 16 27 28 30 44,12 13 29 34 37 42,0
S002,gap_regime_hazard,gap_time,1229,1,1228,expanding,4 6 13 17 26 28,12 13 29 34 37 42,1
S003,momentum_state_transition,momentum,1229,1,1228,expanding,3 4 6 7 12 16,12 13 29 34 37 42,1
S004,conditional_probability,conditional,1229,1,1228,expanding,1 2 18 28 41 44,12 13 29 34 37 42,0
S005,structure_transition,structure_transition,1229,1,1228,expanding,6 15 23 25 30 42,12 13 29 34 37 42,1
S006,pair_residual_node,pair_relation_residual,1229,1,1228,expanding,12 13 18 27 33 34,12 13 29 34 37 42,3
S007,triple_residual_node,triple_relation_residual,1229,1,1228,expanding,12 16 18 27 33 34,12 13 29 34 37 42,2
S008,family_balanced_hybrid,hybrid,1229,1,1228,expanding,1 6 13 16 17 18,12 13 29 34 37 42,1
S001,multi_window_frequency,multi_window_frequency,1230,1,1229,expanding,6 13 16 27 28 30,3 8 9 22 28 42,1
S002,gap_regime_hazard,gap_time,1230,1,1229,expanding,1 14 16 24 30 41,3 8 9 22 28 42,0
S003,momentum_state_transition,momentum,1230,1,1229,expanding,3 4 6 7 12 16,3 8 9 22 28 42,1
S004,conditional_probability,conditional,1230,1,1229,expanding,13 18 28 34 41 44,3 8 9 22 28 42,1
S005,structure_transition,structure_transition,1230,1,1229,expanding,6 10 19 24 27 37,3 8 9 22 28 42,0
S006,pair_residual_node,pair_relation_residual,1230,1,1229,expanding,12 13 18 27 33 34,3 8 9 22 28 42,0
S007,triple_residual_node,triple_relation_residual,1230,1,1229,expanding,12 13 16 27 33 34,3 8 9 22 28 42,0
S008,family_balanced_hybrid,hybrid,1230,1,1229,expanding,3 13 16 18 34 44,3 8 9 22 28 42,1
S001,multi_window_frequency,multi_window_frequency,1231,1,1230,expanding,3 9 13 16 27 28,4 13 14 18 31 38,1
S002,gap_regime_hazard,gap_time,1231,1,1230,expanding,12 24 30 31 35 44,4 13 14 18 31 38,1
S003,momentum_state_transition,momentum,1231,1,1230,expanding,1 4 6 7 12 16,4 13 14 18 31 38,1
S004,conditional_probability,conditional,1231,1,1230,expanding,9 13 18 28 41 42,4 13 14 18 31 38,2
S005,structure_transition,structure_transition,1231,1,1230,expanding,7 17 24 26 30 35,4 13 14 18 31 38,0
S006,pair_residual_node,pair_relation_residual,1231,1,1230,expanding,12 16 18 27 33 34,4 13 14 18 31 38,1
S007,triple_residual_node,triple_relation_residual,1231,1,1230,expanding,12 16 18 27 33 34,4 13 14 18 31 38,1
S008,family_balanced_hybrid,hybrid,1231,1,1230,expanding,12 13 16 18 34 44,4 13 14 18 31 38,2
S001,multi_window_frequency,multi_window_frequency,1232,1,1231,expanding,3 13 16 27 28 31,12 15 19 22 24 36,0
S002,gap_regime_hazard,gap_time,1232,1,1231,expanding,3 8 12 29 34 37,12 15 19 22 24 36,1
S003,momentum_state_transition,momentum,1232,1,1231,expanding,1 6 7 16 17 23,12 15 19 22 24 36,0
S004,conditional_probability,conditional,1232,1,1231,expanding,4 9 13 18 41 42,12 15 19 22 24 36,0
S005,structure_transition,structure_transition,1232,1,1231,expanding,9 14 16 25 28 39,12 15 19 22 24 36,0
S006,pair_residual_node,pair_relation_residual,1232,1,1231,expanding,12 13 16 27 33 34,12 15 19 22 24 36,1
S007,triple_residual_node,triple_relation_residual,1232,1,1231,expanding,12 13 16 27 33 34,12 15 19 22 24 36,1
S008,family_balanced_hybrid,hybrid,1232,1,1231,expanding,13 16 17 18 34 37,12 15 19 22 24 36,0
S001,multi_window_frequency,multi_window_frequency,1233,1,1232,expanding,3 13 16 27 28 31,2 7 20 25 37 40,0
S002,gap_regime_hazard,gap_time,1233,1,1232,expanding,3 4 8 9 28 42,2 7 20 25 37 40,0
S003,momentum_state_transition,momentum,1233,1,1232,expanding,1 5 6 7 16 17,2 7 20 25 37 40,1
S004,conditional_probability,conditional,1233,1,1232,expanding,4 9 13 18 42 44,2 7 20 25 37 40,0
S005,structure_transition,structure_transition,1233,1,1232,expanding,1 8 18 29 33 36,2 7 20 25 37 40,0
S006,pair_residual_node,pair_relation_residual,1233,1,1232,expanding,12 16 18 27 33 34,2 7 20 25 37 40,0
S007,triple_residual_node,triple_relation_residual,1233,1,1232,expanding,12 16 18 27 33 34,2 7 20 25 37 40,0
S008,family_balanced_hybrid,hybrid,1233,1,1232,expanding,3 13 14 16 18 27,2 7 20 25 37 40,0
S001,multi_window_frequency,multi_window_frequency,1234,1,1233,expanding,9 13 27 28 31 38,1 15 19 31 35 43,1
S002,gap_regime_hazard,gap_time,1234,1,1233,expanding,4 13 14 18 31 38,1 15 19 31 35 43,1
S003,momentum_state_transition,momentum,1234,1,1233,expanding,1 5 7 16 17 26,1 15 19 31 35 43,1
S004,conditional_probability,conditional,1234,1,1233,expanding,5 9 10 13 42 44,1 15 19 31 35 43,0
S005,structure_transition,structure_transition,1234,1,1233,expanding,7 16 18 29 33 38,1 15 19 31 35 43,0
S006,pair_residual_node,pair_relation_residual,1234,1,1233,expanding,12 13 18 27 33 34,1 15 19 31 35 43,0
S007,triple_residual_node,triple_relation_residual,1234,1,1233,expanding,12 13 18 27 33 34,1 15 19 31 35 43,0
S008,family_balanced_hybrid,hybrid,1234,1,1233,expanding,12 13 16 18 27 33,1 15 19 31 35 43,0
S001,multi_window_frequency,multi_window_frequency,1235,1,1234,expanding,13 15 19 27 28 31,6 7 11 15 39 43,1
S002,gap_regime_hazard,gap_time,1235,1,1234,expanding,2 7 12 22 24 36,6 7 11 15 39 43,1
S003,momentum_state_transition,momentum,1235,1,1234,expanding,5 7 16 17 26 27,6 7 11 15 39 43,1
S004,conditional_probability,conditional,1235,1,1234,expanding,5 10 13 19 31 42,6 7 11 15 39 43,0
S005,structure_transition,structure_transition,1235,1,1234,expanding,1 3 21 25 34 38,6 7 11 15 39 43,0
S006,pair_residual_node,pair_relation_residual,1235,1,1234,expanding,12 13 18 27 33 34,6 7 11 15 39 43,0
S007,triple_residual_node,triple_relation_residual,1235,1,1234,expanding,12 13 18 27 33 34,6 7 11 15 39 43,0
S008,family_balanced_hybrid,hybrid,1235,1,1234,expanding,12 13 16 19 27 33,6 7 11 15 39 43,0
S001,multi_window_frequency,multi_window_frequency,1236,1,1235,expanding,13 15 27 28 31 35,12 18 21 29 34 38,0
S002,gap_regime_hazard,gap_time,1236,1,1235,expanding,1 2 20 25 37 40,12 18 21 29 34 38,0
S003,momentum_state_transition,momentum,1236,1,1235,expanding,5 7 16 17 26 27,12 18 21 29 34 38,0
S004,conditional_probability,conditional,1236,1,1235,expanding,5 10 13 15 21 31,12 18 21 29 34 38,1
S005,structure_transition,structure_transition,1236,1,1235,expanding,6 10 19 24 27 37,12 18 21 29 34 38,0
S006,pair_residual_node,pair_relation_residual,1236,1,1235,expanding,12 13 18 27 33 34,12 18 21 29 34 38,3
S007,triple_residual_node,triple_relation_residual,1236,1,1235,expanding,12 13 18 27 33 34,12 18 21 29 34 38,3
S008,family_balanced_hybrid,hybrid,1236,1,1235,expanding,13 16 19 27 31 33,12 18 21 29 34 38,0
S001,multi_window_frequency,multi_window_frequency,1237,1,1236,expanding,12 13 15 27 31 38,10 20 23 34 37 40,0
S002,gap_regime_hazard,gap_time,1237,1,1236,expanding,1 6 7 19 31 35,10 20 23 34 37 40,0
S003,momentum_state_transition,momentum,1237,1,1236,expanding,3 5 7 10 16 17,10 20 23 34 37 40,1
S004,conditional_probability,conditional,1237,1,1236,expanding,5 12 15 29 31 34,10 20 23 34 37 40,1
S005,structure_transition,structure_transition,1237,1,1236,expanding,4 13 22 33 36 41,10 20 23 34 37 40,0
S006,pair_residual_node,pair_relation_residual,1237,1,1236,expanding,12 13 18 27 33 34,10 20 23 34 37 40,1
S007,triple_residual_node,triple_relation_residual,1237,1,1236,expanding,12 16 18 27 33 34,10 20 23 34 37 40,1
S008,family_balanced_hybrid,hybrid,1237,1,1236,expanding,3 7 12 16 19 27,10 20 23 34 37 40,0
S001,multi_window_frequency,multi_window_frequency,1238,1,1237,expanding,12 15 27 31 37 38,2 13 18 32 38 42,1
S002,gap_regime_hazard,gap_time,1238,1,1237,expanding,6 7 11 15 39 43,2 13 18 32 38 42,0
S003,momentum_state_transition,momentum,1238,1,1237,expanding,3 5 8 10 16 17,2 13 18 32 38 42,0
S004,conditional_probability,conditional,1238,1,1237,expanding,12 15 29 31 34 37,2 13 18 32 38 42,0
S005,structure_transition,structure_transition,1238,1,1237,expanding,11 16 18 26 27 39,2 13 18 32 38 42,1
S006,pair_residual_node,pair_relation_residual,1238,1,1237,expanding,12 13 18 27 33 34,2 13 18 32 38 42,2
S007,triple_residual_node,triple_relation_residual,1238,1,1237,expanding,12 18 27 33 34 37,2 13 18 32 38 42,1
S008,family_balanced_hybrid,hybrid,1238,1,1237,expanding,12 13 15 16 18 27,2 13 18 32 38 42,2
S001,multi_window_frequency,multi_window_frequency,1239,1,1238,expanding,13 15 18 31 37 38,11 13 22 32 33 36,1
S002,gap_regime_hazard,gap_time,1239,1,1238,expanding,10 12 20 21 23 29,11 13 22 32 33 36,0
S003,momentum_state_transition,momentum,1239,1,1238,expanding,3 5 8 10 16 17,11 13 22 32 33 36,0
S004,conditional_probability,conditional,1239,1,1238,expanding,12 13 15 18 34 37,11 13 22 32 33 36,1
S005,structure_transition,structure_transition,1239,1,1238,expanding,1 5 22 29 32 36,11 13 22 32 33 36,3
S006,pair_residual_node,pair_relation_residual,1239,1,1238,expanding,12 13 18 27 33 34,11 13 22 32 33 36,2
S007,triple_residual_node,triple_relation_residual,1239,1,1238,expanding,12 13 18 27 33 34,11 13 22 32 33 36,2
S008,family_balanced_hybrid,hybrid,1239,1,1238,expanding,12 13 16 27 34 37,11 13 22 32 33 36,1
S001,multi_window_frequency,multi_window_frequency,1240,1,1239,expanding,13 15 18 31 37 38,11 13 19 20 31 44,2
S002,gap_regime_hazard,gap_time,1240,1,1239,expanding,10 20 23 34 37 40,11 13 19 20 31 44,1
S003,momentum_state_transition,momentum,1240,1,1239,expanding,1 3 5 8 10 16,11 13 19 20 31 44,0
S004,conditional_probability,conditional,1240,1,1239,expanding,5 13 15 18 22 38,11 13 19 20 31 44,1
S005,structure_transition,structure_transition,1240,1,1239,expanding,9 17 20 24 29 36,11 13 19 20 31 44,1
S006,pair_residual_node,pair_relation_residual,1240,1,1239,expanding,12 13 18 27 33 34,11 13 19 20 31 44,1
S007,triple_residual_node,triple_relation_residual,1240,1,1239,expanding,12 13 18 27 33 34,11 13 19 20 31 44,1
S008,family_balanced_hybrid,hybrid,1240,1,1239,expanding,13 16 18 27 34 37,11 13 19 20 31 44,1
S001,multi_window_frequency,multi_window_frequency,1241,1,1240,expanding,13 15 18 19 31 38,7 13 16 23 24 43,1
S002,gap_regime_hazard,gap_time,1241,1,1240,expanding,2 18 22 32 38 42,7 13 16 23 24 43,0
S003,momentum_state_transition,momentum,1241,1,1240,expanding,1 2 3 5 8 10,7 13 16 23 24 43,0
S004,conditional_probability,conditional,1241,1,1240,expanding,11 15 18 19 20 31,7 13 16 23 24 43,0
S005,structure_transition,structure_transition,1241,1,1240,expanding,1 4 27 29 31 40,7 13 16 23 24 43,0
S006,pair_residual_node,pair_relation_residual,1241,1,1240,expanding,12 13 18 27 33 34,7 13 16 23 24 43,1
S007,triple_residual_node,triple_relation_residual,1241,1,1240,expanding,12 13 18 27 33 34,7 13 16 23 24 43,1
S008,family_balanced_hybrid,hybrid,1241,1,1240,expanding,3 11 12 13 18 27,7 13 16 23 24 43,1
S001,multi_window_frequency,multi_window_frequency,1242,1,1241,expanding,7 13 15 19 31 38,2 4 10 16 31 41,1
S002,gap_regime_hazard,gap_time,1242,1,1241,expanding,11 19 22 32 33 36,2 4 10 16 31 41,0
S003,momentum_state_transition,momentum,1242,1,1241,expanding,1 2 3 5 6 8,2 4 10 16 31 41,1
S004,conditional_probability,conditional,1242,1,1241,expanding,7 11 15 19 20 43,2 4 10 16 31 41,0
S005,structure_transition,structure_transition,1242,1,1241,expanding,3 14 18 23 25 40,2 4 10 16 31 41,0
S006,pair_residual_node,pair_relation_residual,1242,1,1241,expanding,12 13 18 27 33 34,2 4 10 16 31 41,0
S007,triple_residual_node,triple_relation_residual,1242,1,1241,expanding,12 13 18 27 33 34,2 4 10 16 31 41,0
S008,family_balanced_hybrid,hybrid,1242,1,1241,expanding,11 12 13 19 20 27,2 4 10 16 31 41,0
S001,multi_window_frequency,multi_window_frequency,1243,1,1242,expanding,7 13 15 16 31 38,9 18 24 38 43 44,1
S002,gap_regime_hazard,gap_time,1243,1,1242,expanding,7 11 13 19 20 44,9 18 24 38 43 44,1
S003,momentum_state_transition,momentum,1243,1,1242,expanding,1 3 6 8 10 17,9 18 24 38 43 44,0
S004,conditional_probability,conditional,1243,1,1242,expanding,2 7 11 20 31 43,9 18 24 38 43 44,1
S005,structure_transition,structure_transition,1243,1,1242,expanding,1 5 22 29 32 36,9 18 24 38 43 44,0
S006,pair_residual_node,pair_relation_residual,1243,1,1242,expanding,12 13 18 27 33 34,9 18 24 38 43 44,1
S007,triple_residual_node,triple_relation_residual,1243,1,1242,expanding,12 13 16 27 33 34,9 18 24 38 43 44,0
S008,family_balanced_hybrid,hybrid,1243,1,1242,expanding,7 11 13 19 20 27,9 18 24 38 43 44,0
S001,multi_window_frequency,multi_window_frequency,1244,1,1243,expanding,13 15 16 18 31 38,1 13 18 26 34 38,3
S002,gap_regime_hazard,gap_time,1244,1,1243,expanding,2 4 7 10 13 23,1 13 18 26 34 38,1
S003,momentum_state_transition,momentum,1244,1,1243,expanding,1 3 8 10 17 23,1 13 18 26 34 38,1
S004,conditional_probability,conditional,1244,1,1243,expanding,11 13 18 31 38 43,1 13 18 26 34 38,3
S005,structure_transition,structure_transition,1244,1,1243,expanding,8 11 21 30 33 35,1 13 18 26 34 38,0
S006,pair_residual_node,pair_relation_residual,1244,1,1243,expanding,12 13 18 27 33 34,1 13 18 26 34 38,3
S007,triple_residual_node,triple_relation_residual,1244,1,1243,expanding,12 13 18 27 33 34,1 13 18 26 34 38,3
S008,family_balanced_hybrid,hybrid,1244,1,1243,expanding,7 11 13 16 18 27,1 13 18 26 34 38,2
