round,odd_count,low_count,band_1_count,band_2_count,band_3_count,band_4_count,band_5_count,sum,span,min_gap,max_gap,mean_gap,consecutive_pairs,consecutive_runs,repeat_end_extra,repeat_end_groups,max_end_multiplicity,clusters_gap_le2,max_cluster_gap_le2_size,narrow_three_span_le4,previous_overlap,band_max,gap_1,gap_2,gap_3,gap_4,gap_5,consecutive_ge1,consecutive_ge2,band_ge3,band_ge4,odd_imbalance,low_high_imbalance,repeated_end,end_multiplicity_ge3,multiple_repeat_end_groups,extreme_sum,large_gap_ge15,previous_overlap_ge2
1,4,1,1,0,2,3,0,172,30,3,13,6,0,0,2,2,2,6,1,0,,3,13,6,4,4,3,0,0,1,0,0,1,1,0,1,0,0,
2,4,3,1,1,2,1,1,142,33,4,10,6.6,0,0,1,1,2,6,1,0,0,2,4,8,4,7,10,0,0,0,0,0,0,1,0,0,0,0,0
3,5,4,0,3,2,1,0,125,20,2,6,4,0,0,2,1,3,5,2,0,1,3,5,3,2,6,4,0,0,1,0,1,0,1,1,0,0,0,0
4,2,1,0,1,2,2,1,184,28,1,13,5.6,1,1,1,1,2,4,2,1,2,2,13,3,1,9,2,1,0,0,0,0,1,1,0,0,0,0,1
5,2,1,0,1,2,1,2,192,26,1,11,5.2,2,1,0,0,1,4,3,1,2,2,8,5,11,1,1,1,1,0,0,0,1,0,0,0,1,0,1
6,2,2,0,2,2,1,1,164,28,1,13,5.6,2,2,0,0,1,3,2,0,2,2,1,11,1,13,2,1,1,0,0,0,0,0,0,0,0,0,1
7,2,3,2,1,2,1,0,118,38,1,14,7.6,1,1,1,1,2,5,2,0,2,2,7,7,9,1,14,1,0,0,0,0,0,1,0,0,0,0,1
8,4,2,1,1,1,3,0,162,31,2,11,6.2,0,0,1,1,2,5,2,0,1,3,11,6,9,3,2,0,0,1,0,0,0,1,0,0,0,0,0
9,2,4,2,2,0,2,0,114,37,1,19,7.4,1,1,1,1,2,4,2,0,1,2,2,12,1,19,3,1,0,0,0,0,0,1,0,0,0,1,0
10,4,1,1,0,2,1,2,182,35,3,16,7,0,0,0,0,1,6,1,0,0,2,16,5,3,8,3,0,0,0,0,0,1,0,0,0,0,1,0
11,4,2,2,0,0,2,2,164,41,1,29,8.2,2,2,2,2,2,4,2,0,1,2,6,29,1,4,1,1,1,0,0,0,0,1,0,1,0,1,0
12,5,3,1,1,2,1,1,143,43,4,14,8.6,0,0,2,2,2,6,1,0,0,2,9,10,4,14,6,0,0,0,0,1,0,1,0,1,0,0,0
13,3,1,0,0,3,2,1,187,20,1,12,4,2,2,1,1,2,3,3,1,1,3,1,2,12,1,4,1,1,1,0,0,1,1,0,0,1,0,0
14,2,3,2,1,0,3,0,124,38,2,19,7.6,0,0,1,1,2,5,2,0,0,3,4,6,19,2,7,0,0,1,0,0,0,1,0,0,0,1,0
15,3,3,2,1,1,2,0,121,34,1,14,6.8,2,2,0,0,1,4,2,0,1,2,1,12,14,1,6,1,1,0,0,0,0,0,0,0,0,0,0
16,2,2,2,0,1,3,0,152,34,1,17,6.8,2,2,1,1,2,3,3,1,1,3,1,17,13,1,2,1,1,1,0,0,0,1,0,0,0,1,0
17,4,4,3,1,0,2,0,102,34,1,15,6.8,1,1,1,1,2,5,2,0,1,3,1,5,8,15,5,1,0,1,0,0,0,1,0,0,0,1,0
18,4,4,1,3,0,2,0,114,32,1,13,6.4,1,1,2,2,2,5,2,0,2,3,9,1,6,13,3,1,0,1,0,0,0,1,0,1,0,0,1
19,2,1,1,0,1,3,1,196,37,1,24,7.4,2,1,1,1,2,4,3,1,0,3,24,8,1,1,3,1,1,1,0,0,1,1,0,0,1,1,0
20,1,4,1,3,2,0,0,115,20,2,7,4,0,0,2,1,3,5,2,0,1,3,4,4,2,3,7,0,0,1,0,1,0,1,1,0,0,0,0
21,2,4,1,3,0,2,0,116,26,1,13,5.2,2,2,1,1,2,4,2,0,1,3,6,5,1,13,1,1,1,1,0,0,0,1,0,0,0,0,0
22,3,5,4,1,0,1,0,79,35,1,22,7,2,1,0,0,1,3,4,1,2,4,1,1,2,9,22,1,1,1,1,0,1,0,0,0,1,1,1
23,4,4,1,3,0,1,1,128,37,1,15,7.4,1,1,1,1,2,5,2,0,2,3,8,4,1,15,9,1,0,1,0,0,0,1,0,0,0,1,1
24,4,2,2,0,2,1,1,150,36,1,19,7.2,1,1,1,1,2,4,2,0,0,2,1,19,2,7,7,1,0,0,0,0,0,1,0,0,0,1,0
25,2,3,2,0,2,0,2,140,42,1,17,8.4,1,1,1,1,2,4,2,0,1,2,2,17,5,17,1,1,0,0,0,0,0,1,0,0,0,1,0
26,3,5,3,2,1,0,0,79,21,1,11,4.2,1,1,1,1,2,3,3,1,1,3,1,2,11,2,5,1,0,1,0,0,1,1,0,0,1,0,0
27,3,2,1,1,2,1,1,155,42,2,19,8.4,0,0,0,0,1,5,2,0,1,2,19,6,2,9,6,0,0,0,0,0,0,0,0,0,0,1,0
28,5,2,1,1,2,2,0,147,28,2,10,5.6,0,0,1,1,2,4,2,0,1,2,9,5,2,10,2,0,0,0,0,1,0,1,0,0,0,0,0
29,4,3,2,1,0,3,0,132,39,1,21,7.8,1,1,0,0,1,5,2,0,0,3,4,8,21,5,1,1,0,1,0,0,0,0,0,0,0,1,0
30,2,3,1,2,0,2,1,160,36,1,15,7.2,1,1,0,0,1,5,2,0,0,2,9,3,15,1,8,1,0,0,0,0,0,0,0,0,0,1,0
31,4,3,2,1,2,1,0,120,28,2,9,5.6,0,0,1,1,2,5,2,0,1,2,2,9,5,5,7,0,0,0,0,0,0,1,0,0,0,0,0
32,2,3,1,2,1,1,1,142,38,5,10,7.6,0,0,2,1,3,6,1,0,0,2,8,5,6,9,10,0,0,0,0,0,0,1,1,0,0,0,0
33,3,2,2,0,0,3,1,157,37,1,25,7.4,2,2,0,0,1,4,2,0,0,3,3,25,1,7,1,1,1,1,0,0,0,0,0,0,0,1,0
34,3,1,1,0,1,3,1,189,33,2,17,6.6,0,0,0,0,1,4,2,0,1,3,17,9,2,3,2,0,0,1,0,0,1,0,0,0,1,1,0
35,4,3,2,1,1,1,1,122,41,1,15,8.2,1,1,1,1,2,5,2,0,2,2,1,8,15,11,6,1,0,0,0,0,0,1,0,0,0,1,1
36,2,2,2,0,3,1,0,128,39,2,13,7.8,0,0,1,1,2,5,2,0,1,3,9,13,3,2,12,0,0,1,0,0,0,1,0,0,0,0,0
37,5,1,1,0,2,3,0,169,30,2,20,6,0,0,2,1,3,4,3,1,0,3,20,3,3,2,2,0,0,1,0,1,1,1,1,0,0,1,0
38,3,3,0,2,2,1,1,165,27,1,8,5.4,1,1,1,1,2,5,2,0,2,2,1,5,8,7,6,1,0,0,0,0,0,1,0,0,0,0,1
39,5,5,2,2,1,0,1,105,37,1,22,7.4,1,1,1,1,2,4,2,0,1,2,1,6,2,6,22,1,0,0,0,1,1,1,0,0,0,1,0
40,4,4,1,3,2,0,0,108,19,1,6,3.8,2,2,0,0,1,4,2,0,2,3,6,5,1,6,1,1,1,1,0,0,0,0,0,0,0,0,1
41,4,2,0,2,1,2,1,172,30,3,12,6,0,0,2,1,3,6,1,0,1,2,7,3,12,3,5,0,0,0,0,0,0,1,1,0,0,0,0
42,4,4,0,3,2,1,0,130,15,1,9,3,2,1,0,0,1,2,5,1,1,3,1,1,2,2,9,1,1,1,0,0,0,0,0,0,0,0,0
43,3,1,1,0,0,4,1,193,38,1,25,7.6,1,1,0,0,1,5,2,1,0,4,25,4,3,1,5,1,0,1,1,0,1,0,0,0,1,1,0
44,4,3,1,1,2,1,1,148,42,7,10,8.4,0,0,1,1,2,6,1,0,1,2,8,10,9,8,7,0,0,0,0,0,0,1,0,0,0,0,0
45,4,3,2,1,1,2,0,126,34,2,10,6.8,0,0,1,1,2,5,2,0,0,2,9,10,7,6,2,0,0,0,0,0,0,1,0,0,0,0,0
46,4,3,1,2,1,2,0,128,30,2,8,6,0,0,2,2,2,5,2,0,0,2,5,2,8,8,7,0,0,0,0,0,0,1,0,1,0,0,0
47,3,2,0,2,1,2,1,169,31,3,9,6.2,0,0,1,1,2,6,1,0,1,2,3,9,5,5,9,0,0,0,0,0,0,1,0,0,0,0,0
48,1,3,2,1,1,2,0,135,32,1,11,6.4,1,1,2,2,2,5,2,0,1,2,4,8,8,11,1,1,0,0,0,1,0,1,0,1,0,0,0
49,3,4,2,2,0,2,0,119,36,3,14,7.2,0,0,0,0,1,6,1,0,0,2,3,9,3,14,7,0,0,0,0,0,0,0,0,0,0,0,0
50,1,5,2,2,1,0,1,105,42,2,22,8.4,0,0,2,1,3,5,2,0,0,2,8,2,3,7,22,0,0,0,0,1,1,1,1,0,0,1,0
51,2,4,2,2,1,0,1,102,42,1,18,8.4,1,1,1,1,2,5,2,0,2,2,1,8,5,10,18,1,0,0,0,0,0,1,0,0,0,1,1
52,2,5,2,3,1,0,0,86,27,1,11,5.4,1,1,0,0,1,4,2,0,2,3,2,11,1,4,9,1,0,1,0,0,1,0,0,0,1,0,1
53,3,3,2,1,0,3,0,133,32,1,18,6.4,2,2,0,0,1,4,2,0,0,3,1,6,18,1,6,1,1,1,0,0,0,0,0,0,0,1,0
54,4,3,2,0,2,2,0,132,38,3,13,7.6,0,0,1,1,2,6,1,0,2,2,7,13,6,9,3,0,0,0,0,0,0,1,0,0,0,0,1
55,4,2,0,1,1,3,1,190,27,3,10,5.4,0,0,2,2,2,6,1,0,1,3,4,10,6,3,4,0,0,1,0,0,0,1,0,1,1,0,0
56,3,2,1,1,1,3,0,155,27,1,16,5.4,1,1,1,1,2,4,3,1,2,3,4,16,1,2,4,1,0,1,0,0,0,1,0,0,0,1,1
57,3,3,2,1,2,0,1,131,37,3,15,7.4,0,0,0,0,1,6,1,0,1,2,3,6,9,4,15,0,0,0,0,0,0,0,0,0,0,1,0
58,2,1,1,0,2,2,1,176,34,1,14,6.8,1,1,2,2,2,5,2,0,3,2,14,1,8,7,4,1,0,0,0,0,1,1,0,1,0,0,1
59,4,1,1,0,1,2,2,196,39,2,23,7.8,0,0,2,2,2,5,2,0,0,2,23,7,3,2,4,0,0,0,0,0,1,1,0,1,1,1,0
60,2,2,2,0,1,2,1,152,40,3,17,8,0,0,1,1,2,6,1,0,2,2,6,17,11,3,3,0,0,0,0,0,0,1,0,0,0,1,1
61,3,3,0,3,1,1,1,159,29,1,11,5.8,1,1,0,0,1,5,2,0,0,3,1,4,11,8,5,1,0,1,0,0,0,0,0,0,0,0,0
62,5,3,2,1,2,1,0,117,32,2,12,6.4,0,0,1,1,2,5,2,0,1,2,5,7,12,2,6,0,0,0,0,1,0,1,0,0,0,0,0
63,2,2,1,1,1,3,0,160,37,2,17,7.4,0,0,2,2,2,4,3,1,1,3,17,3,13,2,2,0,0,1,0,0,0,1,0,1,0,1,0
64,2,4,0,3,2,1,0,130,22,1,10,4.4,1,1,1,1,2,5,2,1,1,3,1,3,3,5,10,1,0,1,0,0,0,1,0,0,0,0,0
65,3,1,1,0,1,3,1,181,39,3,21,7.8,0,0,1,1,2,6,1,0,1,3,21,8,3,4,3,0,0,1,0,0,1,1,0,0,0,1,0
66,3,5,3,1,2,0,0,75,22,1,10,4.4,1,1,2,2,2,4,2,0,0,3,1,4,10,5,2,1,0,1,0,0,1,1,0,1,1,0,0
67,3,4,3,1,0,2,0,109,35,2,21,7,0,0,0,0,1,5,2,0,2,3,4,3,5,21,2,0,0,1,0,0,0,0,0,0,0,1,1
68,2,4,1,3,1,1,0,118,29,1,13,5.8,1,1,1,1,2,4,2,1,2,3,2,3,1,10,13,1,0,1,0,0,0,1,0,0,0,0,1
69,4,5,2,3,0,1,0,100,34,1,20,6.8,1,1,2,2,2,5,2,0,2,3,3,6,1,4,20,1,0,1,0,0,1,1,0,1,0,1,1
70,4,3,1,1,3,0,1,142,38,3,15,7.6,0,0,1,1,2,6,1,0,2,3,14,3,3,3,15,0,0,1,0,0,0,1,0,0,0,1,1
71,4,4,2,2,1,0,1,112,36,3,13,7.2,0,0,1,1,2,6,1,0,1,2,4,3,4,13,12,0,0,0,0,0,0,1,0,0,0,0,0
72,3,4,2,2,2,0,0,87,25,1,9,5,1,1,1,1,2,4,2,0,0,2,2,7,6,9,1,1,0,0,0,0,0,1,0,0,1,0,0
73,2,3,1,2,0,2,1,148,40,3,14,8,0,0,2,2,2,6,1,0,0,2,9,6,14,8,3,0,0,0,0,0,0,1,0,1,0,0,0
74,3,4,1,3,0,2,0,131,34,1,17,6.8,1,1,1,1,2,4,3,1,2,3,9,2,1,17,5,1,0,1,0,0,0,1,0,0,0,1,1
75,1,2,2,0,1,2,1,141,42,2,19,8.4,0,0,3,2,3,5,2,0,0,2,3,19,8,2,10,0,0,0,0,1,0,1,1,1,0,1,0
76,5,4,2,1,2,1,0,103,36,2,12,7.2,0,0,1,1,2,5,2,0,0,2,2,12,7,3,12,0,0,0,0,1,0,1,0,0,0,0,0
77,2,2,1,1,1,1,2,168,42,1,16,8.4,1,1,1,1,2,5,2,0,0,2,16,11,3,11,1,1,0,0,0,0,0,1,0,0,0,1,0
78,5,2,1,1,2,2,0,145,25,2,12,5,0,0,2,2,2,5,2,0,1,2,3,12,4,4,2,0,0,0,0,1,0,1,0,1,0,0,0
79,2,2,1,1,3,1,0,128,29,2,12,5.8,0,0,1,1,2,5,2,0,0,3,9,12,3,3,2,0,0,1,0,0,0,1,0,0,0,0,0
80,2,2,0,2,4,0,0,140,13,1,6,2.6,3,2,0,0,1,3,3,1,2,4,1,6,1,1,4,1,1,1,1,0,0,0,0,0,0,0,1
81,5,5,2,3,0,1,0,89,28,2,13,5.6,0,0,1,1,2,4,2,0,0,3,2,4,2,7,13,0,0,1,0,1,1,1,0,0,1,0,0
82,3,4,3,1,1,0,1,89,41,1,15,8.2,2,1,1,1,2,4,3,1,0,3,1,1,11,13,15,1,1,1,0,0,0,1,0,0,1,1,0
83,3,5,2,3,0,1,0,101,28,2,15,5.6,0,0,0,0,1,4,3,1,0,3,4,5,2,2,15,0,0,1,0,0,1,0,0,0,0,1,0
84,3,1,0,1,2,1,2,187,29,3,8,5.8,0,0,0,0,1,6,1,0,1,2,7,4,7,8,3,0,0,0,0,0,1,0,0,0,1,0,0
85,3,3,2,1,1,2,0,117,30,2,10,6,0,0,2,2,2,5,2,0,1,2,2,5,10,8,5,0,0,0,0,0,0,1,0,1,0,0,0
86,4,2,1,1,0,2,2,176,43,2,25,8.6,0,0,1,1,2,4,3,1,0,2,10,25,2,2,4,0,0,0,0,0,0,1,0,0,0,1,0
87,2,3,1,2,1,1,1,132,39,4,11,7.8,0,0,2,2,2,6,1,0,1,2,8,4,7,11,9,0,0,0,0,0,0,1,0,1,0,0,0
88,3,3,1,2,2,0,1,133,40,3,16,8,0,0,2,2,2,6,1,0,0,2,16,3,4,6,11,0,0,0,0,0,0,1,0,1,0,1,0
89,2,1,1,0,3,2,0,160,36,1,22,7.2,1,1,0,0,1,4,3,1,0,3,22,2,1,4,7,1,0,1,0,0,1,0,0,0,0,1,0
90,3,2,0,2,1,2,1,183,27,3,9,5.4,0,0,0,0,1,6,1,0,1,2,3,9,6,3,6,0,0,0,0,0,0,0,0,0,0,0,0
91,3,2,1,0,4,0,1,143,41,2,20,8.2,0,0,1,1,2,5,2,0,1,4,20,3,2,3,13,0,0,1,1,0,0,1,0,0,0,1,0
92,3,2,1,1,1,3,0,145,33,1,11,6.6,1,1,2,2,2,4,3,1,1,3,11,10,9,2,1,1,0,1,0,0,0,1,0,1,0,0,0
93,0,2,1,0,2,2,1,170,38,2,16,7.6,0,0,2,2,2,4,2,0,2,2,16,2,12,2,6,0,0,0,0,1,0,1,0,1,0,1,1
94,3,1,1,0,0,3,2,197,40,1,27,8,1,1,1,1,2,4,2,0,0,3,27,2,6,1,4,1,0,1,0,0,1,1,0,0,1,1,0
95,4,2,1,1,1,2,1,160,35,3,10,7,0,0,1,1,2,6,1,0,1,2,9,10,4,3,9,0,0,0,0,0,0,1,0,0,0,0,0
96,4,5,3,0,2,1,0,86,30,1,13,6,1,1,2,1,3,4,2,0,2,3,2,5,13,1,9,1,0,1,0,0,1,1,1,0,1,0,1
97,2,5,2,3,0,1,0,98,30,1,16,6,2,2,1,1,2,4,2,0,0,3,1,7,1,5,16,1,1,1,0,0,1,1,0,0,0,1,0
98,2,3,2,1,2,1,0,110,26,1,8,5.2,1,1,1,1,2,5,2,0,1,2,3,7,7,1,8,1,0,0,0,0,0,1,0,0,0,0,0
99,5,3,3,0,2,1,0,107,36,2,17,7.2,0,0,1,1,2,4,2,0,0,3,2,7,17,2,8,0,0,1,0,1,0,1,0,0,0,1,0
100,5,3,2,1,1,1,1,121,41,4,14,8.2,0,0,2,2,2,6,1,0,2,2,6,4,12,14,5,0,0,0,0,1,0,1,0,1,0,0,1
101,5,3,2,1,0,2,1,133,44,2,15,8.8,0,0,1,1,2,5,2,0,1,2,2,14,15,3,10,0,0,0,0,1,0,1,0,0,0,1,0
102,2,2,0,1,3,2,0,164,23,2,9,4.6,0,0,0,0,1,4,3,1,2,3,5,2,2,9,5,0,0,1,0,0,0,0,0,0,0,0,1
103,4,3,1,2,2,0,1,136,40,1,15,8,1,1,2,1,3,5,2,0,0,2,9,1,12,3,15,1,0,0,0,0,0,1,1,0,0,1,0
104,2,1,0,1,0,3,2,202,27,1,15,5.4,2,1,2,2,2,3,3,1,0,3,15,1,1,8,2,1,1,1,0,0,1,1,0,1,1,1,0
105,2,3,2,1,0,1,2,158,37,2,14,7.4,0,0,1,1,2,5,2,0,1,2,2,10,14,7,4,0,0,0,0,0,0,1,0,0,0,0,0
106,1,4,2,1,2,1,0,105,29,2,10,5.8,0,0,2,2,2,4,2,0,1,2,6,2,10,2,9,0,0,0,0,1,0,1,0,1,0,0,0
107,4,5,5,0,0,1,0,56,30,1,22,6,2,1,1,1,2,4,3,1,1,5,3,1,1,3,22,1,1,1,1,0,1,1,0,0,1,1,0
108,3,3,1,1,3,0,1,143,37,1,15,7.4,1,1,0,0,1,5,2,0,0,3,11,4,1,6,15,1,0,1,0,0,0,0,0,0,0,1,0
109,2,2,2,0,0,2,2,162,43,2,29,8.6,0,0,1,1,2,4,2,0,1,2,4,29,2,6,2,0,0,0,0,0,0,1,0,0,0,1,0
110,4,3,1,1,3,0,1,144,36,1,14,7.2,1,1,1,1,2,4,3,1,0,3,13,2,1,6,14,1,0,1,0,0,0,1,0,0,0,0,0
111,3,2,1,1,0,4,0,165,33,2,13,6.6,0,0,0,0,1,5,2,0,1,4,11,13,2,3,4,0,0,1,1,0,0,0,0,0,0,0,0
112,3,0,0,0,3,1,2,201,16,1,8,3.2,2,2,0,0,1,4,2,1,1,3,3,1,3,8,1,1,1,1,0,0,1,0,0,0,1,0,0
113,3,2,2,0,1,2,1,155,41,3,19,8.2,0,0,0,0,1,6,1,0,1,2,5,19,5,3,9,0,0,0,0,0,0,0,0,0,0,1,0
114,3,3,0,3,2,0,1,139,30,2,13,6,0,0,1,1,2,5,2,0,1,3,3,5,7,2,13,0,0,1,0,0,0,1,0,0,0,0,0
115,3,4,4,0,2,0,0,71,27,1,16,5.4,1,1,0,0,1,5,2,0,1,4,1,4,3,16,3,1,0,1,1,0,0,0,0,0,1,1,0
116,3,2,2,0,1,3,0,133,35,2,21,7,0,0,1,1,2,5,2,0,2,3,2,21,6,3,3,0,0,1,0,0,0,1,0,0,0,1,1
117,1,3,2,0,1,2,1,151,39,2,12,7.8,0,0,1,1,2,5,2,0,1,2,5,12,12,2,8,0,0,0,0,1,0,1,0,0,0,0,0
118,3,6,3,2,1,0,0,75,19,1,7,3.8,1,1,0,0,1,4,2,0,2,3,1,6,7,2,3,1,0,1,0,0,1,0,0,0,1,0,1
119,5,6,1,4,1,0,0,79,18,1,8,3.6,1,1,2,2,2,4,3,1,2,4,8,2,1,3,4,1,0,1,1,1,1,1,0,1,1,0,1
120,2,4,3,1,0,2,0,100,33,1,21,6.6,1,1,0,0,1,4,2,0,1,3,2,4,1,21,5,1,0,1,0,0,0,0,0,0,0,1,0
121,1,1,0,1,2,2,1,185,31,2,16,6.2,0,0,1,1,2,5,2,0,0,2,16,2,4,4,5,0,0,0,0,1,1,1,0,0,0,1,0
122,3,4,1,3,0,2,0,121,39,1,19,7.8,1,1,2,2,2,5,2,0,0,3,10,5,1,19,4,1,0,1,0,0,0,1,0,1,0,1,0
123,3,3,1,2,2,0,1,145,38,1,15,7.6,1,1,2,2,2,4,2,0,1,2,10,1,10,2,15,1,0,0,0,0,0,1,0,1,0,1,0
124,3,2,1,1,3,0,1,139,38,2,13,7.6,0,0,0,0,1,5,2,0,0,3,12,7,2,4,13,0,0,1,0,0,0,0,0,0,0,0,0
125,2,2,2,0,0,4,0,146,34,1,24,6.8,2,2,1,1,2,3,4,1,0,4,6,24,1,2,1,1,1,1,1,0,0,1,0,0,0,1,0
126,3,3,1,1,2,1,1,159,36,2,13,7.2,0,0,2,2,2,5,2,0,0,2,13,2,5,13,3,0,0,0,0,0,0,1,0,1,0,0,0
127,4,3,3,0,1,1,1,122,40,2,19,8,0,0,1,1,2,5,2,0,1,3,2,5,19,3,11,0,0,1,0,0,0,1,0,0,0,1,0
128,2,1,0,1,1,3,1,194,33,1,18,6.6,1,1,0,0,1,4,3,1,0,3,18,4,2,1,8,1,0,1,0,0,1,0,0,0,1,1,0
129,3,1,0,1,3,1,1,175,23,2,10,4.6,0,0,1,1,2,5,2,0,0,3,4,2,3,10,4,0,0,1,0,0,1,1,0,0,0,0,0
130,4,2,1,1,2,0,2,164,38,3,15,7.6,0,0,1,1,2,6,1,0,2,2,12,5,3,15,3,0,0,0,0,0,0,1,0,0,0,1,1
131,3,6,2,3,1,0,0,79,13,1,6,2.6,2,2,1,1,2,3,3,1,0,3,2,1,3,1,6,1,1,1,0,0,1,1,0,0,1,0,0
132,5,2,1,1,1,1,2,163,42,4,14,8.4,0,0,1,1,2,6,1,0,0,2,14,6,11,7,4,0,0,0,0,1,0,1,0,0,0,0,0
133,3,4,2,2,2,0,0,93,22,3,8,4.4,0,0,0,0,1,6,1,0,1,2,3,8,3,5,3,0,0,0,0,0,0,0,0,0,0,0,0
134,4,3,1,2,1,2,0,124,32,3,9,6.4,0,0,1,1,2,6,1,0,1,2,9,8,3,8,4,0,0,0,0,0,0,1,0,0,0,0,0
135,2,3,1,1,2,2,0,144,33,4,8,6.6,0,0,0,0,1,6,1,0,1,2,8,8,6,7,4,0,0,0,0,0,0,0,0,0,0,0,0
136,1,2,1,1,1,1,2,167,40,1,14,8,1,1,2,2,2,5,2,0,0,2,14,14,6,5,1,1,0,0,0,1,0,1,0,1,0,0,0
137,4,3,2,1,1,2,0,136,32,2,11,6.4,0,0,1,1,2,5,2,0,1,2,2,11,5,11,3,0,0,0,0,0,0,1,0,0,0,0,0
138,4,2,1,1,2,2,0,152,29,1,16,5.8,2,2,1,1,2,3,2,0,1,2,1,16,1,9,2,1,1,0,0,0,0,1,0,0,0,1,0
139,4,4,1,3,1,0,1,126,34,2,15,6.8,0,0,0,0,1,5,2,0,2,3,2,4,5,8,15,0,0,1,0,0,0,0,0,0,0,1,1
140,4,5,1,4,1,0,0,98,25,1,10,5,2,1,2,2,2,4,3,1,1,4,10,4,1,1,9,1,1,1,1,0,1,1,0,1,0,0,0
141,3,2,1,1,1,1,2,165,35,1,17,7,1,1,1,1,2,4,2,0,0,2,4,17,2,11,1,1,0,0,0,0,0,1,0,0,0,1,0
142,0,2,0,2,1,2,1,176,32,4,14,6.4,0,0,2,2,2,6,1,0,1,2,4,14,4,6,4,0,0,0,0,1,0,1,0,1,0,0,0
143,3,0,0,0,3,0,3,211,19,1,14,3.8,3,2,0,0,1,2,3,1,0,3,1,1,14,1,2,1,1,1,0,0,1,0,0,0,1,0,0
144,3,3,1,2,1,2,0,135,33,1,11,6.6,1,1,2,2,2,4,2,0,1,2,11,2,9,10,1,1,0,0,0,0,0,1,0,1,0,0,0
145,3,4,2,2,1,0,1,109,42,1,17,8.4,1,1,1,1,2,5,2,0,0,2,1,10,7,7,17,1,0,0,0,0,0,1,0,0,0,1,0
146,4,2,1,1,1,1,2,166,40,1,17,8,1,1,1,1,2,5,2,0,2,2,17,8,8,6,1,1,0,0,0,0,0,1,0,0,0,1,1
147,2,4,2,1,1,1,1,126,38,2,19,7.6,0,0,0,0,1,4,2,0,1,2,2,7,8,19,2,0,0,0,0,0,0,0,0,0,0,1,0
148,4,1,0,0,2,4,0,184,15,1,8,3,3,1,1,1,2,3,4,1,1,4,4,8,1,1,1,1,1,1,1,0,1,1,0,0,0,0,0
149,3,3,1,1,1,1,2,151,40,1,13,8,1,1,3,2,3,5,2,0,2,2,9,10,13,7,1,1,0,0,0,0,0,1,1,1,0,0,1
150,3,2,1,1,2,2,0,149,37,2,16,7.4,0,0,1,1,2,5,2,0,1,2,16,7,3,9,2,0,0,0,0,0,0,1,0,0,0,1,0
151,3,6,3,3,0,0,0,63,18,1,8,3.6,2,2,0,0,1,4,2,0,2,3,1,8,3,5,1,1,1,1,0,0,1,0,0,0,1,0,1
152,4,3,2,1,2,1,0,108,33,3,13,6.6,0,0,0,0,1,6,1,0,2,2,4,8,13,3,5,0,0,0,0,0,0,0,0,0,0,0,1
153,3,5,2,3,0,1,0,83,33,1,23,6.6,2,1,1,1,2,4,3,1,1,3,5,3,1,1,23,1,1,1,0,0,1,1,0,0,1,1,0
154,4,3,1,1,1,2,1,166,39,2,14,7.8,0,0,1,1,2,5,2,0,0,2,13,2,14,5,5,0,0,0,0,0,0,1,0,0,0,0,0
155,3,3,0,3,0,2,1,161,25,1,12,5,2,2,0,0,1,4,2,1,1,3,3,1,12,1,8,1,1,1,0,0,0,0,0,0,0,0,0
156,2,2,1,1,2,0,2,168,40,2,13,8,0,0,2,2,2,5,2,0,0,2,13,10,2,12,3,0,0,0,0,0,0,1,0,1,0,0,0
157,4,1,0,1,2,3,0,182,20,2,7,4,0,0,1,1,2,5,2,0,1,3,7,4,3,2,4,0,0,1,0,0,1,1,0,0,0,0,0
158,3,5,2,2,1,1,0,99,30,3,13,6,0,0,1,1,2,6,1,0,0,2,5,4,5,3,13,0,0,0,0,0,1,1,0,0,0,0,0
159,3,2,1,1,1,0,3,175,42,1,17,8.4,2,1,1,1,2,4,3,1,1,3,17,12,11,1,1,1,1,1,0,0,0,1,0,0,0,1,0
160,4,3,3,0,0,2,1,132,38,1,26,7.6,1,1,0,0,1,4,2,0,1,3,4,1,26,5,2,1,0,1,0,0,0,0,0,0,0,1,0
161,1,1,0,0,1,3,2,219,23,2,12,4.6,0,0,1,1,2,4,2,0,1,3,12,2,4,2,3,0,0,1,0,1,1,1,0,0,1,0,0
162,5,3,2,0,2,1,1,131,40,3,16,8,0,0,3,2,3,6,1,0,0,2,4,16,4,13,3,0,0,0,0,1,0,1,1,1,0,1,0
163,3,2,1,1,3,0,1,145,37,1,15,7.4,1,1,0,0,1,4,3,1,0,3,4,15,2,1,15,1,0,1,0,0,0,0,0,0,0,1,0
164,4,4,3,1,0,1,1,116,35,1,28,7,2,1,2,2,2,3,3,1,1,3,3,1,1,28,2,1,1,1,0,0,0,1,0,1,0,1,0
165,3,5,1,3,1,0,1,119,37,1,20,7.4,1,1,1,1,2,5,2,1,0,3,8,5,1,3,20,1,0,1,0,0,1,1,0,0,0,1,0
166,4,2,1,1,1,2,1,168,36,3,15,7.2,0,0,1,1,2,6,1,0,0,2,3,15,9,3,6,0,0,0,0,0,0,1,0,0,0,1,0
167,2,0,0,0,4,2,0,184,15,1,6,3,1,1,0,0,1,4,3,1,3,4,3,1,2,6,3,1,0,1,1,0,1,0,0,0,0,0,1
168,3,2,2,0,0,2,2,169,40,1,21,8,1,1,2,2,2,4,3,1,0,2,7,21,9,2,1,1,0,0,0,0,0,1,0,1,0,1,0
169,5,1,0,1,1,2,2,203,29,2,11,5.8,0,0,2,2,2,4,2,0,1,2,11,8,2,6,2,0,0,0,0,1,1,1,0,1,1,0,0
170,4,4,1,3,0,1,1,114,40,2,16,8,0,0,2,2,2,4,3,1,0,3,9,2,2,16,11,0,0,1,0,0,0,1,0,1,0,1,0
171,3,2,1,1,2,2,0,143,31,1,12,6.2,1,1,2,2,2,5,2,0,0,2,12,9,4,5,1,1,0,0,0,0,0,1,0,1,0,0,0
172,3,3,1,1,3,0,1,135,37,2,15,7.4,0,0,2,2,2,4,2,0,1,3,15,2,3,2,15,0,0,1,0,0,0,1,0,1,0,1,0
173,3,2,2,0,2,2,0,133,31,1,15,6.2,1,1,2,2,2,5,2,1,1,2,6,15,6,3,1,1,0,0,0,0,0,1,0,1,0,1,0
174,3,4,0,3,1,2,0,141,26,1,13,5.2,1,1,0,0,1,5,2,0,0,3,1,4,4,13,4,1,0,1,0,0,0,0,0,0,0,0,0
175,3,1,0,1,2,3,0,173,17,2,7,3.4,0,0,1,1,2,4,2,0,0,3,7,2,3,2,3,0,0,1,0,0,1,1,0,0,0,0,0
176,2,2,1,1,1,3,0,150,30,1,13,6,2,1,1,1,2,3,4,1,1,3,13,13,2,1,1,1,1,1,0,0,0,1,0,0,0,0,0
177,4,4,2,2,0,1,1,120,42,3,21,8.4,0,0,1,1,2,6,1,0,0,2,9,3,3,21,6,0,0,0,0,0,0,1,0,0,0,1,0
178,4,5,2,3,1,0,0,70,22,1,6,4.4,1,1,1,1,2,5,2,0,1,3,4,6,1,6,5,1,0,1,0,0,1,1,0,0,1,0,0
179,6,3,2,1,1,1,1,138,38,4,14,7.6,0,0,2,2,2,6,1,0,1,2,4,8,8,14,4,0,0,0,0,1,0,1,0,1,0,0,0
180,3,4,1,2,2,1,0,121,32,1,13,6.4,1,1,0,0,1,5,2,0,0,2,13,5,1,8,5,1,0,0,0,0,0,0,0,0,0,0,0
181,3,2,0,1,2,2,1,175,31,2,9,6.2,0,0,0,0,1,5,2,0,1,2,7,2,9,8,5,0,0,0,0,0,0,0,0,0,0,0,0
182,4,2,0,2,2,2,0,158,27,2,12,5.4,0,0,0,0,1,4,2,0,1,2,2,12,2,5,6,0,0,0,0,0,0,0,0,0,0,0,0
183,0,2,1,1,1,2,1,160,40,2,16,8,0,0,2,2,2,5,2,0,2,2,16,6,10,6,2,0,0,0,0,1,0,1,0,1,0,1,1
184,2,5,3,2,0,1,0,78,32,1,13,6.4,1,1,1,1,2,5,2,0,1,3,1,4,10,4,13,1,0,1,0,0,1,1,0,0,1,0,0
185,2,5,4,1,0,1,0,72,37,1,19,7.4,1,1,1,1,2,4,3,1,2,4,1,2,4,11,19,1,0,1,1,0,1,1,0,0,1,1,1
186,3,5,2,2,1,0,1,113,41,2,24,8.2,0,0,1,1,2,5,2,0,2,2,6,4,5,2,24,0,0,0,0,0,1,1,0,0,0,1,1
187,2,4,3,1,1,1,0,96,37,1,11,7.4,1,1,2,1,3,5,2,0,0,3,1,6,10,11,9,1,0,1,0,0,0,1,1,0,0,0,0
188,3,1,0,1,3,2,0,165,15,1,5,3,1,1,1,1,2,5,2,1,0,3,5,3,3,1,3,1,0,1,0,0,1,1,0,0,0,0,0
189,3,2,1,1,0,3,1,171,37,2,18,7.4,0,0,1,1,2,5,2,0,0,3,6,18,3,2,8,0,0,1,0,0,0,1,0,0,0,1,0
190,1,3,1,2,1,1,1,145,36,1,13,7.2,1,1,2,2,2,5,2,0,2,2,6,4,12,1,13,1,0,0,0,1,0,1,0,1,0,0,1
191,3,2,2,0,2,2,0,129,32,1,18,6.4,2,2,1,1,2,4,2,0,0,2,1,18,1,7,5,1,1,0,0,0,0,1,0,0,0,1,0
192,3,4,2,2,0,1,1,123,41,3,19,8.2,0,0,1,1,2,6,1,0,1,2,4,3,7,19,8,0,0,0,0,0,0,1,0,0,0,1,0
193,1,3,1,2,1,2,0,139,33,3,10,6.6,0,0,2,1,3,6,1,0,1,2,8,4,8,10,3,0,0,0,0,1,0,1,1,0,0,0,0
194,3,2,0,2,2,1,1,167,29,3,13,5.8,0,0,0,0,1,6,1,0,2,2,5,3,3,13,5,0,0,0,0,0,0,0,0,0,0,0,1
195,3,4,2,1,1,2,0,133,33,3,13,6.6,0,0,1,1,2,6,1,0,0,2,3,9,3,13,5,0,0,0,0,0,0,1,0,0,0,0,0
196,4,0,0,0,0,3,3,238,10,1,4,2,3,2,1,1,2,3,3,1,1,3,1,1,4,3,1,1,1,1,0,0,1,1,0,0,1,0,0
197,2,3,1,2,0,1,2,156,38,3,18,7.6,0,0,1,1,2,6,1,0,1,2,5,4,18,8,3,0,0,0,0,0,0,1,0,0,0,1,0
198,4,3,0,3,1,0,2,162,33,1,16,6.6,1,1,1,1,2,5,2,0,2,3,7,1,5,16,4,1,0,1,0,0,0,1,0,0,0,1,1
199,2,3,0,1,4,1,0,148,22,1,7,4.4,1,1,0,0,1,5,2,1,1,4,7,1,3,5,6,1,0,1,1,0,0,0,0,0,0,0,0
200,3,6,2,4,0,0,0,75,15,1,7,3,2,2,0,0,1,4,2,1,1,4,1,7,1,3,3,1,1,1,1,0,1,0,0,0,1,0,0
201,3,2,1,1,1,2,1,159,41,1,14,8.2,1,1,1,1,2,5,2,0,0,2,8,13,14,1,5,1,0,0,0,0,0,1,0,0,0,0,0
202,3,2,0,2,1,2,1,169,32,2,13,6.4,0,0,1,1,2,5,2,0,2,2,2,13,6,6,5,0,0,0,0,0,0,1,0,0,0,0,1
203,3,3,2,1,2,1,0,101,31,2,13,6.2,0,0,1,1,2,4,2,0,0,2,2,8,13,6,2,0,0,0,0,0,0,1,0,0,0,0,0
204,3,3,1,2,0,2,1,149,42,2,21,8.4,0,0,1,1,2,5,2,0,1,2,9,2,21,5,5,0,0,0,0,0,0,1,0,0,0,1,0
205,6,3,2,0,2,2,0,126,36,2,18,7.2,0,0,1,1,2,4,2,0,2,2,2,18,8,6,2,0,0,0,0,1,0,1,0,0,0,1,1
206,4,5,3,2,1,0,0,66,24,1,12,4.8,2,1,1,1,2,4,3,1,2,3,1,1,12,5,5,1,1,1,0,0,1,1,0,0,1,0,1
207,4,3,1,2,0,3,0,128,34,1,17,6.8,1,1,1,1,2,5,2,0,1,3,8,3,17,1,5,1,0,1,0,0,0,1,0,0,0,1,0
208,2,1,0,1,1,3,1,188,30,3,11,6,0,0,2,1,3,6,1,0,2,3,11,6,3,6,4,0,0,1,0,0,1,1,1,0,1,0,1
209,2,4,2,2,1,1,0,104,31,2,11,6.2,0,0,0,0,1,5,2,0,0,2,5,11,2,4,9,0,0,0,0,0,0,0,0,0,0,0,0
210,4,3,1,1,3,1,0,136,27,1,12,5.4,1,1,0,0,1,4,3,1,0,3,9,3,1,2,12,1,0,1,0,0,0,0,0,0,0,0,0
211,4,4,0,4,0,1,1,136,29,1,13,5.8,1,1,1,1,2,5,2,0,0,4,1,4,3,13,8,1,0,1,1,0,0,1,0,0,0,0,0
212,3,4,0,3,1,2,0,131,27,1,10,5.4,1,1,3,2,3,5,2,0,1,3,1,6,3,10,7,1,0,1,0,0,0,1,1,1,0,0,0
213,2,5,4,1,1,0,0,58,22,1,15,4.4,3,1,1,1,2,3,4,1,0,4,1,1,1,15,4,1,1,1,1,0,1,1,0,0,1,1,0
214,4,3,2,1,2,1,0,122,32,2,13,6.4,0,0,2,2,2,5,2,0,2,2,2,13,5,3,9,0,0,0,0,0,0,1,0,1,0,0,1
215,4,4,3,1,0,0,2,114,42,1,28,8.4,2,2,1,1,2,4,2,0,1,3,1,4,8,28,1,1,1,1,0,0,0,1,0,0,0,1,0
216,3,3,1,2,0,3,0,149,33,1,16,6.6,1,1,2,2,2,5,2,0,1,3,9,1,16,3,4,1,0,1,0,0,0,1,0,1,0,1,0
217,4,2,0,2,1,3,0,170,23,2,7,4.6,0,0,0,0,1,5,2,0,2,3,4,7,6,2,4,0,0,1,0,0,0,0,0,0,0,0,1
218,2,4,2,2,1,0,1,114,43,4,15,8.6,0,0,2,2,2,6,1,0,0,2,7,6,4,11,15,0,0,0,0,0,0,1,0,1,0,1,0
219,3,3,1,2,1,2,0,133,33,2,9,6.6,0,0,0,0,1,5,2,0,0,2,7,9,6,9,2,0,0,0,0,0,0,0,0,0,0,0,0
220,5,4,1,2,1,1,1,133,38,2,13,7.6,0,0,1,1,2,5,2,0,1,2,6,8,2,13,9,0,0,0,0,1,0,1,0,0,0,0,0
221,3,2,1,1,0,4,0,167,38,2,18,7.6,0,0,1,1,2,4,3,1,0,4,18,13,2,2,3,0,0,1,1,0,0,1,0,0,0,1,0
222,5,2,2,0,2,1,1,151,38,1,21,7.6,1,1,1,1,2,4,2,0,0,2,2,21,1,10,4,1,0,0,0,1,0,1,0,0,0,1,0
223,3,4,2,2,2,0,0,95,26,1,15,5.2,1,1,0,0,1,3,2,0,0,2,2,15,2,6,1,1,0,0,0,0,0,0,0,0,0,1,0
224,2,2,1,1,3,0,1,148,38,1,15,7.6,1,1,0,0,1,5,2,1,2,3,15,7,1,3,12,1,0,1,0,0,0,0,0,0,0,1,1
225,5,4,1,3,0,2,0,115,31,2,12,6.2,0,0,1,1,2,5,2,0,1,3,6,2,6,12,5,0,0,1,0,1,0,1,0,0,0,0,0
226,1,6,3,1,2,0,0,73,20,1,7,4,1,1,1,1,2,4,2,0,0,3,4,2,6,7,1,1,0,1,0,1,1,1,0,0,1,0,0
227,2,5,2,2,1,0,1,104,38,1,20,7.6,2,2,2,2,2,4,2,0,1,2,1,10,1,6,20,1,1,0,0,0,1,1,0,1,0,1,0
228,4,1,0,1,1,3,1,196,27,1,10,5.4,1,1,1,1,2,5,2,1,0,3,8,10,1,3,5,1,0,1,0,0,1,1,0,0,1,0,0
229,4,4,3,1,1,1,0,90,34,1,15,6.8,1,1,0,0,1,4,2,0,0,3,1,4,2,12,15,1,0,1,0,0,0,0,0,0,1,1,0
230,4,3,1,2,1,2,0,124,28,1,15,5.6,1,1,0,0,1,5,2,1,2,2,6,3,15,3,1,1,0,0,0,0,0,0,0,0,0,1,1
231,4,3,2,1,0,1,2,154,40,1,13,8,1,1,1,1,2,5,2,0,1,2,5,9,12,13,1,1,0,0,0,0,0,1,0,0,0,0,0
232,1,4,3,1,1,0,1,107,36,1,20,7.2,2,1,1,1,2,3,4,1,2,3,1,1,2,12,20,1,1,1,0,1,0,1,0,0,0,1,1
233,2,4,2,2,1,1,0,108,36,2,12,7.2,0,0,0,0,1,5,2,0,0,2,2,7,4,11,12,0,0,0,0,0,0,0,0,0,0,0,0
234,3,3,0,1,4,1,0,143,24,1,11,4.8,1,1,0,0,1,3,4,1,1,4,8,1,2,2,11,1,0,1,1,0,0,0,0,0,0,0,0
235,4,2,0,0,4,2,0,164,16,1,6,3.2,2,2,2,2,2,4,2,0,4,4,1,4,1,4,6,1,1,1,1,0,0,1,0,1,0,0,1
236,4,4,3,1,0,2,0,102,38,2,24,7.6,0,0,0,0,1,5,2,0,1,3,3,4,5,24,2,0,0,1,0,0,0,0,0,0,0,1,0
237,4,4,1,2,2,0,1,118,43,3,20,8.6,0,0,3,2,3,6,1,0,1,2,10,6,4,3,20,0,0,0,0,0,0,1,1,1,0,1,0
238,2,3,2,1,1,2,0,114,32,2,13,6.4,0,0,1,1,2,5,2,0,0,2,2,11,13,3,3,0,0,0,0,0,0,1,0,0,0,0,0
239,4,2,0,2,1,1,2,174,33,2,15,6.6,0,0,2,2,2,5,2,0,1,2,4,9,15,2,3,0,0,0,0,0,0,1,0,1,0,1,0
240,2,3,2,1,0,1,2,156,37,1,24,7.4,1,1,2,2,2,4,3,1,1,2,4,6,24,1,2,1,0,0,0,0,0,1,0,1,0,1,0
241,2,2,1,1,3,1,0,132,33,1,14,6.6,1,1,0,0,1,5,2,1,1,3,14,8,3,1,7,1,0,1,0,0,0,0,0,0,0,0,0
242,2,4,1,2,1,2,0,130,30,1,15,6,2,1,1,1,2,3,3,1,0,2,15,1,1,11,2,1,1,0,0,0,0,1,0,0,0,1,0
243,2,4,1,3,1,0,1,120,40,2,14,8,0,0,2,1,3,5,2,0,1,3,10,5,2,9,14,0,0,1,0,0,0,1,1,0,0,0,0
244,3,2,0,2,1,3,0,165,25,1,11,5,2,1,1,1,2,4,3,1,0,3,3,9,11,1,1,1,1,1,0,0,0,1,0,0,0,0,0
245,4,2,1,1,1,3,0,148,29,1,16,5.8,1,1,1,1,2,4,2,0,1,3,2,16,4,1,6,1,0,1,0,0,0,1,0,0,0,1,0
246,4,3,0,2,3,1,0,140,26,2,13,5.2,0,0,1,1,2,5,2,0,0,3,5,3,2,3,13,0,0,1,0,0,0,1,0,0,0,0,0
247,2,2,0,2,1,3,0,170,28,1,13,5.6,1,1,0,0,1,5,2,1,1,3,3,13,8,3,1,1,0,1,0,0,0,0,0,0,0,0,0
248,4,3,2,1,1,1,1,134,42,5,15,8.4,0,0,2,2,2,6,1,0,0,2,5,9,6,15,7,0,0,0,0,0,0,1,0,1,0,1,0
249,4,2,2,0,1,1,2,154,41,3,19,8.2,0,0,1,1,2,6,1,0,2,2,5,19,4,10,3,0,0,0,0,0,0,1,0,0,0,1,1
250,5,1,0,1,2,1,2,197,26,2,7,5.2,0,0,1,1,2,5,2,0,0,2,4,7,7,6,2,0,0,0,0,1,1,1,0,0,1,0,0
251,3,3,2,1,2,1,0,123,32,1,12,6.4,1,1,1,1,2,5,2,0,1,2,1,12,6,3,10,1,0,0,0,0,0,1,0,0,0,0,0
252,4,1,0,1,2,2,1,178,31,3,9,6.2,0,0,0,0,1,6,1,0,0,2,9,3,5,8,6,0,0,0,0,0,1,0,0,0,0,0,0
253,3,2,1,1,1,3,0,153,28,2,11,5.6,0,0,0,0,1,5,2,0,1,3,11,6,6,3,2,0,0,1,0,0,0,0,0,0,0,0,0
254,3,4,2,2,2,0,0,99,29,1,14,5.8,1,1,1,1,2,5,2,0,1,2,4,14,1,4,6,1,0,0,0,0,0,1,0,0,0,0,0
255,3,3,3,0,2,0,1,105,41,1,18,8.2,1,1,0,0,1,5,2,0,3,3,4,1,18,3,15,1,0,1,0,0,0,0,0,0,0,1,1
256,4,4,1,2,2,0,1,116,39,2,20,7.8,0,0,3,3,2,5,2,0,0,2,7,3,7,2,20,0,0,0,0,0,0,1,0,1,0,1,0
257,4,2,1,1,1,3,0,146,31,1,14,6.2,1,1,1,1,2,5,2,0,0,3,7,14,4,1,5,1,0,1,0,0,0,1,0,0,0,0,0
258,2,1,0,1,2,3,0,180,26,1,13,5.2,1,1,1,1,2,4,2,1,2,3,13,3,1,7,2,1,0,1,0,0,1,1,0,0,0,0,1
259,3,3,2,1,0,1,2,145,41,1,21,8.2,1,1,3,2,3,5,2,0,1,2,1,9,21,7,3,1,0,0,0,0,0,1,1,1,0,1,0
260,3,3,1,2,1,2,0,135,33,3,13,6.6,0,0,1,1,2,6,1,0,0,2,5,3,9,13,3,0,0,0,0,0,0,1,0,0,0,0,0
261,3,4,1,3,0,1,1,125,37,2,13,7.4,0,0,2,2,2,5,2,0,0,3,5,5,2,13,12,0,0,1,0,0,0,1,0,1,0,0,0
262,4,2,1,1,3,1,0,130,22,1,12,4.4,1,1,1,1,2,4,2,0,1,3,3,12,1,4,2,1,0,1,0,0,0,1,0,0,0,0,0
263,3,1,1,0,2,3,0,165,39,1,26,7.8,1,1,1,1,2,5,2,0,0,3,26,1,4,5,3,1,0,1,0,0,1,1,0,0,0,1,0
264,3,2,1,1,1,1,2,173,35,3,11,7,0,0,1,1,2,6,1,0,1,2,7,11,9,5,3,0,0,0,0,0,0,1,0,0,0,0,0
265,4,2,2,0,0,4,0,162,34,1,25,6.8,2,1,1,1,2,4,3,1,1,4,4,25,3,1,1,1,1,1,1,0,0,1,0,0,0,1,0
266,3,5,3,1,1,0,1,91,39,1,20,7.8,1,1,1,1,2,4,2,0,1,3,1,5,2,11,20,1,0,1,0,0,1,1,0,0,0,1,0
267,2,2,2,0,1,2,1,150,34,1,16,6.8,1,1,1,1,2,4,2,0,0,2,1,16,10,2,5,1,0,0,0,0,0,1,0,0,0,1,0
268,3,3,2,1,1,1,1,133,42,5,13,8.4,0,0,0,0,1,6,1,0,1,2,7,9,5,8,13,0,0,0,0,0,0,0,0,0,0,0,0
269,2,3,1,2,0,1,2,164,38,1,16,7.6,1,1,0,0,1,4,2,0,0,2,13,2,16,6,1,1,0,0,0,0,0,0,0,0,0,1,0
270,3,5,2,2,2,0,0,93,21,1,8,4.2,1,1,0,0,1,5,2,0,2,2,4,3,8,1,5,1,0,0,0,0,1,0,0,0,0,0,1
271,4,3,3,0,2,1,0,116,37,1,18,7.4,1,1,1,1,2,4,2,0,1,3,5,1,18,2,11,1,0,1,0,0,0,1,0,0,0,1,0
272,5,3,2,1,1,1,1,137,36,2,15,7.2,0,0,2,2,2,5,2,0,2,2,2,3,15,12,4,0,0,0,0,1,0,1,0,1,0,1,1
273,2,2,2,0,1,2,1,142,43,3,16,8.6,0,0,3,2,3,6,1,0,0,2,7,16,7,3,10,0,0,0,0,0,0,1,1,1,0,1,0
274,4,3,0,3,1,2,0,142,26,1,11,5.2,2,1,1,1,2,4,3,1,0,3,1,1,11,9,4,1,1,1,0,0,0,1,0,0,0,0,0
275,2,3,0,3,0,3,0,166,26,1,15,5.2,1,1,1,1,2,4,2,0,2,3,5,1,15,3,2,1,0,1,0,0,0,1,0,0,0,1,1
276,5,3,1,1,1,2,1,153,37,2,12,7.4,0,0,1,1,2,5,2,0,0,2,11,6,12,6,2,0,0,0,0,1,0,1,0,0,0,0,0
277,4,4,1,3,2,0,0,104,19,1,10,3.8,1,1,1,1,2,3,4,1,1,3,2,1,2,10,4,1,0,1,0,0,0,1,0,0,0,0,0
278,6,2,1,1,0,2,2,174,40,2,26,8,0,0,2,2,2,3,4,1,0,2,8,26,2,2,2,0,0,0,0,1,0,1,0,1,0,1,0
279,3,2,1,1,0,4,0,165,31,1,15,6.2,2,1,2,2,2,4,3,1,1,4,9,15,5,1,1,1,1,1,1,0,0,1,0,1,0,1,0
280,3,2,1,1,2,2,0,141,27,1,12,5.4,3,3,0,0,1,3,2,0,2,2,1,12,1,12,1,1,1,0,0,0,0,0,0,0,0,0,1
281,3,5,4,1,0,0,1,69,40,1,27,8,1,1,2,2,2,3,4,1,0,4,2,1,2,8,27,1,0,1,1,0,1,1,0,1,1,1,0
282,2,4,3,1,0,2,0,98,30,1,13,6,1,1,1,1,2,5,2,0,0,3,3,5,8,13,1,1,0,1,0,0,0,1,0,0,0,0,0
283,2,3,2,1,0,2,1,146,39,2,13,7.8,0,0,2,1,3,5,2,0,2,2,2,10,13,7,7,0,0,0,0,0,0,1,1,0,0,0,1
284,3,3,2,1,2,0,1,123,43,5,15,8.6,0,0,1,1,2,6,1,0,1,2,5,8,9,6,15,0,0,0,0,0,0,1,0,0,0,1,0
285,5,1,0,1,0,3,2,209,32,1,20,6.4,1,1,1,1,2,5,2,1,1,3,20,4,3,1,4,1,0,1,0,1,1,1,0,0,1,1,0
286,3,3,1,2,0,1,2,161,43,2,21,8.6,0,0,0,0,1,4,3,1,1,2,14,4,21,2,2,0,0,0,0,0,0,0,0,0,0,1,0
287,3,2,1,1,2,2,0,141,31,2,12,6.2,0,0,1,1,2,5,2,0,0,2,6,12,3,8,2,0,0,0,0,0,0,1,0,0,0,0,0
288,4,3,1,2,1,1,1,134,40,5,11,8,0,0,1,1,2,6,1,0,2,2,11,5,11,7,6,0,0,0,0,0,0,1,0,0,0,0,1
289,3,2,1,1,0,3,1,167,39,1,19,7.8,1,1,1,1,2,5,2,0,0,3,11,19,4,1,4,1,0,1,0,0,0,1,0,0,0,1,0
290,3,3,1,2,0,2,1,155,37,5,14,7.4,0,0,1,1,2,6,1,0,0,2,5,5,14,7,6,0,0,0,0,0,0,1,0,0,0,0,0
291,2,5,3,2,0,0,1,98,39,1,22,7.8,1,1,1,1,2,4,2,0,2,3,4,1,10,2,22,1,0,1,0,0,1,1,0,0,0,1,1
292,3,2,0,2,0,4,0,165,17,1,13,3.4,4,2,0,0,1,2,4,1,1,4,1,13,1,1,1,1,1,1,1,0,0,0,0,0,0,0,0
293,6,4,2,1,2,1,0,110,32,4,8,6.4,0,0,2,2,2,6,1,0,2,2,8,8,4,8,4,0,0,0,0,1,0,1,0,1,0,0,1
294,2,3,2,1,1,2,0,138,32,1,13,6.4,1,1,2,2,2,5,2,0,1,2,4,7,13,7,1,1,0,0,0,0,0,1,0,1,0,0,0
295,1,5,2,3,0,1,0,89,37,2,20,7.4,0,0,1,1,2,5,2,0,1,3,3,8,4,2,20,0,0,1,0,1,1,1,0,0,1,1,0
296,4,3,2,1,2,0,1,128,42,3,15,8.4,0,0,1,1,2,6,1,0,0,2,5,7,12,3,15,0,0,0,0,0,0,1,0,0,0,1,0
297,2,4,1,3,1,1,0,116,26,1,8,5.2,1,1,0,0,1,5,2,0,0,3,5,8,1,8,4,1,0,1,0,0,0,0,0,0,0,0,0
298,5,2,2,0,2,2,0,147,35,2,18,7,0,0,2,2,2,5,2,0,0,2,4,18,2,8,3,0,0,0,0,1,0,1,0,1,0,1,0
299,4,3,2,1,1,1,1,130,44,2,17,8.8,0,0,1,1,2,5,2,0,0,2,2,17,5,11,9,0,0,0,0,0,0,1,0,0,0,1,0
300,2,4,3,1,1,1,0,102,31,1,14,6.2,1,1,0,0,1,3,4,1,0,3,2,1,2,14,12,1,0,1,0,0,0,0,0,0,0,0,0
301,6,3,1,2,0,2,1,144,36,2,20,7.2,0,0,3,2,3,5,2,0,1,2,4,2,20,4,6,0,0,0,0,1,0,1,1,1,0,1,0
302,2,3,0,3,0,2,1,164,29,1,12,5.8,1,1,1,1,2,5,2,0,1,3,6,1,12,6,4,1,0,1,0,0,0,1,0,0,0,0,0
303,2,3,1,2,1,1,1,146,43,3,13,8.6,0,0,0,0,1,6,1,0,1,2,12,3,13,8,7,0,0,0,0,0,0,0,0,0,0,0,0
304,2,3,2,1,1,1,1,130,37,6,10,7.4,0,0,1,1,2,6,1,0,0,2,6,6,10,7,8,0,0,0,0,0,0,1,0,0,0,0,0
305,4,4,2,1,2,1,0,116,32,1,16,6.4,1,1,1,1,2,4,2,0,0,2,1,10,3,2,16,1,0,0,0,0,0,1,0,0,0,1,0
306,2,2,1,1,2,1,1,150,37,4,14,7.4,0,0,1,1,2,6,1,0,2,2,14,5,7,4,7,0,0,0,0,0,0,1,0,0,0,0,1
307,6,3,1,1,3,0,1,134,40,2,20,8,0,0,3,1,4,4,3,1,1,3,10,6,2,2,20,0,0,1,0,1,0,1,1,0,0,1,0
308,5,4,0,4,0,1,1,147,31,1,18,6.2,1,1,2,2,2,3,4,1,2,4,1,2,2,18,8,1,0,1,1,1,0,1,0,1,0,1,1
309,3,5,3,2,0,1,0,73,35,1,18,7,1,1,1,1,2,5,2,1,0,3,1,3,6,7,18,1,0,1,0,0,1,1,0,0,1,1,0
310,4,3,2,1,1,1,1,128,40,4,14,8,0,0,1,1,2,6,1,0,2,2,4,14,9,6,7,0,0,0,0,0,0,1,0,0,0,0,1
311,1,2,1,1,3,1,0,127,28,1,12,5.6,1,1,2,2,2,5,2,1,1,3,8,12,3,1,4,1,0,1,0,1,0,1,0,1,0,0,0
312,2,6,4,2,0,0,0,48,18,1,8,3.6,2,2,1,1,2,3,4,1,1,4,1,2,1,6,8,1,1,1,1,0,1,1,0,0,1,0,0
313,5,2,1,1,0,2,2,183,36,1,17,7.2,1,1,1,1,2,4,2,0,0,2,8,17,1,8,2,1,0,0,0,1,0,1,0,0,0,1,0
314,4,3,0,3,0,2,1,164,26,2,15,5.2,0,0,0,0,1,4,3,1,2,3,2,2,15,4,3,0,0,1,0,0,0,0,0,0,0,1,1
315,6,2,1,1,0,2,2,170,44,2,20,8.8,0,0,3,2,3,4,2,0,0,2,12,20,2,8,2,0,0,0,0,1,0,1,1,1,0,1,0
316,5,3,1,1,2,2,0,139,29,1,10,5.8,1,1,2,1,3,5,2,0,0,2,1,10,6,4,8,1,0,0,0,1,0,1,1,0,0,0,0
317,3,4,2,1,1,2,0,121,36,1,14,7.2,1,1,0,0,1,5,2,0,3,2,7,1,11,14,3,1,0,0,0,0,0,0,0,0,0,0,1
318,3,4,1,3,0,1,1,137,43,1,15,8.6,1,1,0,0,1,4,3,1,0,3,15,2,1,14,11,1,0,1,0,0,0,0,0,0,0,1,0
319,2,3,2,0,2,1,1,138,37,3,14,7.4,0,0,2,2,2,6,1,0,0,2,3,14,6,5,9,0,0,0,0,0,0,1,0,1,0,0,0
320,5,2,0,2,2,0,2,169,29,2,16,5.8,0,0,1,1,2,5,2,0,0,2,3,4,2,16,4,0,0,0,0,1,0,1,0,0,0,1,0
321,2,4,0,3,2,1,0,130,22,1,9,4.4,1,1,0,0,1,4,3,1,1,3,6,2,1,4,9,1,0,1,0,0,0,0,0,0,0,0,0
322,3,2,1,1,1,2,1,169,34,3,11,6.8,0,0,2,2,2,6,1,0,1,2,9,11,3,6,5,0,0,0,0,0,0,1,0,1,0,0,0
323,1,3,1,2,0,2,1,149,32,1,17,6.4,1,1,1,1,2,5,2,0,1,2,4,1,17,4,6,1,0,0,0,1,0,1,0,0,0,1,0
324,3,3,2,0,2,2,0,121,34,2,17,6.8,0,0,0,0,1,5,2,0,1,2,2,17,4,8,3,0,0,0,0,0,0,0,0,0,0,1,0
325,3,3,1,2,0,1,2,165,38,1,12,7.6,1,1,1,1,2,5,2,0,0,2,10,3,12,12,1,1,0,0,0,0,0,1,0,0,0,0,0
326,4,1,0,1,2,3,0,172,23,2,8,4.6,0,0,2,2,2,5,2,0,0,3,7,2,8,3,3,0,0,1,0,0,1,1,0,1,0,0,0
327,2,4,1,3,0,1,1,124,38,1,15,7.6,1,1,1,1,2,5,2,0,0,3,6,1,4,15,12,1,0,1,0,0,0,1,0,0,0,1,0
328,3,5,3,2,1,0,0,77,27,1,11,5.4,1,1,1,1,2,5,2,0,2,3,5,3,7,1,11,1,0,1,0,0,1,1,0,0,1,0,1
329,4,3,1,2,1,1,1,152,33,2,11,6.6,0,0,1,1,2,5,2,0,2,2,8,2,11,5,7,0,0,0,0,0,0,1,0,0,0,0,1
330,3,6,2,4,0,0,0,79,17,1,12,3.4,3,3,0,0,1,2,4,1,2,4,1,12,1,2,1,1,1,1,1,0,1,0,0,0,1,0,1
331,2,3,2,1,1,1,1,128,40,5,13,8,0,0,2,1,3,6,1,0,1,2,5,5,12,5,13,0,0,0,0,0,0,1,1,0,0,0,0
332,2,2,0,2,0,2,2,190,29,1,17,5.8,1,1,1,1,2,4,2,0,0,2,1,17,2,6,3,1,0,0,0,0,0,1,0,0,1,1,0
333,4,2,1,1,2,1,1,158,38,3,13,7.6,0,0,0,0,1,6,1,0,0,2,9,13,3,9,4,0,0,0,0,0,0,0,0,0,0,0,0
334,6,3,0,2,2,1,1,160,30,2,10,6,0,0,2,2,2,5,2,0,2,2,2,6,8,10,4,0,0,0,0,1,0,1,0,1,0,0,1
335,4,3,2,1,2,0,1,124,40,3,19,8,0,0,2,2,2,6,1,0,0,2,4,7,7,3,19,0,0,0,0,0,0,1,0,1,0,1,0
336,3,3,2,1,0,2,1,141,41,1,15,8.2,1,1,2,2,2,4,2,0,1,2,2,15,14,1,9,1,0,0,0,0,0,1,0,1,0,1,0
337,3,4,2,2,0,2,0,107,36,4,14,7.2,0,0,0,0,1,6,1,0,1,2,4,9,4,14,5,0,0,0,0,0,0,0,0,0,0,0,0
338,2,2,1,1,0,2,2,174,43,3,21,8.6,0,0,1,1,2,6,1,0,0,2,11,21,4,4,3,0,0,0,0,0,0,1,0,0,0,1,0
339,2,4,2,1,2,1,0,116,31,2,9,6.2,0,0,0,0,1,5,2,0,0,2,2,6,7,9,7,0,0,0,0,0,0,0,0,0,0,0,0
340,1,1,0,1,3,2,0,169,20,2,6,4,0,0,2,2,2,5,2,0,0,3,6,2,3,5,4,0,0,1,0,1,1,1,0,1,0,0,0
341,4,3,2,1,0,2,1,144,42,4,15,8.4,0,0,1,1,2,6,1,0,1,2,7,11,15,5,4,0,0,0,0,0,0,1,0,0,0,1,0
342,4,3,1,2,0,2,1,138,42,1,19,8.4,2,2,3,2,3,4,2,0,3,2,12,1,19,1,9,1,1,0,0,0,0,1,1,1,0,1,1
343,5,3,2,1,1,1,1,131,42,2,12,8.4,0,0,1,1,2,5,2,0,2,2,9,7,12,2,12,0,0,0,0,1,0,1,0,0,0,0,1
344,3,3,2,1,1,1,1,125,44,1,13,8.8,1,1,1,1,2,5,2,0,1,2,1,13,13,6,11,1,0,0,0,0,0,1,0,0,0,0,0
345,4,2,0,2,2,1,1,168,27,3,10,5.4,0,0,1,1,2,6,1,0,1,2,5,3,6,10,3,0,0,0,0,0,0,1,0,0,0,0,0
346,3,4,1,2,1,0,2,143,40,1,22,8,2,2,2,2,2,4,2,0,0,2,8,1,8,22,1,1,1,0,0,0,0,1,0,1,0,1,0
347,3,3,2,1,1,1,1,125,39,5,14,7.8,0,0,2,2,2,6,1,0,1,2,5,5,14,5,10,0,0,0,0,0,0,1,0,1,0,0,0
348,3,4,1,3,1,1,0,109,28,3,11,5.6,0,0,1,1,2,6,1,0,1,3,11,3,3,4,7,0,0,1,0,0,0,1,0,0,0,0,0
349,3,4,1,3,2,0,0,101,20,1,8,4,2,2,2,2,2,4,2,0,3,3,8,1,6,4,1,1,1,1,0,0,0,1,0,1,0,0,1
350,3,3,2,1,2,1,0,113,32,4,10,6.4,0,0,1,1,2,6,1,0,1,2,7,10,6,5,4,0,0,0,0,0,0,1,0,0,0,0,0
351,4,1,1,0,3,2,0,156,31,2,20,6.2,0,0,1,1,2,3,3,1,1,3,20,2,2,5,2,0,0,1,0,0,1,1,0,0,0,1,0
352,3,4,1,3,1,0,1,125,36,1,15,7.2,1,1,1,1,2,5,2,1,1,3,11,1,3,6,15,1,0,1,0,0,0,1,0,0,0,1,0
353,3,4,0,3,2,1,0,133,25,3,7,5,0,0,2,2,2,6,1,0,1,3,5,3,3,7,7,0,0,1,0,0,0,1,0,1,0,0,0
354,3,2,0,2,0,1,3,201,31,1,17,6.2,2,1,1,1,2,4,3,1,2,3,5,17,7,1,1,1,1,1,0,0,0,1,0,0,1,1,1
355,3,2,2,0,2,1,1,151,39,1,21,7.8,1,1,1,1,2,5,2,0,1,2,3,21,1,5,9,1,0,0,0,0,0,1,0,0,0,1,0
356,3,3,2,1,2,0,1,123,43,4,16,8.6,0,0,1,1,2,6,1,0,2,2,6,6,11,4,16,0,0,0,0,0,0,1,0,0,0,1,1
357,2,4,1,2,1,2,0,136,27,1,15,5.4,1,1,0,0,1,5,2,0,1,2,4,4,3,15,1,1,0,0,0,0,0,0,0,0,0,1,0
358,3,5,3,1,1,1,0,93,39,1,19,7.8,1,1,2,2,2,4,3,1,2,3,8,1,2,9,19,1,0,1,0,0,1,1,0,1,0,1,1
359,2,4,2,2,1,1,0,114,39,1,16,7.8,1,1,2,1,3,5,2,0,3,2,9,9,1,4,16,1,0,0,0,0,0,1,1,0,0,1,1
360,3,2,1,1,2,2,0,143,36,2,12,7.2,0,0,1,1,2,5,2,0,1,2,12,7,2,10,5,0,0,0,0,0,0,1,0,0,0,0,0
361,3,3,2,1,2,1,0,117,30,3,8,6,0,0,1,1,2,6,1,0,2,2,5,6,8,3,8,0,0,0,0,0,0,1,0,0,0,0,1
362,2,3,2,0,3,1,0,124,38,1,19,7.6,1,1,2,2,2,5,2,0,1,3,1,19,5,3,10,1,0,1,0,0,0,1,0,1,0,1,0
363,2,4,0,3,1,2,0,128,27,1,11,5.4,1,1,2,2,2,4,3,1,0,3,1,2,7,11,6,1,0,1,0,0,0,1,0,1,0,0,0
364,2,5,3,2,0,1,0,84,38,2,24,7.6,0,0,0,0,1,4,2,0,1,3,3,2,7,2,24,0,0,1,0,0,1,0,0,0,1,1,0
365,4,3,1,1,4,0,0,122,25,1,10,5,1,1,2,1,3,5,2,0,1,4,10,6,4,1,4,1,0,1,1,0,0,1,1,0,0,0,0
366,3,3,1,2,2,0,1,133,39,1,17,7.8,1,1,0,0,1,5,2,0,2,2,7,7,7,1,17,1,0,0,0,0,0,0,0,0,0,1,1
367,3,2,1,0,3,1,1,155,41,3,19,8.2,0,0,1,1,2,6,1,0,1,3,19,3,4,3,12,0,0,1,0,0,0,1,0,0,0,1,0
368,4,2,0,1,3,1,1,170,34,3,10,6.8,0,0,1,1,2,6,1,0,0,3,10,3,6,9,6,0,0,1,0,0,0,1,0,0,0,0,0
369,4,2,0,2,0,2,2,192,26,1,15,5.2,1,1,0,0,1,4,2,0,0,2,3,15,1,5,2,1,0,0,0,0,0,0,0,0,1,1,0
370,1,2,0,2,1,0,3,189,29,1,18,5.8,1,1,1,1,2,3,3,1,0,3,2,6,18,2,1,1,0,1,0,1,0,1,0,0,1,1,0
371,4,3,2,1,2,0,1,126,35,1,15,7,1,1,1,1,2,4,2,0,1,2,2,6,11,1,15,1,0,0,0,0,0,1,0,0,0,1,0
372,2,6,1,4,1,0,0,88,13,2,3,2.6,0,0,2,2,2,4,3,1,0,4,3,3,2,2,3,0,0,1,1,0,1,1,0,1,1,0,0
373,4,1,0,1,1,1,3,208,30,1,11,6,1,1,1,1,2,4,3,1,0,3,11,11,5,1,2,1,0,1,0,0,1,1,0,0,1,0,0
374,5,4,0,4,1,1,0,115,23,2,9,4.6,0,0,1,1,2,3,4,1,1,4,2,2,2,8,9,0,0,1,1,1,0,1,0,0,0,0,0
375,4,3,2,1,2,0,1,128,41,2,18,8.2,0,0,1,1,2,5,2,0,1,2,4,11,6,2,18,0,0,0,0,0,0,1,0,0,0,1,0
376,3,3,1,2,2,1,0,117,39,2,12,7.8,0,0,1,1,2,5,2,0,0,2,10,2,11,4,12,0,0,0,0,0,0,1,0,0,0,0,0
377,4,2,1,0,2,1,2,182,39,2,16,7.8,0,0,0,0,1,5,2,0,0,2,16,7,8,6,2,0,0,0,0,0,0,0,0,0,0,1,0
378,4,2,1,0,2,3,0,160,34,2,17,6.8,0,0,1,1,2,5,2,0,2,3,17,7,2,3,5,0,0,1,0,0,0,1,0,0,0,1,1
379,2,3,2,0,1,3,0,144,34,4,12,6.8,0,0,1,1,2,6,1,0,2,3,4,12,9,4,5,0,0,1,0,0,0,1,0,0,0,0,1
380,3,4,3,1,1,1,0,91,36,1,11,7.2,1,1,1,1,2,5,2,0,0,3,1,6,9,9,11,1,0,1,0,0,0,1,0,0,0,0,0
381,2,6,3,3,0,0,0,64,19,2,5,3.8,0,0,1,1,2,5,2,0,1,3,4,5,2,4,4,0,0,1,0,0,1,1,0,0,1,0,0
382,2,3,1,1,3,0,1,140,32,2,15,6.4,0,0,1,1,2,5,2,0,1,3,5,7,2,3,15,0,0,1,0,0,0,1,0,0,0,1,0
383,3,2,1,1,1,3,0,157,36,3,13,7.2,0,0,0,0,1,6,1,0,1,3,11,13,5,4,3,0,0,1,0,0,0,0,0,0,0,0,0
384,1,2,0,1,2,3,0,163,27,2,11,5.4,0,0,1,1,2,4,2,0,0,3,11,2,8,4,2,0,0,1,0,1,0,1,0,0,0,0,0
385,4,4,1,2,2,1,0,120,25,2,8,5,0,0,2,2,2,5,2,0,1,2,5,7,2,8,3,0,0,0,0,0,0,1,0,1,0,0,0
386,3,4,3,1,0,2,0,111,36,3,12,7.2,0,0,1,1,2,6,1,0,2,3,3,3,9,12,9,0,0,1,0,0,0,1,0,0,0,0,1
387,3,1,1,0,1,3,1,175,42,3,25,8.4,0,0,1,1,2,6,1,0,2,3,25,5,3,6,3,0,0,1,0,0,1,1,0,0,0,1,1
388,4,4,3,1,1,1,0,96,31,1,12,6.2,1,1,1,1,2,5,2,0,1,3,7,1,8,12,3,1,0,1,0,0,0,1,0,0,0,0,0
389,2,4,1,3,2,0,0,110,19,2,9,3.8,0,0,1,1,2,4,3,1,0,3,9,2,2,3,3,0,0,1,0,0,0,1,0,0,0,0,0
390,3,2,0,2,1,3,0,177,24,1,11,4.8,2,2,1,1,2,3,3,1,1,3,1,11,9,2,1,1,1,1,0,0,0,1,0,0,0,0,0
391,2,4,1,2,2,1,0,128,29,1,11,5.8,1,1,1,1,2,5,2,0,2,2,1,7,4,6,11,1,0,0,0,0,0,1,0,0,0,0,1
392,3,4,4,0,1,0,1,85,41,1,18,8.2,1,1,0,0,1,4,2,0,0,4,2,4,1,16,18,1,0,1,1,0,0,0,0,0,1,1,0
393,3,2,1,1,1,1,2,177,34,1,12,6.8,1,1,0,0,1,4,3,1,0,2,7,12,12,1,2,1,0,0,0,0,0,0,0,0,0,0,0
394,3,4,1,2,3,0,0,109,27,2,12,5.4,0,0,0,0,1,5,2,0,1,3,12,7,2,3,3,0,0,1,0,0,0,0,0,0,0,0,0
395,4,3,0,3,1,2,0,138,24,4,6,4.8,0,0,2,2,2,6,1,0,1,3,4,5,6,5,4,0,0,1,0,0,0,1,0,1,0,0,0
396,2,2,0,2,0,3,1,188,27,2,11,5.4,0,0,1,1,2,5,2,0,2,3,2,11,3,6,5,0,0,1,0,0,0,1,0,0,1,0,1
397,4,4,0,3,2,1,0,122,21,1,8,4.2,1,1,2,2,2,5,2,0,0,3,1,4,5,3,8,1,0,1,0,0,0,1,0,1,0,0,0
398,2,3,1,2,1,0,2,154,34,2,19,6.8,0,0,1,1,2,5,2,0,0,2,5,5,3,19,2,0,0,0,0,0,0,1,0,0,0,1,0
399,4,5,3,2,0,0,1,90,41,1,23,8.2,1,1,2,2,2,4,2,0,1,3,1,7,8,2,23,1,0,1,0,0,1,1,0,1,1,1,0
400,5,2,1,0,2,1,2,175,34,2,12,6.8,0,0,1,1,2,5,2,0,1,2,12,6,7,7,2,0,0,0,0,1,0,1,0,0,0,0,0
401,2,3,1,2,0,2,1,148,37,5,13,7.4,0,0,1,1,2,6,1,0,1,2,6,6,13,7,5,0,0,0,0,0,0,1,0,0,0,0,0
402,4,5,2,2,1,1,0,106,31,3,14,6.2,0,0,2,2,2,6,1,0,0,2,4,6,4,3,14,0,0,0,0,0,1,1,0,1,0,0,0
403,1,3,1,1,3,1,0,135,27,2,9,5.4,0,0,1,1,2,5,2,0,1,3,4,8,2,4,9,0,0,1,0,1,0,1,0,0,0,0,0
404,3,3,1,1,2,2,0,143,35,1,15,7,1,1,1,1,2,5,2,1,1,2,15,1,3,9,7,1,0,0,0,0,0,1,0,0,0,1,0
405,2,3,3,0,2,0,1,108,43,1,18,8.6,2,2,0,0,1,4,2,0,0,3,1,8,15,1,18,1,1,1,0,0,0,0,0,0,0,1,0
406,3,3,1,1,3,1,0,127,29,3,9,5.8,0,0,1,1,2,6,1,0,0,3,5,9,3,3,9,0,0,1,0,0,0,1,0,0,0,0,0
407,3,4,2,2,2,0,0,91,19,1,8,3.8,2,2,1,1,2,4,2,0,2,2,1,6,3,8,1,1,1,0,0,0,0,1,0,0,0,0,1
408,3,4,1,1,3,1,0,139,28,1,11,5.6,2,1,1,1,2,4,3,1,0,3,11,1,1,8,7,1,1,1,0,0,0,1,0,0,0,0,0
409,3,3,2,0,1,3,0,139,34,1,12,6.8,1,1,1,1,2,5,2,0,2,3,3,12,10,1,8,1,0,1,0,0,0,1,0,0,0,0,1
410,3,3,2,1,0,2,1,135,40,1,15,8,1,1,1,1,2,4,2,0,2,2,2,15,14,8,1,1,0,0,0,0,0,1,0,0,0,1,1
411,4,3,0,2,1,3,0,158,28,2,13,5.6,0,0,0,0,1,4,3,1,0,3,3,8,13,2,2,0,0,1,0,0,0,0,0,0,0,0,0
412,4,2,2,0,0,1,3,178,41,1,32,8.2,1,1,0,0,1,4,3,1,1,3,3,32,2,1,3,1,0,1,0,0,0,0,0,0,0,1,0
413,3,3,2,1,1,2,0,123,38,6,11,7.6,0,0,0,0,1,6,1,0,0,2,7,6,8,11,6,0,0,0,0,0,0,0,0,0,0,0,0
414,2,4,1,2,2,0,1,120,42,1,21,8.4,2,2,2,2,2,4,2,0,3,2,12,1,7,1,21,1,1,0,0,0,0,1,0,1,0,1,1
415,2,3,1,2,2,1,0,140,33,3,10,6.6,0,0,3,2,3,6,1,0,0,2,10,3,6,4,10,0,0,0,0,0,0,1,1,1,0,0,0
416,2,5,3,1,2,0,0,78,21,1,11,4.2,1,1,1,1,2,4,3,1,1,3,1,2,3,11,4,1,0,1,0,0,1,1,0,0,1,0,0
417,2,5,2,2,1,0,1,108,39,1,21,7.8,1,1,1,1,2,4,2,0,2,2,1,9,6,2,21,1,0,0,0,0,1,1,0,0,0,1,1
418,3,3,0,3,2,1,0,127,23,2,11,4.6,0,0,0,0,1,3,3,1,0,3,2,2,11,2,6,0,0,1,0,0,0,0,0,0,0,0,0
419,2,4,1,3,2,0,0,98,28,1,14,5.6,1,1,0,0,1,3,3,1,3,3,9,2,1,14,2,1,0,1,0,0,0,0,0,0,0,0,1
420,3,3,3,0,1,2,0,117,30,1,19,6,1,1,2,2,2,4,2,0,0,3,5,1,19,2,3,1,0,1,0,0,0,1,0,1,0,1,0
421,2,2,1,1,3,0,1,142,38,1,16,7.6,2,1,1,1,2,4,3,1,0,3,5,15,1,1,16,1,1,1,0,0,0,1,0,0,0,1,0
422,3,4,1,2,1,1,1,141,36,2,13,7.2,0,0,1,1,2,5,2,0,1,2,7,4,2,13,10,0,0,0,0,0,0,1,0,0,0,0,0
423,4,2,1,1,3,1,0,142,39,1,16,7.8,2,1,1,1,2,4,3,1,0,3,16,10,1,1,11,1,1,1,0,0,0,1,0,0,0,1,0
424,2,2,1,1,1,2,1,156,34,1,15,6.8,1,1,2,2,2,5,2,0,0,2,1,15,5,3,10,1,0,0,0,0,0,1,0,1,0,1,0
425,2,3,2,1,1,2,0,130,30,2,13,6,0,0,1,1,2,5,2,0,1,2,2,4,13,6,5,0,0,0,0,0,0,1,0,0,0,0,0
426,4,3,1,2,1,1,1,148,39,1,13,7.8,1,1,1,1,2,5,2,0,1,2,13,1,9,12,4,1,0,0,0,0,0,1,0,0,0,0,0
427,2,3,2,1,3,0,0,110,24,1,9,4.8,1,1,0,0,1,4,2,0,0,3,1,8,9,4,2,1,0,1,0,0,0,0,0,0,0,0,0
428,2,4,0,3,1,2,0,146,28,3,15,5.6,0,0,1,1,2,6,1,0,0,3,4,3,3,15,3,0,0,1,0,0,0,1,0,0,0,1,0
429,3,1,1,0,2,2,1,169,39,3,20,7.8,0,0,1,1,2,6,1,0,0,2,20,5,6,5,3,0,0,0,0,0,1,1,0,0,0,1,0
430,2,4,2,2,1,1,0,102,33,2,13,6.6,0,0,0,0,1,4,2,0,2,2,2,13,2,12,4,0,0,0,0,0,0,0,0,0,0,0,1
431,3,2,0,1,2,2,1,179,27,3,7,5.4,0,0,2,2,2,6,1,0,1,2,4,3,6,7,7,0,0,0,0,0,0,1,0,1,0,0,0
432,5,4,3,1,1,1,0,87,37,1,16,7.4,1,1,0,0,1,4,3,1,0,3,1,2,6,16,12,1,0,1,0,1,0,0,0,0,1,1,0
433,6,1,0,1,2,2,1,182,24,2,8,4.8,0,0,3,2,3,5,2,0,0,2,4,6,4,2,8,0,0,0,0,1,1,1,1,1,0,0,0
434,4,3,1,2,1,2,0,130,34,4,10,6.8,0,0,2,1,3,6,1,0,1,2,10,7,4,9,4,0,0,0,0,0,0,1,1,0,0,0,0
435,1,2,1,1,2,1,1,163,37,4,10,7.4,0,0,2,2,2,6,1,0,0,2,8,10,4,8,7,0,0,0,0,1,0,1,0,1,0,0,0
436,2,4,1,2,1,2,0,132,25,1,11,5,1,1,1,1,2,4,2,0,0,2,5,6,2,11,1,1,0,0,0,0,0,1,0,0,0,0,0
437,3,2,0,2,1,1,2,179,33,3,13,6.6,0,0,1,1,2,6,1,0,0,2,5,13,9,3,3,0,0,0,0,0,0,1,0,0,0,0,0
438,1,3,1,2,2,1,0,131,32,3,9,6.4,0,0,1,1,2,6,1,0,2,2,6,8,6,3,9,0,0,0,0,1,0,1,0,0,0,0,1
439,3,2,0,2,1,3,0,175,23,1,10,4.6,1,1,3,2,3,5,2,0,1,3,3,10,1,6,3,1,0,1,0,0,0,1,1,1,0,0,0
440,0,2,1,0,2,2,1,174,34,2,12,6.8,0,0,1,1,2,5,2,0,0,2,12,6,6,2,8,0,0,0,0,1,0,1,0,0,0,0,0
441,3,1,1,0,3,2,0,151,34,1,22,6.8,1,1,0,0,1,4,2,0,2,3,22,5,2,4,1,1,0,1,0,0,1,0,0,0,0,1,1
442,3,0,0,0,3,3,0,195,15,2,7,3,0,0,0,0,1,2,3,1,0,3,2,2,7,2,2,0,0,1,0,0,1,0,0,0,1,0,0
443,1,5,3,2,0,0,1,103,40,1,24,8,1,1,2,2,2,4,2,0,0,3,2,4,9,1,24,1,0,1,0,1,1,1,0,1,0,1,0
444,6,2,0,2,1,1,2,170,34,2,12,6.8,0,0,3,2,3,4,2,0,0,2,2,10,12,8,2,0,0,0,0,1,0,1,1,1,0,0,0
445,4,3,0,2,2,1,1,168,32,1,9,6.4,1,1,1,1,2,5,2,0,2,2,7,1,9,9,6,1,0,0,0,0,0,1,0,0,0,0,1
446,3,4,1,3,1,1,0,99,34,1,12,6.8,1,1,1,1,2,4,3,1,0,3,10,1,2,12,9,1,0,1,0,0,0,1,0,0,0,0,0
447,4,5,4,1,0,1,0,76,31,1,16,6.2,2,1,1,1,2,4,3,1,0,4,5,1,1,8,16,1,1,1,1,0,1,1,0,0,1,1,0
448,5,3,2,1,1,1,1,131,38,1,14,7.6,1,1,2,2,2,5,2,0,1,2,4,6,14,13,1,1,0,0,0,1,0,1,0,1,0,0,0
449,3,3,2,1,1,1,1,137,40,6,10,8,0,0,2,2,2,6,1,0,1,2,7,10,6,9,8,0,0,0,0,0,0,1,0,1,0,0,0
450,4,4,1,2,2,1,0,114,25,2,8,5,0,0,1,1,2,4,3,1,0,2,8,5,2,2,8,0,0,0,0,0,0,1,0,0,0,0,0
451,1,3,0,3,2,1,0,139,26,3,8,5.2,0,0,1,1,2,6,1,0,0,3,3,5,4,6,8,0,0,1,0,1,0,1,0,0,0,0,0
452,0,3,2,1,1,2,0,132,26,2,12,5.2,0,0,2,2,2,3,3,1,1,2,2,8,12,2,2,0,0,0,0,1,0,1,0,1,0,0,0
453,1,1,0,1,1,3,1,189,30,2,12,6,0,0,1,1,2,4,3,1,0,3,12,9,5,2,2,0,0,1,0,1,1,1,0,0,1,0,0
454,4,1,0,1,2,2,1,178,28,2,12,5.6,0,0,0,0,1,5,2,0,1,2,12,2,7,4,3,0,0,0,0,0,1,0,0,0,0,0,0
455,2,3,1,2,2,1,0,134,31,1,15,6.2,1,1,1,1,2,5,2,0,0,2,15,1,6,4,5,1,0,0,0,0,0,1,0,0,0,1,0
456,4,4,2,2,2,0,0,88,26,4,6,5.2,0,0,1,1,2,6,1,0,0,2,6,5,6,5,4,0,0,0,0,0,0,1,0,0,1,0,0
457,2,3,2,1,2,1,0,126,32,2,13,6.4,0,0,2,2,2,5,2,0,3,2,2,8,5,4,13,0,0,0,0,0,0,1,0,1,0,0,1
458,1,3,3,0,0,3,0,131,36,1,22,7.2,1,1,1,1,2,5,2,0,2,3,5,1,22,4,4,1,0,1,0,1,0,1,0,0,0,1,1
459,1,4,3,1,1,1,0,99,36,2,15,7.2,0,0,2,2,2,5,2,0,3,3,2,4,4,11,15,0,0,1,0,1,0,1,0,1,0,1,1
460,3,2,1,1,2,0,2,165,37,2,17,7.4,0,0,1,1,2,4,2,0,0,2,3,17,2,13,2,0,0,0,0,0,0,1,0,0,0,1,0
461,3,2,0,2,1,3,0,163,29,3,8,5.8,0,0,1,1,2,6,1,0,1,3,7,8,5,6,3,0,0,1,0,0,0,1,0,0,0,0,0
462,3,2,1,1,1,2,1,161,42,4,17,8.4,0,0,0,0,1,6,1,0,1,2,17,4,8,5,8,0,0,0,0,0,0,0,0,0,0,1,0
463,4,0,0,0,2,3,1,194,21,1,10,4.2,1,1,2,2,2,3,4,1,0,3,6,2,2,1,10,1,0,1,0,0,1,1,0,1,1,0,0
464,1,3,1,2,0,1,2,153,38,2,19,7.6,0,0,2,2,2,5,2,0,2,2,6,3,19,8,2,0,0,0,0,1,0,1,0,1,0,1,1
465,3,5,2,2,1,1,0,93,37,2,16,7.4,0,0,2,2,2,5,2,0,0,2,7,3,2,9,16,0,0,0,0,0,1,1,0,1,0,1,0
466,2,3,2,1,1,1,1,126,40,3,12,8,0,0,2,2,2,6,1,0,1,2,6,3,10,9,12,0,0,0,0,0,0,1,0,1,0,0,0
467,1,4,1,3,1,1,0,109,38,2,16,7.6,0,0,2,2,2,5,2,0,0,3,10,2,3,7,16,0,0,1,0,1,0,1,0,1,0,1,0
468,4,3,1,2,1,1,1,144,35,2,13,7,0,0,2,2,2,5,2,0,0,2,5,2,13,9,6,0,0,0,0,0,0,1,0,1,0,0,0
469,2,3,1,0,2,3,0,156,34,1,17,6.8,2,2,1,1,2,4,2,1,1,3,17,1,12,3,1,1,1,1,0,0,0,1,0,0,0,1,0
470,2,3,1,2,0,1,2,168,32,1,19,6.4,1,1,1,1,2,4,3,1,0,2,6,4,19,2,1,1,0,0,0,0,0,1,0,0,0,1,0
471,5,2,1,1,1,2,1,165,35,2,16,7,0,0,1,1,2,4,3,1,2,2,7,16,8,2,2,0,0,0,0,1,0,1,0,0,0,1,1
472,3,1,0,1,2,2,1,177,27,1,9,5.4,1,1,2,1,3,5,2,0,0,2,9,1,5,5,7,1,0,0,0,0,1,1,1,0,0,0,0
473,2,4,1,2,2,1,0,122,28,1,13,5.6,1,1,1,1,2,4,3,1,1,2,5,7,2,1,13,1,0,0,0,0,0,1,0,0,0,0,0
474,4,3,1,2,0,2,1,144,41,2,13,8.2,0,0,1,1,2,5,2,0,1,2,9,5,13,2,12,0,0,0,0,0,0,1,0,0,0,0,0
475,4,5,2,2,2,0,0,90,28,2,8,5.6,0,0,2,2,2,5,2,0,0,2,8,5,2,5,8,0,0,0,0,0,1,1,0,1,1,0,0
476,4,4,1,3,0,2,0,124,29,1,22,5.8,2,2,0,0,1,3,3,1,1,3,3,1,2,22,1,1,1,1,0,0,0,0,0,0,0,1,0
477,4,1,0,1,2,2,1,178,31,1,12,6.2,1,1,1,1,2,5,2,1,0,2,11,4,3,1,12,1,0,0,0,0,1,1,0,0,0,0,0
478,4,1,0,1,2,2,1,196,25,1,11,5,1,1,1,1,2,4,2,0,1,2,11,1,7,2,4,1,0,0,0,0,1,1,0,0,1,0,0
479,4,1,1,0,3,1,1,162,36,2,15,7.2,0,0,1,1,2,4,3,1,0,3,15,2,2,8,9,0,0,1,0,0,1,1,0,0,0,1,0
480,4,4,3,1,1,1,0,96,28,1,13,5.6,1,1,1,1,2,4,2,0,0,3,2,5,7,13,1,1,0,1,0,0,0,1,0,0,0,0,0
481,4,2,2,0,2,1,1,140,38,1,19,7.6,2,2,1,1,2,4,2,0,1,2,1,19,6,11,1,1,1,0,0,0,0,1,0,0,0,1,0
482,3,3,2,1,2,1,0,111,34,1,10,6.8,1,1,1,1,2,5,2,0,0,2,9,6,8,1,10,1,0,0,0,0,0,1,0,0,0,0,0
483,2,4,0,3,2,1,0,130,22,3,6,4.4,0,0,1,1,2,6,1,0,0,3,3,4,3,6,6,0,0,1,0,0,0,1,0,0,0,0,0
484,4,2,2,0,2,1,1,136,44,1,24,8.8,1,1,0,0,1,4,2,0,1,2,2,24,1,4,13,1,0,0,0,0,0,0,0,0,0,1,0
485,3,2,0,1,3,2,0,167,22,1,9,4.4,1,1,2,2,2,5,2,0,1,3,5,4,1,9,3,1,0,1,0,0,0,1,0,1,0,0,0
486,3,2,2,0,2,2,0,129,39,1,21,7.8,1,1,0,0,1,3,2,0,0,2,1,21,2,13,2,1,0,0,0,0,0,0,0,0,0,1,0
487,4,2,2,0,2,1,1,142,37,2,17,7.4,0,0,1,1,2,5,2,0,1,2,4,17,2,10,4,0,0,0,0,0,0,1,0,0,0,1,0
488,2,3,2,1,1,2,0,126,36,1,13,7.2,1,1,1,1,2,5,2,0,1,2,6,9,13,1,7,1,0,0,0,0,0,1,0,0,0,0,0
489,2,5,3,2,1,0,0,76,25,2,7,5,0,0,0,0,1,5,2,0,2,3,2,4,7,5,7,0,0,1,0,0,1,0,0,0,1,0,1
490,3,2,2,0,2,1,1,147,41,3,19,8.2,0,0,0,0,1,6,1,0,1,2,5,19,3,11,3,0,0,0,0,0,0,0,0,0,0,1,0
491,3,2,1,1,0,3,1,177,34,1,18,6.8,1,1,0,0,1,5,2,1,0,3,9,18,1,3,3,1,0,1,0,0,0,0,0,0,0,1,0
492,4,1,0,0,2,4,0,192,18,2,5,3.6,0,0,1,1,2,5,2,0,1,4,5,4,4,2,3,0,0,1,1,0,1,1,0,0,1,0,0
493,2,2,0,1,2,3,0,174,17,1,7,3.4,1,1,1,1,2,4,2,1,2,3,2,4,7,3,1,1,0,1,0,0,0,1,0,0,0,0,1
494,4,4,3,1,1,0,1,108,38,1,15,7.6,1,1,1,1,2,4,3,1,0,3,2,1,7,15,13,1,0,1,0,0,0,1,0,0,0,1,0
495,2,3,1,1,2,1,1,144,40,5,10,8,0,0,2,1,3,6,1,0,0,2,9,9,5,7,10,0,0,0,0,0,0,1,1,0,0,0,0
496,3,3,1,2,1,1,1,143,37,5,9,7.4,0,0,0,0,1,6,1,0,2,2,9,7,9,7,5,0,0,0,0,0,0,0,0,0,0,0,1
497,3,2,0,2,2,0,2,173,25,1,19,5,3,3,2,2,2,3,2,1,1,2,1,3,1,19,1,1,1,0,0,0,0,1,0,1,0,1,0
498,3,2,0,2,1,2,1,163,28,1,10,5.6,1,1,1,1,2,4,2,0,1,2,1,10,8,7,2,1,0,0,0,0,0,1,0,0,0,0,0
499,4,2,1,1,2,2,0,150,35,3,15,7,0,0,2,2,2,6,1,0,0,2,15,3,4,8,5,0,0,0,0,0,0,1,0,1,0,1,0
500,1,4,2,2,1,1,0,97,31,1,10,6.2,1,1,2,1,3,5,2,0,1,2,1,8,8,4,10,1,0,0,0,1,0,1,1,0,0,0,0
501,3,4,3,1,0,1,1,105,41,3,14,8.2,0,0,1,1,2,6,1,0,1,3,3,6,7,14,11,0,0,1,0,0,0,1,0,0,0,0,0
502,0,2,1,0,2,3,0,162,34,2,16,6.8,0,0,1,1,2,5,2,0,0,3,16,6,4,2,6,0,0,1,0,1,0,1,0,0,0,1,0
503,3,2,2,0,2,2,0,133,35,2,22,7,0,0,0,0,1,5,2,0,1,2,4,22,3,4,2,0,0,0,0,0,0,0,0,0,0,1,0
504,1,3,1,1,2,0,2,155,38,1,17,7.6,1,1,2,2,2,5,2,0,0,2,8,8,4,17,1,1,0,0,0,1,0,1,0,1,0,1,0
505,2,3,1,1,2,2,0,152,33,2,13,6.6,0,0,1,1,2,4,2,0,1,2,13,2,3,13,2,0,0,0,0,0,0,1,0,0,0,0,0
506,2,4,2,1,3,0,0,102,24,2,11,4.8,0,0,0,0,1,4,2,0,1,3,3,2,11,2,6,0,0,1,0,0,0,0,0,0,0,0,0
507,3,2,0,2,0,3,1,171,29,1,19,5.8,3,3,2,2,2,3,2,0,0,3,1,19,1,7,1,1,1,1,0,0,0,1,0,1,0,1,0
508,5,1,1,0,1,3,1,175,38,1,22,7.6,1,1,1,1,2,5,2,1,0,3,22,4,3,1,8,1,0,1,0,1,1,1,0,0,0,1,0
509,4,1,0,1,2,1,2,186,31,1,13,6.2,1,1,2,2,2,5,2,0,2,2,13,4,6,7,1,1,0,0,0,0,1,1,0,1,1,0,1
510,3,1,0,1,1,4,0,185,28,1,17,5.6,2,2,2,2,2,4,2,1,2,4,17,3,1,6,1,1,1,1,1,0,1,1,0,1,0,1,1
511,3,3,2,1,2,0,1,115,39,3,16,7.8,0,0,1,1,2,6,1,0,0,2,4,7,9,3,16,0,0,0,0,0,0,1,0,0,0,1,0
512,4,4,3,1,2,0,0,84,23,1,13,4.6,2,2,0,0,1,4,2,0,1,3,1,4,4,13,1,1,1,1,0,0,0,0,0,0,1,0,0
513,5,3,2,0,3,1,0,117,28,2,13,5.6,0,0,1,1,2,5,2,0,2,3,3,13,2,4,6,0,0,1,0,1,0,1,0,0,0,0,1
514,3,3,1,2,1,1,1,139,41,5,14,8.2,0,0,1,1,2,6,1,0,0,2,14,5,6,9,7,0,0,0,0,0,0,1,0,0,0,0,0
515,4,4,1,3,1,1,0,100,35,1,14,7,1,1,1,1,2,5,2,1,1,3,9,1,3,8,14,1,0,1,0,0,0,1,0,0,0,0,0
516,3,2,2,0,1,0,3,161,42,1,18,8.4,1,1,1,1,2,4,3,1,2,3,6,15,18,2,1,1,0,1,0,0,0,1,0,0,0,1,1
517,3,3,2,1,1,1,1,127,40,3,16,8,0,0,1,1,2,6,1,0,1,2,8,3,16,8,5,0,0,0,0,0,0,1,0,0,0,1,0
518,1,1,0,1,2,3,0,171,24,2,9,4.8,0,0,1,1,2,4,3,1,0,3,9,7,2,2,4,0,0,1,0,1,1,1,0,0,0,0,0
519,2,4,2,2,1,0,1,116,37,2,14,7.4,0,0,2,2,2,5,2,0,1,2,2,5,3,14,13,0,0,0,0,0,0,1,0,1,0,0,0
520,1,2,1,0,3,2,0,159,36,1,18,7.2,1,1,1,1,2,4,2,0,0,3,18,5,1,10,2,1,0,1,0,1,0,1,0,0,0,1,0
521,3,3,2,1,1,2,0,125,33,3,11,6.6,0,0,0,0,1,6,1,0,0,2,4,11,11,3,4,0,0,0,0,0,0,0,0,0,0,0,0
522,4,4,2,2,0,1,1,114,37,1,23,7.4,2,2,1,1,2,4,2,0,0,2,1,8,1,23,4,1,1,0,0,0,0,1,0,0,0,1,0
523,3,2,2,0,0,3,1,165,44,1,33,8.8,1,1,0,0,1,4,3,1,2,3,3,33,1,2,5,1,0,1,0,0,0,0,0,0,0,1,1
524,4,2,1,1,1,1,2,174,35,1,18,7,1,1,1,1,2,5,2,0,2,2,1,18,9,3,4,1,0,0,0,0,0,1,0,0,0,1,1
525,4,1,0,1,3,1,1,172,33,3,12,6.6,0,0,1,1,2,6,1,0,2,3,12,3,3,10,5,0,0,1,0,0,1,1,0,0,0,0,1
526,4,4,1,3,0,2,0,132,32,3,15,6.4,0,0,1,1,2,6,1,0,1,3,7,3,3,15,4,0,0,1,0,0,0,1,0,0,0,1,0
527,2,3,1,1,1,2,1,142,41,1,11,8.2,1,1,3,1,4,5,2,0,0,2,11,10,10,1,9,1,0,0,0,0,0,1,1,0,0,0,0
528,5,2,1,1,1,3,0,157,35,1,12,7,1,1,1,1,2,5,2,0,0,3,12,8,6,8,1,1,0,1,0,1,0,1,0,0,0,0,0
529,2,2,0,2,2,1,1,162,24,2,11,4.8,0,0,0,0,1,5,2,0,1,2,2,4,3,4,11,0,0,0,0,0,0,0,0,0,0,0,0
530,5,1,0,1,3,1,1,169,25,2,8,5,0,0,1,1,2,5,2,0,1,3,7,4,2,4,8,0,0,1,0,1,1,1,0,0,0,0,0
531,6,4,3,0,2,1,0,98,34,4,12,6.8,0,0,2,2,2,6,1,0,1,3,4,4,12,6,8,0,0,1,0,1,0,1,0,1,0,0,0
532,3,2,0,2,3,0,1,153,28,1,15,5.6,2,2,1,1,2,4,2,0,0,3,1,6,1,5,15,1,1,1,0,0,0,1,0,0,0,1,0
533,5,4,1,3,0,2,0,119,24,1,14,4.8,1,1,0,0,1,3,3,1,1,3,5,1,2,14,2,1,0,1,0,1,0,0,0,0,0,0,0
534,2,1,1,0,3,2,0,164,28,1,14,5.6,1,1,0,0,1,4,2,0,0,3,14,2,3,8,1,1,0,1,0,0,1,0,0,0,0,0,0
535,3,5,0,5,0,1,0,109,28,1,21,5.6,2,2,0,0,1,3,4,1,0,5,1,2,1,3,21,1,1,1,1,0,1,0,0,0,0,1,0
536,3,3,2,1,0,2,1,145,36,1,14,7.2,1,1,2,2,2,5,2,0,1,2,1,10,14,5,6,1,0,0,0,0,0,1,0,1,0,0,0
537,2,1,0,1,3,1,1,170,31,3,11,6.2,0,0,2,2,2,6,1,0,1,3,11,3,4,6,7,0,0,1,0,0,1,1,0,1,0,0,0
538,1,3,2,1,0,3,0,131,28,1,13,5.6,1,1,0,0,1,4,3,1,0,3,4,8,13,1,2,1,0,1,0,1,0,0,0,0,0,0,0
539,4,3,1,1,1,1,2,160,40,1,16,8,1,1,2,2,2,5,2,0,1,2,16,3,9,11,1,1,0,0,0,0,0,1,0,1,0,1,0
540,3,4,1,3,0,2,0,113,33,1,19,6.6,1,1,1,1,2,3,3,1,1,3,9,1,2,19,2,1,0,1,0,0,0,1,0,0,0,1,0
541,1,2,1,1,2,2,0,141,26,2,13,5.2,0,0,1,1,2,4,2,0,2,2,5,13,2,4,2,0,0,0,0,1,0,1,0,0,0,0,1
542,4,3,2,1,1,0,2,142,40,1,15,8,1,1,2,2,2,5,2,0,1,2,1,13,7,15,4,1,0,0,0,0,0,1,0,1,0,1,0
543,2,2,0,2,1,2,1,166,31,3,10,6.2,0,0,1,1,2,6,1,0,1,2,5,8,5,3,10,0,0,0,0,0,0,1,0,0,0,0,0
544,4,3,1,1,2,1,1,148,39,4,12,7.8,0,0,1,1,2,6,1,0,1,2,12,4,4,11,8,0,0,0,0,0,0,1,0,0,0,0,0
545,3,1,1,0,3,2,0,149,31,1,20,6.2,2,2,3,2,3,3,3,1,1,3,20,1,2,7,1,1,1,1,0,0,1,1,1,1,0,1,0
546,4,3,1,2,1,1,1,152,35,3,10,7,0,0,2,1,3,6,1,0,1,2,9,3,7,10,6,0,0,0,0,0,0,1,1,0,0,0,0
547,3,4,2,1,1,2,0,123,33,1,12,6.6,1,1,0,0,1,5,2,0,0,2,1,8,7,12,5,1,0,0,0,0,0,0,0,0,0,0,0
548,4,4,1,2,1,1,1,124,44,1,13,8.8,1,1,2,2,2,5,2,0,0,2,11,1,8,11,13,1,0,0,0,0,0,1,0,1,0,0,0
549,3,0,0,0,1,4,1,217,15,2,4,3,0,0,0,0,1,4,2,0,0,4,2,4,3,2,4,0,0,1,1,0,1,0,0,0,1,0,0
550,3,4,2,2,0,2,0,113,36,3,14,7.2,0,0,2,2,2,6,1,0,0,2,6,7,6,14,3,0,0,0,0,0,0,1,0,1,0,0,0
551,2,3,2,1,2,0,1,124,41,3,17,8.2,0,0,1,1,2,6,1,0,1,2,3,14,4,3,17,0,0,0,0,0,0,1,0,0,0,1,0
552,2,3,2,1,0,3,0,138,39,3,12,7.8,0,0,2,1,3,6,1,0,1,3,9,10,12,3,5,0,0,1,0,0,0,1,1,0,0,0,0
553,4,3,2,1,2,1,0,122,37,1,11,7.4,1,1,2,2,2,5,2,0,0,2,5,10,11,1,10,1,0,0,0,0,0,1,0,1,0,0,0
554,3,3,0,3,0,1,2,159,29,1,15,5.8,2,2,1,1,2,4,2,1,1,3,1,3,15,9,1,1,1,1,0,0,0,1,0,0,0,1,0
555,3,3,0,2,3,1,0,135,25,2,10,5,0,0,2,2,2,5,2,0,1,3,6,4,3,2,10,0,0,1,0,0,0,1,0,1,0,0,0
556,1,2,0,2,3,0,1,157,32,2,14,6.4,0,0,1,1,2,5,2,0,0,3,8,3,5,2,14,0,0,1,0,1,0,1,0,0,0,0,0
557,1,2,1,1,2,2,0,153,36,2,16,7.2,0,0,1,1,2,5,2,0,2,2,16,6,2,7,5,0,0,0,0,1,0,1,0,0,0,1,1
558,3,3,0,3,1,1,1,155,31,3,14,6.2,0,0,0,0,1,6,1,0,2,3,3,4,7,14,3,0,0,1,0,0,0,0,0,0,0,0,1
559,3,2,0,2,1,1,2,169,34,1,13,6.8,2,2,2,2,2,4,2,0,1,2,1,13,7,12,1,1,1,0,0,0,0,1,0,1,0,0,0
560,4,3,2,1,2,0,1,122,44,3,16,8.8,0,0,0,0,1,6,1,0,1,2,3,16,3,6,16,0,0,0,0,0,0,0,0,0,0,1,0
561,4,3,2,1,0,1,2,154,40,2,19,8,0,0,2,2,2,5,2,0,1,2,2,11,19,5,3,0,0,0,0,0,0,1,0,1,0,1,0
562,4,5,1,4,0,1,0,96,27,2,11,5.4,0,0,1,1,2,5,2,0,0,4,7,2,4,3,11,0,0,1,1,0,1,1,0,0,0,0,0
563,3,4,2,2,0,2,0,111,27,1,14,5.4,2,2,0,0,1,4,2,0,2,2,5,6,1,14,1,1,1,0,0,0,0,0,0,0,0,0,1
564,3,2,0,2,3,1,0,145,20,1,7,4,2,1,1,1,2,4,3,1,0,3,5,6,1,1,7,1,1,1,0,0,0,1,0,0,0,0,0
565,2,3,2,1,1,1,1,144,41,5,13,8.2,0,0,1,1,2,6,1,0,1,2,6,8,9,13,5,0,0,0,0,0,0,1,0,0,0,0,0
566,3,3,3,0,2,0,1,109,39,1,19,7.8,3,2,2,2,2,3,3,1,1,3,1,1,19,1,17,1,1,1,0,0,0,1,0,1,0,1,0
567,3,4,2,2,0,1,1,115,40,1,16,8,1,1,1,1,2,5,2,0,0,2,9,5,1,16,9,1,0,0,0,0,0,1,0,0,0,1,0
568,4,4,2,2,0,1,1,116,43,2,14,8.6,0,0,1,1,2,5,2,0,1,2,2,14,3,11,13,0,0,0,0,0,0,1,0,0,0,0,0
569,4,3,2,1,2,1,0,104,32,1,11,6.4,1,1,2,1,3,5,2,0,1,2,3,7,10,1,11,1,0,0,0,0,0,1,1,0,0,0,0
570,4,2,1,1,3,1,0,128,32,1,14,6.4,1,1,0,0,1,4,3,1,0,3,11,14,1,2,4,1,0,1,0,0,0,0,0,0,0,0,0
571,3,3,0,2,2,1,1,157,32,3,12,6.4,0,0,2,2,2,6,1,0,1,2,7,3,5,12,5,0,0,0,0,0,0,1,0,1,0,0,0
572,5,3,1,2,0,2,1,149,42,4,15,8.4,0,0,2,1,3,6,1,0,1,2,10,5,15,4,8,0,0,0,0,1,0,1,1,0,0,1,0
573,2,3,2,1,0,2,1,138,41,1,16,8.2,1,1,1,1,2,4,2,0,0,2,2,16,14,1,8,1,0,0,0,0,0,1,0,0,0,1,0
574,4,4,0,4,1,0,1,132,29,1,18,5.8,2,1,1,1,2,4,3,1,1,4,1,1,3,6,18,1,1,1,1,0,0,1,0,0,0,1,0
575,1,3,2,1,1,2,0,127,32,1,12,6.4,1,1,1,1,2,5,2,1,0,2,6,12,10,3,1,1,0,0,0,1,0,1,0,0,0,0,0
576,5,3,1,2,1,1,1,137,31,1,10,6.2,1,1,3,2,3,5,2,0,0,2,1,4,10,10,6,1,0,0,0,1,0,1,1,1,0,0,0
577,3,3,0,2,1,3,0,157,21,1,9,4.2,1,1,1,1,2,5,2,0,0,3,1,5,9,3,3,1,0,1,0,0,0,1,0,0,0,0,0
578,1,3,1,2,0,2,1,139,37,2,18,7.4,0,0,3,2,3,4,2,0,1,2,7,2,18,2,8,0,0,0,0,1,0,1,1,1,0,1,0
579,3,4,2,1,1,1,1,133,37,2,15,7.4,0,0,2,2,2,4,2,0,2,2,2,13,2,15,5,0,0,0,0,0,0,1,0,1,0,1,1
580,5,4,3,1,0,2,0,99,30,2,21,6,0,0,1,1,2,3,4,1,2,3,2,2,2,21,3,0,0,1,0,1,0,1,0,0,0,1,1
581,2,4,2,2,0,0,2,128,41,2,22,8.2,0,0,1,1,2,4,2,0,1,2,2,9,6,22,2,0,0,0,0,0,0,1,0,0,0,1,0
582,2,3,1,2,0,2,1,142,39,1,19,7.8,1,1,1,1,2,4,2,0,1,2,10,2,19,7,1,1,0,0,0,0,0,1,0,0,0,1,0
583,3,2,1,1,1,2,1,169,36,4,10,7.2,0,0,1,1,2,6,1,0,2,2,9,10,6,7,4,0,0,0,0,0,0,1,0,0,0,0,1
584,3,2,1,1,1,2,1,175,34,1,12,6.8,2,1,1,1,2,4,3,1,1,2,11,12,9,1,1,1,1,0,0,0,0,1,0,0,0,0,0
585,2,4,3,1,0,1,1,118,35,1,22,7,1,1,1,1,2,5,2,1,2,3,1,3,6,22,3,1,0,1,0,0,0,1,0,0,0,1,1
586,3,5,2,2,1,1,0,91,32,3,13,6.4,0,0,1,1,2,6,1,0,1,2,5,5,3,6,13,0,0,0,0,0,1,1,0,0,0,0,0
587,4,2,0,1,2,3,0,164,23,1,8,4.6,1,1,1,1,2,4,3,1,1,3,7,8,2,1,5,1,0,1,0,0,0,1,0,0,0,0,0
588,3,4,2,1,2,0,1,113,39,3,16,7.8,0,0,2,2,2,6,1,0,0,2,6,7,7,3,16,0,0,0,0,0,0,1,0,1,0,1,0
589,2,2,2,0,1,3,0,152,33,1,20,6.6,1,1,2,1,3,4,2,0,1,3,2,20,5,5,1,1,0,1,0,0,0,1,1,0,0,1,0
590,2,1,0,1,1,2,2,210,25,2,10,5,0,0,1,1,2,5,2,0,1,2,10,6,2,3,4,0,0,0,0,0,1,1,0,0,1,0,0
591,2,3,1,2,1,2,0,142,31,1,16,6.2,2,2,1,1,2,4,2,0,2,2,5,1,16,8,1,1,1,0,0,0,0,1,0,0,0,1,1
592,2,4,3,1,1,0,1,98,42,1,16,8.4,1,1,0,0,1,5,2,1,1,3,3,1,7,15,16,1,0,1,0,0,0,0,0,0,0,1,0
593,3,3,2,1,1,2,0,127,29,1,11,5.8,1,1,1,1,2,5,2,1,1,2,1,3,11,9,5,1,0,0,0,0,0,1,0,0,0,0,0
594,3,3,2,1,2,1,0,113,35,3,12,7,0,0,1,1,2,6,1,0,1,2,6,5,12,3,9,0,0,0,0,0,0,1,0,0,0,0,0
595,1,1,1,0,2,3,0,173,32,2,16,6.4,0,0,2,1,3,5,2,0,2,3,16,4,7,3,2,0,0,1,0,1,1,1,1,0,0,1,1
596,3,4,2,2,1,0,1,101,40,1,18,8,1,1,2,2,2,4,2,0,0,2,1,8,2,11,18,1,0,0,0,0,0,1,0,1,0,1,0
597,3,2,2,0,2,1,1,143,35,1,13,7,1,1,1,1,2,4,2,0,1,2,2,13,1,11,8,1,0,0,0,0,0,1,0,0,0,0,0
598,2,2,1,1,1,2,1,156,41,5,12,8.2,0,0,1,1,2,6,1,0,1,2,8,12,9,5,7,0,0,0,0,0,0,1,0,0,0,0,0
599,4,3,1,2,1,2,0,132,30,1,12,6,1,1,1,1,2,5,2,0,1,2,7,5,12,5,1,1,0,0,0,0,0,1,0,0,0,0,0
600,4,3,1,2,2,1,0,122,31,2,13,6.2,0,0,0,0,1,5,2,0,2,2,6,3,13,2,7,0,0,0,0,0,0,0,0,0,0,0,1
601,3,3,1,2,0,3,0,137,33,1,14,6.6,1,1,0,0,1,5,2,1,0,3,14,3,12,3,1,1,0,1,0,0,0,0,0,0,0,0,0
602,2,3,0,2,3,1,0,144,25,1,8,5,1,1,0,0,1,5,2,0,0,3,1,8,5,3,8,1,0,1,0,0,0,0,0,0,0,0,0
603,4,2,1,1,3,0,1,142,41,1,17,8.2,2,1,0,0,1,4,3,1,1,3,17,6,1,1,16,1,1,1,0,0,0,0,0,0,0,1,0
604,2,4,2,1,1,2,0,114,32,1,12,6.4,1,1,0,0,1,5,2,0,1,2,4,12,3,12,1,1,0,0,0,0,0,0,0,0,0,0,0
605,3,5,5,0,0,1,0,67,37,1,28,7.4,2,2,0,0,1,3,3,1,1,5,1,5,2,1,28,1,1,1,1,0,1,0,0,0,1,1,0
606,3,5,3,2,0,1,0,85,38,1,19,7.6,1,1,0,0,1,5,2,0,1,3,4,1,8,6,19,1,0,1,0,0,1,0,0,0,1,1,0
607,2,2,1,1,1,3,0,158,31,1,13,6.2,1,1,1,1,2,4,3,1,2,3,6,9,13,2,1,1,0,1,0,0,0,1,0,0,0,0,1
608,2,4,2,2,0,1,1,132,40,1,20,8,1,1,3,3,2,5,2,0,2,2,4,10,1,20,5,1,0,0,0,0,0,1,0,1,0,1,1
609,2,2,2,0,1,3,0,152,36,1,19,7.2,1,1,1,1,2,5,2,0,3,3,4,19,7,5,1,1,0,1,0,0,0,1,0,0,0,1,1
610,1,3,0,3,2,1,0,139,22,2,8,4.4,0,0,1,1,2,5,2,0,0,3,4,2,3,5,8,0,0,1,0,1,0,1,0,0,0,0,0
611,3,2,1,0,2,3,0,157,35,1,20,7,1,1,2,2,2,5,2,1,1,3,20,5,6,3,1,1,0,1,0,0,0,1,0,1,0,1,0
612,4,4,2,2,1,1,0,110,27,1,9,5.4,1,1,1,1,2,5,2,0,1,2,3,9,1,6,8,1,0,0,0,0,0,1,0,0,0,0,0
613,3,4,2,2,0,0,2,127,37,1,25,7.4,1,1,1,1,2,5,2,1,0,2,1,3,5,25,3,1,0,0,0,0,0,1,0,0,0,1,0
614,3,2,1,0,2,2,1,177,36,1,14,7.2,1,1,0,0,1,5,2,0,2,2,13,4,14,1,4,1,0,0,0,0,0,0,0,0,0,0,1
615,4,4,1,3,2,0,0,114,17,1,7,3.4,2,1,1,1,2,4,3,1,0,3,7,1,1,4,4,1,1,1,0,0,0,1,0,0,0,0,0
616,4,3,1,2,1,1,1,144,40,5,17,8,0,0,2,2,2,6,1,0,2,2,8,5,5,17,5,0,0,0,0,0,0,1,0,1,0,1,1
617,3,4,2,2,2,0,0,83,23,1,12,4.6,2,2,1,1,2,4,2,0,1,2,1,6,1,12,3,1,1,0,0,0,0,1,0,0,1,0,0
618,2,2,1,1,2,0,2,164,35,1,12,7,1,1,0,0,1,5,2,0,0,2,8,9,5,12,1,1,0,0,0,0,0,0,0,0,0,0,0
619,2,3,2,1,1,2,0,132,34,2,17,6.8,0,0,1,1,2,5,2,0,2,2,2,5,17,5,5,0,0,0,0,0,0,1,0,0,0,1,1
620,3,3,1,2,0,2,1,151,43,1,15,8.6,1,1,1,1,2,5,2,0,0,2,14,1,15,7,6,1,0,0,0,0,0,1,0,0,0,1,0
621,2,5,3,2,0,0,1,86,41,1,23,8.2,1,1,2,2,2,5,2,0,2,3,1,4,10,3,23,1,0,1,0,0,1,1,0,1,1,1,1
622,3,4,1,2,2,1,0,123,25,1,7,5,1,1,0,0,1,5,2,0,1,2,6,1,5,7,6,1,0,0,0,0,0,0,0,0,0,0,0
623,5,2,1,1,1,1,2,175,38,2,17,7.6,0,0,0,0,1,5,2,0,0,2,6,17,9,2,4,0,0,0,0,1,0,0,0,0,0,1,0
624,5,3,2,1,2,1,0,115,34,1,12,6.8,1,1,1,1,2,5,2,0,1,2,6,12,7,1,8,1,0,0,0,1,0,1,0,0,0,0,0
625,4,5,3,1,1,1,0,96,36,1,18,7.2,2,2,0,0,1,4,2,1,1,3,3,1,13,1,18,1,1,1,0,0,1,0,0,0,0,1,0
626,3,2,0,2,1,2,1,169,30,1,12,6,1,1,2,1,3,5,2,0,0,2,1,12,7,7,3,1,0,0,0,0,0,1,1,0,0,0,0
627,4,3,2,0,2,1,1,134,43,3,14,8.6,0,0,2,2,2,6,1,0,0,2,7,13,3,6,14,0,0,0,0,0,0,1,0,1,0,0,0
628,4,4,2,2,1,0,1,100,41,3,19,8.2,0,0,1,1,2,6,1,0,0,2,6,5,3,8,19,0,0,0,0,0,0,1,0,0,0,1,0
629,3,1,0,1,1,2,2,203,25,1,9,5,1,1,1,1,2,5,2,0,0,2,9,3,7,5,1,1,0,0,0,0,1,1,0,0,1,0,0
630,4,3,1,1,3,1,0,128,23,3,9,4.6,0,0,2,2,2,6,1,0,1,3,9,4,3,3,4,0,0,1,0,0,0,1,0,1,0,0,0
631,3,3,3,0,1,2,0,95,33,1,19,6.6,1,1,2,2,2,4,3,1,1,3,1,2,19,8,3,1,0,1,0,0,0,1,0,1,0,1,0
632,3,3,0,2,1,2,1,165,29,3,11,5.8,0,0,1,1,2,6,1,0,0,2,3,3,11,3,9,0,0,0,0,0,0,1,0,0,0,0,0
633,4,4,1,3,0,1,1,140,32,1,19,6.4,1,1,2,1,3,4,2,0,0,3,3,7,1,19,2,1,0,1,0,0,0,1,1,0,0,1,0
634,2,5,2,3,1,0,0,84,23,1,8,4.6,2,1,1,1,2,4,3,1,2,3,6,1,1,8,7,1,1,1,0,0,1,1,0,0,1,0,1
635,5,2,0,2,3,1,0,137,22,1,12,4.4,1,1,1,1,2,4,2,1,1,3,2,12,1,3,4,1,0,1,0,1,0,1,0,0,0,0,0
636,3,5,2,3,0,1,0,95,25,1,11,5,2,2,1,1,2,4,2,0,0,3,1,8,1,4,11,1,1,1,0,0,1,1,0,0,0,0,0
637,2,3,1,1,1,2,1,160,41,1,15,8.2,1,1,0,0,1,5,2,0,1,2,13,6,15,1,6,1,0,0,0,0,0,0,0,0,0,1,0
638,2,3,1,1,2,2,0,136,27,2,11,5.4,0,0,1,1,2,5,2,0,1,2,11,4,2,7,3,0,0,0,0,0,0,1,0,0,0,0,0
639,3,3,1,1,3,1,0,123,26,1,9,5.2,1,1,2,2,2,4,3,1,1,3,9,7,1,2,7,1,0,1,0,0,0,1,0,1,0,0,0
640,3,4,0,3,2,1,0,129,21,1,9,4.2,1,1,1,1,2,5,2,1,1,3,1,3,3,5,9,1,0,1,0,0,0,1,0,0,0,0,0
641,4,3,0,2,1,2,1,166,32,1,15,6.4,1,1,1,1,2,5,2,0,2,2,7,3,15,1,6,1,0,0,0,0,0,1,0,0,0,1,1
642,3,3,1,2,1,1,1,151,37,1,15,7.4,1,1,1,1,2,5,2,0,1,2,9,1,6,15,6,1,0,0,0,0,0,1,0,0,0,1,0
643,3,1,0,1,1,4,0,175,25,1,9,5,2,1,0,0,1,4,3,1,1,4,9,7,1,1,7,1,1,1,1,0,1,0,0,0,0,0,0
644,4,3,1,2,2,1,0,122,31,4,8,6.2,0,0,1,1,2,6,1,0,0,2,8,4,6,5,8,0,0,0,0,0,0,1,0,0,0,0,0
645,2,3,2,1,1,1,1,128,40,1,14,8,1,1,2,2,2,5,2,0,0,2,3,12,10,14,1,1,0,0,0,0,0,1,0,1,0,0,0
646,4,2,2,0,1,0,3,164,43,2,17,8.6,0,0,0,0,1,4,3,1,1,3,7,15,17,2,2,0,0,1,0,0,0,0,0,0,0,1,0
647,3,3,1,1,4,0,0,119,25,1,11,5,1,1,0,0,1,4,3,1,1,4,11,5,2,1,6,1,0,1,1,0,0,0,0,0,0,0,0
648,4,2,0,2,1,2,1,178,30,1,9,6,1,1,2,2,2,5,2,0,0,2,6,9,9,1,5,1,0,0,0,0,0,1,0,1,0,0,0
649,4,3,1,0,2,1,2,162,39,1,18,7.8,2,2,3,3,2,4,2,0,0,2,18,1,11,8,1,1,1,0,0,0,0,1,0,1,0,1,0
650,5,4,3,1,0,1,1,97,38,1,20,7.6,1,1,2,1,3,5,2,1,2,3,1,3,4,20,10,1,0,1,0,1,0,1,1,0,0,1,1
651,2,3,0,3,2,0,1,138,33,1,15,6.6,1,1,1,1,2,5,2,0,1,3,1,4,10,3,15,1,0,1,0,0,0,1,0,0,0,1,0
652,4,3,1,2,0,1,2,156,41,1,25,8.2,1,1,1,1,2,4,2,1,1,2,10,2,25,1,3,1,0,0,0,0,0,1,0,0,0,1,0
653,3,2,2,0,2,2,0,141,34,1,20,6.8,3,3,1,1,2,3,2,0,0,2,1,20,1,11,1,1,1,0,0,0,0,1,0,0,0,1,0
654,3,2,0,1,2,2,1,173,27,5,7,5.4,0,0,3,2,3,6,1,0,1,2,5,5,5,5,7,0,0,0,0,0,0,1,1,1,0,0,0
655,3,1,1,0,0,4,1,205,37,1,30,7.4,3,1,1,1,2,3,4,1,0,4,30,1,1,1,4,1,1,1,1,0,1,1,0,0,1,1,0
656,3,4,2,2,0,2,0,111,37,2,15,7.4,0,0,0,0,1,5,2,0,2,2,4,7,2,15,9,0,0,0,0,0,0,0,0,0,0,1,1
657,3,3,1,2,0,2,1,165,33,1,20,6.6,1,1,2,2,2,5,2,1,2,2,4,5,20,1,3,1,0,0,0,0,0,1,0,1,0,1,1
658,2,2,1,1,2,2,0,148,28,3,11,5.6,0,0,1,1,2,6,1,0,1,2,11,6,3,4,4,0,0,0,0,0,0,1,0,0,0,0,0
659,4,3,1,2,2,0,1,142,35,1,13,7,1,1,2,2,2,4,2,0,1,2,11,1,8,2,13,1,0,0,0,0,0,1,0,1,0,0,0
660,4,2,2,0,1,2,1,152,40,5,14,8,0,0,3,3,2,6,1,0,0,2,5,14,10,6,5,0,0,0,0,0,0,1,0,1,0,0,0
661,2,4,2,2,1,1,0,102,36,1,11,7.2,1,1,1,1,2,5,2,0,0,2,1,9,8,7,11,1,0,0,0,0,0,1,0,0,0,0,0
662,5,5,3,2,0,1,0,83,32,1,22,6.4,1,1,1,1,2,4,2,1,0,3,1,3,2,4,22,1,0,1,0,1,1,1,0,0,1,1,0
663,3,4,3,1,0,1,1,115,39,2,19,7.8,0,0,1,1,2,5,2,0,1,3,2,3,11,19,4,0,0,1,0,0,0,1,0,0,0,1,0
664,2,2,1,1,0,2,2,184,34,3,13,6.8,0,0,1,1,2,6,1,0,0,2,10,13,3,5,3,0,0,0,0,0,0,1,0,0,0,0,0
665,3,4,2,2,0,1,1,121,39,1,21,7.8,1,1,0,0,1,5,2,0,1,2,1,5,6,21,6,1,0,0,0,0,0,0,0,0,0,1,0
666,2,5,3,2,1,0,0,68,26,2,11,5.2,0,0,0,0,1,4,3,1,3,3,2,2,5,6,11,0,0,1,0,0,1,0,0,0,1,0,1
667,5,2,0,2,1,1,2,179,28,1,12,5.6,1,1,2,2,2,4,2,0,1,2,2,8,12,5,1,1,0,0,0,1,0,1,0,1,0,0,0
668,2,3,0,3,2,1,0,124,20,1,9,4,1,1,2,2,2,4,3,1,1,3,2,1,9,3,5,1,0,1,0,0,0,1,0,1,0,0,0
669,3,3,2,1,1,2,0,135,31,1,12,6.2,1,1,1,1,2,5,2,0,0,2,1,12,9,4,5,1,0,0,0,0,0,1,0,0,0,0,0
670,3,2,0,2,2,1,1,163,30,1,13,6,2,2,1,1,2,4,2,0,0,2,7,8,1,13,1,1,1,0,0,0,0,1,0,0,0,0,0
671,5,4,3,1,0,2,0,105,28,1,18,5.6,1,1,0,0,1,4,3,1,0,3,2,1,3,18,4,1,0,1,0,1,0,0,0,0,0,1,0
672,3,2,1,0,2,2,1,169,37,3,13,7.4,0,0,2,2,2,6,1,0,1,2,13,7,3,5,9,0,0,0,0,0,0,1,0,1,0,0,0
673,4,3,2,1,1,1,1,140,37,3,12,7.4,0,0,1,1,2,6,1,0,0,2,3,7,12,4,11,0,0,0,0,0,0,1,0,0,0,0,0
674,4,3,2,1,2,1,0,116,22,1,11,4.4,1,1,0,0,1,4,2,0,1,2,1,4,11,2,4,1,0,0,0,0,0,0,0,0,0,0,0
675,4,5,2,3,0,0,1,98,44,3,27,8.8,0,0,3,3,2,6,1,0,0,3,7,3,4,3,27,0,0,1,0,0,1,1,0,1,0,1,0
676,4,3,2,1,0,2,1,144,44,5,17,8.8,0,0,0,0,1,6,1,0,3,2,7,9,17,5,6,0,0,0,0,0,0,0,0,0,0,1,1
677,2,2,0,2,1,1,2,172,32,3,12,6.4,0,0,1,1,2,6,1,0,0,2,3,9,12,5,3,0,0,0,0,0,0,1,0,0,0,0,0
678,3,4,3,1,1,1,0,89,33,1,13,6.6,2,1,1,1,2,4,3,1,1,3,1,1,6,13,12,1,1,1,0,0,0,1,0,0,1,0,0
679,3,4,3,1,1,1,0,89,31,2,12,6.2,0,0,1,1,2,4,3,1,1,3,2,2,7,12,8,0,0,1,0,0,0,1,0,0,1,0,0
680,2,3,2,1,1,1,1,136,38,3,10,7.6,0,0,2,2,2,6,1,0,0,2,6,9,10,3,10,0,0,0,0,0,0,1,0,1,0,0,0
681,4,1,0,0,4,0,2,188,23,1,14,4.6,1,1,1,1,2,4,2,0,1,4,3,3,2,14,1,1,0,1,1,0,1,1,0,0,1,0,0
682,5,1,0,1,2,2,1,183,26,3,8,5.2,0,0,2,2,2,6,1,0,2,2,6,4,8,3,5,0,0,0,0,1,1,1,0,1,0,0,1
683,2,3,1,2,2,1,0,134,34,1,12,6.8,1,1,1,1,2,5,2,0,1,2,7,7,7,1,12,1,0,0,0,0,0,1,0,0,0,0,0
684,6,4,1,3,1,1,0,108,38,2,14,7.6,0,0,2,2,2,5,2,0,0,3,10,4,2,8,14,0,0,1,0,1,0,1,0,1,0,0,0
685,1,3,2,1,1,2,0,131,34,1,16,6.8,1,1,1,1,2,4,2,0,0,2,1,5,16,10,2,1,0,0,0,1,0,1,0,0,0,1,0
686,4,3,1,2,2,0,1,126,36,1,18,7.2,1,1,1,1,2,5,2,0,2,2,5,3,9,1,18,1,0,0,0,0,0,1,0,0,0,1,1
687,2,4,3,1,1,0,1,102,41,2,15,8.2,0,0,1,1,2,5,2,0,0,3,7,2,3,15,14,0,0,1,0,0,0,1,0,0,0,1,0
688,4,3,1,1,2,2,0,134,30,1,11,6,2,2,2,1,3,4,2,0,0,2,10,7,1,11,1,1,1,0,0,0,0,1,1,0,0,0,0
689,3,3,1,2,1,2,0,147,31,2,11,6.2,0,0,1,1,2,4,2,0,0,2,10,2,11,6,2,0,0,0,0,0,0,1,0,0,0,0,0
690,3,0,0,0,2,4,0,193,15,1,8,3,3,3,1,1,2,3,2,0,1,4,1,8,1,4,1,1,1,1,1,0,1,1,0,0,1,0,0
691,6,1,0,1,1,2,2,198,30,2,12,6,0,0,3,2,3,4,2,0,1,2,12,6,2,8,2,0,0,0,0,1,1,1,1,1,1,0,0
692,3,4,1,3,0,2,0,111,33,1,17,6.6,1,1,0,0,1,5,2,1,1,3,8,3,1,17,4,1,0,1,0,0,0,0,0,0,0,1,0
693,2,3,2,1,1,1,1,122,41,5,17,8.2,0,0,1,1,2,6,1,0,1,2,5,5,17,6,8,0,0,0,0,0,0,1,0,0,0,1,0
694,5,3,1,2,1,1,1,143,36,5,10,7.2,0,0,2,2,2,6,1,0,0,2,8,5,5,8,10,0,0,0,0,1,0,1,0,1,0,0,0
695,1,2,1,1,1,3,0,153,34,1,14,6.8,1,1,2,2,2,5,2,0,1,3,14,8,7,1,4,1,0,1,0,1,0,1,0,1,0,0,0
696,2,4,2,2,0,2,0,114,37,2,16,7.4,0,0,1,1,2,5,2,0,3,2,6,9,2,16,4,0,0,0,0,0,0,1,0,0,0,1,1
697,4,4,3,1,0,2,0,98,37,3,22,7.4,0,0,0,0,1,6,1,0,0,3,3,3,3,22,6,0,0,1,0,0,0,0,0,0,0,1,0
698,6,4,1,2,1,2,0,118,34,2,12,6.8,0,0,3,2,3,5,2,0,2,2,8,2,8,12,4,0,0,0,0,1,0,1,1,1,0,0,1
699,3,5,3,1,2,0,0,83,25,1,8,5,1,1,0,0,1,5,2,1,1,3,1,3,8,5,8,1,0,1,0,0,1,0,0,0,1,0,0
700,3,1,0,1,4,0,1,165,33,1,14,6.6,2,1,0,0,1,4,3,1,1,4,12,5,1,1,14,1,1,1,1,0,1,0,0,0,0,0,0
701,1,4,2,2,0,2,0,117,35,2,20,7,0,0,1,1,2,4,2,0,0,2,7,4,2,20,2,0,0,0,0,1,0,1,0,0,0,1,0
702,3,3,1,2,3,0,0,111,26,2,10,5.2,0,0,2,2,2,5,2,0,2,3,10,3,8,2,3,0,0,1,0,0,0,1,0,1,0,0,1
703,3,1,1,0,1,2,2,187,34,2,18,6.8,0,0,1,1,2,5,2,0,0,2,18,3,2,8,3,0,0,0,0,0,1,1,0,0,1,1,0
704,3,3,3,0,1,1,1,111,41,3,15,8.2,0,0,1,1,2,6,1,0,1,3,3,4,15,10,9,0,0,1,0,0,0,1,0,0,0,1,0
705,3,4,2,1,2,0,1,119,44,5,17,8.8,0,0,0,0,1,6,1,0,1,2,5,11,5,6,17,0,0,0,0,0,0,0,0,0,0,1,0
706,1,4,4,0,2,0,0,81,27,1,18,5.4,1,1,1,1,2,3,3,1,2,4,1,2,4,18,2,1,0,1,1,1,0,1,0,0,1,1,1
707,2,3,1,2,1,1,1,140,42,5,15,8.4,0,0,3,3,2,6,1,0,0,2,10,7,5,15,5,0,0,0,0,0,0,1,0,1,0,1,0
708,2,4,2,2,0,1,1,126,43,3,15,8.6,0,0,0,0,1,6,1,0,2,2,8,6,3,15,11,0,0,0,0,0,0,0,0,0,0,1,1
709,1,2,1,1,1,2,1,177,34,3,12,6.8,0,0,1,1,2,6,1,0,1,2,8,12,6,3,5,0,0,0,0,1,0,1,0,0,0,0,0
710,4,3,3,0,2,1,0,98,30,1,15,6,2,2,2,2,2,4,2,0,0,3,1,5,15,1,8,1,1,1,0,0,0,1,0,1,0,1,0
711,5,2,0,2,1,2,1,167,34,2,11,6.8,0,0,2,1,3,5,2,0,1,2,4,9,11,2,8,0,0,0,0,1,0,1,1,0,0,0,0
712,4,2,0,2,1,2,1,176,28,1,12,5.6,1,1,1,1,2,4,3,1,1,2,3,10,1,2,12,1,0,0,0,0,0,1,0,0,0,0,0
713,4,5,2,3,1,0,0,82,21,1,10,4.2,1,1,1,1,2,5,2,1,0,3,3,10,3,1,4,1,0,1,0,0,1,1,0,0,1,0,0
714,4,3,2,0,1,3,0,140,39,3,15,7.8,0,0,1,1,2,6,1,0,0,3,6,15,11,4,3,0,0,1,0,0,0,1,0,0,0,1,0
715,4,2,2,0,1,1,2,154,42,3,20,8.4,0,0,1,1,2,6,1,0,2,2,5,20,6,8,3,0,0,0,0,0,0,1,0,0,0,1,1
716,2,4,2,2,2,0,0,96,28,1,13,5.6,1,1,1,1,2,5,2,0,1,2,4,7,3,13,1,1,0,0,0,0,0,1,0,0,0,0,0
717,3,3,1,2,2,1,0,117,30,3,9,6,0,0,1,1,2,6,1,0,1,2,9,8,6,3,4,0,0,0,0,0,0,1,0,0,0,0,0
718,3,3,1,2,1,2,0,129,35,3,9,7,0,0,0,0,1,6,1,0,2,2,7,9,3,9,7,0,0,0,0,0,0,0,0,0,0,0,1
719,3,5,2,3,0,0,1,107,39,1,23,7.8,1,1,1,1,2,5,2,0,2,3,4,5,6,1,23,1,0,1,0,0,1,1,0,0,0,1,1
720,3,2,1,1,1,3,0,149,36,1,17,7.2,1,1,0,0,1,4,3,1,0,3,11,17,5,2,1,1,0,1,0,0,0,0,0,0,0,1,0
721,4,1,1,0,1,1,3,192,43,1,27,8.6,1,1,1,1,2,4,3,1,1,3,27,7,6,2,1,1,0,1,0,0,1,1,0,0,1,1,0
722,3,3,0,2,2,1,1,159,31,2,9,6.2,0,0,0,0,1,5,2,0,1,2,2,7,9,9,4,0,0,0,0,0,0,0,0,0,0,0,0
723,2,1,0,1,1,3,1,198,24,1,10,4.8,1,1,1,1,2,4,3,1,1,3,10,3,2,1,8,1,0,1,0,0,1,1,0,0,1,0,0
724,4,2,2,0,0,3,1,156,39,2,25,7.8,0,0,0,0,1,4,3,1,2,3,6,25,2,2,4,0,0,1,0,0,0,0,0,0,0,1,1
725,5,4,2,1,1,0,2,137,37,1,20,7.4,1,1,1,1,2,3,2,0,1,2,1,12,2,20,2,1,0,0,0,1,0,1,0,0,0,1,0
726,4,3,1,1,2,1,1,134,43,2,11,8.6,0,0,3,2,3,5,2,0,1,2,10,10,2,11,10,0,0,0,0,0,0,1,1,1,0,0,0
727,4,5,3,1,1,1,0,96,24,1,10,4.8,1,1,1,1,2,3,3,1,1,3,1,2,9,2,10,1,0,1,0,0,1,1,0,0,0,0,0
728,2,3,3,0,1,2,0,120,34,3,20,6.8,0,0,1,1,2,6,1,0,1,3,3,4,20,4,3,0,0,1,0,0,0,1,0,0,0,1,0
729,4,3,0,2,2,1,1,156,34,4,10,6.8,0,0,2,2,2,6,1,0,0,2,6,4,5,10,9,0,0,0,0,0,0,1,0,1,0,0,0
730,1,6,2,3,1,0,0,83,18,1,6,3.6,1,1,1,1,2,5,2,1,0,3,6,4,1,3,4,1,0,1,0,1,1,1,0,0,1,0,0
731,4,3,2,1,1,0,2,134,43,3,17,8.6,0,0,2,2,2,6,1,0,0,2,5,6,12,17,3,0,0,0,0,0,0,1,0,1,0,1,0
732,3,4,3,1,1,1,0,87,30,1,12,6,1,1,2,2,2,4,3,1,1,3,2,1,12,10,5,1,0,1,0,0,0,1,0,1,1,0,0
733,3,1,0,1,1,4,0,175,29,1,13,5.8,1,1,0,0,1,4,3,1,1,4,13,8,1,2,5,1,0,1,1,0,1,0,0,0,0,0,0
734,3,2,1,1,0,2,2,183,39,1,21,7.8,1,1,1,1,2,5,2,1,0,2,10,21,1,3,4,1,0,0,0,0,0,1,0,0,0,1,0
735,5,3,2,1,1,1,1,133,36,3,14,7.2,0,0,1,1,2,6,1,0,2,2,5,3,14,10,4,0,0,0,0,1,0,1,0,0,0,0,1
736,4,5,1,3,2,0,0,96,25,1,9,5,1,1,2,2,2,5,2,1,1,3,9,6,1,3,6,1,0,1,0,0,1,1,0,1,0,0,0
737,4,3,0,3,2,0,1,138,28,2,14,5.6,0,0,0,0,1,5,2,0,2,3,2,3,6,3,14,0,0,1,0,0,0,0,0,0,0,0,1
738,3,0,0,0,3,1,2,201,20,1,10,4,2,2,2,2,2,4,2,0,1,3,4,1,10,4,1,1,1,1,0,0,1,1,0,1,1,0,0
739,4,2,1,0,2,3,0,160,28,1,15,5.6,2,1,0,0,1,4,3,1,0,3,15,7,4,1,1,1,1,1,0,0,0,0,0,0,0,1,0
740,3,6,3,3,0,0,0,73,15,1,7,3,2,2,1,1,2,3,3,1,0,3,4,1,7,1,2,1,1,1,0,0,1,1,0,0,1,0,0
741,4,2,1,0,2,1,2,176,40,1,16,8,1,1,2,2,2,5,2,0,0,2,16,6,7,10,1,1,0,0,0,0,0,1,0,1,0,1,0
742,2,3,2,1,0,3,0,144,32,1,23,6.4,1,1,1,1,2,4,2,1,0,3,2,3,23,1,3,1,0,1,0,0,0,1,0,0,0,1,0
743,4,3,0,2,1,1,2,174,29,2,13,5.8,0,0,2,2,2,5,2,0,0,2,4,2,13,7,3,0,0,0,0,0,0,1,0,1,0,0,0
744,3,4,1,2,1,1,1,139,31,3,13,6.2,0,0,1,1,2,6,1,0,4,2,5,3,3,13,7,0,0,0,0,0,0,1,0,0,0,0,1
745,4,5,4,1,1,0,0,50,22,1,11,4.4,2,1,2,2,2,4,3,1,0,4,1,1,6,3,11,1,1,1,1,0,1,1,0,1,1,0,0
746,3,2,1,1,0,2,2,171,42,3,21,8.4,0,0,2,2,2,6,1,0,2,2,9,21,3,6,3,0,0,0,0,0,0,1,0,1,0,1,1
747,3,4,2,2,2,0,0,93,21,2,9,4.2,0,0,0,0,1,4,2,0,1,2,2,3,2,9,5,0,0,0,0,0,0,0,0,0,0,0,0
748,3,4,2,1,1,2,0,111,29,1,9,5.8,1,1,2,2,2,5,2,0,0,2,7,3,9,9,1,1,0,0,0,0,0,1,0,1,0,0,0
749,1,2,0,2,2,1,1,155,33,2,11,6.6,0,0,2,1,3,4,2,0,0,2,2,10,2,8,11,0,0,0,0,1,0,1,1,0,0,0,0
750,3,4,2,2,1,1,0,97,35,1,13,7,1,1,0,0,1,5,2,0,1,2,1,13,4,5,12,1,0,0,0,0,0,0,0,0,0,0,0
751,1,4,2,2,1,0,1,115,41,1,16,8.2,1,1,1,1,2,5,2,0,0,2,1,12,4,8,16,1,0,0,0,1,0,1,0,0,0,1,0
752,2,3,1,2,0,2,1,156,39,3,13,7.8,0,0,2,2,2,6,1,0,3,2,12,4,13,7,3,0,0,0,0,0,0,1,0,1,0,0,1
753,4,3,1,2,1,1,1,140,39,2,15,7.8,0,0,1,1,2,5,2,0,0,2,15,2,5,13,4,0,0,0,0,0,0,1,0,0,0,1,0
754,3,3,2,1,2,1,0,111,29,2,9,5.8,0,0,0,0,1,5,2,0,3,2,6,9,7,5,2,0,0,0,0,0,0,0,0,0,0,0,1
755,1,2,0,2,3,1,0,147,23,1,12,4.6,1,1,1,1,2,3,3,1,0,3,1,12,2,2,6,1,0,1,0,1,0,1,0,0,0,0,0
756,1,4,1,3,2,0,0,113,18,1,9,3.6,1,1,1,1,2,3,3,1,2,3,4,2,2,9,1,1,0,1,0,1,0,1,0,0,0,0,1
757,4,4,2,2,0,1,1,118,38,1,16,7.6,1,1,1,1,2,5,2,0,0,2,1,4,6,16,11,1,0,0,0,0,0,1,0,0,0,1,0
758,4,3,2,1,1,1,1,138,38,3,18,7.6,0,0,1,1,2,6,1,0,0,2,4,3,18,9,4,0,0,0,0,0,0,1,0,0,0,1,0
759,3,1,1,0,0,3,2,203,34,1,24,6.8,1,1,1,1,2,4,3,1,2,3,24,3,4,2,1,1,0,1,0,0,1,1,0,0,1,1,1
760,3,2,1,0,2,1,2,175,33,1,12,6.6,1,1,1,1,2,5,2,0,2,2,12,5,4,11,1,1,0,0,0,0,0,1,0,0,0,0,1
761,3,3,2,1,1,0,2,133,41,3,18,8.2,0,0,1,1,2,6,1,0,1,2,3,4,13,18,3,0,0,0,0,0,0,1,0,0,0,1,0
762,4,4,2,1,2,0,1,104,40,2,15,8,0,0,2,1,3,5,2,0,0,2,2,9,9,5,15,0,0,0,0,0,0,1,1,0,0,1,0
763,2,3,2,1,0,2,1,136,40,2,16,8,0,0,1,1,2,5,2,0,1,2,5,8,16,2,9,0,0,0,0,0,0,1,0,0,0,1,0
764,2,2,1,0,2,3,0,154,29,2,15,5.8,0,0,1,1,2,4,2,0,1,3,15,2,7,3,2,0,0,1,0,0,0,1,0,0,0,1,0
765,3,4,3,1,0,0,2,109,42,1,30,8.4,1,1,2,2,2,4,2,0,0,3,2,5,4,30,1,1,0,1,0,0,0,1,0,1,0,1,0
766,4,1,1,0,1,3,1,188,32,1,21,6.4,1,1,1,1,2,4,2,0,0,3,21,4,1,4,2,1,0,1,0,0,1,1,0,0,1,1,0
767,3,3,1,2,0,2,1,147,37,3,11,7.4,0,0,1,1,2,6,1,0,1,2,10,5,11,3,8,0,0,0,0,0,0,1,0,0,0,0,0
768,3,1,1,0,3,1,1,175,37,1,20,7.4,1,1,1,1,2,4,3,1,0,3,20,2,1,8,6,1,0,1,0,0,1,1,0,0,0,1,0
769,5,4,2,2,0,0,2,125,40,2,25,8,0,0,2,2,2,5,2,0,1,2,2,4,5,25,4,0,0,0,0,1,0,1,0,1,0,1,0
770,5,3,2,1,1,1,1,127,42,3,16,8.4,0,0,2,2,2,6,1,0,0,2,8,3,11,16,4,0,0,0,0,1,0,1,0,1,0,1,0
771,3,5,2,2,2,0,0,101,23,1,8,4.6,1,1,0,0,1,5,2,1,0,2,4,7,1,3,8,1,0,0,0,0,1,0,0,0,0,0,0
772,4,5,2,2,1,0,1,98,36,1,20,7.2,1,1,2,1,3,5,2,0,2,2,1,5,3,7,20,1,0,0,0,0,1,1,1,0,0,1,1
773,4,4,1,2,1,2,0,126,27,2,10,5.4,0,0,1,1,2,5,2,0,1,2,4,7,2,10,4,0,0,0,0,0,0,1,0,0,0,0,0
774,1,3,0,3,1,1,1,149,30,3,10,6,0,0,2,2,2,6,1,0,1,3,3,3,10,6,8,0,0,1,0,1,0,1,0,1,0,0,0
775,3,2,0,2,1,2,1,165,31,1,17,6.2,1,1,1,1,2,5,2,0,2,2,1,17,4,5,4,1,0,0,0,0,0,1,0,0,0,1,1
776,2,4,2,1,2,1,0,124,32,1,12,6.4,1,1,2,1,3,5,2,0,0,2,1,9,3,7,12,1,0,0,0,0,0,1,1,0,0,0,0
777,3,4,1,2,1,2,0,127,31,3,13,6.2,0,0,1,1,2,6,1,0,1,2,6,5,4,13,3,0,0,0,0,0,0,1,0,0,0,0,0
778,4,2,1,0,1,3,1,176,35,1,15,7,2,1,2,2,2,4,3,1,3,3,15,14,1,1,4,1,1,1,0,0,0,1,0,1,0,1,1
779,2,3,1,2,1,1,1,136,35,5,10,7,0,0,1,1,2,6,1,0,2,2,6,7,5,10,7,0,0,0,0,0,0,1,0,0,0,0,1
780,6,4,0,3,2,0,1,144,30,2,18,6,0,0,2,2,2,3,4,1,1,3,2,2,2,6,18,0,0,1,0,1,0,1,0,1,0,1,0
781,3,4,0,4,1,1,0,127,28,1,15,5.6,1,1,1,1,2,4,3,1,1,4,5,2,1,5,15,1,0,1,1,0,0,1,0,0,0,1,0
782,2,2,1,1,0,3,1,172,39,3,13,7.8,0,0,1,1,2,6,1,0,1,3,12,13,3,4,7,0,0,1,0,0,0,1,0,0,0,0,0
783,3,4,0,4,0,1,1,145,31,1,21,6.2,3,1,1,1,2,3,4,1,2,4,1,1,1,21,7,1,1,1,1,0,0,1,0,0,0,1,1
784,4,2,2,0,2,2,0,130,36,1,13,7.2,1,1,1,1,2,5,2,0,0,2,7,13,1,7,8,1,0,0,0,0,0,1,0,0,0,0,0
785,3,3,2,1,2,1,0,109,29,1,10,5.8,1,1,2,2,2,4,2,0,0,2,2,9,10,1,7,1,0,0,0,0,0,1,0,1,0,0,0
786,1,4,0,4,2,0,0,117,18,1,6,3.6,1,1,1,1,2,5,2,1,1,4,3,1,4,4,6,1,0,1,1,1,0,1,0,0,0,0,0
787,3,4,2,2,2,0,0,95,23,1,11,4.6,2,2,1,1,2,4,2,0,1,2,1,7,3,11,1,1,1,0,0,0,0,1,0,0,0,0,0
788,4,4,2,2,0,2,0,116,37,1,16,7.4,1,1,1,1,2,5,2,0,0,2,8,1,8,16,4,1,0,0,0,0,0,1,0,0,0,1,0
789,3,5,3,2,0,0,1,91,43,1,26,8.6,1,1,1,1,2,5,2,0,2,3,4,1,5,7,26,1,0,1,0,0,1,1,0,0,0,1,1
790,4,3,2,1,2,0,1,128,38,3,11,7.6,0,0,0,0,1,6,1,0,1,2,5,11,8,3,11,0,0,0,0,0,0,0,0,0,0,0,0
791,2,3,2,1,0,2,1,130,40,2,19,8,0,0,2,1,3,4,2,0,0,2,8,2,19,2,9,0,0,0,0,0,0,1,1,0,0,1,0
792,4,3,2,1,2,1,0,118,34,4,12,6.8,0,0,1,1,2,6,1,0,1,2,5,12,6,4,7,0,0,0,0,0,0,1,0,0,0,0,0
793,4,3,1,1,1,2,1,162,33,3,14,6.6,0,0,1,1,2,6,1,0,0,2,5,6,14,3,5,0,0,0,0,0,0,1,0,0,0,0,0
794,2,4,2,2,1,1,0,118,32,1,11,6.4,2,2,1,1,2,4,2,0,1,2,1,11,1,11,8,1,1,0,0,0,0,1,0,0,0,0,0
795,2,3,2,1,1,2,0,124,35,3,13,7,0,0,1,1,2,6,1,0,1,2,7,3,13,8,4,0,0,0,0,0,0,1,0,0,0,0,0
796,3,2,1,0,2,2,1,165,40,1,20,8,1,1,3,2,3,5,2,0,1,2,20,5,10,4,1,1,0,0,0,0,0,1,1,1,0,1,0
797,4,2,1,0,1,3,1,174,40,1,17,8,1,1,2,2,2,5,2,0,0,3,17,9,1,7,6,1,0,1,0,0,0,1,0,1,0,1,0
798,0,4,2,1,1,2,0,116,34,4,10,6.8,0,0,2,1,3,6,1,0,2,2,8,4,8,10,4,0,0,0,0,1,0,1,1,0,0,0,1
799,3,2,0,2,1,1,2,173,33,3,11,6.6,0,0,1,1,2,6,1,0,0,2,5,6,11,8,3,0,0,0,0,0,0,1,0,0,0,0,0
800,2,4,3,1,1,0,1,100,44,2,17,8.8,0,0,0,0,1,5,2,0,2,3,3,6,2,16,17,0,0,1,0,0,0,0,0,0,0,1,1
801,4,1,0,1,2,1,2,194,27,1,9,5.4,1,1,1,1,2,5,2,0,1,2,8,3,9,6,1,1,0,0,0,0,1,1,0,0,1,0,0
802,1,4,1,3,1,0,1,117,32,1,18,6.4,2,1,1,1,2,4,3,1,0,3,1,1,6,6,18,1,1,1,0,1,0,1,0,0,0,1,0
803,3,3,2,1,2,0,1,127,38,4,13,7.6,0,0,0,0,1,6,1,0,0,2,4,5,12,4,13,0,0,0,0,0,0,0,0,0,0,0,0
804,2,3,2,1,1,2,0,118,35,3,13,7,0,0,1,1,2,6,1,0,1,2,9,3,13,6,4,0,0,0,0,0,0,1,0,0,0,0,0
805,3,4,1,3,0,2,0,109,29,1,13,5.8,2,2,2,2,2,4,2,0,2,3,9,1,5,13,1,1,1,1,0,0,0,1,0,1,0,0,1
806,3,2,0,2,1,3,0,163,24,1,8,4.8,1,1,0,0,1,5,2,0,1,3,6,3,8,6,1,1,0,1,0,0,0,0,0,0,0,0,0
807,2,3,2,1,1,2,0,128,29,1,9,5.8,1,1,1,1,2,5,2,0,0,2,4,8,7,9,1,1,0,0,0,0,0,1,0,0,0,0,0
808,5,2,0,1,1,2,2,183,28,1,10,5.6,1,1,2,1,3,4,2,0,0,2,6,10,1,9,2,1,0,0,0,1,0,1,1,0,0,0,0
809,4,4,1,3,1,1,0,112,34,2,17,6.8,0,0,0,0,1,5,2,0,1,3,5,4,2,6,17,0,0,1,0,0,0,0,0,0,0,1,0
810,5,4,2,1,1,1,1,131,38,3,18,7.6,0,0,1,1,2,6,1,0,0,2,5,3,8,18,4,0,0,0,0,1,0,1,0,0,0,1,0
811,4,4,1,2,1,1,1,140,37,2,15,7.4,0,0,1,1,2,5,2,0,1,2,3,8,2,15,9,0,0,0,0,0,0,1,0,0,0,1,0
812,3,5,2,3,0,0,1,89,42,2,27,8.4,0,0,1,1,2,3,3,1,0,3,2,9,2,2,27,0,0,1,0,0,1,1,0,0,1,1,0
813,2,1,0,1,1,2,2,196,33,1,19,6.6,1,1,1,1,2,4,2,0,0,2,19,4,1,7,2,1,0,0,0,0,1,1,0,0,1,1,0
814,2,2,1,0,2,1,2,176,43,3,19,8.6,0,0,2,2,2,6,1,0,1,2,19,7,10,4,3,0,0,0,0,0,0,1,0,1,0,1,0
815,4,2,0,1,4,1,0,152,19,1,9,3.8,2,1,2,2,2,4,3,1,1,4,4,4,1,1,9,1,1,1,1,0,0,1,0,1,0,0,0
816,4,3,0,3,1,2,0,148,27,1,10,5.4,1,1,2,1,3,4,2,0,0,3,6,1,10,2,8,1,0,1,0,0,0,1,1,0,0,0,0
817,5,4,2,2,1,0,1,105,40,1,18,8,1,1,2,1,3,5,2,1,1,2,6,3,1,12,18,1,0,0,0,1,0,1,1,0,0,1,0
818,3,2,0,2,4,0,0,141,16,1,10,3.2,3,2,1,1,2,3,3,1,1,4,1,10,3,1,1,1,1,1,1,0,0,1,0,0,0,0,0
819,3,1,0,1,1,3,1,197,29,2,9,5.8,0,0,1,1,2,5,2,0,1,3,9,8,5,2,5,0,0,1,0,0,1,1,0,0,1,0,0
820,2,3,1,0,3,1,1,160,32,1,11,6.4,1,1,2,2,2,5,2,0,0,3,11,1,8,5,7,1,0,1,0,0,0,1,0,1,0,0,0
821,3,3,1,2,2,0,1,123,43,1,15,8.6,1,1,1,1,2,5,2,0,0,2,11,1,11,5,15,1,0,0,0,0,0,1,0,0,0,1,0
822,2,3,1,2,2,1,0,134,27,2,9,5.4,0,0,0,0,1,5,2,0,1,2,9,2,4,3,9,0,0,0,0,0,0,0,0,0,0,0,0
823,1,2,0,2,2,2,0,159,28,1,13,5.6,1,1,0,0,1,4,2,0,2,2,6,6,2,13,1,1,0,0,0,1,0,0,0,0,0,0,1
824,3,2,2,0,2,2,0,141,31,2,15,6.2,0,0,2,2,2,5,2,0,1,2,2,15,5,5,4,0,0,0,0,0,0,1,0,1,0,1,0
825,4,3,1,1,1,3,0,146,30,2,10,6,0,0,2,2,2,5,2,0,1,3,7,6,10,2,5,0,0,1,0,0,0,1,0,1,0,0,0
826,3,2,0,2,2,2,0,147,23,1,8,4.6,1,1,2,2,2,5,2,0,1,2,3,8,1,8,3,1,0,0,0,0,0,1,0,1,0,0,0
827,4,3,1,2,1,1,1,134,39,1,17,7.8,1,1,0,0,1,5,2,0,1,2,6,1,17,4,11,1,0,0,0,0,0,0,0,0,0,1,0
828,5,3,2,1,1,2,0,123,35,2,16,7,0,0,1,1,2,5,2,0,1,2,3,6,16,2,8,0,0,0,0,1,0,1,0,0,0,1,0
829,5,2,2,0,0,2,2,163,41,1,26,8.2,1,1,2,1,3,4,2,0,2,2,1,26,4,8,2,1,0,0,0,1,0,1,1,0,0,1,1
830,2,4,2,2,0,2,0,120,33,1,19,6.6,2,2,2,2,2,3,2,0,1,2,1,10,2,19,1,1,1,0,0,0,0,1,0,1,0,1,0
831,4,4,2,2,0,2,0,118,36,3,12,7.2,0,0,1,1,2,6,1,0,1,2,7,6,3,12,8,0,0,0,0,0,0,1,0,0,0,0,0
832,3,3,0,3,1,1,1,155,30,1,14,6,1,1,1,1,2,5,2,0,1,3,1,5,7,14,3,1,0,1,0,0,0,1,0,0,0,0,0
833,2,2,0,2,1,1,2,182,30,1,12,6,1,1,1,1,2,4,3,1,0,2,6,12,9,2,1,1,0,0,0,0,0,1,0,0,0,0,0
834,2,3,2,1,0,1,2,152,37,1,17,7.4,1,1,1,1,2,4,2,0,2,2,2,10,17,7,1,1,0,0,0,0,0,1,0,0,0,1,1
835,3,3,2,1,1,1,1,143,36,1,15,7.2,1,1,1,1,2,5,2,1,0,2,1,3,15,10,7,1,0,0,0,0,0,1,0,0,0,1,0
836,3,4,2,2,2,0,0,89,27,2,12,5.4,0,0,1,1,2,4,2,0,2,2,8,2,3,12,2,0,0,0,0,0,0,1,0,0,1,0,1
837,3,1,1,0,3,1,1,163,43,2,23,8.6,0,0,1,1,2,5,2,0,1,3,23,3,2,3,12,0,0,1,0,0,1,1,0,0,0,1,0
838,3,3,1,2,0,3,0,147,29,2,16,5.8,0,0,0,0,1,5,2,0,1,3,5,3,16,3,2,0,0,1,0,0,0,0,0,0,0,1,0
839,5,6,2,4,0,0,0,67,16,1,6,3.2,2,1,2,2,2,3,4,1,1,4,6,2,1,1,6,1,1,1,1,1,1,1,0,1,1,0,0
840,3,3,2,1,2,0,1,117,41,1,17,8.2,1,1,0,0,1,4,2,0,1,2,2,7,17,1,14,1,0,0,0,0,0,0,0,0,0,1,0
841,3,3,1,2,1,2,0,131,33,3,16,6.6,0,0,0,0,1,6,1,0,1,2,6,3,16,3,5,0,0,0,0,0,0,0,0,0,0,1,0
842,1,1,0,1,1,3,1,189,28,3,12,5.6,0,0,2,2,2,6,1,0,1,3,12,6,4,3,3,0,0,1,0,1,1,1,0,1,1,0,0
843,3,2,0,1,2,2,1,179,23,1,9,4.6,1,1,0,0,1,4,2,1,1,2,2,9,3,1,8,1,0,0,0,0,0,0,0,0,0,0,0
844,5,4,2,2,0,1,1,121,38,1,18,7.6,1,1,2,2,2,4,2,0,1,2,1,5,2,18,12,1,0,0,0,1,0,1,0,1,0,1,0
845,4,2,1,1,1,2,1,164,44,4,15,8.8,0,0,0,0,1,6,1,0,2,2,15,13,4,7,5,0,0,0,0,0,0,0,0,0,0,1,1
846,4,2,1,1,1,0,3,182,40,2,13,8,0,0,1,1,2,4,3,1,1,3,13,12,11,2,2,0,0,1,0,0,0,1,0,0,0,0,0
847,0,2,0,2,3,0,1,154,30,2,12,6,0,0,2,2,2,4,3,1,1,3,4,10,2,2,12,0,0,1,0,1,0,1,0,1,0,0,0
848,2,4,2,1,1,2,0,118,38,1,16,7.6,2,2,1,1,2,4,2,0,1,2,1,14,6,16,1,1,1,0,0,0,0,1,0,0,0,1,0
849,5,3,1,2,1,2,0,137,34,4,12,6.8,0,0,1,1,2,6,1,0,1,2,8,4,12,5,5,0,0,0,0,1,0,1,0,0,0,0,0
850,1,2,0,2,2,2,0,163,23,3,8,4.6,0,0,1,1,2,6,1,0,1,2,4,4,4,8,3,0,0,0,0,1,0,1,0,0,0,0,0
851,1,3,0,2,2,1,1,155,30,4,13,6,0,0,1,1,2,6,1,0,0,2,4,4,4,5,13,0,0,0,0,1,0,1,0,0,0,0,0
852,4,2,0,2,2,2,0,154,24,2,11,4.8,0,0,0,0,1,4,2,0,0,2,6,11,2,3,2,0,0,0,0,0,0,0,0,0,0,0,0
853,2,2,2,0,3,0,1,130,42,1,17,8.4,1,1,0,0,1,5,2,1,0,3,6,15,3,1,17,1,0,1,0,0,0,0,0,0,0,1,0
854,3,1,0,1,1,3,1,187,23,1,7,4.6,1,1,0,0,1,5,2,0,0,3,5,6,1,4,7,1,0,1,0,0,1,0,0,0,1,0,0
855,4,4,1,3,0,0,2,146,36,1,24,7.2,1,1,0,0,1,3,3,1,1,3,7,2,2,24,1,1,0,1,0,0,0,0,0,0,0,1,0
856,2,1,1,0,1,1,3,202,34,1,16,6.8,2,2,2,2,2,3,4,1,2,3,14,16,1,2,1,1,1,1,0,0,1,1,0,1,1,1,1
857,0,3,2,1,1,2,0,132,32,4,12,6.4,0,0,2,2,2,6,1,0,1,2,4,6,12,6,4,0,0,0,0,1,0,1,0,1,0,0,0
858,4,2,1,1,0,3,1,174,34,1,19,6.8,1,1,2,2,2,5,2,0,1,3,4,19,6,1,4,1,0,1,0,0,0,1,0,1,0,1,0
859,3,2,1,0,1,3,1,183,33,1,14,6.6,1,1,1,1,2,4,3,1,2,3,14,13,3,1,2,1,0,1,0,0,0,1,0,0,0,0,1
860,2,3,2,1,2,1,0,114,28,2,10,5.6,0,0,1,1,2,5,2,0,1,2,4,10,7,2,5,0,0,0,0,0,0,1,0,0,0,0,0
861,5,5,0,3,3,0,0,115,14,1,6,2.8,1,1,1,1,2,3,4,1,1,3,6,2,2,1,3,1,0,1,0,1,1,1,0,0,0,0,0
862,1,1,1,0,0,3,2,207,33,1,24,6.6,1,1,1,1,2,3,4,1,0,3,24,4,2,2,1,1,0,1,0,1,1,1,0,0,1,1,0
863,4,2,0,1,2,2,1,182,27,4,7,5.4,0,0,0,0,1,6,1,0,1,2,5,7,7,4,4,0,0,0,0,0,0,0,0,0,0,0,0
864,4,4,3,1,1,1,0,94,33,3,12,6.6,0,0,1,1,2,6,1,0,0,3,4,3,3,12,11,0,0,1,0,0,0,1,0,0,0,0,0
865,4,3,1,1,1,2,1,150,42,1,12,8.4,1,1,3,3,2,5,2,0,1,2,12,7,10,1,12,1,0,0,0,0,0,1,0,1,0,0,0
866,5,2,1,1,1,3,0,163,30,2,14,6,0,0,2,1,3,5,2,0,1,3,6,14,5,3,2,0,0,1,0,1,0,1,1,0,0,0,0
867,2,4,0,3,2,1,0,136,26,2,16,5.2,0,0,1,1,2,4,2,0,0,3,3,2,3,2,16,0,0,1,0,0,0,1,0,0,0,1,0
868,3,2,0,2,1,0,3,185,32,1,13,6.4,1,1,0,0,1,4,3,1,1,3,5,11,13,2,1,1,0,1,0,0,0,0,0,0,0,0,0
869,3,3,2,1,1,2,0,131,37,2,14,7.4,0,0,1,1,2,5,2,0,0,2,4,14,7,10,2,0,0,0,0,0,0,1,0,0,0,0,0
870,2,1,0,0,3,2,1,190,21,2,8,4.2,0,0,2,2,2,4,2,0,0,3,4,5,2,8,2,0,0,1,0,0,1,1,0,1,1,0,0
871,0,3,2,1,2,1,0,110,32,4,14,6.4,0,0,2,2,2,6,1,0,1,2,4,6,14,4,4,0,0,0,0,1,0,1,0,1,0,0,0
872,2,2,2,0,1,2,1,144,41,1,26,8.2,1,1,2,2,2,3,3,1,2,2,2,26,2,1,10,1,0,0,0,0,0,1,0,1,0,1,1
873,5,4,2,2,0,2,0,105,36,1,20,7.2,1,1,2,1,3,4,2,0,1,2,2,7,1,20,6,1,0,0,0,1,0,1,1,0,0,1,0
874,4,3,1,2,2,0,1,128,41,4,14,8.2,0,0,0,0,1,6,1,0,0,2,14,4,4,5,14,0,0,0,0,0,0,0,0,0,0,0,0
875,2,2,0,1,2,2,1,188,25,3,8,5,0,0,2,2,2,6,1,0,1,2,3,8,4,5,5,0,0,0,0,0,0,1,0,1,1,0,0
876,2,3,1,1,2,1,1,144,37,5,11,7.4,0,0,1,1,2,6,1,0,1,2,11,5,5,8,8,0,0,0,0,0,0,1,0,0,0,0,0
877,4,4,1,2,2,0,1,128,38,1,20,7.6,2,2,1,1,2,4,2,0,1,2,12,1,4,1,20,1,1,0,0,0,0,1,0,0,0,1,0
878,3,4,2,2,1,1,0,91,29,4,9,5.8,0,0,2,2,2,6,1,0,0,2,4,5,5,9,6,0,0,0,0,0,0,1,0,1,0,0,0
879,3,5,3,2,0,1,0,79,34,1,20,6.8,1,1,2,2,2,5,2,0,0,3,3,6,4,1,20,1,0,1,0,0,1,1,0,1,1,1,0
880,5,3,1,2,2,0,1,135,38,1,21,7.6,1,1,1,1,2,4,2,0,0,2,10,2,4,1,21,1,0,0,0,1,0,1,0,0,0,1,0
881,1,3,1,2,2,1,0,127,28,1,14,5.6,1,1,0,0,1,4,2,0,0,2,14,2,6,1,5,1,0,0,0,1,0,0,0,0,0,0,0
882,3,1,0,1,0,2,3,223,27,1,16,5.4,2,1,1,1,2,4,3,1,1,3,16,5,4,1,1,1,1,1,0,0,1,1,0,0,1,1,0
883,3,2,1,1,0,3,1,173,35,1,14,7,1,1,0,0,1,5,2,0,2,3,9,14,1,4,7,1,0,1,0,0,0,0,0,0,0,0,1
884,3,2,1,1,2,1,1,151,41,5,10,8.2,0,0,1,1,2,6,1,0,1,2,10,9,5,9,8,0,0,0,0,0,0,1,0,0,0,0,0
885,5,2,2,0,2,1,1,139,44,2,21,8.8,0,0,0,0,1,5,2,0,1,2,2,21,3,12,6,0,0,0,0,1,0,0,0,0,0,1,0
886,4,1,0,1,2,1,2,194,26,3,9,5.2,0,0,0,0,1,6,1,0,1,2,4,5,9,5,3,0,0,0,0,0,1,0,0,0,1,0,0
887,3,3,1,2,1,1,1,147,37,3,10,7.4,0,0,1,1,2,6,1,0,1,2,6,3,10,9,9,0,0,0,0,0,0,1,0,0,0,0,0
888,3,3,2,1,0,3,0,125,35,3,19,7,0,0,0,0,1,6,1,0,0,3,4,5,19,3,4,0,0,1,0,0,0,0,0,0,0,1,0
889,4,2,1,1,1,2,1,164,39,1,16,7.8,1,1,2,2,2,5,2,1,2,2,10,16,9,1,3,1,0,0,0,0,0,1,0,1,0,1,1
890,3,4,2,2,1,1,0,103,36,3,11,7.2,0,0,1,1,2,6,1,0,1,2,3,10,4,11,8,0,0,0,0,0,0,1,0,0,0,0,0
891,5,2,1,1,1,2,1,161,32,2,15,6.4,0,0,2,2,2,5,2,0,0,2,4,15,3,8,2,0,0,0,0,1,0,1,0,1,0,1,0
892,2,4,2,2,1,0,1,116,38,1,16,7.6,1,1,0,0,1,5,2,0,1,2,5,8,1,8,16,1,0,0,0,0,0,0,0,0,0,1,0
893,6,3,1,2,2,0,1,122,40,2,16,8,0,0,2,2,2,4,2,0,1,2,14,2,6,2,16,0,0,0,0,1,0,1,0,1,0,1,0
894,4,1,0,1,0,3,2,212,24,1,13,4.8,1,1,0,0,1,4,3,1,1,3,13,5,3,1,2,1,0,1,0,0,1,0,0,0,1,0,0
895,3,1,0,1,1,3,1,191,25,1,10,5,1,1,2,2,2,4,3,1,1,3,10,5,7,1,2,1,0,1,0,0,1,1,0,1,1,0,0
896,3,2,1,1,2,1,1,151,40,1,13,8,1,1,2,1,3,5,2,0,2,2,7,13,1,12,7,1,0,0,0,0,0,1,1,0,0,0,1
897,1,4,2,1,2,1,0,109,30,1,10,6,1,1,3,2,3,5,2,0,2,2,1,5,10,4,10,1,0,0,0,1,0,1,1,1,0,0,1
898,3,2,0,1,2,2,1,181,24,2,7,4.8,0,0,1,1,2,5,2,0,0,2,3,7,7,2,5,0,0,0,0,0,0,1,0,0,0,0,0
899,4,4,1,2,1,2,0,140,31,1,12,6.2,2,1,1,1,2,4,3,1,1,2,11,1,1,12,6,1,1,0,0,0,0,1,0,0,0,0,0
900,3,4,1,3,0,2,0,127,31,2,17,6.2,0,0,1,1,2,5,2,0,0,3,6,3,2,17,3,0,0,1,0,0,0,1,0,0,0,1,0
901,2,3,1,2,2,1,0,130,29,2,13,5.8,0,0,1,1,2,5,2,0,1,2,13,2,3,7,4,0,0,0,0,0,0,1,0,0,0,0,0
902,4,2,1,1,2,2,0,148,32,1,12,6.4,1,1,1,1,2,5,2,0,1,2,12,4,1,12,3,1,0,0,0,0,0,1,0,0,0,0,0
903,2,5,1,2,3,0,0,104,26,1,13,5.2,2,2,1,1,2,4,2,0,0,3,13,1,5,1,6,1,1,1,0,0,1,1,0,0,0,0,0
904,2,3,3,0,1,0,2,130,43,2,18,8.6,0,0,1,1,2,4,2,0,1,3,4,2,18,17,2,0,0,1,0,0,0,1,0,0,0,1,0
905,2,3,2,1,1,2,0,128,37,1,12,7.4,1,1,0,0,1,4,2,0,0,2,1,12,11,11,2,1,0,0,0,0,0,0,0,0,0,0,0
906,2,3,2,1,1,2,0,112,30,1,14,6,1,1,1,1,2,5,2,1,0,2,3,9,14,3,1,1,0,0,0,0,0,1,0,0,0,0,0
907,3,1,0,0,3,2,1,199,23,2,9,4.6,0,0,0,0,1,4,2,0,0,3,6,2,9,2,4,0,0,1,0,0,1,0,0,0,1,0,0
908,3,4,1,1,3,0,1,129,41,1,21,8.2,2,1,1,1,2,4,3,1,2,3,13,5,1,1,21,1,1,1,0,0,0,1,0,0,0,1,1
909,3,1,1,0,3,2,0,159,28,1,17,5.6,2,2,1,1,2,4,2,0,0,3,17,5,1,4,1,1,1,1,0,0,1,1,0,0,0,1,0
910,6,3,1,2,1,2,0,130,38,4,10,7.6,0,0,2,2,2,6,1,0,1,2,10,6,10,8,4,0,0,0,0,1,0,1,0,1,0,0,0
911,1,4,2,2,0,1,1,109,38,1,18,7.6,1,1,3,2,3,4,2,0,0,2,1,7,2,18,10,1,0,0,0,1,0,1,1,1,0,1,0
912,2,5,2,1,2,1,0,112,33,1,16,6.6,1,1,2,1,3,5,2,1,1,2,3,10,3,1,16,1,0,0,0,0,1,1,1,0,0,1,0
913,3,4,1,2,2,1,0,121,31,2,10,6.2,0,0,2,2,2,5,2,0,1,2,8,2,5,6,10,0,0,0,0,0,0,1,0,1,0,0,0
914,2,2,0,2,1,1,2,178,28,2,9,5.6,0,0,1,1,2,5,2,0,1,2,3,5,9,9,2,0,0,0,0,0,0,1,0,0,0,0,0
915,3,5,2,2,1,1,0,91,35,2,15,7,0,0,1,1,2,5,2,0,0,2,4,5,2,9,15,0,0,0,0,0,1,1,0,0,0,1,0
916,2,3,1,0,2,3,0,152,30,1,15,6,2,2,2,2,2,4,2,1,2,3,15,1,10,3,1,1,1,1,0,0,0,1,0,1,0,1,1
917,5,2,2,0,3,0,1,121,42,1,20,8.4,1,1,2,1,3,4,2,1,0,3,2,20,1,3,16,1,0,1,0,1,0,1,1,0,0,1,0
918,4,3,1,2,0,3,0,132,31,1,19,6.2,1,1,1,1,2,4,2,0,0,3,4,1,19,2,5,1,0,1,0,0,0,1,0,0,0,1,0
919,2,4,1,3,0,0,2,144,35,1,24,7,1,1,1,1,2,4,2,1,0,3,5,3,1,24,2,1,0,1,0,0,0,1,0,0,0,1,0
920,3,2,2,0,1,2,1,141,41,1,23,8.2,2,2,2,1,3,4,2,0,0,2,1,23,7,1,9,1,1,0,0,0,0,1,1,0,0,1,0
921,3,4,2,1,2,0,1,115,36,2,13,7.2,0,0,1,1,2,5,2,0,0,2,2,5,10,6,13,0,0,0,0,0,0,1,0,0,0,0,0
922,4,4,2,2,1,0,1,108,41,4,16,8.2,0,0,2,2,2,6,1,0,0,2,4,7,4,10,16,0,0,0,0,0,0,1,0,1,0,1,0
923,4,3,1,2,1,1,1,138,38,1,14,7.6,1,1,1,1,2,5,2,0,1,2,14,1,5,13,5,1,0,0,0,0,0,1,0,0,0,0,0
924,3,2,1,1,0,1,3,177,41,1,23,8.2,2,1,2,2,2,4,3,1,1,3,8,23,8,1,1,1,1,1,0,0,0,1,0,1,0,1,0
925,2,1,0,1,1,3,1,184,29,2,11,5.8,0,0,2,2,2,5,2,0,2,3,11,8,2,5,3,0,0,1,0,0,1,1,0,1,0,0,1
926,2,4,1,3,1,1,0,120,21,2,6,4.2,0,0,1,1,2,4,3,1,0,3,6,2,2,5,6,0,0,1,0,0,0,1,0,0,0,0,0
927,3,3,1,1,1,1,2,163,39,2,16,7.8,0,0,0,0,1,5,2,0,0,2,11,7,16,3,2,0,0,0,0,0,0,0,0,0,0,1,0
928,1,4,3,1,1,0,1,109,41,1,16,8.2,1,1,2,2,2,5,2,0,1,3,1,6,10,8,16,1,0,1,0,1,0,1,0,1,0,1,0
929,5,5,2,3,1,0,0,85,16,2,4,3.2,0,0,1,1,2,5,2,0,0,3,2,3,3,4,4,0,0,1,0,1,1,1,0,0,1,0,0
930,3,2,1,0,2,2,1,175,36,1,13,7.2,1,1,1,1,2,5,2,0,0,2,13,4,13,1,5,1,0,0,0,0,0,1,0,0,0,0,0
931,5,2,0,2,2,1,1,155,29,1,10,5.8,1,1,3,2,3,4,2,0,1,2,1,8,2,10,8,1,0,0,0,1,0,1,1,1,0,0,0
932,3,3,2,1,0,3,0,133,37,1,21,7.4,2,1,1,1,2,4,3,1,1,3,5,9,21,1,1,1,1,1,0,0,0,1,0,0,0,1,0
933,5,0,0,0,3,2,1,191,22,2,9,4.4,0,0,0,0,1,4,3,1,1,3,4,2,2,5,9,0,0,1,0,1,1,0,0,0,1,0,0
934,4,2,2,0,1,3,0,142,38,2,27,7.6,0,0,1,1,2,5,2,0,1,3,2,27,3,3,3,0,0,1,0,0,0,1,0,0,0,1,0
935,0,3,2,1,0,2,1,148,40,6,12,8,0,0,2,2,2,6,1,0,0,2,6,10,12,6,6,0,0,0,0,1,0,1,0,1,0,0,0
936,5,5,1,4,1,0,0,95,22,1,11,4.4,1,1,1,1,2,4,2,0,0,4,4,2,4,1,11,1,0,1,1,1,1,1,0,0,0,0,0
937,2,4,2,1,2,1,0,116,38,3,11,7.6,0,0,2,2,2,6,1,0,2,2,8,3,9,7,11,0,0,0,0,0,0,1,0,1,0,0,1
938,1,4,3,1,0,2,0,105,32,2,15,6.4,0,0,1,1,2,5,2,0,1,3,4,2,6,15,5,0,0,1,0,1,0,1,0,0,0,1,0
939,3,2,1,1,1,1,2,169,41,3,17,8.2,0,0,0,0,1,6,1,0,1,2,7,17,11,3,3,0,0,0,0,0,0,0,0,0,0,1,0
940,3,4,1,2,2,0,1,125,38,2,17,7.6,0,0,0,0,1,4,3,1,0,2,12,5,2,2,17,0,0,0,0,0,0,0,0,0,0,1,0
941,3,2,0,2,2,2,0,157,28,1,12,5.6,1,1,0,0,1,3,2,0,0,2,2,11,2,12,1,1,0,0,0,0,0,0,0,0,0,0,0
942,2,3,1,2,0,1,2,160,33,1,17,6.6,1,1,1,1,2,4,2,0,1,2,2,6,17,7,1,1,0,0,0,0,0,1,0,0,0,1,0
943,3,3,2,1,0,1,2,147,44,1,23,8.8,1,1,0,0,1,5,2,0,0,2,7,5,23,8,1,1,0,0,0,0,0,0,0,0,0,1,0
944,3,4,1,3,0,2,0,115,31,1,13,6.2,1,1,2,2,2,5,2,0,1,3,11,3,3,13,1,1,0,1,0,0,0,1,0,1,0,0,0
945,4,3,2,1,1,2,0,134,28,1,15,5.6,1,1,1,1,2,5,2,0,1,2,1,5,15,3,4,1,0,0,0,0,0,1,0,0,0,1,0
946,2,3,1,2,1,2,0,150,31,1,11,6.2,1,1,2,2,2,5,2,0,2,2,9,1,11,4,6,1,0,0,0,0,0,1,0,1,0,0,1
947,4,4,2,2,1,1,0,110,32,3,9,6.4,0,0,1,1,2,6,1,0,0,2,5,9,3,7,8,0,0,0,0,0,0,1,0,0,0,0,0
948,3,2,0,2,1,2,1,171,28,1,12,5.6,1,1,2,2,2,5,2,0,0,2,5,12,1,7,3,1,0,0,0,0,0,1,0,1,0,0,0
949,2,2,0,1,1,3,1,190,30,1,14,6,1,1,1,1,2,5,2,0,0,3,7,14,1,4,4,1,0,1,0,0,0,1,0,0,1,0,0
950,2,4,2,1,2,1,0,112,37,1,12,7.4,1,1,0,0,1,5,2,0,1,2,1,11,7,6,12,1,0,0,0,0,0,0,0,0,0,0,0
951,3,2,1,1,1,2,1,157,41,1,18,8.2,1,1,1,1,2,5,2,0,0,2,10,18,1,8,4,1,0,0,0,0,0,1,0,0,0,1,0
952,2,3,1,1,2,1,1,136,37,2,10,7.4,0,0,2,2,2,5,2,0,1,2,8,10,2,9,8,0,0,0,0,0,0,1,0,1,0,0,0
953,4,3,2,0,2,1,1,144,35,2,13,7,0,0,3,2,3,5,2,0,1,2,2,13,5,10,5,0,0,0,0,0,0,1,1,1,0,0,0
954,3,2,2,0,3,0,1,135,40,2,17,8,0,0,1,1,2,4,3,1,1,3,8,17,2,2,11,0,0,1,0,0,0,1,0,0,0,1,0
955,4,2,2,0,3,1,0,124,29,3,14,5.8,0,0,2,2,2,6,1,0,2,3,5,14,3,3,4,0,0,1,0,0,0,1,0,1,0,0,1
956,4,4,1,2,2,0,1,128,31,1,16,6.2,2,2,3,2,3,4,2,0,0,2,1,9,1,4,16,1,1,0,0,0,0,1,1,1,0,1,0
957,2,2,1,1,1,3,0,154,36,1,11,7.2,1,1,2,2,2,5,2,0,0,3,11,9,11,1,4,1,0,1,0,0,0,1,0,1,0,0,0
958,3,4,3,1,0,2,0,109,35,1,19,7,1,1,0,0,1,4,2,0,1,3,7,1,6,19,2,1,0,1,0,0,0,0,0,0,0,1,0
959,3,3,1,2,1,1,1,135,40,1,16,8,2,2,2,2,2,4,2,0,0,2,13,1,9,16,1,1,1,0,0,0,0,1,0,1,0,1,0
960,1,2,1,1,2,1,1,151,43,2,16,8.6,0,0,1,1,2,5,2,0,1,2,16,6,6,2,13,0,0,0,0,1,0,1,0,0,0,1,0
961,4,2,0,2,1,2,1,166,31,2,9,6.2,0,0,1,1,2,4,3,1,0,2,9,9,2,2,9,0,0,0,0,0,0,1,0,0,0,0,0
962,3,2,1,1,1,2,1,155,42,3,17,8.4,0,0,2,2,2,6,1,0,1,2,17,10,3,3,9,0,0,0,0,0,0,1,0,1,0,1,0
963,2,3,1,2,1,1,1,136,36,4,11,7.2,0,0,1,1,2,6,1,0,1,2,6,7,4,11,8,0,0,0,0,0,0,1,0,0,0,0,0
964,3,2,1,0,1,3,1,183,37,1,15,7.4,1,1,1,1,2,4,3,1,1,3,15,15,2,1,4,1,0,1,0,0,0,1,0,0,0,1,0
965,3,2,1,1,3,1,0,133,34,1,12,6.8,1,1,0,0,1,5,2,1,1,3,11,12,3,1,7,1,0,1,0,0,0,0,0,0,0,0,0
966,5,2,1,0,3,2,0,147,36,3,20,7.2,0,0,1,1,2,6,1,0,2,3,20,4,4,5,3,0,0,1,0,1,0,1,0,0,0,1,1
967,3,3,2,1,0,3,0,135,39,1,24,7.8,1,1,0,0,1,4,3,1,2,3,5,7,24,1,2,1,0,1,0,0,0,0,0,0,0,1,1
968,2,4,2,2,1,1,0,96,37,2,15,7.4,0,0,2,2,2,5,2,0,0,2,3,7,2,10,15,0,0,0,0,0,0,1,0,1,0,1,0
969,4,3,3,0,1,1,1,136,42,1,19,8.4,1,1,2,2,2,5,2,0,0,3,6,1,19,11,5,1,0,1,0,0,0,1,0,1,0,1,0
970,3,4,1,2,2,1,0,121,27,2,8,5.4,0,0,2,2,2,5,2,0,1,2,2,5,5,7,8,0,0,0,0,0,0,1,0,1,0,0,0
971,2,5,2,2,2,0,0,90,24,1,11,4.8,1,1,1,1,2,5,2,1,1,2,4,11,1,3,5,1,0,0,0,0,1,1,0,0,1,0,0
972,5,3,2,1,1,2,0,125,36,2,14,7.2,0,0,2,2,2,5,2,0,2,2,3,11,6,14,2,0,0,0,0,1,0,1,0,1,0,0,1
973,3,1,0,0,2,2,2,199,20,1,6,4,1,1,2,2,2,5,2,0,1,2,4,5,6,4,1,1,0,0,0,0,1,1,0,1,1,0,0
974,3,4,2,2,0,1,1,113,43,1,23,8.6,1,1,1,1,2,5,2,0,0,2,1,9,5,23,5,1,0,0,0,0,0,1,0,0,0,1,0
975,3,5,3,1,2,0,0,87,17,1,8,3.4,2,1,1,1,2,3,3,1,0,3,1,1,8,5,2,1,1,1,0,0,1,1,0,0,1,0,0
976,3,3,1,2,1,2,0,127,33,2,11,6.6,0,0,2,2,2,4,2,0,0,2,8,2,11,10,2,0,0,0,0,0,0,1,0,1,0,0,0
977,1,5,3,1,1,0,1,101,42,1,22,8.4,1,1,2,2,2,5,2,0,1,3,7,1,4,8,22,1,0,1,0,1,1,1,0,1,0,1,0
978,3,3,2,1,0,2,1,131,41,2,17,8.2,0,0,1,1,2,5,2,0,0,2,6,8,17,2,8,0,0,0,0,0,0,1,0,0,0,1,0
979,5,4,1,2,2,1,0,115,26,4,6,5.2,0,0,2,2,2,6,1,0,1,2,4,5,5,6,6,0,0,0,0,1,0,1,0,1,0,0,0
980,4,3,1,2,2,1,0,114,32,1,11,6.4,1,1,2,1,3,5,2,0,1,2,10,3,7,1,11,1,0,0,0,0,0,1,1,0,0,0,0
981,5,0,0,0,1,2,3,229,18,1,9,3.6,1,1,1,1,2,3,3,1,0,3,9,1,4,2,2,1,0,1,0,1,1,1,0,0,1,0,0
982,4,5,2,2,1,0,1,110,39,1,23,7.8,1,1,0,0,1,4,2,0,0,2,2,6,7,1,23,1,0,0,0,0,1,0,0,0,0,1,0
983,5,1,0,1,2,2,1,171,30,3,10,6,0,0,2,1,3,6,1,0,1,2,10,3,5,4,8,0,0,0,0,1,1,1,1,0,0,0,0
984,4,2,2,0,1,3,0,144,34,1,13,6.8,2,1,1,1,2,4,3,1,2,3,7,13,12,1,1,1,1,1,0,0,0,1,0,0,0,0,1
985,3,2,0,1,3,1,1,169,27,2,10,5.4,0,0,1,1,2,5,2,0,1,3,4,2,7,4,10,0,0,1,0,0,0,1,0,0,0,0,0
986,2,3,2,1,1,0,2,144,35,1,13,7,1,1,0,0,1,5,2,0,0,2,3,6,12,13,1,1,0,0,0,0,0,0,0,0,0,0,0
987,3,3,2,1,2,1,0,111,36,2,11,7.2,0,0,0,0,1,5,2,0,0,2,2,11,8,6,9,0,0,0,0,0,0,0,0,0,0,0,0
988,3,3,1,2,1,1,1,137,39,1,11,7.8,1,1,2,2,2,5,2,0,1,2,11,7,10,1,10,1,0,0,0,0,0,1,0,1,0,0,0
989,5,3,0,2,3,1,0,145,16,1,6,3.2,1,1,1,1,2,4,2,1,0,3,1,3,6,2,4,1,0,1,0,1,0,1,0,0,0,0,0
990,2,2,2,0,2,2,0,130,35,1,21,7,2,2,1,1,2,3,2,0,0,2,2,21,1,10,1,1,1,0,0,0,0,1,0,0,0,1,0
991,4,2,0,2,1,2,1,164,31,2,11,6.2,0,0,1,1,2,5,2,0,1,2,5,7,6,2,11,0,0,0,0,0,0,1,0,0,0,0,0
992,2,2,0,2,1,1,2,180,33,1,11,6.6,1,1,0,0,1,5,2,0,2,2,8,6,7,11,1,1,0,0,0,0,0,0,0,0,0,0,1
993,0,4,1,3,1,0,1,120,36,2,18,7.2,0,0,2,2,2,4,3,1,0,3,8,2,2,6,18,0,0,1,0,1,0,1,0,1,0,1,0
994,4,3,3,0,2,1,0,98,34,2,16,6.8,0,0,0,0,1,5,2,0,1,3,2,5,16,3,8,0,0,1,0,0,0,0,0,0,0,1,0
995,4,3,2,1,1,2,0,124,38,1,16,7.6,1,1,1,1,2,5,2,0,1,2,3,9,16,9,1,1,0,0,0,0,0,1,0,0,0,1,0
996,3,3,1,2,1,2,0,127,33,4,9,6.6,0,0,0,0,1,6,1,0,1,2,5,4,9,8,7,0,0,0,0,0,0,0,0,0,0,0,0
997,1,4,2,2,1,0,1,109,40,2,20,8,0,0,3,1,4,5,2,0,1,2,3,7,2,8,20,0,0,0,0,1,0,1,1,0,0,1,0
998,3,4,0,4,0,0,2,155,32,1,22,6.4,1,1,0,0,1,4,3,1,0,4,4,1,2,22,3,1,0,1,1,0,0,0,0,0,0,1,0
999,3,5,3,2,1,0,0,73,27,2,10,5.4,0,0,1,1,2,5,2,0,1,3,2,6,5,4,10,0,0,1,0,0,1,1,0,0,1,0,0
1000,1,4,2,1,1,1,1,125,40,3,11,8,0,0,3,1,4,6,1,0,0,2,6,11,3,10,10,0,0,0,0,1,0,1,1,0,0,0,0
1001,0,5,2,3,0,0,1,104,36,2,22,7.2,0,0,2,2,2,4,3,1,1,3,4,2,2,6,22,0,0,1,0,1,1,1,0,1,0,1,0
1002,5,1,0,1,1,3,1,193,28,2,8,5.6,0,0,2,1,3,5,2,0,0,3,8,8,2,3,7,0,0,1,0,1,1,1,1,0,1,0,0
1003,5,2,2,0,1,1,2,161,44,2,25,8.8,0,0,1,1,2,5,2,0,1,2,3,25,10,4,2,0,0,0,0,1,0,1,0,0,0,1,0
1004,4,2,1,1,1,2,1,172,37,2,15,7.4,0,0,1,1,2,5,2,0,1,2,8,15,7,2,5,0,0,0,0,0,0,1,0,0,0,1,0
1005,3,3,1,2,3,0,0,119,21,2,6,4.2,0,0,1,1,2,5,2,0,0,3,5,5,6,3,2,0,0,1,0,0,0,1,0,0,0,0,0
1006,4,5,1,4,0,1,0,104,29,1,20,5.8,2,1,1,1,2,4,3,1,1,4,3,4,1,1,20,1,1,1,1,0,1,1,0,0,0,1,0
1007,4,5,1,3,2,0,0,100,17,2,5,3.4,0,0,1,1,2,5,2,0,3,3,3,5,3,2,4,0,0,1,0,0,1,1,0,0,0,0,1
1008,4,2,1,1,1,1,2,166,35,1,19,7,1,1,2,1,3,4,2,0,1,2,2,19,1,10,3,1,0,0,0,0,0,1,1,0,0,1,0
1009,3,1,0,1,2,2,1,185,29,4,8,5.8,0,0,1,1,2,6,1,0,1,2,8,6,5,6,4,0,0,0,0,0,1,1,0,0,0,0,0
1010,3,3,1,2,1,2,0,131,27,2,10,5.4,0,0,1,1,2,5,2,0,2,2,3,3,10,9,2,0,0,0,0,0,0,1,0,0,0,0,1
1011,3,3,2,1,1,2,0,121,37,3,14,7.4,0,0,0,0,1,6,1,0,2,2,8,3,14,9,3,0,0,0,0,0,0,0,0,0,0,0,1
1012,4,4,1,3,0,1,1,134,40,2,15,8,0,0,2,1,3,5,2,0,1,3,6,7,2,15,10,0,0,1,0,0,0,1,1,0,0,1,0
1013,2,2,0,0,3,2,1,180,20,1,8,4,1,1,2,2,2,4,2,0,0,3,1,4,8,2,5,1,0,1,0,0,0,1,0,1,0,0,0
1014,3,4,1,3,2,0,0,99,24,1,8,4.8,1,1,0,0,1,5,2,0,1,3,8,3,4,8,1,1,0,1,0,0,0,0,0,0,0,0,0
1015,4,1,0,1,1,4,0,178,26,2,9,5.2,0,0,1,1,2,5,2,0,1,4,9,8,2,4,3,0,0,1,1,0,1,1,0,0,0,0,0
1016,2,1,0,1,2,1,2,186,27,1,11,5.4,1,1,0,0,1,4,2,0,0,2,11,2,6,7,1,1,0,0,0,0,1,0,0,0,1,0,0
1017,1,3,0,2,3,1,0,139,22,1,7,4.4,1,1,1,1,2,5,2,0,1,3,6,4,1,7,4,1,0,1,0,1,0,1,0,0,0,0,0
1018,6,3,1,1,2,1,1,150,42,2,16,8.4,0,0,1,1,2,5,2,0,0,2,16,2,4,12,8,0,0,0,0,1,0,1,0,0,0,1,0
1019,4,4,2,2,0,2,0,108,38,3,17,7.6,0,0,1,1,2,6,1,0,0,2,3,9,4,17,5,0,0,0,0,0,0,1,0,0,0,1,0
1020,4,1,0,1,2,1,2,192,33,2,15,6.6,0,0,0,0,1,5,2,0,0,2,15,2,9,3,4,0,0,0,0,0,1,0,0,0,1,1,0
1021,4,3,0,3,2,0,1,142,33,2,16,6.6,0,0,1,1,2,5,2,0,3,3,3,2,7,5,16,0,0,1,0,0,0,1,0,0,0,1,1
1022,4,3,2,1,1,0,2,138,40,1,18,8,1,1,1,1,2,5,2,0,2,2,1,5,18,13,3,1,0,0,0,0,0,1,0,0,0,1,1
1023,2,4,1,3,1,1,0,122,25,2,11,5,0,0,0,0,1,4,3,1,1,3,4,2,2,11,6,0,0,1,0,0,0,0,0,0,0,0,0
1024,1,4,1,2,1,1,1,151,35,2,16,7,0,0,1,1,2,4,3,1,1,2,9,2,2,16,6,0,0,0,0,1,0,1,0,0,0,1,0
1025,4,3,2,1,2,1,0,124,25,1,11,5,1,1,1,1,2,5,2,0,2,2,1,11,5,4,4,1,0,0,0,0,0,1,0,0,0,0,1
1026,4,3,1,2,0,2,1,134,36,1,18,7.2,2,2,2,2,2,4,2,0,0,2,7,1,18,1,9,1,1,0,0,0,0,1,0,1,0,1,0
1027,4,2,0,2,1,2,1,176,31,2,11,6.2,0,0,1,1,2,5,2,0,0,2,2,11,8,4,6,0,0,0,0,0,0,1,0,0,0,0,0
1028,4,5,2,3,0,1,0,90,30,1,17,6,1,1,1,1,2,4,2,0,1,3,2,5,1,5,17,1,0,1,0,0,1,1,0,0,1,1,0
1029,3,1,0,1,1,3,1,191,29,2,18,5.8,0,0,1,1,2,3,3,1,1,3,18,2,5,2,2,0,0,1,0,0,1,1,0,0,1,1,0
1030,4,4,2,2,2,0,0,88,27,3,7,5.4,0,0,0,0,1,6,1,0,0,2,3,6,6,7,5,0,0,0,0,0,0,0,0,0,1,0,0
1031,2,3,2,0,1,3,0,138,30,1,15,6,2,2,2,2,2,4,2,1,0,3,1,15,10,3,1,1,1,1,0,0,0,1,0,1,0,1,0
1032,2,4,2,2,0,1,1,116,41,5,17,8.2,0,0,2,2,2,6,1,0,2,2,5,6,7,17,6,0,0,0,0,0,0,1,0,1,0,1,1
1033,4,4,1,3,0,1,1,128,41,4,15,8.2,0,0,1,1,2,6,1,0,0,3,8,4,5,15,9,0,0,1,0,0,0,1,0,0,0,1,0
1034,2,0,0,0,1,5,0,200,14,1,5,2.8,2,1,0,0,1,3,3,1,0,5,5,1,1,5,2,1,1,1,1,0,1,0,0,0,1,0,0
1035,3,2,1,1,0,2,2,175,33,1,20,6.6,2,2,1,1,2,4,2,0,0,2,5,20,1,6,1,1,1,0,0,0,0,1,0,0,0,1,0
1036,2,3,2,0,1,2,1,140,43,2,17,8.6,0,0,3,2,3,5,2,0,1,2,3,17,10,2,11,0,0,0,0,0,0,1,1,1,0,1,0
1037,3,4,1,2,2,1,0,113,31,1,12,6.2,1,1,1,1,2,5,2,0,2,2,12,1,7,5,6,1,0,0,0,0,0,1,0,0,0,0,1
1038,3,2,1,1,2,1,1,155,37,3,10,7.4,0,0,3,2,3,6,1,0,1,2,9,8,3,10,7,0,0,0,0,0,0,1,1,1,0,0,0
1039,3,4,3,1,0,2,0,105,37,1,17,7.4,1,1,2,2,2,5,2,1,0,3,1,3,13,17,3,1,0,1,0,0,0,1,0,1,0,1,0
1040,2,2,1,1,2,2,0,146,28,2,10,5.6,0,0,2,1,3,5,2,0,1,2,8,10,3,2,5,0,0,0,0,0,0,1,1,0,0,0,0
1041,4,6,3,3,0,0,0,68,12,1,6,2.4,2,2,1,1,2,2,4,1,0,3,1,2,2,6,1,1,1,1,0,0,1,1,0,0,1,0,0
1042,4,3,1,2,1,1,1,134,38,1,11,7.6,1,1,3,3,2,5,2,0,0,2,9,1,8,11,9,1,0,0,0,0,0,1,0,1,0,0,0
1043,3,4,2,1,2,1,0,99,28,2,10,5.6,0,0,1,1,2,5,2,0,1,2,2,7,10,4,5,0,0,0,0,0,0,1,0,0,0,0,0
1044,1,3,0,3,2,1,0,139,24,2,8,4.8,0,0,1,1,2,5,2,0,2,3,5,3,6,2,8,0,0,1,0,1,0,1,0,0,0,0,1
1045,4,5,1,3,1,0,1,116,35,1,20,7,1,1,1,1,2,4,2,0,0,3,8,1,4,2,20,1,0,1,0,0,1,1,0,0,0,1,0
1046,4,2,1,1,2,2,0,148,29,1,9,5.8,1,1,2,2,2,5,2,0,0,2,9,9,4,6,1,1,0,0,0,0,0,1,0,1,0,0,0
1047,1,2,1,1,0,2,2,181,42,2,18,8.4,0,0,2,2,2,4,3,1,0,2,18,13,7,2,2,0,0,0,0,1,0,1,0,1,0,1,0
1048,3,4,1,2,1,2,0,127,33,4,11,6.6,0,0,1,1,2,6,1,0,0,2,6,5,4,11,7,0,0,0,0,0,0,1,0,0,0,0,0
1049,5,5,2,2,1,1,0,99,34,1,16,6.8,1,1,1,1,2,4,2,0,1,2,2,8,7,1,16,1,0,0,0,1,1,1,0,0,0,1,0
1050,3,2,1,1,0,3,1,165,37,3,19,7.4,0,0,0,0,1,6,1,0,0,3,6,19,4,3,5,0,0,1,0,0,0,0,0,0,0,1,0
1051,3,1,0,0,3,3,0,177,14,1,5,2.8,1,1,0,0,1,3,4,1,1,3,5,4,2,1,2,1,0,1,0,0,1,0,0,0,0,0,0
1052,4,2,1,1,2,2,0,148,33,1,12,6.6,1,1,2,2,2,5,2,0,2,2,12,9,1,8,3,1,0,0,0,0,0,1,0,1,0,0,1
1053,2,1,0,0,4,1,1,186,23,1,11,4.6,1,1,0,0,1,5,2,1,1,4,4,3,1,4,11,1,0,1,1,0,1,0,0,0,1,0,0
1054,3,2,0,2,3,0,1,163,31,1,15,6.2,1,1,0,0,1,4,3,1,2,3,5,8,1,2,15,1,0,1,0,0,0,0,0,0,0,1,1
1055,2,5,2,2,1,1,0,92,29,2,11,5.8,0,0,2,2,2,5,2,0,1,2,3,5,2,8,11,0,0,0,0,0,1,1,0,1,0,0,0
1056,2,2,0,2,1,2,1,170,32,4,9,6.4,0,0,0,0,1,6,1,0,0,2,7,4,8,4,9,0,0,0,0,0,0,0,0,0,0,0,0
1057,4,3,1,2,1,1,1,152,37,5,13,7.4,0,0,0,0,1,6,1,0,2,2,5,6,8,13,5,0,0,0,0,0,0,0,0,0,0,0,1
1058,3,1,0,1,3,2,0,161,29,2,12,5.8,0,0,1,1,2,4,2,0,1,3,12,2,5,2,8,0,0,1,0,0,1,1,0,0,0,0,0
1059,2,3,2,0,2,2,0,138,33,3,12,6.6,0,0,1,1,2,6,1,0,2,2,3,12,3,9,6,0,0,0,0,0,0,1,0,0,0,0,1
1060,3,2,2,0,1,2,1,153,42,5,14,8.4,0,0,1,1,2,6,1,0,1,2,7,14,9,5,7,0,0,0,0,0,0,1,0,0,0,0,0
1061,4,1,1,0,2,2,1,172,41,2,20,8.2,0,0,3,3,2,5,2,0,2,2,20,3,8,2,8,0,0,0,0,0,1,1,0,1,0,1,1
1062,3,1,0,1,0,3,2,209,25,1,11,5,2,2,2,2,2,4,2,0,1,3,11,1,8,1,4,1,1,1,0,0,1,1,0,1,1,0,0
1063,2,3,2,0,3,1,0,116,35,1,16,7,2,1,1,1,2,4,3,1,0,3,3,16,1,1,14,1,1,1,0,0,0,1,0,0,0,1,0
1064,3,5,3,1,1,1,0,93,32,3,13,6.4,0,0,0,0,1,6,1,0,3,3,3,3,9,4,13,0,0,1,0,0,1,0,0,0,0,0,1
1065,4,3,1,2,1,1,1,140,42,1,15,8.4,1,1,1,1,2,5,2,0,2,2,15,1,4,9,13,1,0,0,0,0,0,1,0,0,0,1,1
1066,3,5,1,3,1,1,0,105,26,2,11,5.2,0,0,2,2,2,5,2,0,2,3,5,5,3,2,11,0,0,1,0,0,1,1,0,1,0,0,1
1067,4,3,2,1,2,1,0,120,26,3,9,5.2,0,0,1,1,2,6,1,0,1,2,3,9,4,5,5,0,0,0,0,0,0,1,0,0,0,0,0
1068,4,3,2,1,1,2,0,124,31,2,12,6.2,0,0,0,0,1,5,2,0,3,2,3,12,7,7,2,0,0,0,0,0,0,0,0,0,0,0,1
1069,2,4,2,1,2,1,0,110,30,3,9,6,0,0,2,2,2,6,1,0,0,2,9,8,4,6,3,0,0,0,0,0,0,1,0,1,0,0,0
1070,2,4,2,1,2,0,1,116,38,3,11,7.6,0,0,0,0,1,6,1,0,1,2,3,8,8,8,11,0,0,0,0,0,0,0,0,0,0,0,0
1071,4,4,2,1,2,1,0,100,34,1,10,6.8,1,1,2,1,3,5,2,0,1,2,1,9,10,9,5,1,0,0,0,0,0,1,1,0,0,0,0
1072,2,3,0,3,1,1,1,152,27,2,11,5.4,0,0,1,1,2,4,3,1,0,3,2,2,3,9,11,0,0,1,0,0,0,1,0,0,0,0,0
1073,0,2,1,1,2,2,0,152,32,2,12,6.4,0,0,2,1,3,4,3,1,2,2,12,10,2,2,6,0,0,0,0,1,0,1,1,0,0,0,1
1074,3,3,2,1,2,0,1,123,40,1,14,8,1,1,1,1,2,5,2,0,2,2,5,14,7,1,13,1,0,0,0,0,0,1,0,0,0,0,1
1075,4,1,1,0,2,1,2,172,44,1,22,8.8,2,2,2,2,2,4,2,0,1,2,22,1,11,9,1,1,1,0,0,0,1,1,0,1,0,1,0
1076,5,3,3,0,0,3,0,125,34,1,24,6.8,1,1,2,2,2,4,2,1,0,3,4,2,24,3,1,1,0,1,0,1,0,1,0,1,0,1,0
1077,2,3,2,1,1,1,1,142,39,3,13,7.8,0,0,1,1,2,6,1,0,0,2,4,9,13,10,3,0,0,0,0,0,0,1,0,0,0,0,0
1078,1,4,2,2,0,2,0,115,32,1,22,6.4,1,1,1,1,2,4,2,1,0,2,4,1,3,22,2,1,0,0,0,1,0,1,0,0,0,1,0
1079,2,3,2,1,1,1,1,136,41,4,13,8.2,0,0,2,2,2,6,1,0,0,2,4,10,6,13,8,0,0,0,0,0,0,1,0,1,0,0,0
1080,3,2,0,2,1,2,1,163,31,3,8,6.2,0,0,2,2,2,6,1,0,0,2,3,7,8,5,8,0,0,0,0,0,0,1,0,1,0,0,0
1081,3,3,2,1,2,1,0,111,37,1,14,7.4,1,1,0,0,1,5,2,0,2,2,8,7,7,1,14,1,0,0,0,0,0,0,0,0,0,0,1
1082,2,1,0,0,3,2,1,182,21,1,8,4.2,1,1,1,1,2,4,2,0,0,3,5,1,5,2,8,1,0,1,0,0,1,1,0,0,0,0,0
1083,3,5,2,2,1,1,0,99,35,1,16,7,1,1,0,0,1,5,2,0,0,2,4,7,1,7,16,1,0,0,0,0,1,0,0,0,0,1,0
1084,3,3,1,2,1,1,1,137,34,1,16,6.8,1,1,2,2,2,5,2,0,0,2,4,1,16,4,9,1,0,0,0,0,0,1,0,1,0,1,0
1085,2,4,2,2,0,1,1,128,40,1,20,8,1,1,3,3,2,5,2,0,0,2,3,10,1,20,6,1,0,0,0,0,0,1,0,1,0,1,0
1086,4,2,0,2,2,2,0,150,25,1,9,5,1,1,2,2,2,4,2,0,0,2,5,9,2,8,1,1,0,0,0,0,0,1,0,1,0,0,0
1087,2,4,0,3,1,1,1,144,31,1,13,6.2,1,1,2,1,3,5,2,0,0,3,1,4,3,13,10,1,0,1,0,0,0,1,1,0,0,0,0
1088,3,3,0,1,3,1,1,167,33,1,10,6.6,1,1,1,1,2,5,2,0,2,3,10,1,8,9,5,1,0,1,0,0,0,1,0,0,0,0,1
1089,3,2,1,1,0,2,2,175,39,1,14,7.8,1,1,0,0,1,5,2,0,0,2,14,13,6,5,1,1,0,0,0,0,0,0,0,0,0,0,0
1090,4,3,0,2,2,1,1,166,33,2,11,6.6,0,0,1,1,2,5,2,0,0,2,7,2,8,11,5,0,0,0,0,0,0,1,0,0,0,0,0
1091,1,2,1,1,4,0,0,131,24,1,14,4.8,1,1,1,1,2,4,2,1,0,4,14,3,1,4,2,1,0,1,1,1,0,1,0,0,0,0,0
1092,4,3,1,2,1,1,1,148,38,1,12,7.6,1,1,0,0,1,5,2,0,0,2,11,1,7,7,12,1,0,0,0,0,0,0,0,0,0,0,0
1093,3,3,1,1,2,1,1,157,33,5,8,6.6,0,0,1,1,2,6,1,0,0,2,7,5,8,5,8,0,0,0,0,0,0,1,0,0,0,0,0
1094,2,4,2,1,2,1,0,116,34,1,14,6.8,1,1,1,1,2,5,2,0,1,2,1,8,7,4,14,1,0,0,0,0,0,1,0,0,0,0,0
1095,1,2,1,1,2,2,0,153,32,1,14,6.4,1,1,2,2,2,5,2,0,1,2,6,14,1,5,6,1,0,0,0,1,0,1,0,1,0,0,0
1096,4,4,1,3,1,0,1,114,42,3,20,8.4,0,0,1,1,2,6,1,0,0,3,11,4,3,4,20,0,0,1,0,0,0,1,0,0,0,1,0
1097,3,1,0,1,0,5,0,193,26,1,19,5.2,2,1,1,1,2,3,4,1,0,5,19,1,1,2,3,1,1,1,1,0,1,1,0,0,1,1,0
1098,3,3,0,2,2,0,2,157,31,2,17,6.2,0,0,1,1,2,5,2,0,0,2,4,5,3,17,2,0,0,0,0,0,0,1,0,0,0,1,0
1099,2,2,1,1,1,2,1,172,40,2,17,8,0,0,3,3,2,5,2,0,1,2,17,8,10,2,3,0,0,0,0,0,0,1,0,1,0,1,0
1100,4,1,0,1,3,1,1,176,26,1,12,5.2,2,1,0,0,1,4,3,1,1,3,9,3,1,1,12,1,1,1,0,0,1,0,0,0,0,0,0
1101,2,3,2,1,1,1,1,132,36,1,15,7.2,1,1,1,1,2,5,2,0,0,2,1,6,15,8,6,1,0,0,0,0,0,1,0,0,0,1,0
1102,2,3,0,2,2,2,0,150,25,1,11,5,2,2,0,0,1,4,2,0,1,2,1,8,4,11,1,1,1,0,0,0,0,0,0,0,0,0,0
1103,2,2,1,1,1,2,1,166,34,2,17,6.8,0,0,1,1,2,4,2,0,0,2,2,17,2,9,4,0,0,0,0,0,0,1,0,0,0,1,0
1104,4,3,2,0,2,2,0,132,37,3,14,7.4,0,0,1,1,2,6,1,0,0,2,6,14,9,5,3,0,0,0,0,0,0,1,0,0,0,0,0
1105,2,2,1,1,0,4,0,172,34,1,18,6.8,1,1,1,1,2,4,3,1,0,4,10,18,3,2,1,1,0,1,1,0,0,1,0,0,0,1,0
1106,4,3,3,0,1,0,2,124,44,1,25,8.8,1,1,0,0,1,4,3,1,0,3,2,1,25,13,3,1,0,1,0,0,0,0,0,0,0,1,0
1107,2,2,1,1,1,2,1,162,35,1,16,7,2,2,2,2,2,4,2,0,0,2,8,16,1,9,1,1,1,0,0,0,0,1,0,1,0,1,0
1108,4,2,1,1,1,2,1,172,37,2,12,7.4,0,0,2,2,2,5,2,0,0,2,12,7,11,2,5,0,0,0,0,0,0,1,0,1,0,0,0
1109,3,4,1,3,0,2,0,127,30,1,14,6,1,1,2,2,2,4,3,1,1,3,2,1,6,14,7,1,0,1,0,0,0,1,0,1,0,0,0
1110,4,5,2,2,1,0,1,104,38,2,19,7.6,0,0,1,1,2,5,2,0,0,2,4,4,9,2,19,0,0,0,0,0,1,1,0,0,0,1,0
1111,5,2,1,1,1,1,2,167,42,2,17,8.4,0,0,3,1,4,5,2,0,1,2,10,17,3,10,2,0,0,0,0,1,0,1,1,0,0,1,0
1112,0,2,0,2,1,1,2,184,28,2,10,5.6,0,0,2,1,3,5,2,0,0,2,4,6,10,6,2,0,0,0,0,1,0,1,1,0,0,0,0
1113,3,4,0,3,1,1,1,141,33,1,12,6.6,1,1,1,1,2,4,2,0,2,3,2,7,1,11,12,1,0,1,0,0,0,1,0,0,0,0,1
1114,2,3,1,2,0,3,0,148,28,1,13,5.6,1,1,0,0,1,5,2,0,1,3,6,3,13,1,5,1,0,1,0,0,0,0,0,0,0,0,0
1115,2,2,1,1,1,3,0,144,29,2,11,5.8,0,0,1,1,2,4,3,1,1,3,5,11,9,2,2,0,0,1,0,0,0,1,0,0,0,0,0
1116,4,3,0,3,2,1,0,134,16,1,8,3.2,3,2,1,1,2,3,3,1,0,3,1,1,8,5,1,1,1,1,0,0,0,1,0,0,0,0,0
1117,3,3,3,0,1,2,0,115,33,1,21,6.6,1,1,1,1,2,5,2,0,1,3,1,5,21,3,3,1,0,1,0,0,0,1,0,0,0,1,0
1118,4,5,0,5,0,0,1,114,34,1,29,6.8,3,1,1,1,2,2,5,1,0,5,2,1,1,1,29,1,1,1,1,0,1,1,0,0,0,1,0
1119,4,5,2,3,0,0,1,100,44,1,25,8.8,1,1,0,0,1,5,2,1,2,3,8,3,1,7,25,1,0,1,0,0,1,0,0,0,0,1,1
1120,3,2,1,1,1,2,1,157,39,3,17,7.8,0,0,1,1,2,6,1,0,0,2,17,7,5,7,3,0,0,0,0,0,0,1,0,0,0,1,0
1121,1,1,1,0,1,3,1,175,38,1,18,7.6,1,1,1,1,2,5,2,0,2,3,18,7,1,6,6,1,0,1,0,1,1,1,0,0,0,1,1
1122,3,3,2,0,2,2,0,129,32,1,15,6.4,1,1,0,0,1,5,2,0,1,2,3,15,9,4,1,1,0,0,0,0,0,0,0,0,0,1,0
1123,4,3,0,2,2,2,0,146,22,1,10,4.4,1,1,1,1,2,4,2,0,3,2,6,2,3,10,1,1,0,0,0,0,0,1,0,0,0,0,1
1124,3,3,2,1,1,2,0,125,31,1,13,6.2,1,1,1,1,2,5,2,1,1,2,5,9,13,3,1,1,0,0,0,0,0,1,0,0,0,0,0
1125,2,2,1,1,1,2,1,162,38,4,11,7.6,0,0,1,1,2,6,1,0,1,2,8,11,8,7,4,0,0,0,0,0,0,1,0,0,0,0,0
1126,4,4,3,1,0,2,0,106,36,1,26,7.2,1,1,0,0,1,4,2,0,1,3,1,4,2,26,3,1,0,1,0,0,0,0,0,0,0,1,0
1127,3,2,1,1,2,2,0,147,27,1,9,5.4,1,1,1,1,2,5,2,0,1,2,5,9,6,1,6,1,0,0,0,0,0,1,0,0,0,0,0
1128,3,4,3,1,1,1,0,91,32,3,12,6.4,0,0,1,1,2,6,1,0,0,3,4,3,8,12,5,0,0,1,0,0,0,1,0,0,0,0,0
1129,3,4,2,2,1,1,0,105,29,1,11,5.8,1,1,0,0,1,5,2,0,2,2,5,1,6,11,6,1,0,0,0,0,0,0,0,0,0,0,1
1130,5,3,0,2,4,0,0,135,13,1,4,2.6,1,1,1,1,2,3,3,1,1,4,4,2,4,2,1,1,0,1,1,1,0,1,0,0,0,0,0
1131,2,4,3,1,1,1,0,88,37,1,13,7.4,1,1,0,0,1,5,2,0,1,3,1,4,8,13,11,1,0,1,0,0,0,0,0,0,1,0,0
1132,3,3,2,1,1,1,1,135,35,1,12,7,1,1,0,0,1,5,2,0,1,2,1,12,9,6,7,1,0,0,0,0,0,0,0,0,0,0,0
1133,2,3,0,3,2,1,0,138,21,1,8,4.2,2,2,1,1,2,4,2,0,2,3,1,6,8,1,5,1,1,1,0,0,0,1,0,0,0,0,1
1134,5,5,3,2,1,0,0,75,21,2,6,4.2,0,0,2,2,2,5,2,0,1,3,4,2,4,6,5,0,0,1,0,1,1,1,0,1,1,0,0
1135,5,5,2,2,1,1,0,93,32,2,12,6.4,0,0,2,2,2,5,2,0,2,2,5,7,6,2,12,0,0,0,0,1,1,1,0,1,0,0,1
1136,3,1,0,0,1,3,2,213,23,2,12,4.6,0,0,0,0,1,4,2,0,2,3,12,2,3,4,2,0,0,1,0,0,1,0,0,0,1,0,1
1137,4,4,2,2,0,1,1,118,41,3,18,8.2,0,0,1,1,2,6,1,0,1,2,5,3,3,18,12,0,0,0,0,0,0,1,0,0,0,1,0
1138,2,4,0,4,1,1,0,132,20,1,9,4,1,1,2,2,2,4,2,1,0,4,2,3,1,9,5,1,0,1,1,0,0,1,0,1,0,0,0
1139,3,3,1,2,1,2,0,139,35,3,15,7,0,0,2,2,2,6,1,0,0,2,7,3,15,7,3,0,0,0,0,0,0,1,0,1,0,1,0
1140,3,3,2,0,2,2,0,137,31,2,12,6.2,0,0,0,0,1,5,2,0,0,2,3,12,7,2,7,0,0,0,0,0,0,0,0,0,0,0,0
1141,4,4,1,2,2,1,0,112,28,1,9,5.6,1,1,1,1,2,5,2,0,1,2,4,1,9,5,9,1,0,0,0,0,0,1,0,0,0,0,0
1142,2,2,2,0,2,1,1,146,39,2,20,7.8,0,0,1,1,2,5,2,0,0,2,6,20,2,7,4,0,0,0,0,0,0,1,0,0,0,1,0
1143,2,3,1,2,2,1,0,134,26,1,10,5.2,2,2,2,2,2,4,2,0,1,2,6,1,10,1,8,1,1,0,0,0,0,1,0,1,0,0,0
1144,2,4,2,2,1,1,0,94,31,1,11,6.2,1,1,1,1,2,5,2,0,0,2,1,8,3,11,8,1,0,0,0,0,0,1,0,0,0,0,0
1145,4,2,1,1,0,3,1,158,42,2,20,8.4,0,0,1,1,2,5,2,0,0,3,9,20,2,4,7,0,0,1,0,0,0,1,0,0,0,1,0
1146,4,4,1,3,0,1,1,136,37,2,21,7.4,0,0,0,0,1,5,2,0,1,3,5,6,2,21,3,0,0,1,0,0,0,0,0,0,0,1,0
1147,4,2,1,1,3,1,0,132,30,1,13,6,1,1,2,1,3,4,3,1,1,3,4,13,2,1,10,1,0,1,0,0,0,1,1,0,0,0,0
1148,3,6,2,3,1,0,0,75,19,1,7,3.8,1,1,2,2,2,4,3,1,0,3,3,7,2,1,6,1,0,1,0,0,1,1,0,1,1,0,0
1149,3,4,1,2,1,2,0,131,28,2,11,5.6,0,0,0,0,1,5,2,0,1,2,7,4,2,11,4,0,0,0,0,0,0,0,0,0,0,0,0
1150,4,3,2,1,0,2,1,154,37,1,17,7.4,1,1,3,3,2,5,2,0,1,2,1,9,17,4,6,1,0,0,0,0,0,1,0,1,0,1,0
1151,5,4,3,1,2,0,0,85,27,1,12,5.4,1,1,1,1,2,4,2,0,1,3,1,6,6,12,2,1,0,1,0,1,0,1,0,0,1,0,0
1152,3,0,0,0,1,5,0,201,7,1,3,1.4,4,2,0,0,1,2,3,1,0,5,1,1,3,1,1,1,1,1,1,0,1,0,0,0,1,0,0
1153,4,4,3,1,0,1,1,112,43,1,22,8.6,1,1,0,0,1,5,2,1,1,3,8,1,3,22,9,1,0,1,0,0,0,0,0,0,0,1,0
1154,0,3,2,0,2,2,0,130,34,4,14,6.8,0,0,2,2,2,6,1,0,0,2,4,14,4,6,6,0,0,0,0,1,0,1,0,1,0,0,0
1155,3,3,1,2,1,2,0,147,28,1,10,5.6,1,1,1,1,2,5,2,0,1,2,6,3,8,10,1,1,0,0,0,0,0,1,0,0,0,0,0
1156,4,0,0,0,1,3,2,220,15,1,5,3,1,1,1,1,2,4,2,1,0,3,1,3,5,2,4,1,0,1,0,0,1,1,0,0,1,0,0
1157,3,4,2,2,2,0,0,95,21,1,8,4.2,1,1,1,1,2,4,2,0,0,2,2,5,8,5,1,1,0,0,0,0,0,1,0,0,0,0,0
1158,4,1,0,0,3,3,0,180,17,1,5,3.4,1,1,1,1,2,4,2,0,1,3,4,2,5,5,1,1,0,1,0,0,1,1,0,0,0,0,0
1159,4,2,2,0,2,2,0,144,36,1,18,7.2,2,2,2,2,2,4,2,0,2,2,6,18,1,10,1,1,1,0,0,0,0,1,0,1,0,1,1
1160,4,3,1,2,0,2,1,158,38,3,18,7.6,0,0,0,0,1,6,1,0,1,2,6,5,18,3,6,0,0,0,0,0,0,0,0,0,0,1,0
1161,0,3,1,2,1,1,1,134,40,4,10,8,0,0,3,2,3,6,1,0,0,2,10,8,4,10,8,0,0,0,0,1,0,1,1,1,0,0,0
1162,3,3,0,1,5,0,0,145,9,1,3,1.8,3,2,0,0,1,3,3,1,1,5,1,1,3,3,1,1,1,1,1,0,0,0,0,0,0,0,0
1163,4,4,1,3,0,1,1,122,41,1,17,8.2,1,1,2,1,3,4,3,1,0,3,11,2,1,17,10,1,0,1,0,0,0,1,1,0,0,1,0
1164,4,2,0,2,2,2,0,160,22,1,13,4.4,2,2,1,1,2,3,2,0,0,2,1,5,2,13,1,1,1,0,0,0,0,1,0,0,0,0,0
1165,4,2,2,0,2,1,1,152,39,1,20,7.8,1,1,1,1,2,4,2,0,1,2,1,20,2,9,7,1,0,0,0,0,0,1,0,0,0,1,0
1166,4,1,0,1,4,0,1,160,28,2,13,5.6,0,0,0,0,1,3,4,1,2,4,9,2,2,2,13,0,0,1,1,0,1,0,0,0,0,0,1
1167,4,1,1,0,1,4,0,176,32,1,15,6.4,1,1,0,0,1,5,2,0,1,4,15,8,4,4,1,1,0,1,1,0,1,0,0,0,0,1,0
1168,4,2,1,0,3,2,0,154,28,3,12,5.6,0,0,0,0,1,6,1,0,0,3,12,3,6,3,4,0,0,1,0,0,0,0,0,0,0,0,0
1169,2,2,1,1,2,1,1,148,37,2,13,7.4,0,0,1,1,2,5,2,0,1,2,7,12,2,13,3,0,0,0,0,0,0,1,0,0,0,0,0
1170,2,2,1,1,1,2,1,158,39,4,15,7.8,0,0,2,2,2,6,1,0,1,2,10,15,6,4,4,0,0,0,0,0,0,1,0,1,0,1,0
1171,4,6,3,3,0,0,0,56,14,1,5,2.8,2,2,1,1,2,4,2,1,1,3,3,1,4,1,5,1,1,1,0,0,1,1,0,0,1,0,0
1172,2,2,2,0,1,1,2,166,37,2,16,7.4,0,0,1,1,2,3,3,1,1,2,2,15,16,2,2,0,0,0,0,0,0,1,0,0,0,1,0
1173,3,4,2,2,1,1,0,109,34,2,13,6.8,0,0,2,2,2,5,2,0,0,2,4,13,2,10,5,0,0,0,0,0,0,1,0,1,0,0,0
1174,3,4,1,3,0,2,0,125,31,3,19,6.2,0,0,0,0,1,6,1,0,0,3,3,3,3,19,3,0,0,1,0,0,0,0,0,0,0,1,0
1175,1,4,4,0,0,1,1,95,39,1,24,7.8,1,1,1,1,2,3,4,1,1,4,1,2,2,24,10,1,0,1,1,1,0,1,0,0,0,1,0
1176,5,4,2,1,2,1,0,113,28,2,10,5.6,0,0,1,1,2,4,3,1,0,2,2,2,10,9,5,0,0,0,0,1,0,1,0,0,0,0,0
1177,5,5,2,3,0,0,1,103,40,1,24,8,1,1,1,1,2,5,2,1,1,3,4,8,1,3,24,1,0,1,0,1,1,1,0,0,0,1,0
1178,4,3,2,1,1,0,2,136,39,1,16,7.8,2,2,0,0,1,4,2,0,1,2,1,5,16,16,1,1,1,0,0,0,0,0,0,0,0,1,0
1179,1,3,1,2,1,1,1,145,41,2,16,8.2,0,0,1,1,2,5,2,0,1,2,13,2,6,16,4,0,0,0,0,1,0,1,0,0,0,1,0
1180,2,3,1,2,0,2,1,154,35,1,19,7,1,1,0,0,1,5,2,1,2,2,6,6,19,3,1,1,0,0,0,0,0,0,0,0,0,1,1
1181,2,4,2,2,0,1,1,126,33,2,13,6.6,0,0,1,1,2,5,2,0,1,2,2,4,6,13,8,0,0,0,0,0,0,1,0,0,0,0,0
1182,5,3,1,1,3,1,0,119,30,3,12,6,0,0,2,1,3,6,1,0,0,3,12,8,4,3,3,0,0,1,0,1,0,1,1,0,0,0,0
1183,4,3,1,2,2,1,0,122,32,2,11,6.4,0,0,1,1,2,5,2,0,0,2,11,2,6,4,9,0,0,0,0,0,0,1,0,0,0,0,0
1184,4,2,0,2,2,2,0,146,23,2,7,4.6,0,0,0,0,1,4,2,0,1,2,2,7,2,6,6,0,0,0,0,0,0,0,0,0,0,0,0
1185,2,3,1,1,3,1,0,134,26,1,11,5.2,1,1,1,1,2,5,2,1,0,3,11,5,6,1,3,1,0,1,0,0,0,1,0,0,0,0,0
1186,2,4,2,2,2,0,0,90,26,3,7,5.2,0,0,2,2,2,6,1,0,1,2,6,5,3,7,5,0,0,0,0,0,0,1,0,1,1,0,0
1187,4,2,1,1,2,2,0,150,35,3,13,7,0,0,0,0,1,6,1,0,1,2,8,13,3,8,3,0,0,0,0,0,0,0,0,0,0,0,0
1188,3,5,2,2,2,0,0,87,24,1,8,4.8,1,1,1,1,2,5,2,0,0,2,1,8,7,3,5,1,0,0,0,0,1,1,0,0,1,0,0
1189,5,2,1,1,1,3,0,167,29,1,10,5.8,1,1,2,1,3,4,3,1,1,3,10,10,6,2,1,1,0,1,0,1,0,1,1,0,0,0,0
1190,5,3,2,1,2,0,1,129,38,2,19,7.6,0,0,1,1,2,5,2,0,2,2,2,10,4,3,19,0,0,0,0,1,0,1,0,0,0,1,1
1191,3,5,2,3,0,0,1,89,40,1,21,8,1,1,2,1,3,5,2,0,0,3,3,7,1,8,21,1,0,1,0,0,1,1,1,0,1,1,0
1192,2,2,1,1,1,3,0,164,30,1,13,6,1,1,2,2,2,5,2,1,0,3,6,7,13,3,1,1,0,1,0,0,0,1,0,1,0,0,0
1193,2,4,2,2,2,0,0,102,22,3,7,4.4,0,0,2,2,2,6,1,0,1,2,3,7,3,5,4,0,0,0,0,0,0,1,0,1,0,0,0
1194,5,3,1,2,1,2,0,125,34,2,10,6.8,0,0,2,1,3,5,2,0,1,2,10,2,9,9,4,0,0,0,0,1,0,1,1,0,0,0,0
1195,4,2,1,1,1,3,0,148,33,1,12,6.6,1,1,1,1,2,4,3,1,3,3,12,12,6,1,2,1,0,1,0,0,0,1,0,0,0,0,1
1196,3,3,1,2,1,1,1,149,37,3,14,7.4,0,0,1,1,2,6,1,0,1,2,4,3,14,11,5,0,0,0,0,0,0,1,0,0,0,0,0
1197,4,3,3,0,2,0,1,110,42,2,19,8.4,0,0,0,0,1,4,2,0,0,3,4,2,19,2,15,0,0,1,0,0,0,0,0,0,0,1,0
1198,3,0,0,0,2,3,1,207,15,1,5,3,1,1,0,0,1,4,3,1,1,3,4,3,5,1,2,1,0,1,0,0,1,0,0,0,1,0,0
1199,2,1,0,1,3,2,0,158,16,1,8,3.2,3,2,0,0,1,3,3,1,1,3,8,1,5,1,1,1,1,1,0,0,1,0,0,0,0,0,0
1200,1,5,3,2,0,1,0,75,31,1,12,6.2,1,1,1,1,2,4,3,1,2,3,1,2,12,4,12,1,0,1,0,1,1,1,0,0,1,0,1
1201,4,2,2,0,2,2,0,138,29,1,15,5.8,1,1,1,1,2,4,2,0,0,2,2,15,3,8,1,1,0,0,0,0,0,1,0,0,0,1,0
1202,4,3,1,1,1,3,0,148,35,3,12,7,0,0,0,0,1,6,1,0,0,3,7,9,12,4,3,0,0,1,0,0,0,0,0,0,0,0,0
1203,4,3,2,1,1,2,0,130,36,3,12,7.2,0,0,1,1,2,6,1,0,0,2,3,12,11,6,4,0,0,0,0,0,0,1,0,0,0,0,0
1204,1,2,1,1,2,1,1,157,36,1,13,7.2,1,1,1,1,2,4,3,1,0,2,8,12,2,1,13,1,0,0,0,1,0,1,0,0,0,0,0
1205,4,3,2,1,1,1,1,116,40,3,12,8,0,0,2,1,3,6,1,0,2,2,3,12,7,8,10,0,0,0,0,0,0,1,1,0,0,0,1
1206,4,3,2,1,2,0,1,116,41,1,15,8.2,1,1,1,1,2,4,2,0,1,2,2,14,9,1,15,1,0,0,0,0,0,1,0,0,0,1,0
1207,2,2,1,0,3,1,1,166,35,2,12,7,0,0,0,0,1,5,2,0,1,3,12,2,3,11,7,0,0,1,0,0,0,0,0,0,0,0,0
1208,1,1,1,0,2,2,1,179,36,2,21,7.2,0,0,1,1,2,5,2,0,2,2,21,3,6,2,4,0,0,0,0,1,1,1,0,0,0,1,1
1209,4,3,1,2,0,3,0,150,37,2,15,7.4,0,0,1,1,2,4,3,1,0,3,15,3,15,2,2,0,0,1,0,0,0,1,0,0,0,1,0
1210,5,4,3,1,1,1,0,99,37,2,11,7.4,0,0,2,1,3,5,2,0,1,3,6,2,8,10,11,0,0,1,0,1,0,1,1,0,0,0,0
1211,3,0,0,0,3,3,0,189,17,1,8,3.4,1,1,0,0,1,4,2,1,2,3,3,1,8,3,2,1,0,1,0,0,1,0,0,0,1,0,1
1212,4,2,2,0,1,1,2,154,39,3,17,7.8,0,0,2,2,2,6,1,0,0,2,3,17,6,10,3,0,0,0,0,0,0,1,0,1,0,1,0
1213,4,2,1,1,2,2,0,142,33,2,14,6.6,0,0,1,1,2,4,2,0,2,2,6,14,2,9,2,0,0,0,0,0,0,1,0,0,0,0,1
1214,4,3,1,2,2,1,0,134,23,3,8,4.6,0,0,1,1,2,6,1,0,1,2,5,4,8,3,3,0,0,0,0,0,0,1,0,0,0,0,0
1215,5,4,0,3,1,0,2,157,32,1,23,6.4,1,1,1,1,2,3,2,0,2,3,2,4,2,23,1,1,0,1,0,1,0,1,0,0,0,1,1
1216,3,4,2,2,2,0,0,89,21,1,8,4.2,2,2,2,2,2,4,2,0,1,2,7,4,1,8,1,1,1,0,0,0,0,1,0,1,1,0,0
1217,3,4,2,2,1,1,0,113,23,2,9,4.6,0,0,1,1,2,4,2,0,2,2,2,5,5,9,2,0,0,0,0,0,0,1,0,0,0,0,1
1218,3,1,1,0,1,2,2,181,42,1,25,8.4,1,1,1,1,2,5,2,1,1,2,25,3,1,10,3,1,0,0,0,0,1,1,0,0,0,1,0
1219,4,3,2,1,1,1,1,130,44,1,13,8.8,1,1,1,1,2,5,2,0,2,2,1,13,13,11,6,1,0,0,0,0,0,1,0,0,0,0,1
1220,2,2,1,0,3,1,1,154,41,3,20,8.2,0,0,1,1,2,6,1,0,2,3,20,3,3,6,9,0,0,1,0,0,0,1,0,0,0,1,1
1221,1,3,1,2,2,1,0,131,30,2,10,6,0,0,2,2,2,5,2,0,1,2,7,5,10,2,6,0,0,0,0,1,0,1,0,1,0,0,0
1222,3,4,1,2,1,1,1,127,37,5,10,7.4,0,0,2,2,2,6,1,0,0,2,7,6,5,10,9,0,0,0,0,0,0,1,0,1,0,0,0
1223,2,3,0,3,0,3,0,158,23,1,12,4.6,1,1,0,0,1,3,3,1,1,3,2,2,12,1,6,1,0,1,0,0,0,0,0,0,0,0,0
1224,4,3,1,1,2,0,2,164,36,1,17,7.2,1,1,0,0,1,5,2,0,1,2,9,3,6,17,1,1,0,0,0,0,0,0,0,0,0,1,0
1225,4,3,2,1,1,0,2,144,34,1,16,6.8,2,2,1,1,2,4,2,0,1,2,1,10,6,16,1,1,1,0,0,0,0,1,0,0,0,1,0
1226,2,4,2,2,2,0,0,94,24,2,9,4.8,0,0,1,1,2,4,2,0,0,2,2,7,4,9,2,0,0,0,0,0,0,1,0,0,0,0,0
1227,2,3,1,2,0,1,2,150,43,2,18,8.6,0,0,3,2,3,5,2,0,0,2,13,2,18,7,3,0,0,0,0,0,0,1,1,1,0,1,0
1228,3,0,0,0,3,2,1,193,20,1,9,4,2,1,1,1,2,4,3,1,1,3,5,1,1,4,9,1,1,1,0,0,1,1,0,0,1,0,0
1229,3,2,0,2,1,2,1,167,30,1,16,6,1,1,1,1,2,5,2,0,1,2,1,16,5,3,5,1,0,0,0,0,0,1,0,0,0,1,0
1230,2,4,3,0,2,0,1,112,39,1,14,7.8,1,1,2,2,2,5,2,0,1,3,5,1,13,6,14,1,0,1,0,0,0,1,0,1,0,0,0
1231,2,4,1,3,0,2,0,118,34,1,13,6.8,1,1,2,2,2,5,2,0,0,3,9,1,4,13,7,1,0,1,0,0,0,1,0,1,0,0,0
1232,2,4,0,3,2,1,0,128,24,2,12,4.8,0,0,1,1,2,5,2,0,0,3,3,4,3,2,12,0,0,1,0,0,0,1,0,0,0,0,0
1233,3,3,2,1,1,2,0,131,38,3,13,7.6,0,0,2,2,2,6,1,0,0,2,5,13,5,12,3,0,0,0,0,0,0,1,0,1,0,0,0
1234,6,3,1,2,0,2,1,144,42,4,14,8.4,0,0,2,2,2,6,1,0,0,2,14,4,12,4,8,0,0,0,0,1,0,1,0,1,0,0,0
1235,5,4,2,2,0,1,1,121,37,1,24,7.4,1,1,0,0,1,5,2,0,2,2,1,4,4,24,4,1,0,0,0,1,0,0,0,0,0,1,1
1236,2,3,0,2,2,2,0,152,26,3,8,5.2,0,0,1,1,2,6,1,0,0,2,6,3,8,5,4,0,0,0,0,0,0,1,0,0,0,0,0
1237,2,2,1,1,1,3,0,164,30,3,11,6,0,0,2,1,3,6,1,0,1,3,10,3,11,3,3,0,0,1,0,0,0,1,1,0,0,0,0
1238,1,3,1,2,0,2,1,145,40,4,14,8,0,0,3,2,3,6,1,0,0,2,11,5,14,6,4,0,0,0,0,1,0,1,1,1,0,0,0
1239,3,3,0,2,1,3,0,147,25,1,10,5,1,1,2,2,2,4,2,1,2,3,2,9,10,1,3,1,0,1,0,0,0,1,0,1,0,0,1
1240,4,4,0,4,0,1,1,138,33,1,13,6.6,1,1,1,1,2,4,2,0,2,4,2,6,1,11,13,1,0,1,1,0,0,1,0,0,0,0,1
1241,4,3,1,2,2,0,1,126,36,1,19,7.2,1,1,2,1,3,5,2,0,1,2,6,3,7,1,19,1,0,0,0,0,0,1,1,0,0,1,0
1242,2,4,3,1,0,1,1,104,39,2,15,7.8,0,0,1,1,2,5,2,0,1,3,2,6,6,15,10,0,0,1,0,0,0,1,0,0,0,1,0
1243,2,2,1,1,1,1,2,176,35,1,14,7,1,1,2,2,2,5,2,0,0,2,9,6,14,5,1,1,0,0,0,0,0,1,0,1,0,0,0
1244,2,3,1,2,1,2,0,130,37,4,12,7.4,0,0,1,1,2,6,1,0,2,2,12,5,8,8,4,0,0,0,0,0,0,1,0,0,0,0,1
