window,number,feature,n,mean,sd,delta_vs_disjoint_prior,direction,independent_observations,censoring
overall,1,current_wait,1234,6.056726094003242,6.453927803683102,,NA,False,Never-seen waiting time excluded; completed gaps condition on completion; cutoff sequence serially dependent
overall,1,mean_completed_gap,1218,6.932069853817756,0.7285213941614688,,NA,False,Never-seen waiting time excluded; completed gaps condition on completion; cutoff sequence serially dependent
overall,1,latest_completed_gap,1218,6.522167487684729,5.253031142939917,,NA,False,Never-seen waiting time excluded; completed gaps condition on completion; cutoff sequence serially dependent
overall,2,current_wait,1238,7.969305331179322,8.530891958707175,,NA,False,Never-seen waiting time excluded; completed gaps condition on completion; cutoff sequence serially dependent
overall,2,mean_completed_gap,1236,7.147686840166515,0.9230042550276142,,NA,False,Never-seen waiting time excluded; completed gaps condition on completion; cutoff sequence serially dependent
overall,2,latest_completed_gap,1236,8.397249190938512,8.901926569016915,,NA,False,Never-seen waiting time excluded; completed gaps condition on completion; cutoff sequence serially dependent
overall,3,current_wait,1230,5.666666666666667,5.394165270937636,,NA,False,Never-seen waiting time excluded; completed gaps condition on completion; cutoff sequence serially dependent
overall,3,mean_completed_gap,1228,6.8065350800331785,0.9646030022242496,,NA,False,Never-seen waiting time excluded; completed gaps condition on completion; cutoff sequence serially dependent
overall,3,latest_completed_gap,1228,7.067589576547231,5.895492540967885,,NA,False,Never-seen waiting time excluded; completed gaps condition on completion; cutoff sequence serially dependent
overall,4,current_wait,1236,5.976537216828479,5.955492935076625,,NA,False,Never-seen waiting time excluded; completed gaps condition on completion; cutoff sequence serially dependent
overall,4,mean_completed_gap,1230,6.885573245254828,0.6576588004560887,,NA,False,Never-seen waiting time excluded; completed gaps condition on completion; cutoff sequence serially dependent
overall,4,latest_completed_gap,1230,7.648780487804878,6.526137141714447,,NA,False,Never-seen waiting time excluded; completed gaps condition on completion; cutoff sequence serially dependent
overall,5,current_wait,1223,9.548650858544562,12.176504300072263,,NA,False,Never-seen waiting time excluded; completed gaps condition on completion; cutoff sequence serially dependent
overall,5,mean_completed_gap,1222,6.947124594353123,1.0723290253423712,,NA,False,Never-seen waiting time excluded; completed gaps condition on completion; cutoff sequence serially dependent
overall,5,latest_completed_gap,1222,7.387888707037643,8.809408597090636,,NA,False,Never-seen waiting time excluded; completed gaps condition on completion; cutoff sequence serially dependent
overall,6,current_wait,1231,6.126726238830219,6.322257737346288,,NA,False,Never-seen waiting time excluded; completed gaps condition on completion; cutoff sequence serially dependent
overall,6,mean_completed_gap,1229,7.529457261379395,1.0492576536142295,,NA,False,Never-seen waiting time excluded; completed gaps condition on completion; cutoff sequence serially dependent
overall,6,latest_completed_gap,1229,6.949552481692433,5.681316520626059,,NA,False,Never-seen waiting time excluded; completed gaps condition on completion; cutoff sequence serially dependent
overall,7,current_wait,1234,6.420583468395462,6.898354229061686,,NA,False,Never-seen waiting time excluded; completed gaps condition on completion; cutoff sequence serially dependent
overall,7,mean_completed_gap,1229,7.068205659925095,0.9183805051503589,,NA,False,Never-seen waiting time excluded; completed gaps condition on completion; cutoff sequence serially dependent
overall,7,latest_completed_gap,1229,7.076484947111473,6.550350173868745,,NA,False,Never-seen waiting time excluded; completed gaps condition on completion; cutoff sequence serially dependent
overall,8,current_wait,1237,6.1519805982215034,5.866848316893081,,NA,False,Never-seen waiting time excluded; completed gaps condition on completion; cutoff sequence serially dependent
overall,8,mean_completed_gap,1223,7.608307611383329,0.5298045879527278,,NA,False,Never-seen waiting time excluded; completed gaps condition on completion; cutoff sequence serially dependent
overall,8,latest_completed_gap,1223,8.067865903515944,6.656835925424927,,NA,False,Never-seen waiting time excluded; completed gaps condition on completion; cutoff sequence serially dependent
overall,9,current_wait,1243,8.80048270313757,9.231993397964647,,NA,False,Never-seen waiting time excluded; completed gaps condition on completion; cutoff sequence serially dependent
overall,9,mean_completed_gap,1238,9.42900825832428,1.1511935244361347,,NA,False,Never-seen waiting time excluded; completed gaps condition on completion; cutoff sequence serially dependent
overall,9,latest_completed_gap,1238,8.884491114701131,10.04056723956607,,NA,False,Never-seen waiting time excluded; completed gaps condition on completion; cutoff sequence serially dependent
overall,10,current_wait,1244,6.639871382636656,7.102865142394722,,NA,False,Never-seen waiting time excluded; completed gaps condition on completion; cutoff sequence serially dependent
overall,10,mean_completed_gap,1225,7.660305274996391,1.65503839956369,,NA,False,Never-seen waiting time excluded; completed gaps condition on completion; cutoff sequence serially dependent
overall,10,latest_completed_gap,1225,8.336326530612245,6.957681614187169,,NA,False,Never-seen waiting time excluded; completed gaps condition on completion; cutoff sequence serially dependent
overall,11,current_wait,1242,6.175523349436393,6.661092833565489,,NA,False,Never-seen waiting time excluded; completed gaps condition on completion; cutoff sequence serially dependent
overall,11,mean_completed_gap,1233,8.004458276737243,1.6285760214253813,,NA,False,Never-seen waiting time excluded; completed gaps condition on completion; cutoff sequence serially dependent
overall,11,latest_completed_gap,1233,7.394160583941606,6.871691518674415,,NA,False,Never-seen waiting time excluded; completed gaps condition on completion; cutoff sequence serially dependent
overall,12,current_wait,1231,5.580016246953696,5.713144761898676,,NA,False,Never-seen waiting time excluded; completed gaps condition on completion; cutoff sequence serially dependent
overall,12,mean_completed_gap,1227,7.60055035039039,1.1729477208580354,,NA,False,Never-seen waiting time excluded; completed gaps condition on completion; cutoff sequence serially dependent
overall,12,latest_completed_gap,1227,6.648736756316218,6.276150218597351,,NA,False,Never-seen waiting time excluded; completed gaps condition on completion; cutoff sequence serially dependent
overall,13,current_wait,1243,5.763475462590507,6.04464895609454,,NA,False,Never-seen waiting time excluded; completed gaps condition on completion; cutoff sequence serially dependent
overall,13,mean_completed_gap,1227,7.5186203001534375,0.9596682706230363,,NA,False,Never-seen waiting time excluded; completed gaps condition on completion; cutoff sequence serially dependent
overall,13,latest_completed_gap,1227,6.52322738386308,6.388667127077683,,NA,False,Never-seen waiting time excluded; completed gaps condition on completion; cutoff sequence serially dependent
overall,14,current_wait,1241,5.714746172441579,6.155061866415901,,NA,False,Never-seen waiting time excluded; completed gaps condition on completion; cutoff sequence serially dependent
overall,14,mean_completed_gap,1239,7.075511090178711,0.7841889174746222,,NA,False,Never-seen waiting time excluded; completed gaps condition on completion; cutoff sequence serially dependent
overall,14,latest_completed_gap,1239,7.215496368038741,6.247224563399954,,NA,False,Never-seen waiting time excluded; completed gaps condition on completion; cutoff sequence serially dependent
overall,15,current_wait,1239,6.288135593220339,6.597633028325312,,NA,False,Never-seen waiting time excluded; completed gaps condition on completion; cutoff sequence serially dependent
overall,15,mean_completed_gap,1206,7.761791856993522,2.15316901929369,,NA,False,Never-seen waiting time excluded; completed gaps condition on completion; cutoff sequence serially dependent
overall,15,latest_completed_gap,1206,6.956053067993366,6.6706872709764475,,NA,False,Never-seen waiting time excluded; completed gaps condition on completion; cutoff sequence serially dependent
overall,16,current_wait,1242,6.4838969404186795,6.909594366868473,,NA,False,Never-seen waiting time excluded; completed gaps condition on completion; cutoff sequence serially dependent
overall,16,mean_completed_gap,1240,7.675251109626521,0.9529458186177335,,NA,False,Never-seen waiting time excluded; completed gaps condition on completion; cutoff sequence serially dependent
overall,16,latest_completed_gap,1240,6.651612903225806,6.327327875470377,,NA,False,Never-seen waiting time excluded; completed gaps condition on completion; cutoff sequence serially dependent
overall,17,current_wait,1236,5.949029126213592,6.249775972357192,,NA,False,Never-seen waiting time excluded; completed gaps condition on completion; cutoff sequence serially dependent
overall,17,mean_completed_gap,1228,6.5367152382945,0.6898655837723066,,NA,False,Never-seen waiting time excluded; completed gaps condition on completion; cutoff sequence serially dependent
overall,17,latest_completed_gap,1228,6.5757328990228014,5.666487922418184,,NA,False,Never-seen waiting time excluded; completed gaps condition on completion; cutoff sequence serially dependent
overall,18,current_wait,1225,6.846530612244898,8.602284829618188,,NA,False,Never-seen waiting time excluded; completed gaps condition on completion; cutoff sequence serially dependent
overall,18,mean_completed_gap,1224,6.468235695629822,0.8816196161933414,,NA,False,Never-seen waiting time excluded; completed gaps condition on completion; cutoff sequence serially dependent
overall,18,latest_completed_gap,1224,6.637254901960785,7.752447493381646,,NA,False,Never-seen waiting time excluded; completed gaps condition on completion; cutoff sequence serially dependent
overall,19,current_wait,1242,6.249597423510467,6.836403504870849,,NA,False,Never-seen waiting time excluded; completed gaps condition on completion; cutoff sequence serially dependent
overall,19,mean_completed_gap,1237,7.330387389002637,0.6104361427292647,,NA,False,Never-seen waiting time excluded; completed gaps condition on completion; cutoff sequence serially dependent
overall,19,latest_completed_gap,1237,7.427647534357316,6.420005518721011,,NA,False,Never-seen waiting time excluded; completed gaps condition on completion; cutoff sequence serially dependent
overall,20,current_wait,1225,5.572244897959184,5.414406808033742,,NA,False,Never-seen waiting time excluded; completed gaps condition on completion; cutoff sequence serially dependent
overall,20,mean_completed_gap,1219,6.546847978108418,0.6462048955304418,,NA,False,Never-seen waiting time excluded; completed gaps condition on completion; cutoff sequence serially dependent
overall,20,latest_completed_gap,1219,7.454470877768663,5.60002806257736,,NA,False,Never-seen waiting time excluded; completed gaps condition on completion; cutoff sequence serially dependent
overall,21,current_wait,1243,6.069187449718423,5.966118461162,,NA,False,Never-seen waiting time excluded; completed gaps condition on completion; cutoff sequence serially dependent
overall,21,mean_completed_gap,1242,7.728912971294842,0.8470178966864346,,NA,False,Never-seen waiting time excluded; completed gaps condition on completion; cutoff sequence serially dependent
overall,21,latest_completed_gap,1242,7.926731078904992,6.749624700497704,,NA,False,Never-seen waiting time excluded; completed gaps condition on completion; cutoff sequence serially dependent
overall,22,current_wait,1232,8.040584415584416,8.5536869651291,,NA,False,Never-seen waiting time excluded; completed gaps condition on completion; cutoff sequence serially dependent
overall,22,mean_completed_gap,1207,9.249194472140028,2.2092550262906174,,NA,False,Never-seen waiting time excluded; completed gaps condition on completion; cutoff sequence serially dependent
overall,22,latest_completed_gap,1207,8.992543496271749,8.8940618084623,,NA,False,Never-seen waiting time excluded; completed gaps condition on completion; cutoff sequence serially dependent
overall,23,current_wait,1244,7.978295819935691,8.712744019526202,,NA,False,Never-seen waiting time excluded; completed gaps condition on completion; cutoff sequence serially dependent
overall,23,mean_completed_gap,1232,8.233370977102318,0.7579169600926039,,NA,False,Never-seen waiting time excluded; completed gaps condition on completion; cutoff sequence serially dependent
overall,23,latest_completed_gap,1232,8.97646103896104,8.853896959636398,,NA,False,Never-seen waiting time excluded; completed gaps condition on completion; cutoff sequence serially dependent
overall,24,current_wait,1240,6.632258064516129,6.9383407469293035,,NA,False,Never-seen waiting time excluded; completed gaps condition on completion; cutoff sequence serially dependent
overall,24,mean_completed_gap,1229,8.112265077092868,2.121101272495295,,NA,False,Never-seen waiting time excluded; completed gaps condition on completion; cutoff sequence serially dependent
overall,24,latest_completed_gap,1229,8.044751830756713,7.4661448333899685,,NA,False,Never-seen waiting time excluded; completed gaps condition on completion; cutoff sequence serially dependent
overall,25,current_wait,1243,7.213998390989541,8.033471632778415,,NA,False,Never-seen waiting time excluded; completed gaps condition on completion; cutoff sequence serially dependent
overall,25,mean_completed_gap,1238,7.090652753332693,1.0756807580505325,,NA,False,Never-seen waiting time excluded; completed gaps condition on completion; cutoff sequence serially dependent
overall,25,latest_completed_gap,1238,7.941033925686591,7.579875973329794,,NA,False,Never-seen waiting time excluded; completed gaps condition on completion; cutoff sequence serially dependent
overall,26,current_wait,1239,6.248587570621469,6.173012355418723,,NA,False,Never-seen waiting time excluded; completed gaps condition on completion; cutoff sequence serially dependent
overall,26,mean_completed_gap,1238,6.972718968261293,0.9752284058300361,,NA,False,Never-seen waiting time excluded; completed gaps condition on completion; cutoff sequence serially dependent
overall,26,latest_completed_gap,1238,7.182552504038772,6.934073529616295,,NA,False,Never-seen waiting time excluded; completed gaps condition on completion; cutoff sequence serially dependent
overall,27,current_wait,1242,5.962157809983897,6.53204792498177,,NA,False,Never-seen waiting time excluded; completed gaps condition on completion; cutoff sequence serially dependent
overall,27,mean_completed_gap,1241,6.844104200207504,0.8320271814776936,,NA,False,Never-seen waiting time excluded; completed gaps condition on completion; cutoff sequence serially dependent
overall,27,latest_completed_gap,1241,6.506849315068493,5.6625629073015515,,NA,False,Never-seen waiting time excluded; completed gaps condition on completion; cutoff sequence serially dependent
overall,28,current_wait,1218,6.830049261083744,6.9605869204198205,,NA,False,Never-seen waiting time excluded; completed gaps condition on completion; cutoff sequence serially dependent
overall,28,mean_completed_gap,1214,8.415919295965345,1.5734000428735024,,NA,False,Never-seen waiting time excluded; completed gaps condition on completion; cutoff sequence serially dependent
overall,28,latest_completed_gap,1214,8.132619439868204,7.567360778482439,,NA,False,Never-seen waiting time excluded; completed gaps condition on completion; cutoff sequence serially dependent
overall,29,current_wait,1244,6.90112540192926,6.748397357941593,,NA,False,Never-seen waiting time excluded; completed gaps condition on completion; cutoff sequence serially dependent
overall,29,mean_completed_gap,1240,8.119151135336983,1.0508469778198073,,NA,False,Never-seen waiting time excluded; completed gaps condition on completion; cutoff sequence serially dependent
overall,29,latest_completed_gap,1240,7.748387096774193,7.423996444301061,,NA,False,Never-seen waiting time excluded; completed gaps condition on completion; cutoff sequence serially dependent
overall,30,current_wait,1241,6.987912973408542,7.326110331019679,,NA,False,Never-seen waiting time excluded; completed gaps condition on completion; cutoff sequence serially dependent
overall,30,mean_completed_gap,1235,7.884102600400547,0.7489282940941537,,NA,False,Never-seen waiting time excluded; completed gaps condition on completion; cutoff sequence serially dependent
overall,30,latest_completed_gap,1235,7.872064777327935,7.805416277627924,,NA,False,Never-seen waiting time excluded; completed gaps condition on completion; cutoff sequence serially dependent
overall,31,current_wait,1242,5.734299516908212,5.785644879106687,,NA,False,Never-seen waiting time excluded; completed gaps condition on completion; cutoff sequence serially dependent
overall,31,mean_completed_gap,1241,7.329604846425808,0.8479945500434314,,NA,False,Never-seen waiting time excluded; completed gaps condition on completion; cutoff sequence serially dependent
overall,31,latest_completed_gap,1241,6.930701047542304,5.825562627553605,,NA,False,Never-seen waiting time excluded; completed gaps condition on completion; cutoff sequence serially dependent
overall,32,current_wait,1243,7.449718423169751,7.513870649212952,,NA,False,Never-seen waiting time excluded; completed gaps condition on completion; cutoff sequence serially dependent
overall,32,mean_completed_gap,1228,8.45893179583537,0.46732422052041067,,NA,False,Never-seen waiting time excluded; completed gaps condition on completion; cutoff sequence serially dependent
overall,32,latest_completed_gap,1228,7.993485342019544,7.453435683466394,,NA,False,Never-seen waiting time excluded; completed gaps condition on completion; cutoff sequence serially dependent
overall,33,current_wait,1244,6.09967845659164,7.009619015257075,,NA,False,Never-seen waiting time excluded; completed gaps condition on completion; cutoff sequence serially dependent
overall,33,mean_completed_gap,1235,7.231889021849847,0.5780918252094898,,NA,False,Never-seen waiting time excluded; completed gaps condition on completion; cutoff sequence serially dependent
overall,33,latest_completed_gap,1235,7.42753036437247,6.684095811392863,,NA,False,Never-seen waiting time excluded; completed gaps condition on completion; cutoff sequence serially dependent
overall,34,current_wait,1237,5.987873888439774,6.771404167259821,,NA,False,Never-seen waiting time excluded; completed gaps condition on completion; cutoff sequence serially dependent
overall,34,mean_completed_gap,1216,6.956605157310272,1.9912058335123275,,NA,False,Never-seen waiting time excluded; completed gaps condition on completion; cutoff sequence serially dependent
overall,34,latest_completed_gap,1216,7.185855263157895,6.48175556385595,,NA,False,Never-seen waiting time excluded; completed gaps condition on completion; cutoff sequence serially dependent
overall,35,current_wait,1227,5.764466177669112,5.405702769580023,,NA,False,Never-seen waiting time excluded; completed gaps condition on completion; cutoff sequence serially dependent
overall,35,mean_completed_gap,1217,7.283563221666845,0.8988394905828219,,NA,False,Never-seen waiting time excluded; completed gaps condition on completion; cutoff sequence serially dependent
overall,35,latest_completed_gap,1217,7.063270336894002,6.195667913208671,,NA,False,Never-seen waiting time excluded; completed gaps condition on completion; cutoff sequence serially dependent
overall,36,current_wait,1236,5.849514563106796,6.023820683084466,,NA,False,Never-seen waiting time excluded; completed gaps condition on completion; cutoff sequence serially dependent
overall,36,mean_completed_gap,1234,6.936675119517976,0.9076496236449206,,NA,False,Never-seen waiting time excluded; completed gaps condition on completion; cutoff sequence serially dependent
overall,36,latest_completed_gap,1234,7.038087520259319,5.7623948491514,,NA,False,Never-seen waiting time excluded; completed gaps condition on completion; cutoff sequence serially dependent
overall,37,current_wait,1244,5.837620578778135,5.922679674883717,,NA,False,Never-seen waiting time excluded; completed gaps condition on completion; cutoff sequence serially dependent
overall,37,mean_completed_gap,1237,6.408431684215802,0.9359797380752845,,NA,False,Never-seen waiting time excluded; completed gaps condition on completion; cutoff sequence serially dependent
overall,37,latest_completed_gap,1237,7.21018593371059,6.255368052504994,,NA,False,Never-seen waiting time excluded; completed gaps condition on completion; cutoff sequence serially dependent
overall,38,current_wait,1232,6.435876623376624,6.504053072845316,,NA,False,Never-seen waiting time excluded; completed gaps condition on completion; cutoff sequence serially dependent
overall,38,mean_completed_gap,1229,7.962889151276811,1.261379294174289,,NA,False,Never-seen waiting time excluded; completed gaps condition on completion; cutoff sequence serially dependent
overall,38,latest_completed_gap,1229,7.824247355573637,7.4962446485831045,,NA,False,Never-seen waiting time excluded; completed gaps condition on completion; cutoff sequence serially dependent
overall,39,current_wait,1237,7.046887631366209,8.424436129771083,,NA,False,Never-seen waiting time excluded; completed gaps condition on completion; cutoff sequence serially dependent
overall,39,mean_completed_gap,1236,7.005903024477748,0.8208356999608505,,NA,False,Never-seen waiting time excluded; completed gaps condition on completion; cutoff sequence serially dependent
overall,39,latest_completed_gap,1236,7.350323624595469,7.438600337171858,,NA,False,Never-seen waiting time excluded; completed gaps condition on completion; cutoff sequence serially dependent
overall,40,current_wait,1244,6.894694533762058,8.741978637673835,,NA,False,Never-seen waiting time excluded; completed gaps condition on completion; cutoff sequence serially dependent
overall,40,mean_completed_gap,1241,6.216081996732342,0.9777690404952335,,NA,False,Never-seen waiting time excluded; completed gaps condition on completion; cutoff sequence serially dependent
overall,40,latest_completed_gap,1241,7.325543916196616,6.601374619251957,,NA,False,Never-seen waiting time excluded; completed gaps condition on completion; cutoff sequence serially dependent
overall,41,current_wait,1240,6.575806451612904,6.229927392624871,,NA,False,Never-seen waiting time excluded; completed gaps condition on completion; cutoff sequence serially dependent
overall,41,mean_completed_gap,1235,8.592131756258725,1.2221798203613758,,NA,False,Never-seen waiting time excluded; completed gaps condition on completion; cutoff sequence serially dependent
overall,41,latest_completed_gap,1235,8.574898785425102,7.161063288290742,,NA,False,Never-seen waiting time excluded; completed gaps condition on completion; cutoff sequence serially dependent
overall,42,current_wait,1243,6.6588897827835885,6.765665607205839,,NA,False,Never-seen waiting time excluded; completed gaps condition on completion; cutoff sequence serially dependent
overall,42,mean_completed_gap,1241,7.354758116019329,1.054262989280048,,NA,False,Never-seen waiting time excluded; completed gaps condition on completion; cutoff sequence serially dependent
overall,42,latest_completed_gap,1241,8.005640612409348,6.783812587904441,,NA,False,Never-seen waiting time excluded; completed gaps condition on completion; cutoff sequence serially dependent
overall,43,current_wait,1226,6.402936378466558,6.7690248736309755,,NA,False,Never-seen waiting time excluded; completed gaps condition on completion; cutoff sequence serially dependent
overall,43,mean_completed_gap,1221,6.822942012383726,0.8258790950171473,,NA,False,Never-seen waiting time excluded; completed gaps condition on completion; cutoff sequence serially dependent
overall,43,latest_completed_gap,1221,7.927108927108927,7.503344200886701,,NA,False,Never-seen waiting time excluded; completed gaps condition on completion; cutoff sequence serially dependent
overall,44,current_wait,1235,6.438056680161943,6.715623896606629,,NA,False,Never-seen waiting time excluded; completed gaps condition on completion; cutoff sequence serially dependent
overall,44,mean_completed_gap,1220,7.480175833152381,0.6686225061236513,,NA,False,Never-seen waiting time excluded; completed gaps condition on completion; cutoff sequence serially dependent
overall,44,latest_completed_gap,1220,7.001639344262295,6.304044806242082,,NA,False,Never-seen waiting time excluded; completed gaps condition on completion; cutoff sequence serially dependent
overall,45,current_wait,1233,6.2725060827250605,6.520193721105969,,NA,False,Never-seen waiting time excluded; completed gaps condition on completion; cutoff sequence serially dependent
overall,45,mean_completed_gap,1201,7.583555824825431,2.286708236512466,,NA,False,Never-seen waiting time excluded; completed gaps condition on completion; cutoff sequence serially dependent
overall,45,latest_completed_gap,1201,7.00083263946711,6.157048124287843,,NA,False,Never-seen waiting time excluded; completed gaps condition on completion; cutoff sequence serially dependent
recent10,1,current_wait,10,4.5,2.8722813232690143,-1.5694444444444446,DOWN,False,Never-seen waiting time excluded; completed gaps condition on completion; cutoff sequence serially dependent
recent10,1,mean_completed_gap,10,7.238311869126349,0.004876435781413058,0.3087771313293599,UP,False,Never-seen waiting time excluded; completed gaps condition on completion; cutoff sequence serially dependent
recent10,1,latest_completed_gap,10,7.3,0.9,0.7842715231788073,UP,False,Never-seen waiting time excluded; completed gaps condition on completion; cutoff sequence serially dependent
recent10,2,current_wait,10,1.8,1.2489995996796797,-6.219543973941367,DOWN,False,Never-seen waiting time excluded; completed gaps condition on completion; cutoff sequence serially dependent
recent10,2,mean_completed_gap,10,7.9400858818600755,0.01725154373512765,0.7988623291461989,UP,False,Never-seen waiting time excluded; completed gaps condition on completion; cutoff sequence serially dependent
recent10,2,latest_completed_gap,10,7.1,3.8845849199110063,-1.3078303425774873,DOWN,False,Never-seen waiting time excluded; completed gaps condition on completion; cutoff sequence serially dependent
recent10,3,current_wait,10,9.5,2.8722813232690143,3.864754098360656,UP,False,Never-seen waiting time excluded; completed gaps condition on completion; cutoff sequence serially dependent
recent10,3,mean_completed_gap,10,7.105263157894737,0.0,0.3011806893382545,UP,False,Never-seen waiting time excluded; completed gaps condition on completion; cutoff sequence serially dependent
recent10,3,latest_completed_gap,10,12,0.0,4.972906403940887,UP,False,Never-seen waiting time excluded; completed gaps condition on completion; cutoff sequence serially dependent
recent10,4,current_wait,10,5.2,3.249615361854384,-0.7828711256117451,DOWN,False,Never-seen waiting time excluded; completed gaps condition on completion; cutoff sequence serially dependent
recent10,4,mean_completed_gap,10,7.596376811594203,0.009645863264054401,0.7166298250798615,UP,False,Never-seen waiting time excluded; completed gaps condition on completion; cutoff sequence serially dependent
recent10,4,latest_completed_gap,10,6.8,2.749545416973504,-0.8557377049180328,DOWN,False,Never-seen waiting time excluded; completed gaps condition on completion; cutoff sequence serially dependent
recent10,5,current_wait,10,26.5,2.8722813232690143,17.091096455070073,UP,False,Never-seen waiting time excluded; completed gaps condition on completion; cutoff sequence serially dependent
recent10,5,mean_completed_gap,10,7.8355263157894735,0.0,0.8957317686429214,UP,False,Never-seen waiting time excluded; completed gaps condition on completion; cutoff sequence serially dependent
recent10,5,latest_completed_gap,10,1,0.0,-6.4405940594059405,DOWN,False,Never-seen waiting time excluded; completed gaps condition on completion; cutoff sequence serially dependent
recent10,6,current_wait,10,4.5,2.8722813232690143,-1.6400491400491397,DOWN,False,Never-seen waiting time excluded; completed gaps condition on completion; cutoff sequence serially dependent
recent10,6,mean_completed_gap,10,7.4,0.0,-0.13051925696085043,DOWN,False,Never-seen waiting time excluded; completed gaps condition on completion; cutoff sequence serially dependent
recent10,6,latest_completed_gap,10,9,0.0,2.0672682526661195,UP,False,Never-seen waiting time excluded; completed gaps condition on completion; cutoff sequence serially dependent
recent10,7,current_wait,10,2.1,1.57797338380595,-4.355882352941176,DOWN,False,Never-seen waiting time excluded; completed gaps condition on completion; cutoff sequence serially dependent
recent10,7,mean_completed_gap,10,7.239679777236338,0.003580876059759426,0.17288079587819372,UP,False,Never-seen waiting time excluded; completed gaps condition on completion; cutoff sequence serially dependent
recent10,7,latest_completed_gap,10,3.6,1.9595917942265424,-3.5050041017227236,DOWN,False,Never-seen waiting time excluded; completed gaps condition on completion; cutoff sequence serially dependent
recent10,8,current_wait,10,9.5,2.8722813232690143,3.375305623471883,UP,False,Never-seen waiting time excluded; completed gaps condition on completion; cutoff sequence serially dependent
recent10,8,mean_completed_gap,10,7.7834394904458595,0.0,0.1765756703161374,UP,False,Never-seen waiting time excluded; completed gaps condition on completion; cutoff sequence serially dependent
recent10,8,latest_completed_gap,10,5,0.0,-3.0931574608408905,DOWN,False,Never-seen waiting time excluded; completed gaps condition on completion; cutoff sequence serially dependent
recent10,9,current_wait,10,6.9,3.8065732621348563,-1.9158961881589622,DOWN,False,Never-seen waiting time excluded; completed gaps condition on completion; cutoff sequence serially dependent
recent10,9,mean_completed_gap,10,9.102037037037038,0.01148148148148138,-0.3296338533824148,DOWN,False,Never-seen waiting time excluded; completed gaps condition on completion; cutoff sequence serially dependent
recent10,9,latest_completed_gap,10,6.6,3.2,-2.3030944625407166,DOWN,False,Never-seen waiting time excluded; completed gaps condition on completion; cutoff sequence serially dependent
recent10,10,current_wait,10,5,6.855654600401044,-1.653160453808752,DOWN,False,Never-seen waiting time excluded; completed gaps condition on completion; cutoff sequence serially dependent
recent10,10,mean_completed_gap,10,7.656657464918334,0.029218445588325207,-0.0036778332062707975,DOWN,False,Never-seen waiting time excluded; completed gaps condition on completion; cutoff sequence serially dependent
recent10,10,latest_completed_gap,10,11.7,8.41486779456457,3.391358024691357,UP,False,Never-seen waiting time excluded; completed gaps condition on completion; cutoff sequence serially dependent
recent10,11,current_wait,10,1.6,1.3564659966250536,-4.6126623376623375,DOWN,False,Never-seen waiting time excluded; completed gaps condition on completion; cutoff sequence serially dependent
recent10,11,mean_completed_gap,10,7.434837794290936,0.028275997230157557,-0.5742780497598501,DOWN,False,Never-seen waiting time excluded; completed gaps condition on completion; cutoff sequence serially dependent
recent10,11,latest_completed_gap,10,6.1,5.7,-1.3047424366312352,DOWN,False,Never-seen waiting time excluded; completed gaps condition on completion; cutoff sequence serially dependent
recent10,12,current_wait,10,3.9,2.467792535850613,-1.693775593775594,DOWN,False,Never-seen waiting time excluded; completed gaps condition on completion; cutoff sequence serially dependent
recent10,12,mean_completed_gap,10,6.828403741133639,0.004764296026614723,-0.7784912814774314,DOWN,False,Never-seen waiting time excluded; completed gaps condition on completion; cutoff sequence serially dependent
recent10,12,latest_completed_gap,10,3.9,0.3,-2.7713229252259652,DOWN,False,Never-seen waiting time excluded; completed gaps condition on completion; cutoff sequence serially dependent
recent10,13,current_wait,10,1.8,2.227105745132009,-3.9956204379562044,DOWN,False,Never-seen waiting time excluded; completed gaps condition on completion; cutoff sequence serially dependent
recent10,13,mean_completed_gap,10,6.854047447575396,0.046609825854517575,-0.6700335991070316,DOWN,False,Never-seen waiting time excluded; completed gaps condition on completion; cutoff sequence serially dependent
recent10,13,latest_completed_gap,10,2.1,1.7578395831246947,-4.459572719802793,DOWN,False,Never-seen waiting time excluded; completed gaps condition on completion; cutoff sequence serially dependent
recent10,14,current_wait,10,8.5,2.8722813232690143,2.8078797725426483,UP,False,Never-seen waiting time excluded; completed gaps condition on completion; cutoff sequence serially dependent
recent10,14,mean_completed_gap,10,7.175438596491228,0.0,0.10074058610350534,UP,False,Never-seen waiting time excluded; completed gaps condition on completion; cutoff sequence serially dependent
recent10,14,latest_completed_gap,10,4,0.0,-3.241659886086249,DOWN,False,Never-seen waiting time excluded; completed gaps condition on completion; cutoff sequence serially dependent
recent10,15,current_wait,10,4.5,2.8722813232690143,-1.8026851098454024,DOWN,False,Never-seen waiting time excluded; completed gaps condition on completion; cutoff sequence serially dependent
recent10,15,mean_completed_gap,10,7.272189349112426,0.0,-0.49369617433495083,DOWN,False,Never-seen waiting time excluded; completed gaps condition on completion; cutoff sequence serially dependent
recent10,15,latest_completed_gap,10,1,0.0,-6.0058528428093645,DOWN,False,Never-seen waiting time excluded; completed gaps condition on completion; cutoff sequence serially dependent
recent10,16,current_wait,10,6.6,4.983974317750845,0.11704545454545379,UP,False,Never-seen waiting time excluded; completed gaps condition on completion; cutoff sequence serially dependent
recent10,16,mean_completed_gap,10,7.3339178363475925,0.01174470877389195,-0.3441083405413581,DOWN,False,Never-seen waiting time excluded; completed gaps condition on completion; cutoff sequence serially dependent
recent10,16,latest_completed_gap,10,4.1,3.562302626111375,-2.5723577235772357,DOWN,False,Never-seen waiting time excluded; completed gaps condition on completion; cutoff sequence serially dependent
recent10,17,current_wait,10,13.5,2.8722813232690143,7.612561174551387,UP,False,Never-seen waiting time excluded; completed gaps condition on completion; cutoff sequence serially dependent
recent10,17,mean_completed_gap,10,7.158823529411765,0.0,0.627215912555009,UP,False,Never-seen waiting time excluded; completed gaps condition on completion; cutoff sequence serially dependent
recent10,17,latest_completed_gap,10,4,0.0,-2.59688013136289,DOWN,False,Never-seen waiting time excluded; completed gaps condition on completion; cutoff sequence serially dependent
recent10,18,current_wait,10,1.5,1.5652475842498528,-5.390534979423868,DOWN,False,Never-seen waiting time excluded; completed gaps condition on completion; cutoff sequence serially dependent
recent10,18,mean_completed_gap,10,6.8853736822868346,0.022051796015251375,0.42057404915006824,UP,False,Never-seen waiting time excluded; completed gaps condition on completion; cutoff sequence serially dependent
recent10,18,latest_completed_gap,10,3.3,1.9,-3.3647446457990116,DOWN,False,Never-seen waiting time excluded; completed gaps condition on completion; cutoff sequence serially dependent
recent10,19,current_wait,10,2.5,1.5,-3.7800324675324672,DOWN,False,Never-seen waiting time excluded; completed gaps condition on completion; cutoff sequence serially dependent
recent10,19,mean_completed_gap,10,7.280247128437173,0.0037765402018794525,-0.05054890164586734,DOWN,False,Never-seen waiting time excluded; completed gaps condition on completion; cutoff sequence serially dependent
recent10,19,latest_completed_gap,10,4,2.0,-3.4555827220863895,DOWN,False,Never-seen waiting time excluded; completed gaps condition on completion; cutoff sequence serially dependent
recent10,20,current_wait,10,1.8,1.2489995996796797,-3.803292181069959,DOWN,False,Never-seen waiting time excluded; completed gaps condition on completion; cutoff sequence serially dependent
recent10,20,mean_completed_gap,10,7.150401479391715,0.017166469176244783,0.6085456725097922,UP,False,Never-seen waiting time excluded; completed gaps condition on completion; cutoff sequence serially dependent
recent10,20,latest_completed_gap,10,4.7,2.6851443164195103,-2.7772539288668323,DOWN,False,Never-seen waiting time excluded; completed gaps condition on completion; cutoff sequence serially dependent
recent10,21,current_wait,10,4.7,3.2264531609803355,-1.3802919708029195,DOWN,False,Never-seen waiting time excluded; completed gaps condition on completion; cutoff sequence serially dependent
recent10,21,mean_completed_gap,10,7.430967506389194,0.008302300109528992,-0.30036385341949234,DOWN,False,Never-seen waiting time excluded; completed gaps condition on completion; cutoff sequence serially dependent
recent10,21,latest_completed_gap,10,11.7,0.9,3.803896103896103,UP,False,Never-seen waiting time excluded; completed gaps condition on completion; cutoff sequence serially dependent
recent10,22,current_wait,10,3.3,1.7916472867168918,-4.779378068739772,DOWN,False,Never-seen waiting time excluded; completed gaps condition on completion; cutoff sequence serially dependent
recent10,22,mean_completed_gap,10,8.459214559386973,0.0049505970855102215,-0.7965795778554181,DOWN,False,Never-seen waiting time excluded; completed gaps condition on completion; cutoff sequence serially dependent
recent10,22,latest_completed_gap,10,5,2.449489742783178,-4.025898078529657,DOWN,False,Never-seen waiting time excluded; completed gaps condition on completion; cutoff sequence serially dependent
recent10,23,current_wait,10,5.1,7.2725511342306834,-2.9016207455429495,DOWN,False,Never-seen waiting time excluded; completed gaps condition on completion; cutoff sequence serially dependent
recent10,23,mean_completed_gap,10,8.379000219117636,0.03149648085667335,0.14682097067338162,UP,False,Never-seen waiting time excluded; completed gaps condition on completion; cutoff sequence serially dependent
recent10,23,latest_completed_gap,10,11,8.17312669668102,2.040098199672668,UP,False,Never-seen waiting time excluded; completed gaps condition on completion; cutoff sequence serially dependent
recent10,24,current_wait,10,3.5,2.80178514522438,-3.157723577235773,DOWN,False,Never-seen waiting time excluded; completed gaps condition on completion; cutoff sequence serially dependent
recent10,24,mean_completed_gap,10,7.433609538863128,0.010849672671454732,-0.6842228519149716,DOWN,False,Never-seen waiting time excluded; completed gaps condition on completion; cutoff sequence serially dependent
recent10,24,latest_completed_gap,10,4.6,2.3323807579381204,-3.473010664479082,DOWN,False,Never-seen waiting time excluded; completed gaps condition on completion; cutoff sequence serially dependent
recent10,25,current_wait,10,6.5,2.8722813232690143,-0.7197891321978913,DOWN,False,Never-seen waiting time excluded; completed gaps condition on completion; cutoff sequence serially dependent
recent10,25,mean_completed_gap,10,8.098684210526315,0.0,1.0162401824150686,UP,False,Never-seen waiting time excluded; completed gaps condition on completion; cutoff sequence serially dependent
recent10,25,latest_completed_gap,10,8,0.0,0.05944625407166093,UP,False,Never-seen waiting time excluded; completed gaps condition on completion; cutoff sequence serially dependent
recent10,26,current_wait,10,11.7,4.605431575867782,5.4957689178193645,UP,False,Never-seen waiting time excluded; completed gaps condition on completion; cutoff sequence serially dependent
recent10,26,mean_completed_gap,10,7.445424981522542,0.019201773835920033,0.4765554107633774,UP,False,Never-seen waiting time excluded; completed gaps condition on completion; cutoff sequence serially dependent
recent10,26,latest_completed_gap,10,15.3,0.9,8.183550488599348,UP,False,Never-seen waiting time excluded; completed gaps condition on completion; cutoff sequence serially dependent
recent10,27,current_wait,10,15.5,2.8722813232690143,9.615259740259742,UP,False,Never-seen waiting time excluded; completed gaps condition on completion; cutoff sequence serially dependent
recent10,27,mean_completed_gap,10,6.783333333333333,0.0,-0.06126453760426109,DOWN,False,Never-seen waiting time excluded; completed gaps condition on completion; cutoff sequence serially dependent
recent10,27,latest_completed_gap,10,10,0.0,3.521527213647441,UP,False,Never-seen waiting time excluded; completed gaps condition on completion; cutoff sequence serially dependent
recent10,28,current_wait,10,9.5,2.8722813232690143,2.69205298013245,UP,False,Never-seen waiting time excluded; completed gaps condition on completion; cutoff sequence serially dependent
recent10,28,mean_completed_gap,10,7.711538461538462,0.0,-0.7102311735832529,DOWN,False,Never-seen waiting time excluded; completed gaps condition on completion; cutoff sequence serially dependent
recent10,28,latest_completed_gap,10,4,0.0,-4.166943521594684,DOWN,False,Never-seen waiting time excluded; completed gaps condition on completion; cutoff sequence serially dependent
recent10,29,current_wait,10,4.2,2.5219040425836985,-2.723014586709886,DOWN,False,Never-seen waiting time excluded; completed gaps condition on completion; cutoff sequence serially dependent
recent10,29,mean_completed_gap,10,7.968370339338081,0.0018852115626308396,-0.15200665612897346,DOWN,False,Never-seen waiting time excluded; completed gaps condition on completion; cutoff sequence serially dependent
recent10,29,latest_completed_gap,10,6.4,1.8,-1.359349593495935,DOWN,False,Never-seen waiting time excluded; completed gaps condition on completion; cutoff sequence serially dependent
recent10,30,current_wait,10,11.5,2.8722813232690143,4.548740861088546,UP,False,Never-seen waiting time excluded; completed gaps condition on completion; cutoff sequence serially dependent
recent10,30,mean_completed_gap,10,7.796178343949045,0.0,-0.08864200548375933,DOWN,False,Never-seen waiting time excluded; completed gaps condition on completion; cutoff sequence serially dependent
recent10,30,latest_completed_gap,10,7,0.0,-0.8791836734693881,DOWN,False,Never-seen waiting time excluded; completed gaps condition on completion; cutoff sequence serially dependent
recent10,31,current_wait,10,1.9,1.57797338380595,-3.865422077922078,DOWN,False,Never-seen waiting time excluded; completed gaps condition on completion; cutoff sequence serially dependent
recent10,31,mean_completed_gap,10,7.3140663898695575,0.01716902088473722,-0.01566468284834066,DOWN,False,Never-seen waiting time excluded; completed gaps condition on completion; cutoff sequence serially dependent
recent10,31,latest_completed_gap,10,3.3,1.4177446878757824,-3.6601949634443542,DOWN,False,Never-seen waiting time excluded; completed gaps condition on completion; cutoff sequence serially dependent
recent10,32,current_wait,10,5.4,5.219195340279955,-2.0663422546634225,DOWN,False,Never-seen waiting time excluded; completed gaps condition on completion; cutoff sequence serially dependent
recent10,32,mean_completed_gap,10,8.538492484526968,0.015311549029775854,0.08021389631632125,UP,False,Never-seen waiting time excluded; completed gaps condition on completion; cutoff sequence serially dependent
recent10,32,latest_completed_gap,10,2.4,4.2,-5.639408866995074,DOWN,False,Never-seen waiting time excluded; completed gaps condition on completion; cutoff sequence serially dependent
recent10,33,current_wait,10,6.9,5.593746508378799,0.8068071312803893,UP,False,Never-seen waiting time excluded; completed gaps condition on completion; cutoff sequence serially dependent
recent10,33,mean_completed_gap,10,7.09439904325294,0.02516052848543489,-0.1386123457691264,DOWN,False,Never-seen waiting time excluded; completed gaps condition on completion; cutoff sequence serially dependent
recent10,33,latest_completed_gap,10,13.2,3.4292856398964493,5.819591836734693,UP,False,Never-seen waiting time excluded; completed gaps condition on completion; cutoff sequence serially dependent
recent10,34,current_wait,10,2.7,2.3259406699226015,-3.3146699266503665,DOWN,False,Never-seen waiting time excluded; completed gaps condition on completion; cutoff sequence serially dependent
recent10,34,mean_completed_gap,10,6.649390818404453,0.011835961144506222,-0.3097617214838113,DOWN,False,Never-seen waiting time excluded; completed gaps condition on completion; cutoff sequence serially dependent
recent10,34,latest_completed_gap,10,2.3,2.3685438564654024,-4.92636815920398,DOWN,False,Never-seen waiting time excluded; completed gaps condition on completion; cutoff sequence serially dependent
recent10,35,current_wait,10,5.5,2.8722813232690143,-0.26663927691043554,DOWN,False,Never-seen waiting time excluded; completed gaps condition on completion; cutoff sequence serially dependent
recent10,35,mean_completed_gap,10,7.506172839506172,0.0,0.22445393944528735,UP,False,Never-seen waiting time excluded; completed gaps condition on completion; cutoff sequence serially dependent
recent10,35,latest_completed_gap,10,6,0.0,-1.0720795360397677,DOWN,False,Never-seen waiting time excluded; completed gaps condition on completion; cutoff sequence serially dependent
recent10,36,current_wait,10,3.3,1.7916472867168918,-2.5703099510603593,DOWN,False,Never-seen waiting time excluded; completed gaps condition on completion; cutoff sequence serially dependent
recent10,36,mean_completed_gap,10,7.50122699386503,0.0015027544434251452,0.5691642262616536,UP,False,Never-seen waiting time excluded; completed gaps condition on completion; cutoff sequence serially dependent
recent10,36,latest_completed_gap,10,8.6,1.9595917942265424,1.5746732026143784,UP,False,Never-seen waiting time excluded; completed gaps condition on completion; cutoff sequence serially dependent
recent10,37,current_wait,10,3.3,2.1,-2.5581847649918963,DOWN,False,Never-seen waiting time excluded; completed gaps condition on completion; cutoff sequence serially dependent
recent10,37,mean_completed_gap,10,7.148165075951069,0.0073128108616749895,0.7457621887339245,UP,False,Never-seen waiting time excluded; completed gaps condition on completion; cutoff sequence serially dependent
recent10,37,latest_completed_gap,10,4,0.0,-3.236348818255909,DOWN,False,Never-seen waiting time excluded; completed gaps condition on completion; cutoff sequence serially dependent
recent10,38,current_wait,10,1.5,1.5652475842498528,-4.976268412438626,DOWN,False,Never-seen waiting time excluded; completed gaps condition on completion; cutoff sequence serially dependent
recent10,38,mean_completed_gap,10,7.168081906323988,0.02451978860091938,-0.8013274028277433,DOWN,False,Never-seen waiting time excluded; completed gaps condition on completion; cutoff sequence serially dependent
recent10,38,latest_completed_gap,10,4.4,4.758150901348127,-3.45233798195242,DOWN,False,Never-seen waiting time excluded; completed gaps condition on completion; cutoff sequence serially dependent
recent10,39,current_wait,10,4.5,2.8722813232690143,-2.567644661776691,DOWN,False,Never-seen waiting time excluded; completed gaps condition on completion; cutoff sequence serially dependent
recent10,39,mean_completed_gap,10,7.347305389221557,0.0,0.3441870496112136,UP,False,Never-seen waiting time excluded; completed gaps condition on completion; cutoff sequence serially dependent
recent10,39,latest_completed_gap,10,12,0.0,4.6876019575856445,UP,False,Never-seen waiting time excluded; completed gaps condition on completion; cutoff sequence serially dependent
recent10,40,current_wait,10,3.3,2.1,-3.623824959481362,DOWN,False,Never-seen waiting time excluded; completed gaps condition on completion; cutoff sequence serially dependent
recent10,40,mean_completed_gap,10,7.148165075951069,0.0073128108616749895,0.9396548345332576,UP,False,Never-seen waiting time excluded; completed gaps condition on completion; cutoff sequence serially dependent
recent10,40,latest_completed_gap,10,7.6,7.2,0.27668562144597875,UP,False,Never-seen waiting time excluded; completed gaps condition on completion; cutoff sequence serially dependent
recent10,41,current_wait,10,8,4.898979485566356,1.435772357723577,UP,False,Never-seen waiting time excluded; completed gaps condition on completion; cutoff sequence serially dependent
recent10,41,mean_completed_gap,10,8.214939597315436,0.020770242411589552,-0.3802712786081326,DOWN,False,Never-seen waiting time excluded; completed gaps condition on completion; cutoff sequence serially dependent
recent10,41,latest_completed_gap,10,5.9,5.957348403442592,-2.6967346938775503,DOWN,False,Never-seen waiting time excluded; completed gaps condition on completion; cutoff sequence serially dependent
recent10,42,current_wait,10,3.9,2.211334438749598,-2.781265206812652,DOWN,False,Never-seen waiting time excluded; completed gaps condition on completion; cutoff sequence serially dependent
recent10,42,mean_completed_gap,10,7.872366487016168,0.00037421000285468126,0.521813150615011,UP,False,Never-seen waiting time excluded; completed gaps condition on completion; cutoff sequence serially dependent
recent10,42,latest_completed_gap,10,5.9,3.207802986469088,-2.1227457351746537,DOWN,False,Never-seen waiting time excluded; completed gaps condition on completion; cutoff sequence serially dependent
recent10,43,current_wait,10,1.7,1.676305461424021,-4.741611842105263,DOWN,False,Never-seen waiting time excluded; completed gaps condition on completion; cutoff sequence serially dependent
recent10,43,mean_completed_gap,10,7.404691404197722,0.015948220025558412,0.5865532678818246,UP,False,Never-seen waiting time excluded; completed gaps condition on completion; cutoff sequence serially dependent
recent10,43,latest_completed_gap,10,2.2,1.9390719429665315,-5.77440132122213,DOWN,False,Never-seen waiting time excluded; completed gaps condition on completion; cutoff sequence serially dependent
recent10,44,current_wait,10,4.9,4.253234063627348,-1.550612244897959,DOWN,False,Never-seen waiting time excluded; completed gaps condition on completion; cutoff sequence serially dependent
recent10,44,mean_completed_gap,10,7.480741773563859,0.01260810304511138,0.0005706176049615763,UP,False,Never-seen waiting time excluded; completed gaps condition on completion; cutoff sequence serially dependent
recent10,44,latest_completed_gap,10,4.7,4.838388161361178,-2.3206611570247935,DOWN,False,Never-seen waiting time excluded; completed gaps condition on completion; cutoff sequence serially dependent
recent10,45,current_wait,10,15.5,2.8722813232690143,9.302943581357319,UP,False,Never-seen waiting time excluded; completed gaps condition on completion; cutoff sequence serially dependent
recent10,45,mean_completed_gap,10,6.9655172413793105,0.0,-0.6232278242810994,DOWN,False,Never-seen waiting time excluded; completed gaps condition on completion; cutoff sequence serially dependent
recent10,45,latest_completed_gap,10,5,0.0,-2.017632241813602,DOWN,False,Never-seen waiting time excluded; completed gaps condition on completion; cutoff sequence serially dependent
recent30,1,current_wait,30,4,2.6457513110645907,-2.1079734219269106,DOWN,False,Never-seen waiting time excluded; completed gaps condition on completion; cutoff sequence serially dependent
recent30,1,mean_completed_gap,30,7.234876716219228,0.005832687765016188,0.3104535003409028,UP,False,Never-seen waiting time excluded; completed gaps condition on completion; cutoff sequence serially dependent
recent30,1,latest_completed_gap,30,7.466666666666667,1.6069294390925266,0.9683501683501685,UP,False,Never-seen waiting time excluded; completed gaps condition on completion; cutoff sequence serially dependent
recent30,2,current_wait,30,4.233333333333333,3.611863169550524,-3.8287527593818984,DOWN,False,Never-seen waiting time excluded; completed gaps condition on completion; cutoff sequence serially dependent
recent30,2,mean_completed_gap,30,7.94010133436594,0.016810715455449016,0.8121262975377181,UP,False,Never-seen waiting time excluded; completed gaps condition on completion; cutoff sequence serially dependent
recent30,2,latest_completed_gap,30,5.2,4.541659021400293,-3.2767827529021565,DOWN,False,Never-seen waiting time excluded; completed gaps condition on completion; cutoff sequence serially dependent
recent30,3,current_wait,30,6.033333333333333,4.127011294171876,0.37583333333333346,UP,False,Never-seen waiting time excluded; completed gaps condition on completion; cutoff sequence serially dependent
recent30,3,mean_completed_gap,30,7.093296596433653,0.014036344900824801,0.2939425226542429,UP,False,Never-seen waiting time excluded; completed gaps condition on completion; cutoff sequence serially dependent
recent30,3,latest_completed_gap,30,7.566666666666666,4.82827321329502,0.511574846967167,UP,False,Never-seen waiting time excluded; completed gaps condition on completion; cutoff sequence serially dependent
recent30,4,current_wait,30,5.5,4.958158260214506,-0.48839137645107833,DOWN,False,Never-seen waiting time excluded; completed gaps condition on completion; cutoff sequence serially dependent
recent30,4,mean_completed_gap,30,7.595277720191305,0.018966228642712243,0.7274470868098888,UP,False,Never-seen waiting time excluded; completed gaps condition on completion; cutoff sequence serially dependent
recent30,4,latest_completed_gap,30,7.033333333333333,4.339610837646876,-0.6308333333333334,DOWN,False,Never-seen waiting time excluded; completed gaps condition on completion; cutoff sequence serially dependent
recent30,5,current_wait,30,16.5,8.65544144839919,7.126152556580051,UP,False,Never-seen waiting time excluded; completed gaps condition on completion; cutoff sequence serially dependent
recent30,5,mean_completed_gap,30,7.8355263157894735,0.0,0.9107608251637753,UP,False,Never-seen waiting time excluded; completed gaps condition on completion; cutoff sequence serially dependent
recent30,5,latest_completed_gap,30,1,0.0,-6.548657718120805,DOWN,False,Never-seen waiting time excluded; completed gaps condition on completion; cutoff sequence serially dependent
recent30,6,current_wait,30,4.933333333333334,3.4052247437659022,-1.2232028864834854,DOWN,False,Never-seen waiting time excluded; completed gaps condition on completion; cutoff sequence serially dependent
recent30,6,mean_completed_gap,30,7.391965240715802,0.011983103495399019,-0.14093218798628637,DOWN,False,Never-seen waiting time excluded; completed gaps condition on completion; cutoff sequence serially dependent
recent30,6,latest_completed_gap,30,7.666666666666667,2.9814239699997196,0.7350569919377259,UP,False,Never-seen waiting time excluded; completed gaps condition on completion; cutoff sequence serially dependent
recent30,7,current_wait,30,8.833333333333334,7.0573051199133765,2.4728682170542644,UP,False,Never-seen waiting time excluded; completed gaps condition on completion; cutoff sequence serially dependent
recent30,7,mean_completed_gap,30,7.2059316584704725,0.03325368877980564,0.14117202019371966,UP,False,Never-seen waiting time excluded; completed gaps condition on completion; cutoff sequence serially dependent
recent30,7,latest_completed_gap,30,8.133333333333333,4.828618389928485,1.0832916319154844,UP,False,Never-seen waiting time excluded; completed gaps condition on completion; cutoff sequence serially dependent
recent30,8,current_wait,30,5,3.9157800414902435,-1.1806130903065455,DOWN,False,Never-seen waiting time excluded; completed gaps condition on completion; cutoff sequence serially dependent
recent30,8,mean_completed_gap,30,7.793145541648726,0.010604440066867716,0.18948599221674822,UP,False,Never-seen waiting time excluded; completed gaps condition on completion; cutoff sequence serially dependent
recent30,8,latest_completed_gap,30,5.7,1.268857754044952,-2.4274098910310142,DOWN,False,Never-seen waiting time excluded; completed gaps condition on completion; cutoff sequence serially dependent
recent30,9,current_wait,30,5.666666666666667,4.109609335312651,-3.2113217917010166,DOWN,False,Never-seen waiting time excluded; completed gaps condition on completion; cutoff sequence serially dependent
recent30,9,mean_completed_gap,30,9.122926216616975,0.026389272428703255,-0.3136834169152678,DOWN,False,Never-seen waiting time excluded; completed gaps condition on completion; cutoff sequence serially dependent
recent30,9,latest_completed_gap,30,6.366666666666666,3.54479273802511,-2.5803532008830024,DOWN,False,Never-seen waiting time excluded; completed gaps condition on completion; cutoff sequence serially dependent
recent30,10,current_wait,30,6.8,6.106826781015926,0.16408566721581508,UP,False,Never-seen waiting time excluded; completed gaps condition on completion; cutoff sequence serially dependent
recent30,10,mean_completed_gap,30,7.622843309100634,0.03299928002787555,-0.038402433658830226,DOWN,False,Never-seen waiting time excluded; completed gaps condition on completion; cutoff sequence serially dependent
recent30,10,latest_completed_gap,30,4.8,6.968500556073739,-3.6251046025104605,DOWN,False,Never-seen waiting time excluded; completed gaps condition on completion; cutoff sequence serially dependent
recent30,11,current_wait,30,4.3,3.3778691508109073,-1.921947194719472,DOWN,False,Never-seen waiting time excluded; completed gaps condition on completion; cutoff sequence serially dependent
recent30,11,mean_completed_gap,30,7.431320563581542,0.016932642109648652,-0.5874304242069659,DOWN,False,Never-seen waiting time excluded; completed gaps condition on completion; cutoff sequence serially dependent
recent30,11,latest_completed_gap,30,11.066666666666666,6.985381561200186,3.7640897755610974,UP,False,Never-seen waiting time excluded; completed gaps condition on completion; cutoff sequence serially dependent
recent30,12,current_wait,30,10.6,8.950232771647153,5.145378850957535,UP,False,Never-seen waiting time excluded; completed gaps condition on completion; cutoff sequence serially dependent
recent30,12,mean_completed_gap,30,6.79684492126533,0.04505913923315683,-0.8238484223362148,DOWN,False,Never-seen waiting time excluded; completed gaps condition on completion; cutoff sequence serially dependent
recent30,12,latest_completed_gap,30,7.1,6.729784543356496,0.46257309941520397,UP,False,Never-seen waiting time excluded; completed gaps condition on completion; cutoff sequence serially dependent
recent30,13,current_wait,30,1.7666666666666666,1.7641491496532322,-4.095658147842814,DOWN,False,Never-seen waiting time excluded; completed gaps condition on completion; cutoff sequence serially dependent
recent30,13,mean_completed_gap,30,6.918088426086974,0.05661843823911741,-0.6155827982285311,DOWN,False,Never-seen waiting time excluded; completed gaps condition on completion; cutoff sequence serially dependent
recent30,13,latest_completed_gap,30,6.866666666666666,7.292614224146388,0.35204678362573016,UP,False,Never-seen waiting time excluded; completed gaps condition on completion; cutoff sequence serially dependent
recent30,14,current_wait,30,6.1,5.95175044279692,0.39479768786127156,UP,False,Never-seen waiting time excluded; completed gaps condition on completion; cutoff sequence serially dependent
recent30,14,mean_completed_gap,30,7.171466480913969,0.02832899300035079,0.09833641780064806,UP,False,Never-seen waiting time excluded; completed gaps condition on completion; cutoff sequence serially dependent
recent30,14,latest_completed_gap,30,15.166666666666666,13.013027660344417,8.148469809760131,UP,False,Never-seen waiting time excluded; completed gaps condition on completion; cutoff sequence serially dependent
recent30,15,current_wait,30,4.166666666666667,3.724543223298962,-2.174110835401158,DOWN,False,Never-seen waiting time excluded; completed gaps condition on completion; cutoff sequence serially dependent
recent30,15,mean_completed_gap,30,7.306068083606252,0.03353605555030734,-0.46734937985123004,DOWN,False,Never-seen waiting time excluded; completed gaps condition on completion; cutoff sequence serially dependent
recent30,15,latest_completed_gap,30,2.2666666666666666,2.9089898972361907,-4.809013605442177,DOWN,False,Never-seen waiting time excluded; completed gaps condition on completion; cutoff sequence serially dependent
recent30,16,current_wait,30,6.933333333333334,5.464633768352845,0.46056105610561104,UP,False,Never-seen waiting time excluded; completed gaps condition on completion; cutoff sequence serially dependent
recent30,16,mean_completed_gap,30,7.321676238087725,0.023994539240405746,-0.3623411906678573,DOWN,False,Never-seen waiting time excluded; completed gaps condition on completion; cutoff sequence serially dependent
recent30,16,latest_completed_gap,30,5.1,5.617532079718519,-1.5900826446280991,DOWN,False,Never-seen waiting time excluded; completed gaps condition on completion; cutoff sequence serially dependent
recent30,17,current_wait,30,7.766666666666667,5.129544055978291,1.8628524046434496,UP,False,Never-seen waiting time excluded; completed gaps condition on completion; cutoff sequence serially dependent
recent30,17,mean_completed_gap,30,7.1589790965695945,0.00836398917234304,0.637846425677643,UP,False,Never-seen waiting time excluded; completed gaps condition on completion; cutoff sequence serially dependent
recent30,17,latest_completed_gap,30,4.366666666666666,3.2401988965013997,-2.26438508625487,DOWN,False,Never-seen waiting time excluded; completed gaps condition on completion; cutoff sequence serially dependent
recent30,18,current_wait,30,4.333333333333333,5.381036661792554,-2.57629009762901,DOWN,False,Never-seen waiting time excluded; completed gaps condition on completion; cutoff sequence serially dependent
recent30,18,mean_completed_gap,30,6.91327212887972,0.028567925832247213,0.45621825318079967,UP,False,Never-seen waiting time excluded; completed gaps condition on completion; cutoff sequence serially dependent
recent30,18,latest_completed_gap,30,8.133333333333333,8.542963316216582,1.533668341708542,UP,False,Never-seen waiting time excluded; completed gaps condition on completion; cutoff sequence serially dependent
recent30,19,current_wait,30,3.066666666666667,2.4485823562942612,-3.2617161716171617,DOWN,False,Never-seen waiting time excluded; completed gaps condition on completion; cutoff sequence serially dependent
recent30,19,mean_completed_gap,30,7.2983684137653935,0.015082187933311609,-0.032814807264681,DOWN,False,Never-seen waiting time excluded; completed gaps condition on completion; cutoff sequence serially dependent
recent30,19,latest_completed_gap,30,4.533333333333333,3.6307330144506937,-2.9662524164595414,DOWN,False,Never-seen waiting time excluded; completed gaps condition on completion; cutoff sequence serially dependent
recent30,20,current_wait,30,3.066666666666667,2.5289435651187544,-2.5684797768479775,DOWN,False,Never-seen waiting time excluded; completed gaps condition on completion; cutoff sequence serially dependent
recent30,20,mean_completed_gap,30,7.159915882187673,0.012718952747527042,0.6285363961922723,UP,False,Never-seen waiting time excluded; completed gaps condition on completion; cutoff sequence serially dependent
recent30,20,latest_completed_gap,30,6.433333333333334,2.2903177848402514,-1.046902158676759,DOWN,False,Never-seen waiting time excluded; completed gaps condition on completion; cutoff sequence serially dependent
recent30,21,current_wait,30,4.6,3.0506829836393465,-1.5055234954657877,DOWN,False,Never-seen waiting time excluded; completed gaps condition on completion; cutoff sequence serially dependent
recent30,21,mean_completed_gap,30,7.4114471633763435,0.015135525894785359,-0.3253238724709364,DOWN,False,Never-seen waiting time excluded; completed gaps condition on completion; cutoff sequence serially dependent
recent30,21,latest_completed_gap,30,11.1,1.7578395831246947,3.2518151815181513,UP,False,Never-seen waiting time excluded; completed gaps condition on completion; cutoff sequence serially dependent
recent30,22,current_wait,30,3.8666666666666667,3.413046862978721,-4.278092068774265,DOWN,False,Never-seen waiting time excluded; completed gaps condition on completion; cutoff sequence serially dependent
recent30,22,mean_completed_gap,30,8.496168617442127,0.03327313442842934,-0.772219376907703,DOWN,False,Never-seen waiting time excluded; completed gaps condition on completion; cutoff sequence serially dependent
recent30,22,latest_completed_gap,30,6.966666666666667,6.242239626572786,-2.077513452279808,DOWN,False,Never-seen waiting time excluded; completed gaps condition on completion; cutoff sequence serially dependent
recent30,23,current_wait,30,7.533333333333333,6.3547007972226535,-0.45595826468973133,DOWN,False,Never-seen waiting time excluded; completed gaps condition on completion; cutoff sequence serially dependent
recent30,23,mean_completed_gap,30,8.34170893778492,0.03228957161177449,0.1110419031289247,UP,False,Never-seen waiting time excluded; completed gaps condition on completion; cutoff sequence serially dependent
recent30,23,latest_completed_gap,30,7.033333333333333,5.492317867308442,-1.9916250693288973,DOWN,False,Never-seen waiting time excluded; completed gaps condition on completion; cutoff sequence serially dependent
recent30,24,current_wait,30,3.933333333333333,3.2957885584822066,-2.7658402203856753,DOWN,False,Never-seen waiting time excluded; completed gaps condition on completion; cutoff sequence serially dependent
recent30,24,mean_completed_gap,30,7.434919396998457,0.011249389406454882,-0.6942934452343872,DOWN,False,Never-seen waiting time excluded; completed gaps condition on completion; cutoff sequence serially dependent
recent30,24,latest_completed_gap,30,7.333333333333333,3.0804040139061124,-0.7292187934389771,DOWN,False,Never-seen waiting time excluded; completed gaps condition on completion; cutoff sequence serially dependent
recent30,25,current_wait,30,4.133333333333334,2.9066972475455524,-3.156856279197581,DOWN,False,Never-seen waiting time excluded; completed gaps condition on completion; cutoff sequence serially dependent
recent30,25,mean_completed_gap,30,8.107216546856273,0.011899290296766748,1.0418095830978418,UP,False,Never-seen waiting time excluded; completed gaps condition on completion; cutoff sequence serially dependent
recent30,25,latest_completed_gap,30,5.866666666666666,2.4864074931962024,-2.125883002207506,DOWN,False,Never-seen waiting time excluded; completed gaps condition on completion; cutoff sequence serially dependent
recent30,26,current_wait,30,8.4,4.72299340108227,2.2047973531844507,UP,False,Never-seen waiting time excluded; completed gaps condition on completion; cutoff sequence serially dependent
recent30,26,mean_completed_gap,30,7.424149591077618,0.026537771194112922,0.4626416482173932,UP,False,Never-seen waiting time excluded; completed gaps condition on completion; cutoff sequence serially dependent
recent30,26,latest_completed_gap,30,11.433333333333334,4.9239776152573596,4.356346578366447,UP,False,Never-seen waiting time excluded; completed gaps condition on completion; cutoff sequence serially dependent
recent30,27,current_wait,30,8.5,5.737304826019502,2.6006600660066006,UP,False,Never-seen waiting time excluded; completed gaps condition on completion; cutoff sequence serially dependent
recent30,27,mean_completed_gap,30,6.7779422718808195,0.008234982394101363,-0.06780095214980619,DOWN,False,Never-seen waiting time excluded; completed gaps condition on completion; cutoff sequence serially dependent
recent30,27,latest_completed_gap,30,7.3,4.124318125460256,0.8127993393889348,UP,False,Never-seen waiting time excluded; completed gaps condition on completion; cutoff sequence serially dependent
recent30,28,current_wait,30,5.233333333333333,4.73063303257491,-1.6370370370370368,DOWN,False,Never-seen waiting time excluded; completed gaps condition on completion; cutoff sequence serially dependent
recent30,28,mean_completed_gap,30,7.7482718091932545,0.0518462247762137,-0.6845642305247628,DOWN,False,Never-seen waiting time excluded; completed gaps condition on completion; cutoff sequence serially dependent
recent30,28,latest_completed_gap,30,4.066666666666666,2.5420901286583493,-4.168975225225225,DOWN,False,Never-seen waiting time excluded; completed gaps condition on completion; cutoff sequence serially dependent
recent30,29,current_wait,30,4.566666666666666,3.4993650217654566,-2.3921471718835807,DOWN,False,Never-seen waiting time excluded; completed gaps condition on completion; cutoff sequence serially dependent
recent30,29,mean_completed_gap,30,7.9822665627332805,0.01652853547304649,-0.1402784049823067,DOWN,False,Never-seen waiting time excluded; completed gaps condition on completion; cutoff sequence serially dependent
recent30,29,latest_completed_gap,30,8.3,5.020956084253277,0.5652892561983478,UP,False,Never-seen waiting time excluded; completed gaps condition on completion; cutoff sequence serially dependent
recent30,30,current_wait,30,5.933333333333334,4.552898954390366,-1.0807046518029173,DOWN,False,Never-seen waiting time excluded; completed gaps condition on completion; cutoff sequence serially dependent
recent30,30,mean_completed_gap,30,7.799423862784249,0.004080740760068615,-0.0867869219552917,DOWN,False,Never-seen waiting time excluded; completed gaps condition on completion; cutoff sequence serially dependent
recent30,30,latest_completed_gap,30,6.8,0.4,-1.0987551867219922,DOWN,False,Never-seen waiting time excluded; completed gaps condition on completion; cutoff sequence serially dependent
recent30,31,current_wait,30,2.566666666666667,2.472290885438488,-3.2460396039603956,DOWN,False,Never-seen waiting time excluded; completed gaps condition on completion; cutoff sequence serially dependent
recent30,31,mean_completed_gap,30,7.351321259881323,0.032965049583932635,0.022254392318987293,UP,False,Never-seen waiting time excluded; completed gaps condition on completion; cutoff sequence serially dependent
recent30,31,latest_completed_gap,30,3.466666666666667,2.8134597128012255,-3.549848609964217,DOWN,False,Never-seen waiting time excluded; completed gaps condition on completion; cutoff sequence serially dependent
recent30,32,current_wait,30,5.8,5.3065996645686395,-1.6905193734542454,DOWN,False,Never-seen waiting time excluded; completed gaps condition on completion; cutoff sequence serially dependent
recent30,32,mean_completed_gap,30,8.553529835824019,0.03095326551624724,0.09696693915363852,UP,False,Never-seen waiting time excluded; completed gaps condition on completion; cutoff sequence serially dependent
recent30,32,latest_completed_gap,30,3.8333333333333335,6.110555530300735,-4.264329437952142,DOWN,False,Never-seen waiting time excluded; completed gaps condition on completion; cutoff sequence serially dependent
recent30,33,current_wait,30,5.7,4.180510335672747,-0.4095551894563423,DOWN,False,Never-seen waiting time excluded; completed gaps condition on completion; cutoff sequence serially dependent
recent30,33,mean_completed_gap,30,7.070853362134634,0.022549869167667165,-0.16504484626413962,DOWN,False,Never-seen waiting time excluded; completed gaps condition on completion; cutoff sequence serially dependent
recent30,33,latest_completed_gap,30,11.2,2.7129319932501073,3.8663900414937755,UP,False,Never-seen waiting time excluded; completed gaps condition on completion; cutoff sequence serially dependent
recent30,34,current_wait,30,5.8,7.516204716034106,-0.19254349627174872,DOWN,False,Never-seen waiting time excluded; completed gaps condition on completion; cutoff sequence serially dependent
recent30,34,mean_completed_gap,30,6.658914995463754,0.03505174125149896,-0.30522026712088124,DOWN,False,Never-seen waiting time excluded; completed gaps condition on completion; cutoff sequence serially dependent
recent30,34,latest_completed_gap,30,11.633333333333333,11.061896562324002,4.559977515458122,UP,False,Never-seen waiting time excluded; completed gaps condition on completion; cutoff sequence serially dependent
recent30,35,current_wait,30,6.666666666666667,4.429697757434724,0.9248120300751879,UP,False,Never-seen waiting time excluded; completed gaps condition on completion; cutoff sequence serially dependent
recent30,35,mean_completed_gap,30,7.486410631214375,0.026588550824612606,0.20797413430441836,UP,False,Never-seen waiting time excluded; completed gaps condition on completion; cutoff sequence serially dependent
recent30,35,latest_completed_gap,30,6.466666666666667,5.560175856531478,-0.611682111766358,DOWN,False,Never-seen waiting time excluded; completed gaps condition on completion; cutoff sequence serially dependent
recent30,36,current_wait,30,3.933333333333333,2.6195843605851334,-1.9638474295190718,DOWN,False,Never-seen waiting time excluded; completed gaps condition on completion; cutoff sequence serially dependent
recent30,36,mean_completed_gap,30,7.489577796877521,0.010669311535099887,0.5666793221442505,UP,False,Never-seen waiting time excluded; completed gaps condition on completion; cutoff sequence serially dependent
recent30,36,latest_completed_gap,30,7.9,2.0223748416156684,0.8833887043189375,UP,False,Never-seen waiting time excluded; completed gaps condition on completion; cutoff sequence serially dependent
recent30,37,current_wait,30,7.166666666666667,5.893970553785358,1.3618890719384957,UP,False,Never-seen waiting time excluded; completed gaps condition on completion; cutoff sequence serially dependent
recent30,37,mean_completed_gap,30,7.1338243764955465,0.02840812631943207,0.7434223366611805,UP,False,Never-seen waiting time excluded; completed gaps condition on completion; cutoff sequence serially dependent
recent30,37,latest_completed_gap,30,7.533333333333333,5.0841802573166985,0.3311792322562823,UP,False,Never-seen waiting time excluded; completed gaps condition on completion; cutoff sequence serially dependent
recent30,38,current_wait,30,5.766666666666667,5.314654791757933,-0.6859123682750967,DOWN,False,Never-seen waiting time excluded; completed gaps condition on completion; cutoff sequence serially dependent
recent30,38,mean_completed_gap,30,7.159831190527269,0.02597461665151779,-0.8231511540960694,DOWN,False,Never-seen waiting time excluded; completed gaps condition on completion; cutoff sequence serially dependent
recent30,38,latest_completed_gap,30,4.933333333333334,5.915704147061071,-2.963247150403113,DOWN,False,Never-seen waiting time excluded; completed gaps condition on completion; cutoff sequence serially dependent
recent30,39,current_wait,30,4.9,3.2388269481403293,-2.2002485501242743,DOWN,False,Never-seen waiting time excluded; completed gaps condition on completion; cutoff sequence serially dependent
recent30,39,mean_completed_gap,30,7.331821262594181,0.012668280456177594,0.33402565697504993,UP,False,Never-seen waiting time excluded; completed gaps condition on completion; cutoff sequence serially dependent
recent30,39,latest_completed_gap,30,7.733333333333333,3.567756842735907,0.39253731343283604,UP,False,Never-seen waiting time excluded; completed gaps condition on completion; cutoff sequence serially dependent
recent30,40,current_wait,30,8.633333333333333,6.363873732946694,1.781603514552443,UP,False,Never-seen waiting time excluded; completed gaps condition on completion; cutoff sequence serially dependent
recent30,40,mean_completed_gap,30,7.10585510691637,0.03694057926020905,0.9118153837641438,UP,False,Never-seen waiting time excluded; completed gaps condition on completion; cutoff sequence serially dependent
recent30,40,latest_completed_gap,30,9.4,5.388877434122992,2.125846407927333,UP,False,Never-seen waiting time excluded; completed gaps condition on completion; cutoff sequence serially dependent
recent30,41,current_wait,30,5.133333333333334,4.145144415122617,-1.4782369146005507,DOWN,False,Never-seen waiting time excluded; completed gaps condition on completion; cutoff sequence serially dependent
recent30,41,mean_completed_gap,30,8.231773947408353,0.03174516164067215,-0.3693293725561908,DOWN,False,Never-seen waiting time excluded; completed gaps condition on completion; cutoff sequence serially dependent
recent30,41,latest_completed_gap,30,5.333333333333333,4.253103442063089,-3.3222683264177038,DOWN,False,Never-seen waiting time excluded; completed gaps condition on completion; cutoff sequence serially dependent
recent30,42,current_wait,30,3.3333333333333335,2.560381915956203,-3.4078043418521573,DOWN,False,Never-seen waiting time excluded; completed gaps condition on completion; cutoff sequence serially dependent
recent30,42,mean_completed_gap,30,7.906720684489327,0.03505951858789932,0.5656362902322618,UP,False,Never-seen waiting time excluded; completed gaps condition on completion; cutoff sequence serially dependent
recent30,42,latest_completed_gap,30,5.733333333333333,3.6233808644536514,-2.32859895403248,DOWN,False,Never-seen waiting time excluded; completed gaps condition on completion; cutoff sequence serially dependent
recent30,43,current_wait,30,6.933333333333334,6.937498748748636,0.5437012263099223,UP,False,Never-seen waiting time excluded; completed gaps condition on completion; cutoff sequence serially dependent
recent30,43,mean_completed_gap,30,7.39582920535019,0.03758292697961006,0.58731760084975,UP,False,Never-seen waiting time excluded; completed gaps condition on completion; cutoff sequence serially dependent
recent30,43,latest_completed_gap,30,15.1,9.403368190884228,7.3535684298908475,UP,False,Never-seen waiting time excluded; completed gaps condition on completion; cutoff sequence serially dependent
recent30,44,current_wait,30,3.6333333333333333,3.2912341487992345,-2.8745504840940526,DOWN,False,Never-seen waiting time excluded; completed gaps condition on completion; cutoff sequence serially dependent
recent30,44,mean_completed_gap,30,7.500962663111032,0.028540693081563814,0.021310867688701052,UP,False,Never-seen waiting time excluded; completed gaps condition on completion; cutoff sequence serially dependent
recent30,44,latest_completed_gap,30,3.7,3.5791060336346563,-3.3848739495798315,DOWN,False,Never-seen waiting time excluded; completed gaps condition on completion; cutoff sequence serially dependent
recent30,45,current_wait,30,7.433333333333334,6.448169421540418,1.1897755610972567,UP,False,Never-seen waiting time excluded; completed gaps condition on completion; cutoff sequence serially dependent
recent30,45,mean_completed_gap,30,6.9759048732473605,0.021644602555832924,-0.6232184396629048,DOWN,False,Never-seen waiting time excluded; completed gaps condition on completion; cutoff sequence serially dependent
recent30,45,latest_completed_gap,30,4.566666666666666,1.8740923729160797,-2.4965271847423853,DOWN,False,Never-seen waiting time excluded; completed gaps condition on completion; cutoff sequence serially dependent
recent50,1,current_wait,50,3.16,2.4928698321412615,-3.0190540540540542,DOWN,False,Never-seen waiting time excluded; completed gaps condition on completion; cutoff sequence serially dependent
recent50,1,mean_completed_gap,50,7.250093695732892,0.031707206605044745,0.3316378762436951,UP,False,Never-seen waiting time excluded; completed gaps condition on completion; cutoff sequence serially dependent
recent50,1,latest_completed_gap,50,6.08,2.5521755425518835,-0.46109589041095855,DOWN,False,Never-seen waiting time excluded; completed gaps condition on completion; cutoff sequence serially dependent
recent50,2,current_wait,50,4.66,3.7874001637006884,-3.448585858585858,DOWN,False,Never-seen waiting time excluded; completed gaps condition on completion; cutoff sequence serially dependent
recent50,2,mean_completed_gap,50,7.9421677564842685,0.01789955684758472,0.8279750527561074,UP,False,Never-seen waiting time excluded; completed gaps condition on completion; cutoff sequence serially dependent
recent50,2,latest_completed_gap,50,9.02,6.718601044860455,0.6490050590219223,UP,False,Never-seen waiting time excluded; completed gaps condition on completion; cutoff sequence serially dependent
recent50,3,current_wait,50,4.96,3.7997894678521336,-0.7366101694915255,DOWN,False,Never-seen waiting time excluded; completed gaps condition on completion; cutoff sequence serially dependent
recent50,3,mean_completed_gap,50,7.096225131327371,0.013204078275176348,0.3019858938788351,UP,False,Never-seen waiting time excluded; completed gaps condition on completion; cutoff sequence serially dependent
recent50,3,latest_completed_gap,50,5.72,4.608861030666905,-1.4047877758913412,DOWN,False,Never-seen waiting time excluded; completed gaps condition on completion; cutoff sequence serially dependent
recent50,4,current_wait,50,5,4.242640687119285,-1.0177065767284992,DOWN,False,Never-seen waiting time excluded; completed gaps condition on completion; cutoff sequence serially dependent
recent50,4,mean_completed_gap,50,7.587381716554652,0.01809600792022899,0.731546118388799,UP,False,Never-seen waiting time excluded; completed gaps condition on completion; cutoff sequence serially dependent
recent50,4,latest_completed_gap,50,6.42,3.7099326139432773,-1.280847457627119,DOWN,False,Never-seen waiting time excluded; completed gaps condition on completion; cutoff sequence serially dependent
recent50,5,current_wait,50,11.36,9.4058705072949,1.888559249786871,UP,False,Never-seen waiting time excluded; completed gaps condition on completion; cutoff sequence serially dependent
recent50,5,mean_completed_gap,50,7.849141538370042,0.018854205058636584,0.9404988955534774,UP,False,Never-seen waiting time excluded; completed gaps condition on completion; cutoff sequence serially dependent
recent50,5,latest_completed_gap,50,3.2,3.2619012860600183,-4.366552901023891,DOWN,False,Never-seen waiting time excluded; completed gaps condition on completion; cutoff sequence serially dependent
recent50,6,current_wait,50,4.46,3.125443968462721,-1.737290431837426,DOWN,False,Never-seen waiting time excluded; completed gaps condition on completion; cutoff sequence serially dependent
recent50,6,mean_completed_gap,50,7.384540313051519,0.013684619590320678,-0.1510627052544189,DOWN,False,Never-seen waiting time excluded; completed gaps condition on completion; cutoff sequence serially dependent
recent50,6,latest_completed_gap,50,7.58,2.6236615635405416,0.6571840542832907,UP,False,Never-seen waiting time excluded; completed gaps condition on completion; cutoff sequence serially dependent
recent50,7,current_wait,50,6.56,6.312400494265236,0.145304054054054,UP,False,Never-seen waiting time excluded; completed gaps condition on completion; cutoff sequence serially dependent
recent50,7,mean_completed_gap,50,7.1944757913617625,0.02981158263219719,0.13162509884280293,UP,False,Never-seen waiting time excluded; completed gaps condition on completion; cutoff sequence serially dependent
recent50,7,latest_completed_gap,50,7.58,4.228900566341091,0.5248685326547919,UP,False,Never-seen waiting time excluded; completed gaps condition on completion; cutoff sequence serially dependent
recent50,8,current_wait,50,4.36,3.5370043822421255,-1.867464195450716,DOWN,False,Never-seen waiting time excluded; completed gaps condition on completion; cutoff sequence serially dependent
recent50,8,mean_completed_gap,50,7.802249994184209,0.014020114839160923,0.20220932153919602,UP,False,Never-seen waiting time excluded; completed gaps condition on completion; cutoff sequence serially dependent
recent50,8,latest_completed_gap,50,6.88,1.9249935064825543,-1.2384995737425397,DOWN,False,Never-seen waiting time excluded; completed gaps condition on completion; cutoff sequence serially dependent
recent50,9,current_wait,50,4.86,3.6387360442879064,-4.105632858340319,DOWN,False,Never-seen waiting time excluded; completed gaps condition on completion; cutoff sequence serially dependent
recent50,9,mean_completed_gap,50,9.135772776536848,0.025936595190044202,-0.3055770424687214,DOWN,False,Never-seen waiting time excluded; completed gaps condition on completion; cutoff sequence serially dependent
recent50,9,latest_completed_gap,50,6.52,3.17011040817193,-2.464006734006734,DOWN,False,Never-seen waiting time excluded; completed gaps condition on completion; cutoff sequence serially dependent
recent50,10,current_wait,50,6.54,5.419261942368167,-0.10405360134003327,DOWN,False,Never-seen waiting time excluded; completed gaps condition on completion; cutoff sequence serially dependent
recent50,10,mean_completed_gap,50,7.6349719943043945,0.03287564498344134,-0.026411292636336903,DOWN,False,Never-seen waiting time excluded; completed gaps condition on completion; cutoff sequence serially dependent
recent50,10,latest_completed_gap,50,7.76,6.652999323613373,-0.6008510638297881,DOWN,False,Never-seen waiting time excluded; completed gaps condition on completion; cutoff sequence serially dependent
recent50,11,current_wait,50,7.1,5.7870545184921145,0.9632550335570462,UP,False,Never-seen waiting time excluded; completed gaps condition on completion; cutoff sequence serially dependent
recent50,11,mean_completed_gap,50,7.395724853486348,0.04862178510480011,-0.634461801241212,DOWN,False,Never-seen waiting time excluded; completed gaps condition on completion; cutoff sequence serially dependent
recent50,11,latest_completed_gap,50,12.2,5.841232746604093,5.008960270498731,UP,False,Never-seen waiting time excluded; completed gaps condition on completion; cutoff sequence serially dependent
recent50,12,current_wait,50,8.3,7.8108898340714035,2.8351397121083837,UP,False,Never-seen waiting time excluded; completed gaps condition on completion; cutoff sequence serially dependent
recent50,12,mean_completed_gap,50,6.778908594795323,0.0412975727791636,-0.8565458233773553,DOWN,False,Never-seen waiting time excluded; completed gaps condition on completion; cutoff sequence serially dependent
recent50,12,latest_completed_gap,50,6.48,5.288629312024052,-0.1759048428207306,DOWN,False,Never-seen waiting time excluded; completed gaps condition on completion; cutoff sequence serially dependent
recent50,13,current_wait,50,5.26,5.785533683248245,-0.5245766974015087,DOWN,False,Never-seen waiting time excluded; completed gaps condition on completion; cutoff sequence serially dependent
recent50,13,mean_completed_gap,50,6.906922419814034,0.04593917797820339,-0.6376833467939242,DOWN,False,Never-seen waiting time excluded; completed gaps condition on completion; cutoff sequence serially dependent
recent50,13,latest_completed_gap,50,6.92,5.649212334476374,0.41362786745964275,UP,False,Never-seen waiting time excluded; completed gaps condition on completion; cutoff sequence serially dependent
recent50,14,current_wait,50,11.86,9.18261400691546,6.403240973971452,UP,False,Never-seen waiting time excluded; completed gaps condition on completion; cutoff sequence serially dependent
recent50,14,mean_completed_gap,50,7.112403698072191,0.0755919147936528,0.038444021177477694,UP,False,Never-seen waiting time excluded; completed gaps condition on completion; cutoff sequence serially dependent
recent50,14,latest_completed_gap,50,10.3,11.710251918724891,3.21421362489487,UP,False,Never-seen waiting time excluded; completed gaps condition on completion; cutoff sequence serially dependent
recent50,15,current_wait,50,5.56,4.850402045191718,-0.7587552565180831,DOWN,False,Never-seen waiting time excluded; completed gaps condition on completion; cutoff sequence serially dependent
recent50,15,mean_completed_gap,50,7.3422712178502785,0.05241531893962505,-0.43766599550757057,DOWN,False,Never-seen waiting time excluded; completed gaps condition on completion; cutoff sequence serially dependent
recent50,15,latest_completed_gap,50,2.1,3.257299494980466,-5.066089965397923,DOWN,False,Never-seen waiting time excluded; completed gaps condition on completion; cutoff sequence serially dependent
recent50,16,current_wait,50,5.46,4.899836731973831,-1.066845637583893,DOWN,False,Never-seen waiting time excluded; completed gaps condition on completion; cutoff sequence serially dependent
recent50,16,mean_completed_gap,50,7.322882185846907,0.03340596897085223,-0.36717434074514443,DOWN,False,Never-seen waiting time excluded; completed gaps condition on completion; cutoff sequence serially dependent
recent50,16,latest_completed_gap,50,3.62,4.77866090029414,-3.1589915966386553,DOWN,False,Never-seen waiting time excluded; completed gaps condition on completion; cutoff sequence serially dependent
recent50,17,current_wait,50,8.22,6.067256381594567,2.3667116357504225,UP,False,Never-seen waiting time excluded; completed gaps condition on completion; cutoff sequence serially dependent
recent50,17,mean_completed_gap,50,7.154631587582647,0.02074073020066936,0.6441436985788149,UP,False,Never-seen waiting time excluded; completed gaps condition on completion; cutoff sequence serially dependent
recent50,17,latest_completed_gap,50,4.48,5.028876614115721,-2.1846859083191843,DOWN,False,Never-seen waiting time excluded; completed gaps condition on completion; cutoff sequence serially dependent
recent50,18,current_wait,50,6.88,6.8575214181218564,0.034893617021276135,UP,False,Never-seen waiting time excluded; completed gaps condition on completion; cutoff sequence serially dependent
recent50,18,mean_completed_gap,50,6.900078860403167,0.04012324694875605,0.450235122387201,UP,False,Never-seen waiting time excluded; completed gaps condition on completion; cutoff sequence serially dependent
recent50,18,latest_completed_gap,50,10.56,9.954215187547435,4.089812606473595,UP,False,Never-seen waiting time excluded; completed gaps condition on completion; cutoff sequence serially dependent
recent50,19,current_wait,50,6.02,5.511769225938256,-0.23922818791946376,DOWN,False,Never-seen waiting time excluded; completed gaps condition on completion; cutoff sequence serially dependent
recent50,19,mean_completed_gap,50,7.283126000217846,0.024835612300478628,-0.04925218022475697,DOWN,False,Never-seen waiting time excluded; completed gaps condition on completion; cutoff sequence serially dependent
recent50,19,latest_completed_gap,50,4.28,3.7631901360414943,-3.280235888795282,DOWN,False,Never-seen waiting time excluded; completed gaps condition on completion; cutoff sequence serially dependent
recent50,20,current_wait,50,3.46,2.547233793745678,-2.202127659574468,DOWN,False,Never-seen waiting time excluded; completed gaps condition on completion; cutoff sequence serially dependent
recent50,20,mean_completed_gap,50,7.1567647191183905,0.01180814796837772,0.6360038556810572,UP,False,Never-seen waiting time excluded; completed gaps condition on completion; cutoff sequence serially dependent
recent50,20,latest_completed_gap,50,7.56,2.2641554716935848,0.11004277159965703,UP,False,Never-seen waiting time excluded; completed gaps condition on completion; cutoff sequence serially dependent
recent50,21,current_wait,50,6.56,4.964514074912065,0.5113830678960598,UP,False,Never-seen waiting time excluded; completed gaps condition on completion; cutoff sequence serially dependent
recent50,21,mean_completed_gap,50,7.380731813893412,0.04589577351488739,-0.36278607172195887,DOWN,False,Never-seen waiting time excluded; completed gaps condition on completion; cutoff sequence serially dependent
recent50,21,latest_completed_gap,50,12.7,4.850773134253961,4.973489932885905,UP,False,Never-seen waiting time excluded; completed gaps condition on completion; cutoff sequence serially dependent
recent50,22,current_wait,50,5.88,4.954351622563744,-2.251979695431472,DOWN,False,Never-seen waiting time excluded; completed gaps condition on completion; cutoff sequence serially dependent
recent50,22,mean_completed_gap,50,8.491049577453971,0.03533253907336514,-0.7909082868505362,DOWN,False,Never-seen waiting time excluded; completed gaps condition on completion; cutoff sequence serially dependent
recent50,22,latest_completed_gap,50,7.94,7.026834280100819,-1.0980293863439927,DOWN,False,Never-seen waiting time excluded; completed gaps condition on completion; cutoff sequence serially dependent
recent50,23,current_wait,50,6.44,5.575517913162866,-1.6027135678391948,DOWN,False,Never-seen waiting time excluded; completed gaps condition on completion; cutoff sequence serially dependent
recent50,23,mean_completed_gap,50,8.341679168635103,0.026561555338732827,0.11288975631843634,UP,False,Never-seen waiting time excluded; completed gaps condition on completion; cutoff sequence serially dependent
recent50,23,latest_completed_gap,50,6.66,5.233010605760321,-2.414450084602368,DOWN,False,Never-seen waiting time excluded; completed gaps condition on completion; cutoff sequence serially dependent
recent50,24,current_wait,50,3.44,2.9131426329653,-3.3263865546218487,DOWN,False,Never-seen waiting time excluded; completed gaps condition on completion; cutoff sequence serially dependent
recent50,24,mean_completed_gap,50,7.436279697165498,0.017161967420089755,-0.7046531229268336,DOWN,False,Never-seen waiting time excluded; completed gaps condition on completion; cutoff sequence serially dependent
recent50,24,latest_completed_gap,50,5.88,3.2719413197672114,-2.2565564037319765,DOWN,False,Never-seen waiting time excluded; completed gaps condition on completion; cutoff sequence serially dependent
recent50,25,current_wait,50,5.06,3.91617159991745,-2.2442749371332775,DOWN,False,Never-seen waiting time excluded; completed gaps condition on completion; cutoff sequence serially dependent
recent50,25,mean_completed_gap,50,8.117758202787787,0.02060520391969178,1.0703337932873787,UP,False,Never-seen waiting time excluded; completed gaps condition on completion; cutoff sequence serially dependent
recent50,25,latest_completed_gap,50,7.88,4.950313121409594,-0.06360269360269388,DOWN,False,Never-seen waiting time excluded; completed gaps condition on completion; cutoff sequence serially dependent
recent50,26,current_wait,50,6.14,4.7875254568513785,-0.11315391084945325,DOWN,False,Never-seen waiting time excluded; completed gaps condition on completion; cutoff sequence serially dependent
recent50,26,mean_completed_gap,50,7.4179744468441475,0.024214897636996854,0.46399518727741995,UP,False,Never-seen waiting time excluded; completed gaps condition on completion; cutoff sequence serially dependent
recent50,26,latest_completed_gap,50,8.48,5.565033692620378,1.3520538720538724,UP,False,Never-seen waiting time excluded; completed gaps condition on completion; cutoff sequence serially dependent
recent50,27,current_wait,50,5.64,5.747208017811779,-0.3356711409395974,DOWN,False,Never-seen waiting time excluded; completed gaps condition on completion; cutoff sequence serially dependent
recent50,27,mean_completed_gap,50,6.834078499581771,0.08102582941475982,-0.010446594858550817,DOWN,False,Never-seen waiting time excluded; completed gaps condition on completion; cutoff sequence serially dependent
recent50,27,latest_completed_gap,50,6.12,3.871123867819267,-0.4030898404701926,DOWN,False,Never-seen waiting time excluded; completed gaps condition on completion; cutoff sequence serially dependent
recent50,28,current_wait,50,4.76,4.120970759420649,-2.1586643835616437,DOWN,False,Never-seen waiting time excluded; completed gaps condition on completion; cutoff sequence serially dependent
recent50,28,mean_completed_gap,50,7.789693746378157,0.06496598723685526,-0.6531252725075998,DOWN,False,Never-seen waiting time excluded; completed gaps condition on completion; cutoff sequence serially dependent
recent50,28,latest_completed_gap,50,4.82,2.3553343711668626,-3.4549140893470796,DOWN,False,Never-seen waiting time excluded; completed gaps condition on completion; cutoff sequence serially dependent
recent50,29,current_wait,50,4.6,3.3704599092705436,-2.39748743718593,DOWN,False,Never-seen waiting time excluded; completed gaps condition on completion; cutoff sequence serially dependent
recent50,29,mean_completed_gap,50,7.974619934380565,0.01604221642453541,-0.15060394049240244,DOWN,False,Never-seen waiting time excluded; completed gaps condition on completion; cutoff sequence serially dependent
recent50,29,latest_completed_gap,50,7.68,4.022138734554043,-0.07126050420168095,DOWN,False,Never-seen waiting time excluded; completed gaps condition on completion; cutoff sequence serially dependent
recent50,30,current_wait,50,5.38,5.534943540814124,-1.675415617128464,DOWN,False,Never-seen waiting time excluded; completed gaps condition on completion; cutoff sequence serially dependent
recent50,30,mean_completed_gap,50,7.814546054393143,0.02472412450329031,-0.07249142136636522,DOWN,False,Never-seen waiting time excluded; completed gaps condition on completion; cutoff sequence serially dependent
recent50,30,latest_completed_gap,50,5.8,3.026549190084311,-2.159493670886076,DOWN,False,Never-seen waiting time excluded; completed gaps condition on completion; cutoff sequence serially dependent
recent50,31,current_wait,50,3.22,3.517328531712669,-2.6197651006711404,DOWN,False,Never-seen waiting time excluded; completed gaps condition on completion; cutoff sequence serially dependent
recent50,31,mean_completed_gap,50,7.385495245936023,0.05128940514434543,0.05823676388931709,UP,False,Never-seen waiting time excluded; completed gaps condition on completion; cutoff sequence serially dependent
recent50,31,latest_completed_gap,50,4.4,4.358898943540674,-2.6369437447523083,DOWN,False,Never-seen waiting time excluded; completed gaps condition on completion; cutoff sequence serially dependent
recent50,32,current_wait,50,6.5,5.0803543183522155,-0.9895222129086338,DOWN,False,Never-seen waiting time excluded; completed gaps condition on completion; cutoff sequence serially dependent
recent50,32,mean_completed_gap,50,8.557288075913881,0.025701554884671393,0.10253099485264094,UP,False,Never-seen waiting time excluded; completed gaps condition on completion; cutoff sequence serially dependent
recent50,32,latest_completed_gap,50,3.68,5.4678697863061805,-4.496570458404076,DOWN,False,Never-seen waiting time excluded; completed gaps condition on completion; cutoff sequence serially dependent
recent50,33,current_wait,50,4.92,4.034055031850706,-1.229078726968174,DOWN,False,Never-seen waiting time excluded; completed gaps condition on completion; cutoff sequence serially dependent
recent50,33,mean_completed_gap,50,7.056372007087252,0.02674563213767206,-0.1829227959762063,DOWN,False,Never-seen waiting time excluded; completed gaps condition on completion; cutoff sequence serially dependent
recent50,33,latest_completed_gap,50,8.22,4.42849861691296,0.8259071729957812,UP,False,Never-seen waiting time excluded; completed gaps condition on completion; cutoff sequence serially dependent
recent50,34,current_wait,50,7.28,7.105040464346421,1.3465543386689136,UP,False,Never-seen waiting time excluded; completed gaps condition on completion; cutoff sequence serially dependent
recent50,34,mean_completed_gap,50,6.63312677505603,0.04165000848203097,-0.3373496679426742,DOWN,False,Never-seen waiting time excluded; completed gaps condition on completion; cutoff sequence serially dependent
recent50,34,latest_completed_gap,50,16.98,10.784229226050417,10.214133790737565,UP,False,Never-seen waiting time excluded; completed gaps condition on completion; cutoff sequence serially dependent
recent50,35,current_wait,50,5.48,4.34161260363013,-0.2965505522514862,DOWN,False,Never-seen waiting time excluded; completed gaps condition on completion; cutoff sequence serially dependent
recent50,35,mean_completed_gap,50,7.49013952489264,0.02546466930469697,0.21542704458079953,UP,False,Never-seen waiting time excluded; completed gaps condition on completion; cutoff sequence serially dependent
recent50,35,latest_completed_gap,50,6.56,5.374606962374086,-0.5248329048843194,DOWN,False,Never-seen waiting time excluded; completed gaps condition on completion; cutoff sequence serially dependent
recent50,36,current_wait,50,3.3,2.4596747752497685,-2.6569983136593596,DOWN,False,Never-seen waiting time excluded; completed gaps condition on completion; cutoff sequence serially dependent
recent50,36,mean_completed_gap,50,7.492571355007681,0.010358105621703235,0.5793715832722084,UP,False,Never-seen waiting time excluded; completed gaps condition on completion; cutoff sequence serially dependent
recent50,36,latest_completed_gap,50,6.84,2.2659214461229675,-0.20645270270270277,DOWN,False,Never-seen waiting time excluded; completed gaps condition on completion; cutoff sequence serially dependent
recent50,37,current_wait,50,5.58,5.122850768859074,-0.2684087102177557,DOWN,False,Never-seen waiting time excluded; completed gaps condition on completion; cutoff sequence serially dependent
recent50,37,mean_completed_gap,50,7.122078417520486,0.026334224087214173,0.7437076740504587,UP,False,Never-seen waiting time excluded; completed gaps condition on completion; cutoff sequence serially dependent
recent50,37,latest_completed_gap,50,7.18,4.043216541319547,-0.031457455770850906,DOWN,False,Never-seen waiting time excluded; completed gaps condition on completion; cutoff sequence serially dependent
recent50,38,current_wait,50,4.66,4.722753434173756,-1.8509983079526222,DOWN,False,Never-seen waiting time excluded; completed gaps condition on completion; cutoff sequence serially dependent
recent50,38,mean_completed_gap,50,7.192227213690259,0.052592355469951724,-0.8033448017759728,DOWN,False,Never-seen waiting time excluded; completed gaps condition on completion; cutoff sequence serially dependent
recent50,38,latest_completed_gap,50,6.1,6.047313453096342,-1.797370653095844,DOWN,False,Never-seen waiting time excluded; completed gaps condition on completion; cutoff sequence serially dependent
recent50,39,current_wait,50,3.98,2.9427198303610216,-3.1960741364785172,DOWN,False,Never-seen waiting time excluded; completed gaps condition on completion; cutoff sequence serially dependent
recent50,39,mean_completed_gap,50,7.3334379838477926,0.012308861313504473,0.3413433472018337,UP,False,Never-seen waiting time excluded; completed gaps condition on completion; cutoff sequence serially dependent
recent50,39,latest_completed_gap,50,7.64,3.938324516847234,0.3018887015177061,UP,False,Never-seen waiting time excluded; completed gaps condition on completion; cutoff sequence serially dependent
recent50,40,current_wait,50,6.38,5.827143382481677,-0.536247906197655,DOWN,False,Never-seen waiting time excluded; completed gaps condition on completion; cutoff sequence serially dependent
recent50,40,mean_completed_gap,50,7.091548418663267,0.03378298963079802,0.9122198401480084,UP,False,Never-seen waiting time excluded; completed gaps condition on completion; cutoff sequence serially dependent
recent50,40,latest_completed_gap,50,8.02,4.6367661144379495,0.7236104114189752,UP,False,Never-seen waiting time excluded; completed gaps condition on completion; cutoff sequence serially dependent
recent50,41,current_wait,50,4.28,3.616849457746341,-2.3922689075630252,DOWN,False,Never-seen waiting time excluded; completed gaps condition on completion; cutoff sequence serially dependent
recent50,41,mean_completed_gap,50,8.251195944093947,0.03460014764922487,-0.35532128947130914,DOWN,False,Never-seen waiting time excluded; completed gaps condition on completion; cutoff sequence serially dependent
recent50,41,latest_completed_gap,50,6.18,3.5196022502549917,-2.495949367088608,DOWN,False,Never-seen waiting time excluded; completed gaps condition on completion; cutoff sequence serially dependent
recent50,42,current_wait,50,7.94,9.43908893908729,1.3348030176026828,UP,False,Never-seen waiting time excluded; completed gaps condition on completion; cutoff sequence serially dependent
recent50,42,mean_completed_gap,50,7.8941622817288,0.050184881604064605,0.5620491768643614,UP,False,Never-seen waiting time excluded; completed gaps condition on completion; cutoff sequence serially dependent
recent50,42,latest_completed_gap,50,5.62,6.082400841772926,-2.4857934508816113,DOWN,False,Never-seen waiting time excluded; completed gaps condition on completion; cutoff sequence serially dependent
recent50,43,current_wait,50,7.92,6.5538996025267275,1.5815646258503397,UP,False,Never-seen waiting time excluded; completed gaps condition on completion; cutoff sequence serially dependent
recent50,43,mean_completed_gap,50,7.36128479029086,0.053192206872325266,0.5613292329842956,UP,False,Never-seen waiting time excluded; completed gaps condition on completion; cutoff sequence serially dependent
recent50,43,latest_completed_gap,50,15.94,8.110265100476063,8.355029888983774,UP,False,Never-seen waiting time excluded; completed gaps condition on completion; cutoff sequence serially dependent
recent50,44,current_wait,50,6.4,7.0398863627192165,-0.03966244725738388,DOWN,False,Never-seen waiting time excluded; completed gaps condition on completion; cutoff sequence serially dependent
recent50,44,mean_completed_gap,50,7.503531204647693,0.04168665233339302,0.024353464294256888,UP,False,Never-seen waiting time excluded; completed gaps condition on completion; cutoff sequence serially dependent
recent50,44,latest_completed_gap,50,6.88,8.51971830520235,-0.12683760683760692,DOWN,False,Never-seen waiting time excluded; completed gaps condition on completion; cutoff sequence serially dependent
recent50,45,current_wait,50,6.22,5.514671341068296,-0.054725274725274886,DOWN,False,Never-seen waiting time excluded; completed gaps condition on completion; cutoff sequence serially dependent
recent50,45,mean_completed_gap,50,6.991788676687381,0.026663798011831497,-0.6174738009676775,DOWN,False,Never-seen waiting time excluded; completed gaps condition on completion; cutoff sequence serially dependent
recent50,45,latest_completed_gap,50,6.32,3.802315084261166,-0.7104083405734141,DOWN,False,Never-seen waiting time excluded; completed gaps condition on completion; cutoff sequence serially dependent
recent100,1,current_wait,100,5.34,4.848133661523783,-0.7799294532627865,DOWN,False,Never-seen waiting time excluded; completed gaps condition on completion; cutoff sequence serially dependent
recent100,1,mean_completed_gap,100,7.252946372542754,0.04724448609851496,0.34957745957696496,UP,False,Never-seen waiting time excluded; completed gaps condition on completion; cutoff sequence serially dependent
recent100,1,latest_completed_gap,100,9.93,5.978720598924155,3.7126475849731664,UP,False,Never-seen waiting time excluded; completed gaps condition on completion; cutoff sequence serially dependent
recent100,2,current_wait,100,5.83,5.238425335919183,-2.3272934973637955,DOWN,False,Never-seen waiting time excluded; completed gaps condition on completion; cutoff sequence serially dependent
recent100,2,mean_completed_gap,100,7.891183014016175,0.058652410967704426,0.808944780702622,UP,False,Never-seen waiting time excluded; completed gaps condition on completion; cutoff sequence serially dependent
recent100,2,latest_completed_gap,100,8.02,7.321174769120049,-0.41045774647887434,DOWN,False,Never-seen waiting time excluded; completed gaps condition on completion; cutoff sequence serially dependent
recent100,3,current_wait,100,3.99,3.433642380912724,-1.82504424778761,DOWN,False,Never-seen waiting time excluded; completed gaps condition on completion; cutoff sequence serially dependent
recent100,3,mean_completed_gap,100,7.152320461328238,0.0660998790870962,0.376440113679374,UP,False,Never-seen waiting time excluded; completed gaps condition on completion; cutoff sequence serially dependent
recent100,3,latest_completed_gap,100,5.45,3.968311983702894,-1.760992907801418,DOWN,False,Never-seen waiting time excluded; completed gaps condition on completion; cutoff sequence serially dependent
recent100,4,current_wait,100,5.52,4.946675651384473,-0.49672535211267643,DOWN,False,Never-seen waiting time excluded; completed gaps condition on completion; cutoff sequence serially dependent
recent100,4,mean_completed_gap,100,7.574201324486563,0.03514187924897255,0.7495686172168448,UP,False,Never-seen waiting time excluded; completed gaps condition on completion; cutoff sequence serially dependent
recent100,4,latest_completed_gap,100,8.29,4.875028205046613,0.697964601769911,UP,False,Never-seen waiting time excluded; completed gaps condition on completion; cutoff sequence serially dependent
recent100,5,current_wait,100,8.52,7.899974683503739,-1.120249332146038,DOWN,False,Never-seen waiting time excluded; completed gaps condition on completion; cutoff sequence serially dependent
recent100,5,mean_completed_gap,100,7.855823466926787,0.026538439200462005,0.9896880769028682,UP,False,Never-seen waiting time excluded; completed gaps condition on completion; cutoff sequence serially dependent
recent100,5,latest_completed_gap,100,6.81,5.498536168836211,-0.6293939393939398,DOWN,False,Never-seen waiting time excluded; completed gaps condition on completion; cutoff sequence serially dependent
recent100,6,current_wait,100,4.34,3.797946813740287,-1.944703801945181,DOWN,False,Never-seen waiting time excluded; completed gaps condition on completion; cutoff sequence serially dependent
recent100,6,mean_completed_gap,100,7.399572356401247,0.031292616694729554,-0.14138932525964965,DOWN,False,Never-seen waiting time excluded; completed gaps condition on completion; cutoff sequence serially dependent
recent100,6,latest_completed_gap,100,6.48,4.036037660874833,-0.5111426040744016,DOWN,False,Never-seen waiting time excluded; completed gaps condition on completion; cutoff sequence serially dependent
recent100,7,current_wait,100,5.04,5.209452946327474,-1.5023280423280427,DOWN,False,Never-seen waiting time excluded; completed gaps condition on completion; cutoff sequence serially dependent
recent100,7,mean_completed_gap,100,7.211560315303376,0.04731950794472615,0.15605214478291174,UP,False,Never-seen waiting time excluded; completed gaps condition on completion; cutoff sequence serially dependent
recent100,7,latest_completed_gap,100,6.08,4.291107083259517,-1.0847475642161202,DOWN,False,Never-seen waiting time excluded; completed gaps condition on completion; cutoff sequence serially dependent
recent100,8,current_wait,100,4.02,3.3014542250347803,-2.3194898856640283,DOWN,False,Never-seen waiting time excluded; completed gaps condition on completion; cutoff sequence serially dependent
recent100,8,mean_completed_gap,100,7.826749983961343,0.037457719812745274,0.23789405312814882,UP,False,Never-seen waiting time excluded; completed gaps condition on completion; cutoff sequence serially dependent
recent100,8,latest_completed_gap,100,6.42,3.3441889898748247,-1.7946037399821915,DOWN,False,Never-seen waiting time excluded; completed gaps condition on completion; cutoff sequence serially dependent
recent100,9,current_wait,100,4.39,3.7010674135984067,-4.796351706036746,DOWN,False,Never-seen waiting time excluded; completed gaps condition on completion; cutoff sequence serially dependent
recent100,9,mean_completed_gap,100,9.223786291772273,0.10613534746123922,-0.22325553127538278,DOWN,False,Never-seen waiting time excluded; completed gaps condition on completion; cutoff sequence serially dependent
recent100,9,latest_completed_gap,100,5.48,3.122434947280728,-3.703655536028119,DOWN,False,Never-seen waiting time excluded; completed gaps condition on completion; cutoff sequence serially dependent
recent100,10,current_wait,100,7.55,6.4083929342698704,0.9896853146853148,UP,False,Never-seen waiting time excluded; completed gaps condition on completion; cutoff sequence serially dependent
recent100,10,mean_completed_gap,100,7.583896368714122,0.06781195875242882,-0.08320080906291505,DOWN,False,Never-seen waiting time excluded; completed gaps condition on completion; cutoff sequence serially dependent
recent100,10,latest_completed_gap,100,8.03,8.337211764133139,-0.3335555555555558,DOWN,False,Never-seen waiting time excluded; completed gaps condition on completion; cutoff sequence serially dependent
recent100,11,current_wait,100,7.2,6.329296959378664,1.1141856392294223,UP,False,Never-seen waiting time excluded; completed gaps condition on completion; cutoff sequence serially dependent
recent100,11,mean_completed_gap,100,7.35138273247594,0.06020025950427366,-0.7107168103037829,DOWN,False,Never-seen waiting time excluded; completed gaps condition on completion; cutoff sequence serially dependent
recent100,11,latest_completed_gap,100,7.99,7.271169094444167,0.6484289496910858,UP,False,Never-seen waiting time excluded; completed gaps condition on completion; cutoff sequence serially dependent
recent100,12,current_wait,100,6.01,6.364738800610753,0.46800176834659535,UP,False,Never-seen waiting time excluded; completed gaps condition on completion; cutoff sequence serially dependent
recent100,12,mean_completed_gap,100,6.777845612756525,0.030482633954117117,-0.8957042706980944,DOWN,False,Never-seen waiting time excluded; completed gaps condition on completion; cutoff sequence serially dependent
recent100,12,latest_completed_gap,100,5.86,4.4900334074481005,-0.8587222715173022,DOWN,False,Never-seen waiting time excluded; completed gaps condition on completion; cutoff sequence serially dependent
recent100,13,current_wait,100,4.44,4.773510238807496,-1.4392650918635166,DOWN,False,Never-seen waiting time excluded; completed gaps condition on completion; cutoff sequence serially dependent
recent100,13,mean_completed_gap,100,6.912530545915608,0.03532220128675902,-0.659868791880938,DOWN,False,Never-seen waiting time excluded; completed gaps condition on completion; cutoff sequence serially dependent
recent100,13,latest_completed_gap,100,6.41,4.847875823492182,-0.12327417923691186,DOWN,False,Never-seen waiting time excluded; completed gaps condition on completion; cutoff sequence serially dependent
recent100,14,current_wait,100,10.57,8.681307505209109,5.2807800175284845,UP,False,Never-seen waiting time excluded; completed gaps condition on completion; cutoff sequence serially dependent
recent100,14,mean_completed_gap,100,7.049098626505196,0.09344407083841028,-0.028731380589539057,DOWN,False,Never-seen waiting time excluded; completed gaps condition on completion; cutoff sequence serially dependent
recent100,14,latest_completed_gap,100,9.54,10.271728189550188,2.528586479367866,UP,False,Never-seen waiting time excluded; completed gaps condition on completion; cutoff sequence serially dependent
recent100,15,current_wait,100,5.12,4.336542401499148,-1.2706935908691834,DOWN,False,Never-seen waiting time excluded; completed gaps condition on completion; cutoff sequence serially dependent
recent100,15,mean_completed_gap,100,7.385271184082758,0.06069973717635512,-0.4105641333909409,DOWN,False,Never-seen waiting time excluded; completed gaps condition on completion; cutoff sequence serially dependent
recent100,15,latest_completed_gap,100,4.79,4.802697158888951,-2.361898734177215,DOWN,False,Never-seen waiting time excluded; completed gaps condition on completion; cutoff sequence serially dependent
recent100,16,current_wait,100,4.5,4.281354925721529,-2.1576182136602453,DOWN,False,Never-seen waiting time excluded; completed gaps condition on completion; cutoff sequence serially dependent
recent100,16,mean_completed_gap,100,7.399563261687881,0.08227730454474161,-0.299870992494661,DOWN,False,Never-seen waiting time excluded; completed gaps condition on completion; cutoff sequence serially dependent
recent100,16,latest_completed_gap,100,4.67,4.096474093656641,-2.155438596491228,DOWN,False,Never-seen waiting time excluded; completed gaps condition on completion; cutoff sequence serially dependent
recent100,17,current_wait,100,6.72,5.548116797617007,0.8388380281690138,UP,False,Never-seen waiting time excluded; completed gaps condition on completion; cutoff sequence serially dependent
recent100,17,mean_completed_gap,100,7.144270184913889,0.02549905993218439,0.6614162007523134,UP,False,Never-seen waiting time excluded; completed gaps condition on completion; cutoff sequence serially dependent
recent100,17,latest_completed_gap,100,5.04,5.276210761521947,-1.671879432624113,DOWN,False,Never-seen waiting time excluded; completed gaps condition on completion; cutoff sequence serially dependent
recent100,18,current_wait,100,8.26,12.084386620759863,1.5391111111111107,UP,False,Never-seen waiting time excluded; completed gaps condition on completion; cutoff sequence serially dependent
recent100,18,mean_completed_gap,100,6.856837932338483,0.08397642206114388,0.42317538944074773,UP,False,Never-seen waiting time excluded; completed gaps condition on completion; cutoff sequence serially dependent
recent100,18,latest_completed_gap,100,12.74,17.048530728482145,6.645693950177936,UP,False,Never-seen waiting time excluded; completed gaps condition on completion; cutoff sequence serially dependent
recent100,19,current_wait,100,6.16,5.7857065255679885,-0.0974430823117336,DOWN,False,Never-seen waiting time excluded; completed gaps condition on completion; cutoff sequence serially dependent
recent100,19,mean_completed_gap,100,7.279404761149584,0.032832200240928054,-0.055466588086391155,DOWN,False,Never-seen waiting time excluded; completed gaps condition on completion; cutoff sequence serially dependent
recent100,19,latest_completed_gap,100,6.54,6.213565803948647,-0.9657167985927879,DOWN,False,Never-seen waiting time excluded; completed gaps condition on completion; cutoff sequence serially dependent
recent100,20,current_wait,100,4.63,4.043896635672084,-1.0259999999999998,DOWN,False,Never-seen waiting time excluded; completed gaps condition on completion; cutoff sequence serially dependent
recent100,20,mean_completed_gap,100,7.132357377461104,0.03101874344828802,0.6378337424583771,UP,False,Never-seen waiting time excluded; completed gaps condition on completion; cutoff sequence serially dependent
recent100,20,latest_completed_gap,100,7.37,3.822708463903571,-0.092019660411081,DOWN,False,Never-seen waiting time excluded; completed gaps condition on completion; cutoff sequence serially dependent
recent100,21,current_wait,100,5.28,4.289708614812899,-0.8582327209098857,DOWN,False,Never-seen waiting time excluded; completed gaps condition on completion; cutoff sequence serially dependent
recent100,21,mean_completed_gap,100,7.337756297666797,0.05432680110492402,-0.42540857149389844,DOWN,False,Never-seen waiting time excluded; completed gaps condition on completion; cutoff sequence serially dependent
recent100,21,latest_completed_gap,100,9.61,4.734754481491094,1.8306654991243425,UP,False,Never-seen waiting time excluded; completed gaps condition on completion; cutoff sequence serially dependent
recent100,22,current_wait,100,6.32,5.619394985227502,-1.8725795053003527,DOWN,False,Never-seen waiting time excluded; completed gaps condition on completion; cutoff sequence serially dependent
recent100,22,mean_completed_gap,100,8.448946466185955,0.05370932021980976,-0.8725377987231848,DOWN,False,Never-seen waiting time excluded; completed gaps condition on completion; cutoff sequence serially dependent
recent100,22,latest_completed_gap,100,8.57,6.906887866470687,-0.46071364046973784,DOWN,False,Never-seen waiting time excluded; completed gaps condition on completion; cutoff sequence serially dependent
recent100,23,current_wait,100,11.95,14.169950599772745,4.3188811188811185,UP,False,Never-seen waiting time excluded; completed gaps condition on completion; cutoff sequence serially dependent
recent100,23,mean_completed_gap,100,8.354172514837002,0.07350611109580182,0.13147305166884315,UP,False,Never-seen waiting time excluded; completed gaps condition on completion; cutoff sequence serially dependent
recent100,23,latest_completed_gap,100,8.5,9.143850392476903,-0.5185512367491167,DOWN,False,Never-seen waiting time excluded; completed gaps condition on completion; cutoff sequence serially dependent
recent100,24,current_wait,100,4.22,3.640274714908203,-2.6238596491228074,DOWN,False,Never-seen waiting time excluded; completed gaps condition on completion; cutoff sequence serially dependent
recent100,24,mean_completed_gap,100,7.469719644353105,0.040561664279590744,-0.6994582257193693,DOWN,False,Never-seen waiting time excluded; completed gaps condition on completion; cutoff sequence serially dependent
recent100,24,latest_completed_gap,100,7.32,4.171043035021336,-0.7889459698848533,DOWN,False,Never-seen waiting time excluded; completed gaps condition on completion; cutoff sequence serially dependent
recent100,25,current_wait,100,6.83,6.488536044440225,-0.41759405074365663,DOWN,False,Never-seen waiting time excluded; completed gaps condition on completion; cutoff sequence serially dependent
recent100,25,mean_completed_gap,100,8.11567297688162,0.03080861076493608,1.1150922994319599,UP,False,Never-seen waiting time excluded; completed gaps condition on completion; cutoff sequence serially dependent
recent100,25,latest_completed_gap,100,5.83,5.122606758282349,-2.296537785588752,DOWN,False,Never-seen waiting time excluded; completed gaps condition on completion; cutoff sequence serially dependent
recent100,26,current_wait,100,5.66,4.748094354580583,-0.6402633889376643,DOWN,False,Never-seen waiting time excluded; completed gaps condition on completion; cutoff sequence serially dependent
recent100,26,mean_completed_gap,100,7.413903267297405,0.025305025414070263,0.47995269086705417,UP,False,Never-seen waiting time excluded; completed gaps condition on completion; cutoff sequence serially dependent
recent100,26,latest_completed_gap,100,7.93,5.291984504890391,0.8131282952548329,UP,False,Never-seen waiting time excluded; completed gaps condition on completion; cutoff sequence serially dependent
recent100,27,current_wait,100,4.24,4.692803000339989,-1.8729597197898418,DOWN,False,Never-seen waiting time excluded; completed gaps condition on completion; cutoff sequence serially dependent
recent100,27,mean_completed_gap,100,6.922479254121007,0.11173778367066078,0.08524403322231144,UP,False,Never-seen waiting time excluded; completed gaps condition on completion; cutoff sequence serially dependent
recent100,27,latest_completed_gap,100,5.21,3.8139087561188454,-1.4105083260297988,DOWN,False,Never-seen waiting time excluded; completed gaps condition on completion; cutoff sequence serially dependent
recent100,28,current_wait,100,4.79,4.092175460558845,-2.2225223613595704,DOWN,False,Never-seen waiting time excluded; completed gaps condition on completion; cutoff sequence serially dependent
recent100,28,mean_completed_gap,100,7.857304859321417,0.08367094031693328,-0.6087593591433844,DOWN,False,Never-seen waiting time excluded; completed gaps condition on completion; cutoff sequence serially dependent
recent100,28,latest_completed_gap,100,4.83,3.569467747437985,-3.599084380610412,DOWN,False,Never-seen waiting time excluded; completed gaps condition on completion; cutoff sequence serially dependent
recent100,29,current_wait,100,5.21,4.269180249181335,-1.8389510489510492,DOWN,False,Never-seen waiting time excluded; completed gaps condition on completion; cutoff sequence serially dependent
recent100,29,mean_completed_gap,100,7.99118767730878,0.03007778553628855,-0.13918832276751836,DOWN,False,Never-seen waiting time excluded; completed gaps condition on completion; cutoff sequence serially dependent
recent100,29,latest_completed_gap,100,6.26,4.83656903186546,-1.6189473684210531,DOWN,False,Never-seen waiting time excluded; completed gaps condition on completion; cutoff sequence serially dependent
recent100,30,current_wait,100,5.67,5.203950422515572,-1.4334180543382997,DOWN,False,Never-seen waiting time excluded; completed gaps condition on completion; cutoff sequence serially dependent
recent100,30,mean_completed_gap,100,7.824726752845266,0.02430138659319844,-0.06460719976279439,DOWN,False,Never-seen waiting time excluded; completed gaps condition on completion; cutoff sequence serially dependent
recent100,30,latest_completed_gap,100,5.31,3.068207946016697,-2.787797356828194,DOWN,False,Never-seen waiting time excluded; completed gaps condition on completion; cutoff sequence serially dependent
recent100,31,current_wait,100,4.04,3.7360942172273974,-1.8426619964973732,DOWN,False,Never-seen waiting time excluded; completed gaps condition on completion; cutoff sequence serially dependent
recent100,31,mean_completed_gap,100,7.399753923918372,0.040541196878166486,0.07629711232977243,UP,False,Never-seen waiting time excluded; completed gaps condition on completion; cutoff sequence serially dependent
recent100,31,latest_completed_gap,100,5.44,4.259859152601175,-1.621349693251533,DOWN,False,Never-seen waiting time excluded; completed gaps condition on completion; cutoff sequence serially dependent
recent100,32,current_wait,100,6.63,6.082195327346862,-0.8914348206474187,DOWN,False,Never-seen waiting time excluded; completed gaps condition on completion; cutoff sequence serially dependent
recent100,32,mean_completed_gap,100,8.547882632310875,0.03535746671754783,0.09683654892900506,UP,False,Never-seen waiting time excluded; completed gaps condition on completion; cutoff sequence serially dependent
recent100,32,latest_completed_gap,100,6.44,6.86777984504454,-1.6912056737588648,DOWN,False,Never-seen waiting time excluded; completed gaps condition on completion; cutoff sequence serially dependent
recent100,33,current_wait,100,5.65,4.412198998232061,-0.4889860139860138,DOWN,False,Never-seen waiting time excluded; completed gaps condition on completion; cutoff sequence serially dependent
recent100,33,mean_completed_gap,100,7.039407413426403,0.037081668553659575,-0.20944034044313042,DOWN,False,Never-seen waiting time excluded; completed gaps condition on completion; cutoff sequence serially dependent
recent100,33,latest_completed_gap,100,8.92,4.318981361386038,1.6239647577092509,UP,False,Never-seen waiting time excluded; completed gaps condition on completion; cutoff sequence serially dependent
recent100,34,current_wait,100,7.76,6.922600667379276,1.9279859278803864,UP,False,Never-seen waiting time excluded; completed gaps condition on completion; cutoff sequence serially dependent
recent100,34,mean_completed_gap,100,6.556739728861598,0.08252021473695595,-0.4356956639727487,DOWN,False,Never-seen waiting time excluded; completed gaps condition on completion; cutoff sequence serially dependent
recent100,34,latest_completed_gap,100,12.45,8.998194263295275,5.735842293906809,UP,False,Never-seen waiting time excluded; completed gaps condition on completion; cutoff sequence serially dependent
recent100,35,current_wait,100,5.07,4.060184724861665,-0.756086956521739,DOWN,False,Never-seen waiting time excluded; completed gaps condition on completion; cutoff sequence serially dependent
recent100,35,mean_completed_gap,100,7.490541465084341,0.025794185123650233,0.2255080772059923,UP,False,Never-seen waiting time excluded; completed gaps condition on completion; cutoff sequence serially dependent
recent100,35,latest_completed_gap,100,6.06,5.141633981527662,-1.0930886302596248,DOWN,False,Never-seen waiting time excluded; completed gaps condition on completion; cutoff sequence serially dependent
recent100,36,current_wait,100,3.76,2.939795911283639,-2.2734507042253522,DOWN,False,Never-seen waiting time excluded; completed gaps condition on completion; cutoff sequence serially dependent
recent100,36,mean_completed_gap,100,7.495503984309314,0.01865549172839792,0.608108306130962,UP,False,Never-seen waiting time excluded; completed gaps condition on completion; cutoff sequence serially dependent
recent100,36,latest_completed_gap,100,8.34,4.643748485867856,1.4167195767195766,UP,False,Never-seen waiting time excluded; completed gaps condition on completion; cutoff sequence serially dependent
recent100,37,current_wait,100,4.27,4.390569439150234,-1.7046503496503504,DOWN,False,Never-seen waiting time excluded; completed gaps condition on completion; cutoff sequence serially dependent
recent100,37,mean_completed_gap,100,7.142652863374506,0.03547796625482452,0.7987964807557759,UP,False,Never-seen waiting time excluded; completed gaps condition on completion; cutoff sequence serially dependent
recent100,37,latest_completed_gap,100,6.3,3.928103868280471,-0.9902374670184697,DOWN,False,Never-seen waiting time excluded; completed gaps condition on completion; cutoff sequence serially dependent
recent100,38,current_wait,100,5.23,4.983683376780672,-1.3124028268551235,DOWN,False,Never-seen waiting time excluded; completed gaps condition on completion; cutoff sequence serially dependent
recent100,38,mean_completed_gap,100,7.216915641847066,0.05974195453983812,-0.8120473366600152,DOWN,False,Never-seen waiting time excluded; completed gaps condition on completion; cutoff sequence serially dependent
recent100,38,latest_completed_gap,100,5.85,5.739991289191996,-2.1491142604074405,DOWN,False,Never-seen waiting time excluded; completed gaps condition on completion; cutoff sequence serially dependent
recent100,39,current_wait,100,5.88,8.533791654358572,-1.2695162708883023,DOWN,False,Never-seen waiting time excluded; completed gaps condition on completion; cutoff sequence serially dependent
recent100,39,mean_completed_gap,100,7.334749316118844,0.05160455846194681,0.3577940285813339,UP,False,Never-seen waiting time excluded; completed gaps condition on completion; cutoff sequence serially dependent
recent100,39,latest_completed_gap,100,8.46,9.378080827120227,1.207359154929578,UP,False,Never-seen waiting time excluded; completed gaps condition on completion; cutoff sequence serially dependent
recent100,40,current_wait,100,6,5.732364259186605,-0.9729020979020975,DOWN,False,Never-seen waiting time excluded; completed gaps condition on completion; cutoff sequence serially dependent
recent100,40,mean_completed_gap,100,7.094533489112318,0.032836288074881315,0.9554411060854955,UP,False,Never-seen waiting time excluded; completed gaps condition on completion; cutoff sequence serially dependent
recent100,40,latest_completed_gap,100,7.65,4.89157438868101,0.35289219982471565,UP,False,Never-seen waiting time excluded; completed gaps condition on completion; cutoff sequence serially dependent
recent100,41,current_wait,100,6.29,5.523214643665408,-0.3108771929824563,DOWN,False,Never-seen waiting time excluded; completed gaps condition on completion; cutoff sequence serially dependent
recent100,41,mean_completed_gap,100,8.241775601017792,0.0389239840547894,-0.38122453896260033,DOWN,False,Never-seen waiting time excluded; completed gaps condition on completion; cutoff sequence serially dependent
recent100,41,latest_completed_gap,100,8.29,4.946301648706839,-0.3100000000000005,DOWN,False,Never-seen waiting time excluded; completed gaps condition on completion; cutoff sequence serially dependent
recent100,42,current_wait,100,8.68,8.532150959752178,2.1979352580927385,UP,False,Never-seen waiting time excluded; completed gaps condition on completion; cutoff sequence serially dependent
recent100,42,mean_completed_gap,100,7.882710458208511,0.05507620643022613,0.5742233625388034,UP,False,Never-seen waiting time excluded; completed gaps condition on completion; cutoff sequence serially dependent
recent100,42,latest_completed_gap,100,8.76,9.151087367083761,0.8204732690622256,UP,False,Never-seen waiting time excluded; completed gaps condition on completion; cutoff sequence serially dependent
recent100,43,current_wait,100,7.93,6.294847099016782,1.6626820603907637,UP,False,Never-seen waiting time excluded; completed gaps condition on completion; cutoff sequence serially dependent
recent100,43,mean_completed_gap,100,7.288899441238204,0.08730253531527234,0.5075236580118805,UP,False,Never-seen waiting time excluded; completed gaps condition on completion; cutoff sequence serially dependent
recent100,43,latest_completed_gap,100,16.72,11.507458450935202,9.577270294380018,UP,False,Never-seen waiting time excluded; completed gaps condition on completion; cutoff sequence serially dependent
recent100,44,current_wait,100,6.54,6.158603737861367,0.11092511013215844,UP,False,Never-seen waiting time excluded; completed gaps condition on completion; cutoff sequence serially dependent
recent100,44,mean_completed_gap,100,7.471440285908766,0.04709939143084398,-0.009515506818937425,DOWN,False,Never-seen waiting time excluded; completed gaps condition on completion; cutoff sequence serially dependent
recent100,44,latest_completed_gap,100,7.04,7.15670315159152,0.04178571428571409,UP,False,Never-seen waiting time excluded; completed gaps condition on completion; cutoff sequence serially dependent
recent100,45,current_wait,100,7.02,6.376488061621381,0.8134686672550746,UP,False,Never-seen waiting time excluded; completed gaps condition on completion; cutoff sequence serially dependent
recent100,45,mean_completed_gap,100,6.957087434448511,0.04569315705797624,-0.6833683350069748,DOWN,False,Never-seen waiting time excluded; completed gaps condition on completion; cutoff sequence serially dependent
recent100,45,latest_completed_gap,100,7.78,5.722901362071515,0.8499364214350589,UP,False,Never-seen waiting time excluded; completed gaps condition on completion; cutoff sequence serially dependent
