target_round,source_status,recommendations_existed,cutoff,selection_reasons,exclusion_reasons,errorloop_status
1,SOURCE NOT FOUND,UNKNOWN,,NOT RECORDED,NOT RECORDED,NOT EXECUTED; no authentic contemporaneous source
2,SOURCE NOT FOUND,UNKNOWN,,NOT RECORDED,NOT RECORDED,NOT EXECUTED; no authentic contemporaneous source
3,SOURCE NOT FOUND,UNKNOWN,,NOT RECORDED,NOT RECORDED,NOT EXECUTED; no authentic contemporaneous source
4,SOURCE NOT FOUND,UNKNOWN,,NOT RECORDED,NOT RECORDED,NOT EXECUTED; no authentic contemporaneous source
5,SOURCE NOT FOUND,UNKNOWN,,NOT RECORDED,NOT RECORDED,NOT EXECUTED; no authentic contemporaneous source
6,SOURCE NOT FOUND,UNKNOWN,,NOT RECORDED,NOT RECORDED,NOT EXECUTED; no authentic contemporaneous source
7,SOURCE NOT FOUND,UNKNOWN,,NOT RECORDED,NOT RECORDED,NOT EXECUTED; no authentic contemporaneous source
8,SOURCE NOT FOUND,UNKNOWN,,NOT RECORDED,NOT RECORDED,NOT EXECUTED; no authentic contemporaneous source
9,SOURCE NOT FOUND,UNKNOWN,,NOT RECORDED,NOT RECORDED,NOT EXECUTED; no authentic contemporaneous source
10,SOURCE NOT FOUND,UNKNOWN,,NOT RECORDED,NOT RECORDED,NOT EXECUTED; no authentic contemporaneous source
11,SOURCE NOT FOUND,UNKNOWN,,NOT RECORDED,NOT RECORDED,NOT EXECUTED; no authentic contemporaneous source
12,SOURCE NOT FOUND,UNKNOWN,,NOT RECORDED,NOT RECORDED,NOT EXECUTED; no authentic contemporaneous source
13,SOURCE NOT FOUND,UNKNOWN,,NOT RECORDED,NOT RECORDED,NOT EXECUTED; no authentic contemporaneous source
14,SOURCE NOT FOUND,UNKNOWN,,NOT RECORDED,NOT RECORDED,NOT EXECUTED; no authentic contemporaneous source
15,SOURCE NOT FOUND,UNKNOWN,,NOT RECORDED,NOT RECORDED,NOT EXECUTED; no authentic contemporaneous source
16,SOURCE NOT FOUND,UNKNOWN,,NOT RECORDED,NOT RECORDED,NOT EXECUTED; no authentic contemporaneous source
17,SOURCE NOT FOUND,UNKNOWN,,NOT RECORDED,NOT RECORDED,NOT EXECUTED; no authentic contemporaneous source
18,SOURCE NOT FOUND,UNKNOWN,,NOT RECORDED,NOT RECORDED,NOT EXECUTED; no authentic contemporaneous source
19,SOURCE NOT FOUND,UNKNOWN,,NOT RECORDED,NOT RECORDED,NOT EXECUTED; no authentic contemporaneous source
20,SOURCE NOT FOUND,UNKNOWN,,NOT RECORDED,NOT RECORDED,NOT EXECUTED; no authentic contemporaneous source
21,SOURCE NOT FOUND,UNKNOWN,,NOT RECORDED,NOT RECORDED,NOT EXECUTED; no authentic contemporaneous source
22,SOURCE NOT FOUND,UNKNOWN,,NOT RECORDED,NOT RECORDED,NOT EXECUTED; no authentic contemporaneous source
23,SOURCE NOT FOUND,UNKNOWN,,NOT RECORDED,NOT RECORDED,NOT EXECUTED; no authentic contemporaneous source
24,SOURCE NOT FOUND,UNKNOWN,,NOT RECORDED,NOT RECORDED,NOT EXECUTED; no authentic contemporaneous source
25,SOURCE NOT FOUND,UNKNOWN,,NOT RECORDED,NOT RECORDED,NOT EXECUTED; no authentic contemporaneous source
26,SOURCE NOT FOUND,UNKNOWN,,NOT RECORDED,NOT RECORDED,NOT EXECUTED; no authentic contemporaneous source
27,SOURCE NOT FOUND,UNKNOWN,,NOT RECORDED,NOT RECORDED,NOT EXECUTED; no authentic contemporaneous source
28,SOURCE NOT FOUND,UNKNOWN,,NOT RECORDED,NOT RECORDED,NOT EXECUTED; no authentic contemporaneous source
29,SOURCE NOT FOUND,UNKNOWN,,NOT RECORDED,NOT RECORDED,NOT EXECUTED; no authentic contemporaneous source
30,SOURCE NOT FOUND,UNKNOWN,,NOT RECORDED,NOT RECORDED,NOT EXECUTED; no authentic contemporaneous source
31,SOURCE NOT FOUND,UNKNOWN,,NOT RECORDED,NOT RECORDED,NOT EXECUTED; no authentic contemporaneous source
32,SOURCE NOT FOUND,UNKNOWN,,NOT RECORDED,NOT RECORDED,NOT EXECUTED; no authentic contemporaneous source
33,SOURCE NOT FOUND,UNKNOWN,,NOT RECORDED,NOT RECORDED,NOT EXECUTED; no authentic contemporaneous source
34,SOURCE NOT FOUND,UNKNOWN,,NOT RECORDED,NOT RECORDED,NOT EXECUTED; no authentic contemporaneous source
35,SOURCE NOT FOUND,UNKNOWN,,NOT RECORDED,NOT RECORDED,NOT EXECUTED; no authentic contemporaneous source
36,SOURCE NOT FOUND,UNKNOWN,,NOT RECORDED,NOT RECORDED,NOT EXECUTED; no authentic contemporaneous source
37,SOURCE NOT FOUND,UNKNOWN,,NOT RECORDED,NOT RECORDED,NOT EXECUTED; no authentic contemporaneous source
38,SOURCE NOT FOUND,UNKNOWN,,NOT RECORDED,NOT RECORDED,NOT EXECUTED; no authentic contemporaneous source
39,SOURCE NOT FOUND,UNKNOWN,,NOT RECORDED,NOT RECORDED,NOT EXECUTED; no authentic contemporaneous source
40,SOURCE NOT FOUND,UNKNOWN,,NOT RECORDED,NOT RECORDED,NOT EXECUTED; no authentic contemporaneous source
41,SOURCE NOT FOUND,UNKNOWN,,NOT RECORDED,NOT RECORDED,NOT EXECUTED; no authentic contemporaneous source
42,SOURCE NOT FOUND,UNKNOWN,,NOT RECORDED,NOT RECORDED,NOT EXECUTED; no authentic contemporaneous source
43,SOURCE NOT FOUND,UNKNOWN,,NOT RECORDED,NOT RECORDED,NOT EXECUTED; no authentic contemporaneous source
44,SOURCE NOT FOUND,UNKNOWN,,NOT RECORDED,NOT RECORDED,NOT EXECUTED; no authentic contemporaneous source
45,SOURCE NOT FOUND,UNKNOWN,,NOT RECORDED,NOT RECORDED,NOT EXECUTED; no authentic contemporaneous source
46,SOURCE NOT FOUND,UNKNOWN,,NOT RECORDED,NOT RECORDED,NOT EXECUTED; no authentic contemporaneous source
47,SOURCE NOT FOUND,UNKNOWN,,NOT RECORDED,NOT RECORDED,NOT EXECUTED; no authentic contemporaneous source
48,SOURCE NOT FOUND,UNKNOWN,,NOT RECORDED,NOT RECORDED,NOT EXECUTED; no authentic contemporaneous source
49,SOURCE NOT FOUND,UNKNOWN,,NOT RECORDED,NOT RECORDED,NOT EXECUTED; no authentic contemporaneous source
50,SOURCE NOT FOUND,UNKNOWN,,NOT RECORDED,NOT RECORDED,NOT EXECUTED; no authentic contemporaneous source
51,SOURCE NOT FOUND,UNKNOWN,,NOT RECORDED,NOT RECORDED,NOT EXECUTED; no authentic contemporaneous source
52,SOURCE NOT FOUND,UNKNOWN,,NOT RECORDED,NOT RECORDED,NOT EXECUTED; no authentic contemporaneous source
53,SOURCE NOT FOUND,UNKNOWN,,NOT RECORDED,NOT RECORDED,NOT EXECUTED; no authentic contemporaneous source
54,SOURCE NOT FOUND,UNKNOWN,,NOT RECORDED,NOT RECORDED,NOT EXECUTED; no authentic contemporaneous source
55,SOURCE NOT FOUND,UNKNOWN,,NOT RECORDED,NOT RECORDED,NOT EXECUTED; no authentic contemporaneous source
56,SOURCE NOT FOUND,UNKNOWN,,NOT RECORDED,NOT RECORDED,NOT EXECUTED; no authentic contemporaneous source
57,SOURCE NOT FOUND,UNKNOWN,,NOT RECORDED,NOT RECORDED,NOT EXECUTED; no authentic contemporaneous source
58,SOURCE NOT FOUND,UNKNOWN,,NOT RECORDED,NOT RECORDED,NOT EXECUTED; no authentic contemporaneous source
59,SOURCE NOT FOUND,UNKNOWN,,NOT RECORDED,NOT RECORDED,NOT EXECUTED; no authentic contemporaneous source
60,SOURCE NOT FOUND,UNKNOWN,,NOT RECORDED,NOT RECORDED,NOT EXECUTED; no authentic contemporaneous source
61,SOURCE NOT FOUND,UNKNOWN,,NOT RECORDED,NOT RECORDED,NOT EXECUTED; no authentic contemporaneous source
62,SOURCE NOT FOUND,UNKNOWN,,NOT RECORDED,NOT RECORDED,NOT EXECUTED; no authentic contemporaneous source
63,SOURCE NOT FOUND,UNKNOWN,,NOT RECORDED,NOT RECORDED,NOT EXECUTED; no authentic contemporaneous source
64,SOURCE NOT FOUND,UNKNOWN,,NOT RECORDED,NOT RECORDED,NOT EXECUTED; no authentic contemporaneous source
65,SOURCE NOT FOUND,UNKNOWN,,NOT RECORDED,NOT RECORDED,NOT EXECUTED; no authentic contemporaneous source
66,SOURCE NOT FOUND,UNKNOWN,,NOT RECORDED,NOT RECORDED,NOT EXECUTED; no authentic contemporaneous source
67,SOURCE NOT FOUND,UNKNOWN,,NOT RECORDED,NOT RECORDED,NOT EXECUTED; no authentic contemporaneous source
68,SOURCE NOT FOUND,UNKNOWN,,NOT RECORDED,NOT RECORDED,NOT EXECUTED; no authentic contemporaneous source
69,SOURCE NOT FOUND,UNKNOWN,,NOT RECORDED,NOT RECORDED,NOT EXECUTED; no authentic contemporaneous source
70,SOURCE NOT FOUND,UNKNOWN,,NOT RECORDED,NOT RECORDED,NOT EXECUTED; no authentic contemporaneous source
71,SOURCE NOT FOUND,UNKNOWN,,NOT RECORDED,NOT RECORDED,NOT EXECUTED; no authentic contemporaneous source
72,SOURCE NOT FOUND,UNKNOWN,,NOT RECORDED,NOT RECORDED,NOT EXECUTED; no authentic contemporaneous source
73,SOURCE NOT FOUND,UNKNOWN,,NOT RECORDED,NOT RECORDED,NOT EXECUTED; no authentic contemporaneous source
74,SOURCE NOT FOUND,UNKNOWN,,NOT RECORDED,NOT RECORDED,NOT EXECUTED; no authentic contemporaneous source
75,SOURCE NOT FOUND,UNKNOWN,,NOT RECORDED,NOT RECORDED,NOT EXECUTED; no authentic contemporaneous source
76,SOURCE NOT FOUND,UNKNOWN,,NOT RECORDED,NOT RECORDED,NOT EXECUTED; no authentic contemporaneous source
77,SOURCE NOT FOUND,UNKNOWN,,NOT RECORDED,NOT RECORDED,NOT EXECUTED; no authentic contemporaneous source
78,SOURCE NOT FOUND,UNKNOWN,,NOT RECORDED,NOT RECORDED,NOT EXECUTED; no authentic contemporaneous source
79,SOURCE NOT FOUND,UNKNOWN,,NOT RECORDED,NOT RECORDED,NOT EXECUTED; no authentic contemporaneous source
80,SOURCE NOT FOUND,UNKNOWN,,NOT RECORDED,NOT RECORDED,NOT EXECUTED; no authentic contemporaneous source
81,SOURCE NOT FOUND,UNKNOWN,,NOT RECORDED,NOT RECORDED,NOT EXECUTED; no authentic contemporaneous source
82,SOURCE NOT FOUND,UNKNOWN,,NOT RECORDED,NOT RECORDED,NOT EXECUTED; no authentic contemporaneous source
83,SOURCE NOT FOUND,UNKNOWN,,NOT RECORDED,NOT RECORDED,NOT EXECUTED; no authentic contemporaneous source
84,SOURCE NOT FOUND,UNKNOWN,,NOT RECORDED,NOT RECORDED,NOT EXECUTED; no authentic contemporaneous source
85,SOURCE NOT FOUND,UNKNOWN,,NOT RECORDED,NOT RECORDED,NOT EXECUTED; no authentic contemporaneous source
86,SOURCE NOT FOUND,UNKNOWN,,NOT RECORDED,NOT RECORDED,NOT EXECUTED; no authentic contemporaneous source
87,SOURCE NOT FOUND,UNKNOWN,,NOT RECORDED,NOT RECORDED,NOT EXECUTED; no authentic contemporaneous source
88,SOURCE NOT FOUND,UNKNOWN,,NOT RECORDED,NOT RECORDED,NOT EXECUTED; no authentic contemporaneous source
89,SOURCE NOT FOUND,UNKNOWN,,NOT RECORDED,NOT RECORDED,NOT EXECUTED; no authentic contemporaneous source
90,SOURCE NOT FOUND,UNKNOWN,,NOT RECORDED,NOT RECORDED,NOT EXECUTED; no authentic contemporaneous source
91,SOURCE NOT FOUND,UNKNOWN,,NOT RECORDED,NOT RECORDED,NOT EXECUTED; no authentic contemporaneous source
92,SOURCE NOT FOUND,UNKNOWN,,NOT RECORDED,NOT RECORDED,NOT EXECUTED; no authentic contemporaneous source
93,SOURCE NOT FOUND,UNKNOWN,,NOT RECORDED,NOT RECORDED,NOT EXECUTED; no authentic contemporaneous source
94,SOURCE NOT FOUND,UNKNOWN,,NOT RECORDED,NOT RECORDED,NOT EXECUTED; no authentic contemporaneous source
95,SOURCE NOT FOUND,UNKNOWN,,NOT RECORDED,NOT RECORDED,NOT EXECUTED; no authentic contemporaneous source
96,SOURCE NOT FOUND,UNKNOWN,,NOT RECORDED,NOT RECORDED,NOT EXECUTED; no authentic contemporaneous source
97,SOURCE NOT FOUND,UNKNOWN,,NOT RECORDED,NOT RECORDED,NOT EXECUTED; no authentic contemporaneous source
98,SOURCE NOT FOUND,UNKNOWN,,NOT RECORDED,NOT RECORDED,NOT EXECUTED; no authentic contemporaneous source
99,SOURCE NOT FOUND,UNKNOWN,,NOT RECORDED,NOT RECORDED,NOT EXECUTED; no authentic contemporaneous source
100,SOURCE NOT FOUND,UNKNOWN,,NOT RECORDED,NOT RECORDED,NOT EXECUTED; no authentic contemporaneous source
101,SOURCE NOT FOUND,UNKNOWN,,NOT RECORDED,NOT RECORDED,NOT EXECUTED; no authentic contemporaneous source
102,SOURCE NOT FOUND,UNKNOWN,,NOT RECORDED,NOT RECORDED,NOT EXECUTED; no authentic contemporaneous source
103,SOURCE NOT FOUND,UNKNOWN,,NOT RECORDED,NOT RECORDED,NOT EXECUTED; no authentic contemporaneous source
104,SOURCE NOT FOUND,UNKNOWN,,NOT RECORDED,NOT RECORDED,NOT EXECUTED; no authentic contemporaneous source
105,SOURCE NOT FOUND,UNKNOWN,,NOT RECORDED,NOT RECORDED,NOT EXECUTED; no authentic contemporaneous source
106,SOURCE NOT FOUND,UNKNOWN,,NOT RECORDED,NOT RECORDED,NOT EXECUTED; no authentic contemporaneous source
107,SOURCE NOT FOUND,UNKNOWN,,NOT RECORDED,NOT RECORDED,NOT EXECUTED; no authentic contemporaneous source
108,SOURCE NOT FOUND,UNKNOWN,,NOT RECORDED,NOT RECORDED,NOT EXECUTED; no authentic contemporaneous source
109,SOURCE NOT FOUND,UNKNOWN,,NOT RECORDED,NOT RECORDED,NOT EXECUTED; no authentic contemporaneous source
110,SOURCE NOT FOUND,UNKNOWN,,NOT RECORDED,NOT RECORDED,NOT EXECUTED; no authentic contemporaneous source
111,SOURCE NOT FOUND,UNKNOWN,,NOT RECORDED,NOT RECORDED,NOT EXECUTED; no authentic contemporaneous source
112,SOURCE NOT FOUND,UNKNOWN,,NOT RECORDED,NOT RECORDED,NOT EXECUTED; no authentic contemporaneous source
113,SOURCE NOT FOUND,UNKNOWN,,NOT RECORDED,NOT RECORDED,NOT EXECUTED; no authentic contemporaneous source
114,SOURCE NOT FOUND,UNKNOWN,,NOT RECORDED,NOT RECORDED,NOT EXECUTED; no authentic contemporaneous source
115,SOURCE NOT FOUND,UNKNOWN,,NOT RECORDED,NOT RECORDED,NOT EXECUTED; no authentic contemporaneous source
116,SOURCE NOT FOUND,UNKNOWN,,NOT RECORDED,NOT RECORDED,NOT EXECUTED; no authentic contemporaneous source
117,SOURCE NOT FOUND,UNKNOWN,,NOT RECORDED,NOT RECORDED,NOT EXECUTED; no authentic contemporaneous source
118,SOURCE NOT FOUND,UNKNOWN,,NOT RECORDED,NOT RECORDED,NOT EXECUTED; no authentic contemporaneous source
119,SOURCE NOT FOUND,UNKNOWN,,NOT RECORDED,NOT RECORDED,NOT EXECUTED; no authentic contemporaneous source
120,SOURCE NOT FOUND,UNKNOWN,,NOT RECORDED,NOT RECORDED,NOT EXECUTED; no authentic contemporaneous source
121,SOURCE NOT FOUND,UNKNOWN,,NOT RECORDED,NOT RECORDED,NOT EXECUTED; no authentic contemporaneous source
122,SOURCE NOT FOUND,UNKNOWN,,NOT RECORDED,NOT RECORDED,NOT EXECUTED; no authentic contemporaneous source
123,SOURCE NOT FOUND,UNKNOWN,,NOT RECORDED,NOT RECORDED,NOT EXECUTED; no authentic contemporaneous source
124,SOURCE NOT FOUND,UNKNOWN,,NOT RECORDED,NOT RECORDED,NOT EXECUTED; no authentic contemporaneous source
125,SOURCE NOT FOUND,UNKNOWN,,NOT RECORDED,NOT RECORDED,NOT EXECUTED; no authentic contemporaneous source
126,SOURCE NOT FOUND,UNKNOWN,,NOT RECORDED,NOT RECORDED,NOT EXECUTED; no authentic contemporaneous source
127,SOURCE NOT FOUND,UNKNOWN,,NOT RECORDED,NOT RECORDED,NOT EXECUTED; no authentic contemporaneous source
128,SOURCE NOT FOUND,UNKNOWN,,NOT RECORDED,NOT RECORDED,NOT EXECUTED; no authentic contemporaneous source
129,SOURCE NOT FOUND,UNKNOWN,,NOT RECORDED,NOT RECORDED,NOT EXECUTED; no authentic contemporaneous source
130,SOURCE NOT FOUND,UNKNOWN,,NOT RECORDED,NOT RECORDED,NOT EXECUTED; no authentic contemporaneous source
131,SOURCE NOT FOUND,UNKNOWN,,NOT RECORDED,NOT RECORDED,NOT EXECUTED; no authentic contemporaneous source
132,SOURCE NOT FOUND,UNKNOWN,,NOT RECORDED,NOT RECORDED,NOT EXECUTED; no authentic contemporaneous source
133,SOURCE NOT FOUND,UNKNOWN,,NOT RECORDED,NOT RECORDED,NOT EXECUTED; no authentic contemporaneous source
134,SOURCE NOT FOUND,UNKNOWN,,NOT RECORDED,NOT RECORDED,NOT EXECUTED; no authentic contemporaneous source
135,SOURCE NOT FOUND,UNKNOWN,,NOT RECORDED,NOT RECORDED,NOT EXECUTED; no authentic contemporaneous source
136,SOURCE NOT FOUND,UNKNOWN,,NOT RECORDED,NOT RECORDED,NOT EXECUTED; no authentic contemporaneous source
137,SOURCE NOT FOUND,UNKNOWN,,NOT RECORDED,NOT RECORDED,NOT EXECUTED; no authentic contemporaneous source
138,SOURCE NOT FOUND,UNKNOWN,,NOT RECORDED,NOT RECORDED,NOT EXECUTED; no authentic contemporaneous source
139,SOURCE NOT FOUND,UNKNOWN,,NOT RECORDED,NOT RECORDED,NOT EXECUTED; no authentic contemporaneous source
140,SOURCE NOT FOUND,UNKNOWN,,NOT RECORDED,NOT RECORDED,NOT EXECUTED; no authentic contemporaneous source
141,SOURCE NOT FOUND,UNKNOWN,,NOT RECORDED,NOT RECORDED,NOT EXECUTED; no authentic contemporaneous source
142,SOURCE NOT FOUND,UNKNOWN,,NOT RECORDED,NOT RECORDED,NOT EXECUTED; no authentic contemporaneous source
143,SOURCE NOT FOUND,UNKNOWN,,NOT RECORDED,NOT RECORDED,NOT EXECUTED; no authentic contemporaneous source
144,SOURCE NOT FOUND,UNKNOWN,,NOT RECORDED,NOT RECORDED,NOT EXECUTED; no authentic contemporaneous source
145,SOURCE NOT FOUND,UNKNOWN,,NOT RECORDED,NOT RECORDED,NOT EXECUTED; no authentic contemporaneous source
146,SOURCE NOT FOUND,UNKNOWN,,NOT RECORDED,NOT RECORDED,NOT EXECUTED; no authentic contemporaneous source
147,SOURCE NOT FOUND,UNKNOWN,,NOT RECORDED,NOT RECORDED,NOT EXECUTED; no authentic contemporaneous source
148,SOURCE NOT FOUND,UNKNOWN,,NOT RECORDED,NOT RECORDED,NOT EXECUTED; no authentic contemporaneous source
149,SOURCE NOT FOUND,UNKNOWN,,NOT RECORDED,NOT RECORDED,NOT EXECUTED; no authentic contemporaneous source
150,SOURCE NOT FOUND,UNKNOWN,,NOT RECORDED,NOT RECORDED,NOT EXECUTED; no authentic contemporaneous source
151,SOURCE NOT FOUND,UNKNOWN,,NOT RECORDED,NOT RECORDED,NOT EXECUTED; no authentic contemporaneous source
152,SOURCE NOT FOUND,UNKNOWN,,NOT RECORDED,NOT RECORDED,NOT EXECUTED; no authentic contemporaneous source
153,SOURCE NOT FOUND,UNKNOWN,,NOT RECORDED,NOT RECORDED,NOT EXECUTED; no authentic contemporaneous source
154,SOURCE NOT FOUND,UNKNOWN,,NOT RECORDED,NOT RECORDED,NOT EXECUTED; no authentic contemporaneous source
155,SOURCE NOT FOUND,UNKNOWN,,NOT RECORDED,NOT RECORDED,NOT EXECUTED; no authentic contemporaneous source
156,SOURCE NOT FOUND,UNKNOWN,,NOT RECORDED,NOT RECORDED,NOT EXECUTED; no authentic contemporaneous source
157,SOURCE NOT FOUND,UNKNOWN,,NOT RECORDED,NOT RECORDED,NOT EXECUTED; no authentic contemporaneous source
158,SOURCE NOT FOUND,UNKNOWN,,NOT RECORDED,NOT RECORDED,NOT EXECUTED; no authentic contemporaneous source
159,SOURCE NOT FOUND,UNKNOWN,,NOT RECORDED,NOT RECORDED,NOT EXECUTED; no authentic contemporaneous source
160,SOURCE NOT FOUND,UNKNOWN,,NOT RECORDED,NOT RECORDED,NOT EXECUTED; no authentic contemporaneous source
161,SOURCE NOT FOUND,UNKNOWN,,NOT RECORDED,NOT RECORDED,NOT EXECUTED; no authentic contemporaneous source
162,SOURCE NOT FOUND,UNKNOWN,,NOT RECORDED,NOT RECORDED,NOT EXECUTED; no authentic contemporaneous source
163,SOURCE NOT FOUND,UNKNOWN,,NOT RECORDED,NOT RECORDED,NOT EXECUTED; no authentic contemporaneous source
164,SOURCE NOT FOUND,UNKNOWN,,NOT RECORDED,NOT RECORDED,NOT EXECUTED; no authentic contemporaneous source
165,SOURCE NOT FOUND,UNKNOWN,,NOT RECORDED,NOT RECORDED,NOT EXECUTED; no authentic contemporaneous source
166,SOURCE NOT FOUND,UNKNOWN,,NOT RECORDED,NOT RECORDED,NOT EXECUTED; no authentic contemporaneous source
167,SOURCE NOT FOUND,UNKNOWN,,NOT RECORDED,NOT RECORDED,NOT EXECUTED; no authentic contemporaneous source
168,SOURCE NOT FOUND,UNKNOWN,,NOT RECORDED,NOT RECORDED,NOT EXECUTED; no authentic contemporaneous source
169,SOURCE NOT FOUND,UNKNOWN,,NOT RECORDED,NOT RECORDED,NOT EXECUTED; no authentic contemporaneous source
170,SOURCE NOT FOUND,UNKNOWN,,NOT RECORDED,NOT RECORDED,NOT EXECUTED; no authentic contemporaneous source
171,SOURCE NOT FOUND,UNKNOWN,,NOT RECORDED,NOT RECORDED,NOT EXECUTED; no authentic contemporaneous source
172,SOURCE NOT FOUND,UNKNOWN,,NOT RECORDED,NOT RECORDED,NOT EXECUTED; no authentic contemporaneous source
173,SOURCE NOT FOUND,UNKNOWN,,NOT RECORDED,NOT RECORDED,NOT EXECUTED; no authentic contemporaneous source
174,SOURCE NOT FOUND,UNKNOWN,,NOT RECORDED,NOT RECORDED,NOT EXECUTED; no authentic contemporaneous source
175,SOURCE NOT FOUND,UNKNOWN,,NOT RECORDED,NOT RECORDED,NOT EXECUTED; no authentic contemporaneous source
176,SOURCE NOT FOUND,UNKNOWN,,NOT RECORDED,NOT RECORDED,NOT EXECUTED; no authentic contemporaneous source
177,SOURCE NOT FOUND,UNKNOWN,,NOT RECORDED,NOT RECORDED,NOT EXECUTED; no authentic contemporaneous source
178,SOURCE NOT FOUND,UNKNOWN,,NOT RECORDED,NOT RECORDED,NOT EXECUTED; no authentic contemporaneous source
179,SOURCE NOT FOUND,UNKNOWN,,NOT RECORDED,NOT RECORDED,NOT EXECUTED; no authentic contemporaneous source
180,SOURCE NOT FOUND,UNKNOWN,,NOT RECORDED,NOT RECORDED,NOT EXECUTED; no authentic contemporaneous source
181,SOURCE NOT FOUND,UNKNOWN,,NOT RECORDED,NOT RECORDED,NOT EXECUTED; no authentic contemporaneous source
182,SOURCE NOT FOUND,UNKNOWN,,NOT RECORDED,NOT RECORDED,NOT EXECUTED; no authentic contemporaneous source
183,SOURCE NOT FOUND,UNKNOWN,,NOT RECORDED,NOT RECORDED,NOT EXECUTED; no authentic contemporaneous source
184,SOURCE NOT FOUND,UNKNOWN,,NOT RECORDED,NOT RECORDED,NOT EXECUTED; no authentic contemporaneous source
185,SOURCE NOT FOUND,UNKNOWN,,NOT RECORDED,NOT RECORDED,NOT EXECUTED; no authentic contemporaneous source
186,SOURCE NOT FOUND,UNKNOWN,,NOT RECORDED,NOT RECORDED,NOT EXECUTED; no authentic contemporaneous source
187,SOURCE NOT FOUND,UNKNOWN,,NOT RECORDED,NOT RECORDED,NOT EXECUTED; no authentic contemporaneous source
188,SOURCE NOT FOUND,UNKNOWN,,NOT RECORDED,NOT RECORDED,NOT EXECUTED; no authentic contemporaneous source
189,SOURCE NOT FOUND,UNKNOWN,,NOT RECORDED,NOT RECORDED,NOT EXECUTED; no authentic contemporaneous source
190,SOURCE NOT FOUND,UNKNOWN,,NOT RECORDED,NOT RECORDED,NOT EXECUTED; no authentic contemporaneous source
191,SOURCE NOT FOUND,UNKNOWN,,NOT RECORDED,NOT RECORDED,NOT EXECUTED; no authentic contemporaneous source
192,SOURCE NOT FOUND,UNKNOWN,,NOT RECORDED,NOT RECORDED,NOT EXECUTED; no authentic contemporaneous source
193,SOURCE NOT FOUND,UNKNOWN,,NOT RECORDED,NOT RECORDED,NOT EXECUTED; no authentic contemporaneous source
194,SOURCE NOT FOUND,UNKNOWN,,NOT RECORDED,NOT RECORDED,NOT EXECUTED; no authentic contemporaneous source
195,SOURCE NOT FOUND,UNKNOWN,,NOT RECORDED,NOT RECORDED,NOT EXECUTED; no authentic contemporaneous source
196,SOURCE NOT FOUND,UNKNOWN,,NOT RECORDED,NOT RECORDED,NOT EXECUTED; no authentic contemporaneous source
197,SOURCE NOT FOUND,UNKNOWN,,NOT RECORDED,NOT RECORDED,NOT EXECUTED; no authentic contemporaneous source
198,SOURCE NOT FOUND,UNKNOWN,,NOT RECORDED,NOT RECORDED,NOT EXECUTED; no authentic contemporaneous source
199,SOURCE NOT FOUND,UNKNOWN,,NOT RECORDED,NOT RECORDED,NOT EXECUTED; no authentic contemporaneous source
200,SOURCE NOT FOUND,UNKNOWN,,NOT RECORDED,NOT RECORDED,NOT EXECUTED; no authentic contemporaneous source
201,SOURCE NOT FOUND,UNKNOWN,,NOT RECORDED,NOT RECORDED,NOT EXECUTED; no authentic contemporaneous source
202,SOURCE NOT FOUND,UNKNOWN,,NOT RECORDED,NOT RECORDED,NOT EXECUTED; no authentic contemporaneous source
203,SOURCE NOT FOUND,UNKNOWN,,NOT RECORDED,NOT RECORDED,NOT EXECUTED; no authentic contemporaneous source
204,SOURCE NOT FOUND,UNKNOWN,,NOT RECORDED,NOT RECORDED,NOT EXECUTED; no authentic contemporaneous source
205,SOURCE NOT FOUND,UNKNOWN,,NOT RECORDED,NOT RECORDED,NOT EXECUTED; no authentic contemporaneous source
206,SOURCE NOT FOUND,UNKNOWN,,NOT RECORDED,NOT RECORDED,NOT EXECUTED; no authentic contemporaneous source
207,SOURCE NOT FOUND,UNKNOWN,,NOT RECORDED,NOT RECORDED,NOT EXECUTED; no authentic contemporaneous source
208,SOURCE NOT FOUND,UNKNOWN,,NOT RECORDED,NOT RECORDED,NOT EXECUTED; no authentic contemporaneous source
209,SOURCE NOT FOUND,UNKNOWN,,NOT RECORDED,NOT RECORDED,NOT EXECUTED; no authentic contemporaneous source
210,SOURCE NOT FOUND,UNKNOWN,,NOT RECORDED,NOT RECORDED,NOT EXECUTED; no authentic contemporaneous source
211,SOURCE NOT FOUND,UNKNOWN,,NOT RECORDED,NOT RECORDED,NOT EXECUTED; no authentic contemporaneous source
212,SOURCE NOT FOUND,UNKNOWN,,NOT RECORDED,NOT RECORDED,NOT EXECUTED; no authentic contemporaneous source
213,SOURCE NOT FOUND,UNKNOWN,,NOT RECORDED,NOT RECORDED,NOT EXECUTED; no authentic contemporaneous source
214,SOURCE NOT FOUND,UNKNOWN,,NOT RECORDED,NOT RECORDED,NOT EXECUTED; no authentic contemporaneous source
215,SOURCE NOT FOUND,UNKNOWN,,NOT RECORDED,NOT RECORDED,NOT EXECUTED; no authentic contemporaneous source
216,SOURCE NOT FOUND,UNKNOWN,,NOT RECORDED,NOT RECORDED,NOT EXECUTED; no authentic contemporaneous source
217,SOURCE NOT FOUND,UNKNOWN,,NOT RECORDED,NOT RECORDED,NOT EXECUTED; no authentic contemporaneous source
218,SOURCE NOT FOUND,UNKNOWN,,NOT RECORDED,NOT RECORDED,NOT EXECUTED; no authentic contemporaneous source
219,SOURCE NOT FOUND,UNKNOWN,,NOT RECORDED,NOT RECORDED,NOT EXECUTED; no authentic contemporaneous source
220,SOURCE NOT FOUND,UNKNOWN,,NOT RECORDED,NOT RECORDED,NOT EXECUTED; no authentic contemporaneous source
221,SOURCE NOT FOUND,UNKNOWN,,NOT RECORDED,NOT RECORDED,NOT EXECUTED; no authentic contemporaneous source
222,SOURCE NOT FOUND,UNKNOWN,,NOT RECORDED,NOT RECORDED,NOT EXECUTED; no authentic contemporaneous source
223,SOURCE NOT FOUND,UNKNOWN,,NOT RECORDED,NOT RECORDED,NOT EXECUTED; no authentic contemporaneous source
224,SOURCE NOT FOUND,UNKNOWN,,NOT RECORDED,NOT RECORDED,NOT EXECUTED; no authentic contemporaneous source
225,SOURCE NOT FOUND,UNKNOWN,,NOT RECORDED,NOT RECORDED,NOT EXECUTED; no authentic contemporaneous source
226,SOURCE NOT FOUND,UNKNOWN,,NOT RECORDED,NOT RECORDED,NOT EXECUTED; no authentic contemporaneous source
227,SOURCE NOT FOUND,UNKNOWN,,NOT RECORDED,NOT RECORDED,NOT EXECUTED; no authentic contemporaneous source
228,SOURCE NOT FOUND,UNKNOWN,,NOT RECORDED,NOT RECORDED,NOT EXECUTED; no authentic contemporaneous source
229,SOURCE NOT FOUND,UNKNOWN,,NOT RECORDED,NOT RECORDED,NOT EXECUTED; no authentic contemporaneous source
230,SOURCE NOT FOUND,UNKNOWN,,NOT RECORDED,NOT RECORDED,NOT EXECUTED; no authentic contemporaneous source
231,SOURCE NOT FOUND,UNKNOWN,,NOT RECORDED,NOT RECORDED,NOT EXECUTED; no authentic contemporaneous source
232,SOURCE NOT FOUND,UNKNOWN,,NOT RECORDED,NOT RECORDED,NOT EXECUTED; no authentic contemporaneous source
233,SOURCE NOT FOUND,UNKNOWN,,NOT RECORDED,NOT RECORDED,NOT EXECUTED; no authentic contemporaneous source
234,SOURCE NOT FOUND,UNKNOWN,,NOT RECORDED,NOT RECORDED,NOT EXECUTED; no authentic contemporaneous source
235,SOURCE NOT FOUND,UNKNOWN,,NOT RECORDED,NOT RECORDED,NOT EXECUTED; no authentic contemporaneous source
236,SOURCE NOT FOUND,UNKNOWN,,NOT RECORDED,NOT RECORDED,NOT EXECUTED; no authentic contemporaneous source
237,SOURCE NOT FOUND,UNKNOWN,,NOT RECORDED,NOT RECORDED,NOT EXECUTED; no authentic contemporaneous source
238,SOURCE NOT FOUND,UNKNOWN,,NOT RECORDED,NOT RECORDED,NOT EXECUTED; no authentic contemporaneous source
239,SOURCE NOT FOUND,UNKNOWN,,NOT RECORDED,NOT RECORDED,NOT EXECUTED; no authentic contemporaneous source
240,SOURCE NOT FOUND,UNKNOWN,,NOT RECORDED,NOT RECORDED,NOT EXECUTED; no authentic contemporaneous source
241,SOURCE NOT FOUND,UNKNOWN,,NOT RECORDED,NOT RECORDED,NOT EXECUTED; no authentic contemporaneous source
242,SOURCE NOT FOUND,UNKNOWN,,NOT RECORDED,NOT RECORDED,NOT EXECUTED; no authentic contemporaneous source
243,SOURCE NOT FOUND,UNKNOWN,,NOT RECORDED,NOT RECORDED,NOT EXECUTED; no authentic contemporaneous source
244,SOURCE NOT FOUND,UNKNOWN,,NOT RECORDED,NOT RECORDED,NOT EXECUTED; no authentic contemporaneous source
245,SOURCE NOT FOUND,UNKNOWN,,NOT RECORDED,NOT RECORDED,NOT EXECUTED; no authentic contemporaneous source
246,SOURCE NOT FOUND,UNKNOWN,,NOT RECORDED,NOT RECORDED,NOT EXECUTED; no authentic contemporaneous source
247,SOURCE NOT FOUND,UNKNOWN,,NOT RECORDED,NOT RECORDED,NOT EXECUTED; no authentic contemporaneous source
248,SOURCE NOT FOUND,UNKNOWN,,NOT RECORDED,NOT RECORDED,NOT EXECUTED; no authentic contemporaneous source
249,SOURCE NOT FOUND,UNKNOWN,,NOT RECORDED,NOT RECORDED,NOT EXECUTED; no authentic contemporaneous source
250,SOURCE NOT FOUND,UNKNOWN,,NOT RECORDED,NOT RECORDED,NOT EXECUTED; no authentic contemporaneous source
251,SOURCE NOT FOUND,UNKNOWN,,NOT RECORDED,NOT RECORDED,NOT EXECUTED; no authentic contemporaneous source
252,SOURCE NOT FOUND,UNKNOWN,,NOT RECORDED,NOT RECORDED,NOT EXECUTED; no authentic contemporaneous source
253,SOURCE NOT FOUND,UNKNOWN,,NOT RECORDED,NOT RECORDED,NOT EXECUTED; no authentic contemporaneous source
254,SOURCE NOT FOUND,UNKNOWN,,NOT RECORDED,NOT RECORDED,NOT EXECUTED; no authentic contemporaneous source
255,SOURCE NOT FOUND,UNKNOWN,,NOT RECORDED,NOT RECORDED,NOT EXECUTED; no authentic contemporaneous source
256,SOURCE NOT FOUND,UNKNOWN,,NOT RECORDED,NOT RECORDED,NOT EXECUTED; no authentic contemporaneous source
257,SOURCE NOT FOUND,UNKNOWN,,NOT RECORDED,NOT RECORDED,NOT EXECUTED; no authentic contemporaneous source
258,SOURCE NOT FOUND,UNKNOWN,,NOT RECORDED,NOT RECORDED,NOT EXECUTED; no authentic contemporaneous source
259,SOURCE NOT FOUND,UNKNOWN,,NOT RECORDED,NOT RECORDED,NOT EXECUTED; no authentic contemporaneous source
260,SOURCE NOT FOUND,UNKNOWN,,NOT RECORDED,NOT RECORDED,NOT EXECUTED; no authentic contemporaneous source
261,SOURCE NOT FOUND,UNKNOWN,,NOT RECORDED,NOT RECORDED,NOT EXECUTED; no authentic contemporaneous source
262,SOURCE NOT FOUND,UNKNOWN,,NOT RECORDED,NOT RECORDED,NOT EXECUTED; no authentic contemporaneous source
263,SOURCE NOT FOUND,UNKNOWN,,NOT RECORDED,NOT RECORDED,NOT EXECUTED; no authentic contemporaneous source
264,SOURCE NOT FOUND,UNKNOWN,,NOT RECORDED,NOT RECORDED,NOT EXECUTED; no authentic contemporaneous source
265,SOURCE NOT FOUND,UNKNOWN,,NOT RECORDED,NOT RECORDED,NOT EXECUTED; no authentic contemporaneous source
266,SOURCE NOT FOUND,UNKNOWN,,NOT RECORDED,NOT RECORDED,NOT EXECUTED; no authentic contemporaneous source
267,SOURCE NOT FOUND,UNKNOWN,,NOT RECORDED,NOT RECORDED,NOT EXECUTED; no authentic contemporaneous source
268,SOURCE NOT FOUND,UNKNOWN,,NOT RECORDED,NOT RECORDED,NOT EXECUTED; no authentic contemporaneous source
269,SOURCE NOT FOUND,UNKNOWN,,NOT RECORDED,NOT RECORDED,NOT EXECUTED; no authentic contemporaneous source
270,SOURCE NOT FOUND,UNKNOWN,,NOT RECORDED,NOT RECORDED,NOT EXECUTED; no authentic contemporaneous source
271,SOURCE NOT FOUND,UNKNOWN,,NOT RECORDED,NOT RECORDED,NOT EXECUTED; no authentic contemporaneous source
272,SOURCE NOT FOUND,UNKNOWN,,NOT RECORDED,NOT RECORDED,NOT EXECUTED; no authentic contemporaneous source
273,SOURCE NOT FOUND,UNKNOWN,,NOT RECORDED,NOT RECORDED,NOT EXECUTED; no authentic contemporaneous source
274,SOURCE NOT FOUND,UNKNOWN,,NOT RECORDED,NOT RECORDED,NOT EXECUTED; no authentic contemporaneous source
275,SOURCE NOT FOUND,UNKNOWN,,NOT RECORDED,NOT RECORDED,NOT EXECUTED; no authentic contemporaneous source
276,SOURCE NOT FOUND,UNKNOWN,,NOT RECORDED,NOT RECORDED,NOT EXECUTED; no authentic contemporaneous source
277,SOURCE NOT FOUND,UNKNOWN,,NOT RECORDED,NOT RECORDED,NOT EXECUTED; no authentic contemporaneous source
278,SOURCE NOT FOUND,UNKNOWN,,NOT RECORDED,NOT RECORDED,NOT EXECUTED; no authentic contemporaneous source
279,SOURCE NOT FOUND,UNKNOWN,,NOT RECORDED,NOT RECORDED,NOT EXECUTED; no authentic contemporaneous source
280,SOURCE NOT FOUND,UNKNOWN,,NOT RECORDED,NOT RECORDED,NOT EXECUTED; no authentic contemporaneous source
281,SOURCE NOT FOUND,UNKNOWN,,NOT RECORDED,NOT RECORDED,NOT EXECUTED; no authentic contemporaneous source
282,SOURCE NOT FOUND,UNKNOWN,,NOT RECORDED,NOT RECORDED,NOT EXECUTED; no authentic contemporaneous source
283,SOURCE NOT FOUND,UNKNOWN,,NOT RECORDED,NOT RECORDED,NOT EXECUTED; no authentic contemporaneous source
284,SOURCE NOT FOUND,UNKNOWN,,NOT RECORDED,NOT RECORDED,NOT EXECUTED; no authentic contemporaneous source
285,SOURCE NOT FOUND,UNKNOWN,,NOT RECORDED,NOT RECORDED,NOT EXECUTED; no authentic contemporaneous source
286,SOURCE NOT FOUND,UNKNOWN,,NOT RECORDED,NOT RECORDED,NOT EXECUTED; no authentic contemporaneous source
287,SOURCE NOT FOUND,UNKNOWN,,NOT RECORDED,NOT RECORDED,NOT EXECUTED; no authentic contemporaneous source
288,SOURCE NOT FOUND,UNKNOWN,,NOT RECORDED,NOT RECORDED,NOT EXECUTED; no authentic contemporaneous source
289,SOURCE NOT FOUND,UNKNOWN,,NOT RECORDED,NOT RECORDED,NOT EXECUTED; no authentic contemporaneous source
290,SOURCE NOT FOUND,UNKNOWN,,NOT RECORDED,NOT RECORDED,NOT EXECUTED; no authentic contemporaneous source
291,SOURCE NOT FOUND,UNKNOWN,,NOT RECORDED,NOT RECORDED,NOT EXECUTED; no authentic contemporaneous source
292,SOURCE NOT FOUND,UNKNOWN,,NOT RECORDED,NOT RECORDED,NOT EXECUTED; no authentic contemporaneous source
293,SOURCE NOT FOUND,UNKNOWN,,NOT RECORDED,NOT RECORDED,NOT EXECUTED; no authentic contemporaneous source
294,SOURCE NOT FOUND,UNKNOWN,,NOT RECORDED,NOT RECORDED,NOT EXECUTED; no authentic contemporaneous source
295,SOURCE NOT FOUND,UNKNOWN,,NOT RECORDED,NOT RECORDED,NOT EXECUTED; no authentic contemporaneous source
296,SOURCE NOT FOUND,UNKNOWN,,NOT RECORDED,NOT RECORDED,NOT EXECUTED; no authentic contemporaneous source
297,SOURCE NOT FOUND,UNKNOWN,,NOT RECORDED,NOT RECORDED,NOT EXECUTED; no authentic contemporaneous source
298,SOURCE NOT FOUND,UNKNOWN,,NOT RECORDED,NOT RECORDED,NOT EXECUTED; no authentic contemporaneous source
299,SOURCE NOT FOUND,UNKNOWN,,NOT RECORDED,NOT RECORDED,NOT EXECUTED; no authentic contemporaneous source
300,SOURCE NOT FOUND,UNKNOWN,,NOT RECORDED,NOT RECORDED,NOT EXECUTED; no authentic contemporaneous source
301,SOURCE NOT FOUND,UNKNOWN,,NOT RECORDED,NOT RECORDED,NOT EXECUTED; no authentic contemporaneous source
302,SOURCE NOT FOUND,UNKNOWN,,NOT RECORDED,NOT RECORDED,NOT EXECUTED; no authentic contemporaneous source
303,SOURCE NOT FOUND,UNKNOWN,,NOT RECORDED,NOT RECORDED,NOT EXECUTED; no authentic contemporaneous source
304,SOURCE NOT FOUND,UNKNOWN,,NOT RECORDED,NOT RECORDED,NOT EXECUTED; no authentic contemporaneous source
305,SOURCE NOT FOUND,UNKNOWN,,NOT RECORDED,NOT RECORDED,NOT EXECUTED; no authentic contemporaneous source
306,SOURCE NOT FOUND,UNKNOWN,,NOT RECORDED,NOT RECORDED,NOT EXECUTED; no authentic contemporaneous source
307,SOURCE NOT FOUND,UNKNOWN,,NOT RECORDED,NOT RECORDED,NOT EXECUTED; no authentic contemporaneous source
308,SOURCE NOT FOUND,UNKNOWN,,NOT RECORDED,NOT RECORDED,NOT EXECUTED; no authentic contemporaneous source
309,SOURCE NOT FOUND,UNKNOWN,,NOT RECORDED,NOT RECORDED,NOT EXECUTED; no authentic contemporaneous source
310,SOURCE NOT FOUND,UNKNOWN,,NOT RECORDED,NOT RECORDED,NOT EXECUTED; no authentic contemporaneous source
311,SOURCE NOT FOUND,UNKNOWN,,NOT RECORDED,NOT RECORDED,NOT EXECUTED; no authentic contemporaneous source
312,SOURCE NOT FOUND,UNKNOWN,,NOT RECORDED,NOT RECORDED,NOT EXECUTED; no authentic contemporaneous source
313,SOURCE NOT FOUND,UNKNOWN,,NOT RECORDED,NOT RECORDED,NOT EXECUTED; no authentic contemporaneous source
314,SOURCE NOT FOUND,UNKNOWN,,NOT RECORDED,NOT RECORDED,NOT EXECUTED; no authentic contemporaneous source
315,SOURCE NOT FOUND,UNKNOWN,,NOT RECORDED,NOT RECORDED,NOT EXECUTED; no authentic contemporaneous source
316,SOURCE NOT FOUND,UNKNOWN,,NOT RECORDED,NOT RECORDED,NOT EXECUTED; no authentic contemporaneous source
317,SOURCE NOT FOUND,UNKNOWN,,NOT RECORDED,NOT RECORDED,NOT EXECUTED; no authentic contemporaneous source
318,SOURCE NOT FOUND,UNKNOWN,,NOT RECORDED,NOT RECORDED,NOT EXECUTED; no authentic contemporaneous source
319,SOURCE NOT FOUND,UNKNOWN,,NOT RECORDED,NOT RECORDED,NOT EXECUTED; no authentic contemporaneous source
320,SOURCE NOT FOUND,UNKNOWN,,NOT RECORDED,NOT RECORDED,NOT EXECUTED; no authentic contemporaneous source
321,SOURCE NOT FOUND,UNKNOWN,,NOT RECORDED,NOT RECORDED,NOT EXECUTED; no authentic contemporaneous source
322,SOURCE NOT FOUND,UNKNOWN,,NOT RECORDED,NOT RECORDED,NOT EXECUTED; no authentic contemporaneous source
323,SOURCE NOT FOUND,UNKNOWN,,NOT RECORDED,NOT RECORDED,NOT EXECUTED; no authentic contemporaneous source
324,SOURCE NOT FOUND,UNKNOWN,,NOT RECORDED,NOT RECORDED,NOT EXECUTED; no authentic contemporaneous source
325,SOURCE NOT FOUND,UNKNOWN,,NOT RECORDED,NOT RECORDED,NOT EXECUTED; no authentic contemporaneous source
326,SOURCE NOT FOUND,UNKNOWN,,NOT RECORDED,NOT RECORDED,NOT EXECUTED; no authentic contemporaneous source
327,SOURCE NOT FOUND,UNKNOWN,,NOT RECORDED,NOT RECORDED,NOT EXECUTED; no authentic contemporaneous source
328,SOURCE NOT FOUND,UNKNOWN,,NOT RECORDED,NOT RECORDED,NOT EXECUTED; no authentic contemporaneous source
329,SOURCE NOT FOUND,UNKNOWN,,NOT RECORDED,NOT RECORDED,NOT EXECUTED; no authentic contemporaneous source
330,SOURCE NOT FOUND,UNKNOWN,,NOT RECORDED,NOT RECORDED,NOT EXECUTED; no authentic contemporaneous source
331,SOURCE NOT FOUND,UNKNOWN,,NOT RECORDED,NOT RECORDED,NOT EXECUTED; no authentic contemporaneous source
332,SOURCE NOT FOUND,UNKNOWN,,NOT RECORDED,NOT RECORDED,NOT EXECUTED; no authentic contemporaneous source
333,SOURCE NOT FOUND,UNKNOWN,,NOT RECORDED,NOT RECORDED,NOT EXECUTED; no authentic contemporaneous source
334,SOURCE NOT FOUND,UNKNOWN,,NOT RECORDED,NOT RECORDED,NOT EXECUTED; no authentic contemporaneous source
335,SOURCE NOT FOUND,UNKNOWN,,NOT RECORDED,NOT RECORDED,NOT EXECUTED; no authentic contemporaneous source
336,SOURCE NOT FOUND,UNKNOWN,,NOT RECORDED,NOT RECORDED,NOT EXECUTED; no authentic contemporaneous source
337,SOURCE NOT FOUND,UNKNOWN,,NOT RECORDED,NOT RECORDED,NOT EXECUTED; no authentic contemporaneous source
338,SOURCE NOT FOUND,UNKNOWN,,NOT RECORDED,NOT RECORDED,NOT EXECUTED; no authentic contemporaneous source
339,SOURCE NOT FOUND,UNKNOWN,,NOT RECORDED,NOT RECORDED,NOT EXECUTED; no authentic contemporaneous source
340,SOURCE NOT FOUND,UNKNOWN,,NOT RECORDED,NOT RECORDED,NOT EXECUTED; no authentic contemporaneous source
341,SOURCE NOT FOUND,UNKNOWN,,NOT RECORDED,NOT RECORDED,NOT EXECUTED; no authentic contemporaneous source
342,SOURCE NOT FOUND,UNKNOWN,,NOT RECORDED,NOT RECORDED,NOT EXECUTED; no authentic contemporaneous source
343,SOURCE NOT FOUND,UNKNOWN,,NOT RECORDED,NOT RECORDED,NOT EXECUTED; no authentic contemporaneous source
344,SOURCE NOT FOUND,UNKNOWN,,NOT RECORDED,NOT RECORDED,NOT EXECUTED; no authentic contemporaneous source
345,SOURCE NOT FOUND,UNKNOWN,,NOT RECORDED,NOT RECORDED,NOT EXECUTED; no authentic contemporaneous source
346,SOURCE NOT FOUND,UNKNOWN,,NOT RECORDED,NOT RECORDED,NOT EXECUTED; no authentic contemporaneous source
347,SOURCE NOT FOUND,UNKNOWN,,NOT RECORDED,NOT RECORDED,NOT EXECUTED; no authentic contemporaneous source
348,SOURCE NOT FOUND,UNKNOWN,,NOT RECORDED,NOT RECORDED,NOT EXECUTED; no authentic contemporaneous source
349,SOURCE NOT FOUND,UNKNOWN,,NOT RECORDED,NOT RECORDED,NOT EXECUTED; no authentic contemporaneous source
350,SOURCE NOT FOUND,UNKNOWN,,NOT RECORDED,NOT RECORDED,NOT EXECUTED; no authentic contemporaneous source
351,SOURCE NOT FOUND,UNKNOWN,,NOT RECORDED,NOT RECORDED,NOT EXECUTED; no authentic contemporaneous source
352,SOURCE NOT FOUND,UNKNOWN,,NOT RECORDED,NOT RECORDED,NOT EXECUTED; no authentic contemporaneous source
353,SOURCE NOT FOUND,UNKNOWN,,NOT RECORDED,NOT RECORDED,NOT EXECUTED; no authentic contemporaneous source
354,SOURCE NOT FOUND,UNKNOWN,,NOT RECORDED,NOT RECORDED,NOT EXECUTED; no authentic contemporaneous source
355,SOURCE NOT FOUND,UNKNOWN,,NOT RECORDED,NOT RECORDED,NOT EXECUTED; no authentic contemporaneous source
356,SOURCE NOT FOUND,UNKNOWN,,NOT RECORDED,NOT RECORDED,NOT EXECUTED; no authentic contemporaneous source
357,SOURCE NOT FOUND,UNKNOWN,,NOT RECORDED,NOT RECORDED,NOT EXECUTED; no authentic contemporaneous source
358,SOURCE NOT FOUND,UNKNOWN,,NOT RECORDED,NOT RECORDED,NOT EXECUTED; no authentic contemporaneous source
359,SOURCE NOT FOUND,UNKNOWN,,NOT RECORDED,NOT RECORDED,NOT EXECUTED; no authentic contemporaneous source
360,SOURCE NOT FOUND,UNKNOWN,,NOT RECORDED,NOT RECORDED,NOT EXECUTED; no authentic contemporaneous source
361,SOURCE NOT FOUND,UNKNOWN,,NOT RECORDED,NOT RECORDED,NOT EXECUTED; no authentic contemporaneous source
362,SOURCE NOT FOUND,UNKNOWN,,NOT RECORDED,NOT RECORDED,NOT EXECUTED; no authentic contemporaneous source
363,SOURCE NOT FOUND,UNKNOWN,,NOT RECORDED,NOT RECORDED,NOT EXECUTED; no authentic contemporaneous source
364,SOURCE NOT FOUND,UNKNOWN,,NOT RECORDED,NOT RECORDED,NOT EXECUTED; no authentic contemporaneous source
365,SOURCE NOT FOUND,UNKNOWN,,NOT RECORDED,NOT RECORDED,NOT EXECUTED; no authentic contemporaneous source
366,SOURCE NOT FOUND,UNKNOWN,,NOT RECORDED,NOT RECORDED,NOT EXECUTED; no authentic contemporaneous source
367,SOURCE NOT FOUND,UNKNOWN,,NOT RECORDED,NOT RECORDED,NOT EXECUTED; no authentic contemporaneous source
368,SOURCE NOT FOUND,UNKNOWN,,NOT RECORDED,NOT RECORDED,NOT EXECUTED; no authentic contemporaneous source
369,SOURCE NOT FOUND,UNKNOWN,,NOT RECORDED,NOT RECORDED,NOT EXECUTED; no authentic contemporaneous source
370,SOURCE NOT FOUND,UNKNOWN,,NOT RECORDED,NOT RECORDED,NOT EXECUTED; no authentic contemporaneous source
371,SOURCE NOT FOUND,UNKNOWN,,NOT RECORDED,NOT RECORDED,NOT EXECUTED; no authentic contemporaneous source
372,SOURCE NOT FOUND,UNKNOWN,,NOT RECORDED,NOT RECORDED,NOT EXECUTED; no authentic contemporaneous source
373,SOURCE NOT FOUND,UNKNOWN,,NOT RECORDED,NOT RECORDED,NOT EXECUTED; no authentic contemporaneous source
374,SOURCE NOT FOUND,UNKNOWN,,NOT RECORDED,NOT RECORDED,NOT EXECUTED; no authentic contemporaneous source
375,SOURCE NOT FOUND,UNKNOWN,,NOT RECORDED,NOT RECORDED,NOT EXECUTED; no authentic contemporaneous source
376,SOURCE NOT FOUND,UNKNOWN,,NOT RECORDED,NOT RECORDED,NOT EXECUTED; no authentic contemporaneous source
377,SOURCE NOT FOUND,UNKNOWN,,NOT RECORDED,NOT RECORDED,NOT EXECUTED; no authentic contemporaneous source
378,SOURCE NOT FOUND,UNKNOWN,,NOT RECORDED,NOT RECORDED,NOT EXECUTED; no authentic contemporaneous source
379,SOURCE NOT FOUND,UNKNOWN,,NOT RECORDED,NOT RECORDED,NOT EXECUTED; no authentic contemporaneous source
380,SOURCE NOT FOUND,UNKNOWN,,NOT RECORDED,NOT RECORDED,NOT EXECUTED; no authentic contemporaneous source
381,SOURCE NOT FOUND,UNKNOWN,,NOT RECORDED,NOT RECORDED,NOT EXECUTED; no authentic contemporaneous source
382,SOURCE NOT FOUND,UNKNOWN,,NOT RECORDED,NOT RECORDED,NOT EXECUTED; no authentic contemporaneous source
383,SOURCE NOT FOUND,UNKNOWN,,NOT RECORDED,NOT RECORDED,NOT EXECUTED; no authentic contemporaneous source
384,SOURCE NOT FOUND,UNKNOWN,,NOT RECORDED,NOT RECORDED,NOT EXECUTED; no authentic contemporaneous source
385,SOURCE NOT FOUND,UNKNOWN,,NOT RECORDED,NOT RECORDED,NOT EXECUTED; no authentic contemporaneous source
386,SOURCE NOT FOUND,UNKNOWN,,NOT RECORDED,NOT RECORDED,NOT EXECUTED; no authentic contemporaneous source
387,SOURCE NOT FOUND,UNKNOWN,,NOT RECORDED,NOT RECORDED,NOT EXECUTED; no authentic contemporaneous source
388,SOURCE NOT FOUND,UNKNOWN,,NOT RECORDED,NOT RECORDED,NOT EXECUTED; no authentic contemporaneous source
389,SOURCE NOT FOUND,UNKNOWN,,NOT RECORDED,NOT RECORDED,NOT EXECUTED; no authentic contemporaneous source
390,SOURCE NOT FOUND,UNKNOWN,,NOT RECORDED,NOT RECORDED,NOT EXECUTED; no authentic contemporaneous source
391,SOURCE NOT FOUND,UNKNOWN,,NOT RECORDED,NOT RECORDED,NOT EXECUTED; no authentic contemporaneous source
392,SOURCE NOT FOUND,UNKNOWN,,NOT RECORDED,NOT RECORDED,NOT EXECUTED; no authentic contemporaneous source
393,SOURCE NOT FOUND,UNKNOWN,,NOT RECORDED,NOT RECORDED,NOT EXECUTED; no authentic contemporaneous source
394,SOURCE NOT FOUND,UNKNOWN,,NOT RECORDED,NOT RECORDED,NOT EXECUTED; no authentic contemporaneous source
395,SOURCE NOT FOUND,UNKNOWN,,NOT RECORDED,NOT RECORDED,NOT EXECUTED; no authentic contemporaneous source
396,SOURCE NOT FOUND,UNKNOWN,,NOT RECORDED,NOT RECORDED,NOT EXECUTED; no authentic contemporaneous source
397,SOURCE NOT FOUND,UNKNOWN,,NOT RECORDED,NOT RECORDED,NOT EXECUTED; no authentic contemporaneous source
398,SOURCE NOT FOUND,UNKNOWN,,NOT RECORDED,NOT RECORDED,NOT EXECUTED; no authentic contemporaneous source
399,SOURCE NOT FOUND,UNKNOWN,,NOT RECORDED,NOT RECORDED,NOT EXECUTED; no authentic contemporaneous source
400,SOURCE NOT FOUND,UNKNOWN,,NOT RECORDED,NOT RECORDED,NOT EXECUTED; no authentic contemporaneous source
401,SOURCE NOT FOUND,UNKNOWN,,NOT RECORDED,NOT RECORDED,NOT EXECUTED; no authentic contemporaneous source
402,SOURCE NOT FOUND,UNKNOWN,,NOT RECORDED,NOT RECORDED,NOT EXECUTED; no authentic contemporaneous source
403,SOURCE NOT FOUND,UNKNOWN,,NOT RECORDED,NOT RECORDED,NOT EXECUTED; no authentic contemporaneous source
404,SOURCE NOT FOUND,UNKNOWN,,NOT RECORDED,NOT RECORDED,NOT EXECUTED; no authentic contemporaneous source
405,SOURCE NOT FOUND,UNKNOWN,,NOT RECORDED,NOT RECORDED,NOT EXECUTED; no authentic contemporaneous source
406,SOURCE NOT FOUND,UNKNOWN,,NOT RECORDED,NOT RECORDED,NOT EXECUTED; no authentic contemporaneous source
407,SOURCE NOT FOUND,UNKNOWN,,NOT RECORDED,NOT RECORDED,NOT EXECUTED; no authentic contemporaneous source
408,SOURCE NOT FOUND,UNKNOWN,,NOT RECORDED,NOT RECORDED,NOT EXECUTED; no authentic contemporaneous source
409,SOURCE NOT FOUND,UNKNOWN,,NOT RECORDED,NOT RECORDED,NOT EXECUTED; no authentic contemporaneous source
410,SOURCE NOT FOUND,UNKNOWN,,NOT RECORDED,NOT RECORDED,NOT EXECUTED; no authentic contemporaneous source
411,SOURCE NOT FOUND,UNKNOWN,,NOT RECORDED,NOT RECORDED,NOT EXECUTED; no authentic contemporaneous source
412,SOURCE NOT FOUND,UNKNOWN,,NOT RECORDED,NOT RECORDED,NOT EXECUTED; no authentic contemporaneous source
413,SOURCE NOT FOUND,UNKNOWN,,NOT RECORDED,NOT RECORDED,NOT EXECUTED; no authentic contemporaneous source
414,SOURCE NOT FOUND,UNKNOWN,,NOT RECORDED,NOT RECORDED,NOT EXECUTED; no authentic contemporaneous source
415,SOURCE NOT FOUND,UNKNOWN,,NOT RECORDED,NOT RECORDED,NOT EXECUTED; no authentic contemporaneous source
416,SOURCE NOT FOUND,UNKNOWN,,NOT RECORDED,NOT RECORDED,NOT EXECUTED; no authentic contemporaneous source
417,SOURCE NOT FOUND,UNKNOWN,,NOT RECORDED,NOT RECORDED,NOT EXECUTED; no authentic contemporaneous source
418,SOURCE NOT FOUND,UNKNOWN,,NOT RECORDED,NOT RECORDED,NOT EXECUTED; no authentic contemporaneous source
419,SOURCE NOT FOUND,UNKNOWN,,NOT RECORDED,NOT RECORDED,NOT EXECUTED; no authentic contemporaneous source
420,SOURCE NOT FOUND,UNKNOWN,,NOT RECORDED,NOT RECORDED,NOT EXECUTED; no authentic contemporaneous source
421,SOURCE NOT FOUND,UNKNOWN,,NOT RECORDED,NOT RECORDED,NOT EXECUTED; no authentic contemporaneous source
422,SOURCE NOT FOUND,UNKNOWN,,NOT RECORDED,NOT RECORDED,NOT EXECUTED; no authentic contemporaneous source
423,SOURCE NOT FOUND,UNKNOWN,,NOT RECORDED,NOT RECORDED,NOT EXECUTED; no authentic contemporaneous source
424,SOURCE NOT FOUND,UNKNOWN,,NOT RECORDED,NOT RECORDED,NOT EXECUTED; no authentic contemporaneous source
425,SOURCE NOT FOUND,UNKNOWN,,NOT RECORDED,NOT RECORDED,NOT EXECUTED; no authentic contemporaneous source
426,SOURCE NOT FOUND,UNKNOWN,,NOT RECORDED,NOT RECORDED,NOT EXECUTED; no authentic contemporaneous source
427,SOURCE NOT FOUND,UNKNOWN,,NOT RECORDED,NOT RECORDED,NOT EXECUTED; no authentic contemporaneous source
428,SOURCE NOT FOUND,UNKNOWN,,NOT RECORDED,NOT RECORDED,NOT EXECUTED; no authentic contemporaneous source
429,SOURCE NOT FOUND,UNKNOWN,,NOT RECORDED,NOT RECORDED,NOT EXECUTED; no authentic contemporaneous source
430,SOURCE NOT FOUND,UNKNOWN,,NOT RECORDED,NOT RECORDED,NOT EXECUTED; no authentic contemporaneous source
431,SOURCE NOT FOUND,UNKNOWN,,NOT RECORDED,NOT RECORDED,NOT EXECUTED; no authentic contemporaneous source
432,SOURCE NOT FOUND,UNKNOWN,,NOT RECORDED,NOT RECORDED,NOT EXECUTED; no authentic contemporaneous source
433,SOURCE NOT FOUND,UNKNOWN,,NOT RECORDED,NOT RECORDED,NOT EXECUTED; no authentic contemporaneous source
434,SOURCE NOT FOUND,UNKNOWN,,NOT RECORDED,NOT RECORDED,NOT EXECUTED; no authentic contemporaneous source
435,SOURCE NOT FOUND,UNKNOWN,,NOT RECORDED,NOT RECORDED,NOT EXECUTED; no authentic contemporaneous source
436,SOURCE NOT FOUND,UNKNOWN,,NOT RECORDED,NOT RECORDED,NOT EXECUTED; no authentic contemporaneous source
437,SOURCE NOT FOUND,UNKNOWN,,NOT RECORDED,NOT RECORDED,NOT EXECUTED; no authentic contemporaneous source
438,SOURCE NOT FOUND,UNKNOWN,,NOT RECORDED,NOT RECORDED,NOT EXECUTED; no authentic contemporaneous source
439,SOURCE NOT FOUND,UNKNOWN,,NOT RECORDED,NOT RECORDED,NOT EXECUTED; no authentic contemporaneous source
440,SOURCE NOT FOUND,UNKNOWN,,NOT RECORDED,NOT RECORDED,NOT EXECUTED; no authentic contemporaneous source
441,SOURCE NOT FOUND,UNKNOWN,,NOT RECORDED,NOT RECORDED,NOT EXECUTED; no authentic contemporaneous source
442,SOURCE NOT FOUND,UNKNOWN,,NOT RECORDED,NOT RECORDED,NOT EXECUTED; no authentic contemporaneous source
443,SOURCE NOT FOUND,UNKNOWN,,NOT RECORDED,NOT RECORDED,NOT EXECUTED; no authentic contemporaneous source
444,SOURCE NOT FOUND,UNKNOWN,,NOT RECORDED,NOT RECORDED,NOT EXECUTED; no authentic contemporaneous source
445,SOURCE NOT FOUND,UNKNOWN,,NOT RECORDED,NOT RECORDED,NOT EXECUTED; no authentic contemporaneous source
446,SOURCE NOT FOUND,UNKNOWN,,NOT RECORDED,NOT RECORDED,NOT EXECUTED; no authentic contemporaneous source
447,SOURCE NOT FOUND,UNKNOWN,,NOT RECORDED,NOT RECORDED,NOT EXECUTED; no authentic contemporaneous source
448,SOURCE NOT FOUND,UNKNOWN,,NOT RECORDED,NOT RECORDED,NOT EXECUTED; no authentic contemporaneous source
449,SOURCE NOT FOUND,UNKNOWN,,NOT RECORDED,NOT RECORDED,NOT EXECUTED; no authentic contemporaneous source
450,SOURCE NOT FOUND,UNKNOWN,,NOT RECORDED,NOT RECORDED,NOT EXECUTED; no authentic contemporaneous source
451,SOURCE NOT FOUND,UNKNOWN,,NOT RECORDED,NOT RECORDED,NOT EXECUTED; no authentic contemporaneous source
452,SOURCE NOT FOUND,UNKNOWN,,NOT RECORDED,NOT RECORDED,NOT EXECUTED; no authentic contemporaneous source
453,SOURCE NOT FOUND,UNKNOWN,,NOT RECORDED,NOT RECORDED,NOT EXECUTED; no authentic contemporaneous source
454,SOURCE NOT FOUND,UNKNOWN,,NOT RECORDED,NOT RECORDED,NOT EXECUTED; no authentic contemporaneous source
455,SOURCE NOT FOUND,UNKNOWN,,NOT RECORDED,NOT RECORDED,NOT EXECUTED; no authentic contemporaneous source
456,SOURCE NOT FOUND,UNKNOWN,,NOT RECORDED,NOT RECORDED,NOT EXECUTED; no authentic contemporaneous source
457,SOURCE NOT FOUND,UNKNOWN,,NOT RECORDED,NOT RECORDED,NOT EXECUTED; no authentic contemporaneous source
458,SOURCE NOT FOUND,UNKNOWN,,NOT RECORDED,NOT RECORDED,NOT EXECUTED; no authentic contemporaneous source
459,SOURCE NOT FOUND,UNKNOWN,,NOT RECORDED,NOT RECORDED,NOT EXECUTED; no authentic contemporaneous source
460,SOURCE NOT FOUND,UNKNOWN,,NOT RECORDED,NOT RECORDED,NOT EXECUTED; no authentic contemporaneous source
461,SOURCE NOT FOUND,UNKNOWN,,NOT RECORDED,NOT RECORDED,NOT EXECUTED; no authentic contemporaneous source
462,SOURCE NOT FOUND,UNKNOWN,,NOT RECORDED,NOT RECORDED,NOT EXECUTED; no authentic contemporaneous source
463,SOURCE NOT FOUND,UNKNOWN,,NOT RECORDED,NOT RECORDED,NOT EXECUTED; no authentic contemporaneous source
464,SOURCE NOT FOUND,UNKNOWN,,NOT RECORDED,NOT RECORDED,NOT EXECUTED; no authentic contemporaneous source
465,SOURCE NOT FOUND,UNKNOWN,,NOT RECORDED,NOT RECORDED,NOT EXECUTED; no authentic contemporaneous source
466,SOURCE NOT FOUND,UNKNOWN,,NOT RECORDED,NOT RECORDED,NOT EXECUTED; no authentic contemporaneous source
467,SOURCE NOT FOUND,UNKNOWN,,NOT RECORDED,NOT RECORDED,NOT EXECUTED; no authentic contemporaneous source
468,SOURCE NOT FOUND,UNKNOWN,,NOT RECORDED,NOT RECORDED,NOT EXECUTED; no authentic contemporaneous source
469,SOURCE NOT FOUND,UNKNOWN,,NOT RECORDED,NOT RECORDED,NOT EXECUTED; no authentic contemporaneous source
470,SOURCE NOT FOUND,UNKNOWN,,NOT RECORDED,NOT RECORDED,NOT EXECUTED; no authentic contemporaneous source
471,SOURCE NOT FOUND,UNKNOWN,,NOT RECORDED,NOT RECORDED,NOT EXECUTED; no authentic contemporaneous source
472,SOURCE NOT FOUND,UNKNOWN,,NOT RECORDED,NOT RECORDED,NOT EXECUTED; no authentic contemporaneous source
473,SOURCE NOT FOUND,UNKNOWN,,NOT RECORDED,NOT RECORDED,NOT EXECUTED; no authentic contemporaneous source
474,SOURCE NOT FOUND,UNKNOWN,,NOT RECORDED,NOT RECORDED,NOT EXECUTED; no authentic contemporaneous source
475,SOURCE NOT FOUND,UNKNOWN,,NOT RECORDED,NOT RECORDED,NOT EXECUTED; no authentic contemporaneous source
476,SOURCE NOT FOUND,UNKNOWN,,NOT RECORDED,NOT RECORDED,NOT EXECUTED; no authentic contemporaneous source
477,SOURCE NOT FOUND,UNKNOWN,,NOT RECORDED,NOT RECORDED,NOT EXECUTED; no authentic contemporaneous source
478,SOURCE NOT FOUND,UNKNOWN,,NOT RECORDED,NOT RECORDED,NOT EXECUTED; no authentic contemporaneous source
479,SOURCE NOT FOUND,UNKNOWN,,NOT RECORDED,NOT RECORDED,NOT EXECUTED; no authentic contemporaneous source
480,SOURCE NOT FOUND,UNKNOWN,,NOT RECORDED,NOT RECORDED,NOT EXECUTED; no authentic contemporaneous source
481,SOURCE NOT FOUND,UNKNOWN,,NOT RECORDED,NOT RECORDED,NOT EXECUTED; no authentic contemporaneous source
482,SOURCE NOT FOUND,UNKNOWN,,NOT RECORDED,NOT RECORDED,NOT EXECUTED; no authentic contemporaneous source
483,SOURCE NOT FOUND,UNKNOWN,,NOT RECORDED,NOT RECORDED,NOT EXECUTED; no authentic contemporaneous source
484,SOURCE NOT FOUND,UNKNOWN,,NOT RECORDED,NOT RECORDED,NOT EXECUTED; no authentic contemporaneous source
485,SOURCE NOT FOUND,UNKNOWN,,NOT RECORDED,NOT RECORDED,NOT EXECUTED; no authentic contemporaneous source
486,SOURCE NOT FOUND,UNKNOWN,,NOT RECORDED,NOT RECORDED,NOT EXECUTED; no authentic contemporaneous source
487,SOURCE NOT FOUND,UNKNOWN,,NOT RECORDED,NOT RECORDED,NOT EXECUTED; no authentic contemporaneous source
488,SOURCE NOT FOUND,UNKNOWN,,NOT RECORDED,NOT RECORDED,NOT EXECUTED; no authentic contemporaneous source
489,SOURCE NOT FOUND,UNKNOWN,,NOT RECORDED,NOT RECORDED,NOT EXECUTED; no authentic contemporaneous source
490,SOURCE NOT FOUND,UNKNOWN,,NOT RECORDED,NOT RECORDED,NOT EXECUTED; no authentic contemporaneous source
491,SOURCE NOT FOUND,UNKNOWN,,NOT RECORDED,NOT RECORDED,NOT EXECUTED; no authentic contemporaneous source
492,SOURCE NOT FOUND,UNKNOWN,,NOT RECORDED,NOT RECORDED,NOT EXECUTED; no authentic contemporaneous source
493,SOURCE NOT FOUND,UNKNOWN,,NOT RECORDED,NOT RECORDED,NOT EXECUTED; no authentic contemporaneous source
494,SOURCE NOT FOUND,UNKNOWN,,NOT RECORDED,NOT RECORDED,NOT EXECUTED; no authentic contemporaneous source
495,SOURCE NOT FOUND,UNKNOWN,,NOT RECORDED,NOT RECORDED,NOT EXECUTED; no authentic contemporaneous source
496,SOURCE NOT FOUND,UNKNOWN,,NOT RECORDED,NOT RECORDED,NOT EXECUTED; no authentic contemporaneous source
497,SOURCE NOT FOUND,UNKNOWN,,NOT RECORDED,NOT RECORDED,NOT EXECUTED; no authentic contemporaneous source
498,SOURCE NOT FOUND,UNKNOWN,,NOT RECORDED,NOT RECORDED,NOT EXECUTED; no authentic contemporaneous source
499,SOURCE NOT FOUND,UNKNOWN,,NOT RECORDED,NOT RECORDED,NOT EXECUTED; no authentic contemporaneous source
500,SOURCE NOT FOUND,UNKNOWN,,NOT RECORDED,NOT RECORDED,NOT EXECUTED; no authentic contemporaneous source
501,SOURCE NOT FOUND,UNKNOWN,,NOT RECORDED,NOT RECORDED,NOT EXECUTED; no authentic contemporaneous source
502,SOURCE NOT FOUND,UNKNOWN,,NOT RECORDED,NOT RECORDED,NOT EXECUTED; no authentic contemporaneous source
503,SOURCE NOT FOUND,UNKNOWN,,NOT RECORDED,NOT RECORDED,NOT EXECUTED; no authentic contemporaneous source
504,SOURCE NOT FOUND,UNKNOWN,,NOT RECORDED,NOT RECORDED,NOT EXECUTED; no authentic contemporaneous source
505,SOURCE NOT FOUND,UNKNOWN,,NOT RECORDED,NOT RECORDED,NOT EXECUTED; no authentic contemporaneous source
506,SOURCE NOT FOUND,UNKNOWN,,NOT RECORDED,NOT RECORDED,NOT EXECUTED; no authentic contemporaneous source
507,SOURCE NOT FOUND,UNKNOWN,,NOT RECORDED,NOT RECORDED,NOT EXECUTED; no authentic contemporaneous source
508,SOURCE NOT FOUND,UNKNOWN,,NOT RECORDED,NOT RECORDED,NOT EXECUTED; no authentic contemporaneous source
509,SOURCE NOT FOUND,UNKNOWN,,NOT RECORDED,NOT RECORDED,NOT EXECUTED; no authentic contemporaneous source
510,SOURCE NOT FOUND,UNKNOWN,,NOT RECORDED,NOT RECORDED,NOT EXECUTED; no authentic contemporaneous source
511,SOURCE NOT FOUND,UNKNOWN,,NOT RECORDED,NOT RECORDED,NOT EXECUTED; no authentic contemporaneous source
512,SOURCE NOT FOUND,UNKNOWN,,NOT RECORDED,NOT RECORDED,NOT EXECUTED; no authentic contemporaneous source
513,SOURCE NOT FOUND,UNKNOWN,,NOT RECORDED,NOT RECORDED,NOT EXECUTED; no authentic contemporaneous source
514,SOURCE NOT FOUND,UNKNOWN,,NOT RECORDED,NOT RECORDED,NOT EXECUTED; no authentic contemporaneous source
515,SOURCE NOT FOUND,UNKNOWN,,NOT RECORDED,NOT RECORDED,NOT EXECUTED; no authentic contemporaneous source
516,SOURCE NOT FOUND,UNKNOWN,,NOT RECORDED,NOT RECORDED,NOT EXECUTED; no authentic contemporaneous source
517,SOURCE NOT FOUND,UNKNOWN,,NOT RECORDED,NOT RECORDED,NOT EXECUTED; no authentic contemporaneous source
518,SOURCE NOT FOUND,UNKNOWN,,NOT RECORDED,NOT RECORDED,NOT EXECUTED; no authentic contemporaneous source
519,SOURCE NOT FOUND,UNKNOWN,,NOT RECORDED,NOT RECORDED,NOT EXECUTED; no authentic contemporaneous source
520,SOURCE NOT FOUND,UNKNOWN,,NOT RECORDED,NOT RECORDED,NOT EXECUTED; no authentic contemporaneous source
521,SOURCE NOT FOUND,UNKNOWN,,NOT RECORDED,NOT RECORDED,NOT EXECUTED; no authentic contemporaneous source
522,SOURCE NOT FOUND,UNKNOWN,,NOT RECORDED,NOT RECORDED,NOT EXECUTED; no authentic contemporaneous source
523,SOURCE NOT FOUND,UNKNOWN,,NOT RECORDED,NOT RECORDED,NOT EXECUTED; no authentic contemporaneous source
524,SOURCE NOT FOUND,UNKNOWN,,NOT RECORDED,NOT RECORDED,NOT EXECUTED; no authentic contemporaneous source
525,SOURCE NOT FOUND,UNKNOWN,,NOT RECORDED,NOT RECORDED,NOT EXECUTED; no authentic contemporaneous source
526,SOURCE NOT FOUND,UNKNOWN,,NOT RECORDED,NOT RECORDED,NOT EXECUTED; no authentic contemporaneous source
527,SOURCE NOT FOUND,UNKNOWN,,NOT RECORDED,NOT RECORDED,NOT EXECUTED; no authentic contemporaneous source
528,SOURCE NOT FOUND,UNKNOWN,,NOT RECORDED,NOT RECORDED,NOT EXECUTED; no authentic contemporaneous source
529,SOURCE NOT FOUND,UNKNOWN,,NOT RECORDED,NOT RECORDED,NOT EXECUTED; no authentic contemporaneous source
530,SOURCE NOT FOUND,UNKNOWN,,NOT RECORDED,NOT RECORDED,NOT EXECUTED; no authentic contemporaneous source
531,SOURCE NOT FOUND,UNKNOWN,,NOT RECORDED,NOT RECORDED,NOT EXECUTED; no authentic contemporaneous source
532,SOURCE NOT FOUND,UNKNOWN,,NOT RECORDED,NOT RECORDED,NOT EXECUTED; no authentic contemporaneous source
533,SOURCE NOT FOUND,UNKNOWN,,NOT RECORDED,NOT RECORDED,NOT EXECUTED; no authentic contemporaneous source
534,SOURCE NOT FOUND,UNKNOWN,,NOT RECORDED,NOT RECORDED,NOT EXECUTED; no authentic contemporaneous source
535,SOURCE NOT FOUND,UNKNOWN,,NOT RECORDED,NOT RECORDED,NOT EXECUTED; no authentic contemporaneous source
536,SOURCE NOT FOUND,UNKNOWN,,NOT RECORDED,NOT RECORDED,NOT EXECUTED; no authentic contemporaneous source
537,SOURCE NOT FOUND,UNKNOWN,,NOT RECORDED,NOT RECORDED,NOT EXECUTED; no authentic contemporaneous source
538,SOURCE NOT FOUND,UNKNOWN,,NOT RECORDED,NOT RECORDED,NOT EXECUTED; no authentic contemporaneous source
539,SOURCE NOT FOUND,UNKNOWN,,NOT RECORDED,NOT RECORDED,NOT EXECUTED; no authentic contemporaneous source
540,SOURCE NOT FOUND,UNKNOWN,,NOT RECORDED,NOT RECORDED,NOT EXECUTED; no authentic contemporaneous source
541,SOURCE NOT FOUND,UNKNOWN,,NOT RECORDED,NOT RECORDED,NOT EXECUTED; no authentic contemporaneous source
542,SOURCE NOT FOUND,UNKNOWN,,NOT RECORDED,NOT RECORDED,NOT EXECUTED; no authentic contemporaneous source
543,SOURCE NOT FOUND,UNKNOWN,,NOT RECORDED,NOT RECORDED,NOT EXECUTED; no authentic contemporaneous source
544,SOURCE NOT FOUND,UNKNOWN,,NOT RECORDED,NOT RECORDED,NOT EXECUTED; no authentic contemporaneous source
545,SOURCE NOT FOUND,UNKNOWN,,NOT RECORDED,NOT RECORDED,NOT EXECUTED; no authentic contemporaneous source
546,SOURCE NOT FOUND,UNKNOWN,,NOT RECORDED,NOT RECORDED,NOT EXECUTED; no authentic contemporaneous source
547,SOURCE NOT FOUND,UNKNOWN,,NOT RECORDED,NOT RECORDED,NOT EXECUTED; no authentic contemporaneous source
548,SOURCE NOT FOUND,UNKNOWN,,NOT RECORDED,NOT RECORDED,NOT EXECUTED; no authentic contemporaneous source
549,SOURCE NOT FOUND,UNKNOWN,,NOT RECORDED,NOT RECORDED,NOT EXECUTED; no authentic contemporaneous source
550,SOURCE NOT FOUND,UNKNOWN,,NOT RECORDED,NOT RECORDED,NOT EXECUTED; no authentic contemporaneous source
551,SOURCE NOT FOUND,UNKNOWN,,NOT RECORDED,NOT RECORDED,NOT EXECUTED; no authentic contemporaneous source
552,SOURCE NOT FOUND,UNKNOWN,,NOT RECORDED,NOT RECORDED,NOT EXECUTED; no authentic contemporaneous source
553,SOURCE NOT FOUND,UNKNOWN,,NOT RECORDED,NOT RECORDED,NOT EXECUTED; no authentic contemporaneous source
554,SOURCE NOT FOUND,UNKNOWN,,NOT RECORDED,NOT RECORDED,NOT EXECUTED; no authentic contemporaneous source
555,SOURCE NOT FOUND,UNKNOWN,,NOT RECORDED,NOT RECORDED,NOT EXECUTED; no authentic contemporaneous source
556,SOURCE NOT FOUND,UNKNOWN,,NOT RECORDED,NOT RECORDED,NOT EXECUTED; no authentic contemporaneous source
557,SOURCE NOT FOUND,UNKNOWN,,NOT RECORDED,NOT RECORDED,NOT EXECUTED; no authentic contemporaneous source
558,SOURCE NOT FOUND,UNKNOWN,,NOT RECORDED,NOT RECORDED,NOT EXECUTED; no authentic contemporaneous source
559,SOURCE NOT FOUND,UNKNOWN,,NOT RECORDED,NOT RECORDED,NOT EXECUTED; no authentic contemporaneous source
560,SOURCE NOT FOUND,UNKNOWN,,NOT RECORDED,NOT RECORDED,NOT EXECUTED; no authentic contemporaneous source
561,SOURCE NOT FOUND,UNKNOWN,,NOT RECORDED,NOT RECORDED,NOT EXECUTED; no authentic contemporaneous source
562,SOURCE NOT FOUND,UNKNOWN,,NOT RECORDED,NOT RECORDED,NOT EXECUTED; no authentic contemporaneous source
563,SOURCE NOT FOUND,UNKNOWN,,NOT RECORDED,NOT RECORDED,NOT EXECUTED; no authentic contemporaneous source
564,SOURCE NOT FOUND,UNKNOWN,,NOT RECORDED,NOT RECORDED,NOT EXECUTED; no authentic contemporaneous source
565,SOURCE NOT FOUND,UNKNOWN,,NOT RECORDED,NOT RECORDED,NOT EXECUTED; no authentic contemporaneous source
566,SOURCE NOT FOUND,UNKNOWN,,NOT RECORDED,NOT RECORDED,NOT EXECUTED; no authentic contemporaneous source
567,SOURCE NOT FOUND,UNKNOWN,,NOT RECORDED,NOT RECORDED,NOT EXECUTED; no authentic contemporaneous source
568,SOURCE NOT FOUND,UNKNOWN,,NOT RECORDED,NOT RECORDED,NOT EXECUTED; no authentic contemporaneous source
569,SOURCE NOT FOUND,UNKNOWN,,NOT RECORDED,NOT RECORDED,NOT EXECUTED; no authentic contemporaneous source
570,SOURCE NOT FOUND,UNKNOWN,,NOT RECORDED,NOT RECORDED,NOT EXECUTED; no authentic contemporaneous source
571,SOURCE NOT FOUND,UNKNOWN,,NOT RECORDED,NOT RECORDED,NOT EXECUTED; no authentic contemporaneous source
572,SOURCE NOT FOUND,UNKNOWN,,NOT RECORDED,NOT RECORDED,NOT EXECUTED; no authentic contemporaneous source
573,SOURCE NOT FOUND,UNKNOWN,,NOT RECORDED,NOT RECORDED,NOT EXECUTED; no authentic contemporaneous source
574,SOURCE NOT FOUND,UNKNOWN,,NOT RECORDED,NOT RECORDED,NOT EXECUTED; no authentic contemporaneous source
575,SOURCE NOT FOUND,UNKNOWN,,NOT RECORDED,NOT RECORDED,NOT EXECUTED; no authentic contemporaneous source
576,SOURCE NOT FOUND,UNKNOWN,,NOT RECORDED,NOT RECORDED,NOT EXECUTED; no authentic contemporaneous source
577,SOURCE NOT FOUND,UNKNOWN,,NOT RECORDED,NOT RECORDED,NOT EXECUTED; no authentic contemporaneous source
578,SOURCE NOT FOUND,UNKNOWN,,NOT RECORDED,NOT RECORDED,NOT EXECUTED; no authentic contemporaneous source
579,SOURCE NOT FOUND,UNKNOWN,,NOT RECORDED,NOT RECORDED,NOT EXECUTED; no authentic contemporaneous source
580,SOURCE NOT FOUND,UNKNOWN,,NOT RECORDED,NOT RECORDED,NOT EXECUTED; no authentic contemporaneous source
581,SOURCE NOT FOUND,UNKNOWN,,NOT RECORDED,NOT RECORDED,NOT EXECUTED; no authentic contemporaneous source
582,SOURCE NOT FOUND,UNKNOWN,,NOT RECORDED,NOT RECORDED,NOT EXECUTED; no authentic contemporaneous source
583,SOURCE NOT FOUND,UNKNOWN,,NOT RECORDED,NOT RECORDED,NOT EXECUTED; no authentic contemporaneous source
584,SOURCE NOT FOUND,UNKNOWN,,NOT RECORDED,NOT RECORDED,NOT EXECUTED; no authentic contemporaneous source
585,SOURCE NOT FOUND,UNKNOWN,,NOT RECORDED,NOT RECORDED,NOT EXECUTED; no authentic contemporaneous source
586,SOURCE NOT FOUND,UNKNOWN,,NOT RECORDED,NOT RECORDED,NOT EXECUTED; no authentic contemporaneous source
587,SOURCE NOT FOUND,UNKNOWN,,NOT RECORDED,NOT RECORDED,NOT EXECUTED; no authentic contemporaneous source
588,SOURCE NOT FOUND,UNKNOWN,,NOT RECORDED,NOT RECORDED,NOT EXECUTED; no authentic contemporaneous source
589,SOURCE NOT FOUND,UNKNOWN,,NOT RECORDED,NOT RECORDED,NOT EXECUTED; no authentic contemporaneous source
590,SOURCE NOT FOUND,UNKNOWN,,NOT RECORDED,NOT RECORDED,NOT EXECUTED; no authentic contemporaneous source
591,SOURCE NOT FOUND,UNKNOWN,,NOT RECORDED,NOT RECORDED,NOT EXECUTED; no authentic contemporaneous source
592,SOURCE NOT FOUND,UNKNOWN,,NOT RECORDED,NOT RECORDED,NOT EXECUTED; no authentic contemporaneous source
593,SOURCE NOT FOUND,UNKNOWN,,NOT RECORDED,NOT RECORDED,NOT EXECUTED; no authentic contemporaneous source
594,SOURCE NOT FOUND,UNKNOWN,,NOT RECORDED,NOT RECORDED,NOT EXECUTED; no authentic contemporaneous source
595,SOURCE NOT FOUND,UNKNOWN,,NOT RECORDED,NOT RECORDED,NOT EXECUTED; no authentic contemporaneous source
596,SOURCE NOT FOUND,UNKNOWN,,NOT RECORDED,NOT RECORDED,NOT EXECUTED; no authentic contemporaneous source
597,SOURCE NOT FOUND,UNKNOWN,,NOT RECORDED,NOT RECORDED,NOT EXECUTED; no authentic contemporaneous source
598,SOURCE NOT FOUND,UNKNOWN,,NOT RECORDED,NOT RECORDED,NOT EXECUTED; no authentic contemporaneous source
599,SOURCE NOT FOUND,UNKNOWN,,NOT RECORDED,NOT RECORDED,NOT EXECUTED; no authentic contemporaneous source
600,SOURCE NOT FOUND,UNKNOWN,,NOT RECORDED,NOT RECORDED,NOT EXECUTED; no authentic contemporaneous source
601,SOURCE NOT FOUND,UNKNOWN,,NOT RECORDED,NOT RECORDED,NOT EXECUTED; no authentic contemporaneous source
602,SOURCE NOT FOUND,UNKNOWN,,NOT RECORDED,NOT RECORDED,NOT EXECUTED; no authentic contemporaneous source
603,SOURCE NOT FOUND,UNKNOWN,,NOT RECORDED,NOT RECORDED,NOT EXECUTED; no authentic contemporaneous source
604,SOURCE NOT FOUND,UNKNOWN,,NOT RECORDED,NOT RECORDED,NOT EXECUTED; no authentic contemporaneous source
605,SOURCE NOT FOUND,UNKNOWN,,NOT RECORDED,NOT RECORDED,NOT EXECUTED; no authentic contemporaneous source
606,SOURCE NOT FOUND,UNKNOWN,,NOT RECORDED,NOT RECORDED,NOT EXECUTED; no authentic contemporaneous source
607,SOURCE NOT FOUND,UNKNOWN,,NOT RECORDED,NOT RECORDED,NOT EXECUTED; no authentic contemporaneous source
608,SOURCE NOT FOUND,UNKNOWN,,NOT RECORDED,NOT RECORDED,NOT EXECUTED; no authentic contemporaneous source
609,SOURCE NOT FOUND,UNKNOWN,,NOT RECORDED,NOT RECORDED,NOT EXECUTED; no authentic contemporaneous source
610,SOURCE NOT FOUND,UNKNOWN,,NOT RECORDED,NOT RECORDED,NOT EXECUTED; no authentic contemporaneous source
611,SOURCE NOT FOUND,UNKNOWN,,NOT RECORDED,NOT RECORDED,NOT EXECUTED; no authentic contemporaneous source
612,SOURCE NOT FOUND,UNKNOWN,,NOT RECORDED,NOT RECORDED,NOT EXECUTED; no authentic contemporaneous source
613,SOURCE NOT FOUND,UNKNOWN,,NOT RECORDED,NOT RECORDED,NOT EXECUTED; no authentic contemporaneous source
614,SOURCE NOT FOUND,UNKNOWN,,NOT RECORDED,NOT RECORDED,NOT EXECUTED; no authentic contemporaneous source
615,SOURCE NOT FOUND,UNKNOWN,,NOT RECORDED,NOT RECORDED,NOT EXECUTED; no authentic contemporaneous source
616,SOURCE NOT FOUND,UNKNOWN,,NOT RECORDED,NOT RECORDED,NOT EXECUTED; no authentic contemporaneous source
617,SOURCE NOT FOUND,UNKNOWN,,NOT RECORDED,NOT RECORDED,NOT EXECUTED; no authentic contemporaneous source
618,SOURCE NOT FOUND,UNKNOWN,,NOT RECORDED,NOT RECORDED,NOT EXECUTED; no authentic contemporaneous source
619,SOURCE NOT FOUND,UNKNOWN,,NOT RECORDED,NOT RECORDED,NOT EXECUTED; no authentic contemporaneous source
620,SOURCE NOT FOUND,UNKNOWN,,NOT RECORDED,NOT RECORDED,NOT EXECUTED; no authentic contemporaneous source
621,SOURCE NOT FOUND,UNKNOWN,,NOT RECORDED,NOT RECORDED,NOT EXECUTED; no authentic contemporaneous source
622,SOURCE NOT FOUND,UNKNOWN,,NOT RECORDED,NOT RECORDED,NOT EXECUTED; no authentic contemporaneous source
623,SOURCE NOT FOUND,UNKNOWN,,NOT RECORDED,NOT RECORDED,NOT EXECUTED; no authentic contemporaneous source
624,SOURCE NOT FOUND,UNKNOWN,,NOT RECORDED,NOT RECORDED,NOT EXECUTED; no authentic contemporaneous source
625,SOURCE NOT FOUND,UNKNOWN,,NOT RECORDED,NOT RECORDED,NOT EXECUTED; no authentic contemporaneous source
626,SOURCE NOT FOUND,UNKNOWN,,NOT RECORDED,NOT RECORDED,NOT EXECUTED; no authentic contemporaneous source
627,SOURCE NOT FOUND,UNKNOWN,,NOT RECORDED,NOT RECORDED,NOT EXECUTED; no authentic contemporaneous source
628,SOURCE NOT FOUND,UNKNOWN,,NOT RECORDED,NOT RECORDED,NOT EXECUTED; no authentic contemporaneous source
629,SOURCE NOT FOUND,UNKNOWN,,NOT RECORDED,NOT RECORDED,NOT EXECUTED; no authentic contemporaneous source
630,SOURCE NOT FOUND,UNKNOWN,,NOT RECORDED,NOT RECORDED,NOT EXECUTED; no authentic contemporaneous source
631,SOURCE NOT FOUND,UNKNOWN,,NOT RECORDED,NOT RECORDED,NOT EXECUTED; no authentic contemporaneous source
632,SOURCE NOT FOUND,UNKNOWN,,NOT RECORDED,NOT RECORDED,NOT EXECUTED; no authentic contemporaneous source
633,SOURCE NOT FOUND,UNKNOWN,,NOT RECORDED,NOT RECORDED,NOT EXECUTED; no authentic contemporaneous source
634,SOURCE NOT FOUND,UNKNOWN,,NOT RECORDED,NOT RECORDED,NOT EXECUTED; no authentic contemporaneous source
635,SOURCE NOT FOUND,UNKNOWN,,NOT RECORDED,NOT RECORDED,NOT EXECUTED; no authentic contemporaneous source
636,SOURCE NOT FOUND,UNKNOWN,,NOT RECORDED,NOT RECORDED,NOT EXECUTED; no authentic contemporaneous source
637,SOURCE NOT FOUND,UNKNOWN,,NOT RECORDED,NOT RECORDED,NOT EXECUTED; no authentic contemporaneous source
638,SOURCE NOT FOUND,UNKNOWN,,NOT RECORDED,NOT RECORDED,NOT EXECUTED; no authentic contemporaneous source
639,SOURCE NOT FOUND,UNKNOWN,,NOT RECORDED,NOT RECORDED,NOT EXECUTED; no authentic contemporaneous source
640,SOURCE NOT FOUND,UNKNOWN,,NOT RECORDED,NOT RECORDED,NOT EXECUTED; no authentic contemporaneous source
641,SOURCE NOT FOUND,UNKNOWN,,NOT RECORDED,NOT RECORDED,NOT EXECUTED; no authentic contemporaneous source
642,SOURCE NOT FOUND,UNKNOWN,,NOT RECORDED,NOT RECORDED,NOT EXECUTED; no authentic contemporaneous source
643,SOURCE NOT FOUND,UNKNOWN,,NOT RECORDED,NOT RECORDED,NOT EXECUTED; no authentic contemporaneous source
644,SOURCE NOT FOUND,UNKNOWN,,NOT RECORDED,NOT RECORDED,NOT EXECUTED; no authentic contemporaneous source
645,SOURCE NOT FOUND,UNKNOWN,,NOT RECORDED,NOT RECORDED,NOT EXECUTED; no authentic contemporaneous source
646,SOURCE NOT FOUND,UNKNOWN,,NOT RECORDED,NOT RECORDED,NOT EXECUTED; no authentic contemporaneous source
647,SOURCE NOT FOUND,UNKNOWN,,NOT RECORDED,NOT RECORDED,NOT EXECUTED; no authentic contemporaneous source
648,SOURCE NOT FOUND,UNKNOWN,,NOT RECORDED,NOT RECORDED,NOT EXECUTED; no authentic contemporaneous source
649,SOURCE NOT FOUND,UNKNOWN,,NOT RECORDED,NOT RECORDED,NOT EXECUTED; no authentic contemporaneous source
650,SOURCE NOT FOUND,UNKNOWN,,NOT RECORDED,NOT RECORDED,NOT EXECUTED; no authentic contemporaneous source
651,SOURCE NOT FOUND,UNKNOWN,,NOT RECORDED,NOT RECORDED,NOT EXECUTED; no authentic contemporaneous source
652,SOURCE NOT FOUND,UNKNOWN,,NOT RECORDED,NOT RECORDED,NOT EXECUTED; no authentic contemporaneous source
653,SOURCE NOT FOUND,UNKNOWN,,NOT RECORDED,NOT RECORDED,NOT EXECUTED; no authentic contemporaneous source
654,SOURCE NOT FOUND,UNKNOWN,,NOT RECORDED,NOT RECORDED,NOT EXECUTED; no authentic contemporaneous source
655,SOURCE NOT FOUND,UNKNOWN,,NOT RECORDED,NOT RECORDED,NOT EXECUTED; no authentic contemporaneous source
656,SOURCE NOT FOUND,UNKNOWN,,NOT RECORDED,NOT RECORDED,NOT EXECUTED; no authentic contemporaneous source
657,SOURCE NOT FOUND,UNKNOWN,,NOT RECORDED,NOT RECORDED,NOT EXECUTED; no authentic contemporaneous source
658,SOURCE NOT FOUND,UNKNOWN,,NOT RECORDED,NOT RECORDED,NOT EXECUTED; no authentic contemporaneous source
659,SOURCE NOT FOUND,UNKNOWN,,NOT RECORDED,NOT RECORDED,NOT EXECUTED; no authentic contemporaneous source
660,SOURCE NOT FOUND,UNKNOWN,,NOT RECORDED,NOT RECORDED,NOT EXECUTED; no authentic contemporaneous source
661,SOURCE NOT FOUND,UNKNOWN,,NOT RECORDED,NOT RECORDED,NOT EXECUTED; no authentic contemporaneous source
662,SOURCE NOT FOUND,UNKNOWN,,NOT RECORDED,NOT RECORDED,NOT EXECUTED; no authentic contemporaneous source
663,SOURCE NOT FOUND,UNKNOWN,,NOT RECORDED,NOT RECORDED,NOT EXECUTED; no authentic contemporaneous source
664,SOURCE NOT FOUND,UNKNOWN,,NOT RECORDED,NOT RECORDED,NOT EXECUTED; no authentic contemporaneous source
665,SOURCE NOT FOUND,UNKNOWN,,NOT RECORDED,NOT RECORDED,NOT EXECUTED; no authentic contemporaneous source
666,SOURCE NOT FOUND,UNKNOWN,,NOT RECORDED,NOT RECORDED,NOT EXECUTED; no authentic contemporaneous source
667,SOURCE NOT FOUND,UNKNOWN,,NOT RECORDED,NOT RECORDED,NOT EXECUTED; no authentic contemporaneous source
668,SOURCE NOT FOUND,UNKNOWN,,NOT RECORDED,NOT RECORDED,NOT EXECUTED; no authentic contemporaneous source
669,SOURCE NOT FOUND,UNKNOWN,,NOT RECORDED,NOT RECORDED,NOT EXECUTED; no authentic contemporaneous source
670,SOURCE NOT FOUND,UNKNOWN,,NOT RECORDED,NOT RECORDED,NOT EXECUTED; no authentic contemporaneous source
671,SOURCE NOT FOUND,UNKNOWN,,NOT RECORDED,NOT RECORDED,NOT EXECUTED; no authentic contemporaneous source
672,SOURCE NOT FOUND,UNKNOWN,,NOT RECORDED,NOT RECORDED,NOT EXECUTED; no authentic contemporaneous source
673,SOURCE NOT FOUND,UNKNOWN,,NOT RECORDED,NOT RECORDED,NOT EXECUTED; no authentic contemporaneous source
674,SOURCE NOT FOUND,UNKNOWN,,NOT RECORDED,NOT RECORDED,NOT EXECUTED; no authentic contemporaneous source
675,SOURCE NOT FOUND,UNKNOWN,,NOT RECORDED,NOT RECORDED,NOT EXECUTED; no authentic contemporaneous source
676,SOURCE NOT FOUND,UNKNOWN,,NOT RECORDED,NOT RECORDED,NOT EXECUTED; no authentic contemporaneous source
677,SOURCE NOT FOUND,UNKNOWN,,NOT RECORDED,NOT RECORDED,NOT EXECUTED; no authentic contemporaneous source
678,SOURCE NOT FOUND,UNKNOWN,,NOT RECORDED,NOT RECORDED,NOT EXECUTED; no authentic contemporaneous source
679,SOURCE NOT FOUND,UNKNOWN,,NOT RECORDED,NOT RECORDED,NOT EXECUTED; no authentic contemporaneous source
680,SOURCE NOT FOUND,UNKNOWN,,NOT RECORDED,NOT RECORDED,NOT EXECUTED; no authentic contemporaneous source
681,SOURCE NOT FOUND,UNKNOWN,,NOT RECORDED,NOT RECORDED,NOT EXECUTED; no authentic contemporaneous source
682,SOURCE NOT FOUND,UNKNOWN,,NOT RECORDED,NOT RECORDED,NOT EXECUTED; no authentic contemporaneous source
683,SOURCE NOT FOUND,UNKNOWN,,NOT RECORDED,NOT RECORDED,NOT EXECUTED; no authentic contemporaneous source
684,SOURCE NOT FOUND,UNKNOWN,,NOT RECORDED,NOT RECORDED,NOT EXECUTED; no authentic contemporaneous source
685,SOURCE NOT FOUND,UNKNOWN,,NOT RECORDED,NOT RECORDED,NOT EXECUTED; no authentic contemporaneous source
686,SOURCE NOT FOUND,UNKNOWN,,NOT RECORDED,NOT RECORDED,NOT EXECUTED; no authentic contemporaneous source
687,SOURCE NOT FOUND,UNKNOWN,,NOT RECORDED,NOT RECORDED,NOT EXECUTED; no authentic contemporaneous source
688,SOURCE NOT FOUND,UNKNOWN,,NOT RECORDED,NOT RECORDED,NOT EXECUTED; no authentic contemporaneous source
689,SOURCE NOT FOUND,UNKNOWN,,NOT RECORDED,NOT RECORDED,NOT EXECUTED; no authentic contemporaneous source
690,SOURCE NOT FOUND,UNKNOWN,,NOT RECORDED,NOT RECORDED,NOT EXECUTED; no authentic contemporaneous source
691,SOURCE NOT FOUND,UNKNOWN,,NOT RECORDED,NOT RECORDED,NOT EXECUTED; no authentic contemporaneous source
692,SOURCE NOT FOUND,UNKNOWN,,NOT RECORDED,NOT RECORDED,NOT EXECUTED; no authentic contemporaneous source
693,SOURCE NOT FOUND,UNKNOWN,,NOT RECORDED,NOT RECORDED,NOT EXECUTED; no authentic contemporaneous source
694,SOURCE NOT FOUND,UNKNOWN,,NOT RECORDED,NOT RECORDED,NOT EXECUTED; no authentic contemporaneous source
695,SOURCE NOT FOUND,UNKNOWN,,NOT RECORDED,NOT RECORDED,NOT EXECUTED; no authentic contemporaneous source
696,SOURCE NOT FOUND,UNKNOWN,,NOT RECORDED,NOT RECORDED,NOT EXECUTED; no authentic contemporaneous source
697,SOURCE NOT FOUND,UNKNOWN,,NOT RECORDED,NOT RECORDED,NOT EXECUTED; no authentic contemporaneous source
698,SOURCE NOT FOUND,UNKNOWN,,NOT RECORDED,NOT RECORDED,NOT EXECUTED; no authentic contemporaneous source
699,SOURCE NOT FOUND,UNKNOWN,,NOT RECORDED,NOT RECORDED,NOT EXECUTED; no authentic contemporaneous source
700,SOURCE NOT FOUND,UNKNOWN,,NOT RECORDED,NOT RECORDED,NOT EXECUTED; no authentic contemporaneous source
701,SOURCE NOT FOUND,UNKNOWN,,NOT RECORDED,NOT RECORDED,NOT EXECUTED; no authentic contemporaneous source
702,SOURCE NOT FOUND,UNKNOWN,,NOT RECORDED,NOT RECORDED,NOT EXECUTED; no authentic contemporaneous source
703,SOURCE NOT FOUND,UNKNOWN,,NOT RECORDED,NOT RECORDED,NOT EXECUTED; no authentic contemporaneous source
704,SOURCE NOT FOUND,UNKNOWN,,NOT RECORDED,NOT RECORDED,NOT EXECUTED; no authentic contemporaneous source
705,SOURCE NOT FOUND,UNKNOWN,,NOT RECORDED,NOT RECORDED,NOT EXECUTED; no authentic contemporaneous source
706,SOURCE NOT FOUND,UNKNOWN,,NOT RECORDED,NOT RECORDED,NOT EXECUTED; no authentic contemporaneous source
707,SOURCE NOT FOUND,UNKNOWN,,NOT RECORDED,NOT RECORDED,NOT EXECUTED; no authentic contemporaneous source
708,SOURCE NOT FOUND,UNKNOWN,,NOT RECORDED,NOT RECORDED,NOT EXECUTED; no authentic contemporaneous source
709,SOURCE NOT FOUND,UNKNOWN,,NOT RECORDED,NOT RECORDED,NOT EXECUTED; no authentic contemporaneous source
710,SOURCE NOT FOUND,UNKNOWN,,NOT RECORDED,NOT RECORDED,NOT EXECUTED; no authentic contemporaneous source
711,SOURCE NOT FOUND,UNKNOWN,,NOT RECORDED,NOT RECORDED,NOT EXECUTED; no authentic contemporaneous source
712,SOURCE NOT FOUND,UNKNOWN,,NOT RECORDED,NOT RECORDED,NOT EXECUTED; no authentic contemporaneous source
713,SOURCE NOT FOUND,UNKNOWN,,NOT RECORDED,NOT RECORDED,NOT EXECUTED; no authentic contemporaneous source
714,SOURCE NOT FOUND,UNKNOWN,,NOT RECORDED,NOT RECORDED,NOT EXECUTED; no authentic contemporaneous source
715,SOURCE NOT FOUND,UNKNOWN,,NOT RECORDED,NOT RECORDED,NOT EXECUTED; no authentic contemporaneous source
716,SOURCE NOT FOUND,UNKNOWN,,NOT RECORDED,NOT RECORDED,NOT EXECUTED; no authentic contemporaneous source
717,SOURCE NOT FOUND,UNKNOWN,,NOT RECORDED,NOT RECORDED,NOT EXECUTED; no authentic contemporaneous source
718,SOURCE NOT FOUND,UNKNOWN,,NOT RECORDED,NOT RECORDED,NOT EXECUTED; no authentic contemporaneous source
719,SOURCE NOT FOUND,UNKNOWN,,NOT RECORDED,NOT RECORDED,NOT EXECUTED; no authentic contemporaneous source
720,SOURCE NOT FOUND,UNKNOWN,,NOT RECORDED,NOT RECORDED,NOT EXECUTED; no authentic contemporaneous source
721,SOURCE NOT FOUND,UNKNOWN,,NOT RECORDED,NOT RECORDED,NOT EXECUTED; no authentic contemporaneous source
722,SOURCE NOT FOUND,UNKNOWN,,NOT RECORDED,NOT RECORDED,NOT EXECUTED; no authentic contemporaneous source
723,SOURCE NOT FOUND,UNKNOWN,,NOT RECORDED,NOT RECORDED,NOT EXECUTED; no authentic contemporaneous source
724,SOURCE NOT FOUND,UNKNOWN,,NOT RECORDED,NOT RECORDED,NOT EXECUTED; no authentic contemporaneous source
725,SOURCE NOT FOUND,UNKNOWN,,NOT RECORDED,NOT RECORDED,NOT EXECUTED; no authentic contemporaneous source
726,SOURCE NOT FOUND,UNKNOWN,,NOT RECORDED,NOT RECORDED,NOT EXECUTED; no authentic contemporaneous source
727,SOURCE NOT FOUND,UNKNOWN,,NOT RECORDED,NOT RECORDED,NOT EXECUTED; no authentic contemporaneous source
728,SOURCE NOT FOUND,UNKNOWN,,NOT RECORDED,NOT RECORDED,NOT EXECUTED; no authentic contemporaneous source
729,SOURCE NOT FOUND,UNKNOWN,,NOT RECORDED,NOT RECORDED,NOT EXECUTED; no authentic contemporaneous source
730,SOURCE NOT FOUND,UNKNOWN,,NOT RECORDED,NOT RECORDED,NOT EXECUTED; no authentic contemporaneous source
731,SOURCE NOT FOUND,UNKNOWN,,NOT RECORDED,NOT RECORDED,NOT EXECUTED; no authentic contemporaneous source
732,SOURCE NOT FOUND,UNKNOWN,,NOT RECORDED,NOT RECORDED,NOT EXECUTED; no authentic contemporaneous source
733,SOURCE NOT FOUND,UNKNOWN,,NOT RECORDED,NOT RECORDED,NOT EXECUTED; no authentic contemporaneous source
734,SOURCE NOT FOUND,UNKNOWN,,NOT RECORDED,NOT RECORDED,NOT EXECUTED; no authentic contemporaneous source
735,SOURCE NOT FOUND,UNKNOWN,,NOT RECORDED,NOT RECORDED,NOT EXECUTED; no authentic contemporaneous source
736,SOURCE NOT FOUND,UNKNOWN,,NOT RECORDED,NOT RECORDED,NOT EXECUTED; no authentic contemporaneous source
737,SOURCE NOT FOUND,UNKNOWN,,NOT RECORDED,NOT RECORDED,NOT EXECUTED; no authentic contemporaneous source
738,SOURCE NOT FOUND,UNKNOWN,,NOT RECORDED,NOT RECORDED,NOT EXECUTED; no authentic contemporaneous source
739,SOURCE NOT FOUND,UNKNOWN,,NOT RECORDED,NOT RECORDED,NOT EXECUTED; no authentic contemporaneous source
740,SOURCE NOT FOUND,UNKNOWN,,NOT RECORDED,NOT RECORDED,NOT EXECUTED; no authentic contemporaneous source
741,SOURCE NOT FOUND,UNKNOWN,,NOT RECORDED,NOT RECORDED,NOT EXECUTED; no authentic contemporaneous source
742,SOURCE NOT FOUND,UNKNOWN,,NOT RECORDED,NOT RECORDED,NOT EXECUTED; no authentic contemporaneous source
743,SOURCE NOT FOUND,UNKNOWN,,NOT RECORDED,NOT RECORDED,NOT EXECUTED; no authentic contemporaneous source
744,SOURCE NOT FOUND,UNKNOWN,,NOT RECORDED,NOT RECORDED,NOT EXECUTED; no authentic contemporaneous source
745,SOURCE NOT FOUND,UNKNOWN,,NOT RECORDED,NOT RECORDED,NOT EXECUTED; no authentic contemporaneous source
746,SOURCE NOT FOUND,UNKNOWN,,NOT RECORDED,NOT RECORDED,NOT EXECUTED; no authentic contemporaneous source
747,SOURCE NOT FOUND,UNKNOWN,,NOT RECORDED,NOT RECORDED,NOT EXECUTED; no authentic contemporaneous source
748,SOURCE NOT FOUND,UNKNOWN,,NOT RECORDED,NOT RECORDED,NOT EXECUTED; no authentic contemporaneous source
749,SOURCE NOT FOUND,UNKNOWN,,NOT RECORDED,NOT RECORDED,NOT EXECUTED; no authentic contemporaneous source
750,SOURCE NOT FOUND,UNKNOWN,,NOT RECORDED,NOT RECORDED,NOT EXECUTED; no authentic contemporaneous source
751,SOURCE NOT FOUND,UNKNOWN,,NOT RECORDED,NOT RECORDED,NOT EXECUTED; no authentic contemporaneous source
752,SOURCE NOT FOUND,UNKNOWN,,NOT RECORDED,NOT RECORDED,NOT EXECUTED; no authentic contemporaneous source
753,SOURCE NOT FOUND,UNKNOWN,,NOT RECORDED,NOT RECORDED,NOT EXECUTED; no authentic contemporaneous source
754,SOURCE NOT FOUND,UNKNOWN,,NOT RECORDED,NOT RECORDED,NOT EXECUTED; no authentic contemporaneous source
755,SOURCE NOT FOUND,UNKNOWN,,NOT RECORDED,NOT RECORDED,NOT EXECUTED; no authentic contemporaneous source
756,SOURCE NOT FOUND,UNKNOWN,,NOT RECORDED,NOT RECORDED,NOT EXECUTED; no authentic contemporaneous source
757,SOURCE NOT FOUND,UNKNOWN,,NOT RECORDED,NOT RECORDED,NOT EXECUTED; no authentic contemporaneous source
758,SOURCE NOT FOUND,UNKNOWN,,NOT RECORDED,NOT RECORDED,NOT EXECUTED; no authentic contemporaneous source
759,SOURCE NOT FOUND,UNKNOWN,,NOT RECORDED,NOT RECORDED,NOT EXECUTED; no authentic contemporaneous source
760,SOURCE NOT FOUND,UNKNOWN,,NOT RECORDED,NOT RECORDED,NOT EXECUTED; no authentic contemporaneous source
761,SOURCE NOT FOUND,UNKNOWN,,NOT RECORDED,NOT RECORDED,NOT EXECUTED; no authentic contemporaneous source
762,SOURCE NOT FOUND,UNKNOWN,,NOT RECORDED,NOT RECORDED,NOT EXECUTED; no authentic contemporaneous source
763,SOURCE NOT FOUND,UNKNOWN,,NOT RECORDED,NOT RECORDED,NOT EXECUTED; no authentic contemporaneous source
764,SOURCE NOT FOUND,UNKNOWN,,NOT RECORDED,NOT RECORDED,NOT EXECUTED; no authentic contemporaneous source
765,SOURCE NOT FOUND,UNKNOWN,,NOT RECORDED,NOT RECORDED,NOT EXECUTED; no authentic contemporaneous source
766,SOURCE NOT FOUND,UNKNOWN,,NOT RECORDED,NOT RECORDED,NOT EXECUTED; no authentic contemporaneous source
767,SOURCE NOT FOUND,UNKNOWN,,NOT RECORDED,NOT RECORDED,NOT EXECUTED; no authentic contemporaneous source
768,SOURCE NOT FOUND,UNKNOWN,,NOT RECORDED,NOT RECORDED,NOT EXECUTED; no authentic contemporaneous source
769,SOURCE NOT FOUND,UNKNOWN,,NOT RECORDED,NOT RECORDED,NOT EXECUTED; no authentic contemporaneous source
770,SOURCE NOT FOUND,UNKNOWN,,NOT RECORDED,NOT RECORDED,NOT EXECUTED; no authentic contemporaneous source
771,SOURCE NOT FOUND,UNKNOWN,,NOT RECORDED,NOT RECORDED,NOT EXECUTED; no authentic contemporaneous source
772,SOURCE NOT FOUND,UNKNOWN,,NOT RECORDED,NOT RECORDED,NOT EXECUTED; no authentic contemporaneous source
773,SOURCE NOT FOUND,UNKNOWN,,NOT RECORDED,NOT RECORDED,NOT EXECUTED; no authentic contemporaneous source
774,SOURCE NOT FOUND,UNKNOWN,,NOT RECORDED,NOT RECORDED,NOT EXECUTED; no authentic contemporaneous source
775,SOURCE NOT FOUND,UNKNOWN,,NOT RECORDED,NOT RECORDED,NOT EXECUTED; no authentic contemporaneous source
776,SOURCE NOT FOUND,UNKNOWN,,NOT RECORDED,NOT RECORDED,NOT EXECUTED; no authentic contemporaneous source
777,SOURCE NOT FOUND,UNKNOWN,,NOT RECORDED,NOT RECORDED,NOT EXECUTED; no authentic contemporaneous source
778,SOURCE NOT FOUND,UNKNOWN,,NOT RECORDED,NOT RECORDED,NOT EXECUTED; no authentic contemporaneous source
779,SOURCE NOT FOUND,UNKNOWN,,NOT RECORDED,NOT RECORDED,NOT EXECUTED; no authentic contemporaneous source
780,SOURCE NOT FOUND,UNKNOWN,,NOT RECORDED,NOT RECORDED,NOT EXECUTED; no authentic contemporaneous source
781,SOURCE NOT FOUND,UNKNOWN,,NOT RECORDED,NOT RECORDED,NOT EXECUTED; no authentic contemporaneous source
782,SOURCE NOT FOUND,UNKNOWN,,NOT RECORDED,NOT RECORDED,NOT EXECUTED; no authentic contemporaneous source
783,SOURCE NOT FOUND,UNKNOWN,,NOT RECORDED,NOT RECORDED,NOT EXECUTED; no authentic contemporaneous source
784,SOURCE NOT FOUND,UNKNOWN,,NOT RECORDED,NOT RECORDED,NOT EXECUTED; no authentic contemporaneous source
785,SOURCE NOT FOUND,UNKNOWN,,NOT RECORDED,NOT RECORDED,NOT EXECUTED; no authentic contemporaneous source
786,SOURCE NOT FOUND,UNKNOWN,,NOT RECORDED,NOT RECORDED,NOT EXECUTED; no authentic contemporaneous source
787,SOURCE NOT FOUND,UNKNOWN,,NOT RECORDED,NOT RECORDED,NOT EXECUTED; no authentic contemporaneous source
788,SOURCE NOT FOUND,UNKNOWN,,NOT RECORDED,NOT RECORDED,NOT EXECUTED; no authentic contemporaneous source
789,SOURCE NOT FOUND,UNKNOWN,,NOT RECORDED,NOT RECORDED,NOT EXECUTED; no authentic contemporaneous source
790,SOURCE NOT FOUND,UNKNOWN,,NOT RECORDED,NOT RECORDED,NOT EXECUTED; no authentic contemporaneous source
791,SOURCE NOT FOUND,UNKNOWN,,NOT RECORDED,NOT RECORDED,NOT EXECUTED; no authentic contemporaneous source
792,SOURCE NOT FOUND,UNKNOWN,,NOT RECORDED,NOT RECORDED,NOT EXECUTED; no authentic contemporaneous source
793,SOURCE NOT FOUND,UNKNOWN,,NOT RECORDED,NOT RECORDED,NOT EXECUTED; no authentic contemporaneous source
794,SOURCE NOT FOUND,UNKNOWN,,NOT RECORDED,NOT RECORDED,NOT EXECUTED; no authentic contemporaneous source
795,SOURCE NOT FOUND,UNKNOWN,,NOT RECORDED,NOT RECORDED,NOT EXECUTED; no authentic contemporaneous source
796,SOURCE NOT FOUND,UNKNOWN,,NOT RECORDED,NOT RECORDED,NOT EXECUTED; no authentic contemporaneous source
797,SOURCE NOT FOUND,UNKNOWN,,NOT RECORDED,NOT RECORDED,NOT EXECUTED; no authentic contemporaneous source
798,SOURCE NOT FOUND,UNKNOWN,,NOT RECORDED,NOT RECORDED,NOT EXECUTED; no authentic contemporaneous source
799,SOURCE NOT FOUND,UNKNOWN,,NOT RECORDED,NOT RECORDED,NOT EXECUTED; no authentic contemporaneous source
800,SOURCE NOT FOUND,UNKNOWN,,NOT RECORDED,NOT RECORDED,NOT EXECUTED; no authentic contemporaneous source
801,SOURCE NOT FOUND,UNKNOWN,,NOT RECORDED,NOT RECORDED,NOT EXECUTED; no authentic contemporaneous source
802,SOURCE NOT FOUND,UNKNOWN,,NOT RECORDED,NOT RECORDED,NOT EXECUTED; no authentic contemporaneous source
803,SOURCE NOT FOUND,UNKNOWN,,NOT RECORDED,NOT RECORDED,NOT EXECUTED; no authentic contemporaneous source
804,SOURCE NOT FOUND,UNKNOWN,,NOT RECORDED,NOT RECORDED,NOT EXECUTED; no authentic contemporaneous source
805,SOURCE NOT FOUND,UNKNOWN,,NOT RECORDED,NOT RECORDED,NOT EXECUTED; no authentic contemporaneous source
806,SOURCE NOT FOUND,UNKNOWN,,NOT RECORDED,NOT RECORDED,NOT EXECUTED; no authentic contemporaneous source
807,SOURCE NOT FOUND,UNKNOWN,,NOT RECORDED,NOT RECORDED,NOT EXECUTED; no authentic contemporaneous source
808,SOURCE NOT FOUND,UNKNOWN,,NOT RECORDED,NOT RECORDED,NOT EXECUTED; no authentic contemporaneous source
809,SOURCE NOT FOUND,UNKNOWN,,NOT RECORDED,NOT RECORDED,NOT EXECUTED; no authentic contemporaneous source
810,SOURCE NOT FOUND,UNKNOWN,,NOT RECORDED,NOT RECORDED,NOT EXECUTED; no authentic contemporaneous source
811,SOURCE NOT FOUND,UNKNOWN,,NOT RECORDED,NOT RECORDED,NOT EXECUTED; no authentic contemporaneous source
812,SOURCE NOT FOUND,UNKNOWN,,NOT RECORDED,NOT RECORDED,NOT EXECUTED; no authentic contemporaneous source
813,SOURCE NOT FOUND,UNKNOWN,,NOT RECORDED,NOT RECORDED,NOT EXECUTED; no authentic contemporaneous source
814,SOURCE NOT FOUND,UNKNOWN,,NOT RECORDED,NOT RECORDED,NOT EXECUTED; no authentic contemporaneous source
815,SOURCE NOT FOUND,UNKNOWN,,NOT RECORDED,NOT RECORDED,NOT EXECUTED; no authentic contemporaneous source
816,SOURCE NOT FOUND,UNKNOWN,,NOT RECORDED,NOT RECORDED,NOT EXECUTED; no authentic contemporaneous source
817,SOURCE NOT FOUND,UNKNOWN,,NOT RECORDED,NOT RECORDED,NOT EXECUTED; no authentic contemporaneous source
818,SOURCE NOT FOUND,UNKNOWN,,NOT RECORDED,NOT RECORDED,NOT EXECUTED; no authentic contemporaneous source
819,SOURCE NOT FOUND,UNKNOWN,,NOT RECORDED,NOT RECORDED,NOT EXECUTED; no authentic contemporaneous source
820,SOURCE NOT FOUND,UNKNOWN,,NOT RECORDED,NOT RECORDED,NOT EXECUTED; no authentic contemporaneous source
821,SOURCE NOT FOUND,UNKNOWN,,NOT RECORDED,NOT RECORDED,NOT EXECUTED; no authentic contemporaneous source
822,SOURCE NOT FOUND,UNKNOWN,,NOT RECORDED,NOT RECORDED,NOT EXECUTED; no authentic contemporaneous source
823,SOURCE NOT FOUND,UNKNOWN,,NOT RECORDED,NOT RECORDED,NOT EXECUTED; no authentic contemporaneous source
824,SOURCE NOT FOUND,UNKNOWN,,NOT RECORDED,NOT RECORDED,NOT EXECUTED; no authentic contemporaneous source
825,SOURCE NOT FOUND,UNKNOWN,,NOT RECORDED,NOT RECORDED,NOT EXECUTED; no authentic contemporaneous source
826,SOURCE NOT FOUND,UNKNOWN,,NOT RECORDED,NOT RECORDED,NOT EXECUTED; no authentic contemporaneous source
827,SOURCE NOT FOUND,UNKNOWN,,NOT RECORDED,NOT RECORDED,NOT EXECUTED; no authentic contemporaneous source
828,SOURCE NOT FOUND,UNKNOWN,,NOT RECORDED,NOT RECORDED,NOT EXECUTED; no authentic contemporaneous source
829,SOURCE NOT FOUND,UNKNOWN,,NOT RECORDED,NOT RECORDED,NOT EXECUTED; no authentic contemporaneous source
830,SOURCE NOT FOUND,UNKNOWN,,NOT RECORDED,NOT RECORDED,NOT EXECUTED; no authentic contemporaneous source
831,SOURCE NOT FOUND,UNKNOWN,,NOT RECORDED,NOT RECORDED,NOT EXECUTED; no authentic contemporaneous source
832,SOURCE NOT FOUND,UNKNOWN,,NOT RECORDED,NOT RECORDED,NOT EXECUTED; no authentic contemporaneous source
833,SOURCE NOT FOUND,UNKNOWN,,NOT RECORDED,NOT RECORDED,NOT EXECUTED; no authentic contemporaneous source
834,SOURCE NOT FOUND,UNKNOWN,,NOT RECORDED,NOT RECORDED,NOT EXECUTED; no authentic contemporaneous source
835,SOURCE NOT FOUND,UNKNOWN,,NOT RECORDED,NOT RECORDED,NOT EXECUTED; no authentic contemporaneous source
836,SOURCE NOT FOUND,UNKNOWN,,NOT RECORDED,NOT RECORDED,NOT EXECUTED; no authentic contemporaneous source
837,SOURCE NOT FOUND,UNKNOWN,,NOT RECORDED,NOT RECORDED,NOT EXECUTED; no authentic contemporaneous source
838,SOURCE NOT FOUND,UNKNOWN,,NOT RECORDED,NOT RECORDED,NOT EXECUTED; no authentic contemporaneous source
839,SOURCE NOT FOUND,UNKNOWN,,NOT RECORDED,NOT RECORDED,NOT EXECUTED; no authentic contemporaneous source
840,SOURCE NOT FOUND,UNKNOWN,,NOT RECORDED,NOT RECORDED,NOT EXECUTED; no authentic contemporaneous source
841,SOURCE NOT FOUND,UNKNOWN,,NOT RECORDED,NOT RECORDED,NOT EXECUTED; no authentic contemporaneous source
842,SOURCE NOT FOUND,UNKNOWN,,NOT RECORDED,NOT RECORDED,NOT EXECUTED; no authentic contemporaneous source
843,SOURCE NOT FOUND,UNKNOWN,,NOT RECORDED,NOT RECORDED,NOT EXECUTED; no authentic contemporaneous source
844,SOURCE NOT FOUND,UNKNOWN,,NOT RECORDED,NOT RECORDED,NOT EXECUTED; no authentic contemporaneous source
845,SOURCE NOT FOUND,UNKNOWN,,NOT RECORDED,NOT RECORDED,NOT EXECUTED; no authentic contemporaneous source
846,SOURCE NOT FOUND,UNKNOWN,,NOT RECORDED,NOT RECORDED,NOT EXECUTED; no authentic contemporaneous source
847,SOURCE NOT FOUND,UNKNOWN,,NOT RECORDED,NOT RECORDED,NOT EXECUTED; no authentic contemporaneous source
848,SOURCE NOT FOUND,UNKNOWN,,NOT RECORDED,NOT RECORDED,NOT EXECUTED; no authentic contemporaneous source
849,SOURCE NOT FOUND,UNKNOWN,,NOT RECORDED,NOT RECORDED,NOT EXECUTED; no authentic contemporaneous source
850,SOURCE NOT FOUND,UNKNOWN,,NOT RECORDED,NOT RECORDED,NOT EXECUTED; no authentic contemporaneous source
851,SOURCE NOT FOUND,UNKNOWN,,NOT RECORDED,NOT RECORDED,NOT EXECUTED; no authentic contemporaneous source
852,SOURCE NOT FOUND,UNKNOWN,,NOT RECORDED,NOT RECORDED,NOT EXECUTED; no authentic contemporaneous source
853,SOURCE NOT FOUND,UNKNOWN,,NOT RECORDED,NOT RECORDED,NOT EXECUTED; no authentic contemporaneous source
854,SOURCE NOT FOUND,UNKNOWN,,NOT RECORDED,NOT RECORDED,NOT EXECUTED; no authentic contemporaneous source
855,SOURCE NOT FOUND,UNKNOWN,,NOT RECORDED,NOT RECORDED,NOT EXECUTED; no authentic contemporaneous source
856,SOURCE NOT FOUND,UNKNOWN,,NOT RECORDED,NOT RECORDED,NOT EXECUTED; no authentic contemporaneous source
857,SOURCE NOT FOUND,UNKNOWN,,NOT RECORDED,NOT RECORDED,NOT EXECUTED; no authentic contemporaneous source
858,SOURCE NOT FOUND,UNKNOWN,,NOT RECORDED,NOT RECORDED,NOT EXECUTED; no authentic contemporaneous source
859,SOURCE NOT FOUND,UNKNOWN,,NOT RECORDED,NOT RECORDED,NOT EXECUTED; no authentic contemporaneous source
860,SOURCE NOT FOUND,UNKNOWN,,NOT RECORDED,NOT RECORDED,NOT EXECUTED; no authentic contemporaneous source
861,SOURCE NOT FOUND,UNKNOWN,,NOT RECORDED,NOT RECORDED,NOT EXECUTED; no authentic contemporaneous source
862,SOURCE NOT FOUND,UNKNOWN,,NOT RECORDED,NOT RECORDED,NOT EXECUTED; no authentic contemporaneous source
863,SOURCE NOT FOUND,UNKNOWN,,NOT RECORDED,NOT RECORDED,NOT EXECUTED; no authentic contemporaneous source
864,SOURCE NOT FOUND,UNKNOWN,,NOT RECORDED,NOT RECORDED,NOT EXECUTED; no authentic contemporaneous source
865,SOURCE NOT FOUND,UNKNOWN,,NOT RECORDED,NOT RECORDED,NOT EXECUTED; no authentic contemporaneous source
866,SOURCE NOT FOUND,UNKNOWN,,NOT RECORDED,NOT RECORDED,NOT EXECUTED; no authentic contemporaneous source
867,SOURCE NOT FOUND,UNKNOWN,,NOT RECORDED,NOT RECORDED,NOT EXECUTED; no authentic contemporaneous source
868,SOURCE NOT FOUND,UNKNOWN,,NOT RECORDED,NOT RECORDED,NOT EXECUTED; no authentic contemporaneous source
869,SOURCE NOT FOUND,UNKNOWN,,NOT RECORDED,NOT RECORDED,NOT EXECUTED; no authentic contemporaneous source
870,SOURCE NOT FOUND,UNKNOWN,,NOT RECORDED,NOT RECORDED,NOT EXECUTED; no authentic contemporaneous source
871,SOURCE NOT FOUND,UNKNOWN,,NOT RECORDED,NOT RECORDED,NOT EXECUTED; no authentic contemporaneous source
872,SOURCE NOT FOUND,UNKNOWN,,NOT RECORDED,NOT RECORDED,NOT EXECUTED; no authentic contemporaneous source
873,SOURCE NOT FOUND,UNKNOWN,,NOT RECORDED,NOT RECORDED,NOT EXECUTED; no authentic contemporaneous source
874,SOURCE NOT FOUND,UNKNOWN,,NOT RECORDED,NOT RECORDED,NOT EXECUTED; no authentic contemporaneous source
875,SOURCE NOT FOUND,UNKNOWN,,NOT RECORDED,NOT RECORDED,NOT EXECUTED; no authentic contemporaneous source
876,SOURCE NOT FOUND,UNKNOWN,,NOT RECORDED,NOT RECORDED,NOT EXECUTED; no authentic contemporaneous source
877,SOURCE NOT FOUND,UNKNOWN,,NOT RECORDED,NOT RECORDED,NOT EXECUTED; no authentic contemporaneous source
878,SOURCE NOT FOUND,UNKNOWN,,NOT RECORDED,NOT RECORDED,NOT EXECUTED; no authentic contemporaneous source
879,SOURCE NOT FOUND,UNKNOWN,,NOT RECORDED,NOT RECORDED,NOT EXECUTED; no authentic contemporaneous source
880,SOURCE NOT FOUND,UNKNOWN,,NOT RECORDED,NOT RECORDED,NOT EXECUTED; no authentic contemporaneous source
881,SOURCE NOT FOUND,UNKNOWN,,NOT RECORDED,NOT RECORDED,NOT EXECUTED; no authentic contemporaneous source
882,SOURCE NOT FOUND,UNKNOWN,,NOT RECORDED,NOT RECORDED,NOT EXECUTED; no authentic contemporaneous source
883,SOURCE NOT FOUND,UNKNOWN,,NOT RECORDED,NOT RECORDED,NOT EXECUTED; no authentic contemporaneous source
884,SOURCE NOT FOUND,UNKNOWN,,NOT RECORDED,NOT RECORDED,NOT EXECUTED; no authentic contemporaneous source
885,SOURCE NOT FOUND,UNKNOWN,,NOT RECORDED,NOT RECORDED,NOT EXECUTED; no authentic contemporaneous source
886,SOURCE NOT FOUND,UNKNOWN,,NOT RECORDED,NOT RECORDED,NOT EXECUTED; no authentic contemporaneous source
887,SOURCE NOT FOUND,UNKNOWN,,NOT RECORDED,NOT RECORDED,NOT EXECUTED; no authentic contemporaneous source
888,SOURCE NOT FOUND,UNKNOWN,,NOT RECORDED,NOT RECORDED,NOT EXECUTED; no authentic contemporaneous source
889,SOURCE NOT FOUND,UNKNOWN,,NOT RECORDED,NOT RECORDED,NOT EXECUTED; no authentic contemporaneous source
890,SOURCE NOT FOUND,UNKNOWN,,NOT RECORDED,NOT RECORDED,NOT EXECUTED; no authentic contemporaneous source
891,SOURCE NOT FOUND,UNKNOWN,,NOT RECORDED,NOT RECORDED,NOT EXECUTED; no authentic contemporaneous source
892,SOURCE NOT FOUND,UNKNOWN,,NOT RECORDED,NOT RECORDED,NOT EXECUTED; no authentic contemporaneous source
893,SOURCE NOT FOUND,UNKNOWN,,NOT RECORDED,NOT RECORDED,NOT EXECUTED; no authentic contemporaneous source
894,SOURCE NOT FOUND,UNKNOWN,,NOT RECORDED,NOT RECORDED,NOT EXECUTED; no authentic contemporaneous source
895,SOURCE NOT FOUND,UNKNOWN,,NOT RECORDED,NOT RECORDED,NOT EXECUTED; no authentic contemporaneous source
896,SOURCE NOT FOUND,UNKNOWN,,NOT RECORDED,NOT RECORDED,NOT EXECUTED; no authentic contemporaneous source
897,SOURCE NOT FOUND,UNKNOWN,,NOT RECORDED,NOT RECORDED,NOT EXECUTED; no authentic contemporaneous source
898,SOURCE NOT FOUND,UNKNOWN,,NOT RECORDED,NOT RECORDED,NOT EXECUTED; no authentic contemporaneous source
899,SOURCE NOT FOUND,UNKNOWN,,NOT RECORDED,NOT RECORDED,NOT EXECUTED; no authentic contemporaneous source
900,SOURCE NOT FOUND,UNKNOWN,,NOT RECORDED,NOT RECORDED,NOT EXECUTED; no authentic contemporaneous source
901,SOURCE NOT FOUND,UNKNOWN,,NOT RECORDED,NOT RECORDED,NOT EXECUTED; no authentic contemporaneous source
902,SOURCE NOT FOUND,UNKNOWN,,NOT RECORDED,NOT RECORDED,NOT EXECUTED; no authentic contemporaneous source
903,SOURCE NOT FOUND,UNKNOWN,,NOT RECORDED,NOT RECORDED,NOT EXECUTED; no authentic contemporaneous source
904,SOURCE NOT FOUND,UNKNOWN,,NOT RECORDED,NOT RECORDED,NOT EXECUTED; no authentic contemporaneous source
905,SOURCE NOT FOUND,UNKNOWN,,NOT RECORDED,NOT RECORDED,NOT EXECUTED; no authentic contemporaneous source
906,SOURCE NOT FOUND,UNKNOWN,,NOT RECORDED,NOT RECORDED,NOT EXECUTED; no authentic contemporaneous source
907,SOURCE NOT FOUND,UNKNOWN,,NOT RECORDED,NOT RECORDED,NOT EXECUTED; no authentic contemporaneous source
908,SOURCE NOT FOUND,UNKNOWN,,NOT RECORDED,NOT RECORDED,NOT EXECUTED; no authentic contemporaneous source
909,SOURCE NOT FOUND,UNKNOWN,,NOT RECORDED,NOT RECORDED,NOT EXECUTED; no authentic contemporaneous source
910,SOURCE NOT FOUND,UNKNOWN,,NOT RECORDED,NOT RECORDED,NOT EXECUTED; no authentic contemporaneous source
911,SOURCE NOT FOUND,UNKNOWN,,NOT RECORDED,NOT RECORDED,NOT EXECUTED; no authentic contemporaneous source
912,SOURCE NOT FOUND,UNKNOWN,,NOT RECORDED,NOT RECORDED,NOT EXECUTED; no authentic contemporaneous source
913,SOURCE NOT FOUND,UNKNOWN,,NOT RECORDED,NOT RECORDED,NOT EXECUTED; no authentic contemporaneous source
914,SOURCE NOT FOUND,UNKNOWN,,NOT RECORDED,NOT RECORDED,NOT EXECUTED; no authentic contemporaneous source
915,SOURCE NOT FOUND,UNKNOWN,,NOT RECORDED,NOT RECORDED,NOT EXECUTED; no authentic contemporaneous source
916,SOURCE NOT FOUND,UNKNOWN,,NOT RECORDED,NOT RECORDED,NOT EXECUTED; no authentic contemporaneous source
917,SOURCE NOT FOUND,UNKNOWN,,NOT RECORDED,NOT RECORDED,NOT EXECUTED; no authentic contemporaneous source
918,SOURCE NOT FOUND,UNKNOWN,,NOT RECORDED,NOT RECORDED,NOT EXECUTED; no authentic contemporaneous source
919,SOURCE NOT FOUND,UNKNOWN,,NOT RECORDED,NOT RECORDED,NOT EXECUTED; no authentic contemporaneous source
920,SOURCE NOT FOUND,UNKNOWN,,NOT RECORDED,NOT RECORDED,NOT EXECUTED; no authentic contemporaneous source
921,SOURCE NOT FOUND,UNKNOWN,,NOT RECORDED,NOT RECORDED,NOT EXECUTED; no authentic contemporaneous source
922,SOURCE NOT FOUND,UNKNOWN,,NOT RECORDED,NOT RECORDED,NOT EXECUTED; no authentic contemporaneous source
923,SOURCE NOT FOUND,UNKNOWN,,NOT RECORDED,NOT RECORDED,NOT EXECUTED; no authentic contemporaneous source
924,SOURCE NOT FOUND,UNKNOWN,,NOT RECORDED,NOT RECORDED,NOT EXECUTED; no authentic contemporaneous source
925,SOURCE NOT FOUND,UNKNOWN,,NOT RECORDED,NOT RECORDED,NOT EXECUTED; no authentic contemporaneous source
926,SOURCE NOT FOUND,UNKNOWN,,NOT RECORDED,NOT RECORDED,NOT EXECUTED; no authentic contemporaneous source
927,SOURCE NOT FOUND,UNKNOWN,,NOT RECORDED,NOT RECORDED,NOT EXECUTED; no authentic contemporaneous source
928,SOURCE NOT FOUND,UNKNOWN,,NOT RECORDED,NOT RECORDED,NOT EXECUTED; no authentic contemporaneous source
929,SOURCE NOT FOUND,UNKNOWN,,NOT RECORDED,NOT RECORDED,NOT EXECUTED; no authentic contemporaneous source
930,SOURCE NOT FOUND,UNKNOWN,,NOT RECORDED,NOT RECORDED,NOT EXECUTED; no authentic contemporaneous source
931,SOURCE NOT FOUND,UNKNOWN,,NOT RECORDED,NOT RECORDED,NOT EXECUTED; no authentic contemporaneous source
932,SOURCE NOT FOUND,UNKNOWN,,NOT RECORDED,NOT RECORDED,NOT EXECUTED; no authentic contemporaneous source
933,SOURCE NOT FOUND,UNKNOWN,,NOT RECORDED,NOT RECORDED,NOT EXECUTED; no authentic contemporaneous source
934,SOURCE NOT FOUND,UNKNOWN,,NOT RECORDED,NOT RECORDED,NOT EXECUTED; no authentic contemporaneous source
935,SOURCE NOT FOUND,UNKNOWN,,NOT RECORDED,NOT RECORDED,NOT EXECUTED; no authentic contemporaneous source
936,SOURCE NOT FOUND,UNKNOWN,,NOT RECORDED,NOT RECORDED,NOT EXECUTED; no authentic contemporaneous source
937,SOURCE NOT FOUND,UNKNOWN,,NOT RECORDED,NOT RECORDED,NOT EXECUTED; no authentic contemporaneous source
938,SOURCE NOT FOUND,UNKNOWN,,NOT RECORDED,NOT RECORDED,NOT EXECUTED; no authentic contemporaneous source
939,SOURCE NOT FOUND,UNKNOWN,,NOT RECORDED,NOT RECORDED,NOT EXECUTED; no authentic contemporaneous source
940,SOURCE NOT FOUND,UNKNOWN,,NOT RECORDED,NOT RECORDED,NOT EXECUTED; no authentic contemporaneous source
941,SOURCE NOT FOUND,UNKNOWN,,NOT RECORDED,NOT RECORDED,NOT EXECUTED; no authentic contemporaneous source
942,SOURCE NOT FOUND,UNKNOWN,,NOT RECORDED,NOT RECORDED,NOT EXECUTED; no authentic contemporaneous source
943,SOURCE NOT FOUND,UNKNOWN,,NOT RECORDED,NOT RECORDED,NOT EXECUTED; no authentic contemporaneous source
944,SOURCE NOT FOUND,UNKNOWN,,NOT RECORDED,NOT RECORDED,NOT EXECUTED; no authentic contemporaneous source
945,SOURCE NOT FOUND,UNKNOWN,,NOT RECORDED,NOT RECORDED,NOT EXECUTED; no authentic contemporaneous source
946,SOURCE NOT FOUND,UNKNOWN,,NOT RECORDED,NOT RECORDED,NOT EXECUTED; no authentic contemporaneous source
947,SOURCE NOT FOUND,UNKNOWN,,NOT RECORDED,NOT RECORDED,NOT EXECUTED; no authentic contemporaneous source
948,SOURCE NOT FOUND,UNKNOWN,,NOT RECORDED,NOT RECORDED,NOT EXECUTED; no authentic contemporaneous source
949,SOURCE NOT FOUND,UNKNOWN,,NOT RECORDED,NOT RECORDED,NOT EXECUTED; no authentic contemporaneous source
950,SOURCE NOT FOUND,UNKNOWN,,NOT RECORDED,NOT RECORDED,NOT EXECUTED; no authentic contemporaneous source
951,SOURCE NOT FOUND,UNKNOWN,,NOT RECORDED,NOT RECORDED,NOT EXECUTED; no authentic contemporaneous source
952,SOURCE NOT FOUND,UNKNOWN,,NOT RECORDED,NOT RECORDED,NOT EXECUTED; no authentic contemporaneous source
953,SOURCE NOT FOUND,UNKNOWN,,NOT RECORDED,NOT RECORDED,NOT EXECUTED; no authentic contemporaneous source
954,SOURCE NOT FOUND,UNKNOWN,,NOT RECORDED,NOT RECORDED,NOT EXECUTED; no authentic contemporaneous source
955,SOURCE NOT FOUND,UNKNOWN,,NOT RECORDED,NOT RECORDED,NOT EXECUTED; no authentic contemporaneous source
956,SOURCE NOT FOUND,UNKNOWN,,NOT RECORDED,NOT RECORDED,NOT EXECUTED; no authentic contemporaneous source
957,SOURCE NOT FOUND,UNKNOWN,,NOT RECORDED,NOT RECORDED,NOT EXECUTED; no authentic contemporaneous source
958,SOURCE NOT FOUND,UNKNOWN,,NOT RECORDED,NOT RECORDED,NOT EXECUTED; no authentic contemporaneous source
959,SOURCE NOT FOUND,UNKNOWN,,NOT RECORDED,NOT RECORDED,NOT EXECUTED; no authentic contemporaneous source
960,SOURCE NOT FOUND,UNKNOWN,,NOT RECORDED,NOT RECORDED,NOT EXECUTED; no authentic contemporaneous source
961,SOURCE NOT FOUND,UNKNOWN,,NOT RECORDED,NOT RECORDED,NOT EXECUTED; no authentic contemporaneous source
962,SOURCE NOT FOUND,UNKNOWN,,NOT RECORDED,NOT RECORDED,NOT EXECUTED; no authentic contemporaneous source
963,SOURCE NOT FOUND,UNKNOWN,,NOT RECORDED,NOT RECORDED,NOT EXECUTED; no authentic contemporaneous source
964,SOURCE NOT FOUND,UNKNOWN,,NOT RECORDED,NOT RECORDED,NOT EXECUTED; no authentic contemporaneous source
965,SOURCE NOT FOUND,UNKNOWN,,NOT RECORDED,NOT RECORDED,NOT EXECUTED; no authentic contemporaneous source
966,SOURCE NOT FOUND,UNKNOWN,,NOT RECORDED,NOT RECORDED,NOT EXECUTED; no authentic contemporaneous source
967,SOURCE NOT FOUND,UNKNOWN,,NOT RECORDED,NOT RECORDED,NOT EXECUTED; no authentic contemporaneous source
968,SOURCE NOT FOUND,UNKNOWN,,NOT RECORDED,NOT RECORDED,NOT EXECUTED; no authentic contemporaneous source
969,SOURCE NOT FOUND,UNKNOWN,,NOT RECORDED,NOT RECORDED,NOT EXECUTED; no authentic contemporaneous source
970,SOURCE NOT FOUND,UNKNOWN,,NOT RECORDED,NOT RECORDED,NOT EXECUTED; no authentic contemporaneous source
971,SOURCE NOT FOUND,UNKNOWN,,NOT RECORDED,NOT RECORDED,NOT EXECUTED; no authentic contemporaneous source
972,SOURCE NOT FOUND,UNKNOWN,,NOT RECORDED,NOT RECORDED,NOT EXECUTED; no authentic contemporaneous source
973,SOURCE NOT FOUND,UNKNOWN,,NOT RECORDED,NOT RECORDED,NOT EXECUTED; no authentic contemporaneous source
974,SOURCE NOT FOUND,UNKNOWN,,NOT RECORDED,NOT RECORDED,NOT EXECUTED; no authentic contemporaneous source
975,SOURCE NOT FOUND,UNKNOWN,,NOT RECORDED,NOT RECORDED,NOT EXECUTED; no authentic contemporaneous source
976,SOURCE NOT FOUND,UNKNOWN,,NOT RECORDED,NOT RECORDED,NOT EXECUTED; no authentic contemporaneous source
977,SOURCE NOT FOUND,UNKNOWN,,NOT RECORDED,NOT RECORDED,NOT EXECUTED; no authentic contemporaneous source
978,SOURCE NOT FOUND,UNKNOWN,,NOT RECORDED,NOT RECORDED,NOT EXECUTED; no authentic contemporaneous source
979,SOURCE NOT FOUND,UNKNOWN,,NOT RECORDED,NOT RECORDED,NOT EXECUTED; no authentic contemporaneous source
980,SOURCE NOT FOUND,UNKNOWN,,NOT RECORDED,NOT RECORDED,NOT EXECUTED; no authentic contemporaneous source
981,SOURCE NOT FOUND,UNKNOWN,,NOT RECORDED,NOT RECORDED,NOT EXECUTED; no authentic contemporaneous source
982,SOURCE NOT FOUND,UNKNOWN,,NOT RECORDED,NOT RECORDED,NOT EXECUTED; no authentic contemporaneous source
983,SOURCE NOT FOUND,UNKNOWN,,NOT RECORDED,NOT RECORDED,NOT EXECUTED; no authentic contemporaneous source
984,SOURCE NOT FOUND,UNKNOWN,,NOT RECORDED,NOT RECORDED,NOT EXECUTED; no authentic contemporaneous source
985,SOURCE NOT FOUND,UNKNOWN,,NOT RECORDED,NOT RECORDED,NOT EXECUTED; no authentic contemporaneous source
986,SOURCE NOT FOUND,UNKNOWN,,NOT RECORDED,NOT RECORDED,NOT EXECUTED; no authentic contemporaneous source
987,SOURCE NOT FOUND,UNKNOWN,,NOT RECORDED,NOT RECORDED,NOT EXECUTED; no authentic contemporaneous source
988,SOURCE NOT FOUND,UNKNOWN,,NOT RECORDED,NOT RECORDED,NOT EXECUTED; no authentic contemporaneous source
989,SOURCE NOT FOUND,UNKNOWN,,NOT RECORDED,NOT RECORDED,NOT EXECUTED; no authentic contemporaneous source
990,SOURCE NOT FOUND,UNKNOWN,,NOT RECORDED,NOT RECORDED,NOT EXECUTED; no authentic contemporaneous source
991,SOURCE NOT FOUND,UNKNOWN,,NOT RECORDED,NOT RECORDED,NOT EXECUTED; no authentic contemporaneous source
992,SOURCE NOT FOUND,UNKNOWN,,NOT RECORDED,NOT RECORDED,NOT EXECUTED; no authentic contemporaneous source
993,SOURCE NOT FOUND,UNKNOWN,,NOT RECORDED,NOT RECORDED,NOT EXECUTED; no authentic contemporaneous source
994,SOURCE NOT FOUND,UNKNOWN,,NOT RECORDED,NOT RECORDED,NOT EXECUTED; no authentic contemporaneous source
995,SOURCE NOT FOUND,UNKNOWN,,NOT RECORDED,NOT RECORDED,NOT EXECUTED; no authentic contemporaneous source
996,SOURCE NOT FOUND,UNKNOWN,,NOT RECORDED,NOT RECORDED,NOT EXECUTED; no authentic contemporaneous source
997,SOURCE NOT FOUND,UNKNOWN,,NOT RECORDED,NOT RECORDED,NOT EXECUTED; no authentic contemporaneous source
998,SOURCE NOT FOUND,UNKNOWN,,NOT RECORDED,NOT RECORDED,NOT EXECUTED; no authentic contemporaneous source
999,SOURCE NOT FOUND,UNKNOWN,,NOT RECORDED,NOT RECORDED,NOT EXECUTED; no authentic contemporaneous source
1000,SOURCE NOT FOUND,UNKNOWN,,NOT RECORDED,NOT RECORDED,NOT EXECUTED; no authentic contemporaneous source
1001,SOURCE NOT FOUND,UNKNOWN,,NOT RECORDED,NOT RECORDED,NOT EXECUTED; no authentic contemporaneous source
1002,SOURCE NOT FOUND,UNKNOWN,,NOT RECORDED,NOT RECORDED,NOT EXECUTED; no authentic contemporaneous source
1003,SOURCE NOT FOUND,UNKNOWN,,NOT RECORDED,NOT RECORDED,NOT EXECUTED; no authentic contemporaneous source
1004,SOURCE NOT FOUND,UNKNOWN,,NOT RECORDED,NOT RECORDED,NOT EXECUTED; no authentic contemporaneous source
1005,SOURCE NOT FOUND,UNKNOWN,,NOT RECORDED,NOT RECORDED,NOT EXECUTED; no authentic contemporaneous source
1006,SOURCE NOT FOUND,UNKNOWN,,NOT RECORDED,NOT RECORDED,NOT EXECUTED; no authentic contemporaneous source
1007,SOURCE NOT FOUND,UNKNOWN,,NOT RECORDED,NOT RECORDED,NOT EXECUTED; no authentic contemporaneous source
1008,SOURCE NOT FOUND,UNKNOWN,,NOT RECORDED,NOT RECORDED,NOT EXECUTED; no authentic contemporaneous source
1009,SOURCE NOT FOUND,UNKNOWN,,NOT RECORDED,NOT RECORDED,NOT EXECUTED; no authentic contemporaneous source
1010,SOURCE NOT FOUND,UNKNOWN,,NOT RECORDED,NOT RECORDED,NOT EXECUTED; no authentic contemporaneous source
1011,SOURCE NOT FOUND,UNKNOWN,,NOT RECORDED,NOT RECORDED,NOT EXECUTED; no authentic contemporaneous source
1012,SOURCE NOT FOUND,UNKNOWN,,NOT RECORDED,NOT RECORDED,NOT EXECUTED; no authentic contemporaneous source
1013,SOURCE NOT FOUND,UNKNOWN,,NOT RECORDED,NOT RECORDED,NOT EXECUTED; no authentic contemporaneous source
1014,SOURCE NOT FOUND,UNKNOWN,,NOT RECORDED,NOT RECORDED,NOT EXECUTED; no authentic contemporaneous source
1015,SOURCE NOT FOUND,UNKNOWN,,NOT RECORDED,NOT RECORDED,NOT EXECUTED; no authentic contemporaneous source
1016,SOURCE NOT FOUND,UNKNOWN,,NOT RECORDED,NOT RECORDED,NOT EXECUTED; no authentic contemporaneous source
1017,SOURCE NOT FOUND,UNKNOWN,,NOT RECORDED,NOT RECORDED,NOT EXECUTED; no authentic contemporaneous source
1018,SOURCE NOT FOUND,UNKNOWN,,NOT RECORDED,NOT RECORDED,NOT EXECUTED; no authentic contemporaneous source
1019,SOURCE NOT FOUND,UNKNOWN,,NOT RECORDED,NOT RECORDED,NOT EXECUTED; no authentic contemporaneous source
1020,SOURCE NOT FOUND,UNKNOWN,,NOT RECORDED,NOT RECORDED,NOT EXECUTED; no authentic contemporaneous source
1021,SOURCE NOT FOUND,UNKNOWN,,NOT RECORDED,NOT RECORDED,NOT EXECUTED; no authentic contemporaneous source
1022,SOURCE NOT FOUND,UNKNOWN,,NOT RECORDED,NOT RECORDED,NOT EXECUTED; no authentic contemporaneous source
1023,SOURCE NOT FOUND,UNKNOWN,,NOT RECORDED,NOT RECORDED,NOT EXECUTED; no authentic contemporaneous source
1024,SOURCE NOT FOUND,UNKNOWN,,NOT RECORDED,NOT RECORDED,NOT EXECUTED; no authentic contemporaneous source
1025,SOURCE NOT FOUND,UNKNOWN,,NOT RECORDED,NOT RECORDED,NOT EXECUTED; no authentic contemporaneous source
1026,SOURCE NOT FOUND,UNKNOWN,,NOT RECORDED,NOT RECORDED,NOT EXECUTED; no authentic contemporaneous source
1027,SOURCE NOT FOUND,UNKNOWN,,NOT RECORDED,NOT RECORDED,NOT EXECUTED; no authentic contemporaneous source
1028,SOURCE NOT FOUND,UNKNOWN,,NOT RECORDED,NOT RECORDED,NOT EXECUTED; no authentic contemporaneous source
1029,SOURCE NOT FOUND,UNKNOWN,,NOT RECORDED,NOT RECORDED,NOT EXECUTED; no authentic contemporaneous source
1030,SOURCE NOT FOUND,UNKNOWN,,NOT RECORDED,NOT RECORDED,NOT EXECUTED; no authentic contemporaneous source
1031,SOURCE NOT FOUND,UNKNOWN,,NOT RECORDED,NOT RECORDED,NOT EXECUTED; no authentic contemporaneous source
1032,SOURCE NOT FOUND,UNKNOWN,,NOT RECORDED,NOT RECORDED,NOT EXECUTED; no authentic contemporaneous source
1033,SOURCE NOT FOUND,UNKNOWN,,NOT RECORDED,NOT RECORDED,NOT EXECUTED; no authentic contemporaneous source
1034,SOURCE NOT FOUND,UNKNOWN,,NOT RECORDED,NOT RECORDED,NOT EXECUTED; no authentic contemporaneous source
1035,SOURCE NOT FOUND,UNKNOWN,,NOT RECORDED,NOT RECORDED,NOT EXECUTED; no authentic contemporaneous source
1036,SOURCE NOT FOUND,UNKNOWN,,NOT RECORDED,NOT RECORDED,NOT EXECUTED; no authentic contemporaneous source
1037,SOURCE NOT FOUND,UNKNOWN,,NOT RECORDED,NOT RECORDED,NOT EXECUTED; no authentic contemporaneous source
1038,SOURCE NOT FOUND,UNKNOWN,,NOT RECORDED,NOT RECORDED,NOT EXECUTED; no authentic contemporaneous source
1039,SOURCE NOT FOUND,UNKNOWN,,NOT RECORDED,NOT RECORDED,NOT EXECUTED; no authentic contemporaneous source
1040,SOURCE NOT FOUND,UNKNOWN,,NOT RECORDED,NOT RECORDED,NOT EXECUTED; no authentic contemporaneous source
1041,SOURCE NOT FOUND,UNKNOWN,,NOT RECORDED,NOT RECORDED,NOT EXECUTED; no authentic contemporaneous source
1042,SOURCE NOT FOUND,UNKNOWN,,NOT RECORDED,NOT RECORDED,NOT EXECUTED; no authentic contemporaneous source
1043,SOURCE NOT FOUND,UNKNOWN,,NOT RECORDED,NOT RECORDED,NOT EXECUTED; no authentic contemporaneous source
1044,SOURCE NOT FOUND,UNKNOWN,,NOT RECORDED,NOT RECORDED,NOT EXECUTED; no authentic contemporaneous source
1045,SOURCE NOT FOUND,UNKNOWN,,NOT RECORDED,NOT RECORDED,NOT EXECUTED; no authentic contemporaneous source
1046,SOURCE NOT FOUND,UNKNOWN,,NOT RECORDED,NOT RECORDED,NOT EXECUTED; no authentic contemporaneous source
1047,SOURCE NOT FOUND,UNKNOWN,,NOT RECORDED,NOT RECORDED,NOT EXECUTED; no authentic contemporaneous source
1048,SOURCE NOT FOUND,UNKNOWN,,NOT RECORDED,NOT RECORDED,NOT EXECUTED; no authentic contemporaneous source
1049,SOURCE NOT FOUND,UNKNOWN,,NOT RECORDED,NOT RECORDED,NOT EXECUTED; no authentic contemporaneous source
1050,SOURCE NOT FOUND,UNKNOWN,,NOT RECORDED,NOT RECORDED,NOT EXECUTED; no authentic contemporaneous source
1051,SOURCE NOT FOUND,UNKNOWN,,NOT RECORDED,NOT RECORDED,NOT EXECUTED; no authentic contemporaneous source
1052,SOURCE NOT FOUND,UNKNOWN,,NOT RECORDED,NOT RECORDED,NOT EXECUTED; no authentic contemporaneous source
1053,SOURCE NOT FOUND,UNKNOWN,,NOT RECORDED,NOT RECORDED,NOT EXECUTED; no authentic contemporaneous source
1054,SOURCE NOT FOUND,UNKNOWN,,NOT RECORDED,NOT RECORDED,NOT EXECUTED; no authentic contemporaneous source
1055,SOURCE NOT FOUND,UNKNOWN,,NOT RECORDED,NOT RECORDED,NOT EXECUTED; no authentic contemporaneous source
1056,SOURCE NOT FOUND,UNKNOWN,,NOT RECORDED,NOT RECORDED,NOT EXECUTED; no authentic contemporaneous source
1057,SOURCE NOT FOUND,UNKNOWN,,NOT RECORDED,NOT RECORDED,NOT EXECUTED; no authentic contemporaneous source
1058,SOURCE NOT FOUND,UNKNOWN,,NOT RECORDED,NOT RECORDED,NOT EXECUTED; no authentic contemporaneous source
1059,SOURCE NOT FOUND,UNKNOWN,,NOT RECORDED,NOT RECORDED,NOT EXECUTED; no authentic contemporaneous source
1060,SOURCE NOT FOUND,UNKNOWN,,NOT RECORDED,NOT RECORDED,NOT EXECUTED; no authentic contemporaneous source
1061,SOURCE NOT FOUND,UNKNOWN,,NOT RECORDED,NOT RECORDED,NOT EXECUTED; no authentic contemporaneous source
1062,SOURCE NOT FOUND,UNKNOWN,,NOT RECORDED,NOT RECORDED,NOT EXECUTED; no authentic contemporaneous source
1063,SOURCE NOT FOUND,UNKNOWN,,NOT RECORDED,NOT RECORDED,NOT EXECUTED; no authentic contemporaneous source
1064,SOURCE NOT FOUND,UNKNOWN,,NOT RECORDED,NOT RECORDED,NOT EXECUTED; no authentic contemporaneous source
1065,SOURCE NOT FOUND,UNKNOWN,,NOT RECORDED,NOT RECORDED,NOT EXECUTED; no authentic contemporaneous source
1066,SOURCE NOT FOUND,UNKNOWN,,NOT RECORDED,NOT RECORDED,NOT EXECUTED; no authentic contemporaneous source
1067,SOURCE NOT FOUND,UNKNOWN,,NOT RECORDED,NOT RECORDED,NOT EXECUTED; no authentic contemporaneous source
1068,SOURCE NOT FOUND,UNKNOWN,,NOT RECORDED,NOT RECORDED,NOT EXECUTED; no authentic contemporaneous source
1069,SOURCE NOT FOUND,UNKNOWN,,NOT RECORDED,NOT RECORDED,NOT EXECUTED; no authentic contemporaneous source
1070,SOURCE NOT FOUND,UNKNOWN,,NOT RECORDED,NOT RECORDED,NOT EXECUTED; no authentic contemporaneous source
1071,SOURCE NOT FOUND,UNKNOWN,,NOT RECORDED,NOT RECORDED,NOT EXECUTED; no authentic contemporaneous source
1072,SOURCE NOT FOUND,UNKNOWN,,NOT RECORDED,NOT RECORDED,NOT EXECUTED; no authentic contemporaneous source
1073,SOURCE NOT FOUND,UNKNOWN,,NOT RECORDED,NOT RECORDED,NOT EXECUTED; no authentic contemporaneous source
1074,SOURCE NOT FOUND,UNKNOWN,,NOT RECORDED,NOT RECORDED,NOT EXECUTED; no authentic contemporaneous source
1075,SOURCE NOT FOUND,UNKNOWN,,NOT RECORDED,NOT RECORDED,NOT EXECUTED; no authentic contemporaneous source
1076,SOURCE NOT FOUND,UNKNOWN,,NOT RECORDED,NOT RECORDED,NOT EXECUTED; no authentic contemporaneous source
1077,SOURCE NOT FOUND,UNKNOWN,,NOT RECORDED,NOT RECORDED,NOT EXECUTED; no authentic contemporaneous source
1078,SOURCE NOT FOUND,UNKNOWN,,NOT RECORDED,NOT RECORDED,NOT EXECUTED; no authentic contemporaneous source
1079,SOURCE NOT FOUND,UNKNOWN,,NOT RECORDED,NOT RECORDED,NOT EXECUTED; no authentic contemporaneous source
1080,SOURCE NOT FOUND,UNKNOWN,,NOT RECORDED,NOT RECORDED,NOT EXECUTED; no authentic contemporaneous source
1081,SOURCE NOT FOUND,UNKNOWN,,NOT RECORDED,NOT RECORDED,NOT EXECUTED; no authentic contemporaneous source
1082,SOURCE NOT FOUND,UNKNOWN,,NOT RECORDED,NOT RECORDED,NOT EXECUTED; no authentic contemporaneous source
1083,SOURCE NOT FOUND,UNKNOWN,,NOT RECORDED,NOT RECORDED,NOT EXECUTED; no authentic contemporaneous source
1084,SOURCE NOT FOUND,UNKNOWN,,NOT RECORDED,NOT RECORDED,NOT EXECUTED; no authentic contemporaneous source
1085,SOURCE NOT FOUND,UNKNOWN,,NOT RECORDED,NOT RECORDED,NOT EXECUTED; no authentic contemporaneous source
1086,SOURCE NOT FOUND,UNKNOWN,,NOT RECORDED,NOT RECORDED,NOT EXECUTED; no authentic contemporaneous source
1087,SOURCE NOT FOUND,UNKNOWN,,NOT RECORDED,NOT RECORDED,NOT EXECUTED; no authentic contemporaneous source
1088,SOURCE NOT FOUND,UNKNOWN,,NOT RECORDED,NOT RECORDED,NOT EXECUTED; no authentic contemporaneous source
1089,SOURCE NOT FOUND,UNKNOWN,,NOT RECORDED,NOT RECORDED,NOT EXECUTED; no authentic contemporaneous source
1090,SOURCE NOT FOUND,UNKNOWN,,NOT RECORDED,NOT RECORDED,NOT EXECUTED; no authentic contemporaneous source
1091,SOURCE NOT FOUND,UNKNOWN,,NOT RECORDED,NOT RECORDED,NOT EXECUTED; no authentic contemporaneous source
1092,SOURCE NOT FOUND,UNKNOWN,,NOT RECORDED,NOT RECORDED,NOT EXECUTED; no authentic contemporaneous source
1093,SOURCE NOT FOUND,UNKNOWN,,NOT RECORDED,NOT RECORDED,NOT EXECUTED; no authentic contemporaneous source
1094,SOURCE NOT FOUND,UNKNOWN,,NOT RECORDED,NOT RECORDED,NOT EXECUTED; no authentic contemporaneous source
1095,SOURCE NOT FOUND,UNKNOWN,,NOT RECORDED,NOT RECORDED,NOT EXECUTED; no authentic contemporaneous source
1096,SOURCE NOT FOUND,UNKNOWN,,NOT RECORDED,NOT RECORDED,NOT EXECUTED; no authentic contemporaneous source
1097,SOURCE NOT FOUND,UNKNOWN,,NOT RECORDED,NOT RECORDED,NOT EXECUTED; no authentic contemporaneous source
1098,SOURCE NOT FOUND,UNKNOWN,,NOT RECORDED,NOT RECORDED,NOT EXECUTED; no authentic contemporaneous source
1099,SOURCE NOT FOUND,UNKNOWN,,NOT RECORDED,NOT RECORDED,NOT EXECUTED; no authentic contemporaneous source
1100,SOURCE NOT FOUND,UNKNOWN,,NOT RECORDED,NOT RECORDED,NOT EXECUTED; no authentic contemporaneous source
1101,SOURCE NOT FOUND,UNKNOWN,,NOT RECORDED,NOT RECORDED,NOT EXECUTED; no authentic contemporaneous source
1102,SOURCE NOT FOUND,UNKNOWN,,NOT RECORDED,NOT RECORDED,NOT EXECUTED; no authentic contemporaneous source
1103,SOURCE NOT FOUND,UNKNOWN,,NOT RECORDED,NOT RECORDED,NOT EXECUTED; no authentic contemporaneous source
1104,SOURCE NOT FOUND,UNKNOWN,,NOT RECORDED,NOT RECORDED,NOT EXECUTED; no authentic contemporaneous source
1105,SOURCE NOT FOUND,UNKNOWN,,NOT RECORDED,NOT RECORDED,NOT EXECUTED; no authentic contemporaneous source
1106,SOURCE NOT FOUND,UNKNOWN,,NOT RECORDED,NOT RECORDED,NOT EXECUTED; no authentic contemporaneous source
1107,SOURCE NOT FOUND,UNKNOWN,,NOT RECORDED,NOT RECORDED,NOT EXECUTED; no authentic contemporaneous source
1108,SOURCE NOT FOUND,UNKNOWN,,NOT RECORDED,NOT RECORDED,NOT EXECUTED; no authentic contemporaneous source
1109,SOURCE NOT FOUND,UNKNOWN,,NOT RECORDED,NOT RECORDED,NOT EXECUTED; no authentic contemporaneous source
1110,SOURCE NOT FOUND,UNKNOWN,,NOT RECORDED,NOT RECORDED,NOT EXECUTED; no authentic contemporaneous source
1111,SOURCE NOT FOUND,UNKNOWN,,NOT RECORDED,NOT RECORDED,NOT EXECUTED; no authentic contemporaneous source
1112,SOURCE NOT FOUND,UNKNOWN,,NOT RECORDED,NOT RECORDED,NOT EXECUTED; no authentic contemporaneous source
1113,SOURCE NOT FOUND,UNKNOWN,,NOT RECORDED,NOT RECORDED,NOT EXECUTED; no authentic contemporaneous source
1114,SOURCE NOT FOUND,UNKNOWN,,NOT RECORDED,NOT RECORDED,NOT EXECUTED; no authentic contemporaneous source
1115,SOURCE NOT FOUND,UNKNOWN,,NOT RECORDED,NOT RECORDED,NOT EXECUTED; no authentic contemporaneous source
1116,SOURCE NOT FOUND,UNKNOWN,,NOT RECORDED,NOT RECORDED,NOT EXECUTED; no authentic contemporaneous source
1117,SOURCE NOT FOUND,UNKNOWN,,NOT RECORDED,NOT RECORDED,NOT EXECUTED; no authentic contemporaneous source
1118,SOURCE NOT FOUND,UNKNOWN,,NOT RECORDED,NOT RECORDED,NOT EXECUTED; no authentic contemporaneous source
1119,SOURCE NOT FOUND,UNKNOWN,,NOT RECORDED,NOT RECORDED,NOT EXECUTED; no authentic contemporaneous source
1120,SOURCE NOT FOUND,UNKNOWN,,NOT RECORDED,NOT RECORDED,NOT EXECUTED; no authentic contemporaneous source
1121,SOURCE NOT FOUND,UNKNOWN,,NOT RECORDED,NOT RECORDED,NOT EXECUTED; no authentic contemporaneous source
1122,SOURCE NOT FOUND,UNKNOWN,,NOT RECORDED,NOT RECORDED,NOT EXECUTED; no authentic contemporaneous source
1123,SOURCE NOT FOUND,UNKNOWN,,NOT RECORDED,NOT RECORDED,NOT EXECUTED; no authentic contemporaneous source
1124,SOURCE NOT FOUND,UNKNOWN,,NOT RECORDED,NOT RECORDED,NOT EXECUTED; no authentic contemporaneous source
1125,SOURCE NOT FOUND,UNKNOWN,,NOT RECORDED,NOT RECORDED,NOT EXECUTED; no authentic contemporaneous source
1126,SOURCE NOT FOUND,UNKNOWN,,NOT RECORDED,NOT RECORDED,NOT EXECUTED; no authentic contemporaneous source
1127,SOURCE NOT FOUND,UNKNOWN,,NOT RECORDED,NOT RECORDED,NOT EXECUTED; no authentic contemporaneous source
1128,SOURCE NOT FOUND,UNKNOWN,,NOT RECORDED,NOT RECORDED,NOT EXECUTED; no authentic contemporaneous source
1129,SOURCE NOT FOUND,UNKNOWN,,NOT RECORDED,NOT RECORDED,NOT EXECUTED; no authentic contemporaneous source
1130,SOURCE NOT FOUND,UNKNOWN,,NOT RECORDED,NOT RECORDED,NOT EXECUTED; no authentic contemporaneous source
1131,SOURCE NOT FOUND,UNKNOWN,,NOT RECORDED,NOT RECORDED,NOT EXECUTED; no authentic contemporaneous source
1132,SOURCE NOT FOUND,UNKNOWN,,NOT RECORDED,NOT RECORDED,NOT EXECUTED; no authentic contemporaneous source
1133,SOURCE NOT FOUND,UNKNOWN,,NOT RECORDED,NOT RECORDED,NOT EXECUTED; no authentic contemporaneous source
1134,SOURCE NOT FOUND,UNKNOWN,,NOT RECORDED,NOT RECORDED,NOT EXECUTED; no authentic contemporaneous source
1135,SOURCE NOT FOUND,UNKNOWN,,NOT RECORDED,NOT RECORDED,NOT EXECUTED; no authentic contemporaneous source
1136,SOURCE NOT FOUND,UNKNOWN,,NOT RECORDED,NOT RECORDED,NOT EXECUTED; no authentic contemporaneous source
1137,SOURCE NOT FOUND,UNKNOWN,,NOT RECORDED,NOT RECORDED,NOT EXECUTED; no authentic contemporaneous source
1138,SOURCE NOT FOUND,UNKNOWN,,NOT RECORDED,NOT RECORDED,NOT EXECUTED; no authentic contemporaneous source
1139,SOURCE NOT FOUND,UNKNOWN,,NOT RECORDED,NOT RECORDED,NOT EXECUTED; no authentic contemporaneous source
1140,SOURCE NOT FOUND,UNKNOWN,,NOT RECORDED,NOT RECORDED,NOT EXECUTED; no authentic contemporaneous source
1141,SOURCE NOT FOUND,UNKNOWN,,NOT RECORDED,NOT RECORDED,NOT EXECUTED; no authentic contemporaneous source
1142,SOURCE NOT FOUND,UNKNOWN,,NOT RECORDED,NOT RECORDED,NOT EXECUTED; no authentic contemporaneous source
1143,SOURCE NOT FOUND,UNKNOWN,,NOT RECORDED,NOT RECORDED,NOT EXECUTED; no authentic contemporaneous source
1144,SOURCE NOT FOUND,UNKNOWN,,NOT RECORDED,NOT RECORDED,NOT EXECUTED; no authentic contemporaneous source
1145,SOURCE NOT FOUND,UNKNOWN,,NOT RECORDED,NOT RECORDED,NOT EXECUTED; no authentic contemporaneous source
1146,SOURCE NOT FOUND,UNKNOWN,,NOT RECORDED,NOT RECORDED,NOT EXECUTED; no authentic contemporaneous source
1147,SOURCE NOT FOUND,UNKNOWN,,NOT RECORDED,NOT RECORDED,NOT EXECUTED; no authentic contemporaneous source
1148,SOURCE NOT FOUND,UNKNOWN,,NOT RECORDED,NOT RECORDED,NOT EXECUTED; no authentic contemporaneous source
1149,SOURCE NOT FOUND,UNKNOWN,,NOT RECORDED,NOT RECORDED,NOT EXECUTED; no authentic contemporaneous source
1150,SOURCE NOT FOUND,UNKNOWN,,NOT RECORDED,NOT RECORDED,NOT EXECUTED; no authentic contemporaneous source
1151,SOURCE NOT FOUND,UNKNOWN,,NOT RECORDED,NOT RECORDED,NOT EXECUTED; no authentic contemporaneous source
1152,SOURCE NOT FOUND,UNKNOWN,,NOT RECORDED,NOT RECORDED,NOT EXECUTED; no authentic contemporaneous source
1153,SOURCE NOT FOUND,UNKNOWN,,NOT RECORDED,NOT RECORDED,NOT EXECUTED; no authentic contemporaneous source
1154,SOURCE NOT FOUND,UNKNOWN,,NOT RECORDED,NOT RECORDED,NOT EXECUTED; no authentic contemporaneous source
1155,SOURCE NOT FOUND,UNKNOWN,,NOT RECORDED,NOT RECORDED,NOT EXECUTED; no authentic contemporaneous source
1156,SOURCE NOT FOUND,UNKNOWN,,NOT RECORDED,NOT RECORDED,NOT EXECUTED; no authentic contemporaneous source
1157,SOURCE NOT FOUND,UNKNOWN,,NOT RECORDED,NOT RECORDED,NOT EXECUTED; no authentic contemporaneous source
1158,SOURCE NOT FOUND,UNKNOWN,,NOT RECORDED,NOT RECORDED,NOT EXECUTED; no authentic contemporaneous source
1159,SOURCE NOT FOUND,UNKNOWN,,NOT RECORDED,NOT RECORDED,NOT EXECUTED; no authentic contemporaneous source
1160,SOURCE NOT FOUND,UNKNOWN,,NOT RECORDED,NOT RECORDED,NOT EXECUTED; no authentic contemporaneous source
1161,SOURCE NOT FOUND,UNKNOWN,,NOT RECORDED,NOT RECORDED,NOT EXECUTED; no authentic contemporaneous source
1162,SOURCE NOT FOUND,UNKNOWN,,NOT RECORDED,NOT RECORDED,NOT EXECUTED; no authentic contemporaneous source
1163,SOURCE NOT FOUND,UNKNOWN,,NOT RECORDED,NOT RECORDED,NOT EXECUTED; no authentic contemporaneous source
1164,SOURCE NOT FOUND,UNKNOWN,,NOT RECORDED,NOT RECORDED,NOT EXECUTED; no authentic contemporaneous source
1165,SOURCE NOT FOUND,UNKNOWN,,NOT RECORDED,NOT RECORDED,NOT EXECUTED; no authentic contemporaneous source
1166,SOURCE NOT FOUND,UNKNOWN,,NOT RECORDED,NOT RECORDED,NOT EXECUTED; no authentic contemporaneous source
1167,SOURCE NOT FOUND,UNKNOWN,,NOT RECORDED,NOT RECORDED,NOT EXECUTED; no authentic contemporaneous source
1168,SOURCE NOT FOUND,UNKNOWN,,NOT RECORDED,NOT RECORDED,NOT EXECUTED; no authentic contemporaneous source
1169,SOURCE NOT FOUND,UNKNOWN,,NOT RECORDED,NOT RECORDED,NOT EXECUTED; no authentic contemporaneous source
1170,SOURCE NOT FOUND,UNKNOWN,,NOT RECORDED,NOT RECORDED,NOT EXECUTED; no authentic contemporaneous source
1171,SOURCE NOT FOUND,UNKNOWN,,NOT RECORDED,NOT RECORDED,NOT EXECUTED; no authentic contemporaneous source
1172,SOURCE NOT FOUND,UNKNOWN,,NOT RECORDED,NOT RECORDED,NOT EXECUTED; no authentic contemporaneous source
1173,SOURCE NOT FOUND,UNKNOWN,,NOT RECORDED,NOT RECORDED,NOT EXECUTED; no authentic contemporaneous source
1174,SOURCE NOT FOUND,UNKNOWN,,NOT RECORDED,NOT RECORDED,NOT EXECUTED; no authentic contemporaneous source
1175,SOURCE NOT FOUND,UNKNOWN,,NOT RECORDED,NOT RECORDED,NOT EXECUTED; no authentic contemporaneous source
1176,SOURCE NOT FOUND,UNKNOWN,,NOT RECORDED,NOT RECORDED,NOT EXECUTED; no authentic contemporaneous source
1177,SOURCE NOT FOUND,UNKNOWN,,NOT RECORDED,NOT RECORDED,NOT EXECUTED; no authentic contemporaneous source
1178,SOURCE NOT FOUND,UNKNOWN,,NOT RECORDED,NOT RECORDED,NOT EXECUTED; no authentic contemporaneous source
1179,SOURCE NOT FOUND,UNKNOWN,,NOT RECORDED,NOT RECORDED,NOT EXECUTED; no authentic contemporaneous source
1180,SOURCE NOT FOUND,UNKNOWN,,NOT RECORDED,NOT RECORDED,NOT EXECUTED; no authentic contemporaneous source
1181,SOURCE NOT FOUND,UNKNOWN,,NOT RECORDED,NOT RECORDED,NOT EXECUTED; no authentic contemporaneous source
1182,SOURCE NOT FOUND,UNKNOWN,,NOT RECORDED,NOT RECORDED,NOT EXECUTED; no authentic contemporaneous source
1183,SOURCE NOT FOUND,UNKNOWN,,NOT RECORDED,NOT RECORDED,NOT EXECUTED; no authentic contemporaneous source
1184,SOURCE NOT FOUND,UNKNOWN,,NOT RECORDED,NOT RECORDED,NOT EXECUTED; no authentic contemporaneous source
1185,SOURCE NOT FOUND,UNKNOWN,,NOT RECORDED,NOT RECORDED,NOT EXECUTED; no authentic contemporaneous source
1186,SOURCE NOT FOUND,UNKNOWN,,NOT RECORDED,NOT RECORDED,NOT EXECUTED; no authentic contemporaneous source
1187,SOURCE NOT FOUND,UNKNOWN,,NOT RECORDED,NOT RECORDED,NOT EXECUTED; no authentic contemporaneous source
1188,SOURCE NOT FOUND,UNKNOWN,,NOT RECORDED,NOT RECORDED,NOT EXECUTED; no authentic contemporaneous source
1189,SOURCE NOT FOUND,UNKNOWN,,NOT RECORDED,NOT RECORDED,NOT EXECUTED; no authentic contemporaneous source
1190,SOURCE NOT FOUND,UNKNOWN,,NOT RECORDED,NOT RECORDED,NOT EXECUTED; no authentic contemporaneous source
1191,SOURCE NOT FOUND,UNKNOWN,,NOT RECORDED,NOT RECORDED,NOT EXECUTED; no authentic contemporaneous source
1192,SOURCE NOT FOUND,UNKNOWN,,NOT RECORDED,NOT RECORDED,NOT EXECUTED; no authentic contemporaneous source
1193,SOURCE NOT FOUND,UNKNOWN,,NOT RECORDED,NOT RECORDED,NOT EXECUTED; no authentic contemporaneous source
1194,SOURCE NOT FOUND,UNKNOWN,,NOT RECORDED,NOT RECORDED,NOT EXECUTED; no authentic contemporaneous source
1195,SOURCE NOT FOUND,UNKNOWN,,NOT RECORDED,NOT RECORDED,NOT EXECUTED; no authentic contemporaneous source
1196,SOURCE NOT FOUND,UNKNOWN,,NOT RECORDED,NOT RECORDED,NOT EXECUTED; no authentic contemporaneous source
1197,SOURCE NOT FOUND,UNKNOWN,,NOT RECORDED,NOT RECORDED,NOT EXECUTED; no authentic contemporaneous source
1198,SOURCE NOT FOUND,UNKNOWN,,NOT RECORDED,NOT RECORDED,NOT EXECUTED; no authentic contemporaneous source
1199,SOURCE NOT FOUND,UNKNOWN,,NOT RECORDED,NOT RECORDED,NOT EXECUTED; no authentic contemporaneous source
1200,SOURCE NOT FOUND,UNKNOWN,,NOT RECORDED,NOT RECORDED,NOT EXECUTED; no authentic contemporaneous source
1201,SOURCE NOT FOUND,UNKNOWN,,NOT RECORDED,NOT RECORDED,NOT EXECUTED; no authentic contemporaneous source
1202,SOURCE NOT FOUND,UNKNOWN,,NOT RECORDED,NOT RECORDED,NOT EXECUTED; no authentic contemporaneous source
1203,SOURCE NOT FOUND,UNKNOWN,,NOT RECORDED,NOT RECORDED,NOT EXECUTED; no authentic contemporaneous source
1204,SOURCE NOT FOUND,UNKNOWN,,NOT RECORDED,NOT RECORDED,NOT EXECUTED; no authentic contemporaneous source
1205,SOURCE NOT FOUND,UNKNOWN,,NOT RECORDED,NOT RECORDED,NOT EXECUTED; no authentic contemporaneous source
1206,SOURCE NOT FOUND,UNKNOWN,,NOT RECORDED,NOT RECORDED,NOT EXECUTED; no authentic contemporaneous source
1207,SOURCE NOT FOUND,UNKNOWN,,NOT RECORDED,NOT RECORDED,NOT EXECUTED; no authentic contemporaneous source
1208,SOURCE NOT FOUND,UNKNOWN,,NOT RECORDED,NOT RECORDED,NOT EXECUTED; no authentic contemporaneous source
1209,SOURCE NOT FOUND,UNKNOWN,,NOT RECORDED,NOT RECORDED,NOT EXECUTED; no authentic contemporaneous source
1210,SOURCE NOT FOUND,UNKNOWN,,NOT RECORDED,NOT RECORDED,NOT EXECUTED; no authentic contemporaneous source
1211,SOURCE NOT FOUND,UNKNOWN,,NOT RECORDED,NOT RECORDED,NOT EXECUTED; no authentic contemporaneous source
1212,SOURCE NOT FOUND,UNKNOWN,,NOT RECORDED,NOT RECORDED,NOT EXECUTED; no authentic contemporaneous source
1213,SOURCE NOT FOUND,UNKNOWN,,NOT RECORDED,NOT RECORDED,NOT EXECUTED; no authentic contemporaneous source
1214,SOURCE NOT FOUND,UNKNOWN,,NOT RECORDED,NOT RECORDED,NOT EXECUTED; no authentic contemporaneous source
1215,SOURCE NOT FOUND,UNKNOWN,,NOT RECORDED,NOT RECORDED,NOT EXECUTED; no authentic contemporaneous source
1216,SOURCE NOT FOUND,UNKNOWN,,NOT RECORDED,NOT RECORDED,NOT EXECUTED; no authentic contemporaneous source
1217,SOURCE NOT FOUND,UNKNOWN,,NOT RECORDED,NOT RECORDED,NOT EXECUTED; no authentic contemporaneous source
1218,SOURCE NOT FOUND,UNKNOWN,,NOT RECORDED,NOT RECORDED,NOT EXECUTED; no authentic contemporaneous source
1219,SOURCE NOT FOUND,UNKNOWN,,NOT RECORDED,NOT RECORDED,NOT EXECUTED; no authentic contemporaneous source
1220,SOURCE NOT FOUND,UNKNOWN,,NOT RECORDED,NOT RECORDED,NOT EXECUTED; no authentic contemporaneous source
1221,SOURCE NOT FOUND,UNKNOWN,,NOT RECORDED,NOT RECORDED,NOT EXECUTED; no authentic contemporaneous source
1222,SOURCE NOT FOUND,UNKNOWN,,NOT RECORDED,NOT RECORDED,NOT EXECUTED; no authentic contemporaneous source
1223,SOURCE NOT FOUND,UNKNOWN,,NOT RECORDED,NOT RECORDED,NOT EXECUTED; no authentic contemporaneous source
1224,SOURCE NOT FOUND,UNKNOWN,,NOT RECORDED,NOT RECORDED,NOT EXECUTED; no authentic contemporaneous source
1225,SOURCE NOT FOUND,UNKNOWN,,NOT RECORDED,NOT RECORDED,NOT EXECUTED; no authentic contemporaneous source
1226,SOURCE NOT FOUND,UNKNOWN,,NOT RECORDED,NOT RECORDED,NOT EXECUTED; no authentic contemporaneous source
1227,SOURCE NOT FOUND,UNKNOWN,,NOT RECORDED,NOT RECORDED,NOT EXECUTED; no authentic contemporaneous source
1228,SOURCE NOT FOUND,UNKNOWN,,NOT RECORDED,NOT RECORDED,NOT EXECUTED; no authentic contemporaneous source
1229,SOURCE NOT FOUND,UNKNOWN,,NOT RECORDED,NOT RECORDED,NOT EXECUTED; no authentic contemporaneous source
1230,SOURCE NOT FOUND,UNKNOWN,,NOT RECORDED,NOT RECORDED,NOT EXECUTED; no authentic contemporaneous source
1231,SOURCE NOT FOUND,UNKNOWN,,NOT RECORDED,NOT RECORDED,NOT EXECUTED; no authentic contemporaneous source
1232,SOURCE NOT FOUND,UNKNOWN,,NOT RECORDED,NOT RECORDED,NOT EXECUTED; no authentic contemporaneous source
1233,SOURCE NOT FOUND,UNKNOWN,,NOT RECORDED,NOT RECORDED,NOT EXECUTED; no authentic contemporaneous source
1234,SOURCE NOT FOUND,UNKNOWN,,NOT RECORDED,NOT RECORDED,NOT EXECUTED; no authentic contemporaneous source
1235,SOURCE NOT FOUND,UNKNOWN,,NOT RECORDED,NOT RECORDED,NOT EXECUTED; no authentic contemporaneous source
1236,SOURCE NOT FOUND,UNKNOWN,,NOT RECORDED,NOT RECORDED,NOT EXECUTED; no authentic contemporaneous source
1237,SOURCE NOT FOUND,UNKNOWN,,NOT RECORDED,NOT RECORDED,NOT EXECUTED; no authentic contemporaneous source
1238,SOURCE NOT FOUND,UNKNOWN,,NOT RECORDED,NOT RECORDED,NOT EXECUTED; no authentic contemporaneous source
1239,SOURCE NOT FOUND,UNKNOWN,,NOT RECORDED,NOT RECORDED,NOT EXECUTED; no authentic contemporaneous source
1240,SOURCE NOT FOUND,UNKNOWN,,NOT RECORDED,NOT RECORDED,NOT EXECUTED; no authentic contemporaneous source
1241,SOURCE NOT FOUND,UNKNOWN,,NOT RECORDED,NOT RECORDED,NOT EXECUTED; no authentic contemporaneous source
1242,SOURCE NOT FOUND,UNKNOWN,,NOT RECORDED,NOT RECORDED,NOT EXECUTED; no authentic contemporaneous source
1243,SOURCE NOT FOUND,UNKNOWN,,NOT RECORDED,NOT RECORDED,NOT EXECUTED; no authentic contemporaneous source
1244,SOURCE NOT FOUND,UNKNOWN,,NOT RECORDED,NOT RECORDED,NOT EXECUTED; no authentic contemporaneous source
