scope,path,bytes,sha256,created_utc,modified_utc
local,C:\Users\admin\Documents\Codex\2026-10-09\6-45-jiae-jeong-lotto-data\lotto-repo\lotto_data.csv,44479,10beb0a7974f648b39aa130bb714b1c338296bf59ecd106e9407bee5875538aa,2026-10-09T00:31:49.404648+00:00,2026-10-09T00:31:49.405952+00:00
local,C:\Users\admin\Documents\Codex\2026-10-09\6-45-jiae-jeong-lotto-data\lotto-repo\LOTTO_PROJECT_PROTOCOL.md,18155,81132f40b67cb3c8c882868918280bb87295fdb789acfd07b81f9ab1020e1c6c,2026-10-09T00:31:49.398748+00:00,2026-10-09T00:31:49.400103+00:00
local,C:\Users\admin\Documents\Codex\2026-10-09\6-45-jiae-jeong-lotto-data\lotto-repo\lotto_project_state_2026-10-06.md,8446,0f9c353b42371e6e280ecbc194cf18d2223a311924cca520b07ff0c8e6e5beb2,2026-10-09T00:31:49.406958+00:00,2026-10-09T00:31:49.406958+00:00
local,C:\Users\admin\Documents\Codex\2026-10-09\6-45-jiae-jeong-lotto-data\lotto-repo\analysis\2026-10-06\B_MODEL_RESULTS.md,2340,ec771a8d4a6a3ad340e6df126b0da20afbe74b317bf963dac0e37e9cfe095e22,2026-10-09T00:31:49.402102+00:00,2026-10-09T00:31:49.403096+00:00
local,C:\Users\admin\Documents\Codex\2026-10-09\6-45-jiae-jeong-lotto-data\lotto-repo\research\1245_final_pipeline_v3\candidate_overlap_v3.csv,5665,9e9934ca90f48943ce3aee4eb3d2cd8131b31c7fe2ecfb0c14fac8e9be2e56b8,2026-10-09T00:31:49.416015+00:00,2026-10-09T00:33:48.873765+00:00
local,C:\Users\admin\Documents\Codex\2026-10-09\6-45-jiae-jeong-lotto-data\lotto-repo\research\1245_final_pipeline_v3\FINAL_PIPELINE_V3_AUDIT.md,3426,cb62e1140bce72336c69a100ebdf4ea6c535f458e613335257013f37de3a5097,2026-10-09T00:31:49.410037+00:00,2026-10-09T00:31:49.410037+00:00
local,C:\Users\admin\Documents\Codex\2026-10-09\6-45-jiae-jeong-lotto-data\lotto-repo\research\1245_final_pipeline_v3\independent_validation_20261009.py,23093,990ed6b762c73865c7681d1ca5b9f320edc00640a2eeb7805ce29f700f118f87,2026-10-09T00:59:23.587712+00:00,2026-10-09T01:05:30.265359+00:00
local,C:\Users\admin\Documents\Codex\2026-10-09\6-45-jiae-jeong-lotto-data\lotto-repo\research\1245_final_pipeline_v3\input_audit_v3.md,6099,3b04e87dcdd8c6fb4d83ce2f257536d075b2e1e2c58387e29f71e4ec71139452,2026-10-09T00:31:49.418022+00:00,2026-10-09T00:33:48.876766+00:00
local,C:\Users\admin\Documents\Codex\2026-10-09\6-45-jiae-jeong-lotto-data\lotto-repo\research\1245_final_pipeline_v3\prepare_1245_final_three_lines_v3.py,40534,09d2cf7f3c9002db906669371d9e2b580d592053b035d891e6c1202e05704e46,2026-10-09T00:31:49.420012+00:00,2026-10-09T00:31:49.420012+00:00
local,C:\Users\admin\Documents\Codex\2026-10-09\6-45-jiae-jeong-lotto-data\lotto-repo\research\1245_final_pipeline_v3\README_v3.md,4393,a969db6e20065781d76fd4fa0b5d1f065c0076736298d598059e7bd11686bee7,2026-10-09T00:31:49.411033+00:00,2026-10-09T00:31:49.412034+00:00
local,C:\Users\admin\Documents\Codex\2026-10-09\6-45-jiae-jeong-lotto-data\lotto-repo\research\1245_final_pipeline_v3\recover_and_run_20261009.py,10882,9ee1ca16759c9691c6abbf03f7cb2a539ce89e70f5f55560f5214ee913b9fff5,2026-10-09T00:33:44.074909+00:00,2026-10-09T00:46:57.165588+00:00
local,C:\Users\admin\Documents\Codex\2026-10-09\6-45-jiae-jeong-lotto-data\lotto-repo\research\1245_final_pipeline_v3\score_components_v3.csv,3705,5eb4c4e2e99a8f22ade17f5df0cfd49844710b33a38934eb11df76b405811591,2026-10-09T00:31:49.421012+00:00,2026-10-09T00:33:48.879821+00:00
local,C:\Users\admin\Documents\Codex\2026-10-09\6-45-jiae-jeong-lotto-data\lotto-repo\research\1245_final_pipeline_v3\selection_trace_v3.csv,1028,e1ca4cc97a38809c15fe9d78aa78f879c89bae69be4e8551354a2b96b708a3b4,2026-10-09T00:31:49.422012+00:00,2026-10-09T00:33:48.882700+00:00
local,C:\Users\admin\Documents\Codex\2026-10-09\6-45-jiae-jeong-lotto-data\lotto-repo\research\1245_final_pipeline_v3\source_asset_search_v2.log,2031,d66be3f5a1b18913fddd4922777ccbd8d86b98c10ed5ed199a536263a63ebb91,2026-10-09T01:14:00.774994+00:00,2026-10-09T01:14:00.776150+00:00
local,C:\Users\admin\Documents\Codex\2026-10-09\6-45-jiae-jeong-lotto-data\lotto-repo\research\1245_final_pipeline_v3\SOURCE_ASSET_SEARCH_v2.md,5318,49791a4bd750bae5ae378f94bdc2ed2c0a60a56a8afe8ff903b0cc2456c65fc7,2026-10-09T01:14:00.761303+00:00,2026-10-09T01:14:00.761303+00:00
local,C:\Users\admin\Documents\Codex\2026-10-09\6-45-jiae-jeong-lotto-data\lotto-repo\research\1245_final_pipeline_v3\V3_CHANGELOG.md,2892,d10ab18da7457015f4f8e393fa1db3bf8dcf8cad1f52dd91fe66a5a66e5e8ff0,2026-10-09T00:31:49.414018+00:00,2026-10-09T00:31:49.415013+00:00
local,C:\Users\admin\Documents\Codex\2026-10-09\6-45-jiae-jeong-lotto-data\lotto-repo\research\1245_final_pipeline_v3\independent_validation_20261009_independent\execution.log,756,64ceed6f74306d57bb896d6c658e46ba77f2b7fbf8040eae097b5a89c164c8ad,2026-10-09T01:01:35.306570+00:00,2026-10-09T01:04:52.371146+00:00
local,C:\Users\admin\Documents\Codex\2026-10-09\6-45-jiae-jeong-lotto-data\lotto-repo\research\1245_final_pipeline_v3\independent_validation_20261009_independent\fresh_candidate_number_frequency.csv,560,adedc3e82f80e3d54966b0e5647cf2678ebd35529ed05118fc2fb985339d573b,2026-10-09T01:01:35.291675+00:00,2026-10-09T01:01:35.293673+00:00
local,C:\Users\admin\Documents\Codex\2026-10-09\6-45-jiae-jeong-lotto-data\lotto-repo\research\1245_final_pipeline_v3\independent_validation_20261009_independent\fresh_candidate_overlaps.csv,2079,5440b639ad83d466d6e199ea25ff2baffed6665d99615433effbbfea4fda202b,2026-10-09T01:01:35.288903+00:00,2026-10-09T01:01:35.290243+00:00
local,C:\Users\admin\Documents\Codex\2026-10-09\6-45-jiae-jeong-lotto-data\lotto-repo\research\1245_final_pipeline_v3\independent_validation_20261009_independent\fresh_model_scorecard.csv,5723,d2ecb738f6b4b959b60f545fcda118beab5e7ba45d7617b689e4a28b56e76c0f,2026-10-09T01:01:35.251923+00:00,2026-10-09T01:05:08.932367+00:00
local,C:\Users\admin\Documents\Codex\2026-10-09\6-45-jiae-jeong-lotto-data\lotto-repo\research\1245_final_pipeline_v3\independent_validation_20261009_independent\fresh_portfolio_metrics.csv,614,257aafe0401a2d97c5efcf961a345205c9d53bc7fc583a17073d638e07cfb13a,2026-10-09T01:01:35.287901+00:00,2026-10-09T01:01:35.287901+00:00
local,C:\Users\admin\Documents\Codex\2026-10-09\6-45-jiae-jeong-lotto-data\lotto-repo\research\1245_final_pipeline_v3\independent_validation_20261009_independent\fresh_portfolio_walkforward.csv,41084,a4214f1e17464ef3000377c05013d968567b758673c6ef86e36c0232b5563de6,2026-10-09T01:01:35.282638+00:00,2026-10-09T01:01:35.284875+00:00
local,C:\Users\admin\Documents\Codex\2026-10-09\6-45-jiae-jeong-lotto-data\lotto-repo\research\1245_final_pipeline_v3\independent_validation_20261009_independent\fresh_walkforward_predictions.csv,318578,48a088ea607383b5a4df8310ea37b60ad348779f4ebbeab29743194cbfa80a83,2026-10-09T01:01:35.254910+00:00,2026-10-09T01:01:35.280601+00:00
local,C:\Users\admin\Documents\Codex\2026-10-09\6-45-jiae-jeong-lotto-data\lotto-repo\research\1245_final_pipeline_v3\independent_validation_20261009_independent\INDEPENDENT_VALIDATION_REPORT.md,5050,c3203179fa238fe34f1098ecaec29dd1d276d1949a63e42b54228dfd8bba2d57,2026-10-09T01:01:35.310748+00:00,2026-10-09T01:09:03.050032+00:00
local,C:\Users\admin\Documents\Codex\2026-10-09\6-45-jiae-jeong-lotto-data\lotto-repo\research\1245_final_pipeline_v3\independent_validation_20261009_independent\reassessed_1245_three_lines.csv,963,f7ed4647f0c42af79c6257e9e351b8f8a8999b1bf9f83822cf1cbf035b3d2b85,2026-10-09T01:01:35.294850+00:00,2026-10-09T01:04:52.347117+00:00
local,C:\Users\admin\Documents\Codex\2026-10-09\6-45-jiae-jeong-lotto-data\lotto-repo\research\1245_final_pipeline_v3\independent_validation_20261009_independent\reassessed_portfolio_overlap.csv,99,289949a2a72765535f4062c210b274b783d7ea3681852d49b65d1c8a405f812d,2026-10-09T01:01:35.297388+00:00,2026-10-09T01:01:35.298387+00:00
local,C:\Users\admin\Documents\Codex\2026-10-09\6-45-jiae-jeong-lotto-data\lotto-repo\research\1245_final_pipeline_v3\independent_validation_20261009_independent\run_metadata.json,733,b8a6a37b81ad620c0906854f78a2cecc89b244aee1d78205e23be4a6be423887,2026-10-09T01:01:35.315746+00:00,2026-10-09T01:06:41.869880+00:00
local,C:\Users\admin\Documents\Codex\2026-10-09\6-45-jiae-jeong-lotto-data\lotto-repo\research\1245_final_pipeline_v3\independent_validation_20261009_independent\SOURCE_ASSET_SEARCH.md,5344,cde0ccc7621c18e8be787aefc5deb2f9d1408cdf3dd1c825cb718686eca1c0e6,2026-10-09T01:04:37.701865+00:00,2026-10-09T01:06:09.031932+00:00
local,C:\Users\admin\Documents\Codex\2026-10-09\6-45-jiae-jeong-lotto-data\lotto-repo\research\1245_final_pipeline_v3\independent_validation_20261009_independent\stored_reproduction_check.csv,1862,03a8b684aa58a173491d0e3ac3ab0ccdbf6c6e0bc86d4fdf9ba4cadf0ab4c417,2026-10-09T01:04:37.696061+00:00,2026-10-09T01:04:37.698083+00:00
local,C:\Users\admin\Documents\Codex\2026-10-09\6-45-jiae-jeong-lotto-data\lotto-repo\research\1245_final_pipeline_v3\recovered_original_assets\outputs\b_model_50_round_trends.csv,6264,199bd09e71f9f7171b2c26ee68a7eb8afd40edcd17a1f8907dd09c2a4e7f57df,2026-10-09T01:37:57.518430+00:00,2026-10-08T16:29:34+00:00
local,C:\Users\admin\Documents\Codex\2026-10-09\6-45-jiae-jeong-lotto-data\lotto-repo\research\1245_final_pipeline_v3\recovered_original_assets\outputs\b_model_classification.csv,3509,2c7a8030b0129eef55137852a8e5e297d916239c46a8fc9bbe0e0c467ecf9ff2,2026-10-09T01:37:57.509701+00:00,2026-10-08T16:29:34+00:00
local,C:\Users\admin\Documents\Codex\2026-10-09\6-45-jiae-jeong-lotto-data\lotto-repo\research\1245_final_pipeline_v3\recovered_original_assets\outputs\b_model_holdout_metrics.csv,113856,147765c9f3353deac5cc5c91e37ce0f80a7e4608c9e29738d4724130df5bc2a4,2026-10-09T01:37:57.502834+00:00,2026-10-08T16:29:34+00:00
local,C:\Users\admin\Documents\Codex\2026-10-09\6-45-jiae-jeong-lotto-data\lotto-repo\research\1245_final_pipeline_v3\recovered_original_assets\outputs\b_model_predictions.csv,3236859,088685b5c30275c2640dfda2001beb99cebf5855156ae54ad5e0f6f170cf39be,2026-10-09T01:37:57.486455+00:00,2026-10-08T16:29:34+00:00
local,C:\Users\admin\Documents\Codex\2026-10-09\6-45-jiae-jeong-lotto-data\lotto-repo\research\1245_final_pipeline_v3\recovered_original_assets\outputs\OUTPUT_SHA256.csv,1270,f122d0b9a995a76b031a2e5f881f33e39b51ac7804e608505e0bb991d2a73852,2026-10-09T01:37:57.631994+00:00,2026-10-08T16:29:34+00:00
local,C:\Users\admin\Documents\Codex\2026-10-09\6-45-jiae-jeong-lotto-data\lotto-repo\research\1245_final_pipeline_v3\recovered_original_assets\outputs\RECOVERY_README.md,2318,c1eff0ff2bc82ecadcd6db82582f942203a7126ecd766fbcb25df6a1befe9948,2026-10-09T01:37:57.640179+00:00,2026-10-08T16:29:34+00:00
local,C:\Users\admin\Documents\Codex\2026-10-09\6-45-jiae-jeong-lotto-data\lotto-repo\research\1245_final_pipeline_v3\recovery_run_20261009\execution.log,368,3f3af486c7199e12ba6104da4efc72aaf6156ff8ae8b38a953f4c040027e80fe,2026-10-09T00:34:57.860656+00:00,2026-10-09T00:34:57.869169+00:00
local,C:\Users\admin\Documents\Codex\2026-10-09\6-45-jiae-jeong-lotto-data\lotto-repo\research\1245_final_pipeline_v3\recovery_run_20261009\EXECUTION_REPORT.md,5094,cf90009262eea3625afde07c683144be083e4926b0d8fc24d5eb1be2e137fea7,2026-10-09T00:33:49.937422+00:00,2026-10-09T01:06:41.862900+00:00
local,C:\Users\admin\Documents\Codex\2026-10-09\6-45-jiae-jeong-lotto-data\lotto-repo\research\1245_final_pipeline_v3\recovery_run_20261009\final_three_lines_1245_v3_recovery.csv,746,d5e6da9e34d68f847a2d674b71e5d20512543d677734697333c21407f8478825,2026-10-09T00:33:49.928651+00:00,2026-10-09T00:33:49.929645+00:00
local,C:\Users\admin\Documents\Codex\2026-10-09\6-45-jiae-jeong-lotto-data\lotto-repo\research\1245_final_pipeline_v3\recovery_run_20261009\model_candidates.csv,1663,bbb805de2dbb36896e0fb394107d17b481ab3bf3a8ad6ff554fb6ace47dd45ef,2026-10-09T00:33:49.925621+00:00,2026-10-09T00:33:49.927652+00:00
local,C:\Users\admin\Documents\Codex\2026-10-09\6-45-jiae-jeong-lotto-data\lotto-repo\research\1245_final_pipeline_v3\recovery_run_20261009\model_validation_summary.csv,2296,261d5f223590e1521051413050e20da86570c2a0a202f9b716c4124290d54377,2026-10-09T00:34:25.307329+00:00,2026-10-09T00:34:25.308334+00:00
local,C:\Users\admin\Documents\Codex\2026-10-09\6-45-jiae-jeong-lotto-data\lotto-repo\research\1245_final_pipeline_v3\recovery_run_20261009\PIPELINE_ERROR_REPORT.md,2142,4290870e41e5ad938070a614483d3c50f8df5906032dcab2199fc18c2345d9de,2026-10-09T00:34:25.308334+00:00,2026-10-09T00:34:25.309793+00:00
local,C:\Users\admin\Documents\Codex\2026-10-09\6-45-jiae-jeong-lotto-data\lotto-repo\research\1245_final_pipeline_v3\recovery_run_20261009\portfolio_overlap.csv,99,289949a2a72765535f4062c210b274b783d7ea3681852d49b65d1c8a405f812d,2026-10-09T00:33:49.932036+00:00,2026-10-09T00:33:49.932036+00:00
local,C:\Users\admin\Documents\Codex\2026-10-09\6-45-jiae-jeong-lotto-data\lotto-repo\research\1245_final_pipeline_v3\recovery_run_20261009\run_metadata.json,442,3b976c0f30f2cb84d96d9179e7bec5a2d23ef832937fa32176aa2502be74711b,2026-10-09T00:33:49.940406+00:00,2026-10-09T00:33:49.940406+00:00
local,C:\Users\admin\Documents\Codex\2026-10-09\6-45-jiae-jeong-lotto-data\lotto-repo\research\expansion_framework_v1\audit_project.py,6092,2542674f08e842f8d8407074c9b44fffdd73b8ffbd8957baf45a1912b106be72,2026-10-09T00:31:49.431022+00:00,2026-10-09T00:31:49.432019+00:00
local,C:\Users\admin\Documents\Codex\2026-10-09\6-45-jiae-jeong-lotto-data\lotto-repo\research\expansion_framework_v1\data_quality.py,841,9f49fec50527184426e67bd97d0d28336e15a06ad46c3c74a6a555a6694f1043,2026-10-09T00:31:49.433022+00:00,2026-10-09T00:31:49.434024+00:00
local,C:\Users\admin\Documents\Codex\2026-10-09\6-45-jiae-jeong-lotto-data\lotto-repo\research\expansion_framework_v1\GITHUB_SYNC_GUIDE.md,978,10cccd56aaffdacb8d91f90324915eb50445bda81b244a82ffcb041bf62d8952,2026-10-09T00:31:49.425011+00:00,2026-10-09T00:31:49.426019+00:00
local,C:\Users\admin\Documents\Codex\2026-10-09\6-45-jiae-jeong-lotto-data\lotto-repo\research\expansion_framework_v1\hypothesis_template.py,478,06387096e1d500b33fa14991969d082ee212d1fd207afe2c58bf8b9b1da3d743,2026-10-09T00:31:49.435021+00:00,2026-10-09T00:31:49.435021+00:00
local,C:\Users\admin\Documents\Codex\2026-10-09\6-45-jiae-jeong-lotto-data\lotto-repo\research\expansion_framework_v1\model_family_catalog.csv,1589,0aa34744e35a39f08764677fdff8f82456eadb9c065c1fa14925e7bbf04a5433,2026-10-09T00:31:49.436021+00:00,2026-10-09T00:31:49.437019+00:00
local,C:\Users\admin\Documents\Codex\2026-10-09\6-45-jiae-jeong-lotto-data\lotto-repo\research\expansion_framework_v1\project_audit.md,1078,0b77c052e7cccfdbc152100900e02536fcc9c2a1a19ab73df0d62fd8bd17f3b5,2026-10-09T00:31:49.438022+00:00,2026-10-09T00:31:49.439025+00:00
local,C:\Users\admin\Documents\Codex\2026-10-09\6-45-jiae-jeong-lotto-data\lotto-repo\research\expansion_framework_v1\project_baseline_manifest.csv,5303,f9e74a4b7e15631aaebdfdd7d58ae3ace6df64a8b5d115f4ac32ed35d639c4b2,2026-10-09T00:31:49.440031+00:00,2026-10-09T00:31:49.440547+00:00
local,C:\Users\admin\Documents\Codex\2026-10-09\6-45-jiae-jeong-lotto-data\lotto-repo\research\expansion_framework_v1\README.md,5652,6c58b45a7b7630a35ab74eed5a4f2301673254eab16a98557776b35166214668,2026-10-09T00:31:49.427019+00:00,2026-10-09T00:31:49.427019+00:00
local,C:\Users\admin\Documents\Codex\2026-10-09\6-45-jiae-jeong-lotto-data\lotto-repo\research\expansion_framework_v1\research_registry.csv,752,7d9277f4558a283de34244bdcb3994c16f4b0326c647da9550c4fea0b14d096b,2026-10-09T00:31:49.441575+00:00,2026-10-09T00:31:49.441575+00:00
local,C:\Users\admin\Documents\Codex\2026-10-09\6-45-jiae-jeong-lotto-data\lotto-repo\research\expansion_framework_v1\run_study.py,1698,8776852cf5a40e14125b243a6d9719e1aa4e17d4ab1d5ba67c8dfc0d141a2370,2026-10-09T00:31:49.442770+00:00,2026-10-09T00:31:49.442770+00:00
local,C:\Users\admin\Documents\Codex\2026-10-09\6-45-jiae-jeong-lotto-data\lotto-repo\research\expansion_framework_v1\study_template.md,1314,a1d204d137895d72fd8264cce4cc05c4447c9e28744647b3c54303d5c0a54fb9,2026-10-09T00:31:49.514877+00:00,2026-10-09T00:31:49.516048+00:00
local,C:\Users\admin\Documents\Codex\2026-10-09\6-45-jiae-jeong-lotto-data\lotto-repo\research\expansion_framework_v1\UPLOAD_SHA256_MANIFEST.csv,4295,706aa2b41f5e6a3574604f279fa4cb4e7d7b573f96141518e4b09221175e5c3c,2026-10-09T00:31:49.428020+00:00,2026-10-09T00:31:49.430031+00:00
local,C:\Users\admin\Documents\Codex\2026-10-09\6-45-jiae-jeong-lotto-data\lotto-repo\research\expansion_framework_v1\walkforward_core.py,5463,da7fe19177d31428c7b25a0afc32eab1ad84d7dc5ac8b009f2ce3e95f94b046c,2026-10-09T00:31:49.518044+00:00,2026-10-09T00:31:49.518044+00:00
local,C:\Users\admin\Documents\Codex\2026-10-09\6-45-jiae-jeong-lotto-data\lotto-repo\research\expansion_framework_v1\studies\README.md,179,0767ed1596cc084bd3d25ff02d7f2dcb49c34ad97006c07cf7f054ce38479b18,2026-10-09T00:31:49.445257+00:00,2026-10-09T00:31:49.446258+00:00
local,C:\Users\admin\Documents\Codex\2026-10-09\6-45-jiae-jeong-lotto-data\lotto-repo\research\expansion_framework_v1\studies\study_batch_001\bootstrap_confidence_intervals.csv,3458,1af02366e8f8b6f291a580cf1aa87e230701b0501efcdfcf7b5195ebacd0cb70,2026-10-09T00:31:49.456263+00:00,2026-10-09T00:31:49.456263+00:00
local,C:\Users\admin\Documents\Codex\2026-10-09\6-45-jiae-jeong-lotto-data\lotto-repo\research\expansion_framework_v1\studies\study_batch_001\build_confidence.py,1406,d3e998f1ec6d0437b4dd1a1d65b885b92c5a0b3c961a43af248bde9690ff1b94,2026-10-09T00:31:49.457269+00:00,2026-10-09T00:31:49.458266+00:00
local,C:\Users\admin\Documents\Codex\2026-10-09\6-45-jiae-jeong-lotto-data\lotto-repo\research\expansion_framework_v1\studies\study_batch_001\build_diagnostics.py,7271,3a95b095088dbf0300007308d9379f67844b6c30f3f33f303ebe30c498edfd4a,2026-10-09T00:31:49.459265+00:00,2026-10-09T00:31:49.459265+00:00
local,C:\Users\admin\Documents\Codex\2026-10-09\6-45-jiae-jeong-lotto-data\lotto-repo\research\expansion_framework_v1\studies\study_batch_001\build_rolling_summary.py,1105,5a06af152ca22095188c32320a4d5cd107527b298c378bb551026d70a30fad56,2026-10-09T00:31:49.460735+00:00,2026-10-09T00:31:49.462044+00:00
local,C:\Users\admin\Documents\Codex\2026-10-09\6-45-jiae-jeong-lotto-data\lotto-repo\research\expansion_framework_v1\studies\study_batch_001\b_model_comparison.csv,6745,14c4f44b6cf95bef701fe2201465b409e6f78d28e4a48ce4da07041a3a432ad7,2026-10-09T00:31:49.453283+00:00,2026-10-09T00:31:49.454263+00:00
local,C:\Users\admin\Documents\Codex\2026-10-09\6-45-jiae-jeong-lotto-data\lotto-repo\research\expansion_framework_v1\studies\study_batch_001\conditional_number_transitions.csv,98702,6fb5bdf77dac6ae69c14aab087db51cdb96f987d2ed0a074ab12c56f63fb7f84,2026-10-09T00:31:49.463498+00:00,2026-10-09T00:31:49.464517+00:00
local,C:\Users\admin\Documents\Codex\2026-10-09\6-45-jiae-jeong-lotto-data\lotto-repo\research\expansion_framework_v1\studies\study_batch_001\failure_registry.csv,13110,eb055bf1217ada60abb090f5d96834ff099c58abfab37a7de3d06c8ab4d1441b,2026-10-09T00:31:49.465546+00:00,2026-10-09T00:31:49.466643+00:00
local,C:\Users\admin\Documents\Codex\2026-10-09\6-45-jiae-jeong-lotto-data\lotto-repo\research\expansion_framework_v1\studies\study_batch_001\model_correlation.csv,3704,722a3818032532e8c405fadc846345a855d617135f83d091f35c7d21c4da002e,2026-10-09T00:31:49.468012+00:00,2026-10-09T00:31:49.469034+00:00
local,C:\Users\admin\Documents\Codex\2026-10-09\6-45-jiae-jeong-lotto-data\lotto-repo\research\expansion_framework_v1\studies\study_batch_001\model_metrics.csv,21834,a4bb098fd69ab8471bdb0c6d90a10c6a2eba286a46292a337d31b2d33adcde96,2026-10-09T00:31:49.470036+00:00,2026-10-09T00:31:49.470036+00:00
local,C:\Users\admin\Documents\Codex\2026-10-09\6-45-jiae-jeong-lotto-data\lotto-repo\research\expansion_framework_v1\studies\study_batch_001\number_temporal_features.csv,13546,612f072b3eb2a583e1eef87be5a0a47c5a9ec357d4d32d163e6b43a8726546af,2026-10-09T00:31:49.471035+00:00,2026-10-09T00:31:49.472036+00:00
local,C:\Users\admin\Documents\Codex\2026-10-09\6-45-jiae-jeong-lotto-data\lotto-repo\research\expansion_framework_v1\studies\study_batch_001\pair_triple_temporal_stability.csv,2377221,50d976be0c57e075ad2500cf84e7e0bca47e1f01fd9365883775e0aee2fec329,2026-10-09T00:31:49.480041+00:00,2026-10-09T00:31:49.482038+00:00
local,C:\Users\admin\Documents\Codex\2026-10-09\6-45-jiae-jeong-lotto-data\lotto-repo\research\expansion_framework_v1\studies\study_batch_001\rolling300_failure_registry.csv,6546,370651640b0e5d38b7fa560373ce9c268cbd343d5303cf13d787fd7dca935c3b,2026-10-09T00:31:49.484041+00:00,2026-10-09T00:31:49.484041+00:00
local,C:\Users\admin\Documents\Codex\2026-10-09\6-45-jiae-jeong-lotto-data\lotto-repo\research\expansion_framework_v1\studies\study_batch_001\rolling300_metrics.csv,9189,52e9e19f6537f8a5ff3742cb67f44cb86a32d81dff9725db20e8e446c1aba5f4,2026-10-09T00:31:49.485036+00:00,2026-10-09T00:31:49.486036+00:00
local,C:\Users\admin\Documents\Codex\2026-10-09\6-45-jiae-jeong-lotto-data\lotto-repo\research\expansion_framework_v1\studies\study_batch_001\rolling300_predictions.csv,541409,87c17ec2496575fc12091fa3dba071d197a61ecfc747494c6f791058f35c43ae,2026-10-09T00:31:49.489037+00:00,2026-10-09T00:31:49.490040+00:00
local,C:\Users\admin\Documents\Codex\2026-10-09\6-45-jiae-jeong-lotto-data\lotto-repo\research\expansion_framework_v1\studies\study_batch_001\rolling300_study_results.csv,9189,52e9e19f6537f8a5ff3742cb67f44cb86a32d81dff9725db20e8e446c1aba5f4,2026-10-09T00:31:49.492047+00:00,2026-10-09T00:31:49.493037+00:00
local,C:\Users\admin\Documents\Codex\2026-10-09\6-45-jiae-jeong-lotto-data\lotto-repo\research\expansion_framework_v1\studies\study_batch_001\run_batch.py,21186,74b73739698ca0854a6a2bfb7bb02bfdee8dccc44a4a9e7f9c40576ada36fc21,2026-10-09T00:31:49.495380+00:00,2026-10-09T00:31:49.496378+00:00
local,C:\Users\admin\Documents\Codex\2026-10-09\6-45-jiae-jeong-lotto-data\lotto-repo\research\expansion_framework_v1\studies\study_batch_001\RUN_GUIDE.md,1198,ebd50841da96629ffac8ea2acab0f391b498f2683746016ece9139b7f31e4d1c,2026-10-09T00:31:49.448260+00:00,2026-10-09T00:31:49.449256+00:00
local,C:\Users\admin\Documents\Codex\2026-10-09\6-45-jiae-jeong-lotto-data\lotto-repo\research\expansion_framework_v1\studies\study_batch_001\run_rolling300.py,1762,6a1fe5a45f786dc950b151326fe01f901dfc2234526451cc235d19cf7d5d7def,2026-10-09T00:31:49.497382+00:00,2026-10-09T00:31:49.498379+00:00
local,C:\Users\admin\Documents\Codex\2026-10-09\6-45-jiae-jeong-lotto-data\lotto-repo\research\expansion_framework_v1\studies\study_batch_001\structure_transition_analysis.csv,183836,a635b0c059f293ca3a79e004e3461ca46354643b2429e9f1a0ee8c8dd85c9093,2026-10-09T00:31:49.500379+00:00,2026-10-09T00:31:49.501375+00:00
local,C:\Users\admin\Documents\Codex\2026-10-09\6-45-jiae-jeong-lotto-data\lotto-repo\research\expansion_framework_v1\studies\study_batch_001\STUDY_BATCH_001_REPORT.md,8816,a2a6921fcb7f11720c96a86a4a48485bf0d30be0a8ad2a07a36561d51662cb57,2026-10-09T00:31:49.450258+00:00,2026-10-09T00:31:49.451266+00:00
local,C:\Users\admin\Documents\Codex\2026-10-09\6-45-jiae-jeong-lotto-data\lotto-repo\research\expansion_framework_v1\studies\study_batch_001\study_registry.csv,15027,3878bb213c0661cf93bcb8c27549d90e122eae93303afa4c7521094f22e2b873,2026-10-09T00:31:49.502376+00:00,2026-10-09T00:31:49.502376+00:00
local,C:\Users\admin\Documents\Codex\2026-10-09\6-45-jiae-jeong-lotto-data\lotto-repo\research\expansion_framework_v1\studies\study_batch_001\study_results.csv,21834,a4bb098fd69ab8471bdb0c6d90a10c6a2eba286a46292a337d31b2d33adcde96,2026-10-09T00:31:49.504760+00:00,2026-10-09T00:31:49.504760+00:00
local,C:\Users\admin\Documents\Codex\2026-10-09\6-45-jiae-jeong-lotto-data\lotto-repo\research\expansion_framework_v1\studies\study_batch_001\surviving_models.csv,923,6b21627b26dc59ed5819aa4a419cfbff84cbdd5f43ddd8a340333ea5ffd0aad8,2026-10-09T00:31:49.506197+00:00,2026-10-09T00:31:49.506197+00:00
local,C:\Users\admin\Documents\Codex\2026-10-09\6-45-jiae-jeong-lotto-data\lotto-repo\research\expansion_framework_v1\studies\study_batch_001\walkforward_predictions.csv,835839,a5f05084cd1682c12ad720e2e900715089a699d6b45dd3c4fb0c021e55d868ff,2026-10-09T00:31:49.511187+00:00,2026-10-09T00:31:49.513686+00:00
local,C:\Users\admin\Documents\Codex\2026-10-09\6-45-jiae-jeong-lotto-data\outputs\A_RESEARCH_GIT_PUBLICATION_20261009_v1.log,6456,ed17a975c4b340bc06abf43621cc2fc1205911468396abc1cda7097143be6918,2026-10-09T13:31:48.568597+00:00,2026-10-09T13:31:51.866707+00:00
local,C:\Users\admin\Documents\Codex\2026-10-09\6-45-jiae-jeong-lotto-data\outputs\B_AUDIT_AND_RANDOM_GIT_PUBLICATION_20261009_v1.log,7090724,43f42f8a1b2454a35c322f7e00970b1887e092dcdcffeaa183936f579915502b,2026-10-09T12:12:04.191250+00:00,2026-10-09T12:31:13.616406+00:00
local,C:\Users\admin\Documents\Codex\2026-10-09\6-45-jiae-jeong-lotto-data\outputs\B_COMPLETE_REMOTE_HASH_VERIFICATION_20261009_v1.csv,15350,d42cd217a9246abaacc5c586df0cce3b0dc6be05bed9dba690c3e3eb105976f9,2026-10-09T12:31:13.617393+00:00,2026-10-09T12:31:13.619505+00:00
local,C:\Users\admin\Documents\Codex\2026-10-09\6-45-jiae-jeong-lotto-data\outputs\B_MODEL_GIT_RESTORE_20261009_v4.log,7540721,b14e14a6dedd8be1b2ef752f009e5e0fdaa030236bb189b9fa800d96e2719fa4,2026-10-09T04:21:28.077877+00:00,2026-10-09T04:30:51.634031+00:00
local,C:\Users\admin\Documents\Codex\2026-10-09\6-45-jiae-jeong-lotto-data\outputs\B_MODEL_GIT_RESTORE_REPORT_20261009_v4.md,5312,227b157fd3729d5cbf6c0f8d44d28ea1fa65a65b44d807e595265e25ae845bf2,2026-10-09T04:27:25.957769+00:00,2026-10-09T04:27:25.958751+00:00
local,C:\Users\admin\Documents\Codex\2026-10-09\6-45-jiae-jeong-lotto-data\outputs\B_MODEL_RECOVERY_EXECUTION_20261009.log,4103,53fe5c2593133103043aba2ca620f1ddbc28d19fd2a0075ba41cff354c68b0ed,2026-10-09T01:44:21.531295+00:00,2026-10-09T01:44:21.533295+00:00
local,C:\Users\admin\Documents\Codex\2026-10-09\6-45-jiae-jeong-lotto-data\outputs\B_MODEL_RECOVERY_REPORT_20261009.md,4491,019a0b7ba692dcb0b0e3d3946782d05fc885c0fe21173c2a19dbd6aec11de50f,2026-10-09T01:44:21.538695+00:00,2026-10-09T01:44:21.539684+00:00
local,C:\Users\admin\Documents\Codex\2026-10-09\6-45-jiae-jeong-lotto-data\outputs\B_MODEL_REMOTE_HASH_VERIFICATION_20261009_v4.csv,2229,9f332d65f6b90d61e4588b059973431075b9ec3d8c7f73f2ca08ad8ea7f9ccae,2026-10-09T04:27:25.959772+00:00,2026-10-09T04:27:25.960753+00:00
local,C:\Users\admin\Documents\Codex\2026-10-09\6-45-jiae-jeong-lotto-data\outputs\B_MODEL_REPRODUCTION_FINAL_VERIFICATION_20261009_v1.json,703,aa59f25e802d554b0fa865d1141e0458e67e46255845b19ad220b4f158223423,2026-10-09T12:05:49.499053+00:00,2026-10-09T12:05:49.500055+00:00
local,C:\Users\admin\Documents\Codex\2026-10-09\6-45-jiae-jeong-lotto-data\outputs\B_REPRODUCTION_AND_RANDOM_PUBLICATION_20261009_v1.json,24595,f7b8731c74fd00a31e567107b101ac802053fd7c38d0caa7bc646b038156628d,2026-10-09T12:31:13.620510+00:00,2026-10-09T12:31:13.622507+00:00
local,C:\Users\admin\Documents\Codex\2026-10-09\6-45-jiae-jeong-lotto-data\outputs\B_REPRODUCTION_AND_RANDOM_PUBLICATION_REPORT_20261009_v1.md,22016,914d0373031fcc02fca599607a40963d8e7847ee29cf623ce3913f54679571ba,2026-10-09T12:31:13.625135+00:00,2026-10-09T12:31:13.625135+00:00
local,C:\Users\admin\Documents\Codex\2026-10-09\6-45-jiae-jeong-lotto-data\outputs\execution.log,756,64ceed6f74306d57bb896d6c658e46ba77f2b7fbf8040eae097b5a89c164c8ad,2026-10-09T00:34:57.884469+00:00,2026-10-09T01:04:52.371146+00:00
local,C:\Users\admin\Documents\Codex\2026-10-09\6-45-jiae-jeong-lotto-data\outputs\EXECUTION_REPORT.md,5094,cf90009262eea3625afde07c683144be083e4926b0d8fc24d5eb1be2e137fea7,2026-10-09T00:34:25.319555+00:00,2026-10-09T01:09:03.059731+00:00
local,C:\Users\admin\Documents\Codex\2026-10-09\6-45-jiae-jeong-lotto-data\outputs\final_three_lines_1245_v3_recovery.csv,746,d5e6da9e34d68f847a2d674b71e5d20512543d677734697333c21407f8478825,2026-10-09T00:34:25.325955+00:00,2026-10-09T00:33:49.929645+00:00
local,C:\Users\admin\Documents\Codex\2026-10-09\6-45-jiae-jeong-lotto-data\outputs\FINAL_THREE_LINES_1245_V4.csv,2852,7ce371fe06a2e4b88f249d264e528b518e6da2fe9f54afc52fda0b26551279a0,2026-10-09T05:31:58.168154+00:00,2026-10-09T05:31:58.168154+00:00
local,C:\Users\admin\Documents\Codex\2026-10-09\6-45-jiae-jeong-lotto-data\outputs\fresh_candidate_number_frequency.csv,560,adedc3e82f80e3d54966b0e5647cf2678ebd35529ed05118fc2fb985339d573b,2026-10-09T01:04:37.724921+00:00,2026-10-09T01:01:35.293673+00:00
local,C:\Users\admin\Documents\Codex\2026-10-09\6-45-jiae-jeong-lotto-data\outputs\fresh_candidate_overlaps.csv,2079,5440b639ad83d466d6e199ea25ff2baffed6665d99615433effbbfea4fda202b,2026-10-09T01:04:37.719486+00:00,2026-10-09T01:01:35.290243+00:00
local,C:\Users\admin\Documents\Codex\2026-10-09\6-45-jiae-jeong-lotto-data\outputs\fresh_model_scorecard.csv,5723,d2ecb738f6b4b959b60f545fcda118beab5e7ba45d7617b689e4a28b56e76c0f,2026-10-09T01:04:37.714304+00:00,2026-10-09T01:05:08.932367+00:00
local,C:\Users\admin\Documents\Codex\2026-10-09\6-45-jiae-jeong-lotto-data\outputs\fresh_portfolio_metrics.csv,614,257aafe0401a2d97c5efcf961a345205c9d53bc7fc583a17073d638e07cfb13a,2026-10-09T01:04:37.716606+00:00,2026-10-09T01:01:35.287901+00:00
local,C:\Users\admin\Documents\Codex\2026-10-09\6-45-jiae-jeong-lotto-data\outputs\fresh_portfolio_walkforward.csv,41084,a4214f1e17464ef3000377c05013d968567b758673c6ef86e36c0232b5563de6,2026-10-09T01:06:09.038751+00:00,2026-10-09T01:01:35.284875+00:00
local,C:\Users\admin\Documents\Codex\2026-10-09\6-45-jiae-jeong-lotto-data\outputs\fresh_walkforward_predictions.csv,318578,48a088ea607383b5a4df8310ea37b60ad348779f4ebbeab29743194cbfa80a83,2026-10-09T01:06:09.034357+00:00,2026-10-09T01:01:35.280601+00:00
local,C:\Users\admin\Documents\Codex\2026-10-09\6-45-jiae-jeong-lotto-data\outputs\GITHUB_AUTH_RECOVERY_20261009_v2.md,2756,b5c7b13caa68b8bde88eb2036590eff9b570e0c038708ac8d8c4e1756ad0eb90,2026-10-09T02:44:50.015596+00:00,2026-10-09T02:44:50.016783+00:00
local,C:\Users\admin\Documents\Codex\2026-10-09\6-45-jiae-jeong-lotto-data\outputs\INDEPENDENT_VALIDATION_REPORT.md,5050,c3203179fa238fe34f1098ecaec29dd1d276d1949a63e42b54228dfd8bba2d57,2026-10-09T01:04:37.708516+00:00,2026-10-09T01:09:03.037726+00:00
local,C:\Users\admin\Documents\Codex\2026-10-09\6-45-jiae-jeong-lotto-data\outputs\model_candidates.csv,1663,bbb805de2dbb36896e0fb394107d17b481ab3bf3a8ad6ff554fb6ace47dd45ef,2026-10-09T00:34:25.328176+00:00,2026-10-09T00:33:49.927652+00:00
local,C:\Users\admin\Documents\Codex\2026-10-09\6-45-jiae-jeong-lotto-data\outputs\MODEL_PREDICTIONS_1245_V4.csv,7877,92f72d1b2d83026be102810a283bbe7ac5a4f6cb9659b0d09ae37637d8df9eb6,2026-10-09T05:31:58.155031+00:00,2026-10-09T05:31:58.165071+00:00
local,C:\Users\admin\Documents\Codex\2026-10-09\6-45-jiae-jeong-lotto-data\outputs\model_validation_summary.csv,2296,261d5f223590e1521051413050e20da86570c2a0a202f9b716c4124290d54377,2026-10-09T00:34:25.330177+00:00,2026-10-09T00:34:25.308334+00:00
local,C:\Users\admin\Documents\Codex\2026-10-09\6-45-jiae-jeong-lotto-data\outputs\MODE_BLOCK_STABILITY_1245_V4.csv,1707,5af1fa31be6728719f5064dfaa06227c28f2b922db835138d9c35415d9b3c499,2026-10-09T11:12:00.153326+00:00,2026-10-09T11:12:00.155224+00:00
local,C:\Users\admin\Documents\Codex\2026-10-09\6-45-jiae-jeong-lotto-data\outputs\MODE_MODEL_CONTRIBUTIONS_1245_V4.csv,1235,58d155c7e3a369c0fddd70615ef7377af7b99fe1b029d6ed1df79a7c8042a94e,2026-10-09T11:12:00.156534+00:00,2026-10-09T11:12:00.156534+00:00
local,C:\Users\admin\Documents\Codex\2026-10-09\6-45-jiae-jeong-lotto-data\outputs\MODE_SELECTION_SEAL_1245_V4.json,13260,41e2e0aa60970cffbaf59fbb1fbb24ac038e961fde58f980bc172b62261e9aa4,2026-10-09T11:12:00.148935+00:00,2026-10-09T11:12:00.149444+00:00
local,C:\Users\admin\Documents\Codex\2026-10-09\6-45-jiae-jeong-lotto-data\outputs\MODE_STATISTICAL_TESTS_1245_V4.json,7316,40e9e1f6a0438e0762eea51a8cac9ac11edb4f63d655e79ff324ed1a40950d3e,2026-10-09T11:12:00.156534+00:00,2026-10-09T11:12:00.156534+00:00
local,C:\Users\admin\Documents\Codex\2026-10-09\6-45-jiae-jeong-lotto-data\outputs\PIPELINE_ERROR_REPORT.md,2142,4290870e41e5ad938070a614483d3c50f8df5906032dcab2199fc18c2345d9de,2026-10-09T00:34:25.323920+00:00,2026-10-09T00:34:25.309793+00:00
local,C:\Users\admin\Documents\Codex\2026-10-09\6-45-jiae-jeong-lotto-data\outputs\portfolio_overlap.csv,99,289949a2a72765535f4062c210b274b783d7ea3681852d49b65d1c8a405f812d,2026-10-09T00:34:25.333014+00:00,2026-10-09T00:33:49.932036+00:00
local,C:\Users\admin\Documents\Codex\2026-10-09\6-45-jiae-jeong-lotto-data\outputs\PREDICTION_1245_V4_COMPLETION_REPORT_20261009.md,18749,31d9f7349607abcb2c01a7daad3e7e46e07a7bbb704a9629c8c01802303751d8,2026-10-09T05:31:58.196754+00:00,2026-10-09T05:31:58.196754+00:00
local,C:\Users\admin\Documents\Codex\2026-10-09\6-45-jiae-jeong-lotto-data\outputs\PREDICTION_1245_V4_EXECUTION_20261009.log,941819,f5abdbd3dc8a5824cc0bd2a24ca0c31a00740d1b89252556e0b04be4497f08ce,2026-10-09T05:31:58.180936+00:00,2026-10-09T05:31:58.180936+00:00
local,C:\Users\admin\Documents\Codex\2026-10-09\6-45-jiae-jeong-lotto-data\outputs\PREDICTION_1245_V4_PUBLICATION_OBSERVATION_20261009.json,2623,4c7427ccc64aea9f2fa1bc3402241b14db9dff698993ffbf8e3f054e99857e81,2026-10-09T05:31:58.192885+00:00,2026-10-09T05:31:58.192885+00:00
local,C:\Users\admin\Documents\Codex\2026-10-09\6-45-jiae-jeong-lotto-data\outputs\PREDICTION_1245_V4_REMOTE_SHA256_20261009.csv,5033,61e2f3231fd7a0a1e309ea7e26ba3b09fdebc86bd3f9499175ba816ae71b769f,2026-10-09T05:31:58.155031+00:00,2026-10-09T05:31:58.155031+00:00
local,C:\Users\admin\Documents\Codex\2026-10-09\6-45-jiae-jeong-lotto-data\outputs\PREDICTION_SEAL_1245_V4.json,9756,5300807aacfba8b37f3f8db5aaf5eefcb7e522e910d79fc016e37bc86ca61fe5,2026-10-09T05:31:58.168154+00:00,2026-10-09T05:31:58.168154+00:00
local,C:\Users\admin\Documents\Codex\2026-10-09\6-45-jiae-jeong-lotto-data\outputs\PRIMARY_MODE_1245_V4_COMPLETION_REPORT_20261009.md,16591,81dcda01e11e764327113e7b942c5a998bd7fcc1c462ec5cb4d0c6234c6d412f,2026-10-09T11:12:00.184879+00:00,2026-10-09T11:12:00.184879+00:00
local,C:\Users\admin\Documents\Codex\2026-10-09\6-45-jiae-jeong-lotto-data\outputs\PRIMARY_MODE_1245_V4_EXECUTION_20261009.log,82069,cc7bf32b07cbd16a31df1685164b6d4ca3b7a3646045c99bd61a84426a822555,2026-10-09T11:12:00.178656+00:00,2026-10-09T11:12:00.179782+00:00
local,C:\Users\admin\Documents\Codex\2026-10-09\6-45-jiae-jeong-lotto-data\outputs\PRIMARY_MODE_1245_V4_PUBLICATION_OBSERVATION_20261009.json,2951,e31bab8f503ad64b4f2f6e86a13b8745cde172c97bfe6b15e17e303ef389874e,2026-10-09T11:12:00.179782+00:00,2026-10-09T11:12:00.183740+00:00
local,C:\Users\admin\Documents\Codex\2026-10-09\6-45-jiae-jeong-lotto-data\outputs\PRIMARY_MODE_1245_V4_REMOTE_SHA256_20261009.csv,4853,3d2b722575b7221cc7e22efabb628b92bc181e542a68977c17181c13964f09ec,2026-10-09T11:12:00.138570+00:00,2026-10-09T11:12:00.139574+00:00
local,C:\Users\admin\Documents\Codex\2026-10-09\6-45-jiae-jeong-lotto-data\outputs\PRIMARY_PURCHASE_DECISION_1245_V4.json,5795,74fea63eb4512b1e7443d0b4ab0e4b78c3621ac20effcf881309552c475d3f5d,2026-10-09T11:12:00.144313+00:00,2026-10-09T11:12:00.146303+00:00
local,C:\Users\admin\Documents\Codex\2026-10-09\6-45-jiae-jeong-lotto-data\outputs\PRIMARY_PURCHASE_LINES_1245_V4.csv,1616,87e9238d094fc44fab8ec841fb4b8202f2322b4b474d3acf0de171b4cb5f5422,2026-10-09T11:12:00.141566+00:00,2026-10-09T11:12:00.142880+00:00
local,C:\Users\admin\Documents\Codex\2026-10-09\6-45-jiae-jeong-lotto-data\outputs\PROSPECTIVE_V4_ALL_FILE_SHA256_20261009.csv,3739,bbf2e4c7886bac60ef517b12d869a639f61031230e568953b8bc02d4ae4c5672,2026-10-09T04:52:09.085656+00:00,2026-10-09T04:52:09.092151+00:00
local,C:\Users\admin\Documents\Codex\2026-10-09\6-45-jiae-jeong-lotto-data\outputs\PROSPECTIVE_V4_COMPLETION_REPORT_20261009.md,10444,c06d18d0be7ce9b943f186a8dc399944518def8acd319314e5c9c91158c2af98,2026-10-09T04:52:09.093402+00:00,2026-10-09T04:52:09.094391+00:00
local,C:\Users\admin\Documents\Codex\2026-10-09\6-45-jiae-jeong-lotto-data\outputs\PROSPECTIVE_V4_COMPLETION_REPORT_20261009_v2.md,15705,4408680cf8b949ed8aa526066d6ff66e31c3d69e1d061b94cebf8bafd716dd6a,2026-10-09T04:57:06.073253+00:00,2026-10-09T04:57:32.959558+00:00
local,C:\Users\admin\Documents\Codex\2026-10-09\6-45-jiae-jeong-lotto-data\outputs\PROSPECTIVE_V4_EXECUTION_20261009_v1.log,45300,3ff6bdadfe38faeaa357924f90637a3c14e3cfd52a10e4ab98944460b7180fc9,2026-10-09T04:52:09.106398+00:00,2026-10-09T04:52:09.107402+00:00
local,C:\Users\admin\Documents\Codex\2026-10-09\6-45-jiae-jeong-lotto-data\outputs\reassessed_1245_three_lines.csv,963,f7ed4647f0c42af79c6257e9e351b8f8a8999b1bf9f83822cf1cbf035b3d2b85,2026-10-09T01:04:37.719486+00:00,2026-10-09T01:04:52.347117+00:00
local,C:\Users\admin\Documents\Codex\2026-10-09\6-45-jiae-jeong-lotto-data\outputs\SELECTION_TRACE_1245_V4.csv,88423,2de572ba92aa03d70f3e9818ef1c164b0ba878d4998c4390029377facae69ca7,2026-10-09T05:31:58.168154+00:00,2026-10-09T05:31:58.168154+00:00
local,C:\Users\admin\Documents\Codex\2026-10-09\6-45-jiae-jeong-lotto-data\outputs\SOURCE_ASSET_SEARCH.md,5344,cde0ccc7621c18e8be787aefc5deb2f9d1408cdf3dd1c825cb718686eca1c0e6,2026-10-09T01:04:37.711677+00:00,2026-10-09T01:06:09.031932+00:00
local,C:\Users\admin\Documents\Codex\2026-10-09\6-45-jiae-jeong-lotto-data\outputs\source_asset_search_v2.log,2031,d66be3f5a1b18913fddd4922777ccbd8d86b98c10ed5ed199a536263a63ebb91,2026-10-09T01:14:00.779642+00:00,2026-10-09T01:14:00.781631+00:00
local,C:\Users\admin\Documents\Codex\2026-10-09\6-45-jiae-jeong-lotto-data\outputs\SOURCE_ASSET_SEARCH_v2.md,5318,49791a4bd750bae5ae378f94bdc2ed2c0a60a56a8afe8ff903b0cc2456c65fc7,2026-10-09T01:14:00.768420+00:00,2026-10-09T01:14:00.769874+00:00
local,C:\Users\admin\Documents\Codex\2026-10-09\6-45-jiae-jeong-lotto-data\outputs\stored_reproduction_check.csv,1862,03a8b684aa58a173491d0e3ac3ab0ccdbf6c6e0bc86d4fdf9ba4cadf0ab4c417,2026-10-09T01:04:37.727813+00:00,2026-10-09T01:04:37.698083+00:00
local,C:\Users\admin\Documents\Codex\2026-10-09\6-45-jiae-jeong-lotto-data\outputs\B_MODEL_REPRODUCTION_20261009_v1\AUDIT_SHA256.csv,4058,1f2f234b957b2ca4a802a6354fe8ca10c026baecc91b8fea55d6d1f42d888ed1,2026-10-09T12:05:48.778708+00:00,2026-10-09T12:05:49.134794+00:00
local,C:\Users\admin\Documents\Codex\2026-10-09\6-45-jiae-jeong-lotto-data\outputs\B_MODEL_REPRODUCTION_20261009_v1\AUDIT_UNIQUE_AND_RECENT_B_SCORES.csv,11158,c9660348644f80c1febce9fe1cac271e0adf4faa03161086c725b84b76ca91bb,2026-10-09T11:51:30.994028+00:00,2026-10-09T11:51:30.995028+00:00
local,C:\Users\admin\Documents\Codex\2026-10-09\6-45-jiae-jeong-lotto-data\outputs\B_MODEL_REPRODUCTION_20261009_v1\b_model_50_round_trends.csv,6264,199bd09e71f9f7171b2c26ee68a7eb8afd40edcd17a1f8907dd09c2a4e7f57df,2026-10-09T11:46:48.203234+00:00,2026-10-09T11:46:48.203234+00:00
local,C:\Users\admin\Documents\Codex\2026-10-09\6-45-jiae-jeong-lotto-data\outputs\B_MODEL_REPRODUCTION_20261009_v1\b_model_backtest_report.md,10972,b9e3804e02f2c4fed548222b77cf90ff58083d54f184cb4bbee0c5b20489994a,2026-10-09T11:46:48.203234+00:00,2026-10-09T11:46:48.216431+00:00
local,C:\Users\admin\Documents\Codex\2026-10-09\6-45-jiae-jeong-lotto-data\outputs\B_MODEL_REPRODUCTION_20261009_v1\b_model_classification.csv,3509,2c7a8030b0129eef55137852a8e5e297d916239c46a8fc9bbe0e0c467ecf9ff2,2026-10-09T11:46:48.199006+00:00,2026-10-09T11:46:48.202535+00:00
local,C:\Users\admin\Documents\Codex\2026-10-09\6-45-jiae-jeong-lotto-data\outputs\B_MODEL_REPRODUCTION_20261009_v1\b_model_holdout_metrics.csv,113856,147765c9f3353deac5cc5c91e37ce0f80a7e4608c9e29738d4724130df5bc2a4,2026-10-09T11:46:48.180250+00:00,2026-10-09T11:46:48.198006+00:00
local,C:\Users\admin\Documents\Codex\2026-10-09\6-45-jiae-jeong-lotto-data\outputs\B_MODEL_REPRODUCTION_20261009_v1\b_model_predictions.csv,3236859,088685b5c30275c2640dfda2001beb99cebf5855156ae54ad5e0f6f170cf39be,2026-10-09T11:46:48.161119+00:00,2026-10-09T11:46:48.180250+00:00
local,C:\Users\admin\Documents\Codex\2026-10-09\6-45-jiae-jeong-lotto-data\outputs\B_MODEL_REPRODUCTION_20261009_v1\B_MODEL_REPRODUCIBILITY_AUDIT_20261009_v1.md,25178,6518c939b09d0c2287a895fa2572214c9671572114a024b171d3bad3a547bf30,2026-10-09T11:58:56.045302+00:00,2026-10-09T12:05:48.778708+00:00
local,C:\Users\admin\Documents\Codex\2026-10-09\6-45-jiae-jeong-lotto-data\outputs\B_MODEL_REPRODUCTION_20261009_v1\CORE_VERIFICATION.json,6114,188880fd74346d0235daa109ba4b6877efa028b6381de42ef7d3ed6606b7ea3e,2026-10-09T11:51:35.072741+00:00,2026-10-09T11:51:35.073744+00:00
local,C:\Users\admin\Documents\Codex\2026-10-09\6-45-jiae-jeong-lotto-data\outputs\B_MODEL_REPRODUCTION_20261009_v1\DIRECT_PATH_DIAGNOSTIC_STDERR.log,1382,dd02baf3af5cb165e61b69620f0cf0775678e89b20c37b31f1bfdbce4c45f59b,2026-10-09T11:53:10.435233+00:00,2026-10-09T11:53:10.435894+00:00
local,C:\Users\admin\Documents\Codex\2026-10-09\6-45-jiae-jeong-lotto-data\outputs\B_MODEL_REPRODUCTION_20261009_v1\DIRECT_PATH_DIAGNOSTIC_STDOUT.log,0,e3b0c44298fc1c149afbf4c8996fb92427ae41e4649b934ca495991b7852b855,2026-10-09T11:53:10.433228+00:00,2026-10-09T11:53:10.433228+00:00
local,C:\Users\admin\Documents\Codex\2026-10-09\6-45-jiae-jeong-lotto-data\outputs\B_MODEL_REPRODUCTION_20261009_v1\DIVERGENT_RESULT_INVESTIGATION.json,6572,687071fa38fc579d2277cf1e5fbefcea1d2481c5c466180dc1ca2a2279f49a1c,2026-10-09T11:51:35.069738+00:00,2026-10-09T11:53:10.449285+00:00
local,C:\Users\admin\Documents\Codex\2026-10-09\6-45-jiae-jeong-lotto-data\outputs\B_MODEL_REPRODUCTION_20261009_v1\ENVIRONMENT_FAILURE_CHECKS.json,1184,956f69609dc5bf84b2e97c28ed8fd4206b87267160901ea9a6bfb61794d4120d,2026-10-09T11:53:10.450297+00:00,2026-10-09T11:53:10.451299+00:00
local,C:\Users\admin\Documents\Codex\2026-10-09\6-45-jiae-jeong-lotto-data\outputs\B_MODEL_REPRODUCTION_20261009_v1\ERROR_AND_LIMITATION_REGISTER.json,4767,312984876146bd57d9e2634e54e72ea7660f82a5c1723c35d4091823c6db4306,2026-10-09T11:51:35.071743+00:00,2026-10-09T11:51:35.071743+00:00
local,C:\Users\admin\Documents\Codex\2026-10-09\6-45-jiae-jeong-lotto-data\outputs\B_MODEL_REPRODUCTION_20261009_v1\EXACT_RANDOM_BASELINE_VALIDATION.json,2622,f663c062a19316dcfa50bb235a626b6a8379f1f3782d1730bcc9cf84f8dd8529,2026-10-09T11:51:29.892538+00:00,2026-10-09T11:51:29.893539+00:00
local,C:\Users\admin\Documents\Codex\2026-10-09\6-45-jiae-jeong-lotto-data\outputs\B_MODEL_REPRODUCTION_20261009_v1\EXECUTED_b_model_backtest.py,27977,3ecf4fb805c2448e49c39e01174b3a112d4865c7ff1a31157437515b78be47cb,2026-10-09T11:58:55.868997+00:00,2026-10-09T11:58:55.870994+00:00
local,C:\Users\admin\Documents\Codex\2026-10-09\6-45-jiae-jeong-lotto-data\outputs\B_MODEL_REPRODUCTION_20261009_v1\EXECUTED_INPUT_lotto_data.csv,43234,243cd17e6b97a2d96709ddfc689a068038669341a52dcc0743c141d309e43b9f,2026-10-09T11:58:55.872986+00:00,2026-10-09T11:58:55.875018+00:00
local,C:\Users\admin\Documents\Codex\2026-10-09\6-45-jiae-jeong-lotto-data\outputs\B_MODEL_REPRODUCTION_20261009_v1\EXECUTION_RESULT.json,1041,a47127e139cf965311d3901c9a2d2488a805d6e0169972ab440d66264cd809c6,2026-10-09T11:46:48.216431+00:00,2026-10-09T11:46:48.216431+00:00
local,C:\Users\admin\Documents\Codex\2026-10-09\6-45-jiae-jeong-lotto-data\outputs\B_MODEL_REPRODUCTION_20261009_v1\EXECUTION_STDERR.log,0,e3b0c44298fc1c149afbf4c8996fb92427ae41e4649b934ca495991b7852b855,2026-10-09T11:45:48.795240+00:00,2026-10-09T11:45:48.795240+00:00
local,C:\Users\admin\Documents\Codex\2026-10-09\6-45-jiae-jeong-lotto-data\outputs\B_MODEL_REPRODUCTION_20261009_v1\EXECUTION_STDOUT.log,1017,e2233cceacb98714b962b8bd24db874e4a7b4e264a3276e2a32f6225ac14898d,2026-10-09T11:45:48.792859+00:00,2026-10-09T11:46:48.147547+00:00
local,C:\Users\admin\Documents\Codex\2026-10-09\6-45-jiae-jeong-lotto-data\outputs\B_MODEL_REPRODUCTION_20261009_v1\EXISTING_ASSETS_AFTER.json,24680,6ccaa17df814593249f44215cb404777ddc02f74db632602caa8d807044a912e,2026-10-09T11:58:55.148490+00:00,2026-10-09T11:58:55.150484+00:00
local,C:\Users\admin\Documents\Codex\2026-10-09\6-45-jiae-jeong-lotto-data\outputs\B_MODEL_REPRODUCTION_20261009_v1\EXISTING_ASSETS_BEFORE.json,28247,306d965850f52fc10ea550503e7ac1df37044d90f2ceacade3620c970147e7c1,2026-10-09T11:45:28.130188+00:00,2026-10-09T11:45:28.131209+00:00
local,C:\Users\admin\Documents\Codex\2026-10-09\6-45-jiae-jeong-lotto-data\outputs\B_MODEL_REPRODUCTION_20261009_v1\EXISTING_ASSET_METADATA.csv,20870,b67e28f176c93939f54703afe7ea73bac212744b40616c51963e7b5de4d07aaa,2026-10-09T11:58:55.151496+00:00,2026-10-09T11:58:55.153491+00:00
local,C:\Users\admin\Documents\Codex\2026-10-09\6-45-jiae-jeong-lotto-data\outputs\B_MODEL_REPRODUCTION_20261009_v1\GIT_AFTER.json,2179,52ce927a2a730a9031eeb922ddbb469c85009ed0a6d9487858b9075d23b3c043,2026-10-09T11:58:55.864005+00:00,2026-10-09T11:58:55.864005+00:00
local,C:\Users\admin\Documents\Codex\2026-10-09\6-45-jiae-jeong-lotto-data\outputs\B_MODEL_REPRODUCTION_20261009_v1\GIT_BEFORE.json,2179,52ce927a2a730a9031eeb922ddbb469c85009ed0a6d9487858b9075d23b3c043,2026-10-09T11:45:29.092221+00:00,2026-10-09T11:45:29.092221+00:00
local,C:\Users\admin\Documents\Codex\2026-10-09\6-45-jiae-jeong-lotto-data\outputs\B_MODEL_REPRODUCTION_20261009_v1\INPUT_VALIDATION.json,573,5d63eb79c0198bdce84e59d0cf2895a9f48506cc2b9fc23e76630ca6f5df808f,2026-10-09T11:45:29.109441+00:00,2026-10-09T11:45:29.109441+00:00
local,C:\Users\admin\Documents\Codex\2026-10-09\6-45-jiae-jeong-lotto-data\outputs\B_MODEL_REPRODUCTION_20261009_v1\LEAKAGE_RUNTIME_SAMPLES.csv,7077,d26132f309c58dd9b00214cea10232d82517e49cec76f7556087866b28594bff,2026-10-09T11:51:33.218656+00:00,2026-10-09T11:51:33.219655+00:00
local,C:\Users\admin\Documents\Codex\2026-10-09\6-45-jiae-jeong-lotto-data\outputs\B_MODEL_REPRODUCTION_20261009_v1\LEAKAGE_VALIDATION.json,1079,3ba1f6003582dd1ea6bb62bd18cbe2da4c3ef7346ff5e6a8cac3ad8c639aae1a,2026-10-09T11:51:33.222903+00:00,2026-10-09T11:51:33.223914+00:00
local,C:\Users\admin\Documents\Codex\2026-10-09\6-45-jiae-jeong-lotto-data\outputs\B_MODEL_REPRODUCTION_20261009_v1\MISSING_OUTPUT_DIRECTORY_DIAGNOSTIC.log,881,fb6e78380dcfe76f3a5c6fc85b992fa020f66a54fb3b46fc51aae66d34c526e7,2026-10-09T11:53:10.437332+00:00,2026-10-09T11:53:10.442573+00:00
local,C:\Users\admin\Documents\Codex\2026-10-09\6-45-jiae-jeong-lotto-data\outputs\B_MODEL_REPRODUCTION_20261009_v1\MODEL_REPRODUCTION_SUMMARY.csv,1485,7ca9d68ba4be4059e0a07c171302141de5cbb81a30931cec0bee0509690e3375,2026-10-09T11:51:30.944643+00:00,2026-10-09T11:51:30.944643+00:00
local,C:\Users\admin\Documents\Codex\2026-10-09\6-45-jiae-jeong-lotto-data\outputs\B_MODEL_REPRODUCTION_20261009_v1\OUTPUT_COMPARISON.csv,1137,9566daac6a08ce2fa501c793eb477bd57564a3a34da8769c242d29f011070bf4,2026-10-09T11:51:29.882986+00:00,2026-10-09T11:51:29.883983+00:00
local,C:\Users\admin\Documents\Codex\2026-10-09\6-45-jiae-jeong-lotto-data\outputs\B_MODEL_REPRODUCTION_20261009_v1\PACKAGE_AND_INPUT_PROVENANCE.json,3146,2924a3b8d30855ba29916169fc7198482b2c6203f11dfb8a86073de19c821e7f,2026-10-09T11:58:55.963708+00:00,2026-10-09T11:58:55.964712+00:00
local,C:\Users\admin\Documents\Codex\2026-10-09\6-45-jiae-jeong-lotto-data\outputs\B_MODEL_REPRODUCTION_20261009_v1\PREFIX_FEATURE_CHECKS.csv,952,4fa6fb9bb7cafc3f23aa5dc354b9bc366522bbf545c57ddc2105b05b8ef7d899,2026-10-09T11:51:33.221639+00:00,2026-10-09T11:51:33.222903+00:00
local,C:\Users\admin\Documents\Codex\2026-10-09\6-45-jiae-jeong-lotto-data\outputs\B_MODEL_REPRODUCTION_20261009_v1\PRESERVATION_VERIFICATION.json,513,b823450c3ac1f91f24435f94100dd69a3857f5b17e29929352dc2360a2769e22,2026-10-09T11:58:55.866006+00:00,2026-10-09T11:58:55.867004+00:00
local,C:\Users\admin\Documents\Codex\2026-10-09\6-45-jiae-jeong-lotto-data\outputs\B_MODEL_REPRODUCTION_20261009_v1\RECORD_COUNT_DERIVATION.csv,345,260269e5efda4fa0d381f93c149738e94c4a63771998860c5e57421910e9f6cb,2026-10-09T11:51:30.887641+00:00,2026-10-09T11:51:30.887641+00:00
local,C:\Users\admin\Documents\Codex\2026-10-09\6-45-jiae-jeong-lotto-data\outputs\B_MODEL_REPRODUCTION_20261009_v1\REPORT_COMPARISON.json,1258,5c63b81dcf45463c2583c65f31e16e4e48f3a42895b215b29406075a7480da76,2026-10-09T11:51:33.227933+00:00,2026-10-09T11:51:33.227933+00:00
local,C:\Users\admin\Documents\Codex\2026-10-09\6-45-jiae-jeong-lotto-data\outputs\B_MODEL_REPRODUCTION_20261009_v1\RERUN_B_MODEL.ps1,2541,237e36f2e4dac29c4f2c7b651bc08288edded0c18361a5b0ddbb3be02ebbe837,2026-10-09T11:58:53.895463+00:00,2026-10-09T11:58:53.896463+00:00
local,C:\Users\admin\Documents\Codex\2026-10-09\6-45-jiae-jeong-lotto-data\outputs\B_MODEL_REPRODUCTION_20261009_v1\RERUN_HELPER_SYNTAX_VERIFICATION.json,185,002a3c2a0a8a2fb1b91c729e1f06818bf38b430ea211848848c7913db2fc84a6,2026-10-09T12:05:47.114211+00:00,2026-10-09T12:05:47.115713+00:00
local,C:\Users\admin\Documents\Codex\2026-10-09\6-45-jiae-jeong-lotto-data\outputs\B_MODEL_REPRODUCTION_20261009_v1\SEARCH_PATHS.json,1296,681b9de6adf9b958857ad496df1f6c7642a576c6c9d0325be396386c162c4f1d,2026-10-09T11:45:28.133359+00:00,2026-10-09T11:45:28.134348+00:00
local,C:\Users\admin\Documents\Codex\2026-10-09\6-45-jiae-jeong-lotto-data\outputs\B_MODEL_REPRODUCTION_20261009_v1\SOURCE_VERSION.json,1423,b0cf2c3cb0c0347252432217604e51d64ee6f383301c2bdb507a6c247e7918d2,2026-10-09T11:45:29.122915+00:00,2026-10-09T11:45:29.125099+00:00
local,C:\Users\admin\Documents\Codex\2026-10-09\6-45-jiae-jeong-lotto-data\outputs\B_MODEL_REPRODUCTION_20261009_v1\STATUS_SUMMARY.json,3590,df0cc07b35155dfeaa40b450c7c01261e1dbb9570134228a8c48c7b077faceb0,2026-10-09T11:58:56.013264+00:00,2026-10-09T11:58:56.014292+00:00
local,C:\Users\admin\Documents\Codex\2026-10-09\6-45-jiae-jeong-lotto-data\outputs\B_MODEL_REPRODUCTION_20261009_v1\VERIFY_AUDIT.py,1622,19d9a7c8489b5cc6d889d1e2afbc0d712499549eaa92d3c07cd5b23a9bf9765f,2026-10-09T11:58:54.327219+00:00,2026-10-09T11:58:54.329211+00:00
local,C:\Users\admin\Documents\Codex\2026-10-09\6-45-jiae-jeong-lotto-data\outputs\B_RANDOM_BASELINE_20261009_v1\ACTUAL_EXECUTION_RESULT.json,624,4e6a6115da7fd19a430b523209f0c53297a6a1c0d320947c4ebeeba97c8f5f4e,2026-10-09T12:19:31.996586+00:00,2026-10-09T12:19:31.996586+00:00
local,C:\Users\admin\Documents\Codex\2026-10-09\6-45-jiae-jeong-lotto-data\outputs\B_RANDOM_BASELINE_20261009_v1\B_AUDIT_PUBLICATION_RECORD.json,14735,3ec8c87f160ff20c9140509223e96bd04322ad7e7abece4dc9a0cfb7ce1c5fed,2026-10-09T12:26:00.436195+00:00,2026-10-09T12:26:00.436195+00:00
local,C:\Users\admin\Documents\Codex\2026-10-09\6-45-jiae-jeong-lotto-data\outputs\B_RANDOM_BASELINE_20261009_v1\B_RANDOM_BASELINE_VALIDATION_REPORT_20261009_v1.md,15947,ea170d8acd30a6b3045ba85dfcb587bf8f4b11fbae30ac3a3706b053d1591ce5,2026-10-09T12:26:00.452090+00:00,2026-10-09T12:27:28.958154+00:00
local,C:\Users\admin\Documents\Codex\2026-10-09\6-45-jiae-jeong-lotto-data\outputs\B_RANDOM_BASELINE_20261009_v1\B_REPRODUCTION_REFERENCE_FROZEN.json,1995,0519838584cdbeb786bccc5a5c53e36c26e6a668e205d1e2926a57c6745952f4,2026-10-09T12:18:57.788991+00:00,2026-10-09T12:18:57.789993+00:00
local,C:\Users\admin\Documents\Codex\2026-10-09\6-45-jiae-jeong-lotto-data\outputs\B_RANDOM_BASELINE_20261009_v1\B_VS_RANDOM_BLOCKS.csv,12582,2019e310f383ab67fe88fb6e38540ebe7072b0de87a77afd4f2897e4585eea65,2026-10-09T12:19:31.944739+00:00,2026-10-09T12:19:31.944739+00:00
local,C:\Users\admin\Documents\Codex\2026-10-09\6-45-jiae-jeong-lotto-data\outputs\B_RANDOM_BASELINE_20261009_v1\B_VS_RANDOM_POOLED.csv,7137,2fe0fe54b5bf085648f333a740e966b8bb06daa70914875b2cc4cac07a6c0741,2026-10-09T12:19:31.933220+00:00,2026-10-09T12:19:31.944739+00:00
local,C:\Users\admin\Documents\Codex\2026-10-09\6-45-jiae-jeong-lotto-data\outputs\B_RANDOM_BASELINE_20261009_v1\EXECUTION_STDERR.log,0,e3b0c44298fc1c149afbf4c8996fb92427ae41e4649b934ca495991b7852b855,2026-10-09T12:19:28.965846+00:00,2026-10-09T12:19:28.965846+00:00
local,C:\Users\admin\Documents\Codex\2026-10-09\6-45-jiae-jeong-lotto-data\outputs\B_RANDOM_BASELINE_20261009_v1\EXECUTION_STDOUT.log,664,1de931599f0b7854774dd4a7f8eb99b76151751bdeb7c732dcb380a8d47a5c5c,2026-10-09T12:19:28.964844+00:00,2026-10-09T12:19:31.957476+00:00
local,C:\Users\admin\Documents\Codex\2026-10-09\6-45-jiae-jeong-lotto-data\outputs\B_RANDOM_BASELINE_20261009_v1\EXPLORATORY_STATISTICAL_TESTS.json,5012,5f94cd6f4b431881c2c815cf40c37cd173b250557073f7f57d8757aec4bcbde0,2026-10-09T12:19:31.952715+00:00,2026-10-09T12:19:31.952715+00:00
local,C:\Users\admin\Documents\Codex\2026-10-09\6-45-jiae-jeong-lotto-data\outputs\B_RANDOM_BASELINE_20261009_v1\FINAL_VERIFICATION.json,4665,9ba7bfaf1f3a5c5e45979309f212379f079665042df1453f7694d82f52a92f75,2026-10-09T12:26:00.960933+00:00,2026-10-09T12:27:29.441027+00:00
local,C:\Users\admin\Documents\Codex\2026-10-09\6-45-jiae-jeong-lotto-data\outputs\B_RANDOM_BASELINE_20261009_v1\MC_BLOCK_AND_POOLED_SUMMARY.csv,11240,18964533e31dcdb93d3b9418a51b91b8ac0f8bf5c5020a874430a9e15f5c4996,2026-10-09T12:19:31.868560+00:00,2026-10-09T12:19:31.868560+00:00
local,C:\Users\admin\Documents\Codex\2026-10-09\6-45-jiae-jeong-lotto-data\outputs\B_RANDOM_BASELINE_20261009_v1\MC_TARGET_AGGREGATES.csv,49121,ccf6dd2d2fc23e848488018a6a97d6cf445d2afc82f4c8aa963b88ade8d028ee,2026-10-09T12:19:31.854208+00:00,2026-10-09T12:19:31.859208+00:00
local,C:\Users\admin\Documents\Codex\2026-10-09\6-45-jiae-jeong-lotto-data\outputs\B_RANDOM_BASELINE_20261009_v1\MONTE_CARLO_PROTOCOL.md,2177,30d13609a1225d4fdaaf42fe7634edbc1e5402e13145b4cc7e8fcc8a75fae22e,2026-10-09T12:18:57.796115+00:00,2026-10-09T12:18:57.796115+00:00
local,C:\Users\admin\Documents\Codex\2026-10-09\6-45-jiae-jeong-lotto-data\outputs\B_RANDOM_BASELINE_20261009_v1\RANDOM_TICKET_STREAM_HASHES.csv,28583,52ef312df859b7d3d73d2a65973c4c6d5d46f68c778a558f74f1f7f577c9040c,2026-10-09T12:19:31.865551+00:00,2026-10-09T12:19:31.867560+00:00
local,C:\Users\admin\Documents\Codex\2026-10-09\6-45-jiae-jeong-lotto-data\outputs\B_RANDOM_BASELINE_20261009_v1\REPORT_DRAFT_CORRECTION.log,216,b20a47e684f79ce7fca1d365ac9041022a80f25f09b7518ffbebeeb5fa678dee,2026-10-09T12:27:28.961023+00:00,2026-10-09T12:27:28.961023+00:00
local,C:\Users\admin\Documents\Codex\2026-10-09\6-45-jiae-jeong-lotto-data\outputs\B_RANDOM_BASELINE_20261009_v1\run_b_random_baseline.py,14985,bc7775f4539887392dc43f7641c26640135cdc7eeaad2f3cad855d338dc9ca22,2026-10-09T12:18:56.621045+00:00,2026-10-09T12:18:56.623458+00:00
local,C:\Users\admin\Documents\Codex\2026-10-09\6-45-jiae-jeong-lotto-data\outputs\B_RANDOM_BASELINE_20261009_v1\RUN_CONFIG.json,2577,c2d88d9b1049cd2e199df809f6ce7aae31ba11aae292581eeeb4bdb613bcb821,2026-10-09T12:18:57.787991+00:00,2026-10-09T12:18:57.788991+00:00
local,C:\Users\admin\Documents\Codex\2026-10-09\6-45-jiae-jeong-lotto-data\outputs\B_RANDOM_BASELINE_20261009_v1\RUN_METADATA.json,1278,46522018025abae95d94bee6690991bb9d177aa3b8cff6f6c9f97b9a7cdd97ee,2026-10-09T12:19:31.955462+00:00,2026-10-09T12:19:31.955462+00:00
local,C:\Users\admin\Documents\Codex\2026-10-09\6-45-jiae-jeong-lotto-data\outputs\B_RANDOM_BASELINE_20261009_v1\RUN_PLAN_SEAL.json,741,fc47a806328574bcc3bd54ba5d619339289ff6737f0ca1da843cf3c1a363df20,2026-10-09T12:18:57.839130+00:00,2026-10-09T12:18:57.839130+00:00
local,C:\Users\admin\Documents\Codex\2026-10-09\6-45-jiae-jeong-lotto-data\outputs\B_RANDOM_BASELINE_20261009_v1\SHA256_MANIFEST.csv,2380,cd10bd75f11fd66b2dfbde8911845e5a8cde99d4c1d49c9207bd5d495fba9c22,2026-10-09T12:27:29.441027+00:00,2026-10-09T12:27:29.463934+00:00
local,C:\Users\admin\Documents\Codex\2026-10-09\6-45-jiae-jeong-lotto-data\outputs\B_RANDOM_BASELINE_20261009_v1\STATUS_CLASSIFICATION.json,1925,5262c6c9fd40d0b59c8624ccf81b3f21e927dd56f24d931340b46c0b4ce03227,2026-10-09T12:26:00.452090+00:00,2026-10-09T12:27:28.960022+00:00
local,C:\Users\admin\Documents\Codex\2026-10-09\6-45-jiae-jeong-lotto-data\outputs\B_RANDOM_BASELINE_20261009_v1\THEORETICAL_BASELINE.json,581,3612f05c50f0e45e3b5917cd1dc940426f1d6f61dcce6b597938a4ab52ed9b40,2026-10-09T12:19:29.543826+00:00,2026-10-09T12:19:29.544935+00:00
local,C:\Users\admin\Documents\Codex\2026-10-09\6-45-jiae-jeong-lotto-data\outputs\B_RANDOM_BASELINE_20261009_v1\UNRESOLVED_HISTORICAL_RESULT.json,419,fb99c5ab018ef547687c13582330322af7c6817e0f23136dfa173d782e2c5677,2026-10-09T12:18:57.794029+00:00,2026-10-09T12:18:57.795033+00:00
local,C:\Users\admin\Documents\Codex\2026-10-09\6-45-jiae-jeong-lotto-data\outputs\B_RANDOM_BASELINE_20261009_v1\VERIFICATION_ATTEMPT_1.log,604,6bbb71d0d649158f6fedeae78e94759adcd2b7a68ef557141006380686ee6541,2026-10-09T12:22:12.038412+00:00,2026-10-09T12:22:12.038412+00:00
local,C:\Users\admin\Documents\Codex\2026-10-09\6-45-jiae-jeong-lotto-data\outputs\B_RANDOM_BASELINE_20261009_v1\verify_b_random_baseline.py,5347,bae3030e477bc58c6abae4e4bae7f2833974dacb29bae7a4f7fca11c1f96b3c2,2026-10-09T12:21:05.271225+00:00,2026-10-09T12:22:11.634222+00:00
local,C:\Users\admin\Documents\Codex\2026-10-09\6-45-jiae-jeong-lotto-data\work\A_RESEARCH_PUBLICATION_STATE_20261009_v1.json,80079,a7ea206d5f0b98920f2912bea2187d44b1cd3e6f7a10ff73eb11949b4c423749,2026-10-09T13:31:53.261826+00:00,2026-10-09T13:31:53.262830+00:00
local,C:\Users\admin\Documents\Codex\2026-10-09\6-45-jiae-jeong-lotto-data\work\a_research_publish_20261009.py,6272,d68356f5dccbd2b08a7b6bd6ade95c25c9e5561c2a65710321d8ac5b06a60b33,2026-10-09T13:31:47.419333+00:00,2026-10-09T13:31:47.421253+00:00
local,C:\Users\admin\Documents\Codex\2026-10-09\6-45-jiae-jeong-lotto-data\work\build_primary_mode_publisher.py,1657,509c353b96474ff9fa8daf3a1f435a40f019c067e23faddfe4cab41622b8ade4,2026-10-09T06:17:44.384940+00:00,2026-10-09T06:17:44.386943+00:00
local,C:\Users\admin\Documents\Codex\2026-10-09\6-45-jiae-jeong-lotto-data\work\build_prospective_v4.py,28779,25ea57632e78b49c55bab82a22993e8d461b3121ab7b5ad3d6b3b16c42e8e8d6,2026-10-09T04:45:57.750285+00:00,2026-10-09T04:47:25.823071+00:00
local,C:\Users\admin\Documents\Codex\2026-10-09\6-45-jiae-jeong-lotto-data\work\B_AUDIT_AND_RANDOM_PUBLICATION_STATE_20261009_v1.json,50554,dc1ced4b1610a917e4746ae557dfd34716c64f0fd335b2ee924574b0c33d4d0b,2026-10-09T12:12:11.507883+00:00,2026-10-09T12:28:40.127722+00:00
local,C:\Users\admin\Documents\Codex\2026-10-09\6-45-jiae-jeong-lotto-data\work\b_audit_publish_20261009.py,6700,e8385d1e501827f359e3dfeb7956501458b1048828c3fff221ac1ce373727aba,2026-10-09T12:12:02.013920+00:00,2026-10-09T12:13:04.376374+00:00
local,C:\Users\admin\Documents\Codex\2026-10-09\6-45-jiae-jeong-lotto-data\work\b_model_audit_environment_20261009.py,3268,d4f104cf7b9d97b795a6a2ffc4bcf9832312083aa85200fd4491b39e608b6781,2026-10-09T11:53:09.542616+00:00,2026-10-09T11:53:09.544612+00:00
local,C:\Users\admin\Documents\Codex\2026-10-09\6-45-jiae-jeong-lotto-data\work\b_model_audit_finalize_20261009.py,21471,04b48da317342c13e43360d74604187f223cffdb2f71f18df3aa5357b9526b81,2026-10-09T11:58:53.475145+00:00,2026-10-09T11:58:53.478258+00:00
local,C:\Users\admin\Documents\Codex\2026-10-09\6-45-jiae-jeong-lotto-data\work\b_model_audit_manifest_20261009.py,1645,63d9d57014676afb54ab08a7c59ebd209f6d0c1daf77cbd0bfe4d19933c5e0ba,2026-10-09T12:05:47.708267+00:00,2026-10-09T12:05:47.709269+00:00
local,C:\Users\admin\Documents\Codex\2026-10-09\6-45-jiae-jeong-lotto-data\work\b_model_audit_prepare_20261009.py,4465,b1989169750cfe3edc34303e57da693869353d280d3df89d4d0dea442f2dd7e4,2026-10-09T11:45:26.753532+00:00,2026-10-09T11:45:26.755955+00:00
local,C:\Users\admin\Documents\Codex\2026-10-09\6-45-jiae-jeong-lotto-data\work\b_model_audit_run_20261009.py,1596,dd90b2e417956701bb84f805f09bc5c69e020118dc54609b99496cd9e818d51e,2026-10-09T11:45:47.999623+00:00,2026-10-09T11:45:48.001631+00:00
local,C:\Users\admin\Documents\Codex\2026-10-09\6-45-jiae-jeong-lotto-data\work\b_model_audit_verify_20261009.py,26336,f4d93b8939a31bd7dd082eee3ef28a96c3d775f929fc4a6775e0faf179d2fc86,2026-10-09T11:51:28.652456+00:00,2026-10-09T11:53:09.130116+00:00
local,C:\Users\admin\Documents\Codex\2026-10-09\6-45-jiae-jeong-lotto-data\work\b_model_git_restore_20261009_v4_state.json,21887,e2fa0038c42c1535cd3f5734bc2fddc8b5dfbbe82472e56381eb47879b2306d0,2026-10-09T04:24:22.083121+00:00,2026-10-09T04:25:57.382167+00:00
local,C:\Users\admin\Documents\Codex\2026-10-09\6-45-jiae-jeong-lotto-data\work\b_publication_final_report_20261009.py,6823,9cf3c0905025fd3bf795fa2f123f391004a5bcaecbe5b7f448dd78153451eba5,2026-10-09T12:31:04.330909+00:00,2026-10-09T12:31:04.333365+00:00
local,C:\Users\admin\Documents\Codex\2026-10-09\6-45-jiae-jeong-lotto-data\work\b_random_execute_20261009.py,1057,29e40860a6ade414c103a9e617e4f1744f68dbc1bbade8951e360eb83a2a256b,2026-10-09T12:19:28.294183+00:00,2026-10-09T12:19:28.296199+00:00
local,C:\Users\admin\Documents\Codex\2026-10-09\6-45-jiae-jeong-lotto-data\work\b_random_finalize_manifest_20261009.py,2299,7cd169f2fe9c865abc4509d52582dcae412c033a2763f28797f09cf1b8abb85b,2026-10-09T12:27:28.031714+00:00,2026-10-09T12:27:28.033717+00:00
local,C:\Users\admin\Documents\Codex\2026-10-09\6-45-jiae-jeong-lotto-data\work\b_random_prepare_20261009.py,6210,295fbb815a4feb83140cbb8c6ab1a8751a6aa1fb03e0017ce859f04236e3620d,2026-10-09T12:18:57.033417+00:00,2026-10-09T12:18:57.035424+00:00
local,C:\Users\admin\Documents\Codex\2026-10-09\6-45-jiae-jeong-lotto-data\work\b_random_report_20261009.py,16823,69f8164ec1108666f3ca955904d4a078426b0afadb13cd6830955cdce15e1ef0,2026-10-09T12:25:59.704122+00:00,2026-10-09T12:27:27.604680+00:00
local,C:\Users\admin\Documents\Codex\2026-10-09\6-45-jiae-jeong-lotto-data\work\evaluation_v4.py,2567,9fae6c59956ce49489abb9c3ee08df030054254fc95ed1928fafb37cc087f22b,2026-10-09T04:42:00.918533+00:00,2026-10-09T04:42:00.921535+00:00
local,C:\Users\admin\Documents\Codex\2026-10-09\6-45-jiae-jeong-lotto-data\work\execute_prediction_1245_v4.py,2260,d5bebe04c2c55d2a4836677b58663479ac79bc32d60b391ece58cfd451633f8c,2026-10-09T05:23:30.324050+00:00,2026-10-09T05:23:30.324050+00:00
local,C:\Users\admin\Documents\Codex\2026-10-09\6-45-jiae-jeong-lotto-data\work\execute_primary_mode_historical_1245_v4.py,1787,4afc4db9aba2f4ab3a944cce7a5fdd4f36046a32438ccf2c7f01b4d3212ee42d,2026-10-09T06:12:21.993209+00:00,2026-10-09T06:12:22.006121+00:00
local,C:\Users\admin\Documents\Codex\2026-10-09\6-45-jiae-jeong-lotto-data\work\finalize_b_model_git_restore_20261009.py,17052,b7854a535d3ced2ae6978c7dfdc961af47a0aeb892af3885044595b08120b089,2026-10-09T04:21:26.666217+00:00,2026-10-09T04:25:20.274700+00:00
local,C:\Users\admin\Documents\Codex\2026-10-09\6-45-jiae-jeong-lotto-data\work\finish_prospective_v4_freeze.py,4903,b734c5a8ec936999d088a7fbc707451e44381aa03999eedfb4c873ffd24737a1,2026-10-09T04:47:26.250067+00:00,2026-10-09T04:47:26.252070+00:00
local,C:\Users\admin\Documents\Codex\2026-10-09\6-45-jiae-jeong-lotto-data\work\fix_primary_mode_protocol_1245_v4.py,8592,ac28e250610150a59d44f35e2cc8e374e962d4dd253ab1d41eae58b7671c25d0,2026-10-09T06:11:45.128337+00:00,2026-10-09T06:11:45.130482+00:00
local,C:\Users\admin\Documents\Codex\2026-10-09\6-45-jiae-jeong-lotto-data\work\intake_prospective_v4.py,6803,297f1a6a9d35cc2efedf5e5774535d57382e104e5acc7779acf6f4df3686cd8b,2026-10-09T04:35:37.453772+00:00,2026-10-09T04:35:46.056515+00:00
local,C:\Users\admin\Documents\Codex\2026-10-09\6-45-jiae-jeong-lotto-data\work\PREDICTION_1245_V4_EXECUTION_20261009.log,941819,f5abdbd3dc8a5824cc0bd2a24ca0c31a00740d1b89252556e0b04be4497f08ce,2026-10-09T05:20:29.914341+00:00,2026-10-09T05:29:13.067087+00:00
local,C:\Users\admin\Documents\Codex\2026-10-09\6-45-jiae-jeong-lotto-data\work\PREDICTION_1245_V4_STATE_20261009.json,48718,e335b7e68a9c33f6b9bb9748aad010715085fd4f7209aea85a4da26dff9e7886,2026-10-09T05:20:34.875116+00:00,2026-10-09T05:29:13.066081+00:00
local,C:\Users\admin\Documents\Codex\2026-10-09\6-45-jiae-jeong-lotto-data\work\prepare_prediction_1245_v4.py,3394,657d54b01895d529f81b64357917bffbfc7e5af104caa60a1a8c4185b1968bcd,2026-10-09T05:20:28.755155+00:00,2026-10-09T05:20:28.757239+00:00
local,C:\Users\admin\Documents\Codex\2026-10-09\6-45-jiae-jeong-lotto-data\work\prepare_primary_mode_1245_v4.py,3205,354f6d93aedee1c24c873acb6c83ed49bbf45239f5b0f581b86d215bf8e38acb,2026-10-09T06:03:06.793808+00:00,2026-10-09T06:03:06.795169+00:00
local,C:\Users\admin\Documents\Codex\2026-10-09\6-45-jiae-jeong-lotto-data\work\PRIMARY_MODE_1245_V4_EXECUTION_20261009.log,82069,cc7bf32b07cbd16a31df1685164b6d4ca3b7a3646045c99bd61a84426a822555,2026-10-09T06:03:07.958815+00:00,2026-10-09T06:18:55.367996+00:00
local,C:\Users\admin\Documents\Codex\2026-10-09\6-45-jiae-jeong-lotto-data\work\PRIMARY_MODE_1245_V4_STATE_20261009.json,52417,6027f1a8484abe7cd89027f035852f631701ce274703b2932073465cf3caccf2,2026-10-09T06:03:15.180004+00:00,2026-10-09T06:18:55.367996+00:00
local,C:\Users\admin\Documents\Codex\2026-10-09\6-45-jiae-jeong-lotto-data\work\prospective_engine_v4.py,9263,f6ce9f995b7189a73cf54e9036b6053d388f2ea7e3f06a3357769669ee143b44,2026-10-09T04:40:22.487703+00:00,2026-10-09T04:42:00.489929+00:00
local,C:\Users\admin\Documents\Codex\2026-10-09\6-45-jiae-jeong-lotto-data\work\PROSPECTIVE_V4_EXECUTION_20261009.log,45300,3ff6bdadfe38faeaa357924f90637a3c14e3cfd52a10e4ab98944460b7180fc9,2026-10-09T04:32:37.658837+00:00,2026-10-09T04:52:09.085656+00:00
local,C:\Users\admin\Documents\Codex\2026-10-09\6-45-jiae-jeong-lotto-data\work\PROSPECTIVE_V4_INTAKE_20261009.json,108875,626c7b460087cab8b1a43780cb305549d2e74693713e4969c48a49c45e20adce,2026-10-09T04:35:47.639911+00:00,2026-10-09T04:35:47.646337+00:00
local,C:\Users\admin\Documents\Codex\2026-10-09\6-45-jiae-jeong-lotto-data\work\PROSPECTIVE_V4_STATE_20261009.json,37101,044bc799fd21273f6f6e7df5492b2048934a6e2b9499cf2aad3fa17dfc979df4,2026-10-09T04:32:39.456134+00:00,2026-10-09T04:49:18.699112+00:00
local,C:\Users\admin\Documents\Codex\2026-10-09\6-45-jiae-jeong-lotto-data\work\publish_prediction_1245_v4.py,6672,c15d2732f197617fe452732515eb68af31ab274277f016bab2f5c246e7e54bbc,2026-10-09T05:28:19.249595+00:00,2026-10-09T05:28:47.760814+00:00
local,C:\Users\admin\Documents\Codex\2026-10-09\6-45-jiae-jeong-lotto-data\work\publish_primary_mode_1245_v4.py,6635,74dbb94a53d35061de7225bdeb4f333fe2e1ae013813e36e695c854bd2e634cf,2026-10-09T06:17:45.046788+00:00,2026-10-09T06:18:30.960795+00:00
local,C:\Users\admin\Documents\Codex\2026-10-09\6-45-jiae-jeong-lotto-data\work\publish_prospective_v4.py,4385,0ffb6570fbe077807893fbe687366b58836d2d7d15cfb787a3765f4ae4f1d918,2026-10-09T04:49:04.117565+00:00,2026-10-09T04:49:04.117565+00:00
local,C:\Users\admin\Documents\Codex\2026-10-09\6-45-jiae-jeong-lotto-data\work\report_prediction_1245_v4.py,14926,4184b3057aea50a976eb79f3e2c5fb93638c39477b92f627dae877b16373b5db,2026-10-09T05:31:57.369433+00:00,2026-10-09T05:31:57.369433+00:00
local,C:\Users\admin\Documents\Codex\2026-10-09\6-45-jiae-jeong-lotto-data\work\report_primary_mode_1245_v4.py,15910,2e669ffd36a71c552046593f182020bf240d6cfd0be7f9129567a7372a01cb03,2026-10-09T11:11:58.729584+00:00,2026-10-09T11:11:58.733020+00:00
local,C:\Users\admin\Documents\Codex\2026-10-09\6-45-jiae-jeong-lotto-data\work\seal_primary_mode_1245_v4.py,5136,b6dd943b2cc19f265273d2733caa697e299ec3ca27a183e3818687a77ddc6e42,2026-10-09T06:16:31.983496+00:00,2026-10-09T06:16:31.985508+00:00
local,C:\Users\admin\Documents\Codex\2026-10-09\6-45-jiae-jeong-lotto-data\work\search_a_sources_20261009.py,7187,ee5f1fb3ed71271eb86209ba275f4241db6c251f43a9a2bf18ba64070ef0d552,2026-10-09T13:33:11.787125+00:00,2026-10-09T13:33:11.789333+00:00
local,C:\Users\admin\Documents\Codex\2026-10-09\6-45-jiae-jeong-lotto-data\work\verify_and_seal_prediction_1245_v4.py,6637,659f4203df7d53eee27cdee9df3b4f009b5de8fa2ad44ff738a1bc61ff0f9046,2026-10-09T05:26:51.308980+00:00,2026-10-09T05:26:51.308980+00:00
local,C:\Users\admin\Documents\Codex\2026-10-09\6-45-jiae-jeong-lotto-data\work\verify_freeze_v4.py,1996,5511923bb358ece8653d5cdddae67c89888eb867a0e4d9bb7a4cecb7f5989fbd,2026-10-09T04:40:22.064238+00:00,2026-10-09T04:40:22.066240+00:00
local,C:\Users\admin\Documents\Codex\2026-10-09\6-45-jiae-jeong-lotto-data\work\winget_info.log,0,e3b0c44298fc1c149afbf4c8996fb92427ae41e4649b934ca495991b7852b855,2026-10-09T02:03:34.059304+00:00,2026-10-09T02:03:34.059304+00:00
local,C:\Users\admin\Documents\Codex\2026-10-09\6-45-jiae-jeong-lotto-data\work\b_audit_remote_verified_20261009_v1\outputs\B_MODEL_REPRODUCTION_FINAL_VERIFICATION_20261009_v1.json,703,aa59f25e802d554b0fa865d1141e0458e67e46255845b19ad220b4f158223423,2026-10-09T12:13:22.584135+00:00,2026-10-09T12:13:22.584135+00:00
local,C:\Users\admin\Documents\Codex\2026-10-09\6-45-jiae-jeong-lotto-data\work\b_audit_remote_verified_20261009_v1\outputs\B_MODEL_REPRODUCTION_20261009_v1\AUDIT_SHA256.csv,4058,1f2f234b957b2ca4a802a6354fe8ca10c026baecc91b8fea55d6d1f42d888ed1,2026-10-09T12:13:17.884197+00:00,2026-10-09T12:13:17.884197+00:00
local,C:\Users\admin\Documents\Codex\2026-10-09\6-45-jiae-jeong-lotto-data\work\b_audit_remote_verified_20261009_v1\outputs\B_MODEL_REPRODUCTION_20261009_v1\AUDIT_UNIQUE_AND_RECENT_B_SCORES.csv,11158,c9660348644f80c1febce9fe1cac271e0adf4faa03161086c725b84b76ca91bb,2026-10-09T12:13:17.983729+00:00,2026-10-09T12:13:17.985138+00:00
local,C:\Users\admin\Documents\Codex\2026-10-09\6-45-jiae-jeong-lotto-data\work\b_audit_remote_verified_20261009_v1\outputs\B_MODEL_REPRODUCTION_20261009_v1\b_model_50_round_trends.csv,6264,199bd09e71f9f7171b2c26ee68a7eb8afd40edcd17a1f8907dd09c2a4e7f57df,2026-10-09T12:13:18.089596+00:00,2026-10-09T12:13:18.091592+00:00
local,C:\Users\admin\Documents\Codex\2026-10-09\6-45-jiae-jeong-lotto-data\work\b_audit_remote_verified_20261009_v1\outputs\B_MODEL_REPRODUCTION_20261009_v1\b_model_backtest_report.md,10972,b9e3804e02f2c4fed548222b77cf90ff58083d54f184cb4bbee0c5b20489994a,2026-10-09T12:13:18.198032+00:00,2026-10-09T12:13:18.199039+00:00
local,C:\Users\admin\Documents\Codex\2026-10-09\6-45-jiae-jeong-lotto-data\work\b_audit_remote_verified_20261009_v1\outputs\B_MODEL_REPRODUCTION_20261009_v1\b_model_classification.csv,3509,2c7a8030b0129eef55137852a8e5e297d916239c46a8fc9bbe0e0c467ecf9ff2,2026-10-09T12:13:18.304898+00:00,2026-10-09T12:13:18.305920+00:00
local,C:\Users\admin\Documents\Codex\2026-10-09\6-45-jiae-jeong-lotto-data\work\b_audit_remote_verified_20261009_v1\outputs\B_MODEL_REPRODUCTION_20261009_v1\b_model_holdout_metrics.csv,113856,147765c9f3353deac5cc5c91e37ce0f80a7e4608c9e29738d4724130df5bc2a4,2026-10-09T12:13:18.401259+00:00,2026-10-09T12:13:18.402267+00:00
local,C:\Users\admin\Documents\Codex\2026-10-09\6-45-jiae-jeong-lotto-data\work\b_audit_remote_verified_20261009_v1\outputs\B_MODEL_REPRODUCTION_20261009_v1\b_model_predictions.csv,3236859,088685b5c30275c2640dfda2001beb99cebf5855156ae54ad5e0f6f170cf39be,2026-10-09T12:13:18.546194+00:00,2026-10-09T12:13:18.549190+00:00
local,C:\Users\admin\Documents\Codex\2026-10-09\6-45-jiae-jeong-lotto-data\work\b_audit_remote_verified_20261009_v1\outputs\B_MODEL_REPRODUCTION_20261009_v1\B_MODEL_REPRODUCIBILITY_AUDIT_20261009_v1.md,25178,6518c939b09d0c2287a895fa2572214c9671572114a024b171d3bad3a547bf30,2026-10-09T12:13:18.667968+00:00,2026-10-09T12:13:18.668972+00:00
local,C:\Users\admin\Documents\Codex\2026-10-09\6-45-jiae-jeong-lotto-data\work\b_audit_remote_verified_20261009_v1\outputs\B_MODEL_REPRODUCTION_20261009_v1\CORE_VERIFICATION.json,6114,188880fd74346d0235daa109ba4b6877efa028b6381de42ef7d3ed6606b7ea3e,2026-10-09T12:13:18.775095+00:00,2026-10-09T12:13:18.776180+00:00
local,C:\Users\admin\Documents\Codex\2026-10-09\6-45-jiae-jeong-lotto-data\work\b_audit_remote_verified_20261009_v1\outputs\B_MODEL_REPRODUCTION_20261009_v1\DIRECT_PATH_DIAGNOSTIC_STDERR.log,1382,dd02baf3af5cb165e61b69620f0cf0775678e89b20c37b31f1bfdbce4c45f59b,2026-10-09T12:13:18.875031+00:00,2026-10-09T12:13:18.876048+00:00
local,C:\Users\admin\Documents\Codex\2026-10-09\6-45-jiae-jeong-lotto-data\work\b_audit_remote_verified_20261009_v1\outputs\B_MODEL_REPRODUCTION_20261009_v1\DIRECT_PATH_DIAGNOSTIC_STDOUT.log,0,e3b0c44298fc1c149afbf4c8996fb92427ae41e4649b934ca495991b7852b855,2026-10-09T12:13:18.978171+00:00,2026-10-09T12:13:18.978171+00:00
local,C:\Users\admin\Documents\Codex\2026-10-09\6-45-jiae-jeong-lotto-data\work\b_audit_remote_verified_20261009_v1\outputs\B_MODEL_REPRODUCTION_20261009_v1\DIVERGENT_RESULT_INVESTIGATION.json,6572,687071fa38fc579d2277cf1e5fbefcea1d2481c5c466180dc1ca2a2279f49a1c,2026-10-09T12:13:19.075970+00:00,2026-10-09T12:13:19.075970+00:00
local,C:\Users\admin\Documents\Codex\2026-10-09\6-45-jiae-jeong-lotto-data\work\b_audit_remote_verified_20261009_v1\outputs\B_MODEL_REPRODUCTION_20261009_v1\ENVIRONMENT_FAILURE_CHECKS.json,1184,956f69609dc5bf84b2e97c28ed8fd4206b87267160901ea9a6bfb61794d4120d,2026-10-09T12:13:19.180168+00:00,2026-10-09T12:13:19.182652+00:00
local,C:\Users\admin\Documents\Codex\2026-10-09\6-45-jiae-jeong-lotto-data\work\b_audit_remote_verified_20261009_v1\outputs\B_MODEL_REPRODUCTION_20261009_v1\ERROR_AND_LIMITATION_REGISTER.json,4767,312984876146bd57d9e2634e54e72ea7660f82a5c1723c35d4091823c6db4306,2026-10-09T12:13:19.291613+00:00,2026-10-09T12:13:19.292602+00:00
local,C:\Users\admin\Documents\Codex\2026-10-09\6-45-jiae-jeong-lotto-data\work\b_audit_remote_verified_20261009_v1\outputs\B_MODEL_REPRODUCTION_20261009_v1\EXACT_RANDOM_BASELINE_VALIDATION.json,2622,f663c062a19316dcfa50bb235a626b6a8379f1f3782d1730bcc9cf84f8dd8529,2026-10-09T12:13:19.394173+00:00,2026-10-09T12:13:19.394173+00:00
local,C:\Users\admin\Documents\Codex\2026-10-09\6-45-jiae-jeong-lotto-data\work\b_audit_remote_verified_20261009_v1\outputs\B_MODEL_REPRODUCTION_20261009_v1\EXECUTED_b_model_backtest.py,27977,3ecf4fb805c2448e49c39e01174b3a112d4865c7ff1a31157437515b78be47cb,2026-10-09T12:13:19.496116+00:00,2026-10-09T12:13:19.496116+00:00
local,C:\Users\admin\Documents\Codex\2026-10-09\6-45-jiae-jeong-lotto-data\work\b_audit_remote_verified_20261009_v1\outputs\B_MODEL_REPRODUCTION_20261009_v1\EXECUTED_INPUT_lotto_data.csv,43234,243cd17e6b97a2d96709ddfc689a068038669341a52dcc0743c141d309e43b9f,2026-10-09T12:13:19.603270+00:00,2026-10-09T12:13:19.604287+00:00
local,C:\Users\admin\Documents\Codex\2026-10-09\6-45-jiae-jeong-lotto-data\work\b_audit_remote_verified_20261009_v1\outputs\B_MODEL_REPRODUCTION_20261009_v1\EXECUTION_RESULT.json,1041,a47127e139cf965311d3901c9a2d2488a805d6e0169972ab440d66264cd809c6,2026-10-09T12:13:19.724305+00:00,2026-10-09T12:13:19.725584+00:00
local,C:\Users\admin\Documents\Codex\2026-10-09\6-45-jiae-jeong-lotto-data\work\b_audit_remote_verified_20261009_v1\outputs\B_MODEL_REPRODUCTION_20261009_v1\EXECUTION_STDERR.log,0,e3b0c44298fc1c149afbf4c8996fb92427ae41e4649b934ca495991b7852b855,2026-10-09T12:13:19.826009+00:00,2026-10-09T12:13:19.826009+00:00
local,C:\Users\admin\Documents\Codex\2026-10-09\6-45-jiae-jeong-lotto-data\work\b_audit_remote_verified_20261009_v1\outputs\B_MODEL_REPRODUCTION_20261009_v1\EXECUTION_STDOUT.log,1017,e2233cceacb98714b962b8bd24db874e4a7b4e264a3276e2a32f6225ac14898d,2026-10-09T12:13:19.921805+00:00,2026-10-09T12:13:19.922795+00:00
local,C:\Users\admin\Documents\Codex\2026-10-09\6-45-jiae-jeong-lotto-data\work\b_audit_remote_verified_20261009_v1\outputs\B_MODEL_REPRODUCTION_20261009_v1\EXISTING_ASSETS_AFTER.json,24680,6ccaa17df814593249f44215cb404777ddc02f74db632602caa8d807044a912e,2026-10-09T12:13:20.142053+00:00,2026-10-09T12:13:20.143317+00:00
local,C:\Users\admin\Documents\Codex\2026-10-09\6-45-jiae-jeong-lotto-data\work\b_audit_remote_verified_20261009_v1\outputs\B_MODEL_REPRODUCTION_20261009_v1\EXISTING_ASSETS_BEFORE.json,28247,306d965850f52fc10ea550503e7ac1df37044d90f2ceacade3620c970147e7c1,2026-10-09T12:13:20.255076+00:00,2026-10-09T12:13:20.255076+00:00
local,C:\Users\admin\Documents\Codex\2026-10-09\6-45-jiae-jeong-lotto-data\work\b_audit_remote_verified_20261009_v1\outputs\B_MODEL_REPRODUCTION_20261009_v1\EXISTING_ASSET_METADATA.csv,20870,b67e28f176c93939f54703afe7ea73bac212744b40616c51963e7b5de4d07aaa,2026-10-09T12:13:20.028690+00:00,2026-10-09T12:13:20.030178+00:00
local,C:\Users\admin\Documents\Codex\2026-10-09\6-45-jiae-jeong-lotto-data\work\b_audit_remote_verified_20261009_v1\outputs\B_MODEL_REPRODUCTION_20261009_v1\GIT_AFTER.json,2179,52ce927a2a730a9031eeb922ddbb469c85009ed0a6d9487858b9075d23b3c043,2026-10-09T12:13:20.360728+00:00,2026-10-09T12:13:20.361720+00:00
local,C:\Users\admin\Documents\Codex\2026-10-09\6-45-jiae-jeong-lotto-data\work\b_audit_remote_verified_20261009_v1\outputs\B_MODEL_REPRODUCTION_20261009_v1\GIT_BEFORE.json,2179,52ce927a2a730a9031eeb922ddbb469c85009ed0a6d9487858b9075d23b3c043,2026-10-09T12:13:20.498986+00:00,2026-10-09T12:13:20.499980+00:00
local,C:\Users\admin\Documents\Codex\2026-10-09\6-45-jiae-jeong-lotto-data\work\b_audit_remote_verified_20261009_v1\outputs\B_MODEL_REPRODUCTION_20261009_v1\INPUT_VALIDATION.json,573,5d63eb79c0198bdce84e59d0cf2895a9f48506cc2b9fc23e76630ca6f5df808f,2026-10-09T12:13:20.613947+00:00,2026-10-09T12:13:20.616409+00:00
local,C:\Users\admin\Documents\Codex\2026-10-09\6-45-jiae-jeong-lotto-data\work\b_audit_remote_verified_20261009_v1\outputs\B_MODEL_REPRODUCTION_20261009_v1\LEAKAGE_RUNTIME_SAMPLES.csv,7077,d26132f309c58dd9b00214cea10232d82517e49cec76f7556087866b28594bff,2026-10-09T12:13:20.732946+00:00,2026-10-09T12:13:20.734176+00:00
local,C:\Users\admin\Documents\Codex\2026-10-09\6-45-jiae-jeong-lotto-data\work\b_audit_remote_verified_20261009_v1\outputs\B_MODEL_REPRODUCTION_20261009_v1\LEAKAGE_VALIDATION.json,1079,3ba1f6003582dd1ea6bb62bd18cbe2da4c3ef7346ff5e6a8cac3ad8c639aae1a,2026-10-09T12:13:20.853477+00:00,2026-10-09T12:13:20.853477+00:00
local,C:\Users\admin\Documents\Codex\2026-10-09\6-45-jiae-jeong-lotto-data\work\b_audit_remote_verified_20261009_v1\outputs\B_MODEL_REPRODUCTION_20261009_v1\MISSING_OUTPUT_DIRECTORY_DIAGNOSTIC.log,881,fb6e78380dcfe76f3a5c6fc85b992fa020f66a54fb3b46fc51aae66d34c526e7,2026-10-09T12:13:20.964446+00:00,2026-10-09T12:13:20.966691+00:00
local,C:\Users\admin\Documents\Codex\2026-10-09\6-45-jiae-jeong-lotto-data\work\b_audit_remote_verified_20261009_v1\outputs\B_MODEL_REPRODUCTION_20261009_v1\MODEL_REPRODUCTION_SUMMARY.csv,1485,7ca9d68ba4be4059e0a07c171302141de5cbb81a30931cec0bee0509690e3375,2026-10-09T12:13:21.089040+00:00,2026-10-09T12:13:21.089040+00:00
local,C:\Users\admin\Documents\Codex\2026-10-09\6-45-jiae-jeong-lotto-data\work\b_audit_remote_verified_20261009_v1\outputs\B_MODEL_REPRODUCTION_20261009_v1\OUTPUT_COMPARISON.csv,1137,9566daac6a08ce2fa501c793eb477bd57564a3a34da8769c242d29f011070bf4,2026-10-09T12:13:21.189131+00:00,2026-10-09T12:13:21.189641+00:00
local,C:\Users\admin\Documents\Codex\2026-10-09\6-45-jiae-jeong-lotto-data\work\b_audit_remote_verified_20261009_v1\outputs\B_MODEL_REPRODUCTION_20261009_v1\PACKAGE_AND_INPUT_PROVENANCE.json,3146,2924a3b8d30855ba29916169fc7198482b2c6203f11dfb8a86073de19c821e7f,2026-10-09T12:13:21.291522+00:00,2026-10-09T12:13:21.296139+00:00
local,C:\Users\admin\Documents\Codex\2026-10-09\6-45-jiae-jeong-lotto-data\work\b_audit_remote_verified_20261009_v1\outputs\B_MODEL_REPRODUCTION_20261009_v1\PREFIX_FEATURE_CHECKS.csv,952,4fa6fb9bb7cafc3f23aa5dc354b9bc366522bbf545c57ddc2105b05b8ef7d899,2026-10-09T12:13:21.400742+00:00,2026-10-09T12:13:21.401781+00:00
local,C:\Users\admin\Documents\Codex\2026-10-09\6-45-jiae-jeong-lotto-data\work\b_audit_remote_verified_20261009_v1\outputs\B_MODEL_REPRODUCTION_20261009_v1\PRESERVATION_VERIFICATION.json,513,b823450c3ac1f91f24435f94100dd69a3857f5b17e29929352dc2360a2769e22,2026-10-09T12:13:21.502560+00:00,2026-10-09T12:13:21.502560+00:00
local,C:\Users\admin\Documents\Codex\2026-10-09\6-45-jiae-jeong-lotto-data\work\b_audit_remote_verified_20261009_v1\outputs\B_MODEL_REPRODUCTION_20261009_v1\RECORD_COUNT_DERIVATION.csv,345,260269e5efda4fa0d381f93c149738e94c4a63771998860c5e57421910e9f6cb,2026-10-09T12:13:21.632890+00:00,2026-10-09T12:13:21.633888+00:00
local,C:\Users\admin\Documents\Codex\2026-10-09\6-45-jiae-jeong-lotto-data\work\b_audit_remote_verified_20261009_v1\outputs\B_MODEL_REPRODUCTION_20261009_v1\REPORT_COMPARISON.json,1258,5c63b81dcf45463c2583c65f31e16e4e48f3a42895b215b29406075a7480da76,2026-10-09T12:13:21.752509+00:00,2026-10-09T12:13:21.752509+00:00
local,C:\Users\admin\Documents\Codex\2026-10-09\6-45-jiae-jeong-lotto-data\work\b_audit_remote_verified_20261009_v1\outputs\B_MODEL_REPRODUCTION_20261009_v1\RERUN_B_MODEL.ps1,2541,237e36f2e4dac29c4f2c7b651bc08288edded0c18361a5b0ddbb3be02ebbe837,2026-10-09T12:13:21.889429+00:00,2026-10-09T12:13:21.889429+00:00
local,C:\Users\admin\Documents\Codex\2026-10-09\6-45-jiae-jeong-lotto-data\work\b_audit_remote_verified_20261009_v1\outputs\B_MODEL_REPRODUCTION_20261009_v1\RERUN_HELPER_SYNTAX_VERIFICATION.json,185,002a3c2a0a8a2fb1b91c729e1f06818bf38b430ea211848848c7913db2fc84a6,2026-10-09T12:13:22.012716+00:00,2026-10-09T12:13:22.013711+00:00
local,C:\Users\admin\Documents\Codex\2026-10-09\6-45-jiae-jeong-lotto-data\work\b_audit_remote_verified_20261009_v1\outputs\B_MODEL_REPRODUCTION_20261009_v1\SEARCH_PATHS.json,1296,681b9de6adf9b958857ad496df1f6c7642a576c6c9d0325be396386c162c4f1d,2026-10-09T12:13:22.136800+00:00,2026-10-09T12:13:22.136800+00:00
local,C:\Users\admin\Documents\Codex\2026-10-09\6-45-jiae-jeong-lotto-data\work\b_audit_remote_verified_20261009_v1\outputs\B_MODEL_REPRODUCTION_20261009_v1\SOURCE_VERSION.json,1423,b0cf2c3cb0c0347252432217604e51d64ee6f383301c2bdb507a6c247e7918d2,2026-10-09T12:13:22.248873+00:00,2026-10-09T12:13:22.249710+00:00
local,C:\Users\admin\Documents\Codex\2026-10-09\6-45-jiae-jeong-lotto-data\work\b_audit_remote_verified_20261009_v1\outputs\B_MODEL_REPRODUCTION_20261009_v1\STATUS_SUMMARY.json,3590,df0cc07b35155dfeaa40b450c7c01261e1dbb9570134228a8c48c7b077faceb0,2026-10-09T12:13:22.362809+00:00,2026-10-09T12:13:22.364415+00:00
local,C:\Users\admin\Documents\Codex\2026-10-09\6-45-jiae-jeong-lotto-data\work\b_audit_remote_verified_20261009_v1\outputs\B_MODEL_REPRODUCTION_20261009_v1\VERIFY_AUDIT.py,1622,19d9a7c8489b5cc6d889d1e2afbc0d712499549eaa92d3c07cd5b23a9bf9765f,2026-10-09T12:13:22.465820+00:00,2026-10-09T12:13:22.465820+00:00
local,C:\Users\admin\Documents\Codex\2026-10-09\6-45-jiae-jeong-lotto-data\work\b_complete_final_remote_verify_20261009_v1\outputs\B_MODEL_REPRODUCTION_FINAL_VERIFICATION_20261009_v1.json,703,aa59f25e802d554b0fa865d1141e0458e67e46255845b19ad220b4f158223423,2026-10-09T12:31:10.752576+00:00,2026-10-09T12:31:10.753852+00:00
local,C:\Users\admin\Documents\Codex\2026-10-09\6-45-jiae-jeong-lotto-data\work\b_complete_final_remote_verify_20261009_v1\outputs\B_MODEL_REPRODUCTION_20261009_v1\AUDIT_SHA256.csv,4058,1f2f234b957b2ca4a802a6354fe8ca10c026baecc91b8fea55d6d1f42d888ed1,2026-10-09T12:31:06.658686+00:00,2026-10-09T12:31:06.658686+00:00
local,C:\Users\admin\Documents\Codex\2026-10-09\6-45-jiae-jeong-lotto-data\work\b_complete_final_remote_verify_20261009_v1\outputs\B_MODEL_REPRODUCTION_20261009_v1\AUDIT_UNIQUE_AND_RECENT_B_SCORES.csv,11158,c9660348644f80c1febce9fe1cac271e0adf4faa03161086c725b84b76ca91bb,2026-10-09T12:31:06.754047+00:00,2026-10-09T12:31:06.754047+00:00
local,C:\Users\admin\Documents\Codex\2026-10-09\6-45-jiae-jeong-lotto-data\work\b_complete_final_remote_verify_20261009_v1\outputs\B_MODEL_REPRODUCTION_20261009_v1\b_model_50_round_trends.csv,6264,199bd09e71f9f7171b2c26ee68a7eb8afd40edcd17a1f8907dd09c2a4e7f57df,2026-10-09T12:31:06.850492+00:00,2026-10-09T12:31:06.851513+00:00
local,C:\Users\admin\Documents\Codex\2026-10-09\6-45-jiae-jeong-lotto-data\work\b_complete_final_remote_verify_20261009_v1\outputs\B_MODEL_REPRODUCTION_20261009_v1\b_model_backtest_report.md,10972,b9e3804e02f2c4fed548222b77cf90ff58083d54f184cb4bbee0c5b20489994a,2026-10-09T12:31:06.950938+00:00,2026-10-09T12:31:06.950938+00:00
local,C:\Users\admin\Documents\Codex\2026-10-09\6-45-jiae-jeong-lotto-data\work\b_complete_final_remote_verify_20261009_v1\outputs\B_MODEL_REPRODUCTION_20261009_v1\b_model_classification.csv,3509,2c7a8030b0129eef55137852a8e5e297d916239c46a8fc9bbe0e0c467ecf9ff2,2026-10-09T12:31:07.041004+00:00,2026-10-09T12:31:07.042046+00:00
local,C:\Users\admin\Documents\Codex\2026-10-09\6-45-jiae-jeong-lotto-data\work\b_complete_final_remote_verify_20261009_v1\outputs\B_MODEL_REPRODUCTION_20261009_v1\b_model_holdout_metrics.csv,113856,147765c9f3353deac5cc5c91e37ce0f80a7e4608c9e29738d4724130df5bc2a4,2026-10-09T12:31:07.134023+00:00,2026-10-09T12:31:07.135016+00:00
local,C:\Users\admin\Documents\Codex\2026-10-09\6-45-jiae-jeong-lotto-data\work\b_complete_final_remote_verify_20261009_v1\outputs\B_MODEL_REPRODUCTION_20261009_v1\b_model_predictions.csv,3236859,088685b5c30275c2640dfda2001beb99cebf5855156ae54ad5e0f6f170cf39be,2026-10-09T12:31:07.252359+00:00,2026-10-09T12:31:07.254372+00:00
local,C:\Users\admin\Documents\Codex\2026-10-09\6-45-jiae-jeong-lotto-data\work\b_complete_final_remote_verify_20261009_v1\outputs\B_MODEL_REPRODUCTION_20261009_v1\B_MODEL_REPRODUCIBILITY_AUDIT_20261009_v1.md,25178,6518c939b09d0c2287a895fa2572214c9671572114a024b171d3bad3a547bf30,2026-10-09T12:31:07.356211+00:00,2026-10-09T12:31:07.357243+00:00
local,C:\Users\admin\Documents\Codex\2026-10-09\6-45-jiae-jeong-lotto-data\work\b_complete_final_remote_verify_20261009_v1\outputs\B_MODEL_REPRODUCTION_20261009_v1\CORE_VERIFICATION.json,6114,188880fd74346d0235daa109ba4b6877efa028b6381de42ef7d3ed6606b7ea3e,2026-10-09T12:31:07.445204+00:00,2026-10-09T12:31:07.445204+00:00
local,C:\Users\admin\Documents\Codex\2026-10-09\6-45-jiae-jeong-lotto-data\work\b_complete_final_remote_verify_20261009_v1\outputs\B_MODEL_REPRODUCTION_20261009_v1\DIRECT_PATH_DIAGNOSTIC_STDERR.log,1382,dd02baf3af5cb165e61b69620f0cf0775678e89b20c37b31f1bfdbce4c45f59b,2026-10-09T12:31:07.535485+00:00,2026-10-09T12:31:07.536530+00:00
local,C:\Users\admin\Documents\Codex\2026-10-09\6-45-jiae-jeong-lotto-data\work\b_complete_final_remote_verify_20261009_v1\outputs\B_MODEL_REPRODUCTION_20261009_v1\DIRECT_PATH_DIAGNOSTIC_STDOUT.log,0,e3b0c44298fc1c149afbf4c8996fb92427ae41e4649b934ca495991b7852b855,2026-10-09T12:31:07.629774+00:00,2026-10-09T12:31:07.629774+00:00
local,C:\Users\admin\Documents\Codex\2026-10-09\6-45-jiae-jeong-lotto-data\work\b_complete_final_remote_verify_20261009_v1\outputs\B_MODEL_REPRODUCTION_20261009_v1\DIVERGENT_RESULT_INVESTIGATION.json,6572,687071fa38fc579d2277cf1e5fbefcea1d2481c5c466180dc1ca2a2279f49a1c,2026-10-09T12:31:07.720789+00:00,2026-10-09T12:31:07.721793+00:00
local,C:\Users\admin\Documents\Codex\2026-10-09\6-45-jiae-jeong-lotto-data\work\b_complete_final_remote_verify_20261009_v1\outputs\B_MODEL_REPRODUCTION_20261009_v1\ENVIRONMENT_FAILURE_CHECKS.json,1184,956f69609dc5bf84b2e97c28ed8fd4206b87267160901ea9a6bfb61794d4120d,2026-10-09T12:31:07.807036+00:00,2026-10-09T12:31:07.807036+00:00
local,C:\Users\admin\Documents\Codex\2026-10-09\6-45-jiae-jeong-lotto-data\work\b_complete_final_remote_verify_20261009_v1\outputs\B_MODEL_REPRODUCTION_20261009_v1\ERROR_AND_LIMITATION_REGISTER.json,4767,312984876146bd57d9e2634e54e72ea7660f82a5c1723c35d4091823c6db4306,2026-10-09T12:31:07.901294+00:00,2026-10-09T12:31:07.901294+00:00
local,C:\Users\admin\Documents\Codex\2026-10-09\6-45-jiae-jeong-lotto-data\work\b_complete_final_remote_verify_20261009_v1\outputs\B_MODEL_REPRODUCTION_20261009_v1\EXACT_RANDOM_BASELINE_VALIDATION.json,2622,f663c062a19316dcfa50bb235a626b6a8379f1f3782d1730bcc9cf84f8dd8529,2026-10-09T12:31:08.004589+00:00,2026-10-09T12:31:08.004589+00:00
local,C:\Users\admin\Documents\Codex\2026-10-09\6-45-jiae-jeong-lotto-data\work\b_complete_final_remote_verify_20261009_v1\outputs\B_MODEL_REPRODUCTION_20261009_v1\EXECUTED_b_model_backtest.py,27977,3ecf4fb805c2448e49c39e01174b3a112d4865c7ff1a31157437515b78be47cb,2026-10-09T12:31:08.112231+00:00,2026-10-09T12:31:08.113247+00:00
local,C:\Users\admin\Documents\Codex\2026-10-09\6-45-jiae-jeong-lotto-data\work\b_complete_final_remote_verify_20261009_v1\outputs\B_MODEL_REPRODUCTION_20261009_v1\EXECUTED_INPUT_lotto_data.csv,43234,243cd17e6b97a2d96709ddfc689a068038669341a52dcc0743c141d309e43b9f,2026-10-09T12:31:08.202525+00:00,2026-10-09T12:31:08.203526+00:00
local,C:\Users\admin\Documents\Codex\2026-10-09\6-45-jiae-jeong-lotto-data\work\b_complete_final_remote_verify_20261009_v1\outputs\B_MODEL_REPRODUCTION_20261009_v1\EXECUTION_RESULT.json,1041,a47127e139cf965311d3901c9a2d2488a805d6e0169972ab440d66264cd809c6,2026-10-09T12:31:08.293309+00:00,2026-10-09T12:31:08.294303+00:00
local,C:\Users\admin\Documents\Codex\2026-10-09\6-45-jiae-jeong-lotto-data\work\b_complete_final_remote_verify_20261009_v1\outputs\B_MODEL_REPRODUCTION_20261009_v1\EXECUTION_STDERR.log,0,e3b0c44298fc1c149afbf4c8996fb92427ae41e4649b934ca495991b7852b855,2026-10-09T12:31:08.381889+00:00,2026-10-09T12:31:08.381889+00:00
local,C:\Users\admin\Documents\Codex\2026-10-09\6-45-jiae-jeong-lotto-data\work\b_complete_final_remote_verify_20261009_v1\outputs\B_MODEL_REPRODUCTION_20261009_v1\EXECUTION_STDOUT.log,1017,e2233cceacb98714b962b8bd24db874e4a7b4e264a3276e2a32f6225ac14898d,2026-10-09T12:31:08.478532+00:00,2026-10-09T12:31:08.478532+00:00
local,C:\Users\admin\Documents\Codex\2026-10-09\6-45-jiae-jeong-lotto-data\work\b_complete_final_remote_verify_20261009_v1\outputs\B_MODEL_REPRODUCTION_20261009_v1\EXISTING_ASSETS_AFTER.json,24680,6ccaa17df814593249f44215cb404777ddc02f74db632602caa8d807044a912e,2026-10-09T12:31:08.678807+00:00,2026-10-09T12:31:08.678807+00:00
local,C:\Users\admin\Documents\Codex\2026-10-09\6-45-jiae-jeong-lotto-data\work\b_complete_final_remote_verify_20261009_v1\outputs\B_MODEL_REPRODUCTION_20261009_v1\EXISTING_ASSETS_BEFORE.json,28247,306d965850f52fc10ea550503e7ac1df37044d90f2ceacade3620c970147e7c1,2026-10-09T12:31:08.782670+00:00,2026-10-09T12:31:08.782670+00:00
local,C:\Users\admin\Documents\Codex\2026-10-09\6-45-jiae-jeong-lotto-data\work\b_complete_final_remote_verify_20261009_v1\outputs\B_MODEL_REPRODUCTION_20261009_v1\EXISTING_ASSET_METADATA.csv,20870,b67e28f176c93939f54703afe7ea73bac212744b40616c51963e7b5de4d07aaa,2026-10-09T12:31:08.570694+00:00,2026-10-09T12:31:08.570694+00:00
local,C:\Users\admin\Documents\Codex\2026-10-09\6-45-jiae-jeong-lotto-data\work\b_complete_final_remote_verify_20261009_v1\outputs\B_MODEL_REPRODUCTION_20261009_v1\GIT_AFTER.json,2179,52ce927a2a730a9031eeb922ddbb469c85009ed0a6d9487858b9075d23b3c043,2026-10-09T12:31:08.878507+00:00,2026-10-09T12:31:08.878507+00:00
local,C:\Users\admin\Documents\Codex\2026-10-09\6-45-jiae-jeong-lotto-data\work\b_complete_final_remote_verify_20261009_v1\outputs\B_MODEL_REPRODUCTION_20261009_v1\GIT_BEFORE.json,2179,52ce927a2a730a9031eeb922ddbb469c85009ed0a6d9487858b9075d23b3c043,2026-10-09T12:31:08.992461+00:00,2026-10-09T12:31:08.992461+00:00
local,C:\Users\admin\Documents\Codex\2026-10-09\6-45-jiae-jeong-lotto-data\work\b_complete_final_remote_verify_20261009_v1\outputs\B_MODEL_REPRODUCTION_20261009_v1\INPUT_VALIDATION.json,573,5d63eb79c0198bdce84e59d0cf2895a9f48506cc2b9fc23e76630ca6f5df808f,2026-10-09T12:31:09.096732+00:00,2026-10-09T12:31:09.096732+00:00
local,C:\Users\admin\Documents\Codex\2026-10-09\6-45-jiae-jeong-lotto-data\work\b_complete_final_remote_verify_20261009_v1\outputs\B_MODEL_REPRODUCTION_20261009_v1\LEAKAGE_RUNTIME_SAMPLES.csv,7077,d26132f309c58dd9b00214cea10232d82517e49cec76f7556087866b28594bff,2026-10-09T12:31:09.194324+00:00,2026-10-09T12:31:09.194837+00:00
local,C:\Users\admin\Documents\Codex\2026-10-09\6-45-jiae-jeong-lotto-data\work\b_complete_final_remote_verify_20261009_v1\outputs\B_MODEL_REPRODUCTION_20261009_v1\LEAKAGE_VALIDATION.json,1079,3ba1f6003582dd1ea6bb62bd18cbe2da4c3ef7346ff5e6a8cac3ad8c639aae1a,2026-10-09T12:31:09.282797+00:00,2026-10-09T12:31:09.282797+00:00
local,C:\Users\admin\Documents\Codex\2026-10-09\6-45-jiae-jeong-lotto-data\work\b_complete_final_remote_verify_20261009_v1\outputs\B_MODEL_REPRODUCTION_20261009_v1\MISSING_OUTPUT_DIRECTORY_DIAGNOSTIC.log,881,fb6e78380dcfe76f3a5c6fc85b992fa020f66a54fb3b46fc51aae66d34c526e7,2026-10-09T12:31:09.379636+00:00,2026-10-09T12:31:09.379636+00:00
local,C:\Users\admin\Documents\Codex\2026-10-09\6-45-jiae-jeong-lotto-data\work\b_complete_final_remote_verify_20261009_v1\outputs\B_MODEL_REPRODUCTION_20261009_v1\MODEL_REPRODUCTION_SUMMARY.csv,1485,7ca9d68ba4be4059e0a07c171302141de5cbb81a30931cec0bee0509690e3375,2026-10-09T12:31:09.478392+00:00,2026-10-09T12:31:09.478392+00:00
local,C:\Users\admin\Documents\Codex\2026-10-09\6-45-jiae-jeong-lotto-data\work\b_complete_final_remote_verify_20261009_v1\outputs\B_MODEL_REPRODUCTION_20261009_v1\OUTPUT_COMPARISON.csv,1137,9566daac6a08ce2fa501c793eb477bd57564a3a34da8769c242d29f011070bf4,2026-10-09T12:31:09.576583+00:00,2026-10-09T12:31:09.576583+00:00
local,C:\Users\admin\Documents\Codex\2026-10-09\6-45-jiae-jeong-lotto-data\work\b_complete_final_remote_verify_20261009_v1\outputs\B_MODEL_REPRODUCTION_20261009_v1\PACKAGE_AND_INPUT_PROVENANCE.json,3146,2924a3b8d30855ba29916169fc7198482b2c6203f11dfb8a86073de19c821e7f,2026-10-09T12:31:09.691450+00:00,2026-10-09T12:31:09.693463+00:00
local,C:\Users\admin\Documents\Codex\2026-10-09\6-45-jiae-jeong-lotto-data\work\b_complete_final_remote_verify_20261009_v1\outputs\B_MODEL_REPRODUCTION_20261009_v1\PREFIX_FEATURE_CHECKS.csv,952,4fa6fb9bb7cafc3f23aa5dc354b9bc366522bbf545c57ddc2105b05b8ef7d899,2026-10-09T12:31:09.788986+00:00,2026-10-09T12:31:09.788986+00:00
local,C:\Users\admin\Documents\Codex\2026-10-09\6-45-jiae-jeong-lotto-data\work\b_complete_final_remote_verify_20261009_v1\outputs\B_MODEL_REPRODUCTION_20261009_v1\PRESERVATION_VERIFICATION.json,513,b823450c3ac1f91f24435f94100dd69a3857f5b17e29929352dc2360a2769e22,2026-10-09T12:31:09.878933+00:00,2026-10-09T12:31:09.878933+00:00
local,C:\Users\admin\Documents\Codex\2026-10-09\6-45-jiae-jeong-lotto-data\work\b_complete_final_remote_verify_20261009_v1\outputs\B_MODEL_REPRODUCTION_20261009_v1\RECORD_COUNT_DERIVATION.csv,345,260269e5efda4fa0d381f93c149738e94c4a63771998860c5e57421910e9f6cb,2026-10-09T12:31:09.986396+00:00,2026-10-09T12:31:09.986396+00:00
local,C:\Users\admin\Documents\Codex\2026-10-09\6-45-jiae-jeong-lotto-data\work\b_complete_final_remote_verify_20261009_v1\outputs\B_MODEL_REPRODUCTION_20261009_v1\REPORT_COMPARISON.json,1258,5c63b81dcf45463c2583c65f31e16e4e48f3a42895b215b29406075a7480da76,2026-10-09T12:31:10.077609+00:00,2026-10-09T12:31:10.078884+00:00
local,C:\Users\admin\Documents\Codex\2026-10-09\6-45-jiae-jeong-lotto-data\work\b_complete_final_remote_verify_20261009_v1\outputs\B_MODEL_REPRODUCTION_20261009_v1\RERUN_B_MODEL.ps1,2541,237e36f2e4dac29c4f2c7b651bc08288edded0c18361a5b0ddbb3be02ebbe837,2026-10-09T12:31:10.181511+00:00,2026-10-09T12:31:10.181511+00:00
local,C:\Users\admin\Documents\Codex\2026-10-09\6-45-jiae-jeong-lotto-data\work\b_complete_final_remote_verify_20261009_v1\outputs\B_MODEL_REPRODUCTION_20261009_v1\RERUN_HELPER_SYNTAX_VERIFICATION.json,185,002a3c2a0a8a2fb1b91c729e1f06818bf38b430ea211848848c7913db2fc84a6,2026-10-09T12:31:10.275059+00:00,2026-10-09T12:31:10.276065+00:00
local,C:\Users\admin\Documents\Codex\2026-10-09\6-45-jiae-jeong-lotto-data\work\b_complete_final_remote_verify_20261009_v1\outputs\B_MODEL_REPRODUCTION_20261009_v1\SEARCH_PATHS.json,1296,681b9de6adf9b958857ad496df1f6c7642a576c6c9d0325be396386c162c4f1d,2026-10-09T12:31:10.367486+00:00,2026-10-09T12:31:10.367486+00:00
local,C:\Users\admin\Documents\Codex\2026-10-09\6-45-jiae-jeong-lotto-data\work\b_complete_final_remote_verify_20261009_v1\outputs\B_MODEL_REPRODUCTION_20261009_v1\SOURCE_VERSION.json,1423,b0cf2c3cb0c0347252432217604e51d64ee6f383301c2bdb507a6c247e7918d2,2026-10-09T12:31:10.459889+00:00,2026-10-09T12:31:10.460895+00:00
local,C:\Users\admin\Documents\Codex\2026-10-09\6-45-jiae-jeong-lotto-data\work\b_complete_final_remote_verify_20261009_v1\outputs\B_MODEL_REPRODUCTION_20261009_v1\STATUS_SUMMARY.json,3590,df0cc07b35155dfeaa40b450c7c01261e1dbb9570134228a8c48c7b077faceb0,2026-10-09T12:31:10.552246+00:00,2026-10-09T12:31:10.553250+00:00
local,C:\Users\admin\Documents\Codex\2026-10-09\6-45-jiae-jeong-lotto-data\work\b_complete_final_remote_verify_20261009_v1\outputs\B_MODEL_REPRODUCTION_20261009_v1\VERIFY_AUDIT.py,1622,19d9a7c8489b5cc6d889d1e2afbc0d712499549eaa92d3c07cd5b23a9bf9765f,2026-10-09T12:31:10.644475+00:00,2026-10-09T12:31:10.644475+00:00
local,C:\Users\admin\Documents\Codex\2026-10-09\6-45-jiae-jeong-lotto-data\work\b_complete_final_remote_verify_20261009_v1\outputs\B_RANDOM_BASELINE_20261009_v1\ACTUAL_EXECUTION_RESULT.json,624,4e6a6115da7fd19a430b523209f0c53297a6a1c0d320947c4ebeeba97c8f5f4e,2026-10-09T12:31:10.872441+00:00,2026-10-09T12:31:10.873436+00:00
local,C:\Users\admin\Documents\Codex\2026-10-09\6-45-jiae-jeong-lotto-data\work\b_complete_final_remote_verify_20261009_v1\outputs\B_RANDOM_BASELINE_20261009_v1\B_AUDIT_PUBLICATION_RECORD.json,14735,3ec8c87f160ff20c9140509223e96bd04322ad7e7abece4dc9a0cfb7ce1c5fed,2026-10-09T12:31:10.981969+00:00,2026-10-09T12:31:10.981969+00:00
local,C:\Users\admin\Documents\Codex\2026-10-09\6-45-jiae-jeong-lotto-data\work\b_complete_final_remote_verify_20261009_v1\outputs\B_RANDOM_BASELINE_20261009_v1\B_RANDOM_BASELINE_VALIDATION_REPORT_20261009_v1.md,15947,ea170d8acd30a6b3045ba85dfcb587bf8f4b11fbae30ac3a3706b053d1591ce5,2026-10-09T12:31:11.085162+00:00,2026-10-09T12:31:11.086497+00:00
local,C:\Users\admin\Documents\Codex\2026-10-09\6-45-jiae-jeong-lotto-data\work\b_complete_final_remote_verify_20261009_v1\outputs\B_RANDOM_BASELINE_20261009_v1\B_REPRODUCTION_REFERENCE_FROZEN.json,1995,0519838584cdbeb786bccc5a5c53e36c26e6a668e205d1e2926a57c6745952f4,2026-10-09T12:31:11.181729+00:00,2026-10-09T12:31:11.182723+00:00
local,C:\Users\admin\Documents\Codex\2026-10-09\6-45-jiae-jeong-lotto-data\work\b_complete_final_remote_verify_20261009_v1\outputs\B_RANDOM_BASELINE_20261009_v1\B_VS_RANDOM_BLOCKS.csv,12582,2019e310f383ab67fe88fb6e38540ebe7072b0de87a77afd4f2897e4585eea65,2026-10-09T12:31:11.274082+00:00,2026-10-09T12:31:11.275484+00:00
local,C:\Users\admin\Documents\Codex\2026-10-09\6-45-jiae-jeong-lotto-data\work\b_complete_final_remote_verify_20261009_v1\outputs\B_RANDOM_BASELINE_20261009_v1\B_VS_RANDOM_POOLED.csv,7137,2fe0fe54b5bf085648f333a740e966b8bb06daa70914875b2cc4cac07a6c0741,2026-10-09T12:31:11.369191+00:00,2026-10-09T12:31:11.370164+00:00
local,C:\Users\admin\Documents\Codex\2026-10-09\6-45-jiae-jeong-lotto-data\work\b_complete_final_remote_verify_20261009_v1\outputs\B_RANDOM_BASELINE_20261009_v1\EXECUTION_STDERR.log,0,e3b0c44298fc1c149afbf4c8996fb92427ae41e4649b934ca495991b7852b855,2026-10-09T12:31:11.468164+00:00,2026-10-09T12:31:11.468164+00:00
local,C:\Users\admin\Documents\Codex\2026-10-09\6-45-jiae-jeong-lotto-data\work\b_complete_final_remote_verify_20261009_v1\outputs\B_RANDOM_BASELINE_20261009_v1\EXECUTION_STDOUT.log,664,1de931599f0b7854774dd4a7f8eb99b76151751bdeb7c732dcb380a8d47a5c5c,2026-10-09T12:31:11.554484+00:00,2026-10-09T12:31:11.554484+00:00
local,C:\Users\admin\Documents\Codex\2026-10-09\6-45-jiae-jeong-lotto-data\work\b_complete_final_remote_verify_20261009_v1\outputs\B_RANDOM_BASELINE_20261009_v1\EXPLORATORY_STATISTICAL_TESTS.json,5012,5f94cd6f4b431881c2c815cf40c37cd173b250557073f7f57d8757aec4bcbde0,2026-10-09T12:31:11.642963+00:00,2026-10-09T12:31:11.642963+00:00
local,C:\Users\admin\Documents\Codex\2026-10-09\6-45-jiae-jeong-lotto-data\work\b_complete_final_remote_verify_20261009_v1\outputs\B_RANDOM_BASELINE_20261009_v1\FINAL_VERIFICATION.json,4665,9ba7bfaf1f3a5c5e45979309f212379f079665042df1453f7694d82f52a92f75,2026-10-09T12:31:11.735844+00:00,2026-10-09T12:31:11.736889+00:00
local,C:\Users\admin\Documents\Codex\2026-10-09\6-45-jiae-jeong-lotto-data\work\b_complete_final_remote_verify_20261009_v1\outputs\B_RANDOM_BASELINE_20261009_v1\MC_BLOCK_AND_POOLED_SUMMARY.csv,11240,18964533e31dcdb93d3b9418a51b91b8ac0f8bf5c5020a874430a9e15f5c4996,2026-10-09T12:31:11.825024+00:00,2026-10-09T12:31:11.825024+00:00
local,C:\Users\admin\Documents\Codex\2026-10-09\6-45-jiae-jeong-lotto-data\work\b_complete_final_remote_verify_20261009_v1\outputs\B_RANDOM_BASELINE_20261009_v1\MC_TARGET_AGGREGATES.csv,49121,ccf6dd2d2fc23e848488018a6a97d6cf445d2afc82f4c8aa963b88ade8d028ee,2026-10-09T12:31:11.914262+00:00,2026-10-09T12:31:11.915263+00:00
local,C:\Users\admin\Documents\Codex\2026-10-09\6-45-jiae-jeong-lotto-data\work\b_complete_final_remote_verify_20261009_v1\outputs\B_RANDOM_BASELINE_20261009_v1\MONTE_CARLO_PROTOCOL.md,2177,30d13609a1225d4fdaaf42fe7634edbc1e5402e13145b4cc7e8fcc8a75fae22e,2026-10-09T12:31:12.020755+00:00,2026-10-09T12:31:12.021749+00:00
local,C:\Users\admin\Documents\Codex\2026-10-09\6-45-jiae-jeong-lotto-data\work\b_complete_final_remote_verify_20261009_v1\outputs\B_RANDOM_BASELINE_20261009_v1\RANDOM_TICKET_STREAM_HASHES.csv,28583,52ef312df859b7d3d73d2a65973c4c6d5d46f68c778a558f74f1f7f577c9040c,2026-10-09T12:31:12.123717+00:00,2026-10-09T12:31:12.123717+00:00
local,C:\Users\admin\Documents\Codex\2026-10-09\6-45-jiae-jeong-lotto-data\work\b_complete_final_remote_verify_20261009_v1\outputs\B_RANDOM_BASELINE_20261009_v1\REPORT_DRAFT_CORRECTION.log,216,b20a47e684f79ce7fca1d365ac9041022a80f25f09b7518ffbebeeb5fa678dee,2026-10-09T12:31:12.216908+00:00,2026-10-09T12:31:12.216908+00:00
local,C:\Users\admin\Documents\Codex\2026-10-09\6-45-jiae-jeong-lotto-data\work\b_complete_final_remote_verify_20261009_v1\outputs\B_RANDOM_BASELINE_20261009_v1\run_b_random_baseline.py,14985,bc7775f4539887392dc43f7641c26640135cdc7eeaad2f3cad855d338dc9ca22,2026-10-09T12:31:12.308650+00:00,2026-10-09T12:31:12.308650+00:00
local,C:\Users\admin\Documents\Codex\2026-10-09\6-45-jiae-jeong-lotto-data\work\b_complete_final_remote_verify_20261009_v1\outputs\B_RANDOM_BASELINE_20261009_v1\RUN_CONFIG.json,2577,c2d88d9b1049cd2e199df809f6ce7aae31ba11aae292581eeeb4bdb613bcb821,2026-10-09T12:31:12.399112+00:00,2026-10-09T12:31:12.400123+00:00
local,C:\Users\admin\Documents\Codex\2026-10-09\6-45-jiae-jeong-lotto-data\work\b_complete_final_remote_verify_20261009_v1\outputs\B_RANDOM_BASELINE_20261009_v1\RUN_METADATA.json,1278,46522018025abae95d94bee6690991bb9d177aa3b8cff6f6c9f97b9a7cdd97ee,2026-10-09T12:31:12.491225+00:00,2026-10-09T12:31:12.491225+00:00
local,C:\Users\admin\Documents\Codex\2026-10-09\6-45-jiae-jeong-lotto-data\work\b_complete_final_remote_verify_20261009_v1\outputs\B_RANDOM_BASELINE_20261009_v1\RUN_PLAN_SEAL.json,741,fc47a806328574bcc3bd54ba5d619339289ff6737f0ca1da843cf3c1a363df20,2026-10-09T12:31:12.585467+00:00,2026-10-09T12:31:12.586488+00:00
local,C:\Users\admin\Documents\Codex\2026-10-09\6-45-jiae-jeong-lotto-data\work\b_complete_final_remote_verify_20261009_v1\outputs\B_RANDOM_BASELINE_20261009_v1\SHA256_MANIFEST.csv,2380,cd10bd75f11fd66b2dfbde8911845e5a8cde99d4c1d49c9207bd5d495fba9c22,2026-10-09T12:31:12.684612+00:00,2026-10-09T12:31:12.684612+00:00
local,C:\Users\admin\Documents\Codex\2026-10-09\6-45-jiae-jeong-lotto-data\work\b_complete_final_remote_verify_20261009_v1\outputs\B_RANDOM_BASELINE_20261009_v1\STATUS_CLASSIFICATION.json,1925,5262c6c9fd40d0b59c8624ccf81b3f21e927dd56f24d931340b46c0b4ce03227,2026-10-09T12:31:12.777215+00:00,2026-10-09T12:31:12.777215+00:00
local,C:\Users\admin\Documents\Codex\2026-10-09\6-45-jiae-jeong-lotto-data\work\b_complete_final_remote_verify_20261009_v1\outputs\B_RANDOM_BASELINE_20261009_v1\THEORETICAL_BASELINE.json,581,3612f05c50f0e45e3b5917cd1dc940426f1d6f61dcce6b597938a4ab52ed9b40,2026-10-09T12:31:12.872858+00:00,2026-10-09T12:31:12.872858+00:00
local,C:\Users\admin\Documents\Codex\2026-10-09\6-45-jiae-jeong-lotto-data\work\b_complete_final_remote_verify_20261009_v1\outputs\B_RANDOM_BASELINE_20261009_v1\UNRESOLVED_HISTORICAL_RESULT.json,419,fb99c5ab018ef547687c13582330322af7c6817e0f23136dfa173d782e2c5677,2026-10-09T12:31:12.980836+00:00,2026-10-09T12:31:12.980836+00:00
local,C:\Users\admin\Documents\Codex\2026-10-09\6-45-jiae-jeong-lotto-data\work\b_complete_final_remote_verify_20261009_v1\outputs\B_RANDOM_BASELINE_20261009_v1\VERIFICATION_ATTEMPT_1.log,604,6bbb71d0d649158f6fedeae78e94759adcd2b7a68ef557141006380686ee6541,2026-10-09T12:31:13.083768+00:00,2026-10-09T12:31:13.084764+00:00
local,C:\Users\admin\Documents\Codex\2026-10-09\6-45-jiae-jeong-lotto-data\work\b_complete_final_remote_verify_20261009_v1\outputs\B_RANDOM_BASELINE_20261009_v1\verify_b_random_baseline.py,5347,bae3030e477bc58c6abae4e4bae7f2833974dacb29bae7a4f7fca11c1f96b3c2,2026-10-09T12:31:13.173429+00:00,2026-10-09T12:31:13.173429+00:00
local,C:\Users\admin\Documents\Codex\2026-10-09\6-45-jiae-jeong-lotto-data\work\b_model_reproduction_20261009_v1\sandbox\outputs\b_model_50_round_trends.csv,6264,199bd09e71f9f7171b2c26ee68a7eb8afd40edcd17a1f8907dd09c2a4e7f57df,2026-10-09T11:46:47.898171+00:00,2026-10-09T11:46:47.898171+00:00
local,C:\Users\admin\Documents\Codex\2026-10-09\6-45-jiae-jeong-lotto-data\work\b_model_reproduction_20261009_v1\sandbox\outputs\b_model_backtest_report.md,10972,b9e3804e02f2c4fed548222b77cf90ff58083d54f184cb4bbee0c5b20489994a,2026-10-09T11:46:48.131275+00:00,2026-10-09T11:46:48.131275+00:00
local,C:\Users\admin\Documents\Codex\2026-10-09\6-45-jiae-jeong-lotto-data\work\b_model_reproduction_20261009_v1\sandbox\outputs\b_model_classification.csv,3509,2c7a8030b0129eef55137852a8e5e297d916239c46a8fc9bbe0e0c467ecf9ff2,2026-10-09T11:46:48.127938+00:00,2026-10-09T11:46:48.129040+00:00
local,C:\Users\admin\Documents\Codex\2026-10-09\6-45-jiae-jeong-lotto-data\work\b_model_reproduction_20261009_v1\sandbox\outputs\b_model_holdout_metrics.csv,113856,147765c9f3353deac5cc5c91e37ce0f80a7e4608c9e29738d4724130df5bc2a4,2026-10-09T11:46:48.109207+00:00,2026-10-09T11:46:48.125293+00:00
local,C:\Users\admin\Documents\Codex\2026-10-09\6-45-jiae-jeong-lotto-data\work\b_model_reproduction_20261009_v1\sandbox\outputs\b_model_predictions.csv,3236859,088685b5c30275c2640dfda2001beb99cebf5855156ae54ad5e0f6f170cf39be,2026-10-09T11:46:47.933882+00:00,2026-10-09T11:46:48.109207+00:00
local,C:\Users\admin\Documents\Codex\2026-10-09\6-45-jiae-jeong-lotto-data\work\b_model_reproduction_20261009_v1\sandbox\scripts\b_model_backtest.py,27977,3ecf4fb805c2448e49c39e01174b3a112d4865c7ff1a31157437515b78be47cb,2026-10-09T11:45:29.131711+00:00,2026-10-09T11:45:29.133160+00:00
local,C:\Users\admin\Documents\Codex\2026-10-09\6-45-jiae-jeong-lotto-data\work\b_model_reproduction_20261009_v1\sandbox\work\lotto-data\lotto_data.csv,43234,243cd17e6b97a2d96709ddfc689a068038669341a52dcc0743c141d309e43b9f,2026-10-09T11:45:29.135322+00:00,2026-10-09T11:45:29.135322+00:00
local,C:\Users\admin\Documents\Codex\2026-10-09\6-45-jiae-jeong-lotto-data\work\b_model_restore_latest_main_20261009_v4\lotto_data.csv,44479,10beb0a7974f648b39aa130bb714b1c338296bf59ecd106e9407bee5875538aa,2026-10-09T04:24:37.513693+00:00,2026-10-09T04:24:37.513693+00:00
local,C:\Users\admin\Documents\Codex\2026-10-09\6-45-jiae-jeong-lotto-data\work\b_model_restore_latest_main_20261009_v4\LOTTO_PROJECT_PROTOCOL.md,18155,81132f40b67cb3c8c882868918280bb87295fdb789acfd07b81f9ab1020e1c6c,2026-10-09T04:24:37.506629+00:00,2026-10-09T04:24:37.507209+00:00
local,C:\Users\admin\Documents\Codex\2026-10-09\6-45-jiae-jeong-lotto-data\work\b_model_restore_latest_main_20261009_v4\lotto_project_state_2026-10-06.md,8446,0f9c353b42371e6e280ecbc194cf18d2223a311924cca520b07ff0c8e6e5beb2,2026-10-09T04:24:37.515716+00:00,2026-10-09T04:24:37.516690+00:00
local,C:\Users\admin\Documents\Codex\2026-10-09\6-45-jiae-jeong-lotto-data\work\b_model_restore_latest_main_20261009_v4\analysis\2026-10-06\B_MODEL_RESULTS.md,2340,ec771a8d4a6a3ad340e6df126b0da20afbe74b317bf963dac0e37e9cfe095e22,2026-10-09T04:24:37.510701+00:00,2026-10-09T04:24:37.511716+00:00
local,C:\Users\admin\Documents\Codex\2026-10-09\6-45-jiae-jeong-lotto-data\work\b_model_restore_latest_main_20261009_v4\research\1245_final_pipeline_v3\candidate_overlap_v3.csv,5665,9e9934ca90f48943ce3aee4eb3d2cd8131b31c7fe2ecfb0c14fac8e9be2e56b8,2026-10-09T04:24:37.548545+00:00,2026-10-09T04:24:37.549543+00:00
local,C:\Users\admin\Documents\Codex\2026-10-09\6-45-jiae-jeong-lotto-data\work\b_model_restore_latest_main_20261009_v4\research\1245_final_pipeline_v3\CURRENT_STATUS_2026-10-09.md,4494,50af72fb869adb8a46e6b2439b0e886bc47cee673def6fcafbda93fd9c712dd7,2026-10-09T04:24:37.527795+00:00,2026-10-09T04:24:37.527795+00:00
local,C:\Users\admin\Documents\Codex\2026-10-09\6-45-jiae-jeong-lotto-data\work\b_model_restore_latest_main_20261009_v4\research\1245_final_pipeline_v3\FINAL_PIPELINE_V3_AUDIT.md,3426,cb62e1140bce72336c69a100ebdf4ea6c535f458e613335257013f37de3a5097,2026-10-09T04:24:37.529812+00:00,2026-10-09T04:24:37.529812+00:00
local,C:\Users\admin\Documents\Codex\2026-10-09\6-45-jiae-jeong-lotto-data\work\b_model_restore_latest_main_20261009_v4\research\1245_final_pipeline_v3\independent_validation_20261009.py,23438,15eb44d848d00d9158897bc6144f1dc74bc2c53fe46c5b75c44bc33eab664d6e,2026-10-09T04:24:37.560354+00:00,2026-10-09T04:24:37.561359+00:00
local,C:\Users\admin\Documents\Codex\2026-10-09\6-45-jiae-jeong-lotto-data\work\b_model_restore_latest_main_20261009_v4\research\1245_final_pipeline_v3\input_audit_v3.md,6099,3b04e87dcdd8c6fb4d83ce2f257536d075b2e1e2c58387e29f71e4ec71139452,2026-10-09T04:24:37.701611+00:00,2026-10-09T04:24:37.702613+00:00
local,C:\Users\admin\Documents\Codex\2026-10-09\6-45-jiae-jeong-lotto-data\work\b_model_restore_latest_main_20261009_v4\research\1245_final_pipeline_v3\prepare_1245_final_three_lines_v3.py,40534,09d2cf7f3c9002db906669371d9e2b580d592053b035d891e6c1202e05704e46,2026-10-09T04:24:37.703614+00:00,2026-10-09T04:24:37.703614+00:00
local,C:\Users\admin\Documents\Codex\2026-10-09\6-45-jiae-jeong-lotto-data\work\b_model_restore_latest_main_20261009_v4\research\1245_final_pipeline_v3\README_v3.md,4393,a969db6e20065781d76fd4fa0b5d1f065c0076736298d598059e7bd11686bee7,2026-10-09T04:24:37.531786+00:00,2026-10-09T04:24:37.532816+00:00
local,C:\Users\admin\Documents\Codex\2026-10-09\6-45-jiae-jeong-lotto-data\work\b_model_restore_latest_main_20261009_v4\research\1245_final_pipeline_v3\recover_and_run_20261009.py,11065,6c81076a03b1a73afcbbcae26a13edf76ca8ee5f3bebbe8eca9ac456bcdc7370,2026-10-09T04:24:37.707646+00:00,2026-10-09T04:24:37.708680+00:00
local,C:\Users\admin\Documents\Codex\2026-10-09\6-45-jiae-jeong-lotto-data\work\b_model_restore_latest_main_20261009_v4\research\1245_final_pipeline_v3\score_components_v3.csv,3705,5eb4c4e2e99a8f22ade17f5df0cfd49844710b33a38934eb11df76b405811591,2026-10-09T04:24:37.804646+00:00,2026-10-09T04:24:37.805619+00:00
local,C:\Users\admin\Documents\Codex\2026-10-09\6-45-jiae-jeong-lotto-data\work\b_model_restore_latest_main_20261009_v4\research\1245_final_pipeline_v3\selection_trace_v3.csv,1028,e1ca4cc97a38809c15fe9d78aa78f879c89bae69be4e8551354a2b96b708a3b4,2026-10-09T04:24:37.806626+00:00,2026-10-09T04:24:37.807862+00:00
local,C:\Users\admin\Documents\Codex\2026-10-09\6-45-jiae-jeong-lotto-data\work\b_model_restore_latest_main_20261009_v4\research\1245_final_pipeline_v3\source_asset_search_v2.log,2033,c3fe8b18e229e93ef5eaeb525a8711b2c0f7c4efc380cfa03ee49b222a54dacf,2026-10-09T04:24:37.837839+00:00,2026-10-09T04:24:37.837839+00:00
local,C:\Users\admin\Documents\Codex\2026-10-09\6-45-jiae-jeong-lotto-data\work\b_model_restore_latest_main_20261009_v4\research\1245_final_pipeline_v3\SOURCE_ASSET_SEARCH_v2.md,5320,e6c2d14f919d307c08e79d7f5736adb688aa0873d5b019c78c9c46293301aa0b,2026-10-09T04:24:37.545519+00:00,2026-10-09T04:24:37.545519+00:00
local,C:\Users\admin\Documents\Codex\2026-10-09\6-45-jiae-jeong-lotto-data\work\b_model_restore_latest_main_20261009_v4\research\1245_final_pipeline_v3\V3_CHANGELOG.md,2892,d10ab18da7457015f4f8e393fa1db3bf8dcf8cad1f52dd91fe66a5a66e5e8ff0,2026-10-09T04:24:37.546530+00:00,2026-10-09T04:24:37.547537+00:00
local,C:\Users\admin\Documents\Codex\2026-10-09\6-45-jiae-jeong-lotto-data\work\b_model_restore_latest_main_20261009_v4\research\1245_final_pipeline_v3\independent_validation_20261009_independent\execution.log,756,64ceed6f74306d57bb896d6c658e46ba77f2b7fbf8040eae097b5a89c164c8ad,2026-10-09T04:24:37.595650+00:00,2026-10-09T04:24:37.597729+00:00
local,C:\Users\admin\Documents\Codex\2026-10-09\6-45-jiae-jeong-lotto-data\work\b_model_restore_latest_main_20261009_v4\research\1245_final_pipeline_v3\independent_validation_20261009_independent\fresh_candidate_number_frequency.csv,560,adedc3e82f80e3d54966b0e5647cf2678ebd35529ed05118fc2fb985339d573b,2026-10-09T04:24:37.606760+00:00,2026-10-09T04:24:37.607759+00:00
local,C:\Users\admin\Documents\Codex\2026-10-09\6-45-jiae-jeong-lotto-data\work\b_model_restore_latest_main_20261009_v4\research\1245_final_pipeline_v3\independent_validation_20261009_independent\fresh_candidate_overlaps.csv,2079,5440b639ad83d466d6e199ea25ff2baffed6665d99615433effbbfea4fda202b,2026-10-09T04:24:37.616034+00:00,2026-10-09T04:24:37.616034+00:00
local,C:\Users\admin\Documents\Codex\2026-10-09\6-45-jiae-jeong-lotto-data\work\b_model_restore_latest_main_20261009_v4\research\1245_final_pipeline_v3\independent_validation_20261009_independent\fresh_model_scorecard.csv,5723,d2ecb738f6b4b959b60f545fcda118beab5e7ba45d7617b689e4a28b56e76c0f,2026-10-09T04:24:37.627786+00:00,2026-10-09T04:24:37.628916+00:00
local,C:\Users\admin\Documents\Codex\2026-10-09\6-45-jiae-jeong-lotto-data\work\b_model_restore_latest_main_20261009_v4\research\1245_final_pipeline_v3\independent_validation_20261009_independent\fresh_portfolio_metrics.csv,614,257aafe0401a2d97c5efcf961a345205c9d53bc7fc583a17073d638e07cfb13a,2026-10-09T04:24:37.636806+00:00,2026-10-09T04:24:37.636806+00:00
local,C:\Users\admin\Documents\Codex\2026-10-09\6-45-jiae-jeong-lotto-data\work\b_model_restore_latest_main_20261009_v4\research\1245_final_pipeline_v3\independent_validation_20261009_independent\fresh_portfolio_walkforward.csv,41084,a4214f1e17464ef3000377c05013d968567b758673c6ef86e36c0232b5563de6,2026-10-09T04:24:37.648781+00:00,2026-10-09T04:24:37.648781+00:00
local,C:\Users\admin\Documents\Codex\2026-10-09\6-45-jiae-jeong-lotto-data\work\b_model_restore_latest_main_20261009_v4\research\1245_final_pipeline_v3\independent_validation_20261009_independent\fresh_walkforward_predictions.csv,178802,12e2ca1205c21fb11b219016c1c96fbec7480cd26b411e8a990c7d6ec7640a65,2026-10-09T04:24:37.659674+00:00,2026-10-09T04:24:37.660710+00:00
local,C:\Users\admin\Documents\Codex\2026-10-09\6-45-jiae-jeong-lotto-data\work\b_model_restore_latest_main_20261009_v4\research\1245_final_pipeline_v3\independent_validation_20261009_independent\INDEPENDENT_VALIDATION_REPORT.md,5050,c3203179fa238fe34f1098ecaec29dd1d276d1949a63e42b54228dfd8bba2d57,2026-10-09T04:24:37.573757+00:00,2026-10-09T04:24:37.573757+00:00
local,C:\Users\admin\Documents\Codex\2026-10-09\6-45-jiae-jeong-lotto-data\work\b_model_restore_latest_main_20261009_v4\research\1245_final_pipeline_v3\independent_validation_20261009_independent\reassessed_1245_three_lines.csv,963,f7ed4647f0c42af79c6257e9e351b8f8a8999b1bf9f83822cf1cbf035b3d2b85,2026-10-09T04:24:37.670703+00:00,2026-10-09T04:24:37.671704+00:00
local,C:\Users\admin\Documents\Codex\2026-10-09\6-45-jiae-jeong-lotto-data\work\b_model_restore_latest_main_20261009_v4\research\1245_final_pipeline_v3\independent_validation_20261009_independent\reassessed_portfolio_overlap.csv,99,289949a2a72765535f4062c210b274b783d7ea3681852d49b65d1c8a405f812d,2026-10-09T04:24:37.680539+00:00,2026-10-09T04:24:37.680539+00:00
local,C:\Users\admin\Documents\Codex\2026-10-09\6-45-jiae-jeong-lotto-data\work\b_model_restore_latest_main_20261009_v4\research\1245_final_pipeline_v3\independent_validation_20261009_independent\run_metadata.json,733,b8a6a37b81ad620c0906854f78a2cecc89b244aee1d78205e23be4a6be423887,2026-10-09T04:24:37.689614+00:00,2026-10-09T04:24:37.690588+00:00
local,C:\Users\admin\Documents\Codex\2026-10-09\6-45-jiae-jeong-lotto-data\work\b_model_restore_latest_main_20261009_v4\research\1245_final_pipeline_v3\independent_validation_20261009_independent\SOURCE_ASSET_SEARCH.md,5344,cde0ccc7621c18e8be787aefc5deb2f9d1408cdf3dd1c825cb718686eca1c0e6,2026-10-09T04:24:37.584308+00:00,2026-10-09T04:24:37.585277+00:00
local,C:\Users\admin\Documents\Codex\2026-10-09\6-45-jiae-jeong-lotto-data\work\b_model_restore_latest_main_20261009_v4\research\1245_final_pipeline_v3\independent_validation_20261009_independent\stored_reproduction_check.csv,1862,03a8b684aa58a173491d0e3ac3ab0ccdbf6c6e0bc86d4fdf9ba4cadf0ab4c417,2026-10-09T04:24:37.700617+00:00,2026-10-09T04:24:37.700617+00:00
local,C:\Users\admin\Documents\Codex\2026-10-09\6-45-jiae-jeong-lotto-data\work\b_model_restore_latest_main_20261009_v4\research\1245_final_pipeline_v3\recovered_original_assets\b_model_backtest.py,28431,9071335eea9b83cd416811f54286a4a9a1c1361889fa1288d87b5e0ca764a683,2026-10-09T04:24:37.732550+00:00,2026-10-09T04:24:37.733622+00:00
local,C:\Users\admin\Documents\Codex\2026-10-09\6-45-jiae-jeong-lotto-data\work\b_model_restore_latest_main_20261009_v4\research\1245_final_pipeline_v3\recovered_original_assets\B_MODEL_RECOVERY_REPORT_2026-10-09.md,2936,130fa05975f0e2f48d1b4ebd66cf1c13494d2c7ba983c06ee41b06cb2284cbab,2026-10-09T04:24:37.721262+00:00,2026-10-09T04:24:37.721262+00:00
local,C:\Users\admin\Documents\Codex\2026-10-09\6-45-jiae-jeong-lotto-data\work\b_model_restore_latest_main_20261009_v4\research\1245_final_pipeline_v3\recovered_original_assets\outputs\b_model_50_round_trends.csv,6264,199bd09e71f9f7171b2c26ee68a7eb8afd40edcd17a1f8907dd09c2a4e7f57df,2026-10-09T04:24:38.781449+00:00,2026-10-09T04:24:38.782454+00:00
local,C:\Users\admin\Documents\Codex\2026-10-09\6-45-jiae-jeong-lotto-data\work\b_model_restore_latest_main_20261009_v4\research\1245_final_pipeline_v3\recovered_original_assets\outputs\b_model_classification.csv,3509,2c7a8030b0129eef55137852a8e5e297d916239c46a8fc9bbe0e0c467ecf9ff2,2026-10-09T04:24:38.774456+00:00,2026-10-09T04:24:38.775442+00:00
local,C:\Users\admin\Documents\Codex\2026-10-09\6-45-jiae-jeong-lotto-data\work\b_model_restore_latest_main_20261009_v4\research\1245_final_pipeline_v3\recovered_original_assets\outputs\b_model_holdout_metrics.csv,113856,147765c9f3353deac5cc5c91e37ce0f80a7e4608c9e29738d4724130df5bc2a4,2026-10-09T04:24:38.752880+00:00,2026-10-09T04:24:38.752880+00:00
local,C:\Users\admin\Documents\Codex\2026-10-09\6-45-jiae-jeong-lotto-data\work\b_model_restore_latest_main_20261009_v4\research\1245_final_pipeline_v3\recovered_original_assets\outputs\b_model_predictions.csv,3236859,088685b5c30275c2640dfda2001beb99cebf5855156ae54ad5e0f6f170cf39be,2026-10-09T04:24:38.713822+00:00,2026-10-09T04:24:38.718823+00:00
local,C:\Users\admin\Documents\Codex\2026-10-09\6-45-jiae-jeong-lotto-data\work\b_model_restore_latest_main_20261009_v4\research\1245_final_pipeline_v3\recovered_original_assets\outputs\OUTPUT_SHA256.csv,1270,f122d0b9a995a76b031a2e5f881f33e39b51ac7804e608505e0bb991d2a73852,2026-10-09T04:24:38.801244+00:00,2026-10-09T04:24:38.802252+00:00
local,C:\Users\admin\Documents\Codex\2026-10-09\6-45-jiae-jeong-lotto-data\work\b_model_restore_latest_main_20261009_v4\research\1245_final_pipeline_v3\recovered_original_assets\outputs\RECOVERY_README.md,2318,c1eff0ff2bc82ecadcd6db82582f942203a7126ecd766fbcb25df6a1befe9948,2026-10-09T04:24:38.808250+00:00,2026-10-09T04:24:38.809272+00:00
local,C:\Users\admin\Documents\Codex\2026-10-09\6-45-jiae-jeong-lotto-data\work\b_model_restore_latest_main_20261009_v4\research\1245_final_pipeline_v3\recovery_run_20261009\execution.log,368,3f3af486c7199e12ba6104da4efc72aaf6156ff8ae8b38a953f4c040027e80fe,2026-10-09T04:24:37.758178+00:00,2026-10-09T04:24:37.759662+00:00
local,C:\Users\admin\Documents\Codex\2026-10-09\6-45-jiae-jeong-lotto-data\work\b_model_restore_latest_main_20261009_v4\research\1245_final_pipeline_v3\recovery_run_20261009\EXECUTION_REPORT.md,5094,cf90009262eea3625afde07c683144be083e4926b0d8fc24d5eb1be2e137fea7,2026-10-09T04:24:37.738828+00:00,2026-10-09T04:24:37.738828+00:00
local,C:\Users\admin\Documents\Codex\2026-10-09\6-45-jiae-jeong-lotto-data\work\b_model_restore_latest_main_20261009_v4\research\1245_final_pipeline_v3\recovery_run_20261009\final_three_lines_1245_v3_recovery.csv,746,d5e6da9e34d68f847a2d674b71e5d20512543d677734697333c21407f8478825,2026-10-09T04:24:37.770211+00:00,2026-10-09T04:24:37.771182+00:00
local,C:\Users\admin\Documents\Codex\2026-10-09\6-45-jiae-jeong-lotto-data\work\b_model_restore_latest_main_20261009_v4\research\1245_final_pipeline_v3\recovery_run_20261009\model_candidates.csv,1663,bbb805de2dbb36896e0fb394107d17b481ab3bf3a8ad6ff554fb6ace47dd45ef,2026-10-09T04:24:37.781743+00:00,2026-10-09T04:24:37.781743+00:00
local,C:\Users\admin\Documents\Codex\2026-10-09\6-45-jiae-jeong-lotto-data\work\b_model_restore_latest_main_20261009_v4\research\1245_final_pipeline_v3\recovery_run_20261009\model_validation_summary.csv,2296,261d5f223590e1521051413050e20da86570c2a0a202f9b716c4124290d54377,2026-10-09T04:24:37.791528+00:00,2026-10-09T04:24:37.791528+00:00
local,C:\Users\admin\Documents\Codex\2026-10-09\6-45-jiae-jeong-lotto-data\work\b_model_restore_latest_main_20261009_v4\research\1245_final_pipeline_v3\recovery_run_20261009\PIPELINE_ERROR_REPORT.md,2142,4290870e41e5ad938070a614483d3c50f8df5906032dcab2199fc18c2345d9de,2026-10-09T04:24:37.748721+00:00,2026-10-09T04:24:37.749720+00:00
local,C:\Users\admin\Documents\Codex\2026-10-09\6-45-jiae-jeong-lotto-data\work\b_model_restore_latest_main_20261009_v4\research\1245_final_pipeline_v3\recovery_run_20261009\portfolio_overlap.csv,99,289949a2a72765535f4062c210b274b783d7ea3681852d49b65d1c8a405f812d,2026-10-09T04:24:37.793896+00:00,2026-10-09T04:24:37.793896+00:00
local,C:\Users\admin\Documents\Codex\2026-10-09\6-45-jiae-jeong-lotto-data\work\b_model_restore_latest_main_20261009_v4\research\1245_final_pipeline_v3\recovery_run_20261009\run_metadata.json,442,3b976c0f30f2cb84d96d9179e7bec5a2d23ef832937fa32176aa2502be74711b,2026-10-09T04:24:37.803647+00:00,2026-10-09T04:24:37.803647+00:00
local,C:\Users\admin\Documents\Codex\2026-10-09\6-45-jiae-jeong-lotto-data\work\b_model_restore_latest_main_20261009_v4\research\expansion_framework_v1\audit_project.py,6092,2542674f08e842f8d8407074c9b44fffdd73b8ffbd8957baf45a1912b106be72,2026-10-09T04:24:37.847889+00:00,2026-10-09T04:24:37.847889+00:00
local,C:\Users\admin\Documents\Codex\2026-10-09\6-45-jiae-jeong-lotto-data\work\b_model_restore_latest_main_20261009_v4\research\expansion_framework_v1\data_quality.py,841,9f49fec50527184426e67bd97d0d28336e15a06ad46c3c74a6a555a6694f1043,2026-10-09T04:24:37.849231+00:00,2026-10-09T04:24:37.850218+00:00
local,C:\Users\admin\Documents\Codex\2026-10-09\6-45-jiae-jeong-lotto-data\work\b_model_restore_latest_main_20261009_v4\research\expansion_framework_v1\GITHUB_SYNC_GUIDE.md,978,10cccd56aaffdacb8d91f90324915eb50445bda81b244a82ffcb041bf62d8952,2026-10-09T04:24:37.842645+00:00,2026-10-09T04:24:37.842645+00:00
local,C:\Users\admin\Documents\Codex\2026-10-09\6-45-jiae-jeong-lotto-data\work\b_model_restore_latest_main_20261009_v4\research\expansion_framework_v1\hypothesis_template.py,478,06387096e1d500b33fa14991969d082ee212d1fd207afe2c58bf8b9b1da3d743,2026-10-09T04:24:37.852374+00:00,2026-10-09T04:24:37.852374+00:00
local,C:\Users\admin\Documents\Codex\2026-10-09\6-45-jiae-jeong-lotto-data\work\b_model_restore_latest_main_20261009_v4\research\expansion_framework_v1\model_family_catalog.csv,1589,0aa34744e35a39f08764677fdff8f82456eadb9c065c1fa14925e7bbf04a5433,2026-10-09T04:24:37.854389+00:00,2026-10-09T04:24:37.854389+00:00
local,C:\Users\admin\Documents\Codex\2026-10-09\6-45-jiae-jeong-lotto-data\work\b_model_restore_latest_main_20261009_v4\research\expansion_framework_v1\project_audit.md,1078,0b77c052e7cccfdbc152100900e02536fcc9c2a1a19ab73df0d62fd8bd17f3b5,2026-10-09T04:24:37.856606+00:00,2026-10-09T04:24:37.856606+00:00
local,C:\Users\admin\Documents\Codex\2026-10-09\6-45-jiae-jeong-lotto-data\work\b_model_restore_latest_main_20261009_v4\research\expansion_framework_v1\project_baseline_manifest.csv,5303,f9e74a4b7e15631aaebdfdd7d58ae3ace6df64a8b5d115f4ac32ed35d639c4b2,2026-10-09T04:24:37.858050+00:00,2026-10-09T04:24:37.859052+00:00
local,C:\Users\admin\Documents\Codex\2026-10-09\6-45-jiae-jeong-lotto-data\work\b_model_restore_latest_main_20261009_v4\research\expansion_framework_v1\README.md,5652,6c58b45a7b7630a35ab74eed5a4f2301673254eab16a98557776b35166214668,2026-10-09T04:24:37.843673+00:00,2026-10-09T04:24:37.844651+00:00
local,C:\Users\admin\Documents\Codex\2026-10-09\6-45-jiae-jeong-lotto-data\work\b_model_restore_latest_main_20261009_v4\research\expansion_framework_v1\research_registry.csv,752,7d9277f4558a283de34244bdcb3994c16f4b0326c647da9550c4fea0b14d096b,2026-10-09T04:24:37.860051+00:00,2026-10-09T04:24:37.861052+00:00
local,C:\Users\admin\Documents\Codex\2026-10-09\6-45-jiae-jeong-lotto-data\work\b_model_restore_latest_main_20261009_v4\research\expansion_framework_v1\run_study.py,1698,8776852cf5a40e14125b243a6d9719e1aa4e17d4ab1d5ba67c8dfc0d141a2370,2026-10-09T04:24:37.862239+00:00,2026-10-09T04:24:37.862239+00:00
local,C:\Users\admin\Documents\Codex\2026-10-09\6-45-jiae-jeong-lotto-data\work\b_model_restore_latest_main_20261009_v4\research\expansion_framework_v1\study_template.md,1314,a1d204d137895d72fd8264cce4cc05c4447c9e28744647b3c54303d5c0a54fb9,2026-10-09T04:24:37.924625+00:00,2026-10-09T04:24:37.925641+00:00
local,C:\Users\admin\Documents\Codex\2026-10-09\6-45-jiae-jeong-lotto-data\work\b_model_restore_latest_main_20261009_v4\research\expansion_framework_v1\UPLOAD_SHA256_MANIFEST.csv,4295,706aa2b41f5e6a3574604f279fa4cb4e7d7b573f96141518e4b09221175e5c3c,2026-10-09T04:24:37.845884+00:00,2026-10-09T04:24:37.845884+00:00
local,C:\Users\admin\Documents\Codex\2026-10-09\6-45-jiae-jeong-lotto-data\work\b_model_restore_latest_main_20261009_v4\research\expansion_framework_v1\walkforward_core.py,5463,da7fe19177d31428c7b25a0afc32eab1ad84d7dc5ac8b009f2ce3e95f94b046c,2026-10-09T04:24:37.926645+00:00,2026-10-09T04:24:37.927645+00:00
local,C:\Users\admin\Documents\Codex\2026-10-09\6-45-jiae-jeong-lotto-data\work\b_model_restore_latest_main_20261009_v4\research\expansion_framework_v1\studies\README.md,179,0767ed1596cc084bd3d25ff02d7f2dcb49c34ad97006c07cf7f054ce38479b18,2026-10-09T04:24:37.863279+00:00,2026-10-09T04:24:37.864280+00:00
local,C:\Users\admin\Documents\Codex\2026-10-09\6-45-jiae-jeong-lotto-data\work\b_model_restore_latest_main_20261009_v4\research\expansion_framework_v1\studies\study_batch_001\bootstrap_confidence_intervals.csv,3458,1af02366e8f8b6f291a580cf1aa87e230701b0501efcdfcf7b5195ebacd0cb70,2026-10-09T04:24:37.870993+00:00,2026-10-09T04:24:37.870993+00:00
local,C:\Users\admin\Documents\Codex\2026-10-09\6-45-jiae-jeong-lotto-data\work\b_model_restore_latest_main_20261009_v4\research\expansion_framework_v1\studies\study_batch_001\build_confidence.py,1406,d3e998f1ec6d0437b4dd1a1d65b885b92c5a0b3c961a43af248bde9690ff1b94,2026-10-09T04:24:37.872340+00:00,2026-10-09T04:24:37.873339+00:00
local,C:\Users\admin\Documents\Codex\2026-10-09\6-45-jiae-jeong-lotto-data\work\b_model_restore_latest_main_20261009_v4\research\expansion_framework_v1\studies\study_batch_001\build_diagnostics.py,7271,3a95b095088dbf0300007308d9379f67844b6c30f3f33f303ebe30c498edfd4a,2026-10-09T04:24:37.874759+00:00,2026-10-09T04:24:37.874759+00:00
local,C:\Users\admin\Documents\Codex\2026-10-09\6-45-jiae-jeong-lotto-data\work\b_model_restore_latest_main_20261009_v4\research\expansion_framework_v1\studies\study_batch_001\build_rolling_summary.py,1105,5a06af152ca22095188c32320a4d5cd107527b298c378bb551026d70a30fad56,2026-10-09T04:24:37.876186+00:00,2026-10-09T04:24:37.877194+00:00
local,C:\Users\admin\Documents\Codex\2026-10-09\6-45-jiae-jeong-lotto-data\work\b_model_restore_latest_main_20261009_v4\research\expansion_framework_v1\studies\study_batch_001\b_model_comparison.csv,6745,14c4f44b6cf95bef701fe2201465b409e6f78d28e4a48ce4da07041a3a432ad7,2026-10-09T04:24:37.868894+00:00,2026-10-09T04:24:37.869877+00:00
local,C:\Users\admin\Documents\Codex\2026-10-09\6-45-jiae-jeong-lotto-data\work\b_model_restore_latest_main_20261009_v4\research\expansion_framework_v1\studies\study_batch_001\conditional_number_transitions.csv,98702,6fb5bdf77dac6ae69c14aab087db51cdb96f987d2ed0a074ab12c56f63fb7f84,2026-10-09T04:24:37.878680+00:00,2026-10-09T04:24:37.879749+00:00
local,C:\Users\admin\Documents\Codex\2026-10-09\6-45-jiae-jeong-lotto-data\work\b_model_restore_latest_main_20261009_v4\research\expansion_framework_v1\studies\study_batch_001\failure_registry.csv,13110,eb055bf1217ada60abb090f5d96834ff099c58abfab37a7de3d06c8ab4d1441b,2026-10-09T04:24:37.880747+00:00,2026-10-09T04:24:37.881790+00:00
local,C:\Users\admin\Documents\Codex\2026-10-09\6-45-jiae-jeong-lotto-data\work\b_model_restore_latest_main_20261009_v4\research\expansion_framework_v1\studies\study_batch_001\model_correlation.csv,3704,722a3818032532e8c405fadc846345a855d617135f83d091f35c7d21c4da002e,2026-10-09T04:24:37.882802+00:00,2026-10-09T04:24:37.883801+00:00
local,C:\Users\admin\Documents\Codex\2026-10-09\6-45-jiae-jeong-lotto-data\work\b_model_restore_latest_main_20261009_v4\research\expansion_framework_v1\studies\study_batch_001\model_metrics.csv,21834,a4bb098fd69ab8471bdb0c6d90a10c6a2eba286a46292a337d31b2d33adcde96,2026-10-09T04:24:37.886533+00:00,2026-10-09T04:24:37.886533+00:00
local,C:\Users\admin\Documents\Codex\2026-10-09\6-45-jiae-jeong-lotto-data\work\b_model_restore_latest_main_20261009_v4\research\expansion_framework_v1\studies\study_batch_001\number_temporal_features.csv,13546,612f072b3eb2a583e1eef87be5a0a47c5a9ec357d4d32d163e6b43a8726546af,2026-10-09T04:24:37.887598+00:00,2026-10-09T04:24:37.888573+00:00
local,C:\Users\admin\Documents\Codex\2026-10-09\6-45-jiae-jeong-lotto-data\work\b_model_restore_latest_main_20261009_v4\research\expansion_framework_v1\studies\study_batch_001\pair_triple_temporal_stability.csv,2377221,50d976be0c57e075ad2500cf84e7e0bca47e1f01fd9365883775e0aee2fec329,2026-10-09T04:24:37.894634+00:00,2026-10-09T04:24:37.896637+00:00
local,C:\Users\admin\Documents\Codex\2026-10-09\6-45-jiae-jeong-lotto-data\work\b_model_restore_latest_main_20261009_v4\research\expansion_framework_v1\studies\study_batch_001\rolling300_failure_registry.csv,6546,370651640b0e5d38b7fa560373ce9c268cbd343d5303cf13d787fd7dca935c3b,2026-10-09T04:24:37.898640+00:00,2026-10-09T04:24:37.898640+00:00
local,C:\Users\admin\Documents\Codex\2026-10-09\6-45-jiae-jeong-lotto-data\work\b_model_restore_latest_main_20261009_v4\research\expansion_framework_v1\studies\study_batch_001\rolling300_metrics.csv,9189,52e9e19f6537f8a5ff3742cb67f44cb86a32d81dff9725db20e8e446c1aba5f4,2026-10-09T04:24:37.900617+00:00,2026-10-09T04:24:37.900617+00:00
local,C:\Users\admin\Documents\Codex\2026-10-09\6-45-jiae-jeong-lotto-data\work\b_model_restore_latest_main_20261009_v4\research\expansion_framework_v1\studies\study_batch_001\rolling300_predictions.csv,541409,87c17ec2496575fc12091fa3dba071d197a61ecfc747494c6f791058f35c43ae,2026-10-09T04:24:37.903645+00:00,2026-10-09T04:24:37.905640+00:00
local,C:\Users\admin\Documents\Codex\2026-10-09\6-45-jiae-jeong-lotto-data\work\b_model_restore_latest_main_20261009_v4\research\expansion_framework_v1\studies\study_batch_001\rolling300_study_results.csv,9189,52e9e19f6537f8a5ff3742cb67f44cb86a32d81dff9725db20e8e446c1aba5f4,2026-10-09T04:24:37.906646+00:00,2026-10-09T04:24:37.907627+00:00
local,C:\Users\admin\Documents\Codex\2026-10-09\6-45-jiae-jeong-lotto-data\work\b_model_restore_latest_main_20261009_v4\research\expansion_framework_v1\studies\study_batch_001\run_batch.py,21186,74b73739698ca0854a6a2bfb7bb02bfdee8dccc44a4a9e7f9c40576ada36fc21,2026-10-09T04:24:37.909640+00:00,2026-10-09T04:24:37.909640+00:00
local,C:\Users\admin\Documents\Codex\2026-10-09\6-45-jiae-jeong-lotto-data\work\b_model_restore_latest_main_20261009_v4\research\expansion_framework_v1\studies\study_batch_001\RUN_GUIDE.md,1198,ebd50841da96629ffac8ea2acab0f391b498f2683746016ece9139b7f31e4d1c,2026-10-09T04:24:37.865742+00:00,2026-10-09T04:24:37.866812+00:00
local,C:\Users\admin\Documents\Codex\2026-10-09\6-45-jiae-jeong-lotto-data\work\b_model_restore_latest_main_20261009_v4\research\expansion_framework_v1\studies\study_batch_001\run_rolling300.py,1762,6a1fe5a45f786dc950b151326fe01f901dfc2234526451cc235d19cf7d5d7def,2026-10-09T04:24:37.911638+00:00,2026-10-09T04:24:37.911638+00:00
local,C:\Users\admin\Documents\Codex\2026-10-09\6-45-jiae-jeong-lotto-data\work\b_model_restore_latest_main_20261009_v4\research\expansion_framework_v1\studies\study_batch_001\structure_transition_analysis.csv,183836,a635b0c059f293ca3a79e004e3461ca46354643b2429e9f1a0ee8c8dd85c9093,2026-10-09T04:24:37.913646+00:00,2026-10-09T04:24:37.913646+00:00
local,C:\Users\admin\Documents\Codex\2026-10-09\6-45-jiae-jeong-lotto-data\work\b_model_restore_latest_main_20261009_v4\research\expansion_framework_v1\studies\study_batch_001\STUDY_BATCH_001_REPORT.md,8816,a2a6921fcb7f11720c96a86a4a48485bf0d30be0a8ad2a07a36561d51662cb57,2026-10-09T04:24:37.867855+00:00,2026-10-09T04:24:37.867855+00:00
local,C:\Users\admin\Documents\Codex\2026-10-09\6-45-jiae-jeong-lotto-data\work\b_model_restore_latest_main_20261009_v4\research\expansion_framework_v1\studies\study_batch_001\study_registry.csv,15027,3878bb213c0661cf93bcb8c27549d90e122eae93303afa4c7521094f22e2b873,2026-10-09T04:24:37.914616+00:00,2026-10-09T04:24:37.914616+00:00
local,C:\Users\admin\Documents\Codex\2026-10-09\6-45-jiae-jeong-lotto-data\work\b_model_restore_latest_main_20261009_v4\research\expansion_framework_v1\studies\study_batch_001\study_results.csv,21834,a4bb098fd69ab8471bdb0c6d90a10c6a2eba286a46292a337d31b2d33adcde96,2026-10-09T04:24:37.916646+00:00,2026-10-09T04:24:37.916646+00:00
local,C:\Users\admin\Documents\Codex\2026-10-09\6-45-jiae-jeong-lotto-data\work\b_model_restore_latest_main_20261009_v4\research\expansion_framework_v1\studies\study_batch_001\surviving_models.csv,923,6b21627b26dc59ed5819aa4a419cfbff84cbdd5f43ddd8a340333ea5ffd0aad8,2026-10-09T04:24:37.917621+00:00,2026-10-09T04:24:37.918631+00:00
local,C:\Users\admin\Documents\Codex\2026-10-09\6-45-jiae-jeong-lotto-data\work\b_model_restore_latest_main_20261009_v4\research\expansion_framework_v1\studies\study_batch_001\walkforward_predictions.csv,835839,a5f05084cd1682c12ad720e2e900715089a699d6b45dd3c4fb0c021e55d868ff,2026-10-09T04:24:37.921640+00:00,2026-10-09T04:24:37.922624+00:00
local,C:\Users\admin\Documents\Codex\2026-10-09\6-45-jiae-jeong-lotto-data\work\b_random_remote_verified_20261009_v1\outputs\B_RANDOM_BASELINE_20261009_v1\ACTUAL_EXECUTION_RESULT.json,624,4e6a6115da7fd19a430b523209f0c53297a6a1c0d320947c4ebeeba97c8f5f4e,2026-10-09T12:28:36.800997+00:00,2026-10-09T12:28:36.800997+00:00
local,C:\Users\admin\Documents\Codex\2026-10-09\6-45-jiae-jeong-lotto-data\work\b_random_remote_verified_20261009_v1\outputs\B_RANDOM_BASELINE_20261009_v1\B_AUDIT_PUBLICATION_RECORD.json,14735,3ec8c87f160ff20c9140509223e96bd04322ad7e7abece4dc9a0cfb7ce1c5fed,2026-10-09T12:28:36.900112+00:00,2026-10-09T12:28:36.900112+00:00
local,C:\Users\admin\Documents\Codex\2026-10-09\6-45-jiae-jeong-lotto-data\work\b_random_remote_verified_20261009_v1\outputs\B_RANDOM_BASELINE_20261009_v1\B_RANDOM_BASELINE_VALIDATION_REPORT_20261009_v1.md,15947,ea170d8acd30a6b3045ba85dfcb587bf8f4b11fbae30ac3a3706b053d1591ce5,2026-10-09T12:28:37.011459+00:00,2026-10-09T12:28:37.012465+00:00
local,C:\Users\admin\Documents\Codex\2026-10-09\6-45-jiae-jeong-lotto-data\work\b_random_remote_verified_20261009_v1\outputs\B_RANDOM_BASELINE_20261009_v1\B_REPRODUCTION_REFERENCE_FROZEN.json,1995,0519838584cdbeb786bccc5a5c53e36c26e6a668e205d1e2926a57c6745952f4,2026-10-09T12:28:37.114736+00:00,2026-10-09T12:28:37.114736+00:00
local,C:\Users\admin\Documents\Codex\2026-10-09\6-45-jiae-jeong-lotto-data\work\b_random_remote_verified_20261009_v1\outputs\B_RANDOM_BASELINE_20261009_v1\B_VS_RANDOM_BLOCKS.csv,12582,2019e310f383ab67fe88fb6e38540ebe7072b0de87a77afd4f2897e4585eea65,2026-10-09T12:28:37.213077+00:00,2026-10-09T12:28:37.213077+00:00
local,C:\Users\admin\Documents\Codex\2026-10-09\6-45-jiae-jeong-lotto-data\work\b_random_remote_verified_20261009_v1\outputs\B_RANDOM_BASELINE_20261009_v1\B_VS_RANDOM_POOLED.csv,7137,2fe0fe54b5bf085648f333a740e966b8bb06daa70914875b2cc4cac07a6c0741,2026-10-09T12:28:37.319990+00:00,2026-10-09T12:28:37.319990+00:00
local,C:\Users\admin\Documents\Codex\2026-10-09\6-45-jiae-jeong-lotto-data\work\b_random_remote_verified_20261009_v1\outputs\B_RANDOM_BASELINE_20261009_v1\EXECUTION_STDERR.log,0,e3b0c44298fc1c149afbf4c8996fb92427ae41e4649b934ca495991b7852b855,2026-10-09T12:28:37.441818+00:00,2026-10-09T12:28:37.441818+00:00
local,C:\Users\admin\Documents\Codex\2026-10-09\6-45-jiae-jeong-lotto-data\work\b_random_remote_verified_20261009_v1\outputs\B_RANDOM_BASELINE_20261009_v1\EXECUTION_STDOUT.log,664,1de931599f0b7854774dd4a7f8eb99b76151751bdeb7c732dcb380a8d47a5c5c,2026-10-09T12:28:37.547515+00:00,2026-10-09T12:28:37.548709+00:00
local,C:\Users\admin\Documents\Codex\2026-10-09\6-45-jiae-jeong-lotto-data\work\b_random_remote_verified_20261009_v1\outputs\B_RANDOM_BASELINE_20261009_v1\EXPLORATORY_STATISTICAL_TESTS.json,5012,5f94cd6f4b431881c2c815cf40c37cd173b250557073f7f57d8757aec4bcbde0,2026-10-09T12:28:37.647968+00:00,2026-10-09T12:28:37.648963+00:00
local,C:\Users\admin\Documents\Codex\2026-10-09\6-45-jiae-jeong-lotto-data\work\b_random_remote_verified_20261009_v1\outputs\B_RANDOM_BASELINE_20261009_v1\FINAL_VERIFICATION.json,4665,9ba7bfaf1f3a5c5e45979309f212379f079665042df1453f7694d82f52a92f75,2026-10-09T12:28:37.749104+00:00,2026-10-09T12:28:37.750110+00:00
local,C:\Users\admin\Documents\Codex\2026-10-09\6-45-jiae-jeong-lotto-data\work\b_random_remote_verified_20261009_v1\outputs\B_RANDOM_BASELINE_20261009_v1\MC_BLOCK_AND_POOLED_SUMMARY.csv,11240,18964533e31dcdb93d3b9418a51b91b8ac0f8bf5c5020a874430a9e15f5c4996,2026-10-09T12:28:37.849407+00:00,2026-10-09T12:28:37.850409+00:00
local,C:\Users\admin\Documents\Codex\2026-10-09\6-45-jiae-jeong-lotto-data\work\b_random_remote_verified_20261009_v1\outputs\B_RANDOM_BASELINE_20261009_v1\MC_TARGET_AGGREGATES.csv,49121,ccf6dd2d2fc23e848488018a6a97d6cf445d2afc82f4c8aa963b88ade8d028ee,2026-10-09T12:28:37.975877+00:00,2026-10-09T12:28:37.976876+00:00
local,C:\Users\admin\Documents\Codex\2026-10-09\6-45-jiae-jeong-lotto-data\work\b_random_remote_verified_20261009_v1\outputs\B_RANDOM_BASELINE_20261009_v1\MONTE_CARLO_PROTOCOL.md,2177,30d13609a1225d4fdaaf42fe7634edbc1e5402e13145b4cc7e8fcc8a75fae22e,2026-10-09T12:28:38.107304+00:00,2026-10-09T12:28:38.108304+00:00
local,C:\Users\admin\Documents\Codex\2026-10-09\6-45-jiae-jeong-lotto-data\work\b_random_remote_verified_20261009_v1\outputs\B_RANDOM_BASELINE_20261009_v1\RANDOM_TICKET_STREAM_HASHES.csv,28583,52ef312df859b7d3d73d2a65973c4c6d5d46f68c778a558f74f1f7f577c9040c,2026-10-09T12:28:38.209896+00:00,2026-10-09T12:28:38.209896+00:00
local,C:\Users\admin\Documents\Codex\2026-10-09\6-45-jiae-jeong-lotto-data\work\b_random_remote_verified_20261009_v1\outputs\B_RANDOM_BASELINE_20261009_v1\REPORT_DRAFT_CORRECTION.log,216,b20a47e684f79ce7fca1d365ac9041022a80f25f09b7518ffbebeeb5fa678dee,2026-10-09T12:28:38.319191+00:00,2026-10-09T12:28:38.320194+00:00
local,C:\Users\admin\Documents\Codex\2026-10-09\6-45-jiae-jeong-lotto-data\work\b_random_remote_verified_20261009_v1\outputs\B_RANDOM_BASELINE_20261009_v1\run_b_random_baseline.py,14985,bc7775f4539887392dc43f7641c26640135cdc7eeaad2f3cad855d338dc9ca22,2026-10-09T12:28:38.415138+00:00,2026-10-09T12:28:38.415138+00:00
local,C:\Users\admin\Documents\Codex\2026-10-09\6-45-jiae-jeong-lotto-data\work\b_random_remote_verified_20261009_v1\outputs\B_RANDOM_BASELINE_20261009_v1\RUN_CONFIG.json,2577,c2d88d9b1049cd2e199df809f6ce7aae31ba11aae292581eeeb4bdb613bcb821,2026-10-09T12:28:38.521595+00:00,2026-10-09T12:28:38.522974+00:00
local,C:\Users\admin\Documents\Codex\2026-10-09\6-45-jiae-jeong-lotto-data\work\b_random_remote_verified_20261009_v1\outputs\B_RANDOM_BASELINE_20261009_v1\RUN_METADATA.json,1278,46522018025abae95d94bee6690991bb9d177aa3b8cff6f6c9f97b9a7cdd97ee,2026-10-09T12:28:38.616890+00:00,2026-10-09T12:28:38.617920+00:00
local,C:\Users\admin\Documents\Codex\2026-10-09\6-45-jiae-jeong-lotto-data\work\b_random_remote_verified_20261009_v1\outputs\B_RANDOM_BASELINE_20261009_v1\RUN_PLAN_SEAL.json,741,fc47a806328574bcc3bd54ba5d619339289ff6737f0ca1da843cf3c1a363df20,2026-10-09T12:28:38.713786+00:00,2026-10-09T12:28:38.714783+00:00
local,C:\Users\admin\Documents\Codex\2026-10-09\6-45-jiae-jeong-lotto-data\work\b_random_remote_verified_20261009_v1\outputs\B_RANDOM_BASELINE_20261009_v1\SHA256_MANIFEST.csv,2380,cd10bd75f11fd66b2dfbde8911845e5a8cde99d4c1d49c9207bd5d495fba9c22,2026-10-09T12:28:38.821692+00:00,2026-10-09T12:28:38.822952+00:00
local,C:\Users\admin\Documents\Codex\2026-10-09\6-45-jiae-jeong-lotto-data\work\b_random_remote_verified_20261009_v1\outputs\B_RANDOM_BASELINE_20261009_v1\STATUS_CLASSIFICATION.json,1925,5262c6c9fd40d0b59c8624ccf81b3f21e927dd56f24d931340b46c0b4ce03227,2026-10-09T12:28:38.938397+00:00,2026-10-09T12:28:38.938397+00:00
local,C:\Users\admin\Documents\Codex\2026-10-09\6-45-jiae-jeong-lotto-data\work\b_random_remote_verified_20261009_v1\outputs\B_RANDOM_BASELINE_20261009_v1\THEORETICAL_BASELINE.json,581,3612f05c50f0e45e3b5917cd1dc940426f1d6f61dcce6b597938a4ab52ed9b40,2026-10-09T12:28:39.034985+00:00,2026-10-09T12:28:39.036382+00:00
local,C:\Users\admin\Documents\Codex\2026-10-09\6-45-jiae-jeong-lotto-data\work\b_random_remote_verified_20261009_v1\outputs\B_RANDOM_BASELINE_20261009_v1\UNRESOLVED_HISTORICAL_RESULT.json,419,fb99c5ab018ef547687c13582330322af7c6817e0f23136dfa173d782e2c5677,2026-10-09T12:28:39.132625+00:00,2026-10-09T12:28:39.132625+00:00
local,C:\Users\admin\Documents\Codex\2026-10-09\6-45-jiae-jeong-lotto-data\work\b_random_remote_verified_20261009_v1\outputs\B_RANDOM_BASELINE_20261009_v1\VERIFICATION_ATTEMPT_1.log,604,6bbb71d0d649158f6fedeae78e94759adcd2b7a68ef557141006380686ee6541,2026-10-09T12:28:39.227055+00:00,2026-10-09T12:28:39.228053+00:00
local,C:\Users\admin\Documents\Codex\2026-10-09\6-45-jiae-jeong-lotto-data\work\b_random_remote_verified_20261009_v1\outputs\B_RANDOM_BASELINE_20261009_v1\verify_b_random_baseline.py,5347,bae3030e477bc58c6abae4e4bae7f2833974dacb29bae7a4f7fca11c1f96b3c2,2026-10-09T12:28:39.330383+00:00,2026-10-09T12:28:39.332786+00:00
local,C:\Users\admin\Documents\Codex\2026-10-09\6-45-jiae-jeong-lotto-data\work\gh_auth\config.yml,1780,df56c485c2b471834d1a7422b12ab4fa09372ad225b2e7affe557a15ac58dc8e,2026-10-09T02:50:11.317866+00:00,2026-10-09T02:50:11.318418+00:00
local,C:\Users\admin\Documents\Codex\2026-10-09\6-45-jiae-jeong-lotto-data\work\gh_auth\hosts.yml,88,bd1cd70c73f1642eac5a68cd4030249d7389715ce37d9c869d08238e806a2db9,2026-10-09T02:50:11.316312+00:00,2026-10-09T02:50:11.316836+00:00
local,C:\Users\admin\Documents\Codex\2026-10-09\6-45-jiae-jeong-lotto-data\work\lotto-data-main\lotto_data.csv,43234,243cd17e6b97a2d96709ddfc689a068038669341a52dcc0743c141d309e43b9f,2026-10-09T00:31:28.433228+00:00,2026-10-07T16:20:46+00:00
local,C:\Users\admin\Documents\Codex\2026-10-09\6-45-jiae-jeong-lotto-data\work\lotto-data-main\LOTTO_PROJECT_PROTOCOL.md,17769,c218df7fa2f8cddfefde025015998c476c7ca363fa57694f5ab8933de14448d9,2026-10-09T00:31:28.319196+00:00,2026-10-07T16:20:46+00:00
local,C:\Users\admin\Documents\Codex\2026-10-09\6-45-jiae-jeong-lotto-data\work\lotto-data-main\lotto_project_state_2026-10-06.md,8343,c9e27300662549b42f58462e6c6c6c5438c2eb60a31eab4d94a66adf2c42f925,2026-10-09T00:31:28.453063+00:00,2026-10-07T16:20:46+00:00
local,C:\Users\admin\Documents\Codex\2026-10-09\6-45-jiae-jeong-lotto-data\work\lotto-data-main\analysis\2026-10-06\B_MODEL_RESULTS.md,2301,34e54b5a62493044333df85e8d54f9272e088021cba6f8287abcfb197e637ac8,2026-10-09T00:31:28.406089+00:00,2026-10-07T16:20:46+00:00
local,C:\Users\admin\Documents\Codex\2026-10-09\6-45-jiae-jeong-lotto-data\work\lotto-data-main\research\1245_final_pipeline_v3\candidate_overlap_v3.csv,5665,9e9934ca90f48943ce3aee4eb3d2cd8131b31c7fe2ecfb0c14fac8e9be2e56b8,2026-10-09T00:31:28.620863+00:00,2026-10-07T16:20:46+00:00
local,C:\Users\admin\Documents\Codex\2026-10-09\6-45-jiae-jeong-lotto-data\work\lotto-data-main\research\1245_final_pipeline_v3\FINAL_PIPELINE_V3_AUDIT.md,3380,fd42faab345ed1f25db8bc0321332d85f2523d6bab1ef6822abbb076647f51f6,2026-10-09T00:31:28.552514+00:00,2026-10-07T16:20:46+00:00
local,C:\Users\admin\Documents\Codex\2026-10-09\6-45-jiae-jeong-lotto-data\work\lotto-data-main\research\1245_final_pipeline_v3\input_audit_v3.md,6099,3b04e87dcdd8c6fb4d83ce2f257536d075b2e1e2c58387e29f71e4ec71139452,2026-10-09T00:31:28.641528+00:00,2026-10-07T16:20:46+00:00
local,C:\Users\admin\Documents\Codex\2026-10-09\6-45-jiae-jeong-lotto-data\work\lotto-data-main\research\1245_final_pipeline_v3\prepare_1245_final_three_lines_v3.py,40534,09d2cf7f3c9002db906669371d9e2b580d592053b035d891e6c1202e05704e46,2026-10-09T00:31:28.661136+00:00,2026-10-07T16:20:46+00:00
local,C:\Users\admin\Documents\Codex\2026-10-09\6-45-jiae-jeong-lotto-data\work\lotto-data-main\research\1245_final_pipeline_v3\README_v3.md,4337,d2a4f32206d768f13f3ec59736a7a2ec8ecde0a72491f0016372f6d2bfab97df,2026-10-09T00:31:28.575976+00:00,2026-10-07T16:20:46+00:00
local,C:\Users\admin\Documents\Codex\2026-10-09\6-45-jiae-jeong-lotto-data\work\lotto-data-main\research\1245_final_pipeline_v3\score_components_v3.csv,3705,5eb4c4e2e99a8f22ade17f5df0cfd49844710b33a38934eb11df76b405811591,2026-10-09T00:31:28.683664+00:00,2026-10-07T16:20:46+00:00
local,C:\Users\admin\Documents\Codex\2026-10-09\6-45-jiae-jeong-lotto-data\work\lotto-data-main\research\1245_final_pipeline_v3\selection_trace_v3.csv,1028,e1ca4cc97a38809c15fe9d78aa78f879c89bae69be4e8551354a2b96b708a3b4,2026-10-09T00:31:28.705299+00:00,2026-10-07T16:20:46+00:00
local,C:\Users\admin\Documents\Codex\2026-10-09\6-45-jiae-jeong-lotto-data\work\lotto-data-main\research\1245_final_pipeline_v3\V3_CHANGELOG.md,2862,f0b90deb840d70dbdc3827335d63cdb6380127a1ced37d3ed603003d7ea515e6,2026-10-09T00:31:28.596921+00:00,2026-10-07T16:20:46+00:00
local,C:\Users\admin\Documents\Codex\2026-10-09\6-45-jiae-jeong-lotto-data\work\lotto-data-main\research\expansion_framework_v1\audit_project.py,6092,2542674f08e842f8d8407074c9b44fffdd73b8ffbd8957baf45a1912b106be72,2026-10-09T00:31:28.806758+00:00,2026-10-07T16:20:46+00:00
local,C:\Users\admin\Documents\Codex\2026-10-09\6-45-jiae-jeong-lotto-data\work\lotto-data-main\research\expansion_framework_v1\data_quality.py,841,9f49fec50527184426e67bd97d0d28336e15a06ad46c3c74a6a555a6694f1043,2026-10-09T00:31:28.830694+00:00,2026-10-07T16:20:46+00:00
local,C:\Users\admin\Documents\Codex\2026-10-09\6-45-jiae-jeong-lotto-data\work\lotto-data-main\research\expansion_framework_v1\GITHUB_SYNC_GUIDE.md,969,d5bdd85fea1c9d09be10b9e24cfd8798e8866b1871b12cf2a0c4e6fa2625846d,2026-10-09T00:31:28.743079+00:00,2026-10-07T16:20:46+00:00
local,C:\Users\admin\Documents\Codex\2026-10-09\6-45-jiae-jeong-lotto-data\work\lotto-data-main\research\expansion_framework_v1\hypothesis_template.py,478,06387096e1d500b33fa14991969d082ee212d1fd207afe2c58bf8b9b1da3d743,2026-10-09T00:31:28.846987+00:00,2026-10-07T16:20:46+00:00
local,C:\Users\admin\Documents\Codex\2026-10-09\6-45-jiae-jeong-lotto-data\work\lotto-data-main\research\expansion_framework_v1\model_family_catalog.csv,1589,0aa34744e35a39f08764677fdff8f82456eadb9c065c1fa14925e7bbf04a5433,2026-10-09T00:31:28.863376+00:00,2026-10-07T16:20:46+00:00
local,C:\Users\admin\Documents\Codex\2026-10-09\6-45-jiae-jeong-lotto-data\work\lotto-data-main\research\expansion_framework_v1\project_audit.md,1078,0b77c052e7cccfdbc152100900e02536fcc9c2a1a19ab73df0d62fd8bd17f3b5,2026-10-09T00:31:28.881540+00:00,2026-10-07T16:20:46+00:00
local,C:\Users\admin\Documents\Codex\2026-10-09\6-45-jiae-jeong-lotto-data\work\lotto-data-main\research\expansion_framework_v1\project_baseline_manifest.csv,5303,f9e74a4b7e15631aaebdfdd7d58ae3ace6df64a8b5d115f4ac32ed35d639c4b2,2026-10-09T00:31:28.899089+00:00,2026-10-07T16:20:46+00:00
local,C:\Users\admin\Documents\Codex\2026-10-09\6-45-jiae-jeong-lotto-data\work\lotto-data-main\research\expansion_framework_v1\README.md,5652,6c58b45a7b7630a35ab74eed5a4f2301673254eab16a98557776b35166214668,2026-10-09T00:31:28.765161+00:00,2026-10-07T16:20:46+00:00
local,C:\Users\admin\Documents\Codex\2026-10-09\6-45-jiae-jeong-lotto-data\work\lotto-data-main\research\expansion_framework_v1\research_registry.csv,752,7d9277f4558a283de34244bdcb3994c16f4b0326c647da9550c4fea0b14d096b,2026-10-09T00:31:28.928283+00:00,2026-10-07T16:20:46+00:00
local,C:\Users\admin\Documents\Codex\2026-10-09\6-45-jiae-jeong-lotto-data\work\lotto-data-main\research\expansion_framework_v1\run_study.py,1698,8776852cf5a40e14125b243a6d9719e1aa4e17d4ab1d5ba67c8dfc0d141a2370,2026-10-09T00:31:28.951063+00:00,2026-10-07T16:20:46+00:00
local,C:\Users\admin\Documents\Codex\2026-10-09\6-45-jiae-jeong-lotto-data\work\lotto-data-main\research\expansion_framework_v1\study_template.md,1314,a1d204d137895d72fd8264cce4cc05c4447c9e28744647b3c54303d5c0a54fb9,2026-10-09T00:31:29.550421+00:00,2026-10-07T16:20:46+00:00
local,C:\Users\admin\Documents\Codex\2026-10-09\6-45-jiae-jeong-lotto-data\work\lotto-data-main\research\expansion_framework_v1\UPLOAD_SHA256_MANIFEST.csv,4295,706aa2b41f5e6a3574604f279fa4cb4e7d7b573f96141518e4b09221175e5c3c,2026-10-09T00:31:28.787247+00:00,2026-10-07T16:20:46+00:00
local,C:\Users\admin\Documents\Codex\2026-10-09\6-45-jiae-jeong-lotto-data\work\lotto-data-main\research\expansion_framework_v1\walkforward_core.py,5463,da7fe19177d31428c7b25a0afc32eab1ad84d7dc5ac8b009f2ce3e95f94b046c,2026-10-09T00:31:29.570960+00:00,2026-10-07T16:20:46+00:00
local,C:\Users\admin\Documents\Codex\2026-10-09\6-45-jiae-jeong-lotto-data\work\lotto-data-main\research\expansion_framework_v1\studies\README.md,179,0767ed1596cc084bd3d25ff02d7f2dcb49c34ad97006c07cf7f054ce38479b18,2026-10-09T00:31:28.988332+00:00,2026-10-07T16:20:46+00:00
local,C:\Users\admin\Documents\Codex\2026-10-09\6-45-jiae-jeong-lotto-data\work\lotto-data-main\research\expansion_framework_v1\studies\study_batch_001\bootstrap_confidence_intervals.csv,3458,1af02366e8f8b6f291a580cf1aa87e230701b0501efcdfcf7b5195ebacd0cb70,2026-10-09T00:31:29.087282+00:00,2026-10-07T16:20:46+00:00
local,C:\Users\admin\Documents\Codex\2026-10-09\6-45-jiae-jeong-lotto-data\work\lotto-data-main\research\expansion_framework_v1\studies\study_batch_001\build_confidence.py,1386,b1851376f7fb9ecceb9aaae47b7f2cf743e588a36492f3eee5588fbc1f2c3fa7,2026-10-09T00:31:29.109112+00:00,2026-10-07T16:20:46+00:00
local,C:\Users\admin\Documents\Codex\2026-10-09\6-45-jiae-jeong-lotto-data\work\lotto-data-main\research\expansion_framework_v1\studies\study_batch_001\build_diagnostics.py,7178,facdd7e360928cabde2b122ed5b29ab23d30f3819ffaf708bb18cd3f2398a533,2026-10-09T00:31:29.127774+00:00,2026-10-07T16:20:46+00:00
local,C:\Users\admin\Documents\Codex\2026-10-09\6-45-jiae-jeong-lotto-data\work\lotto-data-main\research\expansion_framework_v1\studies\study_batch_001\build_rolling_summary.py,1089,d369d2472a348de187d16ad44411b1c47312b270e431678f2408afe1b2c264c6,2026-10-09T00:31:29.150165+00:00,2026-10-07T16:20:46+00:00
local,C:\Users\admin\Documents\Codex\2026-10-09\6-45-jiae-jeong-lotto-data\work\lotto-data-main\research\expansion_framework_v1\studies\study_batch_001\b_model_comparison.csv,6745,14c4f44b6cf95bef701fe2201465b409e6f78d28e4a48ce4da07041a3a432ad7,2026-10-09T00:31:29.068700+00:00,2026-10-07T16:20:46+00:00
local,C:\Users\admin\Documents\Codex\2026-10-09\6-45-jiae-jeong-lotto-data\work\lotto-data-main\research\expansion_framework_v1\studies\study_batch_001\conditional_number_transitions.csv,98702,6fb5bdf77dac6ae69c14aab087db51cdb96f987d2ed0a074ab12c56f63fb7f84,2026-10-09T00:31:29.174222+00:00,2026-10-07T16:20:46+00:00
local,C:\Users\admin\Documents\Codex\2026-10-09\6-45-jiae-jeong-lotto-data\work\lotto-data-main\research\expansion_framework_v1\studies\study_batch_001\failure_registry.csv,13110,eb055bf1217ada60abb090f5d96834ff099c58abfab37a7de3d06c8ab4d1441b,2026-10-09T00:31:29.193270+00:00,2026-10-07T16:20:46+00:00
local,C:\Users\admin\Documents\Codex\2026-10-09\6-45-jiae-jeong-lotto-data\work\lotto-data-main\research\expansion_framework_v1\studies\study_batch_001\model_correlation.csv,3704,722a3818032532e8c405fadc846345a855d617135f83d091f35c7d21c4da002e,2026-10-09T00:31:29.215863+00:00,2026-10-07T16:20:46+00:00
local,C:\Users\admin\Documents\Codex\2026-10-09\6-45-jiae-jeong-lotto-data\work\lotto-data-main\research\expansion_framework_v1\studies\study_batch_001\model_metrics.csv,21834,a4bb098fd69ab8471bdb0c6d90a10c6a2eba286a46292a337d31b2d33adcde96,2026-10-09T00:31:29.236101+00:00,2026-10-07T16:20:46+00:00
local,C:\Users\admin\Documents\Codex\2026-10-09\6-45-jiae-jeong-lotto-data\work\lotto-data-main\research\expansion_framework_v1\studies\study_batch_001\number_temporal_features.csv,13546,612f072b3eb2a583e1eef87be5a0a47c5a9ec357d4d32d163e6b43a8726546af,2026-10-09T00:31:29.255725+00:00,2026-10-07T16:20:46+00:00
local,C:\Users\admin\Documents\Codex\2026-10-09\6-45-jiae-jeong-lotto-data\work\lotto-data-main\research\expansion_framework_v1\studies\study_batch_001\pair_triple_temporal_stability.csv,2377221,50d976be0c57e075ad2500cf84e7e0bca47e1f01fd9365883775e0aee2fec329,2026-10-09T00:31:29.275630+00:00,2026-10-07T16:20:46+00:00
local,C:\Users\admin\Documents\Codex\2026-10-09\6-45-jiae-jeong-lotto-data\work\lotto-data-main\research\expansion_framework_v1\studies\study_batch_001\rolling300_failure_registry.csv,6546,370651640b0e5d38b7fa560373ce9c268cbd343d5303cf13d787fd7dca935c3b,2026-10-09T00:31:29.300174+00:00,2026-10-07T16:20:46+00:00
local,C:\Users\admin\Documents\Codex\2026-10-09\6-45-jiae-jeong-lotto-data\work\lotto-data-main\research\expansion_framework_v1\studies\study_batch_001\rolling300_metrics.csv,9189,52e9e19f6537f8a5ff3742cb67f44cb86a32d81dff9725db20e8e446c1aba5f4,2026-10-09T00:31:29.320466+00:00,2026-10-07T16:20:46+00:00
local,C:\Users\admin\Documents\Codex\2026-10-09\6-45-jiae-jeong-lotto-data\work\lotto-data-main\research\expansion_framework_v1\studies\study_batch_001\rolling300_predictions.csv,541409,87c17ec2496575fc12091fa3dba071d197a61ecfc747494c6f791058f35c43ae,2026-10-09T00:31:29.341260+00:00,2026-10-07T16:20:46+00:00
local,C:\Users\admin\Documents\Codex\2026-10-09\6-45-jiae-jeong-lotto-data\work\lotto-data-main\research\expansion_framework_v1\studies\study_batch_001\rolling300_study_results.csv,9189,52e9e19f6537f8a5ff3742cb67f44cb86a32d81dff9725db20e8e446c1aba5f4,2026-10-09T00:31:29.364289+00:00,2026-10-07T16:20:46+00:00
local,C:\Users\admin\Documents\Codex\2026-10-09\6-45-jiae-jeong-lotto-data\work\lotto-data-main\research\expansion_framework_v1\studies\study_batch_001\run_batch.py,20966,974f5163b95e38389d857f6ec6a2cafdb1c4b847c869f33d49808902914e3eab,2026-10-09T00:31:29.384566+00:00,2026-10-07T16:20:46+00:00
local,C:\Users\admin\Documents\Codex\2026-10-09\6-45-jiae-jeong-lotto-data\work\lotto-data-main\research\expansion_framework_v1\studies\study_batch_001\RUN_GUIDE.md,1183,31779409840dbaf5cb4d2322fe0a74e2513e428fe01df3886cecb0f13d166e84,2026-10-09T00:31:29.031254+00:00,2026-10-07T16:20:46+00:00
local,C:\Users\admin\Documents\Codex\2026-10-09\6-45-jiae-jeong-lotto-data\work\lotto-data-main\research\expansion_framework_v1\studies\study_batch_001\run_rolling300.py,1741,e3ed58172c122951e233dba21e860acd44497d73274b3e8f8b9bf8f843dfcb67,2026-10-09T00:31:29.405791+00:00,2026-10-07T16:20:46+00:00
local,C:\Users\admin\Documents\Codex\2026-10-09\6-45-jiae-jeong-lotto-data\work\lotto-data-main\research\expansion_framework_v1\studies\study_batch_001\structure_transition_analysis.csv,183836,a635b0c059f293ca3a79e004e3461ca46354643b2429e9f1a0ee8c8dd85c9093,2026-10-09T00:31:29.425334+00:00,2026-10-07T16:20:46+00:00
local,C:\Users\admin\Documents\Codex\2026-10-09\6-45-jiae-jeong-lotto-data\work\lotto-data-main\research\expansion_framework_v1\studies\study_batch_001\STUDY_BATCH_001_REPORT.md,8816,a2a6921fcb7f11720c96a86a4a48485bf0d30be0a8ad2a07a36561d51662cb57,2026-10-09T00:31:29.051397+00:00,2026-10-07T16:20:46+00:00
local,C:\Users\admin\Documents\Codex\2026-10-09\6-45-jiae-jeong-lotto-data\work\lotto-data-main\research\expansion_framework_v1\studies\study_batch_001\study_registry.csv,15027,3878bb213c0661cf93bcb8c27549d90e122eae93303afa4c7521094f22e2b873,2026-10-09T00:31:29.448340+00:00,2026-10-07T16:20:46+00:00
local,C:\Users\admin\Documents\Codex\2026-10-09\6-45-jiae-jeong-lotto-data\work\lotto-data-main\research\expansion_framework_v1\studies\study_batch_001\study_results.csv,21834,a4bb098fd69ab8471bdb0c6d90a10c6a2eba286a46292a337d31b2d33adcde96,2026-10-09T00:31:29.470610+00:00,2026-10-07T16:20:46+00:00
local,C:\Users\admin\Documents\Codex\2026-10-09\6-45-jiae-jeong-lotto-data\work\lotto-data-main\research\expansion_framework_v1\studies\study_batch_001\surviving_models.csv,923,6b21627b26dc59ed5819aa4a419cfbff84cbdd5f43ddd8a340333ea5ffd0aad8,2026-10-09T00:31:29.491951+00:00,2026-10-07T16:20:46+00:00
local,C:\Users\admin\Documents\Codex\2026-10-09\6-45-jiae-jeong-lotto-data\work\lotto-data-main\research\expansion_framework_v1\studies\study_batch_001\walkforward_predictions.csv,835839,a5f05084cd1682c12ad720e2e900715089a699d6b45dd3c4fb0c021e55d868ff,2026-10-09T00:31:29.516633+00:00,2026-10-07T16:20:46+00:00
local,C:\Users\admin\Documents\Codex\2026-10-09\6-45-jiae-jeong-lotto-data\work\prediction_1245_v4_clean_20261009\lotto_data.csv,43234,243cd17e6b97a2d96709ddfc689a068038669341a52dcc0743c141d309e43b9f,2026-10-09T05:20:32.981635+00:00,2026-10-09T05:20:32.982631+00:00
local,C:\Users\admin\Documents\Codex\2026-10-09\6-45-jiae-jeong-lotto-data\work\prediction_1245_v4_clean_20261009\LOTTO_PROJECT_PROTOCOL.md,17769,c218df7fa2f8cddfefde025015998c476c7ca363fa57694f5ab8933de14448d9,2026-10-09T05:20:32.975129+00:00,2026-10-09T05:20:32.976129+00:00
local,C:\Users\admin\Documents\Codex\2026-10-09\6-45-jiae-jeong-lotto-data\work\prediction_1245_v4_clean_20261009\lotto_project_state_2026-10-06.md,8343,c9e27300662549b42f58462e6c6c6c5438c2eb60a31eab4d94a66adf2c42f925,2026-10-09T05:20:32.983901+00:00,2026-10-09T05:20:32.983901+00:00
local,C:\Users\admin\Documents\Codex\2026-10-09\6-45-jiae-jeong-lotto-data\work\prediction_1245_v4_clean_20261009\analysis\2026-10-06\B_MODEL_RESULTS.md,2301,34e54b5a62493044333df85e8d54f9272e088021cba6f8287abcfb197e637ac8,2026-10-09T05:20:32.979543+00:00,2026-10-09T05:20:32.980635+00:00
local,C:\Users\admin\Documents\Codex\2026-10-09\6-45-jiae-jeong-lotto-data\work\prediction_1245_v4_clean_20261009\research\1245_final_pipeline_v3\candidate_overlap_v3.csv,5665,9e9934ca90f48943ce3aee4eb3d2cd8131b31c7fe2ecfb0c14fac8e9be2e56b8,2026-10-09T05:20:32.998405+00:00,2026-10-09T05:20:32.998405+00:00
local,C:\Users\admin\Documents\Codex\2026-10-09\6-45-jiae-jeong-lotto-data\work\prediction_1245_v4_clean_20261009\research\1245_final_pipeline_v3\CURRENT_STATUS_2026-10-09.md,4456,cc6efe48a0801d24f859060660e9969e3cf20ae897074aeac85847ff8c6f5cf3,2026-10-09T05:20:32.989110+00:00,2026-10-09T05:20:32.989985+00:00
local,C:\Users\admin\Documents\Codex\2026-10-09\6-45-jiae-jeong-lotto-data\work\prediction_1245_v4_clean_20261009\research\1245_final_pipeline_v3\FINAL_PIPELINE_V3_AUDIT.md,3380,fd42faab345ed1f25db8bc0321332d85f2523d6bab1ef6822abbb076647f51f6,2026-10-09T05:20:32.990912+00:00,2026-10-09T05:20:32.991922+00:00
local,C:\Users\admin\Documents\Codex\2026-10-09\6-45-jiae-jeong-lotto-data\work\prediction_1245_v4_clean_20261009\research\1245_final_pipeline_v3\independent_validation_20261009.py,23093,990ed6b762c73865c7681d1ca5b9f320edc00640a2eeb7805ce29f700f118f87,2026-10-09T05:20:32.999405+00:00,2026-10-09T05:20:33.001402+00:00
local,C:\Users\admin\Documents\Codex\2026-10-09\6-45-jiae-jeong-lotto-data\work\prediction_1245_v4_clean_20261009\research\1245_final_pipeline_v3\input_audit_v3.md,6099,3b04e87dcdd8c6fb4d83ce2f257536d075b2e1e2c58387e29f71e4ec71139452,2026-10-09T05:20:33.038289+00:00,2026-10-09T05:20:33.039310+00:00
local,C:\Users\admin\Documents\Codex\2026-10-09\6-45-jiae-jeong-lotto-data\work\prediction_1245_v4_clean_20261009\research\1245_final_pipeline_v3\prepare_1245_final_three_lines_v3.py,40534,09d2cf7f3c9002db906669371d9e2b580d592053b035d891e6c1202e05704e46,2026-10-09T05:20:33.040393+00:00,2026-10-09T05:20:33.041393+00:00
local,C:\Users\admin\Documents\Codex\2026-10-09\6-45-jiae-jeong-lotto-data\work\prediction_1245_v4_clean_20261009\research\1245_final_pipeline_v3\README_v3.md,4337,d2a4f32206d768f13f3ec59736a7a2ec8ecde0a72491f0016372f6d2bfab97df,2026-10-09T05:20:32.993031+00:00,2026-10-09T05:20:32.993031+00:00
local,C:\Users\admin\Documents\Codex\2026-10-09\6-45-jiae-jeong-lotto-data\work\prediction_1245_v4_clean_20261009\research\1245_final_pipeline_v3\recover_and_run_20261009.py,10882,9ee1ca16759c9691c6abbf03f7cb2a539ce89e70f5f55560f5214ee913b9fff5,2026-10-09T05:20:33.042442+00:00,2026-10-09T05:20:33.043747+00:00
local,C:\Users\admin\Documents\Codex\2026-10-09\6-45-jiae-jeong-lotto-data\work\prediction_1245_v4_clean_20261009\research\1245_final_pipeline_v3\score_components_v3.csv,3705,5eb4c4e2e99a8f22ade17f5df0cfd49844710b33a38934eb11df76b405811591,2026-10-09T05:20:33.102345+00:00,2026-10-09T05:20:33.103350+00:00
local,C:\Users\admin\Documents\Codex\2026-10-09\6-45-jiae-jeong-lotto-data\work\prediction_1245_v4_clean_20261009\research\1245_final_pipeline_v3\selection_trace_v3.csv,1028,e1ca4cc97a38809c15fe9d78aa78f879c89bae69be4e8551354a2b96b708a3b4,2026-10-09T05:20:33.104343+00:00,2026-10-09T05:20:33.105351+00:00
local,C:\Users\admin\Documents\Codex\2026-10-09\6-45-jiae-jeong-lotto-data\work\prediction_1245_v4_clean_20261009\research\1245_final_pipeline_v3\source_asset_search_v2.log,2033,c3fe8b18e229e93ef5eaeb525a8711b2c0f7c4efc380cfa03ee49b222a54dacf,2026-10-09T05:20:33.106347+00:00,2026-10-09T05:20:33.107799+00:00
local,C:\Users\admin\Documents\Codex\2026-10-09\6-45-jiae-jeong-lotto-data\work\prediction_1245_v4_clean_20261009\research\1245_final_pipeline_v3\SOURCE_ASSET_SEARCH_v2.md,5320,e6c2d14f919d307c08e79d7f5736adb688aa0873d5b019c78c9c46293301aa0b,2026-10-09T05:20:32.994259+00:00,2026-10-09T05:20:32.995257+00:00
local,C:\Users\admin\Documents\Codex\2026-10-09\6-45-jiae-jeong-lotto-data\work\prediction_1245_v4_clean_20261009\research\1245_final_pipeline_v3\V3_CHANGELOG.md,2862,f0b90deb840d70dbdc3827335d63cdb6380127a1ced37d3ed603003d7ea515e6,2026-10-09T05:20:32.996405+00:00,2026-10-09T05:20:32.997405+00:00
local,C:\Users\admin\Documents\Codex\2026-10-09\6-45-jiae-jeong-lotto-data\work\prediction_1245_v4_clean_20261009\research\1245_final_pipeline_v3\independent_validation_20261009_independent\execution.log,756,64ceed6f74306d57bb896d6c658e46ba77f2b7fbf8040eae097b5a89c164c8ad,2026-10-09T05:20:33.010415+00:00,2026-10-09T05:20:33.011412+00:00
local,C:\Users\admin\Documents\Codex\2026-10-09\6-45-jiae-jeong-lotto-data\work\prediction_1245_v4_clean_20261009\research\1245_final_pipeline_v3\independent_validation_20261009_independent\fresh_candidate_number_frequency.csv,560,adedc3e82f80e3d54966b0e5647cf2678ebd35529ed05118fc2fb985339d573b,2026-10-09T05:20:33.012849+00:00,2026-10-09T05:20:33.014089+00:00
local,C:\Users\admin\Documents\Codex\2026-10-09\6-45-jiae-jeong-lotto-data\work\prediction_1245_v4_clean_20261009\research\1245_final_pipeline_v3\independent_validation_20261009_independent\fresh_candidate_overlaps.csv,2079,5440b639ad83d466d6e199ea25ff2baffed6665d99615433effbbfea4fda202b,2026-10-09T05:20:33.015090+00:00,2026-10-09T05:20:33.016087+00:00
local,C:\Users\admin\Documents\Codex\2026-10-09\6-45-jiae-jeong-lotto-data\work\prediction_1245_v4_clean_20261009\research\1245_final_pipeline_v3\independent_validation_20261009_independent\fresh_model_scorecard.csv,5723,d2ecb738f6b4b959b60f545fcda118beab5e7ba45d7617b689e4a28b56e76c0f,2026-10-09T05:20:33.017096+00:00,2026-10-09T05:20:33.019091+00:00
local,C:\Users\admin\Documents\Codex\2026-10-09\6-45-jiae-jeong-lotto-data\work\prediction_1245_v4_clean_20261009\research\1245_final_pipeline_v3\independent_validation_20261009_independent\fresh_portfolio_metrics.csv,614,257aafe0401a2d97c5efcf961a345205c9d53bc7fc583a17073d638e07cfb13a,2026-10-09T05:20:33.021090+00:00,2026-10-09T05:20:33.022087+00:00
local,C:\Users\admin\Documents\Codex\2026-10-09\6-45-jiae-jeong-lotto-data\work\prediction_1245_v4_clean_20261009\research\1245_final_pipeline_v3\independent_validation_20261009_independent\fresh_portfolio_walkforward.csv,41084,a4214f1e17464ef3000377c05013d968567b758673c6ef86e36c0232b5563de6,2026-10-09T05:20:33.023091+00:00,2026-10-09T05:20:33.024635+00:00
local,C:\Users\admin\Documents\Codex\2026-10-09\6-45-jiae-jeong-lotto-data\work\prediction_1245_v4_clean_20261009\research\1245_final_pipeline_v3\independent_validation_20261009_independent\fresh_walkforward_predictions.csv,178802,12e2ca1205c21fb11b219016c1c96fbec7480cd26b411e8a990c7d6ec7640a65,2026-10-09T05:20:33.025667+00:00,2026-10-09T05:20:33.027507+00:00
local,C:\Users\admin\Documents\Codex\2026-10-09\6-45-jiae-jeong-lotto-data\work\prediction_1245_v4_clean_20261009\research\1245_final_pipeline_v3\independent_validation_20261009_independent\INDEPENDENT_VALIDATION_REPORT.md,5050,c3203179fa238fe34f1098ecaec29dd1d276d1949a63e42b54228dfd8bba2d57,2026-10-09T05:20:33.004817+00:00,2026-10-09T05:20:33.006223+00:00
local,C:\Users\admin\Documents\Codex\2026-10-09\6-45-jiae-jeong-lotto-data\work\prediction_1245_v4_clean_20261009\research\1245_final_pipeline_v3\independent_validation_20261009_independent\reassessed_1245_three_lines.csv,963,f7ed4647f0c42af79c6257e9e351b8f8a8999b1bf9f83822cf1cbf035b3d2b85,2026-10-09T05:20:33.029541+00:00,2026-10-09T05:20:33.029541+00:00
local,C:\Users\admin\Documents\Codex\2026-10-09\6-45-jiae-jeong-lotto-data\work\prediction_1245_v4_clean_20261009\research\1245_final_pipeline_v3\independent_validation_20261009_independent\reassessed_portfolio_overlap.csv,99,289949a2a72765535f4062c210b274b783d7ea3681852d49b65d1c8a405f812d,2026-10-09T05:20:33.030565+00:00,2026-10-09T05:20:33.031775+00:00
local,C:\Users\admin\Documents\Codex\2026-10-09\6-45-jiae-jeong-lotto-data\work\prediction_1245_v4_clean_20261009\research\1245_final_pipeline_v3\independent_validation_20261009_independent\run_metadata.json,733,b8a6a37b81ad620c0906854f78a2cecc89b244aee1d78205e23be4a6be423887,2026-10-09T05:20:33.032778+00:00,2026-10-09T05:20:33.033776+00:00
local,C:\Users\admin\Documents\Codex\2026-10-09\6-45-jiae-jeong-lotto-data\work\prediction_1245_v4_clean_20261009\research\1245_final_pipeline_v3\independent_validation_20261009_independent\SOURCE_ASSET_SEARCH.md,5344,cde0ccc7621c18e8be787aefc5deb2f9d1408cdf3dd1c825cb718686eca1c0e6,2026-10-09T05:20:33.007475+00:00,2026-10-09T05:20:33.008907+00:00
local,C:\Users\admin\Documents\Codex\2026-10-09\6-45-jiae-jeong-lotto-data\work\prediction_1245_v4_clean_20261009\research\1245_final_pipeline_v3\independent_validation_20261009_independent\stored_reproduction_check.csv,1862,03a8b684aa58a173491d0e3ac3ab0ccdbf6c6e0bc86d4fdf9ba4cadf0ab4c417,2026-10-09T05:20:33.035783+00:00,2026-10-09T05:20:33.037305+00:00
local,C:\Users\admin\Documents\Codex\2026-10-09\6-45-jiae-jeong-lotto-data\work\prediction_1245_v4_clean_20261009\research\1245_final_pipeline_v3\recovered_original_assets\b_model_backtest.py,27977,3ecf4fb805c2448e49c39e01174b3a112d4865c7ff1a31157437515b78be47cb,2026-10-09T05:20:33.047918+00:00,2026-10-09T05:20:33.049105+00:00
local,C:\Users\admin\Documents\Codex\2026-10-09\6-45-jiae-jeong-lotto-data\work\prediction_1245_v4_clean_20261009\research\1245_final_pipeline_v3\recovered_original_assets\B_MODEL_RECOVERY_REPORT_2026-10-09.md,2895,e11900f4f26e16fea7161b6992f57e52327f2adca58aed858a6bc5e9ebbd9695,2026-10-09T05:20:33.045769+00:00,2026-10-09T05:20:33.046699+00:00
local,C:\Users\admin\Documents\Codex\2026-10-09\6-45-jiae-jeong-lotto-data\work\prediction_1245_v4_clean_20261009\research\1245_final_pipeline_v3\recovered_original_assets\outputs\b_model_50_round_trends.csv,6264,199bd09e71f9f7171b2c26ee68a7eb8afd40edcd17a1f8907dd09c2a4e7f57df,2026-10-09T05:20:33.056541+00:00,2026-10-09T05:20:33.057984+00:00
local,C:\Users\admin\Documents\Codex\2026-10-09\6-45-jiae-jeong-lotto-data\work\prediction_1245_v4_clean_20261009\research\1245_final_pipeline_v3\recovered_original_assets\outputs\b_model_classification.csv,3509,2c7a8030b0129eef55137852a8e5e297d916239c46a8fc9bbe0e0c467ecf9ff2,2026-10-09T05:20:33.058981+00:00,2026-10-09T05:20:33.059985+00:00
local,C:\Users\admin\Documents\Codex\2026-10-09\6-45-jiae-jeong-lotto-data\work\prediction_1245_v4_clean_20261009\research\1245_final_pipeline_v3\recovered_original_assets\outputs\b_model_holdout_metrics.csv,113856,147765c9f3353deac5cc5c91e37ce0f80a7e4608c9e29738d4724130df5bc2a4,2026-10-09T05:20:33.061110+00:00,2026-10-09T05:20:33.064290+00:00
local,C:\Users\admin\Documents\Codex\2026-10-09\6-45-jiae-jeong-lotto-data\work\prediction_1245_v4_clean_20261009\research\1245_final_pipeline_v3\recovered_original_assets\outputs\b_model_predictions.csv,3236859,088685b5c30275c2640dfda2001beb99cebf5855156ae54ad5e0f6f170cf39be,2026-10-09T05:20:33.066293+00:00,2026-10-09T05:20:33.080095+00:00
local,C:\Users\admin\Documents\Codex\2026-10-09\6-45-jiae-jeong-lotto-data\work\prediction_1245_v4_clean_20261009\research\1245_final_pipeline_v3\recovered_original_assets\outputs\OUTPUT_SHA256.csv,1270,f122d0b9a995a76b031a2e5f881f33e39b51ac7804e608505e0bb991d2a73852,2026-10-09T05:20:33.051466+00:00,2026-10-09T05:20:33.053465+00:00
local,C:\Users\admin\Documents\Codex\2026-10-09\6-45-jiae-jeong-lotto-data\work\prediction_1245_v4_clean_20261009\research\1245_final_pipeline_v3\recovered_original_assets\outputs\RECOVERY_README.md,2318,c1eff0ff2bc82ecadcd6db82582f942203a7126ecd766fbcb25df6a1befe9948,2026-10-09T05:20:33.054475+00:00,2026-10-09T05:20:33.055475+00:00
local,C:\Users\admin\Documents\Codex\2026-10-09\6-45-jiae-jeong-lotto-data\work\prediction_1245_v4_clean_20261009\research\1245_final_pipeline_v3\recovery_run_20261009\execution.log,368,3f3af486c7199e12ba6104da4efc72aaf6156ff8ae8b38a953f4c040027e80fe,2026-10-09T05:20:33.088816+00:00,2026-10-09T05:20:33.089849+00:00
local,C:\Users\admin\Documents\Codex\2026-10-09\6-45-jiae-jeong-lotto-data\work\prediction_1245_v4_clean_20261009\research\1245_final_pipeline_v3\recovery_run_20261009\EXECUTION_REPORT.md,5094,cf90009262eea3625afde07c683144be083e4926b0d8fc24d5eb1be2e137fea7,2026-10-09T05:20:33.083127+00:00,2026-10-09T05:20:33.084306+00:00
local,C:\Users\admin\Documents\Codex\2026-10-09\6-45-jiae-jeong-lotto-data\work\prediction_1245_v4_clean_20261009\research\1245_final_pipeline_v3\recovery_run_20261009\final_three_lines_1245_v3_recovery.csv,746,d5e6da9e34d68f847a2d674b71e5d20512543d677734697333c21407f8478825,2026-10-09T05:20:33.092215+00:00,2026-10-09T05:20:33.092215+00:00
local,C:\Users\admin\Documents\Codex\2026-10-09\6-45-jiae-jeong-lotto-data\work\prediction_1245_v4_clean_20261009\research\1245_final_pipeline_v3\recovery_run_20261009\model_candidates.csv,1663,bbb805de2dbb36896e0fb394107d17b481ab3bf3a8ad6ff554fb6ace47dd45ef,2026-10-09T05:20:33.093420+00:00,2026-10-09T05:20:33.094437+00:00
local,C:\Users\admin\Documents\Codex\2026-10-09\6-45-jiae-jeong-lotto-data\work\prediction_1245_v4_clean_20261009\research\1245_final_pipeline_v3\recovery_run_20261009\model_validation_summary.csv,2296,261d5f223590e1521051413050e20da86570c2a0a202f9b716c4124290d54377,2026-10-09T05:20:33.095432+00:00,2026-10-09T05:20:33.096431+00:00
local,C:\Users\admin\Documents\Codex\2026-10-09\6-45-jiae-jeong-lotto-data\work\prediction_1245_v4_clean_20261009\research\1245_final_pipeline_v3\recovery_run_20261009\PIPELINE_ERROR_REPORT.md,2142,4290870e41e5ad938070a614483d3c50f8df5906032dcab2199fc18c2345d9de,2026-10-09T05:20:33.085307+00:00,2026-10-09T05:20:33.087306+00:00
local,C:\Users\admin\Documents\Codex\2026-10-09\6-45-jiae-jeong-lotto-data\work\prediction_1245_v4_clean_20261009\research\1245_final_pipeline_v3\recovery_run_20261009\portfolio_overlap.csv,99,289949a2a72765535f4062c210b274b783d7ea3681852d49b65d1c8a405f812d,2026-10-09T05:20:33.097812+00:00,2026-10-09T05:20:33.098830+00:00
local,C:\Users\admin\Documents\Codex\2026-10-09\6-45-jiae-jeong-lotto-data\work\prediction_1245_v4_clean_20261009\research\1245_final_pipeline_v3\recovery_run_20261009\run_metadata.json,442,3b976c0f30f2cb84d96d9179e7bec5a2d23ef832937fa32176aa2502be74711b,2026-10-09T05:20:33.099977+00:00,2026-10-09T05:20:33.099977+00:00
local,C:\Users\admin\Documents\Codex\2026-10-09\6-45-jiae-jeong-lotto-data\work\prediction_1245_v4_clean_20261009\research\expansion_framework_v1\audit_project.py,6092,2542674f08e842f8d8407074c9b44fffdd73b8ffbd8957baf45a1912b106be72,2026-10-09T05:20:33.116211+00:00,2026-10-09T05:20:33.117211+00:00
local,C:\Users\admin\Documents\Codex\2026-10-09\6-45-jiae-jeong-lotto-data\work\prediction_1245_v4_clean_20261009\research\expansion_framework_v1\data_quality.py,841,9f49fec50527184426e67bd97d0d28336e15a06ad46c3c74a6a555a6694f1043,2026-10-09T05:20:33.118215+00:00,2026-10-09T05:20:33.119195+00:00
local,C:\Users\admin\Documents\Codex\2026-10-09\6-45-jiae-jeong-lotto-data\work\prediction_1245_v4_clean_20261009\research\expansion_framework_v1\GITHUB_SYNC_GUIDE.md,969,d5bdd85fea1c9d09be10b9e24cfd8798e8866b1871b12cf2a0c4e6fa2625846d,2026-10-09T05:20:33.109845+00:00,2026-10-09T05:20:33.109845+00:00
local,C:\Users\admin\Documents\Codex\2026-10-09\6-45-jiae-jeong-lotto-data\work\prediction_1245_v4_clean_20261009\research\expansion_framework_v1\hypothesis_template.py,478,06387096e1d500b33fa14991969d082ee212d1fd207afe2c58bf8b9b1da3d743,2026-10-09T05:20:33.120201+00:00,2026-10-09T05:20:33.121216+00:00
local,C:\Users\admin\Documents\Codex\2026-10-09\6-45-jiae-jeong-lotto-data\work\prediction_1245_v4_clean_20261009\research\expansion_framework_v1\model_family_catalog.csv,1589,0aa34744e35a39f08764677fdff8f82456eadb9c065c1fa14925e7bbf04a5433,2026-10-09T05:20:33.123362+00:00,2026-10-09T05:20:33.123362+00:00
local,C:\Users\admin\Documents\Codex\2026-10-09\6-45-jiae-jeong-lotto-data\work\prediction_1245_v4_clean_20261009\research\expansion_framework_v1\project_audit.md,1078,0b77c052e7cccfdbc152100900e02536fcc9c2a1a19ab73df0d62fd8bd17f3b5,2026-10-09T05:20:33.124749+00:00,2026-10-09T05:20:33.125743+00:00
local,C:\Users\admin\Documents\Codex\2026-10-09\6-45-jiae-jeong-lotto-data\work\prediction_1245_v4_clean_20261009\research\expansion_framework_v1\project_baseline_manifest.csv,5303,f9e74a4b7e15631aaebdfdd7d58ae3ace6df64a8b5d115f4ac32ed35d639c4b2,2026-10-09T05:20:33.125743+00:00,2026-10-09T05:20:33.127123+00:00
local,C:\Users\admin\Documents\Codex\2026-10-09\6-45-jiae-jeong-lotto-data\work\prediction_1245_v4_clean_20261009\research\expansion_framework_v1\README.md,5652,6c58b45a7b7630a35ab74eed5a4f2301673254eab16a98557776b35166214668,2026-10-09T05:20:33.111846+00:00,2026-10-09T05:20:33.111846+00:00
local,C:\Users\admin\Documents\Codex\2026-10-09\6-45-jiae-jeong-lotto-data\work\prediction_1245_v4_clean_20261009\research\expansion_framework_v1\research_registry.csv,752,7d9277f4558a283de34244bdcb3994c16f4b0326c647da9550c4fea0b14d096b,2026-10-09T05:20:33.128557+00:00,2026-10-09T05:20:33.129549+00:00
local,C:\Users\admin\Documents\Codex\2026-10-09\6-45-jiae-jeong-lotto-data\work\prediction_1245_v4_clean_20261009\research\expansion_framework_v1\run_study.py,1698,8776852cf5a40e14125b243a6d9719e1aa4e17d4ab1d5ba67c8dfc0d141a2370,2026-10-09T05:20:33.130553+00:00,2026-10-09T05:20:33.131628+00:00
local,C:\Users\admin\Documents\Codex\2026-10-09\6-45-jiae-jeong-lotto-data\work\prediction_1245_v4_clean_20261009\research\expansion_framework_v1\study_template.md,1314,a1d204d137895d72fd8264cce4cc05c4447c9e28744647b3c54303d5c0a54fb9,2026-10-09T05:20:33.200980+00:00,2026-10-09T05:20:33.202148+00:00
local,C:\Users\admin\Documents\Codex\2026-10-09\6-45-jiae-jeong-lotto-data\work\prediction_1245_v4_clean_20261009\research\expansion_framework_v1\UPLOAD_SHA256_MANIFEST.csv,4295,706aa2b41f5e6a3574604f279fa4cb4e7d7b573f96141518e4b09221175e5c3c,2026-10-09T05:20:33.113041+00:00,2026-10-09T05:20:33.115212+00:00
local,C:\Users\admin\Documents\Codex\2026-10-09\6-45-jiae-jeong-lotto-data\work\prediction_1245_v4_clean_20261009\research\expansion_framework_v1\walkforward_core.py,5463,da7fe19177d31428c7b25a0afc32eab1ad84d7dc5ac8b009f2ce3e95f94b046c,2026-10-09T05:20:33.203497+00:00,2026-10-09T05:20:33.204504+00:00
local,C:\Users\admin\Documents\Codex\2026-10-09\6-45-jiae-jeong-lotto-data\work\prediction_1245_v4_clean_20261009\research\expansion_framework_v1\studies\README.md,179,0767ed1596cc084bd3d25ff02d7f2dcb49c34ad97006c07cf7f054ce38479b18,2026-10-09T05:20:33.132629+00:00,2026-10-09T05:20:33.134120+00:00
local,C:\Users\admin\Documents\Codex\2026-10-09\6-45-jiae-jeong-lotto-data\work\prediction_1245_v4_clean_20261009\research\expansion_framework_v1\studies\study_batch_001\bootstrap_confidence_intervals.csv,3458,1af02366e8f8b6f291a580cf1aa87e230701b0501efcdfcf7b5195ebacd0cb70,2026-10-09T05:20:33.145470+00:00,2026-10-09T05:20:33.146656+00:00
local,C:\Users\admin\Documents\Codex\2026-10-09\6-45-jiae-jeong-lotto-data\work\prediction_1245_v4_clean_20261009\research\expansion_framework_v1\studies\study_batch_001\build_confidence.py,1386,b1851376f7fb9ecceb9aaae47b7f2cf743e588a36492f3eee5588fbc1f2c3fa7,2026-10-09T05:20:33.147767+00:00,2026-10-09T05:20:33.148766+00:00
local,C:\Users\admin\Documents\Codex\2026-10-09\6-45-jiae-jeong-lotto-data\work\prediction_1245_v4_clean_20261009\research\expansion_framework_v1\studies\study_batch_001\build_diagnostics.py,7178,facdd7e360928cabde2b122ed5b29ab23d30f3819ffaf708bb18cd3f2398a533,2026-10-09T05:20:33.149834+00:00,2026-10-09T05:20:33.150834+00:00
local,C:\Users\admin\Documents\Codex\2026-10-09\6-45-jiae-jeong-lotto-data\work\prediction_1245_v4_clean_20261009\research\expansion_framework_v1\studies\study_batch_001\build_rolling_summary.py,1089,d369d2472a348de187d16ad44411b1c47312b270e431678f2408afe1b2c264c6,2026-10-09T05:20:33.151975+00:00,2026-10-09T05:20:33.152975+00:00
local,C:\Users\admin\Documents\Codex\2026-10-09\6-45-jiae-jeong-lotto-data\work\prediction_1245_v4_clean_20261009\research\expansion_framework_v1\studies\study_batch_001\b_model_comparison.csv,6745,14c4f44b6cf95bef701fe2201465b409e6f78d28e4a48ce4da07041a3a432ad7,2026-10-09T05:20:33.141183+00:00,2026-10-09T05:20:33.143465+00:00
local,C:\Users\admin\Documents\Codex\2026-10-09\6-45-jiae-jeong-lotto-data\work\prediction_1245_v4_clean_20261009\research\expansion_framework_v1\studies\study_batch_001\conditional_number_transitions.csv,98702,6fb5bdf77dac6ae69c14aab087db51cdb96f987d2ed0a074ab12c56f63fb7f84,2026-10-09T05:20:33.153983+00:00,2026-10-09T05:20:33.155974+00:00
local,C:\Users\admin\Documents\Codex\2026-10-09\6-45-jiae-jeong-lotto-data\work\prediction_1245_v4_clean_20261009\research\expansion_framework_v1\studies\study_batch_001\failure_registry.csv,13110,eb055bf1217ada60abb090f5d96834ff099c58abfab37a7de3d06c8ab4d1441b,2026-10-09T05:20:33.156973+00:00,2026-10-09T05:20:33.157974+00:00
local,C:\Users\admin\Documents\Codex\2026-10-09\6-45-jiae-jeong-lotto-data\work\prediction_1245_v4_clean_20261009\research\expansion_framework_v1\studies\study_batch_001\model_correlation.csv,3704,722a3818032532e8c405fadc846345a855d617135f83d091f35c7d21c4da002e,2026-10-09T05:20:33.159323+00:00,2026-10-09T05:20:33.160423+00:00
local,C:\Users\admin\Documents\Codex\2026-10-09\6-45-jiae-jeong-lotto-data\work\prediction_1245_v4_clean_20261009\research\expansion_framework_v1\studies\study_batch_001\model_metrics.csv,21834,a4bb098fd69ab8471bdb0c6d90a10c6a2eba286a46292a337d31b2d33adcde96,2026-10-09T05:20:33.160423+00:00,2026-10-09T05:20:33.161744+00:00
local,C:\Users\admin\Documents\Codex\2026-10-09\6-45-jiae-jeong-lotto-data\work\prediction_1245_v4_clean_20261009\research\expansion_framework_v1\studies\study_batch_001\number_temporal_features.csv,13546,612f072b3eb2a583e1eef87be5a0a47c5a9ec357d4d32d163e6b43a8726546af,2026-10-09T05:20:33.161744+00:00,2026-10-09T05:20:33.163086+00:00
local,C:\Users\admin\Documents\Codex\2026-10-09\6-45-jiae-jeong-lotto-data\work\prediction_1245_v4_clean_20261009\research\expansion_framework_v1\studies\study_batch_001\pair_triple_temporal_stability.csv,2377221,50d976be0c57e075ad2500cf84e7e0bca47e1f01fd9365883775e0aee2fec329,2026-10-09T05:20:33.164206+00:00,2026-10-09T05:20:33.171045+00:00
local,C:\Users\admin\Documents\Codex\2026-10-09\6-45-jiae-jeong-lotto-data\work\prediction_1245_v4_clean_20261009\research\expansion_framework_v1\studies\study_batch_001\rolling300_failure_registry.csv,6546,370651640b0e5d38b7fa560373ce9c268cbd343d5303cf13d787fd7dca935c3b,2026-10-09T05:20:33.172366+00:00,2026-10-09T05:20:33.173608+00:00
local,C:\Users\admin\Documents\Codex\2026-10-09\6-45-jiae-jeong-lotto-data\work\prediction_1245_v4_clean_20261009\research\expansion_framework_v1\studies\study_batch_001\rolling300_metrics.csv,9189,52e9e19f6537f8a5ff3742cb67f44cb86a32d81dff9725db20e8e446c1aba5f4,2026-10-09T05:20:33.175530+00:00,2026-10-09T05:20:33.176526+00:00
local,C:\Users\admin\Documents\Codex\2026-10-09\6-45-jiae-jeong-lotto-data\work\prediction_1245_v4_clean_20261009\research\expansion_framework_v1\studies\study_batch_001\rolling300_predictions.csv,541409,87c17ec2496575fc12091fa3dba071d197a61ecfc747494c6f791058f35c43ae,2026-10-09T05:20:33.177529+00:00,2026-10-09T05:20:33.179932+00:00
local,C:\Users\admin\Documents\Codex\2026-10-09\6-45-jiae-jeong-lotto-data\work\prediction_1245_v4_clean_20261009\research\expansion_framework_v1\studies\study_batch_001\rolling300_study_results.csv,9189,52e9e19f6537f8a5ff3742cb67f44cb86a32d81dff9725db20e8e446c1aba5f4,2026-10-09T05:20:33.180943+00:00,2026-10-09T05:20:33.182186+00:00
local,C:\Users\admin\Documents\Codex\2026-10-09\6-45-jiae-jeong-lotto-data\work\prediction_1245_v4_clean_20261009\research\expansion_framework_v1\studies\study_batch_001\run_batch.py,20966,974f5163b95e38389d857f6ec6a2cafdb1c4b847c869f33d49808902914e3eab,2026-10-09T05:20:33.183181+00:00,2026-10-09T05:20:33.184181+00:00
local,C:\Users\admin\Documents\Codex\2026-10-09\6-45-jiae-jeong-lotto-data\work\prediction_1245_v4_clean_20261009\research\expansion_framework_v1\studies\study_batch_001\RUN_GUIDE.md,1183,31779409840dbaf5cb4d2322fe0a74e2513e428fe01df3886cecb0f13d166e84,2026-10-09T05:20:33.136111+00:00,2026-10-09T05:20:33.137454+00:00
local,C:\Users\admin\Documents\Codex\2026-10-09\6-45-jiae-jeong-lotto-data\work\prediction_1245_v4_clean_20261009\research\expansion_framework_v1\studies\study_batch_001\run_rolling300.py,1741,e3ed58172c122951e233dba21e860acd44497d73274b3e8f8b9bf8f843dfcb67,2026-10-09T05:20:33.185183+00:00,2026-10-09T05:20:33.186185+00:00
local,C:\Users\admin\Documents\Codex\2026-10-09\6-45-jiae-jeong-lotto-data\work\prediction_1245_v4_clean_20261009\research\expansion_framework_v1\studies\study_batch_001\structure_transition_analysis.csv,183836,a635b0c059f293ca3a79e004e3461ca46354643b2429e9f1a0ee8c8dd85c9093,2026-10-09T05:20:33.187187+00:00,2026-10-09T05:20:33.188692+00:00
local,C:\Users\admin\Documents\Codex\2026-10-09\6-45-jiae-jeong-lotto-data\work\prediction_1245_v4_clean_20261009\research\expansion_framework_v1\studies\study_batch_001\STUDY_BATCH_001_REPORT.md,8816,a2a6921fcb7f11720c96a86a4a48485bf0d30be0a8ad2a07a36561d51662cb57,2026-10-09T05:20:33.138479+00:00,2026-10-09T05:20:33.139976+00:00
local,C:\Users\admin\Documents\Codex\2026-10-09\6-45-jiae-jeong-lotto-data\work\prediction_1245_v4_clean_20261009\research\expansion_framework_v1\studies\study_batch_001\study_registry.csv,15027,3878bb213c0661cf93bcb8c27549d90e122eae93303afa4c7521094f22e2b873,2026-10-09T05:20:33.190711+00:00,2026-10-09T05:20:33.191721+00:00
local,C:\Users\admin\Documents\Codex\2026-10-09\6-45-jiae-jeong-lotto-data\work\prediction_1245_v4_clean_20261009\research\expansion_framework_v1\studies\study_batch_001\study_results.csv,21834,a4bb098fd69ab8471bdb0c6d90a10c6a2eba286a46292a337d31b2d33adcde96,2026-10-09T05:20:33.192708+00:00,2026-10-09T05:20:33.192708+00:00
local,C:\Users\admin\Documents\Codex\2026-10-09\6-45-jiae-jeong-lotto-data\work\prediction_1245_v4_clean_20261009\research\expansion_framework_v1\studies\study_batch_001\surviving_models.csv,923,6b21627b26dc59ed5819aa4a419cfbff84cbdd5f43ddd8a340333ea5ffd0aad8,2026-10-09T05:20:33.194720+00:00,2026-10-09T05:20:33.194720+00:00
local,C:\Users\admin\Documents\Codex\2026-10-09\6-45-jiae-jeong-lotto-data\work\prediction_1245_v4_clean_20261009\research\expansion_framework_v1\studies\study_batch_001\walkforward_predictions.csv,835839,a5f05084cd1682c12ad720e2e900715089a699d6b45dd3c4fb0c021e55d868ff,2026-10-09T05:20:33.195733+00:00,2026-10-09T05:20:33.199720+00:00
local,C:\Users\admin\Documents\Codex\2026-10-09\6-45-jiae-jeong-lotto-data\work\prediction_1245_v4_clean_20261009\research\prospective_v4\DATA_MANIFEST_V4.csv,2211,107a9818e4cccc9790ede3bb1bfb8215a719ddbeeb85eb9ce8914c99ff66b6e4,2026-10-09T05:20:33.209044+00:00,2026-10-09T05:20:33.210062+00:00
local,C:\Users\admin\Documents\Codex\2026-10-09\6-45-jiae-jeong-lotto-data\work\prediction_1245_v4_clean_20261009\research\prospective_v4\evaluation_v4.py,2567,9fae6c59956ce49489abb9c3ee08df030054254fc95ed1928fafb37cc087f22b,2026-10-09T05:20:33.236783+00:00,2026-10-09T05:20:33.236783+00:00
local,C:\Users\admin\Documents\Codex\2026-10-09\6-45-jiae-jeong-lotto-data\work\prediction_1245_v4_clean_20261009\research\prospective_v4\EVIDENCE_REVIEW_V4.md,3098,4e2439a44a774f571648e5c98fd4d88d1727a1bcd81b7e148c2f7cedde69ee1d,2026-10-09T05:20:33.211077+00:00,2026-10-09T05:20:33.212484+00:00
local,C:\Users\admin\Documents\Codex\2026-10-09\6-45-jiae-jeong-lotto-data\work\prediction_1245_v4_clean_20261009\research\prospective_v4\MODEL_MANIFEST_V4.csv,5195,cf79fdb55d0b40b75d6c724aeb9891345c225040a26dcf455bd1b9ade12bb1f2,2026-10-09T05:20:33.213489+00:00,2026-10-09T05:20:33.214773+00:00
local,C:\Users\admin\Documents\Codex\2026-10-09\6-45-jiae-jeong-lotto-data\work\prediction_1245_v4_clean_20261009\research\prospective_v4\prospective_engine_v4.py,9263,f6ce9f995b7189a73cf54e9036b6053d388f2ea7e3f06a3357769669ee143b44,2026-10-09T05:20:33.242366+00:00,2026-10-09T05:20:33.242366+00:00
local,C:\Users\admin\Documents\Codex\2026-10-09\6-45-jiae-jeong-lotto-data\work\prediction_1245_v4_clean_20261009\research\prospective_v4\PROSPECTIVE_PROTOCOL_V4.md,9338,7addf5c2e2af20638f21e9f7cb930a8dda86e738fe89020c3593cf85e0e98f4b,2026-10-09T05:20:33.215769+00:00,2026-10-09T05:20:33.217768+00:00
local,C:\Users\admin\Documents\Codex\2026-10-09\6-45-jiae-jeong-lotto-data\work\prediction_1245_v4_clean_20261009\research\prospective_v4\RANDOM_BASELINE_V4.json,833,55c64c398ef1ef1b5597233d724eeb4fc4b06a7937a0d218a5d567275f379e92,2026-10-09T05:20:33.218776+00:00,2026-10-09T05:20:33.218776+00:00
local,C:\Users\admin\Documents\Codex\2026-10-09\6-45-jiae-jeong-lotto-data\work\prediction_1245_v4_clean_20261009\research\prospective_v4\RESEARCH_REGISTRY_V4.csv,32643,01e5214150b783e2a352e41d0a6371d0ec7542f76b981941758fc95c3e4b07b4,2026-10-09T05:20:33.221302+00:00,2026-10-09T05:20:33.222286+00:00
local,C:\Users\admin\Documents\Codex\2026-10-09\6-45-jiae-jeong-lotto-data\work\prediction_1245_v4_clean_20261009\research\prospective_v4\RULES_V4.json,2623,b8d3387a38f2480dd0ca0057cf7696f66d420eb444c4d591ed6955a3b0f60dda,2026-10-09T05:20:33.223289+00:00,2026-10-09T05:20:33.225282+00:00
local,C:\Users\admin\Documents\Codex\2026-10-09\6-45-jiae-jeong-lotto-data\work\prediction_1245_v4_clean_20261009\research\prospective_v4\SHA256_MANIFEST_V4.csv,2049,710dba7c0b9047f3575fff64f1ac7d3551f5d8b47818127d3aa61e74803c64c9,2026-10-09T05:20:33.226284+00:00,2026-10-09T05:20:33.227285+00:00
local,C:\Users\admin\Documents\Codex\2026-10-09\6-45-jiae-jeong-lotto-data\work\prediction_1245_v4_clean_20261009\research\prospective_v4\SOURCE_EVIDENCE_INVENTORY_V4.csv,57892,27ad60e261fa1d04c07b6633be77f01f39a5c1b78f313f835653d06ac3155d19,2026-10-09T05:20:33.229317+00:00,2026-10-09T05:20:33.231219+00:00
local,C:\Users\admin\Documents\Codex\2026-10-09\6-45-jiae-jeong-lotto-data\work\prediction_1245_v4_clean_20261009\research\prospective_v4\V4_FREEZE_SEAL.json,4670,6a018e3036187a26ac9bcffda9fd7379d65d86cde84514faa08f4ea349b0f4bb,2026-10-09T05:20:33.232216+00:00,2026-10-09T05:20:33.233717+00:00
local,C:\Users\admin\Documents\Codex\2026-10-09\6-45-jiae-jeong-lotto-data\work\prediction_1245_v4_clean_20261009\research\prospective_v4\VALIDATION_GATES_V4.json,2243,357464e9de933ef042a940da12b3fcdb91206bbfee04645e22e67081fa1e607a,2026-10-09T05:20:33.234729+00:00,2026-10-09T05:20:33.236783+00:00
local,C:\Users\admin\Documents\Codex\2026-10-09\6-45-jiae-jeong-lotto-data\work\prediction_1245_v4_clean_20261009\research\prospective_v4\verify_freeze_v4.py,1996,5511923bb358ece8653d5cdddae67c89888eb867a0e4d9bb7a4cecb7f5989fbd,2026-10-09T05:20:33.242366+00:00,2026-10-09T05:20:33.242366+00:00
local,C:\Users\admin\Documents\Codex\2026-10-09\6-45-jiae-jeong-lotto-data\work\prediction_1245_v4_clean_20261009\research\prospective_v4\predictions\1245\CANDIDATES_1245_V4.csv,184069,4895bb7fc47edb47c45bfdcdec598bc9c45efb23c0eccaf4064d2f7b6206ae0a,2026-10-09T05:23:34.404580+00:00,2026-10-09T05:23:34.411572+00:00
local,C:\Users\admin\Documents\Codex\2026-10-09\6-45-jiae-jeong-lotto-data\work\prediction_1245_v4_clean_20261009\research\prospective_v4\predictions\1245\CANDIDATE_AUDIT_1245_V4.json,3581,c4282cb1d8ded54147fe337c4425d429173026d8ed013ac12ff7311ca85ebc57,2026-10-09T05:23:34.663948+00:00,2026-10-09T05:23:34.664953+00:00
local,C:\Users\admin\Documents\Codex\2026-10-09\6-45-jiae-jeong-lotto-data\work\prediction_1245_v4_clean_20261009\research\prospective_v4\predictions\1245\ENGINE_PREDICTION_1245_V4.json,101402,581b1409044a16985a66c9b8f1bf6edd9b603f26b37c1d92e6f1b48a750a8178,2026-10-09T05:23:33.913507+00:00,2026-10-09T05:23:33.946334+00:00
local,C:\Users\admin\Documents\Codex\2026-10-09\6-45-jiae-jeong-lotto-data\work\prediction_1245_v4_clean_20261009\research\prospective_v4\predictions\1245\EXECUTION_PRESEAL_1245_V4.log,30715,bc2d8ecd1369de3da2514df41eedc0df48c25863f1033e2f74b5639a865c284d,2026-10-09T05:26:56.885197+00:00,2026-10-09T05:26:56.886191+00:00
local,C:\Users\admin\Documents\Codex\2026-10-09\6-45-jiae-jeong-lotto-data\work\prediction_1245_v4_clean_20261009\research\prospective_v4\predictions\1245\FINAL_THREE_LINES_1245_V4.csv,2852,7ce371fe06a2e4b88f249d264e528b518e6da2fe9f54afc52fda0b26551279a0,2026-10-09T05:23:34.620757+00:00,2026-10-09T05:23:34.621738+00:00
local,C:\Users\admin\Documents\Codex\2026-10-09\6-45-jiae-jeong-lotto-data\work\prediction_1245_v4_clean_20261009\research\prospective_v4\predictions\1245\FROZEN_SCORE_CAPTURE_1245_V4.json,3810109,5d2bac7c243a9cbe5cf3966ef253f8cad0e897cd4be510c3734ab52c88e3edc3,2026-10-09T05:23:33.967030+00:00,2026-10-09T05:23:34.175719+00:00
local,C:\Users\admin\Documents\Codex\2026-10-09\6-45-jiae-jeong-lotto-data\work\prediction_1245_v4_clean_20261009\research\prospective_v4\predictions\1245\MODEL_PREDICTIONS_1245_V4.csv,7877,92f72d1b2d83026be102810a283bbe7ac5a4f6cb9659b0d09ae37637d8df9eb6,2026-10-09T05:23:34.394595+00:00,2026-10-09T05:23:34.395591+00:00
local,C:\Users\admin\Documents\Codex\2026-10-09\6-45-jiae-jeong-lotto-data\work\prediction_1245_v4_clean_20261009\research\prospective_v4\predictions\1245\NUMBER_SCORES_1245_V4.csv,219112,529021f777035078985ee208cc7317883cc864f9b926ad48e14da0dfcd217771,2026-10-09T05:23:34.396596+00:00,2026-10-09T05:23:34.402595+00:00
local,C:\Users\admin\Documents\Codex\2026-10-09\6-45-jiae-jeong-lotto-data\work\prediction_1245_v4_clean_20261009\research\prospective_v4\predictions\1245\PREDICTION_1245_V4.json,97103,589a211570e18af87a29a3723b76a0b7a3aed678eae6bcc6a8d029ea49b66f8a,2026-10-09T05:23:34.681498+00:00,2026-10-09T05:23:34.686529+00:00
local,C:\Users\admin\Documents\Codex\2026-10-09\6-45-jiae-jeong-lotto-data\work\prediction_1245_v4_clean_20261009\research\prospective_v4\predictions\1245\PREDICTION_MANIFEST_1245_V4.csv,3579,7f697da2f727bcdeffe4e32f0b1785c7b1df4944b2c31ea23d4cfd13e8e2470d,2026-10-09T05:26:56.937404+00:00,2026-10-09T05:26:56.938401+00:00
local,C:\Users\admin\Documents\Codex\2026-10-09\6-45-jiae-jeong-lotto-data\work\prediction_1245_v4_clean_20261009\research\prospective_v4\predictions\1245\PREDICTION_SEAL_1245_V4.json,9756,5300807aacfba8b37f3f8db5aaf5eefcb7e522e910d79fc016e37bc86ca61fe5,2026-10-09T05:26:56.950988+00:00,2026-10-09T05:26:56.952986+00:00
local,C:\Users\admin\Documents\Codex\2026-10-09\6-45-jiae-jeong-lotto-data\work\prediction_1245_v4_clean_20261009\research\prospective_v4\predictions\1245\RANDOM_BASELINE_1245_V4.json,1276,c7ad364eb66f510418aa086b21b1bc772e5c5ff52f3ce96d946d8e073684b09b,2026-10-09T05:23:34.665961+00:00,2026-10-09T05:23:34.666984+00:00
local,C:\Users\admin\Documents\Codex\2026-10-09\6-45-jiae-jeong-lotto-data\work\prediction_1245_v4_clean_20261009\research\prospective_v4\predictions\1245\README_1245_V4.md,1985,ce678f6eeacfc6c577f3ae8dc93771f0bb31d2eab94b7a084b02e63681756cb4,2026-10-09T05:23:34.687522+00:00,2026-10-09T05:23:34.687522+00:00
local,C:\Users\admin\Documents\Codex\2026-10-09\6-45-jiae-jeong-lotto-data\work\prediction_1245_v4_clean_20261009\research\prospective_v4\predictions\1245\run_prediction_1245_v4.py,16301,2cdd219a511879bcd37b4487a767065f8a9aab17850e4d0a370fda46bfb1a67e,2026-10-09T05:22:40.097198+00:00,2026-10-09T05:23:29.891565+00:00
local,C:\Users\admin\Documents\Codex\2026-10-09\6-45-jiae-jeong-lotto-data\work\prediction_1245_v4_clean_20261009\research\prospective_v4\predictions\1245\SELECTION_TRACE_1245_V4.csv,88423,2de572ba92aa03d70f3e9818ef1c164b0ba878d4998c4390029377facae69ca7,2026-10-09T05:23:34.628451+00:00,2026-10-09T05:23:34.631485+00:00
local,C:\Users\admin\Documents\Codex\2026-10-09\6-45-jiae-jeong-lotto-data\work\prediction_1245_v4_clean_20261009\research\prospective_v4\predictions\1245\STRUCTURE_DIAGNOSTICS_1245_V4.csv,1932811,4ec1e94d9e14221653e5a0203840bad67fd83580d2d9226e868748e16518e570,2026-10-09T05:23:34.632485+00:00,2026-10-09T05:23:34.662926+00:00
local,C:\Users\admin\Documents\Codex\2026-10-09\6-45-jiae-jeong-lotto-data\work\prediction_1245_v4_clean_20261009\research\prospective_v4\predictions\1245\TICKET_SCORES_1245_V4.csv,6906766,1d8b573532f6f4cd96b5314e8686c62d53b1500e83dfae41d4f7e532313899bf,2026-10-09T05:23:34.413570+00:00,2026-10-09T05:23:34.619732+00:00
local,C:\Users\admin\Documents\Codex\2026-10-09\6-45-jiae-jeong-lotto-data\work\prediction_1245_v4_clean_20261009\research\prospective_v4\predictions\1245\VERIFICATION_1245_V4.json,5763,62ed7f1c110aac9e59356055ce1625dbbc67b05408c62addeb63a0efb1c41939,2026-10-09T05:26:56.866176+00:00,2026-10-09T05:26:56.867863+00:00
local,C:\Users\admin\Documents\Codex\2026-10-09\6-45-jiae-jeong-lotto-data\work\prediction_1245_v4_clean_20261009\research\prospective_v4\predictions\1245\verify_prediction_1245_v4.py,12237,1f5a35f390a311dccc92aab52813951f3847b1febfe3c4371eb217d4534e63d7,2026-10-09T05:25:44.138908+00:00,2026-10-09T05:25:44.138908+00:00
local,C:\Users\admin\Documents\Codex\2026-10-09\6-45-jiae-jeong-lotto-data\work\prediction_1245_v4_determinism_verification_only_20261009\CANDIDATES_1245_V4.csv,184069,4895bb7fc47edb47c45bfdcdec598bc9c45efb23c0eccaf4064d2f7b6206ae0a,2026-10-09T05:26:56.007313+00:00,2026-10-09T05:26:56.013309+00:00
local,C:\Users\admin\Documents\Codex\2026-10-09\6-45-jiae-jeong-lotto-data\work\prediction_1245_v4_determinism_verification_only_20261009\CANDIDATE_AUDIT_1245_V4.json,3581,c4282cb1d8ded54147fe337c4425d429173026d8ed013ac12ff7311ca85ebc57,2026-10-09T05:26:56.257867+00:00,2026-10-09T05:26:56.257867+00:00
local,C:\Users\admin\Documents\Codex\2026-10-09\6-45-jiae-jeong-lotto-data\work\prediction_1245_v4_determinism_verification_only_20261009\ENGINE_PREDICTION_1245_V4.json,101402,8e00faac06a55cf993feee10c2393283ff7ea5ae60be3d2926707f474149d801,2026-10-09T05:26:55.521194+00:00,2026-10-09T05:26:55.554196+00:00
local,C:\Users\admin\Documents\Codex\2026-10-09\6-45-jiae-jeong-lotto-data\work\prediction_1245_v4_determinism_verification_only_20261009\FINAL_THREE_LINES_1245_V4.csv,2852,7ce371fe06a2e4b88f249d264e528b518e6da2fe9f54afc52fda0b26551279a0,2026-10-09T05:26:56.218794+00:00,2026-10-09T05:26:56.219784+00:00
local,C:\Users\admin\Documents\Codex\2026-10-09\6-45-jiae-jeong-lotto-data\work\prediction_1245_v4_determinism_verification_only_20261009\FROZEN_SCORE_CAPTURE_1245_V4.json,3810109,5d2bac7c243a9cbe5cf3966ef253f8cad0e897cd4be510c3734ab52c88e3edc3,2026-10-09T05:26:55.577740+00:00,2026-10-09T05:26:55.775217+00:00
local,C:\Users\admin\Documents\Codex\2026-10-09\6-45-jiae-jeong-lotto-data\work\prediction_1245_v4_determinism_verification_only_20261009\MODEL_PREDICTIONS_1245_V4.csv,7877,92f72d1b2d83026be102810a283bbe7ac5a4f6cb9659b0d09ae37637d8df9eb6,2026-10-09T05:26:55.992192+00:00,2026-10-09T05:26:55.993199+00:00
local,C:\Users\admin\Documents\Codex\2026-10-09\6-45-jiae-jeong-lotto-data\work\prediction_1245_v4_determinism_verification_only_20261009\NUMBER_SCORES_1245_V4.csv,219112,529021f777035078985ee208cc7317883cc864f9b926ad48e14da0dfcd217771,2026-10-09T05:26:55.999300+00:00,2026-10-09T05:26:56.006317+00:00
local,C:\Users\admin\Documents\Codex\2026-10-09\6-45-jiae-jeong-lotto-data\work\prediction_1245_v4_determinism_verification_only_20261009\PREDICTION_1245_V4.json,97124,56d5e8925ab8819fee6ca24c9c48823a5a9c253d4ca01d251aad0d5a224fa0f9,2026-10-09T05:26:56.274899+00:00,2026-10-09T05:26:56.279887+00:00
local,C:\Users\admin\Documents\Codex\2026-10-09\6-45-jiae-jeong-lotto-data\work\prediction_1245_v4_determinism_verification_only_20261009\RANDOM_BASELINE_1245_V4.json,1276,c7ad364eb66f510418aa086b21b1bc772e5c5ff52f3ce96d946d8e073684b09b,2026-10-09T05:26:56.260396+00:00,2026-10-09T05:26:56.261417+00:00
local,C:\Users\admin\Documents\Codex\2026-10-09\6-45-jiae-jeong-lotto-data\work\prediction_1245_v4_determinism_verification_only_20261009\README_1245_V4.md,2006,df401b382b15088072b9d0437bf67207e84192c7b7cebc57580608e071bbab5f,2026-10-09T05:26:56.280890+00:00,2026-10-09T05:26:56.281894+00:00
local,C:\Users\admin\Documents\Codex\2026-10-09\6-45-jiae-jeong-lotto-data\work\prediction_1245_v4_determinism_verification_only_20261009\SELECTION_TRACE_1245_V4.csv,88423,2de572ba92aa03d70f3e9818ef1c164b0ba878d4998c4390029377facae69ca7,2026-10-09T05:26:56.220779+00:00,2026-10-09T05:26:56.223768+00:00
local,C:\Users\admin\Documents\Codex\2026-10-09\6-45-jiae-jeong-lotto-data\work\prediction_1245_v4_determinism_verification_only_20261009\STRUCTURE_DIAGNOSTICS_1245_V4.csv,1932811,4ec1e94d9e14221653e5a0203840bad67fd83580d2d9226e868748e16518e570,2026-10-09T05:26:56.224774+00:00,2026-10-09T05:26:56.256865+00:00
local,C:\Users\admin\Documents\Codex\2026-10-09\6-45-jiae-jeong-lotto-data\work\prediction_1245_v4_determinism_verification_only_20261009\TICKET_SCORES_1245_V4.csv,6906766,1d8b573532f6f4cd96b5314e8686c62d53b1500e83dfae41d4f7e532313899bf,2026-10-09T05:26:56.014310+00:00,2026-10-09T05:26:56.216791+00:00
local,C:\Users\admin\Documents\Codex\2026-10-09\6-45-jiae-jeong-lotto-data\work\prediction_1245_v4_remote_verified_20261009\lotto_data.csv,43234,243cd17e6b97a2d96709ddfc689a068038669341a52dcc0743c141d309e43b9f,2026-10-09T05:29:09.997613+00:00,2026-10-09T05:29:09.998617+00:00
local,C:\Users\admin\Documents\Codex\2026-10-09\6-45-jiae-jeong-lotto-data\work\prediction_1245_v4_remote_verified_20261009\research\1245_final_pipeline_v3\recovered_original_assets\b_model_backtest.py,27977,3ecf4fb805c2448e49c39e01174b3a112d4865c7ff1a31157437515b78be47cb,2026-10-09T05:29:09.959689+00:00,2026-10-09T05:29:09.961672+00:00
local,C:\Users\admin\Documents\Codex\2026-10-09\6-45-jiae-jeong-lotto-data\work\prediction_1245_v4_remote_verified_20261009\research\1245_final_pipeline_v3\recovered_original_assets\outputs\b_model_50_round_trends.csv,6264,199bd09e71f9f7171b2c26ee68a7eb8afd40edcd17a1f8907dd09c2a4e7f57df,2026-10-09T05:29:09.871761+00:00,2026-10-09T05:29:09.872868+00:00
local,C:\Users\admin\Documents\Codex\2026-10-09\6-45-jiae-jeong-lotto-data\work\prediction_1245_v4_remote_verified_20261009\research\1245_final_pipeline_v3\recovered_original_assets\outputs\b_model_classification.csv,3509,2c7a8030b0129eef55137852a8e5e297d916239c46a8fc9bbe0e0c467ecf9ff2,2026-10-09T05:29:10.017924+00:00,2026-10-09T05:29:10.019906+00:00
local,C:\Users\admin\Documents\Codex\2026-10-09\6-45-jiae-jeong-lotto-data\work\prediction_1245_v4_remote_verified_20261009\research\1245_final_pipeline_v3\recovered_original_assets\outputs\b_model_holdout_metrics.csv,113856,147765c9f3353deac5cc5c91e37ce0f80a7e4608c9e29738d4724130df5bc2a4,2026-10-09T05:29:09.823533+00:00,2026-10-09T05:29:09.824523+00:00
local,C:\Users\admin\Documents\Codex\2026-10-09\6-45-jiae-jeong-lotto-data\work\prediction_1245_v4_remote_verified_20261009\research\1245_final_pipeline_v3\recovered_original_assets\outputs\b_model_predictions.csv,3236859,088685b5c30275c2640dfda2001beb99cebf5855156ae54ad5e0f6f170cf39be,2026-10-09T05:29:09.927330+00:00,2026-10-09T05:29:09.932510+00:00
local,C:\Users\admin\Documents\Codex\2026-10-09\6-45-jiae-jeong-lotto-data\work\prediction_1245_v4_remote_verified_20261009\research\1245_final_pipeline_v3\recovered_original_assets\outputs\OUTPUT_SHA256.csv,1270,f122d0b9a995a76b031a2e5f881f33e39b51ac7804e608505e0bb991d2a73852,2026-10-09T05:29:09.842963+00:00,2026-10-09T05:29:09.844965+00:00
local,C:\Users\admin\Documents\Codex\2026-10-09\6-45-jiae-jeong-lotto-data\work\prediction_1245_v4_remote_verified_20261009\research\1245_final_pipeline_v3\recovered_original_assets\outputs\RECOVERY_README.md,2318,c1eff0ff2bc82ecadcd6db82582f942203a7126ecd766fbcb25df6a1befe9948,2026-10-09T05:29:09.991609+00:00,2026-10-09T05:29:09.993614+00:00
local,C:\Users\admin\Documents\Codex\2026-10-09\6-45-jiae-jeong-lotto-data\work\prediction_1245_v4_remote_verified_20261009\research\prospective_v4\DATA_MANIFEST_V4.csv,2211,107a9818e4cccc9790ede3bb1bfb8215a719ddbeeb85eb9ce8914c99ff66b6e4,2026-10-09T05:29:09.884413+00:00,2026-10-09T05:29:09.885443+00:00
local,C:\Users\admin\Documents\Codex\2026-10-09\6-45-jiae-jeong-lotto-data\work\prediction_1245_v4_remote_verified_20261009\research\prospective_v4\evaluation_v4.py,2567,9fae6c59956ce49489abb9c3ee08df030054254fc95ed1928fafb37cc087f22b,2026-10-09T05:29:10.033444+00:00,2026-10-09T05:29:10.034461+00:00
local,C:\Users\admin\Documents\Codex\2026-10-09\6-45-jiae-jeong-lotto-data\work\prediction_1245_v4_remote_verified_20261009\research\prospective_v4\EVIDENCE_REVIEW_V4.md,3098,4e2439a44a774f571648e5c98fd4d88d1727a1bcd81b7e148c2f7cedde69ee1d,2026-10-09T05:29:10.046186+00:00,2026-10-09T05:29:10.047210+00:00
local,C:\Users\admin\Documents\Codex\2026-10-09\6-45-jiae-jeong-lotto-data\work\prediction_1245_v4_remote_verified_20261009\research\prospective_v4\MODEL_MANIFEST_V4.csv,5195,cf79fdb55d0b40b75d6c724aeb9891345c225040a26dcf455bd1b9ade12bb1f2,2026-10-09T05:29:09.985075+00:00,2026-10-09T05:29:09.987055+00:00
local,C:\Users\admin\Documents\Codex\2026-10-09\6-45-jiae-jeong-lotto-data\work\prediction_1245_v4_remote_verified_20261009\research\prospective_v4\prospective_engine_v4.py,9263,f6ce9f995b7189a73cf54e9036b6053d388f2ea7e3f06a3357769669ee143b44,2026-10-09T05:29:09.849973+00:00,2026-10-09T05:29:09.850965+00:00
local,C:\Users\admin\Documents\Codex\2026-10-09\6-45-jiae-jeong-lotto-data\work\prediction_1245_v4_remote_verified_20261009\research\prospective_v4\PROSPECTIVE_PROTOCOL_V4.md,9338,7addf5c2e2af20638f21e9f7cb930a8dda86e738fe89020c3593cf85e0e98f4b,2026-10-09T05:29:09.890976+00:00,2026-10-09T05:29:09.890976+00:00
local,C:\Users\admin\Documents\Codex\2026-10-09\6-45-jiae-jeong-lotto-data\work\prediction_1245_v4_remote_verified_20261009\research\prospective_v4\RANDOM_BASELINE_V4.json,833,55c64c398ef1ef1b5597233d724eeb4fc4b06a7937a0d218a5d567275f379e92,2026-10-09T05:29:09.876989+00:00,2026-10-09T05:29:09.879375+00:00
local,C:\Users\admin\Documents\Codex\2026-10-09\6-45-jiae-jeong-lotto-data\work\prediction_1245_v4_remote_verified_20261009\research\prospective_v4\RESEARCH_REGISTRY_V4.csv,32643,01e5214150b783e2a352e41d0a6371d0ec7542f76b981941758fc95c3e4b07b4,2026-10-09T05:29:09.808136+00:00,2026-10-09T05:29:09.809128+00:00
local,C:\Users\admin\Documents\Codex\2026-10-09\6-45-jiae-jeong-lotto-data\work\prediction_1245_v4_remote_verified_20261009\research\prospective_v4\RULES_V4.json,2623,b8d3387a38f2480dd0ca0057cf7696f66d420eb444c4d591ed6955a3b0f60dda,2026-10-09T05:29:09.866131+00:00,2026-10-09T05:29:09.867148+00:00
local,C:\Users\admin\Documents\Codex\2026-10-09\6-45-jiae-jeong-lotto-data\work\prediction_1245_v4_remote_verified_20261009\research\prospective_v4\SHA256_MANIFEST_V4.csv,2049,710dba7c0b9047f3575fff64f1ac7d3551f5d8b47818127d3aa61e74803c64c9,2026-10-09T05:29:10.012899+00:00,2026-10-09T05:29:10.013900+00:00
local,C:\Users\admin\Documents\Codex\2026-10-09\6-45-jiae-jeong-lotto-data\work\prediction_1245_v4_remote_verified_20261009\research\prospective_v4\SOURCE_EVIDENCE_INVENTORY_V4.csv,57892,27ad60e261fa1d04c07b6633be77f01f39a5c1b78f313f835653d06ac3155d19,2026-10-09T05:29:09.908585+00:00,2026-10-09T05:29:09.909589+00:00
local,C:\Users\admin\Documents\Codex\2026-10-09\6-45-jiae-jeong-lotto-data\work\prediction_1245_v4_remote_verified_20261009\research\prospective_v4\V4_FREEZE_SEAL.json,4670,6a018e3036187a26ac9bcffda9fd7379d65d86cde84514faa08f4ea349b0f4bb,2026-10-09T05:29:10.024466+00:00,2026-10-09T05:29:10.025458+00:00
local,C:\Users\admin\Documents\Codex\2026-10-09\6-45-jiae-jeong-lotto-data\work\prediction_1245_v4_remote_verified_20261009\research\prospective_v4\VALIDATION_GATES_V4.json,2243,357464e9de933ef042a940da12b3fcdb91206bbfee04645e22e67081fa1e607a,2026-10-09T05:29:10.039443+00:00,2026-10-09T05:29:10.041450+00:00
local,C:\Users\admin\Documents\Codex\2026-10-09\6-45-jiae-jeong-lotto-data\work\prediction_1245_v4_remote_verified_20261009\research\prospective_v4\verify_freeze_v4.py,1996,5511923bb358ece8653d5cdddae67c89888eb867a0e4d9bb7a4cecb7f5989fbd,2026-10-09T05:29:09.978852+00:00,2026-10-09T05:29:09.981026+00:00
local,C:\Users\admin\Documents\Codex\2026-10-09\6-45-jiae-jeong-lotto-data\work\prediction_1245_v4_remote_verified_20261009\research\prospective_v4\predictions\1245\CANDIDATES_1245_V4.csv,184069,4895bb7fc47edb47c45bfdcdec598bc9c45efb23c0eccaf4064d2f7b6206ae0a,2026-10-09T05:29:02.743994+00:00,2026-10-09T05:29:02.775064+00:00
local,C:\Users\admin\Documents\Codex\2026-10-09\6-45-jiae-jeong-lotto-data\work\prediction_1245_v4_remote_verified_20261009\research\prospective_v4\predictions\1245\CANDIDATE_AUDIT_1245_V4.json,3581,c4282cb1d8ded54147fe337c4425d429173026d8ed013ac12ff7311ca85ebc57,2026-10-09T05:29:02.384574+00:00,2026-10-09T05:29:02.386600+00:00
local,C:\Users\admin\Documents\Codex\2026-10-09\6-45-jiae-jeong-lotto-data\work\prediction_1245_v4_remote_verified_20261009\research\prospective_v4\predictions\1245\ENGINE_PREDICTION_1245_V4.json,101402,581b1409044a16985a66c9b8f1bf6edd9b603f26b37c1d92e6f1b48a750a8178,2026-10-09T05:29:03.054148+00:00,2026-10-09T05:29:03.074644+00:00
local,C:\Users\admin\Documents\Codex\2026-10-09\6-45-jiae-jeong-lotto-data\work\prediction_1245_v4_remote_verified_20261009\research\prospective_v4\predictions\1245\EXECUTION_PRESEAL_1245_V4.log,30715,bc2d8ecd1369de3da2514df41eedc0df48c25863f1033e2f74b5639a865c284d,2026-10-09T05:29:03.371085+00:00,2026-10-09T05:29:03.374448+00:00
local,C:\Users\admin\Documents\Codex\2026-10-09\6-45-jiae-jeong-lotto-data\work\prediction_1245_v4_remote_verified_20261009\research\prospective_v4\predictions\1245\FINAL_THREE_LINES_1245_V4.csv,2852,7ce371fe06a2e4b88f249d264e528b518e6da2fe9f54afc52fda0b26551279a0,2026-10-09T05:29:03.677684+00:00,2026-10-09T05:29:03.684721+00:00
local,C:\Users\admin\Documents\Codex\2026-10-09\6-45-jiae-jeong-lotto-data\work\prediction_1245_v4_remote_verified_20261009\research\prospective_v4\predictions\1245\FROZEN_SCORE_CAPTURE_1245_V4.json,3810109,5d2bac7c243a9cbe5cf3966ef253f8cad0e897cd4be510c3734ab52c88e3edc3,2026-10-09T05:29:04.042015+00:00,2026-10-09T05:29:04.532458+00:00
local,C:\Users\admin\Documents\Codex\2026-10-09\6-45-jiae-jeong-lotto-data\work\prediction_1245_v4_remote_verified_20261009\research\prospective_v4\predictions\1245\MODEL_PREDICTIONS_1245_V4.csv,7877,92f72d1b2d83026be102810a283bbe7ac5a4f6cb9659b0d09ae37637d8df9eb6,2026-10-09T05:29:04.815262+00:00,2026-10-09T05:29:04.817271+00:00
local,C:\Users\admin\Documents\Codex\2026-10-09\6-45-jiae-jeong-lotto-data\work\prediction_1245_v4_remote_verified_20261009\research\prospective_v4\predictions\1245\NUMBER_SCORES_1245_V4.csv,219112,529021f777035078985ee208cc7317883cc864f9b926ad48e14da0dfcd217771,2026-10-09T05:29:05.100120+00:00,2026-10-09T05:29:05.122993+00:00
local,C:\Users\admin\Documents\Codex\2026-10-09\6-45-jiae-jeong-lotto-data\work\prediction_1245_v4_remote_verified_20261009\research\prospective_v4\predictions\1245\PREDICTION_1245_V4.json,97103,589a211570e18af87a29a3723b76a0b7a3aed678eae6bcc6a8d029ea49b66f8a,2026-10-09T05:29:05.390523+00:00,2026-10-09T05:29:05.404161+00:00
local,C:\Users\admin\Documents\Codex\2026-10-09\6-45-jiae-jeong-lotto-data\work\prediction_1245_v4_remote_verified_20261009\research\prospective_v4\predictions\1245\PREDICTION_MANIFEST_1245_V4.csv,3579,7f697da2f727bcdeffe4e32f0b1785c7b1df4944b2c31ea23d4cfd13e8e2470d,2026-10-09T05:29:05.680611+00:00,2026-10-09T05:29:05.680611+00:00
local,C:\Users\admin\Documents\Codex\2026-10-09\6-45-jiae-jeong-lotto-data\work\prediction_1245_v4_remote_verified_20261009\research\prospective_v4\predictions\1245\PREDICTION_SEAL_1245_V4.json,9756,5300807aacfba8b37f3f8db5aaf5eefcb7e522e910d79fc016e37bc86ca61fe5,2026-10-09T05:29:05.955470+00:00,2026-10-09T05:29:05.957291+00:00
local,C:\Users\admin\Documents\Codex\2026-10-09\6-45-jiae-jeong-lotto-data\work\prediction_1245_v4_remote_verified_20261009\research\prospective_v4\predictions\1245\RANDOM_BASELINE_1245_V4.json,1276,c7ad364eb66f510418aa086b21b1bc772e5c5ff52f3ce96d946d8e073684b09b,2026-10-09T05:29:06.244318+00:00,2026-10-09T05:29:06.244318+00:00
local,C:\Users\admin\Documents\Codex\2026-10-09\6-45-jiae-jeong-lotto-data\work\prediction_1245_v4_remote_verified_20261009\research\prospective_v4\predictions\1245\README_1245_V4.md,1985,ce678f6eeacfc6c577f3ae8dc93771f0bb31d2eab94b7a084b02e63681756cb4,2026-10-09T05:29:06.523134+00:00,2026-10-09T05:29:06.523134+00:00
local,C:\Users\admin\Documents\Codex\2026-10-09\6-45-jiae-jeong-lotto-data\work\prediction_1245_v4_remote_verified_20261009\research\prospective_v4\predictions\1245\run_prediction_1245_v4.py,16301,2cdd219a511879bcd37b4487a767065f8a9aab17850e4d0a370fda46bfb1a67e,2026-10-09T05:29:06.818727+00:00,2026-10-09T05:29:06.818727+00:00
local,C:\Users\admin\Documents\Codex\2026-10-09\6-45-jiae-jeong-lotto-data\work\prediction_1245_v4_remote_verified_20261009\research\prospective_v4\predictions\1245\SELECTION_TRACE_1245_V4.csv,88423,2de572ba92aa03d70f3e9818ef1c164b0ba878d4998c4390029377facae69ca7,2026-10-09T05:29:07.123349+00:00,2026-10-09T05:29:07.130443+00:00
local,C:\Users\admin\Documents\Codex\2026-10-09\6-45-jiae-jeong-lotto-data\work\prediction_1245_v4_remote_verified_20261009\research\prospective_v4\predictions\1245\STRUCTURE_DIAGNOSTICS_1245_V4.csv,1932811,4ec1e94d9e14221653e5a0203840bad67fd83580d2d9226e868748e16518e570,2026-10-09T05:29:07.473843+00:00,2026-10-09T05:29:07.708359+00:00
local,C:\Users\admin\Documents\Codex\2026-10-09\6-45-jiae-jeong-lotto-data\work\prediction_1245_v4_remote_verified_20261009\research\prospective_v4\predictions\1245\TICKET_SCORES_1245_V4.csv,6906766,1d8b573532f6f4cd96b5314e8686c62d53b1500e83dfae41d4f7e532313899bf,2026-10-09T05:29:08.398361+00:00,2026-10-09T05:29:09.225467+00:00
local,C:\Users\admin\Documents\Codex\2026-10-09\6-45-jiae-jeong-lotto-data\work\prediction_1245_v4_remote_verified_20261009\research\prospective_v4\predictions\1245\VERIFICATION_1245_V4.json,5763,62ed7f1c110aac9e59356055ce1625dbbc67b05408c62addeb63a0efb1c41939,2026-10-09T05:29:09.505958+00:00,2026-10-09T05:29:09.509968+00:00
local,C:\Users\admin\Documents\Codex\2026-10-09\6-45-jiae-jeong-lotto-data\work\prediction_1245_v4_remote_verified_20261009\research\prospective_v4\predictions\1245\verify_prediction_1245_v4.py,12237,1f5a35f390a311dccc92aab52813951f3847b1febfe3c4371eb217d4534e63d7,2026-10-09T05:29:09.786057+00:00,2026-10-09T05:29:09.787091+00:00
local,C:\Users\admin\Documents\Codex\2026-10-09\6-45-jiae-jeong-lotto-data\work\primary_mode_1245_v4_clean_20261009\lotto_data.csv,43234,243cd17e6b97a2d96709ddfc689a068038669341a52dcc0743c141d309e43b9f,2026-10-09T06:03:11.469822+00:00,2026-10-09T06:03:11.471975+00:00
local,C:\Users\admin\Documents\Codex\2026-10-09\6-45-jiae-jeong-lotto-data\work\primary_mode_1245_v4_clean_20261009\LOTTO_PROJECT_PROTOCOL.md,17769,c218df7fa2f8cddfefde025015998c476c7ca363fa57694f5ab8933de14448d9,2026-10-09T06:03:11.459758+00:00,2026-10-09T06:03:11.459758+00:00
local,C:\Users\admin\Documents\Codex\2026-10-09\6-45-jiae-jeong-lotto-data\work\primary_mode_1245_v4_clean_20261009\lotto_project_state_2026-10-06.md,8343,c9e27300662549b42f58462e6c6c6c5438c2eb60a31eab4d94a66adf2c42f925,2026-10-09T06:03:11.472746+00:00,2026-10-09T06:03:11.472746+00:00
local,C:\Users\admin\Documents\Codex\2026-10-09\6-45-jiae-jeong-lotto-data\work\primary_mode_1245_v4_clean_20261009\analysis\2026-10-06\B_MODEL_RESULTS.md,2301,34e54b5a62493044333df85e8d54f9272e088021cba6f8287abcfb197e637ac8,2026-10-09T06:03:11.459758+00:00,2026-10-09T06:03:11.459758+00:00
local,C:\Users\admin\Documents\Codex\2026-10-09\6-45-jiae-jeong-lotto-data\work\primary_mode_1245_v4_clean_20261009\outputs\B_MODEL_REPRODUCTION_FINAL_VERIFICATION_20261009_v1.json,703,aa59f25e802d554b0fa865d1141e0458e67e46255845b19ad220b4f158223423,2026-10-09T12:12:27.546898+00:00,2026-10-09T12:12:27.560708+00:00
local,C:\Users\admin\Documents\Codex\2026-10-09\6-45-jiae-jeong-lotto-data\work\primary_mode_1245_v4_clean_20261009\outputs\B_MODEL_REPRODUCTION_20261009_v1\AUDIT_SHA256.csv,4058,1f2f234b957b2ca4a802a6354fe8ca10c026baecc91b8fea55d6d1f42d888ed1,2026-10-09T12:12:27.102982+00:00,2026-10-09T12:12:27.104266+00:00
local,C:\Users\admin\Documents\Codex\2026-10-09\6-45-jiae-jeong-lotto-data\work\primary_mode_1245_v4_clean_20261009\outputs\B_MODEL_REPRODUCTION_20261009_v1\AUDIT_UNIQUE_AND_RECENT_B_SCORES.csv,11158,c9660348644f80c1febce9fe1cac271e0adf4faa03161086c725b84b76ca91bb,2026-10-09T12:12:27.110401+00:00,2026-10-09T12:12:27.111889+00:00
local,C:\Users\admin\Documents\Codex\2026-10-09\6-45-jiae-jeong-lotto-data\work\primary_mode_1245_v4_clean_20261009\outputs\B_MODEL_REPRODUCTION_20261009_v1\b_model_50_round_trends.csv,6264,199bd09e71f9f7171b2c26ee68a7eb8afd40edcd17a1f8907dd09c2a4e7f57df,2026-10-09T12:12:27.134470+00:00,2026-10-09T12:12:27.134470+00:00
local,C:\Users\admin\Documents\Codex\2026-10-09\6-45-jiae-jeong-lotto-data\work\primary_mode_1245_v4_clean_20261009\outputs\B_MODEL_REPRODUCTION_20261009_v1\b_model_backtest_report.md,10972,b9e3804e02f2c4fed548222b77cf90ff58083d54f184cb4bbee0c5b20489994a,2026-10-09T12:12:27.139794+00:00,2026-10-09T12:12:27.140791+00:00
local,C:\Users\admin\Documents\Codex\2026-10-09\6-45-jiae-jeong-lotto-data\work\primary_mode_1245_v4_clean_20261009\outputs\B_MODEL_REPRODUCTION_20261009_v1\b_model_classification.csv,3509,2c7a8030b0129eef55137852a8e5e297d916239c46a8fc9bbe0e0c467ecf9ff2,2026-10-09T12:12:27.153256+00:00,2026-10-09T12:12:27.153256+00:00
local,C:\Users\admin\Documents\Codex\2026-10-09\6-45-jiae-jeong-lotto-data\work\primary_mode_1245_v4_clean_20261009\outputs\B_MODEL_REPRODUCTION_20261009_v1\b_model_holdout_metrics.csv,113856,147765c9f3353deac5cc5c91e37ce0f80a7e4608c9e29738d4724130df5bc2a4,2026-10-09T12:12:27.158831+00:00,2026-10-09T12:12:27.159838+00:00
local,C:\Users\admin\Documents\Codex\2026-10-09\6-45-jiae-jeong-lotto-data\work\primary_mode_1245_v4_clean_20261009\outputs\B_MODEL_REPRODUCTION_20261009_v1\b_model_predictions.csv,3236859,088685b5c30275c2640dfda2001beb99cebf5855156ae54ad5e0f6f170cf39be,2026-10-09T12:12:27.180304+00:00,2026-10-09T12:12:27.187324+00:00
local,C:\Users\admin\Documents\Codex\2026-10-09\6-45-jiae-jeong-lotto-data\work\primary_mode_1245_v4_clean_20261009\outputs\B_MODEL_REPRODUCTION_20261009_v1\B_MODEL_REPRODUCIBILITY_AUDIT_20261009_v1.md,25178,6518c939b09d0c2287a895fa2572214c9671572114a024b171d3bad3a547bf30,2026-10-09T12:12:27.216911+00:00,2026-10-09T12:12:27.217903+00:00
local,C:\Users\admin\Documents\Codex\2026-10-09\6-45-jiae-jeong-lotto-data\work\primary_mode_1245_v4_clean_20261009\outputs\B_MODEL_REPRODUCTION_20261009_v1\CORE_VERIFICATION.json,6114,188880fd74346d0235daa109ba4b6877efa028b6381de42ef7d3ed6606b7ea3e,2026-10-09T12:12:27.234290+00:00,2026-10-09T12:12:27.236682+00:00
local,C:\Users\admin\Documents\Codex\2026-10-09\6-45-jiae-jeong-lotto-data\work\primary_mode_1245_v4_clean_20261009\outputs\B_MODEL_REPRODUCTION_20261009_v1\DIRECT_PATH_DIAGNOSTIC_STDERR.log,1382,dd02baf3af5cb165e61b69620f0cf0775678e89b20c37b31f1bfdbce4c45f59b,2026-10-09T12:12:27.241719+00:00,2026-10-09T12:12:27.242697+00:00
local,C:\Users\admin\Documents\Codex\2026-10-09\6-45-jiae-jeong-lotto-data\work\primary_mode_1245_v4_clean_20261009\outputs\B_MODEL_REPRODUCTION_20261009_v1\DIRECT_PATH_DIAGNOSTIC_STDOUT.log,0,e3b0c44298fc1c149afbf4c8996fb92427ae41e4649b934ca495991b7852b855,2026-10-09T12:12:27.250095+00:00,2026-10-09T12:12:27.250095+00:00
local,C:\Users\admin\Documents\Codex\2026-10-09\6-45-jiae-jeong-lotto-data\work\primary_mode_1245_v4_clean_20261009\outputs\B_MODEL_REPRODUCTION_20261009_v1\DIVERGENT_RESULT_INVESTIGATION.json,6572,687071fa38fc579d2277cf1e5fbefcea1d2481c5c466180dc1ca2a2279f49a1c,2026-10-09T12:12:27.253436+00:00,2026-10-09T12:12:27.253436+00:00
local,C:\Users\admin\Documents\Codex\2026-10-09\6-45-jiae-jeong-lotto-data\work\primary_mode_1245_v4_clean_20261009\outputs\B_MODEL_REPRODUCTION_20261009_v1\ENVIRONMENT_FAILURE_CHECKS.json,1184,956f69609dc5bf84b2e97c28ed8fd4206b87267160901ea9a6bfb61794d4120d,2026-10-09T12:12:27.258436+00:00,2026-10-09T12:12:27.260437+00:00
local,C:\Users\admin\Documents\Codex\2026-10-09\6-45-jiae-jeong-lotto-data\work\primary_mode_1245_v4_clean_20261009\outputs\B_MODEL_REPRODUCTION_20261009_v1\ERROR_AND_LIMITATION_REGISTER.json,4767,312984876146bd57d9e2634e54e72ea7660f82a5c1723c35d4091823c6db4306,2026-10-09T12:12:27.265771+00:00,2026-10-09T12:12:27.267162+00:00
local,C:\Users\admin\Documents\Codex\2026-10-09\6-45-jiae-jeong-lotto-data\work\primary_mode_1245_v4_clean_20261009\outputs\B_MODEL_REPRODUCTION_20261009_v1\EXACT_RANDOM_BASELINE_VALIDATION.json,2622,f663c062a19316dcfa50bb235a626b6a8379f1f3782d1730bcc9cf84f8dd8529,2026-10-09T12:12:27.271417+00:00,2026-10-09T12:12:27.272441+00:00
local,C:\Users\admin\Documents\Codex\2026-10-09\6-45-jiae-jeong-lotto-data\work\primary_mode_1245_v4_clean_20261009\outputs\B_MODEL_REPRODUCTION_20261009_v1\EXECUTED_b_model_backtest.py,27977,3ecf4fb805c2448e49c39e01174b3a112d4865c7ff1a31157437515b78be47cb,2026-10-09T12:12:27.277654+00:00,2026-10-09T12:12:27.278654+00:00
local,C:\Users\admin\Documents\Codex\2026-10-09\6-45-jiae-jeong-lotto-data\work\primary_mode_1245_v4_clean_20261009\outputs\B_MODEL_REPRODUCTION_20261009_v1\EXECUTED_INPUT_lotto_data.csv,43234,243cd17e6b97a2d96709ddfc689a068038669341a52dcc0743c141d309e43b9f,2026-10-09T12:12:27.305548+00:00,2026-10-09T12:12:27.305548+00:00
local,C:\Users\admin\Documents\Codex\2026-10-09\6-45-jiae-jeong-lotto-data\work\primary_mode_1245_v4_clean_20261009\outputs\B_MODEL_REPRODUCTION_20261009_v1\EXECUTION_RESULT.json,1041,a47127e139cf965311d3901c9a2d2488a805d6e0169972ab440d66264cd809c6,2026-10-09T12:12:27.320023+00:00,2026-10-09T12:12:27.321023+00:00
local,C:\Users\admin\Documents\Codex\2026-10-09\6-45-jiae-jeong-lotto-data\work\primary_mode_1245_v4_clean_20261009\outputs\B_MODEL_REPRODUCTION_20261009_v1\EXECUTION_STDERR.log,0,e3b0c44298fc1c149afbf4c8996fb92427ae41e4649b934ca495991b7852b855,2026-10-09T12:12:27.326550+00:00,2026-10-09T12:12:27.326550+00:00
local,C:\Users\admin\Documents\Codex\2026-10-09\6-45-jiae-jeong-lotto-data\work\primary_mode_1245_v4_clean_20261009\outputs\B_MODEL_REPRODUCTION_20261009_v1\EXECUTION_STDOUT.log,1017,e2233cceacb98714b962b8bd24db874e4a7b4e264a3276e2a32f6225ac14898d,2026-10-09T12:12:27.329809+00:00,2026-10-09T12:12:27.331830+00:00
local,C:\Users\admin\Documents\Codex\2026-10-09\6-45-jiae-jeong-lotto-data\work\primary_mode_1245_v4_clean_20261009\outputs\B_MODEL_REPRODUCTION_20261009_v1\EXISTING_ASSETS_AFTER.json,24680,6ccaa17df814593249f44215cb404777ddc02f74db632602caa8d807044a912e,2026-10-09T12:12:27.363954+00:00,2026-10-09T12:12:27.366400+00:00
local,C:\Users\admin\Documents\Codex\2026-10-09\6-45-jiae-jeong-lotto-data\work\primary_mode_1245_v4_clean_20261009\outputs\B_MODEL_REPRODUCTION_20261009_v1\EXISTING_ASSETS_BEFORE.json,28247,306d965850f52fc10ea550503e7ac1df37044d90f2ceacade3620c970147e7c1,2026-10-09T12:12:27.383505+00:00,2026-10-09T12:12:27.383505+00:00
local,C:\Users\admin\Documents\Codex\2026-10-09\6-45-jiae-jeong-lotto-data\work\primary_mode_1245_v4_clean_20261009\outputs\B_MODEL_REPRODUCTION_20261009_v1\EXISTING_ASSET_METADATA.csv,20870,b67e28f176c93939f54703afe7ea73bac212744b40616c51963e7b5de4d07aaa,2026-10-09T12:12:27.337319+00:00,2026-10-09T12:12:27.338297+00:00
local,C:\Users\admin\Documents\Codex\2026-10-09\6-45-jiae-jeong-lotto-data\work\primary_mode_1245_v4_clean_20261009\outputs\B_MODEL_REPRODUCTION_20261009_v1\GIT_AFTER.json,2179,52ce927a2a730a9031eeb922ddbb469c85009ed0a6d9487858b9075d23b3c043,2026-10-09T12:12:27.398798+00:00,2026-10-09T12:12:27.399815+00:00
local,C:\Users\admin\Documents\Codex\2026-10-09\6-45-jiae-jeong-lotto-data\work\primary_mode_1245_v4_clean_20261009\outputs\B_MODEL_REPRODUCTION_20261009_v1\GIT_BEFORE.json,2179,52ce927a2a730a9031eeb922ddbb469c85009ed0a6d9487858b9075d23b3c043,2026-10-09T12:12:27.405282+00:00,2026-10-09T12:12:27.406294+00:00
local,C:\Users\admin\Documents\Codex\2026-10-09\6-45-jiae-jeong-lotto-data\work\primary_mode_1245_v4_clean_20261009\outputs\B_MODEL_REPRODUCTION_20261009_v1\INPUT_VALIDATION.json,573,5d63eb79c0198bdce84e59d0cf2895a9f48506cc2b9fc23e76630ca6f5df808f,2026-10-09T12:12:27.410801+00:00,2026-10-09T12:12:27.411820+00:00
local,C:\Users\admin\Documents\Codex\2026-10-09\6-45-jiae-jeong-lotto-data\work\primary_mode_1245_v4_clean_20261009\outputs\B_MODEL_REPRODUCTION_20261009_v1\LEAKAGE_RUNTIME_SAMPLES.csv,7077,d26132f309c58dd9b00214cea10232d82517e49cec76f7556087866b28594bff,2026-10-09T12:12:27.416312+00:00,2026-10-09T12:12:27.418704+00:00
local,C:\Users\admin\Documents\Codex\2026-10-09\6-45-jiae-jeong-lotto-data\work\primary_mode_1245_v4_clean_20261009\outputs\B_MODEL_REPRODUCTION_20261009_v1\LEAKAGE_VALIDATION.json,1079,3ba1f6003582dd1ea6bb62bd18cbe2da4c3ef7346ff5e6a8cac3ad8c639aae1a,2026-10-09T12:12:27.424150+00:00,2026-10-09T12:12:27.425151+00:00
local,C:\Users\admin\Documents\Codex\2026-10-09\6-45-jiae-jeong-lotto-data\work\primary_mode_1245_v4_clean_20261009\outputs\B_MODEL_REPRODUCTION_20261009_v1\MISSING_OUTPUT_DIRECTORY_DIAGNOSTIC.log,881,fb6e78380dcfe76f3a5c6fc85b992fa020f66a54fb3b46fc51aae66d34c526e7,2026-10-09T12:12:27.431932+00:00,2026-10-09T12:12:27.433266+00:00
local,C:\Users\admin\Documents\Codex\2026-10-09\6-45-jiae-jeong-lotto-data\work\primary_mode_1245_v4_clean_20261009\outputs\B_MODEL_REPRODUCTION_20261009_v1\MODEL_REPRODUCTION_SUMMARY.csv,1485,7ca9d68ba4be4059e0a07c171302141de5cbb81a30931cec0bee0509690e3375,2026-10-09T12:12:27.438922+00:00,2026-10-09T12:12:27.438922+00:00
local,C:\Users\admin\Documents\Codex\2026-10-09\6-45-jiae-jeong-lotto-data\work\primary_mode_1245_v4_clean_20261009\outputs\B_MODEL_REPRODUCTION_20261009_v1\OUTPUT_COMPARISON.csv,1137,9566daac6a08ce2fa501c793eb477bd57564a3a34da8769c242d29f011070bf4,2026-10-09T12:12:27.445608+00:00,2026-10-09T12:12:27.445608+00:00
local,C:\Users\admin\Documents\Codex\2026-10-09\6-45-jiae-jeong-lotto-data\work\primary_mode_1245_v4_clean_20261009\outputs\B_MODEL_REPRODUCTION_20261009_v1\PACKAGE_AND_INPUT_PROVENANCE.json,3146,2924a3b8d30855ba29916169fc7198482b2c6203f11dfb8a86073de19c821e7f,2026-10-09T12:12:27.452021+00:00,2026-10-09T12:12:27.454025+00:00
local,C:\Users\admin\Documents\Codex\2026-10-09\6-45-jiae-jeong-lotto-data\work\primary_mode_1245_v4_clean_20261009\outputs\B_MODEL_REPRODUCTION_20261009_v1\PREFIX_FEATURE_CHECKS.csv,952,4fa6fb9bb7cafc3f23aa5dc354b9bc366522bbf545c57ddc2105b05b8ef7d899,2026-10-09T12:12:27.459105+00:00,2026-10-09T12:12:27.460111+00:00
local,C:\Users\admin\Documents\Codex\2026-10-09\6-45-jiae-jeong-lotto-data\work\primary_mode_1245_v4_clean_20261009\outputs\B_MODEL_REPRODUCTION_20261009_v1\PRESERVATION_VERIFICATION.json,513,b823450c3ac1f91f24435f94100dd69a3857f5b17e29929352dc2360a2769e22,2026-10-09T12:12:27.465636+00:00,2026-10-09T12:12:27.465636+00:00
local,C:\Users\admin\Documents\Codex\2026-10-09\6-45-jiae-jeong-lotto-data\work\primary_mode_1245_v4_clean_20261009\outputs\B_MODEL_REPRODUCTION_20261009_v1\RECORD_COUNT_DERIVATION.csv,345,260269e5efda4fa0d381f93c149738e94c4a63771998860c5e57421910e9f6cb,2026-10-09T12:12:27.471117+00:00,2026-10-09T12:12:27.472142+00:00
local,C:\Users\admin\Documents\Codex\2026-10-09\6-45-jiae-jeong-lotto-data\work\primary_mode_1245_v4_clean_20261009\outputs\B_MODEL_REPRODUCTION_20261009_v1\REPORT_COMPARISON.json,1258,5c63b81dcf45463c2583c65f31e16e4e48f3a42895b215b29406075a7480da76,2026-10-09T12:12:27.487142+00:00,2026-10-09T12:12:27.488157+00:00
local,C:\Users\admin\Documents\Codex\2026-10-09\6-45-jiae-jeong-lotto-data\work\primary_mode_1245_v4_clean_20261009\outputs\B_MODEL_REPRODUCTION_20261009_v1\RERUN_B_MODEL.ps1,2541,237e36f2e4dac29c4f2c7b651bc08288edded0c18361a5b0ddbb3be02ebbe837,2026-10-09T12:12:27.494188+00:00,2026-10-09T12:12:27.496746+00:00
local,C:\Users\admin\Documents\Codex\2026-10-09\6-45-jiae-jeong-lotto-data\work\primary_mode_1245_v4_clean_20261009\outputs\B_MODEL_REPRODUCTION_20261009_v1\RERUN_HELPER_SYNTAX_VERIFICATION.json,185,002a3c2a0a8a2fb1b91c729e1f06818bf38b430ea211848848c7913db2fc84a6,2026-10-09T12:12:27.502467+00:00,2026-10-09T12:12:27.502467+00:00
local,C:\Users\admin\Documents\Codex\2026-10-09\6-45-jiae-jeong-lotto-data\work\primary_mode_1245_v4_clean_20261009\outputs\B_MODEL_REPRODUCTION_20261009_v1\SEARCH_PATHS.json,1296,681b9de6adf9b958857ad496df1f6c7642a576c6c9d0325be396386c162c4f1d,2026-10-09T12:12:27.521955+00:00,2026-10-09T12:12:27.523027+00:00
local,C:\Users\admin\Documents\Codex\2026-10-09\6-45-jiae-jeong-lotto-data\work\primary_mode_1245_v4_clean_20261009\outputs\B_MODEL_REPRODUCTION_20261009_v1\SOURCE_VERSION.json,1423,b0cf2c3cb0c0347252432217604e51d64ee6f383301c2bdb507a6c247e7918d2,2026-10-09T12:12:27.529154+00:00,2026-10-09T12:12:27.530149+00:00
local,C:\Users\admin\Documents\Codex\2026-10-09\6-45-jiae-jeong-lotto-data\work\primary_mode_1245_v4_clean_20261009\outputs\B_MODEL_REPRODUCTION_20261009_v1\STATUS_SUMMARY.json,3590,df0cc07b35155dfeaa40b450c7c01261e1dbb9570134228a8c48c7b077faceb0,2026-10-09T12:12:27.535058+00:00,2026-10-09T12:12:27.536105+00:00
local,C:\Users\admin\Documents\Codex\2026-10-09\6-45-jiae-jeong-lotto-data\work\primary_mode_1245_v4_clean_20261009\outputs\B_MODEL_REPRODUCTION_20261009_v1\VERIFY_AUDIT.py,1622,19d9a7c8489b5cc6d889d1e2afbc0d712499549eaa92d3c07cd5b23a9bf9765f,2026-10-09T12:12:27.540955+00:00,2026-10-09T12:12:27.542886+00:00
local,C:\Users\admin\Documents\Codex\2026-10-09\6-45-jiae-jeong-lotto-data\work\primary_mode_1245_v4_clean_20261009\outputs\B_RANDOM_BASELINE_20261009_v1\ACTUAL_EXECUTION_RESULT.json,624,4e6a6115da7fd19a430b523209f0c53297a6a1c0d320947c4ebeeba97c8f5f4e,2026-10-09T12:28:27.148708+00:00,2026-10-09T12:28:27.150176+00:00
local,C:\Users\admin\Documents\Codex\2026-10-09\6-45-jiae-jeong-lotto-data\work\primary_mode_1245_v4_clean_20261009\outputs\B_RANDOM_BASELINE_20261009_v1\B_AUDIT_PUBLICATION_RECORD.json,14735,3ec8c87f160ff20c9140509223e96bd04322ad7e7abece4dc9a0cfb7ce1c5fed,2026-10-09T12:28:27.155451+00:00,2026-10-09T12:28:27.156517+00:00
local,C:\Users\admin\Documents\Codex\2026-10-09\6-45-jiae-jeong-lotto-data\work\primary_mode_1245_v4_clean_20261009\outputs\B_RANDOM_BASELINE_20261009_v1\B_RANDOM_BASELINE_VALIDATION_REPORT_20261009_v1.md,15947,ea170d8acd30a6b3045ba85dfcb587bf8f4b11fbae30ac3a3706b053d1591ce5,2026-10-09T12:28:27.171543+00:00,2026-10-09T12:28:27.172541+00:00
local,C:\Users\admin\Documents\Codex\2026-10-09\6-45-jiae-jeong-lotto-data\work\primary_mode_1245_v4_clean_20261009\outputs\B_RANDOM_BASELINE_20261009_v1\B_REPRODUCTION_REFERENCE_FROZEN.json,1995,0519838584cdbeb786bccc5a5c53e36c26e6a668e205d1e2926a57c6745952f4,2026-10-09T12:28:27.183938+00:00,2026-10-09T12:28:27.184916+00:00
local,C:\Users\admin\Documents\Codex\2026-10-09\6-45-jiae-jeong-lotto-data\work\primary_mode_1245_v4_clean_20261009\outputs\B_RANDOM_BASELINE_20261009_v1\B_VS_RANDOM_BLOCKS.csv,12582,2019e310f383ab67fe88fb6e38540ebe7072b0de87a77afd4f2897e4585eea65,2026-10-09T12:28:27.188416+00:00,2026-10-09T12:28:27.189403+00:00
local,C:\Users\admin\Documents\Codex\2026-10-09\6-45-jiae-jeong-lotto-data\work\primary_mode_1245_v4_clean_20261009\outputs\B_RANDOM_BASELINE_20261009_v1\B_VS_RANDOM_POOLED.csv,7137,2fe0fe54b5bf085648f333a740e966b8bb06daa70914875b2cc4cac07a6c0741,2026-10-09T12:28:27.203164+00:00,2026-10-09T12:28:27.204157+00:00
local,C:\Users\admin\Documents\Codex\2026-10-09\6-45-jiae-jeong-lotto-data\work\primary_mode_1245_v4_clean_20261009\outputs\B_RANDOM_BASELINE_20261009_v1\EXECUTION_STDERR.log,0,e3b0c44298fc1c149afbf4c8996fb92427ae41e4649b934ca495991b7852b855,2026-10-09T12:28:27.208152+00:00,2026-10-09T12:28:27.208152+00:00
local,C:\Users\admin\Documents\Codex\2026-10-09\6-45-jiae-jeong-lotto-data\work\primary_mode_1245_v4_clean_20261009\outputs\B_RANDOM_BASELINE_20261009_v1\EXECUTION_STDOUT.log,664,1de931599f0b7854774dd4a7f8eb99b76151751bdeb7c732dcb380a8d47a5c5c,2026-10-09T12:28:27.211723+00:00,2026-10-09T12:28:27.212720+00:00
local,C:\Users\admin\Documents\Codex\2026-10-09\6-45-jiae-jeong-lotto-data\work\primary_mode_1245_v4_clean_20261009\outputs\B_RANDOM_BASELINE_20261009_v1\EXPLORATORY_STATISTICAL_TESTS.json,5012,5f94cd6f4b431881c2c815cf40c37cd173b250557073f7f57d8757aec4bcbde0,2026-10-09T12:28:27.219963+00:00,2026-10-09T12:28:27.219963+00:00
local,C:\Users\admin\Documents\Codex\2026-10-09\6-45-jiae-jeong-lotto-data\work\primary_mode_1245_v4_clean_20261009\outputs\B_RANDOM_BASELINE_20261009_v1\FINAL_VERIFICATION.json,4665,9ba7bfaf1f3a5c5e45979309f212379f079665042df1453f7694d82f52a92f75,2026-10-09T12:28:27.225227+00:00,2026-10-09T12:28:27.226218+00:00
local,C:\Users\admin\Documents\Codex\2026-10-09\6-45-jiae-jeong-lotto-data\work\primary_mode_1245_v4_clean_20261009\outputs\B_RANDOM_BASELINE_20261009_v1\MC_BLOCK_AND_POOLED_SUMMARY.csv,11240,18964533e31dcdb93d3b9418a51b91b8ac0f8bf5c5020a874430a9e15f5c4996,2026-10-09T12:28:27.231220+00:00,2026-10-09T12:28:27.232234+00:00
local,C:\Users\admin\Documents\Codex\2026-10-09\6-45-jiae-jeong-lotto-data\work\primary_mode_1245_v4_clean_20261009\outputs\B_RANDOM_BASELINE_20261009_v1\MC_TARGET_AGGREGATES.csv,49121,ccf6dd2d2fc23e848488018a6a97d6cf445d2afc82f4c8aa963b88ade8d028ee,2026-10-09T12:28:27.252030+00:00,2026-10-09T12:28:27.253033+00:00
local,C:\Users\admin\Documents\Codex\2026-10-09\6-45-jiae-jeong-lotto-data\work\primary_mode_1245_v4_clean_20261009\outputs\B_RANDOM_BASELINE_20261009_v1\MONTE_CARLO_PROTOCOL.md,2177,30d13609a1225d4fdaaf42fe7634edbc1e5402e13145b4cc7e8fcc8a75fae22e,2026-10-09T12:28:27.276372+00:00,2026-10-09T12:28:27.277423+00:00
local,C:\Users\admin\Documents\Codex\2026-10-09\6-45-jiae-jeong-lotto-data\work\primary_mode_1245_v4_clean_20261009\outputs\B_RANDOM_BASELINE_20261009_v1\RANDOM_TICKET_STREAM_HASHES.csv,28583,52ef312df859b7d3d73d2a65973c4c6d5d46f68c778a558f74f1f7f577c9040c,2026-10-09T12:28:27.283256+00:00,2026-10-09T12:28:27.284243+00:00
local,C:\Users\admin\Documents\Codex\2026-10-09\6-45-jiae-jeong-lotto-data\work\primary_mode_1245_v4_clean_20261009\outputs\B_RANDOM_BASELINE_20261009_v1\REPORT_DRAFT_CORRECTION.log,216,b20a47e684f79ce7fca1d365ac9041022a80f25f09b7518ffbebeeb5fa678dee,2026-10-09T12:28:27.298500+00:00,2026-10-09T12:28:27.299926+00:00
local,C:\Users\admin\Documents\Codex\2026-10-09\6-45-jiae-jeong-lotto-data\work\primary_mode_1245_v4_clean_20261009\outputs\B_RANDOM_BASELINE_20261009_v1\run_b_random_baseline.py,14985,bc7775f4539887392dc43f7641c26640135cdc7eeaad2f3cad855d338dc9ca22,2026-10-09T12:28:27.303925+00:00,2026-10-09T12:28:27.306066+00:00
local,C:\Users\admin\Documents\Codex\2026-10-09\6-45-jiae-jeong-lotto-data\work\primary_mode_1245_v4_clean_20261009\outputs\B_RANDOM_BASELINE_20261009_v1\RUN_CONFIG.json,2577,c2d88d9b1049cd2e199df809f6ce7aae31ba11aae292581eeeb4bdb613bcb821,2026-10-09T12:28:27.324595+00:00,2026-10-09T12:28:27.325583+00:00
local,C:\Users\admin\Documents\Codex\2026-10-09\6-45-jiae-jeong-lotto-data\work\primary_mode_1245_v4_clean_20261009\outputs\B_RANDOM_BASELINE_20261009_v1\RUN_METADATA.json,1278,46522018025abae95d94bee6690991bb9d177aa3b8cff6f6c9f97b9a7cdd97ee,2026-10-09T12:28:27.331608+00:00,2026-10-09T12:28:27.331608+00:00
local,C:\Users\admin\Documents\Codex\2026-10-09\6-45-jiae-jeong-lotto-data\work\primary_mode_1245_v4_clean_20261009\outputs\B_RANDOM_BASELINE_20261009_v1\RUN_PLAN_SEAL.json,741,fc47a806328574bcc3bd54ba5d619339289ff6737f0ca1da843cf3c1a363df20,2026-10-09T12:28:27.336803+00:00,2026-10-09T12:28:27.337821+00:00
local,C:\Users\admin\Documents\Codex\2026-10-09\6-45-jiae-jeong-lotto-data\work\primary_mode_1245_v4_clean_20261009\outputs\B_RANDOM_BASELINE_20261009_v1\SHA256_MANIFEST.csv,2380,cd10bd75f11fd66b2dfbde8911845e5a8cde99d4c1d49c9207bd5d495fba9c22,2026-10-09T12:28:27.342643+00:00,2026-10-09T12:28:27.342643+00:00
local,C:\Users\admin\Documents\Codex\2026-10-09\6-45-jiae-jeong-lotto-data\work\primary_mode_1245_v4_clean_20261009\outputs\B_RANDOM_BASELINE_20261009_v1\STATUS_CLASSIFICATION.json,1925,5262c6c9fd40d0b59c8624ccf81b3f21e927dd56f24d931340b46c0b4ce03227,2026-10-09T12:28:27.347936+00:00,2026-10-09T12:28:27.348940+00:00
local,C:\Users\admin\Documents\Codex\2026-10-09\6-45-jiae-jeong-lotto-data\work\primary_mode_1245_v4_clean_20261009\outputs\B_RANDOM_BASELINE_20261009_v1\THEORETICAL_BASELINE.json,581,3612f05c50f0e45e3b5917cd1dc940426f1d6f61dcce6b597938a4ab52ed9b40,2026-10-09T12:28:27.352935+00:00,2026-10-09T12:28:27.354352+00:00
local,C:\Users\admin\Documents\Codex\2026-10-09\6-45-jiae-jeong-lotto-data\work\primary_mode_1245_v4_clean_20261009\outputs\B_RANDOM_BASELINE_20261009_v1\UNRESOLVED_HISTORICAL_RESULT.json,419,fb99c5ab018ef547687c13582330322af7c6817e0f23136dfa173d782e2c5677,2026-10-09T12:28:27.359372+00:00,2026-10-09T12:28:27.359372+00:00
local,C:\Users\admin\Documents\Codex\2026-10-09\6-45-jiae-jeong-lotto-data\work\primary_mode_1245_v4_clean_20261009\outputs\B_RANDOM_BASELINE_20261009_v1\VERIFICATION_ATTEMPT_1.log,604,6bbb71d0d649158f6fedeae78e94759adcd2b7a68ef557141006380686ee6541,2026-10-09T12:28:27.363757+00:00,2026-10-09T12:28:27.365028+00:00
local,C:\Users\admin\Documents\Codex\2026-10-09\6-45-jiae-jeong-lotto-data\work\primary_mode_1245_v4_clean_20261009\outputs\B_RANDOM_BASELINE_20261009_v1\verify_b_random_baseline.py,5347,bae3030e477bc58c6abae4e4bae7f2833974dacb29bae7a4f7fca11c1f96b3c2,2026-10-09T12:28:27.375020+00:00,2026-10-09T12:28:27.377049+00:00
local,C:\Users\admin\Documents\Codex\2026-10-09\6-45-jiae-jeong-lotto-data\work\primary_mode_1245_v4_clean_20261009\research\1245_final_pipeline_v3\candidate_overlap_v3.csv,5665,9e9934ca90f48943ce3aee4eb3d2cd8131b31c7fe2ecfb0c14fac8e9be2e56b8,2026-10-09T06:03:11.491448+00:00,2026-10-09T06:03:11.491448+00:00
local,C:\Users\admin\Documents\Codex\2026-10-09\6-45-jiae-jeong-lotto-data\work\primary_mode_1245_v4_clean_20261009\research\1245_final_pipeline_v3\CURRENT_STATUS_2026-10-09.md,4456,cc6efe48a0801d24f859060660e9969e3cf20ae897074aeac85847ff8c6f5cf3,2026-10-09T06:03:11.476754+00:00,2026-10-09T06:03:11.476754+00:00
local,C:\Users\admin\Documents\Codex\2026-10-09\6-45-jiae-jeong-lotto-data\work\primary_mode_1245_v4_clean_20261009\research\1245_final_pipeline_v3\FINAL_PIPELINE_V3_AUDIT.md,3380,fd42faab345ed1f25db8bc0321332d85f2523d6bab1ef6822abbb076647f51f6,2026-10-09T06:03:11.476754+00:00,2026-10-09T06:03:11.481730+00:00
local,C:\Users\admin\Documents\Codex\2026-10-09\6-45-jiae-jeong-lotto-data\work\primary_mode_1245_v4_clean_20261009\research\1245_final_pipeline_v3\independent_validation_20261009.py,23093,990ed6b762c73865c7681d1ca5b9f320edc00640a2eeb7805ce29f700f118f87,2026-10-09T06:03:11.492898+00:00,2026-10-09T06:03:11.494285+00:00
local,C:\Users\admin\Documents\Codex\2026-10-09\6-45-jiae-jeong-lotto-data\work\primary_mode_1245_v4_clean_20261009\research\1245_final_pipeline_v3\input_audit_v3.md,6099,3b04e87dcdd8c6fb4d83ce2f257536d075b2e1e2c58387e29f71e4ec71139452,2026-10-09T06:03:11.541998+00:00,2026-10-09T06:03:11.542995+00:00
local,C:\Users\admin\Documents\Codex\2026-10-09\6-45-jiae-jeong-lotto-data\work\primary_mode_1245_v4_clean_20261009\research\1245_final_pipeline_v3\prepare_1245_final_three_lines_v3.py,40534,09d2cf7f3c9002db906669371d9e2b580d592053b035d891e6c1202e05704e46,2026-10-09T06:03:11.545711+00:00,2026-10-09T06:03:11.545711+00:00
local,C:\Users\admin\Documents\Codex\2026-10-09\6-45-jiae-jeong-lotto-data\work\primary_mode_1245_v4_clean_20261009\research\1245_final_pipeline_v3\README_v3.md,4337,d2a4f32206d768f13f3ec59736a7a2ec8ecde0a72491f0016372f6d2bfab97df,2026-10-09T06:03:11.481730+00:00,2026-10-09T06:03:11.481730+00:00
local,C:\Users\admin\Documents\Codex\2026-10-09\6-45-jiae-jeong-lotto-data\work\primary_mode_1245_v4_clean_20261009\research\1245_final_pipeline_v3\recover_and_run_20261009.py,10882,9ee1ca16759c9691c6abbf03f7cb2a539ce89e70f5f55560f5214ee913b9fff5,2026-10-09T06:03:11.548780+00:00,2026-10-09T06:03:11.550438+00:00
local,C:\Users\admin\Documents\Codex\2026-10-09\6-45-jiae-jeong-lotto-data\work\primary_mode_1245_v4_clean_20261009\research\1245_final_pipeline_v3\score_components_v3.csv,3705,5eb4c4e2e99a8f22ade17f5df0cfd49844710b33a38934eb11df76b405811591,2026-10-09T06:03:11.615482+00:00,2026-10-09T06:03:11.615482+00:00
local,C:\Users\admin\Documents\Codex\2026-10-09\6-45-jiae-jeong-lotto-data\work\primary_mode_1245_v4_clean_20261009\research\1245_final_pipeline_v3\selection_trace_v3.csv,1028,e1ca4cc97a38809c15fe9d78aa78f879c89bae69be4e8551354a2b96b708a3b4,2026-10-09T06:03:11.617273+00:00,2026-10-09T06:03:11.617273+00:00
local,C:\Users\admin\Documents\Codex\2026-10-09\6-45-jiae-jeong-lotto-data\work\primary_mode_1245_v4_clean_20261009\research\1245_final_pipeline_v3\source_asset_search_v2.log,2033,c3fe8b18e229e93ef5eaeb525a8711b2c0f7c4efc380cfa03ee49b222a54dacf,2026-10-09T06:03:11.620024+00:00,2026-10-09T06:03:11.622101+00:00
local,C:\Users\admin\Documents\Codex\2026-10-09\6-45-jiae-jeong-lotto-data\work\primary_mode_1245_v4_clean_20261009\research\1245_final_pipeline_v3\SOURCE_ASSET_SEARCH_v2.md,5320,e6c2d14f919d307c08e79d7f5736adb688aa0873d5b019c78c9c46293301aa0b,2026-10-09T06:03:11.481730+00:00,2026-10-09T06:03:11.481730+00:00
local,C:\Users\admin\Documents\Codex\2026-10-09\6-45-jiae-jeong-lotto-data\work\primary_mode_1245_v4_clean_20261009\research\1245_final_pipeline_v3\V3_CHANGELOG.md,2862,f0b90deb840d70dbdc3827335d63cdb6380127a1ced37d3ed603003d7ea515e6,2026-10-09T06:03:11.488656+00:00,2026-10-09T06:03:11.489691+00:00
local,C:\Users\admin\Documents\Codex\2026-10-09\6-45-jiae-jeong-lotto-data\work\primary_mode_1245_v4_clean_20261009\research\1245_final_pipeline_v3\independent_validation_20261009_independent\execution.log,756,64ceed6f74306d57bb896d6c658e46ba77f2b7fbf8040eae097b5a89c164c8ad,2026-10-09T06:03:11.501827+00:00,2026-10-09T06:03:11.503831+00:00
local,C:\Users\admin\Documents\Codex\2026-10-09\6-45-jiae-jeong-lotto-data\work\primary_mode_1245_v4_clean_20261009\research\1245_final_pipeline_v3\independent_validation_20261009_independent\fresh_candidate_number_frequency.csv,560,adedc3e82f80e3d54966b0e5647cf2678ebd35529ed05118fc2fb985339d573b,2026-10-09T06:03:11.505437+00:00,2026-10-09T06:03:11.507549+00:00
local,C:\Users\admin\Documents\Codex\2026-10-09\6-45-jiae-jeong-lotto-data\work\primary_mode_1245_v4_clean_20261009\research\1245_final_pipeline_v3\independent_validation_20261009_independent\fresh_candidate_overlaps.csv,2079,5440b639ad83d466d6e199ea25ff2baffed6665d99615433effbbfea4fda202b,2026-10-09T06:03:11.509548+00:00,2026-10-09T06:03:11.511446+00:00
local,C:\Users\admin\Documents\Codex\2026-10-09\6-45-jiae-jeong-lotto-data\work\primary_mode_1245_v4_clean_20261009\research\1245_final_pipeline_v3\independent_validation_20261009_independent\fresh_model_scorecard.csv,5723,d2ecb738f6b4b959b60f545fcda118beab5e7ba45d7617b689e4a28b56e76c0f,2026-10-09T06:03:11.514525+00:00,2026-10-09T06:03:11.514525+00:00
local,C:\Users\admin\Documents\Codex\2026-10-09\6-45-jiae-jeong-lotto-data\work\primary_mode_1245_v4_clean_20261009\research\1245_final_pipeline_v3\independent_validation_20261009_independent\fresh_portfolio_metrics.csv,614,257aafe0401a2d97c5efcf961a345205c9d53bc7fc583a17073d638e07cfb13a,2026-10-09T06:03:11.517128+00:00,2026-10-09T06:03:11.517128+00:00
local,C:\Users\admin\Documents\Codex\2026-10-09\6-45-jiae-jeong-lotto-data\work\primary_mode_1245_v4_clean_20261009\research\1245_final_pipeline_v3\independent_validation_20261009_independent\fresh_portfolio_walkforward.csv,41084,a4214f1e17464ef3000377c05013d968567b758673c6ef86e36c0232b5563de6,2026-10-09T06:03:11.519348+00:00,2026-10-09T06:03:11.521982+00:00
local,C:\Users\admin\Documents\Codex\2026-10-09\6-45-jiae-jeong-lotto-data\work\primary_mode_1245_v4_clean_20261009\research\1245_final_pipeline_v3\independent_validation_20261009_independent\fresh_walkforward_predictions.csv,178802,12e2ca1205c21fb11b219016c1c96fbec7480cd26b411e8a990c7d6ec7640a65,2026-10-09T06:03:11.523024+00:00,2026-10-09T06:03:11.525913+00:00
local,C:\Users\admin\Documents\Codex\2026-10-09\6-45-jiae-jeong-lotto-data\work\primary_mode_1245_v4_clean_20261009\research\1245_final_pipeline_v3\independent_validation_20261009_independent\INDEPENDENT_VALIDATION_REPORT.md,5050,c3203179fa238fe34f1098ecaec29dd1d276d1949a63e42b54228dfd8bba2d57,2026-10-09T06:03:11.496947+00:00,2026-10-09T06:03:11.497813+00:00
local,C:\Users\admin\Documents\Codex\2026-10-09\6-45-jiae-jeong-lotto-data\work\primary_mode_1245_v4_clean_20261009\research\1245_final_pipeline_v3\independent_validation_20261009_independent\reassessed_1245_three_lines.csv,963,f7ed4647f0c42af79c6257e9e351b8f8a8999b1bf9f83822cf1cbf035b3d2b85,2026-10-09T06:03:11.527913+00:00,2026-10-09T06:03:11.531370+00:00
local,C:\Users\admin\Documents\Codex\2026-10-09\6-45-jiae-jeong-lotto-data\work\primary_mode_1245_v4_clean_20261009\research\1245_final_pipeline_v3\independent_validation_20261009_independent\reassessed_portfolio_overlap.csv,99,289949a2a72765535f4062c210b274b783d7ea3681852d49b65d1c8a405f812d,2026-10-09T06:03:11.533382+00:00,2026-10-09T06:03:11.535239+00:00
local,C:\Users\admin\Documents\Codex\2026-10-09\6-45-jiae-jeong-lotto-data\work\primary_mode_1245_v4_clean_20261009\research\1245_final_pipeline_v3\independent_validation_20261009_independent\run_metadata.json,733,b8a6a37b81ad620c0906854f78a2cecc89b244aee1d78205e23be4a6be423887,2026-10-09T06:03:11.536252+00:00,2026-10-09T06:03:11.537612+00:00
local,C:\Users\admin\Documents\Codex\2026-10-09\6-45-jiae-jeong-lotto-data\work\primary_mode_1245_v4_clean_20261009\research\1245_final_pipeline_v3\independent_validation_20261009_independent\SOURCE_ASSET_SEARCH.md,5344,cde0ccc7621c18e8be787aefc5deb2f9d1408cdf3dd1c825cb718686eca1c0e6,2026-10-09T06:03:11.499824+00:00,2026-10-09T06:03:11.500823+00:00
local,C:\Users\admin\Documents\Codex\2026-10-09\6-45-jiae-jeong-lotto-data\work\primary_mode_1245_v4_clean_20261009\research\1245_final_pipeline_v3\independent_validation_20261009_independent\stored_reproduction_check.csv,1862,03a8b684aa58a173491d0e3ac3ab0ccdbf6c6e0bc86d4fdf9ba4cadf0ab4c417,2026-10-09T06:03:11.539745+00:00,2026-10-09T06:03:11.541008+00:00
local,C:\Users\admin\Documents\Codex\2026-10-09\6-45-jiae-jeong-lotto-data\work\primary_mode_1245_v4_clean_20261009\research\1245_final_pipeline_v3\recovered_original_assets\b_model_backtest.py,27977,3ecf4fb805c2448e49c39e01174b3a112d4865c7ff1a31157437515b78be47cb,2026-10-09T06:03:11.552983+00:00,2026-10-09T06:03:11.556251+00:00
local,C:\Users\admin\Documents\Codex\2026-10-09\6-45-jiae-jeong-lotto-data\work\primary_mode_1245_v4_clean_20261009\research\1245_final_pipeline_v3\recovered_original_assets\B_MODEL_RECOVERY_REPORT_2026-10-09.md,2895,e11900f4f26e16fea7161b6992f57e52327f2adca58aed858a6bc5e9ebbd9695,2026-10-09T06:03:11.550438+00:00,2026-10-09T06:03:11.552983+00:00
local,C:\Users\admin\Documents\Codex\2026-10-09\6-45-jiae-jeong-lotto-data\work\primary_mode_1245_v4_clean_20261009\research\1245_final_pipeline_v3\recovered_original_assets\outputs\b_model_50_round_trends.csv,6264,199bd09e71f9f7171b2c26ee68a7eb8afd40edcd17a1f8907dd09c2a4e7f57df,2026-10-09T06:03:11.564363+00:00,2026-10-09T06:03:11.565366+00:00
local,C:\Users\admin\Documents\Codex\2026-10-09\6-45-jiae-jeong-lotto-data\work\primary_mode_1245_v4_clean_20261009\research\1245_final_pipeline_v3\recovered_original_assets\outputs\b_model_classification.csv,3509,2c7a8030b0129eef55137852a8e5e297d916239c46a8fc9bbe0e0c467ecf9ff2,2026-10-09T06:03:11.566864+00:00,2026-10-09T06:03:11.566864+00:00
local,C:\Users\admin\Documents\Codex\2026-10-09\6-45-jiae-jeong-lotto-data\work\primary_mode_1245_v4_clean_20261009\research\1245_final_pipeline_v3\recovered_original_assets\outputs\b_model_holdout_metrics.csv,113856,147765c9f3353deac5cc5c91e37ce0f80a7e4608c9e29738d4724130df5bc2a4,2026-10-09T06:03:11.569256+00:00,2026-10-09T06:03:11.570256+00:00
local,C:\Users\admin\Documents\Codex\2026-10-09\6-45-jiae-jeong-lotto-data\work\primary_mode_1245_v4_clean_20261009\research\1245_final_pipeline_v3\recovered_original_assets\outputs\b_model_predictions.csv,3236859,088685b5c30275c2640dfda2001beb99cebf5855156ae54ad5e0f6f170cf39be,2026-10-09T06:03:11.572919+00:00,2026-10-09T06:03:11.578388+00:00
local,C:\Users\admin\Documents\Codex\2026-10-09\6-45-jiae-jeong-lotto-data\work\primary_mode_1245_v4_clean_20261009\research\1245_final_pipeline_v3\recovered_original_assets\outputs\OUTPUT_SHA256.csv,1270,f122d0b9a995a76b031a2e5f881f33e39b51ac7804e608505e0bb991d2a73852,2026-10-09T06:03:11.559813+00:00,2026-10-09T06:03:11.560359+00:00
local,C:\Users\admin\Documents\Codex\2026-10-09\6-45-jiae-jeong-lotto-data\work\primary_mode_1245_v4_clean_20261009\research\1245_final_pipeline_v3\recovered_original_assets\outputs\RECOVERY_README.md,2318,c1eff0ff2bc82ecadcd6db82582f942203a7126ecd766fbcb25df6a1befe9948,2026-10-09T06:03:11.561367+00:00,2026-10-09T06:03:11.563361+00:00
local,C:\Users\admin\Documents\Codex\2026-10-09\6-45-jiae-jeong-lotto-data\work\primary_mode_1245_v4_clean_20261009\research\1245_final_pipeline_v3\recovery_run_20261009\execution.log,368,3f3af486c7199e12ba6104da4efc72aaf6156ff8ae8b38a953f4c040027e80fe,2026-10-09T06:03:11.596665+00:00,2026-10-09T06:03:11.598156+00:00
local,C:\Users\admin\Documents\Codex\2026-10-09\6-45-jiae-jeong-lotto-data\work\primary_mode_1245_v4_clean_20261009\research\1245_final_pipeline_v3\recovery_run_20261009\EXECUTION_REPORT.md,5094,cf90009262eea3625afde07c683144be083e4926b0d8fc24d5eb1be2e137fea7,2026-10-09T06:03:11.591775+00:00,2026-10-09T06:03:11.592697+00:00
local,C:\Users\admin\Documents\Codex\2026-10-09\6-45-jiae-jeong-lotto-data\work\primary_mode_1245_v4_clean_20261009\research\1245_final_pipeline_v3\recovery_run_20261009\final_three_lines_1245_v3_recovery.csv,746,d5e6da9e34d68f847a2d674b71e5d20512543d677734697333c21407f8478825,2026-10-09T06:03:11.599157+00:00,2026-10-09T06:03:11.600156+00:00
local,C:\Users\admin\Documents\Codex\2026-10-09\6-45-jiae-jeong-lotto-data\work\primary_mode_1245_v4_clean_20261009\research\1245_final_pipeline_v3\recovery_run_20261009\model_candidates.csv,1663,bbb805de2dbb36896e0fb394107d17b481ab3bf3a8ad6ff554fb6ace47dd45ef,2026-10-09T06:03:11.602524+00:00,2026-10-09T06:03:11.603954+00:00
local,C:\Users\admin\Documents\Codex\2026-10-09\6-45-jiae-jeong-lotto-data\work\primary_mode_1245_v4_clean_20261009\research\1245_final_pipeline_v3\recovery_run_20261009\model_validation_summary.csv,2296,261d5f223590e1521051413050e20da86570c2a0a202f9b716c4124290d54377,2026-10-09T06:03:11.606055+00:00,2026-10-09T06:03:11.606055+00:00
local,C:\Users\admin\Documents\Codex\2026-10-09\6-45-jiae-jeong-lotto-data\work\primary_mode_1245_v4_clean_20261009\research\1245_final_pipeline_v3\recovery_run_20261009\PIPELINE_ERROR_REPORT.md,2142,4290870e41e5ad938070a614483d3c50f8df5906032dcab2199fc18c2345d9de,2026-10-09T06:03:11.593488+00:00,2026-10-09T06:03:11.594491+00:00
local,C:\Users\admin\Documents\Codex\2026-10-09\6-45-jiae-jeong-lotto-data\work\primary_mode_1245_v4_clean_20261009\research\1245_final_pipeline_v3\recovery_run_20261009\portfolio_overlap.csv,99,289949a2a72765535f4062c210b274b783d7ea3681852d49b65d1c8a405f812d,2026-10-09T06:03:11.606055+00:00,2026-10-09T06:03:11.606055+00:00
local,C:\Users\admin\Documents\Codex\2026-10-09\6-45-jiae-jeong-lotto-data\work\primary_mode_1245_v4_clean_20261009\research\1245_final_pipeline_v3\recovery_run_20261009\run_metadata.json,442,3b976c0f30f2cb84d96d9179e7bec5a2d23ef832937fa32176aa2502be74711b,2026-10-09T06:03:11.606055+00:00,2026-10-09T06:03:11.606055+00:00
local,C:\Users\admin\Documents\Codex\2026-10-09\6-45-jiae-jeong-lotto-data\work\primary_mode_1245_v4_clean_20261009\research\expansion_framework_v1\audit_project.py,6092,2542674f08e842f8d8407074c9b44fffdd73b8ffbd8957baf45a1912b106be72,2026-10-09T06:03:11.633669+00:00,2026-10-09T06:03:11.633669+00:00
local,C:\Users\admin\Documents\Codex\2026-10-09\6-45-jiae-jeong-lotto-data\work\primary_mode_1245_v4_clean_20261009\research\expansion_framework_v1\data_quality.py,841,9f49fec50527184426e67bd97d0d28336e15a06ad46c3c74a6a555a6694f1043,2026-10-09T06:03:11.635089+00:00,2026-10-09T06:03:11.636094+00:00
local,C:\Users\admin\Documents\Codex\2026-10-09\6-45-jiae-jeong-lotto-data\work\primary_mode_1245_v4_clean_20261009\research\expansion_framework_v1\GITHUB_SYNC_GUIDE.md,969,d5bdd85fea1c9d09be10b9e24cfd8798e8866b1871b12cf2a0c4e6fa2625846d,2026-10-09T06:03:11.626298+00:00,2026-10-09T06:03:11.627454+00:00
local,C:\Users\admin\Documents\Codex\2026-10-09\6-45-jiae-jeong-lotto-data\work\primary_mode_1245_v4_clean_20261009\research\expansion_framework_v1\hypothesis_template.py,478,06387096e1d500b33fa14991969d082ee212d1fd207afe2c58bf8b9b1da3d743,2026-10-09T06:03:11.637098+00:00,2026-10-09T06:03:11.638542+00:00
local,C:\Users\admin\Documents\Codex\2026-10-09\6-45-jiae-jeong-lotto-data\work\primary_mode_1245_v4_clean_20261009\research\expansion_framework_v1\model_family_catalog.csv,1589,0aa34744e35a39f08764677fdff8f82456eadb9c065c1fa14925e7bbf04a5433,2026-10-09T06:03:11.639742+00:00,2026-10-09T06:03:11.642550+00:00
local,C:\Users\admin\Documents\Codex\2026-10-09\6-45-jiae-jeong-lotto-data\work\primary_mode_1245_v4_clean_20261009\research\expansion_framework_v1\project_audit.md,1078,0b77c052e7cccfdbc152100900e02536fcc9c2a1a19ab73df0d62fd8bd17f3b5,2026-10-09T06:03:11.644647+00:00,2026-10-09T06:03:11.645819+00:00
local,C:\Users\admin\Documents\Codex\2026-10-09\6-45-jiae-jeong-lotto-data\work\primary_mode_1245_v4_clean_20261009\research\expansion_framework_v1\project_baseline_manifest.csv,5303,f9e74a4b7e15631aaebdfdd7d58ae3ace6df64a8b5d115f4ac32ed35d639c4b2,2026-10-09T06:03:11.645819+00:00,2026-10-09T06:03:11.645819+00:00
local,C:\Users\admin\Documents\Codex\2026-10-09\6-45-jiae-jeong-lotto-data\work\primary_mode_1245_v4_clean_20261009\research\expansion_framework_v1\README.md,5652,6c58b45a7b7630a35ab74eed5a4f2301673254eab16a98557776b35166214668,2026-10-09T06:03:11.628473+00:00,2026-10-09T06:03:11.629476+00:00
local,C:\Users\admin\Documents\Codex\2026-10-09\6-45-jiae-jeong-lotto-data\work\primary_mode_1245_v4_clean_20261009\research\expansion_framework_v1\research_registry.csv,752,7d9277f4558a283de34244bdcb3994c16f4b0326c647da9550c4fea0b14d096b,2026-10-09T06:03:11.645819+00:00,2026-10-09T06:03:11.645819+00:00
local,C:\Users\admin\Documents\Codex\2026-10-09\6-45-jiae-jeong-lotto-data\work\primary_mode_1245_v4_clean_20261009\research\expansion_framework_v1\run_study.py,1698,8776852cf5a40e14125b243a6d9719e1aa4e17d4ab1d5ba67c8dfc0d141a2370,2026-10-09T06:03:11.645819+00:00,2026-10-09T06:03:11.655253+00:00
local,C:\Users\admin\Documents\Codex\2026-10-09\6-45-jiae-jeong-lotto-data\work\primary_mode_1245_v4_clean_20261009\research\expansion_framework_v1\study_template.md,1314,a1d204d137895d72fd8264cce4cc05c4447c9e28744647b3c54303d5c0a54fb9,2026-10-09T06:03:11.736983+00:00,2026-10-09T06:03:11.738513+00:00
local,C:\Users\admin\Documents\Codex\2026-10-09\6-45-jiae-jeong-lotto-data\work\primary_mode_1245_v4_clean_20261009\research\expansion_framework_v1\UPLOAD_SHA256_MANIFEST.csv,4295,706aa2b41f5e6a3574604f279fa4cb4e7d7b573f96141518e4b09221175e5c3c,2026-10-09T06:03:11.631320+00:00,2026-10-09T06:03:11.631320+00:00
local,C:\Users\admin\Documents\Codex\2026-10-09\6-45-jiae-jeong-lotto-data\work\primary_mode_1245_v4_clean_20261009\research\expansion_framework_v1\walkforward_core.py,5463,da7fe19177d31428c7b25a0afc32eab1ad84d7dc5ac8b009f2ce3e95f94b046c,2026-10-09T06:03:11.739367+00:00,2026-10-09T06:03:11.739367+00:00
local,C:\Users\admin\Documents\Codex\2026-10-09\6-45-jiae-jeong-lotto-data\work\primary_mode_1245_v4_clean_20261009\research\expansion_framework_v1\studies\README.md,179,0767ed1596cc084bd3d25ff02d7f2dcb49c34ad97006c07cf7f054ce38479b18,2026-10-09T06:03:11.657562+00:00,2026-10-09T06:03:11.659702+00:00
local,C:\Users\admin\Documents\Codex\2026-10-09\6-45-jiae-jeong-lotto-data\work\primary_mode_1245_v4_clean_20261009\research\expansion_framework_v1\studies\study_batch_001\bootstrap_confidence_intervals.csv,3458,1af02366e8f8b6f291a580cf1aa87e230701b0501efcdfcf7b5195ebacd0cb70,2026-10-09T06:03:11.668395+00:00,2026-10-09T06:03:11.671416+00:00
local,C:\Users\admin\Documents\Codex\2026-10-09\6-45-jiae-jeong-lotto-data\work\primary_mode_1245_v4_clean_20261009\research\expansion_framework_v1\studies\study_batch_001\build_confidence.py,1386,b1851376f7fb9ecceb9aaae47b7f2cf743e588a36492f3eee5588fbc1f2c3fa7,2026-10-09T06:03:11.672954+00:00,2026-10-09T06:03:11.674963+00:00
local,C:\Users\admin\Documents\Codex\2026-10-09\6-45-jiae-jeong-lotto-data\work\primary_mode_1245_v4_clean_20261009\research\expansion_framework_v1\studies\study_batch_001\build_diagnostics.py,7178,facdd7e360928cabde2b122ed5b29ab23d30f3819ffaf708bb18cd3f2398a533,2026-10-09T06:03:11.676954+00:00,2026-10-09T06:03:11.677950+00:00
local,C:\Users\admin\Documents\Codex\2026-10-09\6-45-jiae-jeong-lotto-data\work\primary_mode_1245_v4_clean_20261009\research\expansion_framework_v1\studies\study_batch_001\build_rolling_summary.py,1089,d369d2472a348de187d16ad44411b1c47312b270e431678f2408afe1b2c264c6,2026-10-09T06:03:11.679417+00:00,2026-10-09T06:03:11.679417+00:00
local,C:\Users\admin\Documents\Codex\2026-10-09\6-45-jiae-jeong-lotto-data\work\primary_mode_1245_v4_clean_20261009\research\expansion_framework_v1\studies\study_batch_001\b_model_comparison.csv,6745,14c4f44b6cf95bef701fe2201465b409e6f78d28e4a48ce4da07041a3a432ad7,2026-10-09T06:03:11.666706+00:00,2026-10-09T06:03:11.668395+00:00
local,C:\Users\admin\Documents\Codex\2026-10-09\6-45-jiae-jeong-lotto-data\work\primary_mode_1245_v4_clean_20261009\research\expansion_framework_v1\studies\study_batch_001\conditional_number_transitions.csv,98702,6fb5bdf77dac6ae69c14aab087db51cdb96f987d2ed0a074ab12c56f63fb7f84,2026-10-09T06:03:11.679417+00:00,2026-10-09T06:03:11.683434+00:00
local,C:\Users\admin\Documents\Codex\2026-10-09\6-45-jiae-jeong-lotto-data\work\primary_mode_1245_v4_clean_20261009\research\expansion_framework_v1\studies\study_batch_001\failure_registry.csv,13110,eb055bf1217ada60abb090f5d96834ff099c58abfab37a7de3d06c8ab4d1441b,2026-10-09T06:03:11.683434+00:00,2026-10-09T06:03:11.686929+00:00
local,C:\Users\admin\Documents\Codex\2026-10-09\6-45-jiae-jeong-lotto-data\work\primary_mode_1245_v4_clean_20261009\research\expansion_framework_v1\studies\study_batch_001\model_correlation.csv,3704,722a3818032532e8c405fadc846345a855d617135f83d091f35c7d21c4da002e,2026-10-09T06:03:11.688077+00:00,2026-10-09T06:03:11.690117+00:00
local,C:\Users\admin\Documents\Codex\2026-10-09\6-45-jiae-jeong-lotto-data\work\primary_mode_1245_v4_clean_20261009\research\expansion_framework_v1\studies\study_batch_001\model_metrics.csv,21834,a4bb098fd69ab8471bdb0c6d90a10c6a2eba286a46292a337d31b2d33adcde96,2026-10-09T06:03:11.692540+00:00,2026-10-09T06:03:11.693047+00:00
local,C:\Users\admin\Documents\Codex\2026-10-09\6-45-jiae-jeong-lotto-data\work\primary_mode_1245_v4_clean_20261009\research\expansion_framework_v1\studies\study_batch_001\number_temporal_features.csv,13546,612f072b3eb2a583e1eef87be5a0a47c5a9ec357d4d32d163e6b43a8726546af,2026-10-09T06:03:11.694227+00:00,2026-10-09T06:03:11.695227+00:00
local,C:\Users\admin\Documents\Codex\2026-10-09\6-45-jiae-jeong-lotto-data\work\primary_mode_1245_v4_clean_20261009\research\expansion_framework_v1\studies\study_batch_001\pair_triple_temporal_stability.csv,2377221,50d976be0c57e075ad2500cf84e7e0bca47e1f01fd9365883775e0aee2fec329,2026-10-09T06:03:11.696587+00:00,2026-10-09T06:03:11.703513+00:00
local,C:\Users\admin\Documents\Codex\2026-10-09\6-45-jiae-jeong-lotto-data\work\primary_mode_1245_v4_clean_20261009\research\expansion_framework_v1\studies\study_batch_001\rolling300_failure_registry.csv,6546,370651640b0e5d38b7fa560373ce9c268cbd343d5303cf13d787fd7dca935c3b,2026-10-09T06:03:11.704543+00:00,2026-10-09T06:03:11.705627+00:00
local,C:\Users\admin\Documents\Codex\2026-10-09\6-45-jiae-jeong-lotto-data\work\primary_mode_1245_v4_clean_20261009\research\expansion_framework_v1\studies\study_batch_001\rolling300_metrics.csv,9189,52e9e19f6537f8a5ff3742cb67f44cb86a32d81dff9725db20e8e446c1aba5f4,2026-10-09T06:03:11.706568+00:00,2026-10-09T06:03:11.706568+00:00
local,C:\Users\admin\Documents\Codex\2026-10-09\6-45-jiae-jeong-lotto-data\work\primary_mode_1245_v4_clean_20261009\research\expansion_framework_v1\studies\study_batch_001\rolling300_predictions.csv,541409,87c17ec2496575fc12091fa3dba071d197a61ecfc747494c6f791058f35c43ae,2026-10-09T06:03:11.709305+00:00,2026-10-09T06:03:11.709305+00:00
local,C:\Users\admin\Documents\Codex\2026-10-09\6-45-jiae-jeong-lotto-data\work\primary_mode_1245_v4_clean_20261009\research\expansion_framework_v1\studies\study_batch_001\rolling300_study_results.csv,9189,52e9e19f6537f8a5ff3742cb67f44cb86a32d81dff9725db20e8e446c1aba5f4,2026-10-09T06:03:11.709305+00:00,2026-10-09T06:03:11.709305+00:00
local,C:\Users\admin\Documents\Codex\2026-10-09\6-45-jiae-jeong-lotto-data\work\primary_mode_1245_v4_clean_20261009\research\expansion_framework_v1\studies\study_batch_001\run_batch.py,20966,974f5163b95e38389d857f6ec6a2cafdb1c4b847c869f33d49808902914e3eab,2026-10-09T06:03:11.709305+00:00,2026-10-09T06:03:11.709305+00:00
local,C:\Users\admin\Documents\Codex\2026-10-09\6-45-jiae-jeong-lotto-data\work\primary_mode_1245_v4_clean_20261009\research\expansion_framework_v1\studies\study_batch_001\RUN_GUIDE.md,1183,31779409840dbaf5cb4d2322fe0a74e2513e428fe01df3886cecb0f13d166e84,2026-10-09T06:03:11.661703+00:00,2026-10-09T06:03:11.662704+00:00
local,C:\Users\admin\Documents\Codex\2026-10-09\6-45-jiae-jeong-lotto-data\work\primary_mode_1245_v4_clean_20261009\research\expansion_framework_v1\studies\study_batch_001\run_rolling300.py,1741,e3ed58172c122951e233dba21e860acd44497d73274b3e8f8b9bf8f843dfcb67,2026-10-09T06:03:11.709305+00:00,2026-10-09T06:03:11.709305+00:00
local,C:\Users\admin\Documents\Codex\2026-10-09\6-45-jiae-jeong-lotto-data\work\primary_mode_1245_v4_clean_20261009\research\expansion_framework_v1\studies\study_batch_001\structure_transition_analysis.csv,183836,a635b0c059f293ca3a79e004e3461ca46354643b2429e9f1a0ee8c8dd85c9093,2026-10-09T06:03:11.722583+00:00,2026-10-09T06:03:11.724698+00:00
local,C:\Users\admin\Documents\Codex\2026-10-09\6-45-jiae-jeong-lotto-data\work\primary_mode_1245_v4_clean_20261009\research\expansion_framework_v1\studies\study_batch_001\STUDY_BATCH_001_REPORT.md,8816,a2a6921fcb7f11720c96a86a4a48485bf0d30be0a8ad2a07a36561d51662cb57,2026-10-09T06:03:11.663705+00:00,2026-10-09T06:03:11.664702+00:00
local,C:\Users\admin\Documents\Codex\2026-10-09\6-45-jiae-jeong-lotto-data\work\primary_mode_1245_v4_clean_20261009\research\expansion_framework_v1\studies\study_batch_001\study_registry.csv,15027,3878bb213c0661cf93bcb8c27549d90e122eae93303afa4c7521094f22e2b873,2026-10-09T06:03:11.725208+00:00,2026-10-09T06:03:11.726241+00:00
local,C:\Users\admin\Documents\Codex\2026-10-09\6-45-jiae-jeong-lotto-data\work\primary_mode_1245_v4_clean_20261009\research\expansion_framework_v1\studies\study_batch_001\study_results.csv,21834,a4bb098fd69ab8471bdb0c6d90a10c6a2eba286a46292a337d31b2d33adcde96,2026-10-09T06:03:11.727241+00:00,2026-10-09T06:03:11.727241+00:00
local,C:\Users\admin\Documents\Codex\2026-10-09\6-45-jiae-jeong-lotto-data\work\primary_mode_1245_v4_clean_20261009\research\expansion_framework_v1\studies\study_batch_001\surviving_models.csv,923,6b21627b26dc59ed5819aa4a419cfbff84cbdd5f43ddd8a340333ea5ffd0aad8,2026-10-09T06:03:11.729241+00:00,2026-10-09T06:03:11.730243+00:00
local,C:\Users\admin\Documents\Codex\2026-10-09\6-45-jiae-jeong-lotto-data\work\primary_mode_1245_v4_clean_20261009\research\expansion_framework_v1\studies\study_batch_001\walkforward_predictions.csv,835839,a5f05084cd1682c12ad720e2e900715089a699d6b45dd3c4fb0c021e55d868ff,2026-10-09T06:03:11.731914+00:00,2026-10-09T06:03:11.735983+00:00
local,C:\Users\admin\Documents\Codex\2026-10-09\6-45-jiae-jeong-lotto-data\work\primary_mode_1245_v4_clean_20261009\research\prospective_v4\DATA_MANIFEST_V4.csv,2211,107a9818e4cccc9790ede3bb1bfb8215a719ddbeeb85eb9ce8914c99ff66b6e4,2026-10-09T06:03:11.739367+00:00,2026-10-09T06:03:11.739367+00:00
local,C:\Users\admin\Documents\Codex\2026-10-09\6-45-jiae-jeong-lotto-data\work\primary_mode_1245_v4_clean_20261009\research\prospective_v4\evaluation_v4.py,2567,9fae6c59956ce49489abb9c3ee08df030054254fc95ed1928fafb37cc087f22b,2026-10-09T06:03:11.772646+00:00,2026-10-09T06:03:11.772646+00:00
local,C:\Users\admin\Documents\Codex\2026-10-09\6-45-jiae-jeong-lotto-data\work\primary_mode_1245_v4_clean_20261009\research\prospective_v4\EVIDENCE_REVIEW_V4.md,3098,4e2439a44a774f571648e5c98fd4d88d1727a1bcd81b7e148c2f7cedde69ee1d,2026-10-09T06:03:11.739367+00:00,2026-10-09T06:03:11.749691+00:00
local,C:\Users\admin\Documents\Codex\2026-10-09\6-45-jiae-jeong-lotto-data\work\primary_mode_1245_v4_clean_20261009\research\prospective_v4\MODEL_MANIFEST_V4.csv,5195,cf79fdb55d0b40b75d6c724aeb9891345c225040a26dcf455bd1b9ade12bb1f2,2026-10-09T06:03:11.749691+00:00,2026-10-09T06:03:11.749691+00:00
local,C:\Users\admin\Documents\Codex\2026-10-09\6-45-jiae-jeong-lotto-data\work\primary_mode_1245_v4_clean_20261009\research\prospective_v4\prospective_engine_v4.py,9263,f6ce9f995b7189a73cf54e9036b6053d388f2ea7e3f06a3357769669ee143b44,2026-10-09T06:03:11.896369+00:00,2026-10-09T06:03:11.898358+00:00
local,C:\Users\admin\Documents\Codex\2026-10-09\6-45-jiae-jeong-lotto-data\work\primary_mode_1245_v4_clean_20261009\research\prospective_v4\PROSPECTIVE_PROTOCOL_V4.md,9338,7addf5c2e2af20638f21e9f7cb930a8dda86e738fe89020c3593cf85e0e98f4b,2026-10-09T06:03:11.753128+00:00,2026-10-09T06:03:11.756038+00:00
local,C:\Users\admin\Documents\Codex\2026-10-09\6-45-jiae-jeong-lotto-data\work\primary_mode_1245_v4_clean_20261009\research\prospective_v4\RANDOM_BASELINE_V4.json,833,55c64c398ef1ef1b5597233d724eeb4fc4b06a7937a0d218a5d567275f379e92,2026-10-09T06:03:11.756845+00:00,2026-10-09T06:03:11.758602+00:00
local,C:\Users\admin\Documents\Codex\2026-10-09\6-45-jiae-jeong-lotto-data\work\primary_mode_1245_v4_clean_20261009\research\prospective_v4\RESEARCH_REGISTRY_V4.csv,32643,01e5214150b783e2a352e41d0a6371d0ec7542f76b981941758fc95c3e4b07b4,2026-10-09T06:03:11.759623+00:00,2026-10-09T06:03:11.761619+00:00
local,C:\Users\admin\Documents\Codex\2026-10-09\6-45-jiae-jeong-lotto-data\work\primary_mode_1245_v4_clean_20261009\research\prospective_v4\RULES_V4.json,2623,b8d3387a38f2480dd0ca0057cf7696f66d420eb444c4d591ed6955a3b0f60dda,2026-10-09T06:03:11.763620+00:00,2026-10-09T06:03:11.764620+00:00
local,C:\Users\admin\Documents\Codex\2026-10-09\6-45-jiae-jeong-lotto-data\work\primary_mode_1245_v4_clean_20261009\research\prospective_v4\SHA256_MANIFEST_V4.csv,2049,710dba7c0b9047f3575fff64f1ac7d3551f5d8b47818127d3aa61e74803c64c9,2026-10-09T06:03:11.765623+00:00,2026-10-09T06:03:11.767826+00:00
local,C:\Users\admin\Documents\Codex\2026-10-09\6-45-jiae-jeong-lotto-data\work\primary_mode_1245_v4_clean_20261009\research\prospective_v4\SOURCE_EVIDENCE_INVENTORY_V4.csv,57892,27ad60e261fa1d04c07b6633be77f01f39a5c1b78f313f835653d06ac3155d19,2026-10-09T06:03:11.769821+00:00,2026-10-09T06:03:11.771855+00:00
local,C:\Users\admin\Documents\Codex\2026-10-09\6-45-jiae-jeong-lotto-data\work\primary_mode_1245_v4_clean_20261009\research\prospective_v4\V4_FREEZE_SEAL.json,4670,6a018e3036187a26ac9bcffda9fd7379d65d86cde84514faa08f4ea349b0f4bb,2026-10-09T06:03:11.772646+00:00,2026-10-09T06:03:11.772646+00:00
local,C:\Users\admin\Documents\Codex\2026-10-09\6-45-jiae-jeong-lotto-data\work\primary_mode_1245_v4_clean_20261009\research\prospective_v4\VALIDATION_GATES_V4.json,2243,357464e9de933ef042a940da12b3fcdb91206bbfee04645e22e67081fa1e607a,2026-10-09T06:03:11.772646+00:00,2026-10-09T06:03:11.772646+00:00
local,C:\Users\admin\Documents\Codex\2026-10-09\6-45-jiae-jeong-lotto-data\work\primary_mode_1245_v4_clean_20261009\research\prospective_v4\verify_freeze_v4.py,1996,5511923bb358ece8653d5cdddae67c89888eb867a0e4d9bb7a4cecb7f5989fbd,2026-10-09T06:03:11.899364+00:00,2026-10-09T06:03:11.900362+00:00
local,C:\Users\admin\Documents\Codex\2026-10-09\6-45-jiae-jeong-lotto-data\work\primary_mode_1245_v4_clean_20261009\research\prospective_v4\decisions\1245\EXECUTION_LOG_1245_V4.log,2830,9300c334319637603bcf450bffd9c57292ba60ba932ff5d700172f3c8f3e0121,2026-10-09T06:12:23.289048+00:00,2026-10-09T06:14:31.881505+00:00
local,C:\Users\admin\Documents\Codex\2026-10-09\6-45-jiae-jeong-lotto-data\work\primary_mode_1245_v4_clean_20261009\research\prospective_v4\decisions\1245\mode_analysis_1245_v4.py,10960,4bb2beb0c64321a741e5b168030c6c8d7831f670f59dc6cbe3dcf7c1a38f0e99,2026-10-09T06:06:09.163497+00:00,2026-10-09T06:11:44.721231+00:00
local,C:\Users\admin\Documents\Codex\2026-10-09\6-45-jiae-jeong-lotto-data\work\primary_mode_1245_v4_clean_20261009\research\prospective_v4\decisions\1245\MODE_BACKTEST_1245_V4.csv,254373,c138ee7018cf51908523e9b9dc5fb3dc282c635801891da94749327c36c728b1,2026-10-09T06:12:23.290039+00:00,2026-10-09T06:14:30.402893+00:00
local,C:\Users\admin\Documents\Codex\2026-10-09\6-45-jiae-jeong-lotto-data\work\primary_mode_1245_v4_clean_20261009\research\prospective_v4\decisions\1245\MODE_BLOCK_STABILITY_1245_V4.csv,1707,5af1fa31be6728719f5064dfaa06227c28f2b922db835138d9c35415d9b3c499,2026-10-09T06:14:31.866660+00:00,2026-10-09T06:14:31.869900+00:00
local,C:\Users\admin\Documents\Codex\2026-10-09\6-45-jiae-jeong-lotto-data\work\primary_mode_1245_v4_clean_20261009\research\prospective_v4\decisions\1245\MODE_MODEL_CONTRIBUTIONS_1245_V4.csv,1235,58d155c7e3a369c0fddd70615ef7377af7b99fe1b029d6ed1df79a7c8042a94e,2026-10-09T06:14:31.871918+00:00,2026-10-09T06:14:31.871918+00:00
local,C:\Users\admin\Documents\Codex\2026-10-09\6-45-jiae-jeong-lotto-data\work\primary_mode_1245_v4_clean_20261009\research\prospective_v4\decisions\1245\MODE_RANDOM_BASELINE_1245_V4.csv,73848,63a6ec9fc2d00957e9c124ed5685b6c6710f036f622a2266a3a15bbae4c1c078,2026-10-09T06:12:23.291031+00:00,2026-10-09T06:14:30.471647+00:00
local,C:\Users\admin\Documents\Codex\2026-10-09\6-45-jiae-jeong-lotto-data\work\primary_mode_1245_v4_clean_20261009\research\prospective_v4\decisions\1245\MODE_SELECTION_CONFIG_1245_V4.json,3001,f3aca472f96f7e796e45192b15bde26694625875a94f07475cc9b1d12cff2eba,2026-10-09T06:11:46.263520+00:00,2026-10-09T06:11:46.264502+00:00
local,C:\Users\admin\Documents\Codex\2026-10-09\6-45-jiae-jeong-lotto-data\work\primary_mode_1245_v4_clean_20261009\research\prospective_v4\decisions\1245\MODE_SELECTION_MANIFEST_1245_V4.csv,2643,eb5c1bc47519c1f7b7b4a0c9142fe3a489080ca86d15f747e1a2b0e8fa970027,2026-10-09T06:16:40.666480+00:00,2026-10-09T06:16:40.667495+00:00
local,C:\Users\admin\Documents\Codex\2026-10-09\6-45-jiae-jeong-lotto-data\work\primary_mode_1245_v4_clean_20261009\research\prospective_v4\decisions\1245\MODE_SELECTION_PRERUN_LOCK_1245_V4.json,949,ec0708d733123a2b214cdf48679f162fa365df6b21263469d76ef967c2acef36,2026-10-09T06:11:46.289365+00:00,2026-10-09T06:11:46.290361+00:00
local,C:\Users\admin\Documents\Codex\2026-10-09\6-45-jiae-jeong-lotto-data\work\primary_mode_1245_v4_clean_20261009\research\prospective_v4\decisions\1245\MODE_SELECTION_PROTOCOL_1245_V4.md,4093,6b3a12a800f58d7693cbcd5d73f7be9b50c717d4aa0aa264b3c06ff0e6b9a79d,2026-10-09T06:11:46.265520+00:00,2026-10-09T06:11:46.266523+00:00
local,C:\Users\admin\Documents\Codex\2026-10-09\6-45-jiae-jeong-lotto-data\work\primary_mode_1245_v4_clean_20261009\research\prospective_v4\decisions\1245\MODE_SELECTION_SEAL_1245_V4.json,13260,41e2e0aa60970cffbaf59fbb1fbb24ac038e961fde58f980bc172b62261e9aa4,2026-10-09T06:16:40.678799+00:00,2026-10-09T06:16:40.679800+00:00
local,C:\Users\admin\Documents\Codex\2026-10-09\6-45-jiae-jeong-lotto-data\work\primary_mode_1245_v4_clean_20261009\research\prospective_v4\decisions\1245\MODE_STATISTICAL_TESTS_1245_V4.json,7316,40e9e1f6a0438e0762eea51a8cac9ac11edb4f63d655e79ff324ed1a40950d3e,2026-10-09T06:14:31.859104+00:00,2026-10-09T06:14:31.860844+00:00
local,C:\Users\admin\Documents\Codex\2026-10-09\6-45-jiae-jeong-lotto-data\work\primary_mode_1245_v4_clean_20261009\research\prospective_v4\decisions\1245\MODE_SUMMARY_1245_V4.json,10788,f984a951a6137cf70f509ae842d2fcc7ba220e8ffa293ea7e78929c979ce532b,2026-10-09T06:14:31.863743+00:00,2026-10-09T06:14:31.866660+00:00
local,C:\Users\admin\Documents\Codex\2026-10-09\6-45-jiae-jeong-lotto-data\work\primary_mode_1245_v4_clean_20261009\research\prospective_v4\decisions\1245\PRIMARY_PURCHASE_DECISION_1245_V4.json,5795,74fea63eb4512b1e7443d0b4ab0e4b78c3621ac20effcf881309552c475d3f5d,2026-10-09T06:14:31.877472+00:00,2026-10-09T06:14:31.877472+00:00
local,C:\Users\admin\Documents\Codex\2026-10-09\6-45-jiae-jeong-lotto-data\work\primary_mode_1245_v4_clean_20261009\research\prospective_v4\decisions\1245\PRIMARY_PURCHASE_LINES_1245_V4.csv,1616,87e9238d094fc44fab8ec841fb4b8202f2322b4b474d3acf0de171b4cb5f5422,2026-10-09T06:14:31.873433+00:00,2026-10-09T06:14:31.875453+00:00
local,C:\Users\admin\Documents\Codex\2026-10-09\6-45-jiae-jeong-lotto-data\work\primary_mode_1245_v4_clean_20261009\research\prospective_v4\decisions\1245\run_mode_comparison_1245_v4.py,11269,efeff81d9608018af4917f4a3842768ff7669c7f673860a990cc589dcd5d8f31,2026-10-09T06:08:16.932734+00:00,2026-10-09T06:08:16.932734+00:00
local,C:\Users\admin\Documents\Codex\2026-10-09\6-45-jiae-jeong-lotto-data\work\primary_mode_1245_v4_clean_20261009\research\prospective_v4\decisions\1245\VERIFICATION_1245_V4.json,2793,4ca2b2c7c0df13fa9206b8887975cdaf417a2c5fcc1fdd088615f870efc962fe,2026-10-09T06:16:40.597276+00:00,2026-10-09T06:16:40.598457+00:00
local,C:\Users\admin\Documents\Codex\2026-10-09\6-45-jiae-jeong-lotto-data\work\primary_mode_1245_v4_clean_20261009\research\prospective_v4\decisions\1245\VERIFICATION_EXECUTION_1245_V4.log,36255,52ab8d42b93c74f153da389e62796459a4e27ab09bb8deb75e7fff02e321ea38,2026-10-09T06:16:40.614441+00:00,2026-10-09T06:16:40.614441+00:00
local,C:\Users\admin\Documents\Codex\2026-10-09\6-45-jiae-jeong-lotto-data\work\primary_mode_1245_v4_clean_20261009\research\prospective_v4\decisions\1245\verify_primary_mode_1245_v4.py,9795,9685cb97229e3801652976edf63f74916dbb3dc9b05e796a48499ee44c8e53de,2026-10-09T06:14:45.166905+00:00,2026-10-09T06:14:45.174183+00:00
local,C:\Users\admin\Documents\Codex\2026-10-09\6-45-jiae-jeong-lotto-data\work\primary_mode_1245_v4_clean_20261009\research\prospective_v4\predictions\1245\CANDIDATES_1245_V4.csv,184069,4895bb7fc47edb47c45bfdcdec598bc9c45efb23c0eccaf4064d2f7b6206ae0a,2026-10-09T06:03:11.772646+00:00,2026-10-09T06:03:11.787577+00:00
local,C:\Users\admin\Documents\Codex\2026-10-09\6-45-jiae-jeong-lotto-data\work\primary_mode_1245_v4_clean_20261009\research\prospective_v4\predictions\1245\CANDIDATE_AUDIT_1245_V4.json,3581,c4282cb1d8ded54147fe337c4425d429173026d8ed013ac12ff7311ca85ebc57,2026-10-09T06:03:11.789335+00:00,2026-10-09T06:03:11.791293+00:00
local,C:\Users\admin\Documents\Codex\2026-10-09\6-45-jiae-jeong-lotto-data\work\primary_mode_1245_v4_clean_20261009\research\prospective_v4\predictions\1245\ENGINE_PREDICTION_1245_V4.json,101402,581b1409044a16985a66c9b8f1bf6edd9b603f26b37c1d92e6f1b48a750a8178,2026-10-09T06:03:11.792781+00:00,2026-10-09T06:03:11.794314+00:00
local,C:\Users\admin\Documents\Codex\2026-10-09\6-45-jiae-jeong-lotto-data\work\primary_mode_1245_v4_clean_20261009\research\prospective_v4\predictions\1245\EXECUTION_PRESEAL_1245_V4.log,30715,bc2d8ecd1369de3da2514df41eedc0df48c25863f1033e2f74b5639a865c284d,2026-10-09T06:03:11.796539+00:00,2026-10-09T06:03:11.797967+00:00
local,C:\Users\admin\Documents\Codex\2026-10-09\6-45-jiae-jeong-lotto-data\work\primary_mode_1245_v4_clean_20261009\research\prospective_v4\predictions\1245\FINAL_THREE_LINES_1245_V4.csv,2852,7ce371fe06a2e4b88f249d264e528b518e6da2fe9f54afc52fda0b26551279a0,2026-10-09T06:03:11.798970+00:00,2026-10-09T06:03:11.800351+00:00
local,C:\Users\admin\Documents\Codex\2026-10-09\6-45-jiae-jeong-lotto-data\work\primary_mode_1245_v4_clean_20261009\research\prospective_v4\predictions\1245\FROZEN_SCORE_CAPTURE_1245_V4.json,3810109,5d2bac7c243a9cbe5cf3966ef253f8cad0e897cd4be510c3734ab52c88e3edc3,2026-10-09T06:03:11.801351+00:00,2026-10-09T06:03:11.806228+00:00
local,C:\Users\admin\Documents\Codex\2026-10-09\6-45-jiae-jeong-lotto-data\work\primary_mode_1245_v4_clean_20261009\research\prospective_v4\predictions\1245\MODEL_PREDICTIONS_1245_V4.csv,7877,92f72d1b2d83026be102810a283bbe7ac5a4f6cb9659b0d09ae37637d8df9eb6,2026-10-09T06:03:11.806228+00:00,2026-10-09T06:03:11.822513+00:00
local,C:\Users\admin\Documents\Codex\2026-10-09\6-45-jiae-jeong-lotto-data\work\primary_mode_1245_v4_clean_20261009\research\prospective_v4\predictions\1245\NUMBER_SCORES_1245_V4.csv,219112,529021f777035078985ee208cc7317883cc864f9b926ad48e14da0dfcd217771,2026-10-09T06:03:11.823406+00:00,2026-10-09T06:03:11.825865+00:00
local,C:\Users\admin\Documents\Codex\2026-10-09\6-45-jiae-jeong-lotto-data\work\primary_mode_1245_v4_clean_20261009\research\prospective_v4\predictions\1245\PREDICTION_1245_V4.json,97103,589a211570e18af87a29a3723b76a0b7a3aed678eae6bcc6a8d029ea49b66f8a,2026-10-09T06:03:11.827033+00:00,2026-10-09T06:03:11.829458+00:00
local,C:\Users\admin\Documents\Codex\2026-10-09\6-45-jiae-jeong-lotto-data\work\primary_mode_1245_v4_clean_20261009\research\prospective_v4\predictions\1245\PREDICTION_MANIFEST_1245_V4.csv,3579,7f697da2f727bcdeffe4e32f0b1785c7b1df4944b2c31ea23d4cfd13e8e2470d,2026-10-09T06:03:11.830456+00:00,2026-10-09T06:03:11.833687+00:00
local,C:\Users\admin\Documents\Codex\2026-10-09\6-45-jiae-jeong-lotto-data\work\primary_mode_1245_v4_clean_20261009\research\prospective_v4\predictions\1245\PREDICTION_SEAL_1245_V4.json,9756,5300807aacfba8b37f3f8db5aaf5eefcb7e522e910d79fc016e37bc86ca61fe5,2026-10-09T06:03:11.834688+00:00,2026-10-09T06:03:11.835697+00:00
local,C:\Users\admin\Documents\Codex\2026-10-09\6-45-jiae-jeong-lotto-data\work\primary_mode_1245_v4_clean_20261009\research\prospective_v4\predictions\1245\RANDOM_BASELINE_1245_V4.json,1276,c7ad364eb66f510418aa086b21b1bc772e5c5ff52f3ce96d946d8e073684b09b,2026-10-09T06:03:11.836687+00:00,2026-10-09T06:03:11.837687+00:00
local,C:\Users\admin\Documents\Codex\2026-10-09\6-45-jiae-jeong-lotto-data\work\primary_mode_1245_v4_clean_20261009\research\prospective_v4\predictions\1245\README_1245_V4.md,1985,ce678f6eeacfc6c577f3ae8dc93771f0bb31d2eab94b7a084b02e63681756cb4,2026-10-09T06:03:11.839370+00:00,2026-10-09T06:03:11.841527+00:00
local,C:\Users\admin\Documents\Codex\2026-10-09\6-45-jiae-jeong-lotto-data\work\primary_mode_1245_v4_clean_20261009\research\prospective_v4\predictions\1245\run_prediction_1245_v4.py,16301,2cdd219a511879bcd37b4487a767065f8a9aab17850e4d0a370fda46bfb1a67e,2026-10-09T06:03:11.890265+00:00,2026-10-09T06:03:11.891461+00:00
local,C:\Users\admin\Documents\Codex\2026-10-09\6-45-jiae-jeong-lotto-data\work\primary_mode_1245_v4_clean_20261009\research\prospective_v4\predictions\1245\SELECTION_TRACE_1245_V4.csv,88423,2de572ba92aa03d70f3e9818ef1c164b0ba878d4998c4390029377facae69ca7,2026-10-09T06:03:11.841527+00:00,2026-10-09T06:03:11.841527+00:00
local,C:\Users\admin\Documents\Codex\2026-10-09\6-45-jiae-jeong-lotto-data\work\primary_mode_1245_v4_clean_20261009\research\prospective_v4\predictions\1245\STRUCTURE_DIAGNOSTICS_1245_V4.csv,1932811,4ec1e94d9e14221653e5a0203840bad67fd83580d2d9226e868748e16518e570,2026-10-09T06:03:11.841527+00:00,2026-10-09T06:03:11.856963+00:00
local,C:\Users\admin\Documents\Codex\2026-10-09\6-45-jiae-jeong-lotto-data\work\primary_mode_1245_v4_clean_20261009\research\prospective_v4\predictions\1245\TICKET_SCORES_1245_V4.csv,6906766,1d8b573532f6f4cd96b5314e8686c62d53b1500e83dfae41d4f7e532313899bf,2026-10-09T06:03:11.857967+00:00,2026-10-09T06:03:11.879466+00:00
local,C:\Users\admin\Documents\Codex\2026-10-09\6-45-jiae-jeong-lotto-data\work\primary_mode_1245_v4_clean_20261009\research\prospective_v4\predictions\1245\VERIFICATION_1245_V4.json,5763,62ed7f1c110aac9e59356055ce1625dbbc67b05408c62addeb63a0efb1c41939,2026-10-09T06:03:11.879466+00:00,2026-10-09T06:03:11.879466+00:00
local,C:\Users\admin\Documents\Codex\2026-10-09\6-45-jiae-jeong-lotto-data\work\primary_mode_1245_v4_clean_20261009\research\prospective_v4\predictions\1245\verify_prediction_1245_v4.py,12237,1f5a35f390a311dccc92aab52813951f3847b1febfe3c4371eb217d4534e63d7,2026-10-09T06:03:11.893825+00:00,2026-10-09T06:03:11.894996+00:00
local,C:\Users\admin\Documents\Codex\2026-10-09\6-45-jiae-jeong-lotto-data\work\primary_mode_1245_v4_remote_verified_20261009\lotto_data.csv,43234,243cd17e6b97a2d96709ddfc689a068038669341a52dcc0743c141d309e43b9f,2026-10-09T06:18:50.724869+00:00,2026-10-09T06:18:50.724869+00:00
local,C:\Users\admin\Documents\Codex\2026-10-09\6-45-jiae-jeong-lotto-data\work\primary_mode_1245_v4_remote_verified_20261009\research\1245_final_pipeline_v3\recovered_original_assets\b_model_backtest.py,27977,3ecf4fb805c2448e49c39e01174b3a112d4865c7ff1a31157437515b78be47cb,2026-10-09T06:18:50.816394+00:00,2026-10-09T06:18:50.817452+00:00
local,C:\Users\admin\Documents\Codex\2026-10-09\6-45-jiae-jeong-lotto-data\work\primary_mode_1245_v4_remote_verified_20261009\research\1245_final_pipeline_v3\recovered_original_assets\outputs\b_model_50_round_trends.csv,6264,199bd09e71f9f7171b2c26ee68a7eb8afd40edcd17a1f8907dd09c2a4e7f57df,2026-10-09T06:18:50.562402+00:00,2026-10-09T06:18:50.563742+00:00
local,C:\Users\admin\Documents\Codex\2026-10-09\6-45-jiae-jeong-lotto-data\work\primary_mode_1245_v4_remote_verified_20261009\research\1245_final_pipeline_v3\recovered_original_assets\outputs\b_model_classification.csv,3509,2c7a8030b0129eef55137852a8e5e297d916239c46a8fc9bbe0e0c467ecf9ff2,2026-10-09T06:18:50.765899+00:00,2026-10-09T06:18:50.766948+00:00
local,C:\Users\admin\Documents\Codex\2026-10-09\6-45-jiae-jeong-lotto-data\work\primary_mode_1245_v4_remote_verified_20261009\research\1245_final_pipeline_v3\recovered_original_assets\outputs\b_model_holdout_metrics.csv,113856,147765c9f3353deac5cc5c91e37ce0f80a7e4608c9e29738d4724130df5bc2a4,2026-10-09T06:18:50.536453+00:00,2026-10-09T06:18:50.537454+00:00
local,C:\Users\admin\Documents\Codex\2026-10-09\6-45-jiae-jeong-lotto-data\work\primary_mode_1245_v4_remote_verified_20261009\research\1245_final_pipeline_v3\recovered_original_assets\outputs\b_model_predictions.csv,3236859,088685b5c30275c2640dfda2001beb99cebf5855156ae54ad5e0f6f170cf39be,2026-10-09T06:18:50.496557+00:00,2026-10-09T06:18:50.502789+00:00
local,C:\Users\admin\Documents\Codex\2026-10-09\6-45-jiae-jeong-lotto-data\work\primary_mode_1245_v4_remote_verified_20261009\research\1245_final_pipeline_v3\recovered_original_assets\outputs\OUTPUT_SHA256.csv,1270,f122d0b9a995a76b031a2e5f881f33e39b51ac7804e608505e0bb991d2a73852,2026-10-09T06:18:50.669727+00:00,2026-10-09T06:18:50.670757+00:00
local,C:\Users\admin\Documents\Codex\2026-10-09\6-45-jiae-jeong-lotto-data\work\primary_mode_1245_v4_remote_verified_20261009\research\1245_final_pipeline_v3\recovered_original_assets\outputs\RECOVERY_README.md,2318,c1eff0ff2bc82ecadcd6db82582f942203a7126ecd766fbcb25df6a1befe9948,2026-10-09T06:18:50.900006+00:00,2026-10-09T06:18:50.901013+00:00
local,C:\Users\admin\Documents\Codex\2026-10-09\6-45-jiae-jeong-lotto-data\work\primary_mode_1245_v4_remote_verified_20261009\research\prospective_v4\DATA_MANIFEST_V4.csv,2211,107a9818e4cccc9790ede3bb1bfb8215a719ddbeeb85eb9ce8914c99ff66b6e4,2026-10-09T06:18:50.642337+00:00,2026-10-09T06:18:50.643329+00:00
local,C:\Users\admin\Documents\Codex\2026-10-09\6-45-jiae-jeong-lotto-data\work\primary_mode_1245_v4_remote_verified_20261009\research\prospective_v4\evaluation_v4.py,2567,9fae6c59956ce49489abb9c3ee08df030054254fc95ed1928fafb37cc087f22b,2026-10-09T06:18:50.894306+00:00,2026-10-09T06:18:50.894306+00:00
local,C:\Users\admin\Documents\Codex\2026-10-09\6-45-jiae-jeong-lotto-data\work\primary_mode_1245_v4_remote_verified_20261009\research\prospective_v4\EVIDENCE_REVIEW_V4.md,3098,4e2439a44a774f571648e5c98fd4d88d1727a1bcd81b7e148c2f7cedde69ee1d,2026-10-09T06:18:50.555453+00:00,2026-10-09T06:18:50.557453+00:00
local,C:\Users\admin\Documents\Codex\2026-10-09\6-45-jiae-jeong-lotto-data\work\primary_mode_1245_v4_remote_verified_20261009\research\prospective_v4\MODEL_MANIFEST_V4.csv,5195,cf79fdb55d0b40b75d6c724aeb9891345c225040a26dcf455bd1b9ade12bb1f2,2026-10-09T06:18:50.647593+00:00,2026-10-09T06:18:50.647593+00:00
local,C:\Users\admin\Documents\Codex\2026-10-09\6-45-jiae-jeong-lotto-data\work\primary_mode_1245_v4_remote_verified_20261009\research\prospective_v4\prospective_engine_v4.py,9263,f6ce9f995b7189a73cf54e9036b6053d388f2ea7e3f06a3357769669ee143b44,2026-10-09T06:18:50.521635+00:00,2026-10-09T06:18:50.521848+00:00
local,C:\Users\admin\Documents\Codex\2026-10-09\6-45-jiae-jeong-lotto-data\work\primary_mode_1245_v4_remote_verified_20261009\research\prospective_v4\PROSPECTIVE_PROTOCOL_V4.md,9338,7addf5c2e2af20638f21e9f7cb930a8dda86e738fe89020c3593cf85e0e98f4b,2026-10-09T06:18:50.686641+00:00,2026-10-09T06:18:50.687634+00:00
local,C:\Users\admin\Documents\Codex\2026-10-09\6-45-jiae-jeong-lotto-data\work\primary_mode_1245_v4_remote_verified_20261009\research\prospective_v4\RANDOM_BASELINE_V4.json,833,55c64c398ef1ef1b5597233d724eeb4fc4b06a7937a0d218a5d567275f379e92,2026-10-09T06:18:50.674780+00:00,2026-10-09T06:18:50.676075+00:00
local,C:\Users\admin\Documents\Codex\2026-10-09\6-45-jiae-jeong-lotto-data\work\primary_mode_1245_v4_remote_verified_20261009\research\prospective_v4\RESEARCH_REGISTRY_V4.csv,32643,01e5214150b783e2a352e41d0a6371d0ec7542f76b981941758fc95c3e4b07b4,2026-10-09T06:18:50.842034+00:00,2026-10-09T06:18:50.843035+00:00
local,C:\Users\admin\Documents\Codex\2026-10-09\6-45-jiae-jeong-lotto-data\work\primary_mode_1245_v4_remote_verified_20261009\research\prospective_v4\RULES_V4.json,2623,b8d3387a38f2480dd0ca0057cf7696f66d420eb444c4d591ed6955a3b0f60dda,2026-10-09T06:18:50.834552+00:00,2026-10-09T06:18:50.837021+00:00
local,C:\Users\admin\Documents\Codex\2026-10-09\6-45-jiae-jeong-lotto-data\work\primary_mode_1245_v4_remote_verified_20261009\research\prospective_v4\SHA256_MANIFEST_V4.csv,2049,710dba7c0b9047f3575fff64f1ac7d3551f5d8b47818127d3aa61e74803c64c9,2026-10-09T06:18:50.906108+00:00,2026-10-09T06:18:50.907104+00:00
local,C:\Users\admin\Documents\Codex\2026-10-09\6-45-jiae-jeong-lotto-data\work\primary_mode_1245_v4_remote_verified_20261009\research\prospective_v4\SOURCE_EVIDENCE_INVENTORY_V4.csv,57892,27ad60e261fa1d04c07b6633be77f01f39a5c1b78f313f835653d06ac3155d19,2026-10-09T06:18:50.802874+00:00,2026-10-09T06:18:50.803910+00:00
local,C:\Users\admin\Documents\Codex\2026-10-09\6-45-jiae-jeong-lotto-data\work\primary_mode_1245_v4_remote_verified_20261009\research\prospective_v4\V4_FREEZE_SEAL.json,4670,6a018e3036187a26ac9bcffda9fd7379d65d86cde84514faa08f4ea349b0f4bb,2026-10-09T06:18:50.929786+00:00,2026-10-09T06:18:50.931797+00:00
local,C:\Users\admin\Documents\Codex\2026-10-09\6-45-jiae-jeong-lotto-data\work\primary_mode_1245_v4_remote_verified_20261009\research\prospective_v4\VALIDATION_GATES_V4.json,2243,357464e9de933ef042a940da12b3fcdb91206bbfee04645e22e67081fa1e607a,2026-10-09T06:18:50.960661+00:00,2026-10-09T06:18:50.960661+00:00
local,C:\Users\admin\Documents\Codex\2026-10-09\6-45-jiae-jeong-lotto-data\work\primary_mode_1245_v4_remote_verified_20261009\research\prospective_v4\verify_freeze_v4.py,1996,5511923bb358ece8653d5cdddae67c89888eb867a0e4d9bb7a4cecb7f5989fbd,2026-10-09T06:18:50.636747+00:00,2026-10-09T06:18:50.637975+00:00
local,C:\Users\admin\Documents\Codex\2026-10-09\6-45-jiae-jeong-lotto-data\work\primary_mode_1245_v4_remote_verified_20261009\research\prospective_v4\decisions\1245\EXECUTION_LOG_1245_V4.log,2830,9300c334319637603bcf450bffd9c57292ba60ba932ff5d700172f3c8f3e0121,2026-10-09T06:18:44.965739+00:00,2026-10-09T06:18:44.966706+00:00
local,C:\Users\admin\Documents\Codex\2026-10-09\6-45-jiae-jeong-lotto-data\work\primary_mode_1245_v4_remote_verified_20261009\research\prospective_v4\decisions\1245\mode_analysis_1245_v4.py,10960,4bb2beb0c64321a741e5b168030c6c8d7831f670f59dc6cbe3dcf7c1a38f0e99,2026-10-09T06:18:45.266723+00:00,2026-10-09T06:18:45.268731+00:00
local,C:\Users\admin\Documents\Codex\2026-10-09\6-45-jiae-jeong-lotto-data\work\primary_mode_1245_v4_remote_verified_20261009\research\prospective_v4\decisions\1245\MODE_BACKTEST_1245_V4.csv,254373,c138ee7018cf51908523e9b9dc5fb3dc282c635801891da94749327c36c728b1,2026-10-09T06:18:45.679487+00:00,2026-10-09T06:18:45.722383+00:00
local,C:\Users\admin\Documents\Codex\2026-10-09\6-45-jiae-jeong-lotto-data\work\primary_mode_1245_v4_remote_verified_20261009\research\prospective_v4\decisions\1245\MODE_BLOCK_STABILITY_1245_V4.csv,1707,5af1fa31be6728719f5064dfaa06227c28f2b922db835138d9c35415d9b3c499,2026-10-09T06:18:46.088435+00:00,2026-10-09T06:18:46.089445+00:00
local,C:\Users\admin\Documents\Codex\2026-10-09\6-45-jiae-jeong-lotto-data\work\primary_mode_1245_v4_remote_verified_20261009\research\prospective_v4\decisions\1245\MODE_MODEL_CONTRIBUTIONS_1245_V4.csv,1235,58d155c7e3a369c0fddd70615ef7377af7b99fe1b029d6ed1df79a7c8042a94e,2026-10-09T06:18:46.415749+00:00,2026-10-09T06:18:46.416747+00:00
local,C:\Users\admin\Documents\Codex\2026-10-09\6-45-jiae-jeong-lotto-data\work\primary_mode_1245_v4_remote_verified_20261009\research\prospective_v4\decisions\1245\MODE_RANDOM_BASELINE_1245_V4.csv,73848,63a6ec9fc2d00957e9c124ed5685b6c6710f036f622a2266a3a15bbae4c1c078,2026-10-09T06:18:46.710305+00:00,2026-10-09T06:18:46.720284+00:00
local,C:\Users\admin\Documents\Codex\2026-10-09\6-45-jiae-jeong-lotto-data\work\primary_mode_1245_v4_remote_verified_20261009\research\prospective_v4\decisions\1245\MODE_SELECTION_CONFIG_1245_V4.json,3001,f3aca472f96f7e796e45192b15bde26694625875a94f07475cc9b1d12cff2eba,2026-10-09T06:18:47.027340+00:00,2026-10-09T06:18:47.027340+00:00
local,C:\Users\admin\Documents\Codex\2026-10-09\6-45-jiae-jeong-lotto-data\work\primary_mode_1245_v4_remote_verified_20261009\research\prospective_v4\decisions\1245\MODE_SELECTION_MANIFEST_1245_V4.csv,2643,eb5c1bc47519c1f7b7b4a0c9142fe3a489080ca86d15f747e1a2b0e8fa970027,2026-10-09T06:18:47.318470+00:00,2026-10-09T06:18:47.318470+00:00
local,C:\Users\admin\Documents\Codex\2026-10-09\6-45-jiae-jeong-lotto-data\work\primary_mode_1245_v4_remote_verified_20261009\research\prospective_v4\decisions\1245\MODE_SELECTION_PRERUN_LOCK_1245_V4.json,949,ec0708d733123a2b214cdf48679f162fa365df6b21263469d76ef967c2acef36,2026-10-09T06:18:47.605643+00:00,2026-10-09T06:18:47.605643+00:00
local,C:\Users\admin\Documents\Codex\2026-10-09\6-45-jiae-jeong-lotto-data\work\primary_mode_1245_v4_remote_verified_20261009\research\prospective_v4\decisions\1245\MODE_SELECTION_PROTOCOL_1245_V4.md,4093,6b3a12a800f58d7693cbcd5d73f7be9b50c717d4aa0aa264b3c06ff0e6b9a79d,2026-10-09T06:18:47.861515+00:00,2026-10-09T06:18:47.864230+00:00
local,C:\Users\admin\Documents\Codex\2026-10-09\6-45-jiae-jeong-lotto-data\work\primary_mode_1245_v4_remote_verified_20261009\research\prospective_v4\decisions\1245\MODE_SELECTION_SEAL_1245_V4.json,13260,41e2e0aa60970cffbaf59fbb1fbb24ac038e961fde58f980bc172b62261e9aa4,2026-10-09T06:18:48.170205+00:00,2026-10-09T06:18:48.184198+00:00
local,C:\Users\admin\Documents\Codex\2026-10-09\6-45-jiae-jeong-lotto-data\work\primary_mode_1245_v4_remote_verified_20261009\research\prospective_v4\decisions\1245\MODE_STATISTICAL_TESTS_1245_V4.json,7316,40e9e1f6a0438e0762eea51a8cac9ac11edb4f63d655e79ff324ed1a40950d3e,2026-10-09T06:18:48.473741+00:00,2026-10-09T06:18:48.478327+00:00
local,C:\Users\admin\Documents\Codex\2026-10-09\6-45-jiae-jeong-lotto-data\work\primary_mode_1245_v4_remote_verified_20261009\research\prospective_v4\decisions\1245\MODE_SUMMARY_1245_V4.json,10788,f984a951a6137cf70f509ae842d2fcc7ba220e8ffa293ea7e78929c979ce532b,2026-10-09T06:18:48.761661+00:00,2026-10-09T06:18:48.761661+00:00
local,C:\Users\admin\Documents\Codex\2026-10-09\6-45-jiae-jeong-lotto-data\work\primary_mode_1245_v4_remote_verified_20261009\research\prospective_v4\decisions\1245\PRIMARY_PURCHASE_DECISION_1245_V4.json,5795,74fea63eb4512b1e7443d0b4ab0e4b78c3621ac20effcf881309552c475d3f5d,2026-10-09T06:18:49.056340+00:00,2026-10-09T06:18:49.058352+00:00
local,C:\Users\admin\Documents\Codex\2026-10-09\6-45-jiae-jeong-lotto-data\work\primary_mode_1245_v4_remote_verified_20261009\research\prospective_v4\decisions\1245\PRIMARY_PURCHASE_LINES_1245_V4.csv,1616,87e9238d094fc44fab8ec841fb4b8202f2322b4b474d3acf0de171b4cb5f5422,2026-10-09T06:18:49.312161+00:00,2026-10-09T06:18:49.314731+00:00
local,C:\Users\admin\Documents\Codex\2026-10-09\6-45-jiae-jeong-lotto-data\work\primary_mode_1245_v4_remote_verified_20261009\research\prospective_v4\decisions\1245\run_mode_comparison_1245_v4.py,11269,efeff81d9608018af4917f4a3842768ff7669c7f673860a990cc589dcd5d8f31,2026-10-09T06:18:49.607746+00:00,2026-10-09T06:18:49.609893+00:00
local,C:\Users\admin\Documents\Codex\2026-10-09\6-45-jiae-jeong-lotto-data\work\primary_mode_1245_v4_remote_verified_20261009\research\prospective_v4\decisions\1245\VERIFICATION_1245_V4.json,2793,4ca2b2c7c0df13fa9206b8887975cdaf417a2c5fcc1fdd088615f870efc962fe,2026-10-09T06:18:49.920800+00:00,2026-10-09T06:18:49.921586+00:00
local,C:\Users\admin\Documents\Codex\2026-10-09\6-45-jiae-jeong-lotto-data\work\primary_mode_1245_v4_remote_verified_20261009\research\prospective_v4\decisions\1245\VERIFICATION_EXECUTION_1245_V4.log,36255,52ab8d42b93c74f153da389e62796459a4e27ab09bb8deb75e7fff02e321ea38,2026-10-09T06:18:50.199414+00:00,2026-10-09T06:18:50.201423+00:00
local,C:\Users\admin\Documents\Codex\2026-10-09\6-45-jiae-jeong-lotto-data\work\primary_mode_1245_v4_remote_verified_20261009\research\prospective_v4\decisions\1245\verify_primary_mode_1245_v4.py,9795,9685cb97229e3801652976edf63f74916dbb3dc9b05e796a48499ee44c8e53de,2026-10-09T06:18:50.463944+00:00,2026-10-09T06:18:50.464978+00:00
local,C:\Users\admin\Documents\Codex\2026-10-09\6-45-jiae-jeong-lotto-data\work\primary_mode_1245_v4_remote_verified_20261009\research\prospective_v4\predictions\1245\CANDIDATES_1245_V4.csv,184069,4895bb7fc47edb47c45bfdcdec598bc9c45efb23c0eccaf4064d2f7b6206ae0a,2026-10-09T06:18:50.751651+00:00,2026-10-09T06:18:50.752524+00:00
local,C:\Users\admin\Documents\Codex\2026-10-09\6-45-jiae-jeong-lotto-data\work\primary_mode_1245_v4_remote_verified_20261009\research\prospective_v4\predictions\1245\CANDIDATE_AUDIT_1245_V4.json,3581,c4282cb1d8ded54147fe337c4425d429173026d8ed013ac12ff7311ca85ebc57,2026-10-09T06:18:50.483546+00:00,2026-10-09T06:18:50.484574+00:00
local,C:\Users\admin\Documents\Codex\2026-10-09\6-45-jiae-jeong-lotto-data\work\primary_mode_1245_v4_remote_verified_20261009\research\prospective_v4\predictions\1245\ENGINE_PREDICTION_1245_V4.json,101402,581b1409044a16985a66c9b8f1bf6edd9b603f26b37c1d92e6f1b48a750a8178,2026-10-09T06:18:50.699656+00:00,2026-10-09T06:18:50.700801+00:00
local,C:\Users\admin\Documents\Codex\2026-10-09\6-45-jiae-jeong-lotto-data\work\primary_mode_1245_v4_remote_verified_20261009\research\prospective_v4\predictions\1245\EXECUTION_PRESEAL_1245_V4.log,30715,bc2d8ecd1369de3da2514df41eedc0df48c25863f1033e2f74b5639a865c284d,2026-10-09T06:18:50.738477+00:00,2026-10-09T06:18:50.739477+00:00
local,C:\Users\admin\Documents\Codex\2026-10-09\6-45-jiae-jeong-lotto-data\work\primary_mode_1245_v4_remote_verified_20261009\research\prospective_v4\predictions\1245\FINAL_THREE_LINES_1245_V4.csv,2852,7ce371fe06a2e4b88f249d264e528b518e6da2fe9f54afc52fda0b26551279a0,2026-10-09T06:18:50.944191+00:00,2026-10-09T06:18:50.951460+00:00
local,C:\Users\admin\Documents\Codex\2026-10-09\6-45-jiae-jeong-lotto-data\work\primary_mode_1245_v4_remote_verified_20261009\research\prospective_v4\predictions\1245\FROZEN_SCORE_CAPTURE_1245_V4.json,3810109,5d2bac7c243a9cbe5cf3966ef253f8cad0e897cd4be510c3734ab52c88e3edc3,2026-10-09T06:18:50.775091+00:00,2026-10-09T06:18:50.781077+00:00
local,C:\Users\admin\Documents\Codex\2026-10-09\6-45-jiae-jeong-lotto-data\work\primary_mode_1245_v4_remote_verified_20261009\research\prospective_v4\predictions\1245\MODEL_PREDICTIONS_1245_V4.csv,7877,92f72d1b2d83026be102810a283bbe7ac5a4f6cb9659b0d09ae37637d8df9eb6,2026-10-09T06:18:50.680081+00:00,2026-10-09T06:18:50.681257+00:00
local,C:\Users\admin\Documents\Codex\2026-10-09\6-45-jiae-jeong-lotto-data\work\primary_mode_1245_v4_remote_verified_20261009\research\prospective_v4\predictions\1245\NUMBER_SCORES_1245_V4.csv,219112,529021f777035078985ee208cc7317883cc864f9b926ad48e14da0dfcd217771,2026-10-09T06:18:50.656977+00:00,2026-10-09T06:18:50.658953+00:00
local,C:\Users\admin\Documents\Codex\2026-10-09\6-45-jiae-jeong-lotto-data\work\primary_mode_1245_v4_remote_verified_20261009\research\prospective_v4\predictions\1245\PREDICTION_1245_V4.json,97103,589a211570e18af87a29a3723b76a0b7a3aed678eae6bcc6a8d029ea49b66f8a,2026-10-09T06:18:50.935745+00:00,2026-10-09T06:18:50.935745+00:00
local,C:\Users\admin\Documents\Codex\2026-10-09\6-45-jiae-jeong-lotto-data\work\primary_mode_1245_v4_remote_verified_20261009\research\prospective_v4\predictions\1245\PREDICTION_MANIFEST_1245_V4.csv,3579,7f697da2f727bcdeffe4e32f0b1785c7b1df4944b2c31ea23d4cfd13e8e2470d,2026-10-09T06:18:50.651846+00:00,2026-10-09T06:18:50.652965+00:00
local,C:\Users\admin\Documents\Codex\2026-10-09\6-45-jiae-jeong-lotto-data\work\primary_mode_1245_v4_remote_verified_20261009\research\prospective_v4\predictions\1245\PREDICTION_SEAL_1245_V4.json,9756,5300807aacfba8b37f3f8db5aaf5eefcb7e522e910d79fc016e37bc86ca61fe5,2026-10-09T06:18:50.712339+00:00,2026-10-09T06:18:50.713345+00:00
local,C:\Users\admin\Documents\Codex\2026-10-09\6-45-jiae-jeong-lotto-data\work\primary_mode_1245_v4_remote_verified_20261009\research\prospective_v4\predictions\1245\RANDOM_BASELINE_1245_V4.json,1276,c7ad364eb66f510418aa086b21b1bc772e5c5ff52f3ce96d946d8e073684b09b,2026-10-09T06:18:50.596596+00:00,2026-10-09T06:18:50.596596+00:00
local,C:\Users\admin\Documents\Codex\2026-10-09\6-45-jiae-jeong-lotto-data\work\primary_mode_1245_v4_remote_verified_20261009\research\prospective_v4\predictions\1245\README_1245_V4.md,1985,ce678f6eeacfc6c577f3ae8dc93771f0bb31d2eab94b7a084b02e63681756cb4,2026-10-09T06:18:50.911144+00:00,2026-10-09T06:18:50.913139+00:00
local,C:\Users\admin\Documents\Codex\2026-10-09\6-45-jiae-jeong-lotto-data\work\primary_mode_1245_v4_remote_verified_20261009\research\prospective_v4\predictions\1245\run_prediction_1245_v4.py,16301,2cdd219a511879bcd37b4487a767065f8a9aab17850e4d0a370fda46bfb1a67e,2026-10-09T06:18:50.568033+00:00,2026-10-09T06:18:50.569045+00:00
local,C:\Users\admin\Documents\Codex\2026-10-09\6-45-jiae-jeong-lotto-data\work\primary_mode_1245_v4_remote_verified_20261009\research\prospective_v4\predictions\1245\SELECTION_TRACE_1245_V4.csv,88423,2de572ba92aa03d70f3e9818ef1c164b0ba878d4998c4390029377facae69ca7,2026-10-09T06:18:50.918269+00:00,2026-10-09T06:18:50.919270+00:00
local,C:\Users\admin\Documents\Codex\2026-10-09\6-45-jiae-jeong-lotto-data\work\primary_mode_1245_v4_remote_verified_20261009\research\prospective_v4\predictions\1245\STRUCTURE_DIAGNOSTICS_1245_V4.csv,1932811,4ec1e94d9e14221653e5a0203840bad67fd83580d2d9226e868748e16518e570,2026-10-09T06:18:50.602662+00:00,2026-10-09T06:18:50.607214+00:00
local,C:\Users\admin\Documents\Codex\2026-10-09\6-45-jiae-jeong-lotto-data\work\primary_mode_1245_v4_remote_verified_20261009\research\prospective_v4\predictions\1245\TICKET_SCORES_1245_V4.csv,6906766,1d8b573532f6f4cd96b5314e8686c62d53b1500e83dfae41d4f7e532313899bf,2026-10-09T06:18:50.863536+00:00,2026-10-09T06:18:50.875328+00:00
local,C:\Users\admin\Documents\Codex\2026-10-09\6-45-jiae-jeong-lotto-data\work\primary_mode_1245_v4_remote_verified_20261009\research\prospective_v4\predictions\1245\VERIFICATION_1245_V4.json,5763,62ed7f1c110aac9e59356055ce1625dbbc67b05408c62addeb63a0efb1c41939,2026-10-09T06:18:50.797308+00:00,2026-10-09T06:18:50.798429+00:00
local,C:\Users\admin\Documents\Codex\2026-10-09\6-45-jiae-jeong-lotto-data\work\primary_mode_1245_v4_remote_verified_20261009\research\prospective_v4\predictions\1245\verify_prediction_1245_v4.py,12237,1f5a35f390a311dccc92aab52813951f3847b1febfe3c4371eb217d4534e63d7,2026-10-09T06:18:50.582043+00:00,2026-10-09T06:18:50.583040+00:00
local,C:\Users\admin\Documents\Codex\2026-10-09\6-45-jiae-jeong-lotto-data\work\prospective_v4_latest_main_20261009\lotto_data.csv,43234,243cd17e6b97a2d96709ddfc689a068038669341a52dcc0743c141d309e43b9f,2026-10-09T04:32:38.358912+00:00,2026-10-09T04:32:38.358912+00:00
local,C:\Users\admin\Documents\Codex\2026-10-09\6-45-jiae-jeong-lotto-data\work\prospective_v4_latest_main_20261009\LOTTO_PROJECT_PROTOCOL.md,17769,c218df7fa2f8cddfefde025015998c476c7ca363fa57694f5ab8933de14448d9,2026-10-09T04:32:38.354154+00:00,2026-10-09T04:32:38.354154+00:00
local,C:\Users\admin\Documents\Codex\2026-10-09\6-45-jiae-jeong-lotto-data\work\prospective_v4_latest_main_20261009\lotto_project_state_2026-10-06.md,8343,c9e27300662549b42f58462e6c6c6c5438c2eb60a31eab4d94a66adf2c42f925,2026-10-09T04:32:38.358912+00:00,2026-10-09T04:32:38.358912+00:00
local,C:\Users\admin\Documents\Codex\2026-10-09\6-45-jiae-jeong-lotto-data\work\prospective_v4_latest_main_20261009\analysis\2026-10-06\B_MODEL_RESULTS.md,2301,34e54b5a62493044333df85e8d54f9272e088021cba6f8287abcfb197e637ac8,2026-10-09T04:32:38.358912+00:00,2026-10-09T04:32:38.358912+00:00
local,C:\Users\admin\Documents\Codex\2026-10-09\6-45-jiae-jeong-lotto-data\work\prospective_v4_latest_main_20261009\research\1245_final_pipeline_v3\candidate_overlap_v3.csv,5665,9e9934ca90f48943ce3aee4eb3d2cd8131b31c7fe2ecfb0c14fac8e9be2e56b8,2026-10-09T04:32:38.373049+00:00,2026-10-09T04:32:38.373049+00:00
local,C:\Users\admin\Documents\Codex\2026-10-09\6-45-jiae-jeong-lotto-data\work\prospective_v4_latest_main_20261009\research\1245_final_pipeline_v3\CURRENT_STATUS_2026-10-09.md,4456,cc6efe48a0801d24f859060660e9969e3cf20ae897074aeac85847ff8c6f5cf3,2026-10-09T04:32:38.369565+00:00,2026-10-09T04:32:38.370562+00:00
local,C:\Users\admin\Documents\Codex\2026-10-09\6-45-jiae-jeong-lotto-data\work\prospective_v4_latest_main_20261009\research\1245_final_pipeline_v3\FINAL_PIPELINE_V3_AUDIT.md,3380,fd42faab345ed1f25db8bc0321332d85f2523d6bab1ef6822abbb076647f51f6,2026-10-09T04:32:38.370562+00:00,2026-10-09T04:32:38.373049+00:00
local,C:\Users\admin\Documents\Codex\2026-10-09\6-45-jiae-jeong-lotto-data\work\prospective_v4_latest_main_20261009\research\1245_final_pipeline_v3\independent_validation_20261009.py,23093,990ed6b762c73865c7681d1ca5b9f320edc00640a2eeb7805ce29f700f118f87,2026-10-09T04:32:38.384211+00:00,2026-10-09T04:32:38.386479+00:00
local,C:\Users\admin\Documents\Codex\2026-10-09\6-45-jiae-jeong-lotto-data\work\prospective_v4_latest_main_20261009\research\1245_final_pipeline_v3\input_audit_v3.md,6099,3b04e87dcdd8c6fb4d83ce2f257536d075b2e1e2c58387e29f71e4ec71139452,2026-10-09T04:32:38.421900+00:00,2026-10-09T04:32:38.422915+00:00
local,C:\Users\admin\Documents\Codex\2026-10-09\6-45-jiae-jeong-lotto-data\work\prospective_v4_latest_main_20261009\research\1245_final_pipeline_v3\prepare_1245_final_three_lines_v3.py,40534,09d2cf7f3c9002db906669371d9e2b580d592053b035d891e6c1202e05704e46,2026-10-09T04:32:38.423913+00:00,2026-10-09T04:32:38.424922+00:00
local,C:\Users\admin\Documents\Codex\2026-10-09\6-45-jiae-jeong-lotto-data\work\prospective_v4_latest_main_20261009\research\1245_final_pipeline_v3\README_v3.md,4337,d2a4f32206d768f13f3ec59736a7a2ec8ecde0a72491f0016372f6d2bfab97df,2026-10-09T04:32:38.373049+00:00,2026-10-09T04:32:38.373049+00:00
local,C:\Users\admin\Documents\Codex\2026-10-09\6-45-jiae-jeong-lotto-data\work\prospective_v4_latest_main_20261009\research\1245_final_pipeline_v3\recover_and_run_20261009.py,10882,9ee1ca16759c9691c6abbf03f7cb2a539ce89e70f5f55560f5214ee913b9fff5,2026-10-09T04:32:38.426927+00:00,2026-10-09T04:32:38.428168+00:00
local,C:\Users\admin\Documents\Codex\2026-10-09\6-45-jiae-jeong-lotto-data\work\prospective_v4_latest_main_20261009\research\1245_final_pipeline_v3\score_components_v3.csv,3705,5eb4c4e2e99a8f22ade17f5df0cfd49844710b33a38934eb11df76b405811591,2026-10-09T04:32:38.487796+00:00,2026-10-09T04:32:38.487796+00:00
local,C:\Users\admin\Documents\Codex\2026-10-09\6-45-jiae-jeong-lotto-data\work\prospective_v4_latest_main_20261009\research\1245_final_pipeline_v3\selection_trace_v3.csv,1028,e1ca4cc97a38809c15fe9d78aa78f879c89bae69be4e8551354a2b96b708a3b4,2026-10-09T04:32:38.488963+00:00,2026-10-09T04:32:38.489973+00:00
local,C:\Users\admin\Documents\Codex\2026-10-09\6-45-jiae-jeong-lotto-data\work\prospective_v4_latest_main_20261009\research\1245_final_pipeline_v3\source_asset_search_v2.log,2033,c3fe8b18e229e93ef5eaeb525a8711b2c0f7c4efc380cfa03ee49b222a54dacf,2026-10-09T04:32:38.490983+00:00,2026-10-09T04:32:38.493538+00:00
local,C:\Users\admin\Documents\Codex\2026-10-09\6-45-jiae-jeong-lotto-data\work\prospective_v4_latest_main_20261009\research\1245_final_pipeline_v3\SOURCE_ASSET_SEARCH_v2.md,5320,e6c2d14f919d307c08e79d7f5736adb688aa0873d5b019c78c9c46293301aa0b,2026-10-09T04:32:38.373049+00:00,2026-10-09T04:32:38.373049+00:00
local,C:\Users\admin\Documents\Codex\2026-10-09\6-45-jiae-jeong-lotto-data\work\prospective_v4_latest_main_20261009\research\1245_final_pipeline_v3\V3_CHANGELOG.md,2862,f0b90deb840d70dbdc3827335d63cdb6380127a1ced37d3ed603003d7ea515e6,2026-10-09T04:32:38.373049+00:00,2026-10-09T04:32:38.373049+00:00
local,C:\Users\admin\Documents\Codex\2026-10-09\6-45-jiae-jeong-lotto-data\work\prospective_v4_latest_main_20261009\research\1245_final_pipeline_v3\independent_validation_20261009_independent\execution.log,756,64ceed6f74306d57bb896d6c658e46ba77f2b7fbf8040eae097b5a89c164c8ad,2026-10-09T04:32:38.393306+00:00,2026-10-09T04:32:38.394307+00:00
local,C:\Users\admin\Documents\Codex\2026-10-09\6-45-jiae-jeong-lotto-data\work\prospective_v4_latest_main_20261009\research\1245_final_pipeline_v3\independent_validation_20261009_independent\fresh_candidate_number_frequency.csv,560,adedc3e82f80e3d54966b0e5647cf2678ebd35529ed05118fc2fb985339d573b,2026-10-09T04:32:38.395316+00:00,2026-10-09T04:32:38.396289+00:00
local,C:\Users\admin\Documents\Codex\2026-10-09\6-45-jiae-jeong-lotto-data\work\prospective_v4_latest_main_20261009\research\1245_final_pipeline_v3\independent_validation_20261009_independent\fresh_candidate_overlaps.csv,2079,5440b639ad83d466d6e199ea25ff2baffed6665d99615433effbbfea4fda202b,2026-10-09T04:32:38.397330+00:00,2026-10-09T04:32:38.398344+00:00
local,C:\Users\admin\Documents\Codex\2026-10-09\6-45-jiae-jeong-lotto-data\work\prospective_v4_latest_main_20261009\research\1245_final_pipeline_v3\independent_validation_20261009_independent\fresh_model_scorecard.csv,5723,d2ecb738f6b4b959b60f545fcda118beab5e7ba45d7617b689e4a28b56e76c0f,2026-10-09T04:32:38.399352+00:00,2026-10-09T04:32:38.400324+00:00
local,C:\Users\admin\Documents\Codex\2026-10-09\6-45-jiae-jeong-lotto-data\work\prospective_v4_latest_main_20261009\research\1245_final_pipeline_v3\independent_validation_20261009_independent\fresh_portfolio_metrics.csv,614,257aafe0401a2d97c5efcf961a345205c9d53bc7fc583a17073d638e07cfb13a,2026-10-09T04:32:38.402062+00:00,2026-10-09T04:32:38.403065+00:00
local,C:\Users\admin\Documents\Codex\2026-10-09\6-45-jiae-jeong-lotto-data\work\prospective_v4_latest_main_20261009\research\1245_final_pipeline_v3\independent_validation_20261009_independent\fresh_portfolio_walkforward.csv,41084,a4214f1e17464ef3000377c05013d968567b758673c6ef86e36c0232b5563de6,2026-10-09T04:32:38.403935+00:00,2026-10-09T04:32:38.403935+00:00
local,C:\Users\admin\Documents\Codex\2026-10-09\6-45-jiae-jeong-lotto-data\work\prospective_v4_latest_main_20261009\research\1245_final_pipeline_v3\independent_validation_20261009_independent\fresh_walkforward_predictions.csv,178802,12e2ca1205c21fb11b219016c1c96fbec7480cd26b411e8a990c7d6ec7640a65,2026-10-09T04:32:38.403935+00:00,2026-10-09T04:32:38.403935+00:00
local,C:\Users\admin\Documents\Codex\2026-10-09\6-45-jiae-jeong-lotto-data\work\prospective_v4_latest_main_20261009\research\1245_final_pipeline_v3\independent_validation_20261009_independent\INDEPENDENT_VALIDATION_REPORT.md,5050,c3203179fa238fe34f1098ecaec29dd1d276d1949a63e42b54228dfd8bba2d57,2026-10-09T04:32:38.389466+00:00,2026-10-09T04:32:38.390274+00:00
local,C:\Users\admin\Documents\Codex\2026-10-09\6-45-jiae-jeong-lotto-data\work\prospective_v4_latest_main_20261009\research\1245_final_pipeline_v3\independent_validation_20261009_independent\reassessed_1245_three_lines.csv,963,f7ed4647f0c42af79c6257e9e351b8f8a8999b1bf9f83822cf1cbf035b3d2b85,2026-10-09T04:32:38.411179+00:00,2026-10-09T04:32:38.411179+00:00
local,C:\Users\admin\Documents\Codex\2026-10-09\6-45-jiae-jeong-lotto-data\work\prospective_v4_latest_main_20261009\research\1245_final_pipeline_v3\independent_validation_20261009_independent\reassessed_portfolio_overlap.csv,99,289949a2a72765535f4062c210b274b783d7ea3681852d49b65d1c8a405f812d,2026-10-09T04:32:38.411179+00:00,2026-10-09T04:32:38.411179+00:00
local,C:\Users\admin\Documents\Codex\2026-10-09\6-45-jiae-jeong-lotto-data\work\prospective_v4_latest_main_20261009\research\1245_final_pipeline_v3\independent_validation_20261009_independent\run_metadata.json,733,b8a6a37b81ad620c0906854f78a2cecc89b244aee1d78205e23be4a6be423887,2026-10-09T04:32:38.411179+00:00,2026-10-09T04:32:38.417551+00:00
local,C:\Users\admin\Documents\Codex\2026-10-09\6-45-jiae-jeong-lotto-data\work\prospective_v4_latest_main_20261009\research\1245_final_pipeline_v3\independent_validation_20261009_independent\SOURCE_ASSET_SEARCH.md,5344,cde0ccc7621c18e8be787aefc5deb2f9d1408cdf3dd1c825cb718686eca1c0e6,2026-10-09T04:32:38.391312+00:00,2026-10-09T04:32:38.392306+00:00
local,C:\Users\admin\Documents\Codex\2026-10-09\6-45-jiae-jeong-lotto-data\work\prospective_v4_latest_main_20261009\research\1245_final_pipeline_v3\independent_validation_20261009_independent\stored_reproduction_check.csv,1862,03a8b684aa58a173491d0e3ac3ab0ccdbf6c6e0bc86d4fdf9ba4cadf0ab4c417,2026-10-09T04:32:38.418580+00:00,2026-10-09T04:32:38.420403+00:00
local,C:\Users\admin\Documents\Codex\2026-10-09\6-45-jiae-jeong-lotto-data\work\prospective_v4_latest_main_20261009\research\1245_final_pipeline_v3\recovered_original_assets\b_model_backtest.py,27977,3ecf4fb805c2448e49c39e01174b3a112d4865c7ff1a31157437515b78be47cb,2026-10-09T04:32:38.434045+00:00,2026-10-09T04:32:38.435268+00:00
local,C:\Users\admin\Documents\Codex\2026-10-09\6-45-jiae-jeong-lotto-data\work\prospective_v4_latest_main_20261009\research\1245_final_pipeline_v3\recovered_original_assets\B_MODEL_RECOVERY_REPORT_2026-10-09.md,2895,e11900f4f26e16fea7161b6992f57e52327f2adca58aed858a6bc5e9ebbd9695,2026-10-09T04:32:38.431895+00:00,2026-10-09T04:32:38.432905+00:00
local,C:\Users\admin\Documents\Codex\2026-10-09\6-45-jiae-jeong-lotto-data\work\prospective_v4_latest_main_20261009\research\1245_final_pipeline_v3\recovered_original_assets\outputs\b_model_50_round_trends.csv,6264,199bd09e71f9f7171b2c26ee68a7eb8afd40edcd17a1f8907dd09c2a4e7f57df,2026-10-09T04:32:38.435268+00:00,2026-10-09T04:32:38.435268+00:00
local,C:\Users\admin\Documents\Codex\2026-10-09\6-45-jiae-jeong-lotto-data\work\prospective_v4_latest_main_20261009\research\1245_final_pipeline_v3\recovered_original_assets\outputs\b_model_classification.csv,3509,2c7a8030b0129eef55137852a8e5e297d916239c46a8fc9bbe0e0c467ecf9ff2,2026-10-09T04:32:38.435268+00:00,2026-10-09T04:32:38.435268+00:00
local,C:\Users\admin\Documents\Codex\2026-10-09\6-45-jiae-jeong-lotto-data\work\prospective_v4_latest_main_20261009\research\1245_final_pipeline_v3\recovered_original_assets\outputs\b_model_holdout_metrics.csv,113856,147765c9f3353deac5cc5c91e37ce0f80a7e4608c9e29738d4724130df5bc2a4,2026-10-09T04:32:38.448931+00:00,2026-10-09T04:32:38.449938+00:00
local,C:\Users\admin\Documents\Codex\2026-10-09\6-45-jiae-jeong-lotto-data\work\prospective_v4_latest_main_20261009\research\1245_final_pipeline_v3\recovered_original_assets\outputs\b_model_predictions.csv,3236859,088685b5c30275c2640dfda2001beb99cebf5855156ae54ad5e0f6f170cf39be,2026-10-09T04:32:38.451600+00:00,2026-10-09T04:32:38.454664+00:00
local,C:\Users\admin\Documents\Codex\2026-10-09\6-45-jiae-jeong-lotto-data\work\prospective_v4_latest_main_20261009\research\1245_final_pipeline_v3\recovered_original_assets\outputs\OUTPUT_SHA256.csv,1270,f122d0b9a995a76b031a2e5f881f33e39b51ac7804e608505e0bb991d2a73852,2026-10-09T04:32:38.435268+00:00,2026-10-09T04:32:38.435268+00:00
local,C:\Users\admin\Documents\Codex\2026-10-09\6-45-jiae-jeong-lotto-data\work\prospective_v4_latest_main_20261009\research\1245_final_pipeline_v3\recovered_original_assets\outputs\RECOVERY_README.md,2318,c1eff0ff2bc82ecadcd6db82582f942203a7126ecd766fbcb25df6a1befe9948,2026-10-09T04:32:38.435268+00:00,2026-10-09T04:32:38.435268+00:00
local,C:\Users\admin\Documents\Codex\2026-10-09\6-45-jiae-jeong-lotto-data\work\prospective_v4_latest_main_20261009\research\1245_final_pipeline_v3\recovery_run_20261009\execution.log,368,3f3af486c7199e12ba6104da4efc72aaf6156ff8ae8b38a953f4c040027e80fe,2026-10-09T04:32:38.468486+00:00,2026-10-09T04:32:38.474000+00:00
local,C:\Users\admin\Documents\Codex\2026-10-09\6-45-jiae-jeong-lotto-data\work\prospective_v4_latest_main_20261009\research\1245_final_pipeline_v3\recovery_run_20261009\EXECUTION_REPORT.md,5094,cf90009262eea3625afde07c683144be083e4926b0d8fc24d5eb1be2e137fea7,2026-10-09T04:32:38.467526+00:00,2026-10-09T04:32:38.468486+00:00
local,C:\Users\admin\Documents\Codex\2026-10-09\6-45-jiae-jeong-lotto-data\work\prospective_v4_latest_main_20261009\research\1245_final_pipeline_v3\recovery_run_20261009\final_three_lines_1245_v3_recovery.csv,746,d5e6da9e34d68f847a2d674b71e5d20512543d677734697333c21407f8478825,2026-10-09T04:32:38.474000+00:00,2026-10-09T04:32:38.474000+00:00
local,C:\Users\admin\Documents\Codex\2026-10-09\6-45-jiae-jeong-lotto-data\work\prospective_v4_latest_main_20261009\research\1245_final_pipeline_v3\recovery_run_20261009\model_candidates.csv,1663,bbb805de2dbb36896e0fb394107d17b481ab3bf3a8ad6ff554fb6ace47dd45ef,2026-10-09T04:32:38.474000+00:00,2026-10-09T04:32:38.474000+00:00
local,C:\Users\admin\Documents\Codex\2026-10-09\6-45-jiae-jeong-lotto-data\work\prospective_v4_latest_main_20261009\research\1245_final_pipeline_v3\recovery_run_20261009\model_validation_summary.csv,2296,261d5f223590e1521051413050e20da86570c2a0a202f9b716c4124290d54377,2026-10-09T04:32:38.474000+00:00,2026-10-09T04:32:38.474000+00:00
local,C:\Users\admin\Documents\Codex\2026-10-09\6-45-jiae-jeong-lotto-data\work\prospective_v4_latest_main_20261009\research\1245_final_pipeline_v3\recovery_run_20261009\PIPELINE_ERROR_REPORT.md,2142,4290870e41e5ad938070a614483d3c50f8df5906032dcab2199fc18c2345d9de,2026-10-09T04:32:38.468486+00:00,2026-10-09T04:32:38.468486+00:00
local,C:\Users\admin\Documents\Codex\2026-10-09\6-45-jiae-jeong-lotto-data\work\prospective_v4_latest_main_20261009\research\1245_final_pipeline_v3\recovery_run_20261009\portfolio_overlap.csv,99,289949a2a72765535f4062c210b274b783d7ea3681852d49b65d1c8a405f812d,2026-10-09T04:32:38.474000+00:00,2026-10-09T04:32:38.474000+00:00
local,C:\Users\admin\Documents\Codex\2026-10-09\6-45-jiae-jeong-lotto-data\work\prospective_v4_latest_main_20261009\research\1245_final_pipeline_v3\recovery_run_20261009\run_metadata.json,442,3b976c0f30f2cb84d96d9179e7bec5a2d23ef832937fa32176aa2502be74711b,2026-10-09T04:32:38.484558+00:00,2026-10-09T04:32:38.485634+00:00
local,C:\Users\admin\Documents\Codex\2026-10-09\6-45-jiae-jeong-lotto-data\work\prospective_v4_latest_main_20261009\research\expansion_framework_v1\audit_project.py,6092,2542674f08e842f8d8407074c9b44fffdd73b8ffbd8957baf45a1912b106be72,2026-10-09T04:32:38.504649+00:00,2026-10-09T04:32:38.504649+00:00
local,C:\Users\admin\Documents\Codex\2026-10-09\6-45-jiae-jeong-lotto-data\work\prospective_v4_latest_main_20261009\research\expansion_framework_v1\data_quality.py,841,9f49fec50527184426e67bd97d0d28336e15a06ad46c3c74a6a555a6694f1043,2026-10-09T04:32:38.504649+00:00,2026-10-09T04:32:38.504649+00:00
local,C:\Users\admin\Documents\Codex\2026-10-09\6-45-jiae-jeong-lotto-data\work\prospective_v4_latest_main_20261009\research\expansion_framework_v1\GITHUB_SYNC_GUIDE.md,969,d5bdd85fea1c9d09be10b9e24cfd8798e8866b1871b12cf2a0c4e6fa2625846d,2026-10-09T04:32:38.495566+00:00,2026-10-09T04:32:38.496598+00:00
local,C:\Users\admin\Documents\Codex\2026-10-09\6-45-jiae-jeong-lotto-data\work\prospective_v4_latest_main_20261009\research\expansion_framework_v1\hypothesis_template.py,478,06387096e1d500b33fa14991969d082ee212d1fd207afe2c58bf8b9b1da3d743,2026-10-09T04:32:38.510001+00:00,2026-10-09T04:32:38.510001+00:00
local,C:\Users\admin\Documents\Codex\2026-10-09\6-45-jiae-jeong-lotto-data\work\prospective_v4_latest_main_20261009\research\expansion_framework_v1\model_family_catalog.csv,1589,0aa34744e35a39f08764677fdff8f82456eadb9c065c1fa14925e7bbf04a5433,2026-10-09T04:32:38.511509+00:00,2026-10-09T04:32:38.511509+00:00
local,C:\Users\admin\Documents\Codex\2026-10-09\6-45-jiae-jeong-lotto-data\work\prospective_v4_latest_main_20261009\research\expansion_framework_v1\project_audit.md,1078,0b77c052e7cccfdbc152100900e02536fcc9c2a1a19ab73df0d62fd8bd17f3b5,2026-10-09T04:32:38.513905+00:00,2026-10-09T04:32:38.513905+00:00
local,C:\Users\admin\Documents\Codex\2026-10-09\6-45-jiae-jeong-lotto-data\work\prospective_v4_latest_main_20261009\research\expansion_framework_v1\project_baseline_manifest.csv,5303,f9e74a4b7e15631aaebdfdd7d58ae3ace6df64a8b5d115f4ac32ed35d639c4b2,2026-10-09T04:32:38.513905+00:00,2026-10-09T04:32:38.516628+00:00
local,C:\Users\admin\Documents\Codex\2026-10-09\6-45-jiae-jeong-lotto-data\work\prospective_v4_latest_main_20261009\research\expansion_framework_v1\README.md,5652,6c58b45a7b7630a35ab74eed5a4f2301673254eab16a98557776b35166214668,2026-10-09T04:32:38.499578+00:00,2026-10-09T04:32:38.500579+00:00
local,C:\Users\admin\Documents\Codex\2026-10-09\6-45-jiae-jeong-lotto-data\work\prospective_v4_latest_main_20261009\research\expansion_framework_v1\research_registry.csv,752,7d9277f4558a283de34244bdcb3994c16f4b0326c647da9550c4fea0b14d096b,2026-10-09T04:32:38.518892+00:00,2026-10-09T04:32:38.519888+00:00
local,C:\Users\admin\Documents\Codex\2026-10-09\6-45-jiae-jeong-lotto-data\work\prospective_v4_latest_main_20261009\research\expansion_framework_v1\run_study.py,1698,8776852cf5a40e14125b243a6d9719e1aa4e17d4ab1d5ba67c8dfc0d141a2370,2026-10-09T04:32:38.520887+00:00,2026-10-09T04:32:38.522146+00:00
local,C:\Users\admin\Documents\Codex\2026-10-09\6-45-jiae-jeong-lotto-data\work\prospective_v4_latest_main_20261009\research\expansion_framework_v1\study_template.md,1314,a1d204d137895d72fd8264cce4cc05c4447c9e28744647b3c54303d5c0a54fb9,2026-10-09T04:32:38.615500+00:00,2026-10-09T04:32:38.615500+00:00
local,C:\Users\admin\Documents\Codex\2026-10-09\6-45-jiae-jeong-lotto-data\work\prospective_v4_latest_main_20261009\research\expansion_framework_v1\UPLOAD_SHA256_MANIFEST.csv,4295,706aa2b41f5e6a3574604f279fa4cb4e7d7b573f96141518e4b09221175e5c3c,2026-10-09T04:32:38.501560+00:00,2026-10-09T04:32:38.501560+00:00
local,C:\Users\admin\Documents\Codex\2026-10-09\6-45-jiae-jeong-lotto-data\work\prospective_v4_latest_main_20261009\research\expansion_framework_v1\walkforward_core.py,5463,da7fe19177d31428c7b25a0afc32eab1ad84d7dc5ac8b009f2ce3e95f94b046c,2026-10-09T04:32:38.617971+00:00,2026-10-09T04:32:38.619079+00:00
local,C:\Users\admin\Documents\Codex\2026-10-09\6-45-jiae-jeong-lotto-data\work\prospective_v4_latest_main_20261009\research\expansion_framework_v1\studies\README.md,179,0767ed1596cc084bd3d25ff02d7f2dcb49c34ad97006c07cf7f054ce38479b18,2026-10-09T04:32:38.525132+00:00,2026-10-09T04:32:38.526248+00:00
local,C:\Users\admin\Documents\Codex\2026-10-09\6-45-jiae-jeong-lotto-data\work\prospective_v4_latest_main_20261009\research\expansion_framework_v1\studies\study_batch_001\bootstrap_confidence_intervals.csv,3458,1af02366e8f8b6f291a580cf1aa87e230701b0501efcdfcf7b5195ebacd0cb70,2026-10-09T04:32:38.536310+00:00,2026-10-09T04:32:38.537332+00:00
local,C:\Users\admin\Documents\Codex\2026-10-09\6-45-jiae-jeong-lotto-data\work\prospective_v4_latest_main_20261009\research\expansion_framework_v1\studies\study_batch_001\build_confidence.py,1386,b1851376f7fb9ecceb9aaae47b7f2cf743e588a36492f3eee5588fbc1f2c3fa7,2026-10-09T04:32:38.538003+00:00,2026-10-09T04:32:38.538003+00:00
local,C:\Users\admin\Documents\Codex\2026-10-09\6-45-jiae-jeong-lotto-data\work\prospective_v4_latest_main_20261009\research\expansion_framework_v1\studies\study_batch_001\build_diagnostics.py,7178,facdd7e360928cabde2b122ed5b29ab23d30f3819ffaf708bb18cd3f2398a533,2026-10-09T04:32:38.541008+00:00,2026-10-09T04:32:38.541008+00:00
local,C:\Users\admin\Documents\Codex\2026-10-09\6-45-jiae-jeong-lotto-data\work\prospective_v4_latest_main_20261009\research\expansion_framework_v1\studies\study_batch_001\build_rolling_summary.py,1089,d369d2472a348de187d16ad44411b1c47312b270e431678f2408afe1b2c264c6,2026-10-09T04:32:38.543726+00:00,2026-10-09T04:32:38.543726+00:00
local,C:\Users\admin\Documents\Codex\2026-10-09\6-45-jiae-jeong-lotto-data\work\prospective_v4_latest_main_20261009\research\expansion_framework_v1\studies\study_batch_001\b_model_comparison.csv,6745,14c4f44b6cf95bef701fe2201465b409e6f78d28e4a48ce4da07041a3a432ad7,2026-10-09T04:32:38.533538+00:00,2026-10-09T04:32:38.535313+00:00
local,C:\Users\admin\Documents\Codex\2026-10-09\6-45-jiae-jeong-lotto-data\work\prospective_v4_latest_main_20261009\research\expansion_framework_v1\studies\study_batch_001\conditional_number_transitions.csv,98702,6fb5bdf77dac6ae69c14aab087db51cdb96f987d2ed0a074ab12c56f63fb7f84,2026-10-09T04:32:38.546116+00:00,2026-10-09T04:32:38.546116+00:00
local,C:\Users\admin\Documents\Codex\2026-10-09\6-45-jiae-jeong-lotto-data\work\prospective_v4_latest_main_20261009\research\expansion_framework_v1\studies\study_batch_001\failure_registry.csv,13110,eb055bf1217ada60abb090f5d96834ff099c58abfab37a7de3d06c8ab4d1441b,2026-10-09T04:32:38.548195+00:00,2026-10-09T04:32:38.548195+00:00
local,C:\Users\admin\Documents\Codex\2026-10-09\6-45-jiae-jeong-lotto-data\work\prospective_v4_latest_main_20261009\research\expansion_framework_v1\studies\study_batch_001\model_correlation.csv,3704,722a3818032532e8c405fadc846345a855d617135f83d091f35c7d21c4da002e,2026-10-09T04:32:38.550842+00:00,2026-10-09T04:32:38.551921+00:00
local,C:\Users\admin\Documents\Codex\2026-10-09\6-45-jiae-jeong-lotto-data\work\prospective_v4_latest_main_20261009\research\expansion_framework_v1\studies\study_batch_001\model_metrics.csv,21834,a4bb098fd69ab8471bdb0c6d90a10c6a2eba286a46292a337d31b2d33adcde96,2026-10-09T04:32:38.552920+00:00,2026-10-09T04:32:38.553923+00:00
local,C:\Users\admin\Documents\Codex\2026-10-09\6-45-jiae-jeong-lotto-data\work\prospective_v4_latest_main_20261009\research\expansion_framework_v1\studies\study_batch_001\number_temporal_features.csv,13546,612f072b3eb2a583e1eef87be5a0a47c5a9ec357d4d32d163e6b43a8726546af,2026-10-09T04:32:38.556934+00:00,2026-10-09T04:32:38.558182+00:00
local,C:\Users\admin\Documents\Codex\2026-10-09\6-45-jiae-jeong-lotto-data\work\prospective_v4_latest_main_20261009\research\expansion_framework_v1\studies\study_batch_001\pair_triple_temporal_stability.csv,2377221,50d976be0c57e075ad2500cf84e7e0bca47e1f01fd9365883775e0aee2fec329,2026-10-09T04:32:38.558182+00:00,2026-10-09T04:32:38.570543+00:00
local,C:\Users\admin\Documents\Codex\2026-10-09\6-45-jiae-jeong-lotto-data\work\prospective_v4_latest_main_20261009\research\expansion_framework_v1\studies\study_batch_001\rolling300_failure_registry.csv,6546,370651640b0e5d38b7fa560373ce9c268cbd343d5303cf13d787fd7dca935c3b,2026-10-09T04:32:38.571317+00:00,2026-10-09T04:32:38.578028+00:00
local,C:\Users\admin\Documents\Codex\2026-10-09\6-45-jiae-jeong-lotto-data\work\prospective_v4_latest_main_20261009\research\expansion_framework_v1\studies\study_batch_001\rolling300_metrics.csv,9189,52e9e19f6537f8a5ff3742cb67f44cb86a32d81dff9725db20e8e446c1aba5f4,2026-10-09T04:32:38.579969+00:00,2026-10-09T04:32:38.584186+00:00
local,C:\Users\admin\Documents\Codex\2026-10-09\6-45-jiae-jeong-lotto-data\work\prospective_v4_latest_main_20261009\research\expansion_framework_v1\studies\study_batch_001\rolling300_predictions.csv,541409,87c17ec2496575fc12091fa3dba071d197a61ecfc747494c6f791058f35c43ae,2026-10-09T04:32:38.588316+00:00,2026-10-09T04:32:38.591316+00:00
local,C:\Users\admin\Documents\Codex\2026-10-09\6-45-jiae-jeong-lotto-data\work\prospective_v4_latest_main_20261009\research\expansion_framework_v1\studies\study_batch_001\rolling300_study_results.csv,9189,52e9e19f6537f8a5ff3742cb67f44cb86a32d81dff9725db20e8e446c1aba5f4,2026-10-09T04:32:38.593315+00:00,2026-10-09T04:32:38.594314+00:00
local,C:\Users\admin\Documents\Codex\2026-10-09\6-45-jiae-jeong-lotto-data\work\prospective_v4_latest_main_20261009\research\expansion_framework_v1\studies\study_batch_001\run_batch.py,20966,974f5163b95e38389d857f6ec6a2cafdb1c4b847c869f33d49808902914e3eab,2026-10-09T04:32:38.596313+00:00,2026-10-09T04:32:38.596313+00:00
local,C:\Users\admin\Documents\Codex\2026-10-09\6-45-jiae-jeong-lotto-data\work\prospective_v4_latest_main_20261009\research\expansion_framework_v1\studies\study_batch_001\RUN_GUIDE.md,1183,31779409840dbaf5cb4d2322fe0a74e2513e428fe01df3886cecb0f13d166e84,2026-10-09T04:32:38.528294+00:00,2026-10-09T04:32:38.528294+00:00
local,C:\Users\admin\Documents\Codex\2026-10-09\6-45-jiae-jeong-lotto-data\work\prospective_v4_latest_main_20261009\research\expansion_framework_v1\studies\study_batch_001\run_rolling300.py,1741,e3ed58172c122951e233dba21e860acd44497d73274b3e8f8b9bf8f843dfcb67,2026-10-09T04:32:38.597326+00:00,2026-10-09T04:32:38.598615+00:00
local,C:\Users\admin\Documents\Codex\2026-10-09\6-45-jiae-jeong-lotto-data\work\prospective_v4_latest_main_20261009\research\expansion_framework_v1\studies\study_batch_001\structure_transition_analysis.csv,183836,a635b0c059f293ca3a79e004e3461ca46354643b2429e9f1a0ee8c8dd85c9093,2026-10-09T04:32:38.599841+00:00,2026-10-09T04:32:38.602149+00:00
local,C:\Users\admin\Documents\Codex\2026-10-09\6-45-jiae-jeong-lotto-data\work\prospective_v4_latest_main_20261009\research\expansion_framework_v1\studies\study_batch_001\STUDY_BATCH_001_REPORT.md,8816,a2a6921fcb7f11720c96a86a4a48485bf0d30be0a8ad2a07a36561d51662cb57,2026-10-09T04:32:38.530838+00:00,2026-10-09T04:32:38.532354+00:00
local,C:\Users\admin\Documents\Codex\2026-10-09\6-45-jiae-jeong-lotto-data\work\prospective_v4_latest_main_20261009\research\expansion_framework_v1\studies\study_batch_001\study_registry.csv,15027,3878bb213c0661cf93bcb8c27549d90e122eae93303afa4c7521094f22e2b873,2026-10-09T04:32:38.602149+00:00,2026-10-09T04:32:38.604538+00:00
local,C:\Users\admin\Documents\Codex\2026-10-09\6-45-jiae-jeong-lotto-data\work\prospective_v4_latest_main_20261009\research\expansion_framework_v1\studies\study_batch_001\study_results.csv,21834,a4bb098fd69ab8471bdb0c6d90a10c6a2eba286a46292a337d31b2d33adcde96,2026-10-09T04:32:38.606766+00:00,2026-10-09T04:32:38.606766+00:00
local,C:\Users\admin\Documents\Codex\2026-10-09\6-45-jiae-jeong-lotto-data\work\prospective_v4_latest_main_20261009\research\expansion_framework_v1\studies\study_batch_001\surviving_models.csv,923,6b21627b26dc59ed5819aa4a419cfbff84cbdd5f43ddd8a340333ea5ffd0aad8,2026-10-09T04:32:38.606766+00:00,2026-10-09T04:32:38.609397+00:00
local,C:\Users\admin\Documents\Codex\2026-10-09\6-45-jiae-jeong-lotto-data\work\prospective_v4_latest_main_20261009\research\expansion_framework_v1\studies\study_batch_001\walkforward_predictions.csv,835839,a5f05084cd1682c12ad720e2e900715089a699d6b45dd3c4fb0c021e55d868ff,2026-10-09T04:32:38.610588+00:00,2026-10-09T04:32:38.612889+00:00
local,C:\Users\admin\Documents\Codex\2026-10-09\6-45-jiae-jeong-lotto-data\work\prospective_v4_latest_main_20261009\research\prospective_v4\DATA_MANIFEST_V4.csv,2211,107a9818e4cccc9790ede3bb1bfb8215a719ddbeeb85eb9ce8914c99ff66b6e4,2026-10-09T04:45:59.063269+00:00,2026-10-09T04:45:59.063269+00:00
local,C:\Users\admin\Documents\Codex\2026-10-09\6-45-jiae-jeong-lotto-data\work\prospective_v4_latest_main_20261009\research\prospective_v4\evaluation_v4.py,2567,9fae6c59956ce49489abb9c3ee08df030054254fc95ed1928fafb37cc087f22b,2026-10-09T04:45:59.076230+00:00,2026-10-09T04:45:59.076230+00:00
local,C:\Users\admin\Documents\Codex\2026-10-09\6-45-jiae-jeong-lotto-data\work\prospective_v4_latest_main_20261009\research\prospective_v4\EVIDENCE_REVIEW_V4.md,3098,4e2439a44a774f571648e5c98fd4d88d1727a1bcd81b7e148c2f7cedde69ee1d,2026-10-09T04:45:59.076230+00:00,2026-10-09T04:45:59.076230+00:00
local,C:\Users\admin\Documents\Codex\2026-10-09\6-45-jiae-jeong-lotto-data\work\prospective_v4_latest_main_20261009\research\prospective_v4\MODEL_MANIFEST_V4.csv,5195,cf79fdb55d0b40b75d6c724aeb9891345c225040a26dcf455bd1b9ade12bb1f2,2026-10-09T04:45:59.042467+00:00,2026-10-09T04:45:59.042467+00:00
local,C:\Users\admin\Documents\Codex\2026-10-09\6-45-jiae-jeong-lotto-data\work\prospective_v4_latest_main_20261009\research\prospective_v4\prospective_engine_v4.py,9263,f6ce9f995b7189a73cf54e9036b6053d388f2ea7e3f06a3357769669ee143b44,2026-10-09T04:45:59.076230+00:00,2026-10-09T04:45:59.076230+00:00
local,C:\Users\admin\Documents\Codex\2026-10-09\6-45-jiae-jeong-lotto-data\work\prospective_v4_latest_main_20261009\research\prospective_v4\PROSPECTIVE_PROTOCOL_V4.md,9338,7addf5c2e2af20638f21e9f7cb930a8dda86e738fe89020c3593cf85e0e98f4b,2026-10-09T04:45:59.076230+00:00,2026-10-09T04:45:59.076230+00:00
local,C:\Users\admin\Documents\Codex\2026-10-09\6-45-jiae-jeong-lotto-data\work\prospective_v4_latest_main_20261009\research\prospective_v4\RANDOM_BASELINE_V4.json,833,55c64c398ef1ef1b5597233d724eeb4fc4b06a7937a0d218a5d567275f379e92,2026-10-09T04:47:27.240565+00:00,2026-10-09T04:47:27.240565+00:00
local,C:\Users\admin\Documents\Codex\2026-10-09\6-45-jiae-jeong-lotto-data\work\prospective_v4_latest_main_20261009\research\prospective_v4\RESEARCH_REGISTRY_V4.csv,32643,01e5214150b783e2a352e41d0a6371d0ec7542f76b981941758fc95c3e4b07b4,2026-10-09T04:45:59.050519+00:00,2026-10-09T04:45:59.050519+00:00
local,C:\Users\admin\Documents\Codex\2026-10-09\6-45-jiae-jeong-lotto-data\work\prospective_v4_latest_main_20261009\research\prospective_v4\RULES_V4.json,2623,b8d3387a38f2480dd0ca0057cf7696f66d420eb444c4d591ed6955a3b0f60dda,2026-10-09T04:45:59.042467+00:00,2026-10-09T04:45:59.042467+00:00
local,C:\Users\admin\Documents\Codex\2026-10-09\6-45-jiae-jeong-lotto-data\work\prospective_v4_latest_main_20261009\research\prospective_v4\SHA256_MANIFEST_V4.csv,2049,710dba7c0b9047f3575fff64f1ac7d3551f5d8b47818127d3aa61e74803c64c9,2026-10-09T04:47:27.262794+00:00,2026-10-09T04:47:27.262794+00:00
local,C:\Users\admin\Documents\Codex\2026-10-09\6-45-jiae-jeong-lotto-data\work\prospective_v4_latest_main_20261009\research\prospective_v4\SOURCE_EVIDENCE_INVENTORY_V4.csv,57892,27ad60e261fa1d04c07b6633be77f01f39a5c1b78f313f835653d06ac3155d19,2026-10-09T04:45:59.063269+00:00,2026-10-09T04:45:59.063269+00:00
local,C:\Users\admin\Documents\Codex\2026-10-09\6-45-jiae-jeong-lotto-data\work\prospective_v4_latest_main_20261009\research\prospective_v4\V4_FREEZE_SEAL.json,4670,6a018e3036187a26ac9bcffda9fd7379d65d86cde84514faa08f4ea349b0f4bb,2026-10-09T04:47:27.274091+00:00,2026-10-09T04:47:27.280893+00:00
local,C:\Users\admin\Documents\Codex\2026-10-09\6-45-jiae-jeong-lotto-data\work\prospective_v4_latest_main_20261009\research\prospective_v4\VALIDATION_GATES_V4.json,2243,357464e9de933ef042a940da12b3fcdb91206bbfee04645e22e67081fa1e607a,2026-10-09T04:45:59.063269+00:00,2026-10-09T04:45:59.063269+00:00
local,C:\Users\admin\Documents\Codex\2026-10-09\6-45-jiae-jeong-lotto-data\work\prospective_v4_latest_main_20261009\research\prospective_v4\verify_freeze_v4.py,1996,5511923bb358ece8653d5cdddae67c89888eb867a0e4d9bb7a4cecb7f5989fbd,2026-10-09T04:45:59.076230+00:00,2026-10-09T04:45:59.076230+00:00
local,C:\Users\admin\Documents\Codex\2026-10-09\6-45-jiae-jeong-lotto-data\work\prospective_v4_remote_verified_20261009\DATA_MANIFEST_V4.csv,2211,107a9818e4cccc9790ede3bb1bfb8215a719ddbeeb85eb9ce8914c99ff66b6e4,2026-10-09T04:49:14.368582+00:00,2026-10-09T04:49:14.370601+00:00
local,C:\Users\admin\Documents\Codex\2026-10-09\6-45-jiae-jeong-lotto-data\work\prospective_v4_remote_verified_20261009\evaluation_v4.py,2567,9fae6c59956ce49489abb9c3ee08df030054254fc95ed1928fafb37cc087f22b,2026-10-09T04:49:17.464558+00:00,2026-10-09T04:49:17.465681+00:00
local,C:\Users\admin\Documents\Codex\2026-10-09\6-45-jiae-jeong-lotto-data\work\prospective_v4_remote_verified_20261009\EVIDENCE_REVIEW_V4.md,3098,4e2439a44a774f571648e5c98fd4d88d1727a1bcd81b7e148c2f7cedde69ee1d,2026-10-09T04:49:14.675540+00:00,2026-10-09T04:49:14.677718+00:00
local,C:\Users\admin\Documents\Codex\2026-10-09\6-45-jiae-jeong-lotto-data\work\prospective_v4_remote_verified_20261009\MODEL_MANIFEST_V4.csv,5195,cf79fdb55d0b40b75d6c724aeb9891345c225040a26dcf455bd1b9ade12bb1f2,2026-10-09T04:49:14.947905+00:00,2026-10-09T04:49:14.962656+00:00
local,C:\Users\admin\Documents\Codex\2026-10-09\6-45-jiae-jeong-lotto-data\work\prospective_v4_remote_verified_20261009\prospective_engine_v4.py,9263,f6ce9f995b7189a73cf54e9036b6053d388f2ea7e3f06a3357769669ee143b44,2026-10-09T04:49:17.739103+00:00,2026-10-09T04:49:17.740153+00:00
local,C:\Users\admin\Documents\Codex\2026-10-09\6-45-jiae-jeong-lotto-data\work\prospective_v4_remote_verified_20261009\PROSPECTIVE_PROTOCOL_V4.md,9338,7addf5c2e2af20638f21e9f7cb930a8dda86e738fe89020c3593cf85e0e98f4b,2026-10-09T04:49:15.237595+00:00,2026-10-09T04:49:15.238577+00:00
local,C:\Users\admin\Documents\Codex\2026-10-09\6-45-jiae-jeong-lotto-data\work\prospective_v4_remote_verified_20261009\RANDOM_BASELINE_V4.json,833,55c64c398ef1ef1b5597233d724eeb4fc4b06a7937a0d218a5d567275f379e92,2026-10-09T04:49:15.510979+00:00,2026-10-09T04:49:15.520614+00:00
local,C:\Users\admin\Documents\Codex\2026-10-09\6-45-jiae-jeong-lotto-data\work\prospective_v4_remote_verified_20261009\RESEARCH_REGISTRY_V4.csv,32643,01e5214150b783e2a352e41d0a6371d0ec7542f76b981941758fc95c3e4b07b4,2026-10-09T04:49:15.773800+00:00,2026-10-09T04:49:15.775678+00:00
local,C:\Users\admin\Documents\Codex\2026-10-09\6-45-jiae-jeong-lotto-data\work\prospective_v4_remote_verified_20261009\RULES_V4.json,2623,b8d3387a38f2480dd0ca0057cf7696f66d420eb444c4d591ed6955a3b0f60dda,2026-10-09T04:49:16.044707+00:00,2026-10-09T04:49:16.044707+00:00
local,C:\Users\admin\Documents\Codex\2026-10-09\6-45-jiae-jeong-lotto-data\work\prospective_v4_remote_verified_20261009\SHA256_MANIFEST_V4.csv,2049,710dba7c0b9047f3575fff64f1ac7d3551f5d8b47818127d3aa61e74803c64c9,2026-10-09T04:49:16.338313+00:00,2026-10-09T04:49:16.339550+00:00
local,C:\Users\admin\Documents\Codex\2026-10-09\6-45-jiae-jeong-lotto-data\work\prospective_v4_remote_verified_20261009\SOURCE_EVIDENCE_INVENTORY_V4.csv,57892,27ad60e261fa1d04c07b6633be77f01f39a5c1b78f313f835653d06ac3155d19,2026-10-09T04:49:16.625794+00:00,2026-10-09T04:49:16.635399+00:00
local,C:\Users\admin\Documents\Codex\2026-10-09\6-45-jiae-jeong-lotto-data\work\prospective_v4_remote_verified_20261009\V4_FREEZE_SEAL.json,4670,6a018e3036187a26ac9bcffda9fd7379d65d86cde84514faa08f4ea349b0f4bb,2026-10-09T04:49:16.913090+00:00,2026-10-09T04:49:16.913090+00:00
local,C:\Users\admin\Documents\Codex\2026-10-09\6-45-jiae-jeong-lotto-data\work\prospective_v4_remote_verified_20261009\VALIDATION_GATES_V4.json,2243,357464e9de933ef042a940da12b3fcdb91206bbfee04645e22e67081fa1e607a,2026-10-09T04:49:17.174578+00:00,2026-10-09T04:49:17.179308+00:00
local,C:\Users\admin\Documents\Codex\2026-10-09\6-45-jiae-jeong-lotto-data\work\prospective_v4_remote_verified_20261009\verify_freeze_v4.py,1996,5511923bb358ece8653d5cdddae67c89888eb867a0e4d9bb7a4cecb7f5989fbd,2026-10-09T04:49:18.029796+00:00,2026-10-09T04:49:18.030795+00:00
local,C:\Users\admin\Documents\Codex\2026-10-09\6-45-jiae-jeong-lotto-data\work\recovery_package_20261009\lotto_b_model_recovery_package\OUTPUT_SHA256.csv,1270,f122d0b9a995a76b031a2e5f881f33e39b51ac7804e608505e0bb991d2a73852,2026-10-09T01:37:06.508044+00:00,2026-10-08T16:29:34+00:00
local,C:\Users\admin\Documents\Codex\2026-10-09\6-45-jiae-jeong-lotto-data\work\recovery_package_20261009\lotto_b_model_recovery_package\RECOVERY_README.md,2318,c1eff0ff2bc82ecadcd6db82582f942203a7126ecd766fbcb25df6a1befe9948,2026-10-09T01:37:06.697383+00:00,2026-10-08T16:29:34+00:00
local,C:\Users\admin\Documents\Codex\2026-10-09\6-45-jiae-jeong-lotto-data\work\recovery_package_20261009\lotto_b_model_recovery_package\restore_recovered_outputs.ps1,3026,b33390c13bc3374566b0990c1b487cadb0e4cbe4399d5470b8606d8ab879c7eb,2026-10-09T01:37:06.425433+00:00,2026-10-08T16:33:18+00:00
local,C:\Users\admin\Documents\Codex\2026-10-09\6-45-jiae-jeong-lotto-data\work\recovery_package_20261009\lotto_b_model_recovery_package\run.log,926,21d2c2c183575894e4ce19b986c6dd9e8fce1a1aef33bc91f39e5e07761a6602,2026-10-09T01:37:06.486985+00:00,2026-10-08T16:29:34+00:00
local,C:\Users\admin\Documents\Codex\2026-10-09\6-45-jiae-jeong-lotto-data\work\recovery_package_20261009\lotto_b_model_recovery_package\data\lotto_data.csv,43234,243cd17e6b97a2d96709ddfc689a068038669341a52dcc0743c141d309e43b9f,2026-10-09T01:37:06.466978+00:00,2026-10-08T16:29:34+00:00
local,C:\Users\admin\Documents\Codex\2026-10-09\6-45-jiae-jeong-lotto-data\work\recovery_package_20261009\lotto_b_model_recovery_package\outputs\b_model_50_round_trends.csv,6264,199bd09e71f9f7171b2c26ee68a7eb8afd40edcd17a1f8907dd09c2a4e7f57df,2026-10-09T01:37:06.604054+00:00,2026-10-08T16:29:34+00:00
local,C:\Users\admin\Documents\Codex\2026-10-09\6-45-jiae-jeong-lotto-data\work\recovery_package_20261009\lotto_b_model_recovery_package\outputs\b_model_backtest_report_regenerated_not_hash-identical.md,10817,4f3a02ba45ba7fb94498a7e23bb5307beff533ae322b6b47f303cce9465cd1b8,2026-10-09T01:37:06.639235+00:00,2026-10-08T16:29:34+00:00
local,C:\Users\admin\Documents\Codex\2026-10-09\6-45-jiae-jeong-lotto-data\work\recovery_package_20261009\lotto_b_model_recovery_package\outputs\b_model_classification.csv,3509,2c7a8030b0129eef55137852a8e5e297d916239c46a8fc9bbe0e0c467ecf9ff2,2026-10-09T01:37:06.624147+00:00,2026-10-08T16:29:34+00:00
local,C:\Users\admin\Documents\Codex\2026-10-09\6-45-jiae-jeong-lotto-data\work\recovery_package_20261009\lotto_b_model_recovery_package\outputs\b_model_holdout_metrics.csv,113856,147765c9f3353deac5cc5c91e37ce0f80a7e4608c9e29738d4724130df5bc2a4,2026-10-09T01:37:06.680034+00:00,2026-10-08T16:29:34+00:00
local,C:\Users\admin\Documents\Codex\2026-10-09\6-45-jiae-jeong-lotto-data\work\recovery_package_20261009\lotto_b_model_recovery_package\outputs\b_model_predictions.csv,3236859,088685b5c30275c2640dfda2001beb99cebf5855156ae54ad5e0f6f170cf39be,2026-10-09T01:37:06.654529+00:00,2026-10-08T16:29:34+00:00
local,C:\Users\admin\Documents\Codex\2026-10-09\6-45-jiae-jeong-lotto-data\work\recovery_package_20261009\lotto_b_model_recovery_package\source\b_model_backtest.py,27977,3ecf4fb805c2448e49c39e01174b3a112d4865c7ff1a31157437515b78be47cb,2026-10-09T01:37:06.541552+00:00,2026-10-08T16:29:34+00:00
local,C:\Users\admin\Documents\Codex\2026-10-09\6-45-jiae-jeong-lotto-data\work\remote_download_verify_20261009_v4\b_model_50_round_trends.csv,6264,199bd09e71f9f7171b2c26ee68a7eb8afd40edcd17a1f8907dd09c2a4e7f57df,2026-10-09T04:25:53.956872+00:00,2026-10-09T04:25:53.958249+00:00
local,C:\Users\admin\Documents\Codex\2026-10-09\6-45-jiae-jeong-lotto-data\work\remote_download_verify_20261009_v4\b_model_classification.csv,3509,2c7a8030b0129eef55137852a8e5e297d916239c46a8fc9bbe0e0c467ecf9ff2,2026-10-09T04:25:53.652400+00:00,2026-10-09T04:25:53.654634+00:00
local,C:\Users\admin\Documents\Codex\2026-10-09\6-45-jiae-jeong-lotto-data\work\remote_download_verify_20261009_v4\b_model_holdout_metrics.csv,113856,147765c9f3353deac5cc5c91e37ce0f80a7e4608c9e29738d4724130df5bc2a4,2026-10-09T04:25:53.324462+00:00,2026-10-09T04:25:53.349912+00:00
local,C:\Users\admin\Documents\Codex\2026-10-09\6-45-jiae-jeong-lotto-data\work\remote_download_verify_20261009_v4\b_model_predictions.csv,3236859,088685b5c30275c2640dfda2001beb99cebf5855156ae54ad5e0f6f170cf39be,2026-10-09T04:25:52.503428+00:00,2026-10-09T04:25:52.920249+00:00
local,C:\Users\admin\Documents\Codex\2026-10-09\6-45-jiae-jeong-lotto-data\work\remote_download_verify_20261009_v4\main_b_model_50_round_trends.csv,6264,199bd09e71f9f7171b2c26ee68a7eb8afd40edcd17a1f8907dd09c2a4e7f57df,2026-10-09T04:25:57.032506+00:00,2026-10-09T04:25:57.032506+00:00
local,C:\Users\admin\Documents\Codex\2026-10-09\6-45-jiae-jeong-lotto-data\work\remote_download_verify_20261009_v4\main_b_model_classification.csv,3509,2c7a8030b0129eef55137852a8e5e297d916239c46a8fc9bbe0e0c467ecf9ff2,2026-10-09T04:25:56.774230+00:00,2026-10-09T04:25:56.774230+00:00
local,C:\Users\admin\Documents\Codex\2026-10-09\6-45-jiae-jeong-lotto-data\work\remote_download_verify_20261009_v4\main_b_model_holdout_metrics.csv,113856,147765c9f3353deac5cc5c91e37ce0f80a7e4608c9e29738d4724130df5bc2a4,2026-10-09T04:25:56.504926+00:00,2026-10-09T04:25:56.524992+00:00
local,C:\Users\admin\Documents\Codex\2026-10-09\6-45-jiae-jeong-lotto-data\work\remote_download_verify_20261009_v4\main_b_model_predictions.csv,3236859,088685b5c30275c2640dfda2001beb99cebf5855156ae54ad5e0f6f170cf39be,2026-10-09T04:25:55.766216+00:00,2026-10-09T04:25:56.210506+00:00
local,C:\Users\admin\Documents\Codex\2026-10-09\6-45-jiae-jeong-lotto-data\work\remote_download_verify_20261009_v4\OUTPUT_SHA256.csv,1270,f122d0b9a995a76b031a2e5f881f33e39b51ac7804e608505e0bb991d2a73852,2026-10-09T04:25:54.214468+00:00,2026-10-09T04:25:54.216450+00:00
local,C:\Users\admin\Documents\Codex\2026-10-09\6-45-jiae-jeong-lotto-data\work\remote_download_verify_20261009_v4\RECOVERY_README.md,2318,c1eff0ff2bc82ecadcd6db82582f942203a7126ecd766fbcb25df6a1befe9948,2026-10-09T04:25:54.484420+00:00,2026-10-09T04:25:54.485415+00:00
