path,scope,sha256,keyword_counts,specific_excerpts
C:\Users\admin\Documents\Codex\2026-10-09\6-45-jiae-jeong-lotto-data\lotto-repo\LOTTO_PROJECT_PROTOCOL.md,local,81132f40b67cb3c8c882868918280bb87295fdb789acfd07b81f9ab1020e1c6c,"{""A 모델"": 3, ""C 모델"": 4, ""콘트라리언"": 3, ""역발상"": 4, ""pair"": 6, ""triple"": 3, ""lotto"": 4, ""오답"": 16, ""추천"": 28, ""최종"": 10, ""당첨"": 8, ""A/B/C"": 4}","[""4: 매일 아침 로또 학습·검증 업데이트를 수행한다. 목적은 매일 번호를 추천하는 것이 아니라 장기간 누적 학습과 실제 백테스트·복습·오답노트의 누적 데이터를 통해 이후 주간 최종 조합을 만드는 분석 기반을 계속 개선하는 것이다. 매일 최종 조합·추천번호·후보번호는 출력하지 않는다."", ""21: 2. 과거 실제 추천 최종 조합과 오답노트 원본을 먼저 찾는다."", ""23: 4. 과거 추천 원본을 찾지 못하면 '없음'으로 단정하지 말고 실제 탐색 범위와 확보 실패 범위를 기록한다."", ""24: 5. 기존 모델·가설·오답노트·결과를 임의로 덮어쓰지 않는다."", ""68: ## 3. A 모델"", ""125: ## 5. C 모델"", ""126: B의 여러 홀드아웃과 누적 오답노트에서 반복 검증된 신호만 중심으로 결합한다."", ""130: - C 모델 버전을 기록한다.""]"
C:\Users\admin\Documents\Codex\2026-10-09\6-45-jiae-jeong-lotto-data\lotto-repo\lotto_project_state_2026-10-06.md,local,0f9c353b42371e6e280ecbc194cf18d2223a311924cca520b07ff0c8e6e5beb2,"{""model_c"": 1, ""C 모델"": 1, ""frequency"": 6, ""gap"": 6, ""structure"": 3, ""pair"": 7, ""triple"": 8, ""prediction"": 1, ""오답"": 1, ""추천"": 3, ""최종"": 1, ""당첨"": 1, ""A/B/C"": 1}","[""84: - 추천번호는 생성하지 않았음."", ""99: - 최종 추천번호 생성 전 추가 검증."", ""100: - A/B/C 모델 통합 전에 신호별 안정성과 누적 오류를 추가 확인."", ""101: - 과거 실제 추천번호 및 오답노트를 대조하여 가설을 재검증.""]"
C:\Users\admin\Documents\Codex\2026-10-09\6-45-jiae-jeong-lotto-data\lotto-repo\analysis\2026-10-06\B_MODEL_RESULTS.md,local,ec771a8d4a6a3ad340e6df126b0da20afbe74b317bf963dac0e37e9cfe095e22,"{""frequency"": 7, ""gap"": 6, ""structure"": 5, ""pair"": 4, ""triple"": 5, ""오답"": 1, ""추천"": 2}","[""35: - 과거 추천/오답노트의 신호 사용과 비교."", ""39: 추천번호는 생성하지 않음.""]"
C:\Users\admin\Documents\Codex\2026-10-09\6-45-jiae-jeong-lotto-data\lotto-repo\research\1245_final_pipeline_v3\candidate_overlap_v3.csv,local,9e9934ca90f48943ce3aee4eb3d2cd8131b31c7fe2ecfb0c14fac8e9be2e56b8,"{""model_c"": 28, ""frequency"": 9, ""structure"": 10, ""candidate"": 31}",[]
C:\Users\admin\Documents\Codex\2026-10-09\6-45-jiae-jeong-lotto-data\lotto-repo\research\1245_final_pipeline_v3\FINAL_PIPELINE_V3_AUDIT.md,local,cb62e1140bce72336c69a100ebdf4ea6c535f458e613335257013f37de3a5097,"{""structure"": 1, ""pair"": 2, ""score"": 4, ""weight"": 1, ""prediction"": 1, ""final"": 7, ""candidate"": 9}",[]
C:\Users\admin\Documents\Codex\2026-10-09\6-45-jiae-jeong-lotto-data\lotto-repo\research\1245_final_pipeline_v3\independent_validation_20261009.py,local,990ed6b762c73865c7681d1ca5b9f320edc00640a2eeb7805ce29f700f118f87,"{""model_a"": 1, ""model_c"": 1, ""contrarian"": 1, ""frequency"": 2, ""gap"": 2, ""structure"": 4, ""pair"": 7, ""score"": 18, ""prediction"": 19, ""final"": 14, ""candidate"": 22, ""selected"": 6, ""lotto"": 1, ""A/B/C"": 1}","[""251:         candidate_rows.append({\""model_a\"":a,\""model_b\"":b,\""intersection_numbers\"":\"" \"".join(map(str,sorted(inter))),"", ""327:                \""- No unified A/B/C/contrarian models or their output artifacts were found in the accessible PC scan, Git history, or the only GitHub branch (`main`). A study comparison CSV and B report exist, but neither substitutes for the missing B predictions/classification CSVs.\"",""]"
C:\Users\admin\Documents\Codex\2026-10-09\6-45-jiae-jeong-lotto-data\lotto-repo\research\1245_final_pipeline_v3\input_audit_v3.md,local,3b04e87dcdd8c6fb4d83ce2f257536d075b2e1e2c58387e29f71e4ec71139452,"{""model_c"": 3, ""pair"": 2, ""triple"": 1, ""score"": 2, ""weight"": 1, ""prediction"": 5, ""final"": 8, ""candidate"": 12, ""lotto"": 5}",[]
C:\Users\admin\Documents\Codex\2026-10-09\6-45-jiae-jeong-lotto-data\lotto-repo\research\1245_final_pipeline_v3\prepare_1245_final_three_lines_v3.py,local,09d2cf7f3c9002db906669371d9e2b580d592053b035d891e6c1202e05704e46,"{""model_a"": 7, ""model_c"": 10, ""frequency"": 8, ""gap"": 10, ""structure"": 31, ""pair"": 46, ""triple"": 16, ""score"": 22, ""weight"": 2, ""prediction"": 26, ""final"": 33, ""candidate"": 95, ""selected"": 2, ""lotto"": 3}","[""33:  \""model_overlaps\"": (ROOT/\""outputs\""/\""b_model_1245_ticket_overlaps.csv\"", {\""model_a\"",\""model_b\"",\""overlap_count\"",\""overlap_numbers\""},28),"", ""183:   actual_pairs={frozenset((r[\""model_a\""],r[\""model_b\""])) for r in overlaps}"", ""187:     actual=len(set(candidate_tickets[r[\""model_a\""]])&set(candidate_tickets[r[\""model_b\""]]))"", ""188:     if int(r[\""overlap_count\""])!=actual: a.error(f\""Model overlap count mismatch: {r['model_a']}/{r['model_b']}\"")"", ""245:    _,corr=read_table(GH_CORR); pair=next(r for r in corr if r[\""model_a\""]==\""pair_residual_node\"" and r[\""model_b\""]==\""triple_residual_node\""); a.github_pair=pair"", ""261:  a.model_independence.append({\""model_a\"":\""pair_association\"",\""model_b\"":\""triple_association\"",\""n\"":len(both),\""mean_ticket_overlap\"":statistics.mean(overlaps) if overlaps else \""\"",\""mean_jaccard\"":statistics.mean(jaccards) if jaccards else \""\"",\""hit_correlation\"":direct,\""evidence_status\"":\""POST_HOC_HISTORICAL\"",\""i"", ""263:  a.model_independence.append({\""model_a\"":\""pair_residual_node (S006)\"",\""model_b\"":\""triple_residual_node (S007)\"",\""n\"":int(gh.get(\""n\"",0)) if str(gh.get(\""n\"",\""\"")).isdigit() else \""\"",\""mean_ticket_overlap\"":gh.get(\""mean_ticket_overlap\"",\""\""),\""mean_jaccard\"":gh.get(\""mean_jaccard\"",\""\""),\""hit_correlation\"":gh.get(\""hit_co""]"
C:\Users\admin\Documents\Codex\2026-10-09\6-45-jiae-jeong-lotto-data\lotto-repo\research\1245_final_pipeline_v3\README_v3.md,local,a969db6e20065781d76fd4fa0b5d1f065c0076736298d598059e7bd11686bee7,"{""frequency"": 1, ""gap"": 1, ""structure"": 4, ""pair"": 3, ""score"": 4, ""weight"": 2, ""final"": 12, ""candidate"": 8, ""lotto"": 2}",[]
C:\Users\admin\Documents\Codex\2026-10-09\6-45-jiae-jeong-lotto-data\lotto-repo\research\1245_final_pipeline_v3\recover_and_run_20261009.py,local,9ee1ca16759c9691c6abbf03f7cb2a539ce89e70f5f55560f5214ee913b9fff5,"{""model_c"": 3, ""C model"": 1, ""contrarian"": 1, ""structure"": 1, ""pair"": 4, ""score"": 6, ""prediction"": 1, ""final"": 17, ""candidate"": 14, ""selected"": 1, ""lotto"": 1, ""A/B/C"": 1}","[""148:         \""A/B/C/contrarian unified validation and the old local B report's backtest rerun were not performed; only stored S001-S008 study summaries are available.\"","", ""163:     report += [\""\"", \""Selection reasons: line 1 is the equal-family-rank consensus across S001-S007, with S006/S007 averaged as one relationship family and S008 excluded as a duplicate hybrid vote. Lines 2–3 are distinct-family registered model tickets selected by the existing V3 selector for structur""]"
C:\Users\admin\Documents\Codex\2026-10-09\6-45-jiae-jeong-lotto-data\lotto-repo\research\1245_final_pipeline_v3\score_components_v3.csv,local,5eb4c4e2e99a8f22ade17f5df0cfd49844710b33a38934eb11df76b405811591,"{""frequency"": 6, ""structure"": 6, ""pair"": 3, ""triple"": 3, ""score"": 3, ""final"": 1, ""candidate"": 1, ""selected"": 3}",[]
C:\Users\admin\Documents\Codex\2026-10-09\6-45-jiae-jeong-lotto-data\lotto-repo\research\1245_final_pipeline_v3\selection_trace_v3.csv,local,e1ca4cc97a38809c15fe9d78aa78f879c89bae69be4e8551354a2b96b708a3b4,"{""model_c"": 1, ""structure"": 1, ""pair"": 2, ""score"": 2, ""weight"": 1, ""final"": 1, ""candidate"": 2}",[]
C:\Users\admin\Documents\Codex\2026-10-09\6-45-jiae-jeong-lotto-data\lotto-repo\research\1245_final_pipeline_v3\source_asset_search_v2.log,local,d66be3f5a1b18913fddd4922777ccbd8d86b98c10ed5ed199a536263a63ebb91,"{""model_c"": 3, ""prediction"": 1, ""final"": 1, ""candidate"": 1, ""lotto"": 3}",[]
C:\Users\admin\Documents\Codex\2026-10-09\6-45-jiae-jeong-lotto-data\lotto-repo\research\1245_final_pipeline_v3\SOURCE_ASSET_SEARCH_v2.md,local,49791a4bd750bae5ae378f94bdc2ed2c0a60a56a8afe8ff903b0cc2456c65fc7,"{""model_c"": 2, ""score"": 1, ""prediction"": 2, ""final"": 1, ""candidate"": 2, ""lotto"": 3}",[]
C:\Users\admin\Documents\Codex\2026-10-09\6-45-jiae-jeong-lotto-data\lotto-repo\research\1245_final_pipeline_v3\V3_CHANGELOG.md,local,d10ab18da7457015f4f8e393fa1db3bf8dcf8cad1f52dd91fe66a5a66e5e8ff0,"{""pair"": 1, ""score"": 2, ""weight"": 1, ""final"": 9, ""candidate"": 6, ""selected"": 1}",[]
C:\Users\admin\Documents\Codex\2026-10-09\6-45-jiae-jeong-lotto-data\lotto-repo\research\1245_final_pipeline_v3\independent_validation_20261009_independent\execution.log,local,64ceed6f74306d57bb896d6c658e46ba77f2b7fbf8040eae097b5a89c164c8ad,"{""prediction"": 2, ""final"": 1}",[]
C:\Users\admin\Documents\Codex\2026-10-09\6-45-jiae-jeong-lotto-data\lotto-repo\research\1245_final_pipeline_v3\independent_validation_20261009_independent\fresh_candidate_number_frequency.csv,local,adedc3e82f80e3d54966b0e5647cf2678ebd35529ed05118fc2fb985339d573b,"{""model_c"": 1, ""candidate"": 1}",[]
C:\Users\admin\Documents\Codex\2026-10-09\6-45-jiae-jeong-lotto-data\lotto-repo\research\1245_final_pipeline_v3\independent_validation_20261009_independent\fresh_candidate_overlaps.csv,local,5440b639ad83d466d6e199ea25ff2baffed6665d99615433effbbfea4fda202b,"{""model_a"": 1}","[""1: model_a,model_b,intersection_numbers,intersection_count,jaccard,random_expected_intersection,note""]"
C:\Users\admin\Documents\Codex\2026-10-09\6-45-jiae-jeong-lotto-data\lotto-repo\research\1245_final_pipeline_v3\independent_validation_20261009_independent\fresh_model_scorecard.csv,local,d2ecb738f6b4b959b60f545fcda118beab5e7ba45d7617b689e4a28b56e76c0f,"{""frequency"": 2, ""gap"": 2, ""structure"": 2, ""pair"": 2, ""triple"": 2}",[]
C:\Users\admin\Documents\Codex\2026-10-09\6-45-jiae-jeong-lotto-data\lotto-repo\research\1245_final_pipeline_v3\independent_validation_20261009_independent\fresh_portfolio_metrics.csv,local,257aafe0401a2d97c5efcf961a345205c9d53bc7fc583a17073d638e07cfb13a,"{""prediction"": 1}",[]
C:\Users\admin\Documents\Codex\2026-10-09\6-45-jiae-jeong-lotto-data\lotto-repo\research\1245_final_pipeline_v3\independent_validation_20261009_independent\fresh_walkforward_predictions.csv,local,48a088ea607383b5a4df8310ea37b60ad348779f4ebbeab29743194cbfa80a83,"{""frequency"": 400, ""gap"": 400, ""structure"": 400, ""pair"": 400, ""triple"": 400}",[]
C:\Users\admin\Documents\Codex\2026-10-09\6-45-jiae-jeong-lotto-data\lotto-repo\research\1245_final_pipeline_v3\independent_validation_20261009_independent\INDEPENDENT_VALIDATION_REPORT.md,local,c3203179fa238fe34f1098ecaec29dd1d276d1949a63e42b54228dfd8bba2d57,"{""contrarian"": 1, ""frequency"": 1, ""structure"": 1, ""pair"": 1, ""score"": 3, ""prediction"": 5, ""final"": 2, ""candidate"": 9, ""lotto"": 1, ""A/B/C"": 1}","[""53: - No unified A/B/C/contrarian models or their output artifacts were found in the accessible PC scan, Git history, or the only GitHub branch (`main`). A study comparison CSV and B report exist, but neither substitutes for the missing B predictions/classification CSVs.""]"
C:\Users\admin\Documents\Codex\2026-10-09\6-45-jiae-jeong-lotto-data\lotto-repo\research\1245_final_pipeline_v3\independent_validation_20261009_independent\reassessed_1245_three_lines.csv,local,f7ed4647f0c42af79c6257e9e351b8f8a8999b1bf9f83822cf1cbf035b3d2b85,"{""frequency"": 2, ""gap"": 1, ""structure"": 1, ""pair"": 1, ""candidate"": 2}",[]
C:\Users\admin\Documents\Codex\2026-10-09\6-45-jiae-jeong-lotto-data\lotto-repo\research\1245_final_pipeline_v3\independent_validation_20261009_independent\run_metadata.json,local,b8a6a37b81ad620c0906854f78a2cecc89b244aee1d78205e23be4a6be423887,"{""candidate"": 1}",[]
C:\Users\admin\Documents\Codex\2026-10-09\6-45-jiae-jeong-lotto-data\lotto-repo\research\1245_final_pipeline_v3\independent_validation_20261009_independent\SOURCE_ASSET_SEARCH.md,local,cde0ccc7621c18e8be787aefc5deb2f9d1408cdf3dd1c825cb718686eca1c0e6,"{""model_c"": 3, ""contrarian"": 1, ""frequency"": 1, ""gap"": 1, ""structure"": 1, ""pair"": 1, ""prediction"": 6, ""final"": 1, ""candidate"": 2}","[""15: - Git history contains the source data and study framework, plus `analysis/2026-10-06/B_MODEL_RESULTS.md` and `research/expansion_framework_v1/studies/study_batch_001/b_model_comparison.csv`; it does not contain B prediction/metrics/classification CSVs, A/C/contrarian model programs/results, or pros""]"
C:\Users\admin\Documents\Codex\2026-10-09\6-45-jiae-jeong-lotto-data\lotto-repo\research\1245_final_pipeline_v3\independent_validation_20261009_independent\stored_reproduction_check.csv,local,03a8b684aa58a173491d0e3ac3ab0ccdbf6c6e0bc86d4fdf9ba4cadf0ab4c417,"{""frequency"": 2, ""gap"": 2, ""structure"": 2, ""pair"": 2, ""triple"": 2}",[]
C:\Users\admin\Documents\Codex\2026-10-09\6-45-jiae-jeong-lotto-data\lotto-repo\research\1245_final_pipeline_v3\recovered_original_assets\outputs\b_model_50_round_trends.csv,local,199bd09e71f9f7171b2c26ee68a7eb8afd40edcd17a1f8907dd09c2a4e7f57df,"{""frequency"": 14, ""gap"": 14, ""structure"": 9, ""pair"": 7, ""triple"": 7}",[]
C:\Users\admin\Documents\Codex\2026-10-09\6-45-jiae-jeong-lotto-data\lotto-repo\research\1245_final_pipeline_v3\recovered_original_assets\outputs\b_model_classification.csv,local,2c7a8030b0129eef55137852a8e5e297d916239c46a8fc9bbe0e0c467ecf9ff2,"{""frequency"": 2, ""gap"": 2, ""structure"": 3, ""pair"": 1, ""triple"": 1}",[]
C:\Users\admin\Documents\Codex\2026-10-09\6-45-jiae-jeong-lotto-data\lotto-repo\research\1245_final_pipeline_v3\recovered_original_assets\outputs\b_model_holdout_metrics.csv,local,147765c9f3353deac5cc5c91e37ce0f80a7e4608c9e29738d4724130df5bc2a4,"{""frequency"": 64, ""gap"": 64, ""structure"": 34, ""pair"": 32, ""triple"": 32}",[]
C:\Users\admin\Documents\Codex\2026-10-09\6-45-jiae-jeong-lotto-data\lotto-repo\research\1245_final_pipeline_v3\recovered_original_assets\outputs\b_model_predictions.csv,local,088685b5c30275c2640dfda2001beb99cebf5855156ae54ad5e0f6f170cf39be,"{""frequency"": 8352, ""gap"": 8352, ""structure"": 4178, ""pair"": 4177, ""triple"": 4176}",[]
C:\Users\admin\Documents\Codex\2026-10-09\6-45-jiae-jeong-lotto-data\lotto-repo\research\1245_final_pipeline_v3\recovered_original_assets\outputs\OUTPUT_SHA256.csv,local,f122d0b9a995a76b031a2e5f881f33e39b51ac7804e608505e0bb991d2a73852,"{""model_c"": 1, ""prediction"": 1, ""lotto"": 1}",[]
C:\Users\admin\Documents\Codex\2026-10-09\6-45-jiae-jeong-lotto-data\lotto-repo\research\1245_final_pipeline_v3\recovered_original_assets\outputs\RECOVERY_README.md,local,c1eff0ff2bc82ecadcd6db82582f942203a7126ecd766fbcb25df6a1befe9948,"{""model_c"": 1, ""prediction"": 2, ""candidate"": 1, ""lotto"": 2}",[]
C:\Users\admin\Documents\Codex\2026-10-09\6-45-jiae-jeong-lotto-data\lotto-repo\research\1245_final_pipeline_v3\recovery_run_20261009\execution.log,local,3f3af486c7199e12ba6104da4efc72aaf6156ff8ae8b38a953f4c040027e80fe,"{""final"": 2, ""candidate"": 1}",[]
C:\Users\admin\Documents\Codex\2026-10-09\6-45-jiae-jeong-lotto-data\lotto-repo\research\1245_final_pipeline_v3\recovery_run_20261009\EXECUTION_REPORT.md,local,cf90009262eea3625afde07c683144be083e4926b0d8fc24d5eb1be2e137fea7,"{""model_c"": 1, ""C model"": 1, ""contrarian"": 1, ""frequency"": 1, ""gap"": 1, ""structure"": 2, ""pair"": 1, ""triple"": 1, ""prediction"": 2, ""final"": 2, ""candidate"": 6, ""selected"": 1, ""lotto"": 1}","[""28: Selection reasons: line 1 is the equal-family-rank consensus across S001-S007, with S006/S007 averaged as one relationship family and S008 excluded as a duplicate hybrid vote. Lines 2–3 are distinct-family registered model tickets selected by the existing V3 selector for structure coverage, portfoli"", ""58: - A/C/contrarian programs and unified results were not found. B has a short stored summary and study comparison table, but not its pinned detailed prediction/metrics/classification CSVs, so the B backtest was not rerun.""]"
C:\Users\admin\Documents\Codex\2026-10-09\6-45-jiae-jeong-lotto-data\lotto-repo\research\1245_final_pipeline_v3\recovery_run_20261009\final_three_lines_1245_v3_recovery.csv,local,d5e6da9e34d68f847a2d674b71e5d20512543d677734697333c21407f8478825,"{""frequency"": 2, ""gap"": 1, ""structure"": 1, ""candidate"": 2}",[]
C:\Users\admin\Documents\Codex\2026-10-09\6-45-jiae-jeong-lotto-data\lotto-repo\research\1245_final_pipeline_v3\recovery_run_20261009\model_candidates.csv,local,bbb805de2dbb36896e0fb394107d17b481ab3bf3a8ad6ff554fb6ace47dd45ef,"{""frequency"": 2, ""gap"": 2, ""structure"": 4, ""pair"": 3, ""triple"": 4, ""score"": 1, ""weight"": 1, ""candidate"": 3}",[]
C:\Users\admin\Documents\Codex\2026-10-09\6-45-jiae-jeong-lotto-data\lotto-repo\research\1245_final_pipeline_v3\recovery_run_20261009\model_validation_summary.csv,local,261d5f223590e1521051413050e20da86570c2a0a202f9b716c4124290d54377,"{""frequency"": 1, ""gap"": 1, ""structure"": 1, ""pair"": 1, ""triple"": 1}",[]
C:\Users\admin\Documents\Codex\2026-10-09\6-45-jiae-jeong-lotto-data\lotto-repo\research\1245_final_pipeline_v3\recovery_run_20261009\PIPELINE_ERROR_REPORT.md,local,4290870e41e5ad938070a614483d3c50f8df5906032dcab2199fc18c2345d9de,"{""model_c"": 3, ""prediction"": 4, ""final"": 4, ""candidate"": 6, ""lotto"": 4}",[]
C:\Users\admin\Documents\Codex\2026-10-09\6-45-jiae-jeong-lotto-data\lotto-repo\research\1245_final_pipeline_v3\recovery_run_20261009\run_metadata.json,local,3b976c0f30f2cb84d96d9179e7bec5a2d23ef832937fa32176aa2502be74711b,"{""model_c"": 1, ""final"": 3}",[]
C:\Users\admin\Documents\Codex\2026-10-09\6-45-jiae-jeong-lotto-data\lotto-repo\research\expansion_framework_v1\audit_project.py,local,2542674f08e842f8d8407074c9b44fffdd73b8ffbd8957baf45a1912b106be72,"{""frequency"": 2, ""gap"": 2, ""structure"": 1, ""pair"": 1, ""triple"": 1, ""prediction"": 7, ""final"": 11, ""candidate"": 7, ""lotto"": 4}",[]
C:\Users\admin\Documents\Codex\2026-10-09\6-45-jiae-jeong-lotto-data\lotto-repo\research\expansion_framework_v1\GITHUB_SYNC_GUIDE.md,local,10cccd56aaffdacb8d91f90324915eb50445bda81b244a82ffcb041bf62d8952,"{""final"": 1, ""lotto"": 1}",[]
C:\Users\admin\Documents\Codex\2026-10-09\6-45-jiae-jeong-lotto-data\lotto-repo\research\expansion_framework_v1\model_family_catalog.csv,local,0aa34744e35a39f08764677fdff8f82456eadb9c065c1fa14925e7bbf04a5433,"{""frequency"": 12, ""gap"": 8, ""structure"": 4, ""pair"": 5, ""triple"": 5, ""score"": 1, ""candidate"": 1}",[]
C:\Users\admin\Documents\Codex\2026-10-09\6-45-jiae-jeong-lotto-data\lotto-repo\research\expansion_framework_v1\project_audit.md,local,0b77c052e7cccfdbc152100900e02536fcc9c2a1a19ab73df0d62fd8bd17f3b5,"{""prediction"": 1, ""final"": 3, ""candidate"": 1, ""lotto"": 2}",[]
C:\Users\admin\Documents\Codex\2026-10-09\6-45-jiae-jeong-lotto-data\lotto-repo\research\expansion_framework_v1\project_baseline_manifest.csv,local,f9e74a4b7e15631aaebdfdd7d58ae3ace6df64a8b5d115f4ac32ed35d639c4b2,"{""model_c"": 2, ""prediction"": 7, ""final"": 8, ""candidate"": 17, ""lotto"": 2}",[]
C:\Users\admin\Documents\Codex\2026-10-09\6-45-jiae-jeong-lotto-data\lotto-repo\research\expansion_framework_v1\README.md,local,6c58b45a7b7630a35ab74eed5a4f2301673254eab16a98557776b35166214668,"{""gap"": 1, ""lotto"": 6, ""당첨"": 2}",[]
C:\Users\admin\Documents\Codex\2026-10-09\6-45-jiae-jeong-lotto-data\lotto-repo\research\expansion_framework_v1\research_registry.csv,local,7d9277f4558a283de34244bdcb3994c16f4b0326c647da9550c4fea0b14d096b,"{""model_c"": 1, ""prediction"": 1}",[]
C:\Users\admin\Documents\Codex\2026-10-09\6-45-jiae-jeong-lotto-data\lotto-repo\research\expansion_framework_v1\study_template.md,local,a1d204d137895d72fd8264cce4cc05c4447c9e28744647b3c54303d5c0a54fb9,"{""score"": 1, ""prediction"": 1, ""candidate"": 1}",[]
C:\Users\admin\Documents\Codex\2026-10-09\6-45-jiae-jeong-lotto-data\lotto-repo\research\expansion_framework_v1\UPLOAD_SHA256_MANIFEST.csv,local,706aa2b41f5e6a3574604f279fa4cb4e7d7b573f96141518e4b09221175e5c3c,"{""model_c"": 2, ""structure"": 1, ""pair"": 1, ""triple"": 1, ""prediction"": 2}",[]
C:\Users\admin\Documents\Codex\2026-10-09\6-45-jiae-jeong-lotto-data\lotto-repo\research\expansion_framework_v1\studies\study_batch_001\bootstrap_confidence_intervals.csv,local,1af02366e8f8b6f291a580cf1aa87e230701b0501efcdfcf7b5195ebacd0cb70,"{""frequency"": 4, ""gap"": 4, ""structure"": 4, ""pair"": 4, ""triple"": 4}",[]
C:\Users\admin\Documents\Codex\2026-10-09\6-45-jiae-jeong-lotto-data\lotto-repo\research\expansion_framework_v1\studies\study_batch_001\build_confidence.py,local,d3e998f1ec6d0437b4dd1a1d65b885b92c5a0b3c961a43af248bde9690ff1b94,"{""prediction"": 1}",[]
C:\Users\admin\Documents\Codex\2026-10-09\6-45-jiae-jeong-lotto-data\lotto-repo\research\expansion_framework_v1\studies\study_batch_001\build_diagnostics.py,local,3a95b095088dbf0300007308d9379f67844b6c30f3f33f303ebe30c498edfd4a,"{""model_c"": 1, ""gap"": 1, ""structure"": 3, ""pair"": 3, ""triple"": 3, ""prediction"": 2, ""lotto"": 2}",[]
C:\Users\admin\Documents\Codex\2026-10-09\6-45-jiae-jeong-lotto-data\lotto-repo\research\expansion_framework_v1\studies\study_batch_001\b_model_comparison.csv,local,14c4f44b6cf95bef701fe2201465b409e6f78d28e4a48ce4da07041a3a432ad7,"{""frequency"": 24, ""gap"": 24, ""structure"": 16, ""pair"": 16, ""triple"": 16}",[]
C:\Users\admin\Documents\Codex\2026-10-09\6-45-jiae-jeong-lotto-data\lotto-repo\research\expansion_framework_v1\studies\study_batch_001\failure_registry.csv,local,eb055bf1217ada60abb090f5d96834ff099c58abfab37a7de3d06c8ab4d1441b,"{""frequency"": 8, ""gap"": 8, ""structure"": 8, ""pair"": 8, ""triple"": 8}",[]
C:\Users\admin\Documents\Codex\2026-10-09\6-45-jiae-jeong-lotto-data\lotto-repo\research\expansion_framework_v1\studies\study_batch_001\model_correlation.csv,local,722a3818032532e8c405fadc846345a855d617135f83d091f35c7d21c4da002e,"{""model_a"": 1, ""frequency"": 7, ""gap"": 7, ""structure"": 7, ""pair"": 7, ""triple"": 7, ""score"": 1}","[""1: model_a,model_b,n,mean_ticket_overlap,mean_jaccard,hit_correlation,score_correlation_latest_round""]"
C:\Users\admin\Documents\Codex\2026-10-09\6-45-jiae-jeong-lotto-data\lotto-repo\research\expansion_framework_v1\studies\study_batch_001\model_metrics.csv,local,a4bb098fd69ab8471bdb0c6d90a10c6a2eba286a46292a337d31b2d33adcde96,"{""frequency"": 16, ""gap"": 16, ""structure"": 16, ""pair"": 16, ""triple"": 16}",[]
C:\Users\admin\Documents\Codex\2026-10-09\6-45-jiae-jeong-lotto-data\lotto-repo\research\expansion_framework_v1\studies\study_batch_001\number_temporal_features.csv,local,612f072b3eb2a583e1eef87be5a0a47c5a9ec357d4d32d163e6b43a8726546af,"{""gap"": 1}",[]
C:\Users\admin\Documents\Codex\2026-10-09\6-45-jiae-jeong-lotto-data\lotto-repo\research\expansion_framework_v1\studies\study_batch_001\pair_triple_temporal_stability.csv,local,50d976be0c57e075ad2500cf84e7e0bca47e1f01fd9365883775e0aee2fec329,"{""pair"": 990, ""triple"": 14190}",[]
C:\Users\admin\Documents\Codex\2026-10-09\6-45-jiae-jeong-lotto-data\lotto-repo\research\expansion_framework_v1\studies\study_batch_001\rolling300_failure_registry.csv,local,370651640b0e5d38b7fa560373ce9c268cbd343d5303cf13d787fd7dca935c3b,"{""frequency"": 4, ""gap"": 4, ""structure"": 4, ""pair"": 4, ""triple"": 4}",[]
C:\Users\admin\Documents\Codex\2026-10-09\6-45-jiae-jeong-lotto-data\lotto-repo\research\expansion_framework_v1\studies\study_batch_001\rolling300_metrics.csv,local,52e9e19f6537f8a5ff3742cb67f44cb86a32d81dff9725db20e8e446c1aba5f4,"{""frequency"": 4, ""gap"": 4, ""structure"": 4, ""pair"": 4, ""triple"": 4}",[]
C:\Users\admin\Documents\Codex\2026-10-09\6-45-jiae-jeong-lotto-data\lotto-repo\research\expansion_framework_v1\studies\study_batch_001\rolling300_predictions.csv,local,87c17ec2496575fc12091fa3dba071d197a61ecfc747494c6f791058f35c43ae,"{""frequency"": 744, ""gap"": 744, ""structure"": 744, ""pair"": 744, ""triple"": 744}",[]
C:\Users\admin\Documents\Codex\2026-10-09\6-45-jiae-jeong-lotto-data\lotto-repo\research\expansion_framework_v1\studies\study_batch_001\run_batch.py,local,74b73739698ca0854a6a2bfb7bb02bfdee8dccc44a4a9e7f9c40576ada36fc21,"{""model_a"": 1, ""model_c"": 4, ""frequency"": 5, ""gap"": 11, ""structure"": 8, ""pair"": 8, ""triple"": 9, ""score"": 14, ""weight"": 1, ""prediction"": 8, ""candidate"": 4, ""lotto"": 2, ""추천"": 1, ""최종"": 1}","[""193:   corr.append({'model_a':a,'model_b':b,'n':len(common),'mean_ticket_overlap':statistics.mean(ov),'mean_jaccard':statistics.mean(v/(12-v) if v<6 else 1 for v in ov),'hit_correlation':hc,'score_correlation_latest_round':sc})"", ""216:  lines += ['', '## 질문별 답변','','1. 새로운 정보: 후보 정의상 다른 시간창 결합·전이·조건부 hazard·구조전이 특징을 시험했지만, 이 자료에서 B-v1보다 독립적인 예측 정보가 확인됐다고 결론 내릴 수 없습니다.','2. Random 초과: 전체 평균이나 2+가 초과한 모델이 있을 수 있으나 8개 동시 탐색과 과거 결과 확인 후 설계된 post-hoc이므로 반복 가능한 신호로 인정하지 않았습니다.','3. 최근 유지: recent50/100/200 결과가 모델별로 기록되어 있으며 구간 간 방향이 일치하지""]"
C:\Users\admin\Documents\Codex\2026-10-09\6-45-jiae-jeong-lotto-data\lotto-repo\research\expansion_framework_v1\studies\study_batch_001\run_rolling300.py,local,6a1fe5a45f786dc950b151326fe01f901dfc2234526451cc235d19cf7d5d7def,"{""score"": 1, ""prediction"": 2, ""candidate"": 1}",[]
C:\Users\admin\Documents\Codex\2026-10-09\6-45-jiae-jeong-lotto-data\lotto-repo\research\expansion_framework_v1\studies\study_batch_001\structure_transition_analysis.csv,local,a635b0c059f293ca3a79e004e3461ca46354643b2429e9f1a0ee8c8dd85c9093,"{""structure"": 1}",[]
C:\Users\admin\Documents\Codex\2026-10-09\6-45-jiae-jeong-lotto-data\lotto-repo\research\expansion_framework_v1\studies\study_batch_001\STUDY_BATCH_001_REPORT.md,local,a2a6921fcb7f11720c96a86a4a48485bf0d30be0a8ad2a07a36561d51662cb57,"{""model_c"": 2, ""frequency"": 5, ""gap"": 9, ""structure"": 6, ""pair"": 13, ""triple"": 13, ""prediction"": 4, ""lotto"": 2, ""추천"": 1, ""최종"": 1}","[""73: 모든 모델과 구간의 분류는 `failure_registry.csv`에 저장했습니다. 전체 random 이하 모델은 WEAK, 초과 모델도 HOLD에 머물며 생존 승격은 없습니다. 1245회 추천번호 또는 최종 구매번호는 생성하지 않았습니다.""]"
C:\Users\admin\Documents\Codex\2026-10-09\6-45-jiae-jeong-lotto-data\lotto-repo\research\expansion_framework_v1\studies\study_batch_001\study_registry.csv,local,3878bb213c0661cf93bcb8c27549d90e122eae93303afa4c7521094f22e2b873,"{""model_c"": 9, ""frequency"": 4, ""gap"": 4, ""structure"": 8, ""pair"": 6, ""triple"": 8, ""score"": 2, ""weight"": 2, ""prediction"": 9, ""candidate"": 2, ""lotto"": 16}",[]
C:\Users\admin\Documents\Codex\2026-10-09\6-45-jiae-jeong-lotto-data\lotto-repo\research\expansion_framework_v1\studies\study_batch_001\surviving_models.csv,local,6b21627b26dc59ed5819aa4a419cfbff84cbdd5f43ddd8a340333ea5ffd0aad8,"{""frequency"": 1, ""gap"": 1, ""structure"": 1, ""pair"": 1, ""triple"": 1}",[]
C:\Users\admin\Documents\Codex\2026-10-09\6-45-jiae-jeong-lotto-data\lotto-repo\research\expansion_framework_v1\studies\study_batch_001\walkforward_predictions.csv,local,a5f05084cd1682c12ad720e2e900715089a699d6b45dd3c4fb0c021e55d868ff,"{""frequency"": 2088, ""gap"": 2088, ""structure"": 2088, ""pair"": 2088, ""triple"": 2088}",[]
C:\Users\admin\Documents\Codex\2026-10-09\6-45-jiae-jeong-lotto-data\outputs\A_RESEARCH_GIT_PUBLICATION_20261009_v1.log,local,ed17a975c4b340bc06abf43621cc2fc1205911468396abc1cda7097143be6918,"{""model_c"": 1, ""frequency"": 1, ""score"": 1, ""prediction"": 2, ""final"": 36, ""candidate"": 2, ""lotto"": 16}",[]
C:\Users\admin\Documents\Codex\2026-10-09\6-45-jiae-jeong-lotto-data\outputs\B_AUDIT_AND_RANDOM_GIT_PUBLICATION_20261009_v1.log,local,43f42f8a1b2454a35c322f7e00970b1887e092dcdcffeaa183936f579915502b,"{""model_a"": 1, ""model_c"": 60, ""frequency"": 8508, ""gap"": 8503, ""structure"": 4268, ""pair"": 4261, ""triple"": 4260, ""score"": 73, ""prediction"": 33516, ""final"": 342, ""candidate"": 8, ""lotto"": 571, ""추천"": 6, ""최종"": 1, ""당첨"": 2}","[""496: +| 추천번호/1245 결과 | NOT EXECUTED | 1245 실제 결과 조회/사용0, 새1245 추천·조합 생성0. 과거201~1244 backtest tickets만 생성. |"", ""1231: +**1245 실제 결과는 읽거나 사용하지 않았습니다. 신규 추천번호나1245 최종조합도 생성하지 않았습니다.**"", ""6430: +    \""item\"": \""추천번호/1245 결과\"","", ""6436: +    \""details\"": \""1245 실제 결과 조회/사용0, 새1245 추천·조합 생성0. 과거201~1244 backtest tickets만 생성.\"""", ""6829: +- 추천번호는 생성하지 않았습니다. 통계적 유의성 검정은 계산하지 않았습니다.""]"
C:\Users\admin\Documents\Codex\2026-10-09\6-45-jiae-jeong-lotto-data\outputs\B_COMPLETE_REMOTE_HASH_VERIFICATION_20261009_v1.csv,local,d42cd217a9246abaacc5c586df0cce3b0dc6be05bed9dba690c3e3eb105976f9,"{""model_c"": 1, ""score"": 1, ""prediction"": 1, ""final"": 2, ""lotto"": 1}",[]
C:\Users\admin\Documents\Codex\2026-10-09\6-45-jiae-jeong-lotto-data\outputs\B_MODEL_GIT_RESTORE_20261009_v4.log,local,b14e14a6dedd8be1b2ef752f009e5e0fdaa030236bb189b9fa800d96e2719fa4,"{""model_c"": 49, ""contrarian"": 8, ""frequency"": 8445, ""gap"": 8432, ""structure"": 4225, ""pair"": 4223, ""triple"": 4217, ""score"": 21, ""prediction"": 33462, ""final"": 34250, ""candidate"": 34, ""lotto"": 200, ""A/B/C"": 4}","[""145: -- A/B/C/contrarian unified validation and the old local B report's backtest rerun were not performed; only stored S001-S008 study summaries are available."", ""146: +- A/C/contrarian programs and unified results were not found. B has a short stored summary and study comparison table, but not its pinned detailed prediction/metrics/classification CSVs, so the B backtest was not rerun."", ""313: -- A/B/C/contrarian unified validation and the old local B report's backtest rerun were not performed; only stored S001-S008 study summaries are available."", ""314: +- A/C/contrarian programs and unified results were not found. B has a short stored summary and study comparison table, but not its pinned detailed prediction/metrics/classification CSVs, so the B backtest was not rerun."", ""492: -- A/B/C/contrarian unified validation and the old local B report's backtest rerun were not performed; only stored S001-S008 study summaries are available."", ""493: +- A/C/contrarian programs and unified results were not found. B has a short stored summary and study comparison table, but not its pinned detailed prediction/metrics/classification CSVs, so the B backtest was not rerun."", ""674: -- A/B/C/contrarian unified validation and the old local B report's backtest rerun were not performed; only stored S001-S008 study summaries are available."", ""675: +- A/C/contrarian programs and unified results were not found. B has a short stored summary and study comparison table, but not its pinned detailed prediction/metrics/classification CSVs, so the B backtest was not rerun.""]"
C:\Users\admin\Documents\Codex\2026-10-09\6-45-jiae-jeong-lotto-data\outputs\B_MODEL_GIT_RESTORE_REPORT_20261009_v4.md,local,227b157fd3729d5cbf6c0f8d44d28ea1fa65a65b44d807e595265e25ae845bf2,"{""model_c"": 1, ""prediction"": 1, ""final"": 6, ""lotto"": 7}",[]
C:\Users\admin\Documents\Codex\2026-10-09\6-45-jiae-jeong-lotto-data\outputs\B_MODEL_RECOVERY_EXECUTION_20261009.log,local,53fe5c2593133103043aba2ca620f1ddbc28d19fd2a0075ba41cff354c68b0ed,"{""model_c"": 1, ""prediction"": 3, ""final"": 2, ""candidate"": 2, ""lotto"": 6}",[]
C:\Users\admin\Documents\Codex\2026-10-09\6-45-jiae-jeong-lotto-data\outputs\B_MODEL_RECOVERY_REPORT_20261009.md,local,019a0b7ba692dcb0b0e3d3946782d05fc885c0fe21173c2a19dbd6aec11de50f,"{""model_c"": 1, ""prediction"": 2, ""final"": 1, ""lotto"": 2, ""최종"": 1}","[""11: - 따라서 이 작업의 최종 상태는 **로컬 복구 성공, GitHub 반영 미완료, V3 봉인 게이트 NOT PASSED**입니다.""]"
C:\Users\admin\Documents\Codex\2026-10-09\6-45-jiae-jeong-lotto-data\outputs\B_MODEL_REMOTE_HASH_VERIFICATION_20261009_v4.csv,local,9f332d65f6b90d61e4588b059973431075b9ec3d8c7f73f2ca08ad8ea7f9ccae,"{""model_c"": 1, ""prediction"": 1, ""final"": 6}",[]
C:\Users\admin\Documents\Codex\2026-10-09\6-45-jiae-jeong-lotto-data\outputs\B_MODEL_REPRODUCTION_FINAL_VERIFICATION_20261009_v1.json,local,aa59f25e802d554b0fa865d1141e0458e67e46255845b19ad220b4f158223423,"{""prediction"": 1, ""lotto"": 1}",[]
C:\Users\admin\Documents\Codex\2026-10-09\6-45-jiae-jeong-lotto-data\outputs\B_REPRODUCTION_AND_RANDOM_PUBLICATION_20261009_v1.json,local,f7b8731c74fd00a31e567107b101ac802053fd7c38d0caa7bc646b038156628d,"{""model_c"": 3, ""score"": 3, ""prediction"": 3, ""recommendation"": 1, ""final"": 13, ""lotto"": 5}","[""316:   \""new_recommendations\"": false""]"
C:\Users\admin\Documents\Codex\2026-10-09\6-45-jiae-jeong-lotto-data\outputs\B_REPRODUCTION_AND_RANDOM_PUBLICATION_REPORT_20261009_v1.md,local,914d0373031fcc02fca599607a40963d8e7847ee29cf623ce3913f54679571ba,"{""model_c"": 2, ""frequency"": 2, ""gap"": 2, ""structure"": 1, ""pair"": 1, ""triple"": 1, ""score"": 2, ""prediction"": 2, ""final"": 12, ""lotto"": 2, ""추천"": 1, ""최종"": 5}","[""6: - 최종 remote main: `fa5b248b190b204da60f509afa26ffaa0bbe77af`. Monte Carlo commit과 일치. 감사 commit도 해당 push 시점의 remote main과 일치."", ""7: - 두 push는 fast-forward. 최종 main에서 전체68개 파일을 다시 받아 크기·SHA-256 일치 검증. 기존 tracked파일 수정0. 원본 dirty repo의 모든 파일 내용·HEAD·staged/unstaged 상태 보존."", ""215: - 보고서초안의rare6-hit서술을실제count1로정정후최종검증·hash·commit.공식MCdata는바꾸지않음."", ""218: - 1245결과조회/사용0;신규추천/후보/최종3줄생성0;자동화설정변경0. V3봉인게이트NOT PASSED유지."", ""220: 이post-push보고서와최종원격검증CSV/JSON은로컬outputs의완료증거입니다.두커밋의전체실험·집계·검증자료는GitHubmain에영구보존되었습니다.""]"
C:\Users\admin\Documents\Codex\2026-10-09\6-45-jiae-jeong-lotto-data\outputs\FINAL_THREE_LINES_1245_V4.csv,local,7ce371fe06a2e4b88f249d264e528b518e6da2fe9f54afc52fda0b26551279a0,"{""gap"": 1, ""pair"": 1, ""score"": 6, ""candidate"": 2}",[]
C:\Users\admin\Documents\Codex\2026-10-09\6-45-jiae-jeong-lotto-data\outputs\GITHUB_AUTH_RECOVERY_20261009_v2.md,local,b5c7b13caa68b8bde88eb2036590eff9b570e0c038708ac8d8c4e1756ad0eb90,"{""model_c"": 1, ""prediction"": 1, ""lotto"": 1}",[]
C:\Users\admin\Documents\Codex\2026-10-09\6-45-jiae-jeong-lotto-data\outputs\MODEL_PREDICTIONS_1245_V4.csv,local,92f72d1b2d83026be102810a283bbe7ac5a4f6cb9659b0d09ae37637d8df9eb6,"{""score"": 17, ""candidate"": 3}",[]
C:\Users\admin\Documents\Codex\2026-10-09\6-45-jiae-jeong-lotto-data\outputs\MODE_SELECTION_SEAL_1245_V4.json,local,41e2e0aa60970cffbaf59fbb1fbb24ac038e961fde58f980bc172b62261e9aa4,"{""model_c"": 1, ""pair"": 14, ""prediction"": 6, ""final"": 2, ""candidate"": 2, ""selected"": 4}",[]
C:\Users\admin\Documents\Codex\2026-10-09\6-45-jiae-jeong-lotto-data\outputs\MODE_STATISTICAL_TESTS_1245_V4.json,local,40e9e1f6a0438e0762eea51a8cac9ac11edb4f63d655e79ff324ed1a40950d3e,"{""pair"": 22}",[]
C:\Users\admin\Documents\Codex\2026-10-09\6-45-jiae-jeong-lotto-data\outputs\PREDICTION_1245_V4_COMPLETION_REPORT_20261009.md,local,31d9f7349607abcb2c01a7daad3e7e46e07a7bbb704a9629c8c01802303751d8,"{""model_c"": 1, ""frequency"": 1, ""gap"": 1, ""structure"": 2, ""pair"": 2, ""triple"": 1, ""score"": 6, ""prediction"": 22, ""final"": 27, ""candidate"": 6, ""lotto"": 7, ""최종"": 5, ""당첨"": 3}","[""74: ## 5. 최종 3줄과 선정 trace"", ""113: ### 최종 줄별 pair 관계와 학습 관측 횟수"", ""177: - 원격 seal의 target/cutoff/freeze reference를 확인했다. 원격 파일에 대해 독립 verifier도 exit 0이고 로컬과 동일한 최종 3줄을 확인했다."", ""224: 4. GitHub public main 및 서버 시각은 관찰했으나 공식 추첨 마감 시각의 독립 대조는 수행하지 않았다. 결과를 포함할 수 있는 페이지를 조회하지 않았으며, 추첨 전 자격의 최종 확인은 별도 공개 시점 증거로 관리해야 한다."", ""229: 이 완료 보고서, 원격 해시 CSV, 전체 실행 로그, 모델 예측/최종 줄/trace/seal 사본 및 PUBLICATION_OBSERVATION JSON은 outputs/에 저장했다. 기존 파일을 덮어쓰지 않았고 Git 커밋에는 신규 predictions/1245/의 19개만 포함했다.""]"
C:\Users\admin\Documents\Codex\2026-10-09\6-45-jiae-jeong-lotto-data\outputs\PREDICTION_1245_V4_EXECUTION_20261009.log,local,f5abdbd3dc8a5824cc0bd2a24ca0c31a00740d1b89252556e0b04be4497f08ce,"{""model_c"": 22, ""frequency"": 16, ""gap"": 6, ""structure"": 26, ""pair"": 9, ""triple"": 8, ""score"": 93, ""prediction"": 14018, ""final"": 471, ""candidate"": 89, ""lotto"": 213}",[]
C:\Users\admin\Documents\Codex\2026-10-09\6-45-jiae-jeong-lotto-data\outputs\PREDICTION_1245_V4_PUBLICATION_OBSERVATION_20261009.json,local,4c7427ccc64aea9f2fa1bc3402241b14db9dff698993ffbf8e3f054e99857e81,"{""structure"": 1, ""score"": 3, ""prediction"": 8, ""final"": 1, ""candidate"": 2}",[]
C:\Users\admin\Documents\Codex\2026-10-09\6-45-jiae-jeong-lotto-data\outputs\PREDICTION_1245_V4_REMOTE_SHA256_20261009.csv,local,61e2f3231fd7a0a1e309ea7e26ba3b09fdebc86bd3f9499175ba816ae71b769f,"{""structure"": 1, ""score"": 3, ""prediction"": 26, ""final"": 1, ""candidate"": 2}",[]
C:\Users\admin\Documents\Codex\2026-10-09\6-45-jiae-jeong-lotto-data\outputs\PREDICTION_SEAL_1245_V4.json,local,5300807aacfba8b37f3f8db5aaf5eefcb7e522e910d79fc016e37bc86ca61fe5,"{""structure"": 1, ""score"": 3, ""prediction"": 14, ""final"": 1, ""candidate"": 2, ""lotto"": 4}",[]
C:\Users\admin\Documents\Codex\2026-10-09\6-45-jiae-jeong-lotto-data\outputs\PRIMARY_MODE_1245_V4_COMPLETION_REPORT_20261009.md,local,81dcda01e11e764327113e7b942c5a998bd7fcc1c462ec5cb4d0c6234c6d412f,"{""model_c"": 2, ""frequency"": 1, ""pair"": 5, ""score"": 1, ""prediction"": 6, ""final"": 27, ""candidate"": 3, ""lotto"": 3}",[]
C:\Users\admin\Documents\Codex\2026-10-09\6-45-jiae-jeong-lotto-data\outputs\PRIMARY_MODE_1245_V4_EXECUTION_20261009.log,local,cc7bf32b07cbd16a31df1685164b6d4ca3b7a3646045c99bd61a84426a822555,"{""model_a"": 4, ""model_c"": 23, ""frequency"": 8, ""structure"": 3, ""pair"": 8, ""triple"": 1, ""score"": 14, ""prediction"": 56, ""final"": 229, ""candidate"": 23, ""selected"": 12, ""lotto"": 129}",[]
C:\Users\admin\Documents\Codex\2026-10-09\6-45-jiae-jeong-lotto-data\outputs\PRIMARY_MODE_1245_V4_PUBLICATION_OBSERVATION_20261009.json,local,e31bab8f503ad64b4f2f6e86a13b8745cde172c97bfe6b15e17e303ef389874e,"{""model_c"": 1, ""prediction"": 1, ""final"": 1, ""selected"": 1}",[]
C:\Users\admin\Documents\Codex\2026-10-09\6-45-jiae-jeong-lotto-data\outputs\PRIMARY_MODE_1245_V4_REMOTE_SHA256_20261009.csv,local,3d2b722575b7221cc7e22efabb628b92bc181e542a68977c17181c13964f09ec,"{""model_c"": 1}",[]
C:\Users\admin\Documents\Codex\2026-10-09\6-45-jiae-jeong-lotto-data\outputs\PRIMARY_PURCHASE_DECISION_1245_V4.json,local,74fea63eb4512b1e7443d0b4ab0e4b78c3621ac20effcf881309552c475d3f5d,"{""pair"": 13, ""prediction"": 2, ""final"": 1, ""selected"": 1}",[]
C:\Users\admin\Documents\Codex\2026-10-09\6-45-jiae-jeong-lotto-data\outputs\PRIMARY_PURCHASE_LINES_1245_V4.csv,local,87e9238d094fc44fab8ec841fb4b8202f2322b4b474d3acf0de171b4cb5f5422,"{""gap"": 1, ""pair"": 1, ""score"": 4, ""candidate"": 2}",[]
C:\Users\admin\Documents\Codex\2026-10-09\6-45-jiae-jeong-lotto-data\outputs\PROSPECTIVE_V4_COMPLETION_REPORT_20261009.md,local,c06d18d0be7ce9b943f186a8dc399944518def8acd319314e5c9c91158c2af98,"{""model_c"": 2, ""contrarian"": 1, ""frequency"": 1, ""structure"": 1, ""pair"": 1, ""triple"": 1, ""score"": 1, ""prediction"": 3, ""final"": 26, ""candidate"": 2, ""lotto"": 6}","[""148: 4. ?? A/C/contrarian ??? ?? ???? ?????. V4 ??? ???? ? provenance???.""]"
C:\Users\admin\Documents\Codex\2026-10-09\6-45-jiae-jeong-lotto-data\outputs\PROSPECTIVE_V4_COMPLETION_REPORT_20261009_v2.md,local,4408680cf8b949ed8aa526066d6ff66e31c3d69e1d061b94cebf8bafd716dd6a,"{""model_c"": 2, ""contrarian"": 2, ""frequency"": 1, ""gap"": 2, ""structure"": 3, ""pair"": 3, ""triple"": 3, ""score"": 1, ""prediction"": 8, ""final"": 26, ""candidate"": 2, ""lotto"": 6, ""최종"": 1, ""당첨"": 1}","[""63: - 원래 A/C/contrarian의 완전한 구현·봉인 자료를 확보했다고 주장하지 않았다."", ""144: ## 최종 git status 및 보존 결과"", ""190: 4. 원래 A/C/contrarian의 완전한 구현을 확보했다고 주장하지 않는다. V4는 별도 신규 provenance다.""]"
C:\Users\admin\Documents\Codex\2026-10-09\6-45-jiae-jeong-lotto-data\outputs\PROSPECTIVE_V4_EXECUTION_20261009_v1.log,local,3ff6bdadfe38faeaa357924f90637a3c14e3cfd52a10e4ab98944460b7180fc9,"{""model_c"": 6, ""frequency"": 6, ""pair"": 2, ""score"": 6, ""prediction"": 13, ""final"": 164, ""candidate"": 13, ""lotto"": 96}",[]
C:\Users\admin\Documents\Codex\2026-10-09\6-45-jiae-jeong-lotto-data\outputs\SELECTION_TRACE_1245_V4.csv,local,2de572ba92aa03d70f3e9818ef1c164b0ba878d4998c4390029377facae69ca7,"{""score"": 1, ""candidate"": 190, ""selected"": 1}",[]
C:\Users\admin\Documents\Codex\2026-10-09\6-45-jiae-jeong-lotto-data\outputs\B_MODEL_REPRODUCTION_20261009_v1\AUDIT_SHA256.csv,local,1f2f234b957b2ca4a802a6354fe8ca10c026baecc91b8fea55d6d1f42d888ed1,"{""model_c"": 1, ""score"": 1, ""prediction"": 1, ""lotto"": 1}",[]
C:\Users\admin\Documents\Codex\2026-10-09\6-45-jiae-jeong-lotto-data\outputs\B_MODEL_REPRODUCTION_20261009_v1\AUDIT_UNIQUE_AND_RECENT_B_SCORES.csv,local,c9660348644f80c1febce9fe1cac271e0adf4faa03161086c725b84b76ca91bb,"{""frequency"": 12, ""gap"": 12, ""structure"": 8, ""pair"": 6, ""triple"": 6}",[]
C:\Users\admin\Documents\Codex\2026-10-09\6-45-jiae-jeong-lotto-data\outputs\B_MODEL_REPRODUCTION_20261009_v1\b_model_backtest_report.md,local,b9e3804e02f2c4fed548222b77cf90ff58083d54f184cb4bbee0c5b20489994a,"{""model_c"": 1, ""frequency"": 6, ""gap"": 6, ""structure"": 3, ""pair"": 7, ""triple"": 8, ""prediction"": 1, ""lotto"": 3, ""추천"": 1, ""당첨"": 1}","[""67: - 추천번호는 생성하지 않았습니다. 통계적 유의성 검정은 계산하지 않았습니다.""]"
C:\Users\admin\Documents\Codex\2026-10-09\6-45-jiae-jeong-lotto-data\outputs\B_MODEL_REPRODUCTION_20261009_v1\B_MODEL_REPRODUCIBILITY_AUDIT_20261009_v1.md,local,6518c939b09d0c2287a895fa2572214c9671572114a024b171d3bad3a547bf30,"{""model_c"": 1, ""frequency"": 11, ""gap"": 10, ""structure"": 8, ""pair"": 9, ""triple"": 8, ""score"": 4, ""prediction"": 4, ""final"": 9, ""lotto"": 13, ""추천"": 3, ""최종"": 1, ""당첨"": 1}","[""27: | 추천번호/1245 결과 | NOT EXECUTED | 1245 실제 결과 조회/사용0, 새1245 추천·조합 생성0. 과거201~1244 backtest tickets만 생성. |"", ""272: **1245 실제 결과는 읽거나 사용하지 않았습니다. 신규 추천번호나1245 최종조합도 생성하지 않았습니다.**""]"
C:\Users\admin\Documents\Codex\2026-10-09\6-45-jiae-jeong-lotto-data\outputs\B_MODEL_REPRODUCTION_20261009_v1\CORE_VERIFICATION.json,local,188880fd74346d0235daa109ba4b6877efa028b6381de42ef7d3ed6606b7ea3e,"{""frequency"": 2, ""gap"": 2, ""structure"": 1, ""pair"": 1, ""triple"": 1, ""prediction"": 2}",[]
C:\Users\admin\Documents\Codex\2026-10-09\6-45-jiae-jeong-lotto-data\outputs\B_MODEL_REPRODUCTION_20261009_v1\DIRECT_PATH_DIAGNOSTIC_STDERR.log,local,dd02baf3af5cb165e61b69620f0cf0775678e89b20c37b31f1bfdbce4c45f59b,"{""final"": 4, ""lotto"": 6}",[]
C:\Users\admin\Documents\Codex\2026-10-09\6-45-jiae-jeong-lotto-data\outputs\B_MODEL_REPRODUCTION_20261009_v1\DIVERGENT_RESULT_INVESTIGATION.json,local,687071fa38fc579d2277cf1e5fbefcea1d2481c5c466180dc1ca2a2279f49a1c,"{""frequency"": 2, ""gap"": 3, ""structure"": 1, ""score"": 2, ""prediction"": 2, ""final"": 6, ""lotto"": 12}",[]
C:\Users\admin\Documents\Codex\2026-10-09\6-45-jiae-jeong-lotto-data\outputs\B_MODEL_REPRODUCTION_20261009_v1\ENVIRONMENT_FAILURE_CHECKS.json,local,956f69609dc5bf84b2e97c28ed8fd4206b87267160901ea9a6bfb61794d4120d,"{""final"": 2, ""lotto"": 5}",[]
C:\Users\admin\Documents\Codex\2026-10-09\6-45-jiae-jeong-lotto-data\outputs\B_MODEL_REPRODUCTION_20261009_v1\ERROR_AND_LIMITATION_REGISTER.json,local,312984876146bd57d9e2634e54e72ea7660f82a5c1723c35d4091823c6db4306,"{""structure"": 1, ""pair"": 2, ""triple"": 1, ""score"": 1, ""prediction"": 1, ""lotto"": 2}",[]
C:\Users\admin\Documents\Codex\2026-10-09\6-45-jiae-jeong-lotto-data\outputs\B_MODEL_REPRODUCTION_20261009_v1\EXACT_RANDOM_BASELINE_VALIDATION.json,local,f663c062a19316dcfa50bb235a626b6a8379f1f3782d1730bcc9cf84f8dd8529,"{""A model"": 1, ""structure"": 2, ""score"": 1, ""candidate"": 1, ""selected"": 1}","[""66:   \""structure_bank_is_not_baseline\"": \""The random bank is scored and maximized by structure_profile. It is a model candidate search bank, not an unselected random comparator.\"",""]"
C:\Users\admin\Documents\Codex\2026-10-09\6-45-jiae-jeong-lotto-data\outputs\B_MODEL_REPRODUCTION_20261009_v1\EXECUTED_b_model_backtest.py,local,3ecf4fb805c2448e49c39e01174b3a112d4865c7ff1a31157437515b78be47cb,"{""model_c"": 2, ""frequency"": 4, ""gap"": 14, ""structure"": 34, ""pair"": 21, ""triple"": 24, ""score"": 14, ""prediction"": 15, ""candidate"": 4, ""selected"": 12, ""lotto"": 5, ""추천"": 1, ""당첨"": 1}","[""441:         \""- 추천번호는 생성하지 않았습니다. 통계적 유의성 검정은 계산하지 않았습니다.\"",""]"
C:\Users\admin\Documents\Codex\2026-10-09\6-45-jiae-jeong-lotto-data\outputs\B_MODEL_REPRODUCTION_20261009_v1\EXECUTION_RESULT.json,local,a47127e139cf965311d3901c9a2d2488a805d6e0169972ab440d66264cd809c6,"{""model_c"": 1, ""prediction"": 1, ""lotto"": 2}",[]
C:\Users\admin\Documents\Codex\2026-10-09\6-45-jiae-jeong-lotto-data\outputs\B_MODEL_REPRODUCTION_20261009_v1\EXECUTION_STDOUT.log,local,e2233cceacb98714b962b8bd24db874e4a7b4e264a3276e2a32f6225ac14898d,"{""frequency"": 2, ""gap"": 2, ""structure"": 1, ""pair"": 1, ""triple"": 1, ""prediction"": 1, ""lotto"": 1}",[]
C:\Users\admin\Documents\Codex\2026-10-09\6-45-jiae-jeong-lotto-data\outputs\B_MODEL_REPRODUCTION_20261009_v1\EXISTING_ASSETS_AFTER.json,local,6ccaa17df814593249f44215cb404777ddc02f74db632602caa8d807044a912e,"{""model_c"": 9, ""prediction"": 24, ""final"": 48, ""lotto"": 84}",[]
C:\Users\admin\Documents\Codex\2026-10-09\6-45-jiae-jeong-lotto-data\outputs\B_MODEL_REPRODUCTION_20261009_v1\EXISTING_ASSETS_BEFORE.json,local,306d965850f52fc10ea550503e7ac1df37044d90f2ceacade3620c970147e7c1,"{""model_c"": 9, ""prediction"": 24, ""final"": 48, ""lotto"": 84}",[]
C:\Users\admin\Documents\Codex\2026-10-09\6-45-jiae-jeong-lotto-data\outputs\B_MODEL_REPRODUCTION_20261009_v1\EXISTING_ASSET_METADATA.csv,local,b67e28f176c93939f54703afe7ea73bac212744b40616c51963e7b5de4d07aaa,"{""model_c"": 9, ""prediction"": 24, ""final"": 48, ""lotto"": 84}",[]
C:\Users\admin\Documents\Codex\2026-10-09\6-45-jiae-jeong-lotto-data\outputs\B_MODEL_REPRODUCTION_20261009_v1\GIT_AFTER.json,local,52ce927a2a730a9031eeb922ddbb469c85009ed0a6d9487858b9075d23b3c043,"{""final"": 11, ""lotto"": 3}",[]
C:\Users\admin\Documents\Codex\2026-10-09\6-45-jiae-jeong-lotto-data\outputs\B_MODEL_REPRODUCTION_20261009_v1\INPUT_VALIDATION.json,local,5d63eb79c0198bdce84e59d0cf2895a9f48506cc2b9fc23e76630ca6f5df808f,"{""lotto"": 2}",[]
C:\Users\admin\Documents\Codex\2026-10-09\6-45-jiae-jeong-lotto-data\outputs\B_MODEL_REPRODUCTION_20261009_v1\LEAKAGE_RUNTIME_SAMPLES.csv,local,d26132f309c58dd9b00214cea10232d82517e49cec76f7556087866b28594bff,"{""frequency"": 34, ""gap"": 34, ""structure"": 17, ""pair"": 17, ""triple"": 17}",[]
C:\Users\admin\Documents\Codex\2026-10-09\6-45-jiae-jeong-lotto-data\outputs\B_MODEL_REPRODUCTION_20261009_v1\LEAKAGE_VALIDATION.json,local,3ba1f6003582dd1ea6bb62bd18cbe2da4c3ef7346ff5e6a8cac3ad8c639aae1a,"{""model_c"": 1, ""structure"": 1, ""pair"": 1, ""score"": 1, ""prediction"": 2}",[]
C:\Users\admin\Documents\Codex\2026-10-09\6-45-jiae-jeong-lotto-data\outputs\B_MODEL_REPRODUCTION_20261009_v1\MISSING_OUTPUT_DIRECTORY_DIAGNOSTIC.log,local,fb6e78380dcfe76f3a5c6fc85b992fa020f66a54fb3b46fc51aae66d34c526e7,"{""model_a"": 1, ""lotto"": 2}",[]
C:\Users\admin\Documents\Codex\2026-10-09\6-45-jiae-jeong-lotto-data\outputs\B_MODEL_REPRODUCTION_20261009_v1\MODEL_REPRODUCTION_SUMMARY.csv,local,7ca9d68ba4be4059e0a07c171302141de5cbb81a30931cec0bee0509690e3375,"{""frequency"": 2, ""gap"": 2, ""structure"": 1, ""pair"": 1, ""triple"": 1}",[]
C:\Users\admin\Documents\Codex\2026-10-09\6-45-jiae-jeong-lotto-data\outputs\B_MODEL_REPRODUCTION_20261009_v1\OUTPUT_COMPARISON.csv,local,9566daac6a08ce2fa501c793eb477bd57564a3a34da8769c242d29f011070bf4,"{""model_c"": 1, ""prediction"": 1}",[]
C:\Users\admin\Documents\Codex\2026-10-09\6-45-jiae-jeong-lotto-data\outputs\B_MODEL_REPRODUCTION_20261009_v1\PACKAGE_AND_INPUT_PROVENANCE.json,local,2924a3b8d30855ba29916169fc7198482b2c6203f11dfb8a86073de19c821e7f,"{""model_c"": 1, ""prediction"": 1, ""lotto"": 22}",[]
C:\Users\admin\Documents\Codex\2026-10-09\6-45-jiae-jeong-lotto-data\outputs\B_MODEL_REPRODUCTION_20261009_v1\PREFIX_FEATURE_CHECKS.csv,local,4fa6fb9bb7cafc3f23aa5dc354b9bc366522bbf545c57ddc2105b05b8ef7d899,"{""frequency"": 1, ""structure"": 2, ""pair"": 1, ""triple"": 1}",[]
C:\Users\admin\Documents\Codex\2026-10-09\6-45-jiae-jeong-lotto-data\outputs\B_MODEL_REPRODUCTION_20261009_v1\REPORT_COMPARISON.json,local,5c63b81dcf45463c2583c65f31e16e4e48f3a42895b215b29406075a7480da76,"{""lotto"": 3}",[]
C:\Users\admin\Documents\Codex\2026-10-09\6-45-jiae-jeong-lotto-data\outputs\B_MODEL_REPRODUCTION_20261009_v1\RERUN_B_MODEL.ps1,local,237e36f2e4dac29c4f2c7b651bc08288edded0c18361a5b0ddbb3be02ebbe837,"{""lotto"": 3}",[]
C:\Users\admin\Documents\Codex\2026-10-09\6-45-jiae-jeong-lotto-data\outputs\B_MODEL_REPRODUCTION_20261009_v1\SEARCH_PATHS.json,local,681b9de6adf9b958857ad496df1f6c7642a576c6c9d0325be396386c162c4f1d,"{""model_c"": 2, ""prediction"": 2}",[]
C:\Users\admin\Documents\Codex\2026-10-09\6-45-jiae-jeong-lotto-data\outputs\B_MODEL_REPRODUCTION_20261009_v1\SOURCE_VERSION.json,local,b0cf2c3cb0c0347252432217604e51d64ee6f383301c2bdb507a6c247e7918d2,"{""frequency"": 2, ""gap"": 2, ""structure"": 3, ""pair"": 1, ""triple"": 1, ""final"": 1, ""lotto"": 2}",[]
C:\Users\admin\Documents\Codex\2026-10-09\6-45-jiae-jeong-lotto-data\outputs\B_MODEL_REPRODUCTION_20261009_v1\STATUS_SUMMARY.json,local,df0cc07b35155dfeaa40b450c7c01261e1dbb9570134228a8c48c7b077faceb0,"{""pair"": 1, ""triple"": 1, ""score"": 1, ""추천"": 2}","[""73:     \""item\"": \""추천번호/1245 결과\"","", ""75:     \""details\"": \""1245 실제 결과 조회/사용0, 새1245 추천·조합 생성0. 과거201~1244 backtest tickets만 생성.\""""]"
C:\Users\admin\Documents\Codex\2026-10-09\6-45-jiae-jeong-lotto-data\outputs\B_MODEL_REPRODUCTION_20261009_v1\VERIFY_AUDIT.py,local,19d9a7c8489b5cc6d889d1e2afbc0d712499549eaa92d3c07cd5b23a9bf9765f,"{""prediction"": 3, ""lotto"": 1}",[]
C:\Users\admin\Documents\Codex\2026-10-09\6-45-jiae-jeong-lotto-data\outputs\B_RANDOM_BASELINE_20261009_v1\ACTUAL_EXECUTION_RESULT.json,local,4e6a6115da7fd19a430b523209f0c53297a6a1c0d320947c4ebeeba97c8f5f4e,"{""lotto"": 2}",[]
C:\Users\admin\Documents\Codex\2026-10-09\6-45-jiae-jeong-lotto-data\outputs\B_RANDOM_BASELINE_20261009_v1\B_AUDIT_PUBLICATION_RECORD.json,local,3ec8c87f160ff20c9140509223e96bd04322ad7e7abece4dc9a0cfb7ce1c5fed,"{""model_c"": 3, ""frequency"": 1, ""score"": 3, ""prediction"": 4, ""final"": 28, ""candidate"": 2, ""lotto"": 2}",[]
C:\Users\admin\Documents\Codex\2026-10-09\6-45-jiae-jeong-lotto-data\outputs\B_RANDOM_BASELINE_20261009_v1\B_RANDOM_BASELINE_VALIDATION_REPORT_20261009_v1.md,local,ea170d8acd30a6b3045ba85dfcb587bf8f4b11fbae30ac3a3706b053d1591ce5,"{""frequency"": 5, ""gap"": 5, ""structure"": 3, ""pair"": 2, ""triple"": 2, ""recommendation"": 1, ""final"": 2, ""lotto"": 3, ""추천"": 2, ""최종"": 1}","[""5: **실제 균등 6/45 티켓3,500,000개를 생성하여, B와 동일한350개 과거 회차에서 비교했습니다.** 기존 B 코드·CSV·보고서·분류를 변경하지 않았습니다. 번호추천 결과를 생성하지 않았습니다."", ""25: | 1245actual/newpurchase tickets | NOT EXECUTED | No1245actualread/use,newrecommendationorfinalthree-linegeneration. |"", ""177: **1245실제결과NOT READ / NOT USED. 신규추천번호·구매후보·최종3줄생성0.**""]"
C:\Users\admin\Documents\Codex\2026-10-09\6-45-jiae-jeong-lotto-data\outputs\B_RANDOM_BASELINE_20261009_v1\B_REPRODUCTION_REFERENCE_FROZEN.json,local,0519838584cdbeb786bccc5a5c53e36c26e6a668e205d1e2926a57c6745952f4,"{""model_c"": 1, ""frequency"": 4, ""gap"": 4, ""structure"": 2, ""pair"": 2, ""triple"": 2, ""prediction"": 1, ""lotto"": 1}",[]
C:\Users\admin\Documents\Codex\2026-10-09\6-45-jiae-jeong-lotto-data\outputs\B_RANDOM_BASELINE_20261009_v1\B_VS_RANDOM_BLOCKS.csv,local,2019e310f383ab67fe88fb6e38540ebe7072b0de87a77afd4f2897e4585eea65,"{""frequency"": 14, ""gap"": 14, ""structure"": 7, ""pair"": 7, ""triple"": 7}",[]
C:\Users\admin\Documents\Codex\2026-10-09\6-45-jiae-jeong-lotto-data\outputs\B_RANDOM_BASELINE_20261009_v1\B_VS_RANDOM_POOLED.csv,local,2fe0fe54b5bf085648f333a740e966b8bb06daa70914875b2cc4cac07a6c0741,"{""frequency"": 2, ""gap"": 2, ""structure"": 1, ""pair"": 1, ""triple"": 1}",[]
C:\Users\admin\Documents\Codex\2026-10-09\6-45-jiae-jeong-lotto-data\outputs\B_RANDOM_BASELINE_20261009_v1\EXPLORATORY_STATISTICAL_TESTS.json,local,5f94cd6f4b431881c2c815cf40c37cd173b250557073f7f57d8757aec4bcbde0,"{""C model"": 1, ""frequency"": 4, ""gap"": 4, ""structure"": 2, ""pair"": 2, ""triple"": 2}","[""134:   \""pvalue_scope\"": \""Exploratory historical tests; iid fair-draw assumption. Post-hoc models/evaluation selection remain uncorrected, no prospective proof.\"",""]"
C:\Users\admin\Documents\Codex\2026-10-09\6-45-jiae-jeong-lotto-data\outputs\B_RANDOM_BASELINE_20261009_v1\FINAL_VERIFICATION.json,local,9ba7bfaf1f3a5c5e45979309f212379f079665042df1453f7694d82f52a92f75,"{""recommendation"": 1}","[""39:   \""new_recommendations\"": false,""]"
C:\Users\admin\Documents\Codex\2026-10-09\6-45-jiae-jeong-lotto-data\outputs\B_RANDOM_BASELINE_20261009_v1\MONTE_CARLO_PROTOCOL.md,local,30d13609a1225d4fdaaf42fe7634edbc1e5402e13145b4cc7e8fcc8a75fae22e,"{""C model"": 1, ""pair"": 1, ""weight"": 1, ""recommendation"": 1, ""final"": 1, ""candidate"": 1}","[""27: These tests assume fair independent draws and do not undo post-hoc model design."", ""33: candidate,recommendation ornewfinal-three-line numbers emitted.""]"
C:\Users\admin\Documents\Codex\2026-10-09\6-45-jiae-jeong-lotto-data\outputs\B_RANDOM_BASELINE_20261009_v1\REPORT_DRAFT_CORRECTION.log,local,b20a47e684f79ce7fca1d365ac9041022a80f25f09b7518ffbebeeb5fa678dee,"{""final"": 1}",[]
C:\Users\admin\Documents\Codex\2026-10-09\6-45-jiae-jeong-lotto-data\outputs\B_RANDOM_BASELINE_20261009_v1\run_b_random_baseline.py,local,bc7775f4539887392dc43f7641c26640135cdc7eeaad2f3cad855d338dc9ca22,"{""C model"": 1, ""weight"": 3, ""prediction"": 3, ""recommendation"": 2, ""candidate"": 1, ""lotto"": 1}","[""145:     save('EXPLORATORY_STATISTICAL_TESTS.json',dict(status='INSUFFICIENT EVIDENCE',tests=ptests,family='8 models x2 metrics=16 tests, Holm family-wise correction',pvalue_scope='Exploratory historical tests; iid fair-draw assumption. Post-hoc models/evaluation selection remain uncorrected, no prospect"", ""147:     save('RUN_METADATA.json',dict(status='MONTE_CARLO_VERIFIED',start_utc=started,end_utc=datetime.datetime.now(datetime.timezone.utc).isoformat(),elapsed_seconds=elapsed,random_seed=cfg['random_seed'],bootstrap_seed=cfg['bootstrap_seed'],bootstrap_repetitions=cfg['bootstrap_repetitions'],historical""]"
C:\Users\admin\Documents\Codex\2026-10-09\6-45-jiae-jeong-lotto-data\outputs\B_RANDOM_BASELINE_20261009_v1\RUN_CONFIG.json,local,c2d88d9b1049cd2e199df809f6ce7aae31ba11aae292581eeeb4bdb613bcb821,"{""model_c"": 1, ""frequency"": 2, ""gap"": 2, ""structure"": 1, ""pair"": 1, ""triple"": 1, ""weight"": 1, ""prediction"": 1, ""lotto"": 1}",[]
C:\Users\admin\Documents\Codex\2026-10-09\6-45-jiae-jeong-lotto-data\outputs\B_RANDOM_BASELINE_20261009_v1\RUN_METADATA.json,local,46522018025abae95d94bee6690991bb9d177aa3b8cff6f6c9f97b9a7cdd97ee,"{""recommendation"": 2, ""candidate"": 1}","[""16:   \""new_recommendations\"": false,"", ""21:   \""raw_ticket_storage\"": \""No candidate/recommendation numbers emitted. Each actual random stream is reproducible from configuration/code and committed stream SHA;aggregated counts stored.\"",""]"
C:\Users\admin\Documents\Codex\2026-10-09\6-45-jiae-jeong-lotto-data\outputs\B_RANDOM_BASELINE_20261009_v1\SHA256_MANIFEST.csv,local,cd10bd75f11fd66b2dfbde8911845e5a8cde99d4c1d49c9207bd5d495fba9c22,"{""final"": 1}",[]
C:\Users\admin\Documents\Codex\2026-10-09\6-45-jiae-jeong-lotto-data\outputs\B_RANDOM_BASELINE_20261009_v1\STATUS_CLASSIFICATION.json,local,5262c6c9fd40d0b59c8624ccf81b3f21e927dd56f24d931340b46c0b4ce03227,"{""recommendation"": 1, ""final"": 1}","[""45:     \""detail\"": \""No1245actualread/use,newrecommendationorfinalthree-linegeneration.\""""]"
C:\Users\admin\Documents\Codex\2026-10-09\6-45-jiae-jeong-lotto-data\outputs\B_RANDOM_BASELINE_20261009_v1\UNRESOLVED_HISTORICAL_RESULT.json,local,fb99c5ab018ef547687c13582330322af7c6817e0f23136dfa173d782e2c5677,"{""frequency"": 1, ""gap"": 1, ""structure"": 1}",[]
C:\Users\admin\Documents\Codex\2026-10-09\6-45-jiae-jeong-lotto-data\outputs\B_RANDOM_BASELINE_20261009_v1\VERIFICATION_ATTEMPT_1.log,local,6bbb71d0d649158f6fedeae78e94759adcd2b7a68ef557141006380686ee6541,"{""final"": 2}",[]
C:\Users\admin\Documents\Codex\2026-10-09\6-45-jiae-jeong-lotto-data\outputs\B_RANDOM_BASELINE_20261009_v1\verify_b_random_baseline.py,local,bae3030e477bc58c6abae4e4bae7f2833974dacb29bae7a4f7fca11c1f96b3c2,"{""model_c"": 1, ""recommendation"": 1, ""final"": 2, ""lotto"": 1}","[""49:     result=dict(status='MONTE_CARLO_VERIFIED',checks='PASS',verified_utc=datetime.datetime.now(datetime.timezone.utc).isoformat(),official_random_comparisons=3500000,official_seed=20261009,matched_historical_targets=350,blocks=cfg['blocks'],target_1245_used=False,new_recommendations=False,original_B""]"
C:\Users\admin\Documents\Codex\2026-10-09\6-45-jiae-jeong-lotto-data\work\A_RESEARCH_PUBLICATION_STATE_20261009_v1.json,local,a7ea206d5f0b98920f2912bea2187d44b1cd3e6f7a10ff73eb11949b4c423749,"{""model_c"": 12, ""frequency"": 3, ""structure"": 3, ""pair"": 2, ""triple"": 2, ""score"": 10, ""prediction"": 38, ""final"": 119, ""candidate"": 12, ""lotto"": 9}",[]
C:\Users\admin\Documents\Codex\2026-10-09\6-45-jiae-jeong-lotto-data\work\a_research_publish_20261009.py,local,d68356f5dccbd2b08a7b6bd6ade95c25c9e5561c2a65710321d8ac5b06a60b33,"{""final"": 2, ""lotto"": 2}",[]
C:\Users\admin\Documents\Codex\2026-10-09\6-45-jiae-jeong-lotto-data\work\build_primary_mode_publisher.py,local,509c353b96474ff9fa8daf3a1f435a40f019c067e23faddfe4cab41622b8ade4,"{""prediction"": 18}",[]
C:\Users\admin\Documents\Codex\2026-10-09\6-45-jiae-jeong-lotto-data\work\build_prospective_v4.py,local,25ea57632e78b49c55bab82a22993e8d461b3121ab7b5ad3d6b3b16c42e8e8d6,"{""model_c"": 2, ""contrarian"": 4, ""frequency"": 4, ""gap"": 8, ""structure"": 10, ""pair"": 16, ""triple"": 9, ""score"": 19, ""weight"": 15, ""prediction"": 22, ""recommendation"": 1, ""final"": 7, ""candidate"": 13, ""lotto"": 6}","[""86: for name in ['A','C','contrarian']:"", ""87:     registry.append({'research_id':'MISSING_LEGACY_'+name,'provenance':'legacy unavailable original implementation','source_path':'V3 historical audit','historical_status':'UNAVAILABLE','V4_status':'EXCLUDED_NOT_FABRICATED','reason':'No complete runnable original found in reviewed assets. V4 does no"", ""115: 'Oct 8 candidate/recent-validation outputs and original prospective protocol/registry/model-manifest/seal remain missing. A/C/contrarian original implementations are not fabricated. V3 stays SEALED V3 GATE NOT PASSED. Historical 1245 recovery and reassessed candidate lines are referenced by provenan"", ""132: MODEL_MANIFEST_V4.csv and the sealed prospective_engine_v4.py define all eight models, formulas, variables, constants, roles and ties. RULES_V4.json is authoritative for seeds, priors, support sizes and weights. No performance-based model weights, hyperparameter search, model removal, or last-result"", ""140: Each mode forms one research portfolio: one line from G, then C, then S. In fixed order choose the highest-ranked distinct ticket with pair intersection <=2 to earlier lines. If none qualifies, choose minimum sum intersections, then maximum intersection, then model rank, then lexical tuple; record f""]"
C:\Users\admin\Documents\Codex\2026-10-09\6-45-jiae-jeong-lotto-data\work\B_AUDIT_AND_RANDOM_PUBLICATION_STATE_20261009_v1.json,local,dc1ced4b1610a917e4746ae557dfd34716c64f0fd335b2ee924574b0c33d4d0b,"{""model_c"": 9, ""frequency"": 2, ""structure"": 1, ""pair"": 1, ""triple"": 1, ""score"": 7, ""prediction"": 10, ""final"": 75, ""candidate"": 6, ""lotto"": 10}",[]
C:\Users\admin\Documents\Codex\2026-10-09\6-45-jiae-jeong-lotto-data\work\b_audit_publish_20261009.py,local,e8385d1e501827f359e3dfeb7956501458b1048828c3fff221ac1ce373727aba,"{""final"": 2}",[]
C:\Users\admin\Documents\Codex\2026-10-09\6-45-jiae-jeong-lotto-data\work\b_model_audit_environment_20261009.py,local,d4f104cf7b9d97b795a6a2ffc4bcf9832312083aa85200fd4491b39e608b6781,"{""model_a"": 1, ""final"": 2, ""lotto"": 2}",[]
C:\Users\admin\Documents\Codex\2026-10-09\6-45-jiae-jeong-lotto-data\work\b_model_audit_finalize_20261009.py,local,04b48da317342c13e43360d74604187f223cffdb2f71f18df3aa5357b9526b81,"{""model_c"": 1, ""frequency"": 3, ""gap"": 2, ""structure"": 1, ""pair"": 3, ""triple"": 3, ""score"": 3, ""prediction"": 3, ""final"": 3, ""lotto"": 14, ""추천"": 3, ""최종"": 1, ""당첨"": 1}","[""59: ('추천번호/1245 결과','NOT EXECUTED','1245 실제 결과 조회/사용0, 새1245 추천·조합 생성0. 과거201~1244 backtest tickets만 생성.'),"", ""98: '## 12. 남은 최소 작업','', '1. 0.7743/0.7571/random0.8065를 산출한 원본 코드/CSV/실행로그 중 하나와 데이터SHA·구간·seed를 확보해야 원인 비교가 가능합니다.','2. exact historical report 원본 hash를 갖는 파일이 확보되면 새 사본과 whole-file 비교를 추가합니다.','3. MASTER 실제 랜덤 기준 검증은 동일1티켓 조건에서 seed/반복수/대상구간을 먼저 고정한 별도 MC 실행이 필요합니다. 3줄 비교를 원하면 B3줄 portfolio 규칙도 먼저 정""]"
C:\Users\admin\Documents\Codex\2026-10-09\6-45-jiae-jeong-lotto-data\work\b_model_audit_manifest_20261009.py,local,63d9d57014676afb54ab08a7c59ebd209f6d0c1daf77cbd0bfe4d19933c5e0ba,"{""final"": 1}",[]
C:\Users\admin\Documents\Codex\2026-10-09\6-45-jiae-jeong-lotto-data\work\b_model_audit_prepare_20261009.py,local,b1989169750cfe3edc34303e57da693869353d280d3df89d4d0dea442f2dd7e4,"{""model_c"": 1, ""structure"": 2, ""prediction"": 1, ""final"": 1, ""lotto"": 8}",[]
C:\Users\admin\Documents\Codex\2026-10-09\6-45-jiae-jeong-lotto-data\work\b_model_audit_run_20261009.py,local,dd90b2e417956701bb84f805f09bc5c69e020118dc54609b99496cd9e818d51e,"{""model_c"": 1, ""prediction"": 1, ""lotto"": 2}",[]
C:\Users\admin\Documents\Codex\2026-10-09\6-45-jiae-jeong-lotto-data\work\b_model_audit_verify_20261009.py,local,f4d93b8939a31bd7dd082eee3ef28a96c3d775f929fc4a6775e0faf179d2fc86,"{""model_a"": 2, ""A model"": 1, ""model_c"": 3, ""frequency"": 5, ""gap"": 5, ""structure"": 20, ""pair"": 9, ""triple"": 2, ""score"": 9, ""prediction"": 13, ""final"": 2, ""candidate"": 1, ""selected"": 1, ""lotto"": 7}","[""53: baseline=dict(status='VERIFIED',kind='EXACT_THEORETICAL_HYPERGEOMETRIC_NOT_MONTE_CARLO',formula='P(K=k)=C(6,k)*C(39,6-k)/C(45,6)',denominator=den,pmf=[dict(hits=k,fraction=str(p),probability=float(p),percent=float(p)*100) for k,p in enumerate(probs)],mean_fraction=str(mean),mean=float(mean),variance""]"
C:\Users\admin\Documents\Codex\2026-10-09\6-45-jiae-jeong-lotto-data\work\b_model_git_restore_20261009_v4_state.json,local,e2fa0038c42c1535cd3f5734bc2fddc8b5dfbbe82472e56381eb47879b2306d0,"{""model_c"": 7, ""frequency"": 2, ""structure"": 1, ""pair"": 1, ""triple"": 1, ""score"": 3, ""prediction"": 8, ""final"": 70, ""candidate"": 6, ""lotto"": 5}",[]
C:\Users\admin\Documents\Codex\2026-10-09\6-45-jiae-jeong-lotto-data\work\b_publication_final_report_20261009.py,local,9cf3c0905025fd3bf795fa2f123f391004a5bcaecbe5b7f448dd78153451eba5,"{""recommendation"": 1, ""final"": 2, ""추천"": 1, ""최종"": 5}","[""28: out=dict(status='VERIFIED',verified_utc=datetime.datetime.now(datetime.timezone.utc).isoformat(),start_head=s['start_head'],B_reproduction_commit=s['audit']['commit'],Monte_Carlo_commit=s['random']['commit'],remote_main=remote,Monte_Carlo_commit_equals_remote_main=True,audit_commit_equals_remote_at_"", ""33: lines=['# B 재현성 보존 + 실제 랜덤 검증 GitHub 저장 완료','',f'- 시작 main: `{s[\""start_head\""]}`',f'- B 감사 commit: `{s[\""audit\""][\""commit\""]}` — 43개 신규 파일.',f'- Monte Carlo commit: `{s[\""random\""][\""commit\""]}` — 25개 신규 파일.',f'- 최종 remote main: `{remote}`. Monte Carlo commit과 일치. 감사 commit도 해당 push 시점의 remote main과 일치.',f'"", ""40: lines+=['', '## 오류 및 남은 항목','', '- 최초기본gitdiffcheck는보존CRLF를공백으로판정해중단.명령한정cr-at-eol로CRLF만정상인정하고실제공백검사PASS;어떤감사bytes도개행변환하지않음.','- verifierUTF8JSON읽기의cp949오류는검증helperencoding만수정하여해결.고정MCcode/seed/config/출력은유지.','- 보고서초안의rare6-hit서술을실제count1로정정후최종검증·hash·commit.공식MCdata는바꾸지않음.','- 0.7743/0.7571/random0""]"
C:\Users\admin\Documents\Codex\2026-10-09\6-45-jiae-jeong-lotto-data\work\b_random_finalize_manifest_20261009.py,local,7cd169f2fe9c865abc4509d52582dcae412c033a2763f28797f09cf1b8abb85b,"{""final"": 4}",[]
C:\Users\admin\Documents\Codex\2026-10-09\6-45-jiae-jeong-lotto-data\work\b_random_prepare_20261009.py,local,295fbb815a4feb83140cbb8c6ab1a8751a6aa1fb03e0017ce859f04236e3620d,"{""model_c"": 2, ""C model"": 1, ""frequency"": 1, ""gap"": 1, ""structure"": 1, ""pair"": 1, ""weight"": 2, ""prediction"": 1, ""recommendation"": 1, ""final"": 1, ""candidate"": 1, ""lotto"": 1}","[""42: These tests assume fair independent draws and do not undo post-hoc model design."", ""48: candidate,recommendation ornewfinal-three-line numbers emitted.""]"
C:\Users\admin\Documents\Codex\2026-10-09\6-45-jiae-jeong-lotto-data\work\b_random_report_20261009.py,local,69f8164ec1108666f3ca955904d4a078426b0afadb13cd6830955cdce15e1ef0,"{""frequency"": 1, ""gap"": 1, ""structure"": 1, ""recommendation"": 1, ""final"": 2, ""lotto"": 2, ""추천"": 2, ""최종"": 1}","[""14: status=[dict(item='B reproducibility preservation',status='REPRODUCED',detail='33408records,byte-identical4CSV and original screening classes are frozen in separate reference JSON.'),dict(item='GitHub B audit storage',status='VERIFIED',detail='43files,commit=remote main;all43downloaded raw Git blobs"", ""17: '## 결론','', '**실제 균등 6/45 티켓3,500,000개를 생성하여, B와 동일한350개 과거 회차에서 비교했습니다.** 기존 B 코드·CSV·보고서·분류를 변경하지 않았습니다. 번호추천 결과를 생성하지 않았습니다.','',"", ""52: '## 10.남은항목','', '1. 0.7743/0.7571/random0.8065의원본실행근거미확보;평가에미사용.','2. exacthistorical전체Breport원본미확보.새report와기존CSV재현을구분.','3. 5·6적중률의정밀한경험추정에는더많은표본이필요.이번seed/표본수를사후조정하지않음.','4. 독립prospective성능은이번과거350회검증으로입증되지않음.실제예측우위판정은보류.','', '**1245실제결과NOT READ / NOT USED. 신규추천번호·구매후보·최종3줄생성0.**','']""]"
C:\Users\admin\Documents\Codex\2026-10-09\6-45-jiae-jeong-lotto-data\work\evaluation_v4.py,local,9fae6c59956ce49489abb9c3ee08df030054254fc95ed1928fafb37cc087f22b,"{""prediction"": 3}",[]
C:\Users\admin\Documents\Codex\2026-10-09\6-45-jiae-jeong-lotto-data\work\execute_prediction_1245_v4.py,local,d5bebe04c2c55d2a4836677b58663479ac79bc32d60b391ece58cfd451633f8c,"{""score"": 1, ""prediction"": 6, ""final"": 1, ""lotto"": 2}",[]
C:\Users\admin\Documents\Codex\2026-10-09\6-45-jiae-jeong-lotto-data\work\execute_primary_mode_historical_1245_v4.py,local,4afc4db9aba2f4ab3a944cce7a5fdd4f36046a32438ccf2c7f01b4d3212ee42d,"{""final"": 1, ""lotto"": 1}",[]
C:\Users\admin\Documents\Codex\2026-10-09\6-45-jiae-jeong-lotto-data\work\finalize_b_model_git_restore_20261009.py,local,b7854a535d3ced2ae6978c7dfdc961af47a0aeb892af3885044595b08120b089,"{""model_c"": 2, ""pair"": 3, ""prediction"": 2, ""final"": 1, ""lotto"": 8}",[]
C:\Users\admin\Documents\Codex\2026-10-09\6-45-jiae-jeong-lotto-data\work\finish_prospective_v4_freeze.py,local,b734c5a8ec936999d088a7fbc707451e44381aa03999eedfb4c873ffd24737a1,"{""prediction"": 1, ""final"": 1, ""candidate"": 1, ""lotto"": 1}",[]
C:\Users\admin\Documents\Codex\2026-10-09\6-45-jiae-jeong-lotto-data\work\fix_primary_mode_protocol_1245_v4.py,local,ac28e250610150a59d44f35e2cc8e374e962d4dd253ab1d41eae58b7671c25d0,"{""structure"": 1, ""pair"": 9, ""prediction"": 7, ""final"": 2, ""candidate"": 6, ""selected"": 3, ""lotto"": 1}",[]
C:\Users\admin\Documents\Codex\2026-10-09\6-45-jiae-jeong-lotto-data\work\intake_prospective_v4.py,local,297f1a6a9d35cc2efedf5e5774535d57382e104e5acc7779acf6f4df3686cd8b,"{""model_a"": 1, ""model_c"": 3, ""structure"": 3, ""pair"": 2, ""triple"": 2, ""score"": 3, ""prediction"": 6, ""final"": 5, ""lotto"": 5}","[""62: summary['model_correlations']=[{k:r.get(k) for k in ('model_a','model_b','hit_correlation','score_correlation_latest_round','mean_ticket_overlap')} for r in table('model_correlation.csv')]""]"
C:\Users\admin\Documents\Codex\2026-10-09\6-45-jiae-jeong-lotto-data\work\PREDICTION_1245_V4_STATE_20261009.json,local,e335b7e68a9c33f6b9bb9748aad010715085fd4f7209aea85a4da26dff9e7886,"{""model_c"": 10, ""frequency"": 4, ""structure"": 8, ""pair"": 2, ""triple"": 2, ""score"": 22, ""prediction"": 68, ""final"": 146, ""candidate"": 22, ""lotto"": 12}",[]
C:\Users\admin\Documents\Codex\2026-10-09\6-45-jiae-jeong-lotto-data\work\prepare_prediction_1245_v4.py,local,657d54b01895d529f81b64357917bffbfc7e5af104caa60a1a8c4185b1968bcd,"{""prediction"": 6, ""final"": 1, ""lotto"": 4}",[]
C:\Users\admin\Documents\Codex\2026-10-09\6-45-jiae-jeong-lotto-data\work\prepare_primary_mode_1245_v4.py,local,354f6d93aedee1c24c873acb6c83ed49bbf45239f5b0f581b86d215bf8e38acb,"{""prediction"": 7, ""final"": 2, ""lotto"": 2}",[]
C:\Users\admin\Documents\Codex\2026-10-09\6-45-jiae-jeong-lotto-data\work\PRIMARY_MODE_1245_V4_STATE_20261009.json,local,6027f1a8484abe7cd89027f035852f631701ce274703b2932073465cf3caccf2,"{""model_a"": 3, ""model_c"": 13, ""frequency"": 4, ""structure"": 3, ""pair"": 2, ""triple"": 2, ""score"": 9, ""prediction"": 43, ""final"": 144, ""candidate"": 14, ""selected"": 7, ""lotto"": 9}",[]
C:\Users\admin\Documents\Codex\2026-10-09\6-45-jiae-jeong-lotto-data\work\prospective_engine_v4.py,local,f6ce9f995b7189a73cf54e9036b6053d388f2ea7e3f06a3357769669ee143b44,"{""gap"": 5, ""structure"": 2, ""pair"": 6, ""triple"": 5, ""score"": 15, ""prediction"": 2, ""candidate"": 14}",[]
C:\Users\admin\Documents\Codex\2026-10-09\6-45-jiae-jeong-lotto-data\work\PROSPECTIVE_V4_INTAKE_20261009.json,local,626c7b460087cab8b1a43780cb305549d2e74693713e4969c48a49c45e20adce,"{""model_a"": 32, ""model_c"": 14, ""frequency"": 13, ""gap"": 13, ""structure"": 50, ""pair"": 17, ""triple"": 13, ""score"": 35, ""prediction"": 20, ""final"": 96, ""candidate"": 22, ""lotto"": 4}","[""143:         \""model_a\"","", ""877:         \""model_a\"","", ""1394:         \""model_a\"","", ""2114:         \""model_a\"","", ""3042:         \""model_a\"": \""multi_window_frequency\"","", ""3049:         \""model_a\"": \""multi_window_frequency\"","", ""3056:         \""model_a\"": \""multi_window_frequency\"","", ""3063:         \""model_a\"": \""multi_window_frequency\"",""]"
C:\Users\admin\Documents\Codex\2026-10-09\6-45-jiae-jeong-lotto-data\work\PROSPECTIVE_V4_STATE_20261009.json,local,044bc799fd21273f6f6e7df5492b2048934a6e2b9499cf2aad3fa17dfc979df4,"{""model_c"": 9, ""frequency"": 3, ""structure"": 2, ""pair"": 2, ""triple"": 2, ""score"": 5, ""prediction"": 10, ""final"": 115, ""candidate"": 10, ""lotto"": 7}",[]
C:\Users\admin\Documents\Codex\2026-10-09\6-45-jiae-jeong-lotto-data\work\publish_prediction_1245_v4.py,local,c15d2732f197617fe452732515eb68af31ab274277f016bab2f5c246e7e54bbc,"{""pair"": 1, ""prediction"": 27, ""final"": 2, ""lotto"": 3}",[]
C:\Users\admin\Documents\Codex\2026-10-09\6-45-jiae-jeong-lotto-data\work\publish_primary_mode_1245_v4.py,local,74dbb94a53d35061de7225bdeb4f333fe2e1ae013813e36e695c854bd2e634cf,"{""prediction"": 2, ""final"": 2, ""lotto"": 3}",[]
C:\Users\admin\Documents\Codex\2026-10-09\6-45-jiae-jeong-lotto-data\work\publish_prospective_v4.py,local,0ffb6570fbe077807893fbe687366b58836d2d7d15cfb787a3765f4ae4f1d918,"{""final"": 1, ""lotto"": 3}",[]
C:\Users\admin\Documents\Codex\2026-10-09\6-45-jiae-jeong-lotto-data\work\report_prediction_1245_v4.py,local,4184b3057aea50a976eb79f3e2c5fb93638c39477b92f627dae877b16373b5db,"{""gap"": 2, ""structure"": 2, ""pair"": 5, ""triple"": 1, ""score"": 5, ""prediction"": 23, ""final"": 7, ""candidate"": 10, ""lotto"": 4, ""최종"": 5, ""당첨"": 3}","[""89: lines+=['','- U 파생 seed: expanding 2209707191696943412, rolling300 5893677246120235361.','- S bank seed: 2026100901. 기타 모델은 고정 학습 통계의 결정적 계산이다.','- 각 번호의 정확한 점수/45개 순위는 NUMBER_SCORES, 전체 후보 및 티켓 점수는 CANDIDATES/TICKET_SCORES에 있다.','','## 5. 최종 3줄과 선정 trace','','freeze가 모드별 포트폴리오를 정의하고 primary 모드를 지정하"", ""102: lines+=['','rolling300의 C 줄은 저번호 6개·고번호 0개·합계 51이다. 봉인 규칙이 구조를 veto로 사용하지 않으므로 그대로 보존했다.','','### 최종 줄별 pair 관계와 학습 관측 횟수','']"", ""111: lines+=['',f\""**prediction seal SHA-256: `{s['prediction_seal_sha256']}`**\"",'','manifest는 payload 17개를 기록하고, seal은 그 payload와 manifest의 18개 해시를 기록한다. seal 자신의 해시와 발행 Git commit은 순환 참조를 피하기 위해 이 보고서·외부 해시 CSV·Git에 기록했다. seal 생성 시의 pending publication 필드는 수정하지 않고 이후 관찰을 별도 보존했다.','','## 9. Git 및 원격 검증'""]"
C:\Users\admin\Documents\Codex\2026-10-09\6-45-jiae-jeong-lotto-data\work\report_primary_mode_1245_v4.py,local,2e669ffd36a71c552046593f182020bf240d6cfd0be7f9129567a7372a01cb03,"{""model_c"": 2, ""pair"": 11, ""prediction"": 7, ""final"": 4, ""candidate"": 1, ""selected"": 4, ""lotto"": 3}",[]
C:\Users\admin\Documents\Codex\2026-10-09\6-45-jiae-jeong-lotto-data\work\seal_primary_mode_1245_v4.py,local,b6dd943b2cc19f265273d2733caa697e299ec3ca27a183e3818687a77ddc6e42,"{""model_a"": 1, ""pair"": 1, ""prediction"": 6, ""final"": 4, ""selected"": 4, ""lotto"": 1}",[]
C:\Users\admin\Documents\Codex\2026-10-09\6-45-jiae-jeong-lotto-data\work\search_a_sources_20261009.py,local,ee5f1fb3ed71271eb86209ba275f4241db6c251f43a9a2bf18ba64070ef0d552,"{""A_MODEL"": 4, ""model_a"": 4, ""a_model"": 4, ""A model"": 2, ""A 모델"": 2, ""C_MODEL"": 5, ""model_c"": 2, ""c_model"": 5, ""C model"": 3, ""C 모델"": 2, ""contrarian"": 2, ""콘트라리언"": 2, ""역발상"": 2, ""frequency"": 1, ""gap"": 1, ""structure"": 1, ""pair"": 1, ""triple"": 1, ""score"": 1, ""weight"": 1, ""prediction"": 2, ""recommendation"": 4, ""final"": 1, ""candidate"": 1, ""selected"": 1, ""lotto"": 4, ""오답"": 2, ""추천"": 2, ""최종"": 2, ""당첨"": 1, ""A/B/C"": 1}","[""8: TERMS=['A_MODEL','model_a','a_model','A model','A 모델','C_MODEL','model_c','c_model','C model','C 모델','contrarian','콘트라리언','역발상','frequency','gap','structure','pair','triple','score','weight','prediction','recommendation','final','candidate','selected','lotto','오답','추천','최종','당첨','A/B/C']"", ""9: SPECIFIC=re.compile(r'A_MODEL|\\bmodel_a\\b|\\ba_model\\b|A model|A 모델|C_MODEL|\\bmodel_c\\b|\\bc_model\\b|C model|C 모델|contrarian|콘트라리언|역발상|recommendation|오답|추천|최종',re.I)"", ""85: write('SPECIFIC_MODEL_AND_RECOMMENDATION_HITS.csv',specific,['path','scope','sha256','keyword_counts','specific_excerpts'])"", ""87: (OUT/'SEARCH_SCOPE_AND_ERRORS.json').write_text(json.dumps(dict(scopes=scopes,errors=errors,local_files=len(inventory),historical_blobs=len(gitrows),unique_text_contents=len(unique),keyword_counts=terms_count,scope_limitations=['Only accessible current PC files and all currently reachable repository""]"
C:\Users\admin\Documents\Codex\2026-10-09\6-45-jiae-jeong-lotto-data\work\verify_and_seal_prediction_1245_v4.py,local,659f4203df7d53eee27cdee9df3b4f009b5de8fa2ad44ff738a1bc61ff0f9046,"{""prediction"": 26, ""final"": 2, ""lotto"": 2}",[]
C:\Users\admin\Documents\Codex\2026-10-09\6-45-jiae-jeong-lotto-data\work\b_model_restore_latest_main_20261009_v4\research\1245_final_pipeline_v3\CURRENT_STATUS_2026-10-09.md,local,50af72fb869adb8a46e6b2439b0e886bc47cee673def6fcafbda93fd9c712dd7,"{""prediction"": 2, ""final"": 1, ""candidate"": 5, ""selected"": 1}",[]
C:\Users\admin\Documents\Codex\2026-10-09\6-45-jiae-jeong-lotto-data\work\b_model_restore_latest_main_20261009_v4\research\1245_final_pipeline_v3\independent_validation_20261009.py,local,15eb44d848d00d9158897bc6144f1dc74bc2c53fe46c5b75c44bc33eab664d6e,"{""model_a"": 1, ""model_c"": 1, ""contrarian"": 1, ""frequency"": 2, ""gap"": 2, ""structure"": 4, ""pair"": 7, ""score"": 18, ""prediction"": 19, ""final"": 14, ""candidate"": 22, ""selected"": 6, ""lotto"": 1, ""A/B/C"": 1}","[""251:         candidate_rows.append({\""model_a\"":a,\""model_b\"":b,\""intersection_numbers\"":\"" \"".join(map(str,sorted(inter))),"", ""327:                \""- No unified A/B/C/contrarian models or their output artifacts were found in the accessible PC scan, Git history, or the only GitHub branch (`main`). A study comparison CSV and B report exist, but neither substitutes for the missing B predictions/classification CSVs.\"",""]"
C:\Users\admin\Documents\Codex\2026-10-09\6-45-jiae-jeong-lotto-data\work\b_model_restore_latest_main_20261009_v4\research\1245_final_pipeline_v3\recover_and_run_20261009.py,local,6c81076a03b1a73afcbbcae26a13edf76ca8ee5f3bebbe8eca9ac456bcdc7370,"{""model_c"": 3, ""C model"": 1, ""contrarian"": 1, ""structure"": 1, ""pair"": 4, ""score"": 6, ""prediction"": 1, ""final"": 17, ""candidate"": 14, ""selected"": 1, ""lotto"": 1, ""A/B/C"": 1}","[""148:         \""A/B/C/contrarian unified validation and the old local B report's backtest rerun were not performed; only stored S001-S008 study summaries are available.\"","", ""163:     report += [\""\"", \""Selection reasons: line 1 is the equal-family-rank consensus across S001-S007, with S006/S007 averaged as one relationship family and S008 excluded as a duplicate hybrid vote. Lines 2–3 are distinct-family registered model tickets selected by the existing V3 selector for structur""]"
C:\Users\admin\Documents\Codex\2026-10-09\6-45-jiae-jeong-lotto-data\work\b_model_restore_latest_main_20261009_v4\research\1245_final_pipeline_v3\source_asset_search_v2.log,local,c3fe8b18e229e93ef5eaeb525a8711b2c0f7c4efc380cfa03ee49b222a54dacf,"{""model_c"": 3, ""prediction"": 1, ""final"": 1, ""candidate"": 1, ""lotto"": 3}",[]
C:\Users\admin\Documents\Codex\2026-10-09\6-45-jiae-jeong-lotto-data\work\b_model_restore_latest_main_20261009_v4\research\1245_final_pipeline_v3\SOURCE_ASSET_SEARCH_v2.md,local,e6c2d14f919d307c08e79d7f5736adb688aa0873d5b019c78c9c46293301aa0b,"{""model_c"": 2, ""score"": 1, ""prediction"": 2, ""final"": 1, ""candidate"": 2, ""lotto"": 3}",[]
C:\Users\admin\Documents\Codex\2026-10-09\6-45-jiae-jeong-lotto-data\work\b_model_restore_latest_main_20261009_v4\research\1245_final_pipeline_v3\independent_validation_20261009_independent\fresh_walkforward_predictions.csv,local,12e2ca1205c21fb11b219016c1c96fbec7480cd26b411e8a990c7d6ec7640a65,"{""frequency"": 222, ""gap"": 225, ""structure"": 229, ""pair"": 225, ""triple"": 221}",[]
C:\Users\admin\Documents\Codex\2026-10-09\6-45-jiae-jeong-lotto-data\work\b_model_restore_latest_main_20261009_v4\research\1245_final_pipeline_v3\recovered_original_assets\b_model_backtest.py,local,9071335eea9b83cd416811f54286a4a9a1c1361889fa1288d87b5e0ca764a683,"{""model_c"": 2, ""frequency"": 4, ""gap"": 14, ""structure"": 34, ""pair"": 21, ""triple"": 24, ""score"": 14, ""prediction"": 15, ""candidate"": 4, ""selected"": 12, ""lotto"": 5, ""추천"": 1, ""당첨"": 1}","[""441:         \""- 추천번호는 생성하지 않았습니다. 통계적 유의성 검정은 계산하지 않았습니다.\"",""]"
C:\Users\admin\Documents\Codex\2026-10-09\6-45-jiae-jeong-lotto-data\work\b_model_restore_latest_main_20261009_v4\research\1245_final_pipeline_v3\recovered_original_assets\B_MODEL_RECOVERY_REPORT_2026-10-09.md,local,130fa05975f0e2f48d1b4ebd66cf1c13494d2c7ba983c06ee41b06cb2284cbab,"{""model_c"": 1, ""prediction"": 3, ""candidate"": 2, ""lotto"": 2}",[]
C:\Users\admin\Documents\Codex\2026-10-09\6-45-jiae-jeong-lotto-data\work\lotto-data-main\LOTTO_PROJECT_PROTOCOL.md,local,c218df7fa2f8cddfefde025015998c476c7ca363fa57694f5ab8933de14448d9,"{""A 모델"": 3, ""C 모델"": 4, ""콘트라리언"": 3, ""역발상"": 4, ""pair"": 6, ""triple"": 3, ""lotto"": 4, ""오답"": 16, ""추천"": 28, ""최종"": 10, ""당첨"": 8, ""A/B/C"": 4}","[""4: 매일 아침 로또 학습·검증 업데이트를 수행한다. 목적은 매일 번호를 추천하는 것이 아니라 장기간 누적 학습과 실제 백테스트·복습·오답노트의 누적 데이터를 통해 이후 주간 최종 조합을 만드는 분석 기반을 계속 개선하는 것이다. 매일 최종 조합·추천번호·후보번호는 출력하지 않는다."", ""21: 2. 과거 실제 추천 최종 조합과 오답노트 원본을 먼저 찾는다."", ""23: 4. 과거 추천 원본을 찾지 못하면 '없음'으로 단정하지 말고 실제 탐색 범위와 확보 실패 범위를 기록한다."", ""24: 5. 기존 모델·가설·오답노트·결과를 임의로 덮어쓰지 않는다."", ""68: ## 3. A 모델"", ""125: ## 5. C 모델"", ""126: B의 여러 홀드아웃과 누적 오답노트에서 반복 검증된 신호만 중심으로 결합한다."", ""130: - C 모델 버전을 기록한다.""]"
C:\Users\admin\Documents\Codex\2026-10-09\6-45-jiae-jeong-lotto-data\work\lotto-data-main\lotto_project_state_2026-10-06.md,local,c9e27300662549b42f58462e6c6c6c5438c2eb60a31eab4d94a66adf2c42f925,"{""model_c"": 1, ""C 모델"": 1, ""frequency"": 6, ""gap"": 6, ""structure"": 3, ""pair"": 7, ""triple"": 8, ""prediction"": 1, ""오답"": 1, ""추천"": 3, ""최종"": 1, ""당첨"": 1, ""A/B/C"": 1}","[""84: - 추천번호는 생성하지 않았음."", ""99: - 최종 추천번호 생성 전 추가 검증."", ""100: - A/B/C 모델 통합 전에 신호별 안정성과 누적 오류를 추가 확인."", ""101: - 과거 실제 추천번호 및 오답노트를 대조하여 가설을 재검증.""]"
C:\Users\admin\Documents\Codex\2026-10-09\6-45-jiae-jeong-lotto-data\work\lotto-data-main\analysis\2026-10-06\B_MODEL_RESULTS.md,local,34e54b5a62493044333df85e8d54f9272e088021cba6f8287abcfb197e637ac8,"{""frequency"": 7, ""gap"": 6, ""structure"": 5, ""pair"": 4, ""triple"": 5, ""오답"": 1, ""추천"": 2}","[""35: - 과거 추천/오답노트의 신호 사용과 비교."", ""39: 추천번호는 생성하지 않음.""]"
C:\Users\admin\Documents\Codex\2026-10-09\6-45-jiae-jeong-lotto-data\work\lotto-data-main\research\1245_final_pipeline_v3\FINAL_PIPELINE_V3_AUDIT.md,local,fd42faab345ed1f25db8bc0321332d85f2523d6bab1ef6822abbb076647f51f6,"{""structure"": 1, ""pair"": 2, ""score"": 4, ""weight"": 1, ""prediction"": 1, ""final"": 7, ""candidate"": 9}",[]
C:\Users\admin\Documents\Codex\2026-10-09\6-45-jiae-jeong-lotto-data\work\lotto-data-main\research\1245_final_pipeline_v3\README_v3.md,local,d2a4f32206d768f13f3ec59736a7a2ec8ecde0a72491f0016372f6d2bfab97df,"{""frequency"": 1, ""gap"": 1, ""structure"": 4, ""pair"": 3, ""score"": 4, ""weight"": 2, ""final"": 12, ""candidate"": 8, ""lotto"": 2}",[]
C:\Users\admin\Documents\Codex\2026-10-09\6-45-jiae-jeong-lotto-data\work\lotto-data-main\research\1245_final_pipeline_v3\V3_CHANGELOG.md,local,f0b90deb840d70dbdc3827335d63cdb6380127a1ced37d3ed603003d7ea515e6,"{""pair"": 1, ""score"": 2, ""weight"": 1, ""final"": 9, ""candidate"": 6, ""selected"": 1}",[]
C:\Users\admin\Documents\Codex\2026-10-09\6-45-jiae-jeong-lotto-data\work\lotto-data-main\research\expansion_framework_v1\GITHUB_SYNC_GUIDE.md,local,d5bdd85fea1c9d09be10b9e24cfd8798e8866b1871b12cf2a0c4e6fa2625846d,"{""final"": 1, ""lotto"": 1}",[]
C:\Users\admin\Documents\Codex\2026-10-09\6-45-jiae-jeong-lotto-data\work\lotto-data-main\research\expansion_framework_v1\studies\study_batch_001\build_confidence.py,local,b1851376f7fb9ecceb9aaae47b7f2cf743e588a36492f3eee5588fbc1f2c3fa7,"{""prediction"": 1}",[]
C:\Users\admin\Documents\Codex\2026-10-09\6-45-jiae-jeong-lotto-data\work\lotto-data-main\research\expansion_framework_v1\studies\study_batch_001\build_diagnostics.py,local,facdd7e360928cabde2b122ed5b29ab23d30f3819ffaf708bb18cd3f2398a533,"{""model_c"": 1, ""gap"": 1, ""structure"": 3, ""pair"": 3, ""triple"": 3, ""prediction"": 2, ""lotto"": 2}",[]
C:\Users\admin\Documents\Codex\2026-10-09\6-45-jiae-jeong-lotto-data\work\lotto-data-main\research\expansion_framework_v1\studies\study_batch_001\run_batch.py,local,974f5163b95e38389d857f6ec6a2cafdb1c4b847c869f33d49808902914e3eab,"{""model_a"": 1, ""model_c"": 4, ""frequency"": 5, ""gap"": 11, ""structure"": 8, ""pair"": 8, ""triple"": 9, ""score"": 14, ""weight"": 1, ""prediction"": 8, ""candidate"": 4, ""lotto"": 2, ""추천"": 1, ""최종"": 1}","[""193:   corr.append({'model_a':a,'model_b':b,'n':len(common),'mean_ticket_overlap':statistics.mean(ov),'mean_jaccard':statistics.mean(v/(12-v) if v<6 else 1 for v in ov),'hit_correlation':hc,'score_correlation_latest_round':sc})"", ""216:  lines += ['', '## 질문별 답변','','1. 새로운 정보: 후보 정의상 다른 시간창 결합·전이·조건부 hazard·구조전이 특징을 시험했지만, 이 자료에서 B-v1보다 독립적인 예측 정보가 확인됐다고 결론 내릴 수 없습니다.','2. Random 초과: 전체 평균이나 2+가 초과한 모델이 있을 수 있으나 8개 동시 탐색과 과거 결과 확인 후 설계된 post-hoc이므로 반복 가능한 신호로 인정하지 않았습니다.','3. 최근 유지: recent50/100/200 결과가 모델별로 기록되어 있으며 구간 간 방향이 일치하지""]"
C:\Users\admin\Documents\Codex\2026-10-09\6-45-jiae-jeong-lotto-data\work\lotto-data-main\research\expansion_framework_v1\studies\study_batch_001\run_rolling300.py,local,e3ed58172c122951e233dba21e860acd44497d73274b3e8f8b9bf8f843dfcb67,"{""score"": 1, ""prediction"": 2, ""candidate"": 1}",[]
C:\Users\admin\Documents\Codex\2026-10-09\6-45-jiae-jeong-lotto-data\work\prediction_1245_v4_clean_20261009\research\1245_final_pipeline_v3\CURRENT_STATUS_2026-10-09.md,local,cc6efe48a0801d24f859060660e9969e3cf20ae897074aeac85847ff8c6f5cf3,"{""prediction"": 2, ""final"": 1, ""candidate"": 5, ""selected"": 1}",[]
C:\Users\admin\Documents\Codex\2026-10-09\6-45-jiae-jeong-lotto-data\work\prediction_1245_v4_clean_20261009\research\1245_final_pipeline_v3\recovered_original_assets\B_MODEL_RECOVERY_REPORT_2026-10-09.md,local,e11900f4f26e16fea7161b6992f57e52327f2adca58aed858a6bc5e9ebbd9695,"{""model_c"": 1, ""prediction"": 3, ""candidate"": 2, ""lotto"": 2}",[]
C:\Users\admin\Documents\Codex\2026-10-09\6-45-jiae-jeong-lotto-data\work\prediction_1245_v4_clean_20261009\research\prospective_v4\DATA_MANIFEST_V4.csv,local,107a9818e4cccc9790ede3bb1bfb8215a719ddbeeb85eb9ce8914c99ff66b6e4,"{""model_c"": 1, ""prediction"": 1, ""final"": 7, ""lotto"": 1}",[]
C:\Users\admin\Documents\Codex\2026-10-09\6-45-jiae-jeong-lotto-data\work\prediction_1245_v4_clean_20261009\research\prospective_v4\EVIDENCE_REVIEW_V4.md,local,4e2439a44a774f571648e5c98fd4d88d1727a1bcd81b7e148c2f7cedde69ee1d,"{""contrarian"": 1, ""frequency"": 1, ""gap"": 2, ""structure"": 4, ""pair"": 3, ""triple"": 2, ""score"": 2, ""prediction"": 3, ""candidate"": 2}","[""25: Oct 8 candidate/recent-validation outputs and original prospective protocol/registry/model-manifest/seal remain missing. A/C/contrarian original implementations are not fabricated. V3 stays SEALED V3 GATE NOT PASSED. Historical 1245 recovery and reassessed candidate lines are referenced by provenanc""]"
C:\Users\admin\Documents\Codex\2026-10-09\6-45-jiae-jeong-lotto-data\work\prediction_1245_v4_clean_20261009\research\prospective_v4\MODEL_MANIFEST_V4.csv,local,cf79fdb55d0b40b75d6c724aeb9891345c225040a26dcf455bd1b9ade12bb1f2,"{""frequency"": 3, ""gap"": 2, ""structure"": 1, ""pair"": 3, ""triple"": 4, ""score"": 21, ""weight"": 5, ""candidate"": 2}",[]
C:\Users\admin\Documents\Codex\2026-10-09\6-45-jiae-jeong-lotto-data\work\prediction_1245_v4_clean_20261009\research\prospective_v4\PROSPECTIVE_PROTOCOL_V4.md,local,7addf5c2e2af20638f21e9f7cb930a8dda86e738fe89020c3593cf85e0e98f4b,"{""contrarian"": 1, ""gap"": 3, ""structure"": 2, ""pair"": 6, ""triple"": 3, ""score"": 4, ""weight"": 7, ""prediction"": 6, ""recommendation"": 1, ""final"": 1, ""candidate"": 6, ""lotto"": 1}","[""16: MODEL_MANIFEST_V4.csv and the sealed prospective_engine_v4.py define all eight models, formulas, variables, constants, roles and ties. RULES_V4.json is authoritative for seeds, priors, support sizes and weights. No performance-based model weights, hyperparameter search, model removal, or last-result"", ""24: Each mode forms one research portfolio: one line from G, then C, then S. In fixed order choose the highest-ranked distinct ticket with pair intersection <=2 to earlier lines. If none qualifies, choose minimum sum intersections, then maximum intersection, then model rank, then lexical tuple; record f""]"
C:\Users\admin\Documents\Codex\2026-10-09\6-45-jiae-jeong-lotto-data\work\prediction_1245_v4_clean_20261009\research\prospective_v4\RESEARCH_REGISTRY_V4.csv,local,01e5214150b783e2a352e41d0a6371d0ec7542f76b981941758fc95c3e4b07b4,"{""model_c"": 8, ""contrarian"": 4, ""frequency"": 2, ""gap"": 2, ""structure"": 65, ""pair"": 1, ""triple"": 1, ""final"": 8}","[""82: MISSING_LEGACY_A,legacy unavailable original implementation,V3 historical audit,UNAVAILABLE,EXCLUDED_NOT_FABRICATED,No complete runnable original found in reviewed assets. V4 does not relabel new models as recovered A/C/contrarian.,separate genuine-asset recovery only,2026-10-09T04:45:59.042466+00:0"", ""83: MISSING_LEGACY_C,legacy unavailable original implementation,V3 historical audit,UNAVAILABLE,EXCLUDED_NOT_FABRICATED,No complete runnable original found in reviewed assets. V4 does not relabel new models as recovered A/C/contrarian.,separate genuine-asset recovery only,2026-10-09T04:45:59.042466+00:0"", ""84: MISSING_LEGACY_contrarian,legacy unavailable original implementation,V3 historical audit,UNAVAILABLE,EXCLUDED_NOT_FABRICATED,No complete runnable original found in reviewed assets. V4 does not relabel new models as recovered A/C/contrarian.,separate genuine-asset recovery only,2026-10-09T04:45:59.04""]"
C:\Users\admin\Documents\Codex\2026-10-09\6-45-jiae-jeong-lotto-data\work\prediction_1245_v4_clean_20261009\research\prospective_v4\RULES_V4.json,local,b8d3387a38f2480dd0ca0057cf7696f66d420eb444c4d591ed6955a3b0f60dda,"{""gap"": 1, ""structure"": 2, ""pair"": 1, ""score"": 2, ""weight"": 3, ""prediction"": 1, ""candidate"": 3}",[]
C:\Users\admin\Documents\Codex\2026-10-09\6-45-jiae-jeong-lotto-data\work\prediction_1245_v4_clean_20261009\research\prospective_v4\SOURCE_EVIDENCE_INVENTORY_V4.csv,local,27ad60e261fa1d04c07b6633be77f01f39a5c1b78f313f835653d06ac3155d19,"{""model_a"": 4, ""model_c"": 12, ""frequency"": 2, ""gap"": 2, ""structure"": 22, ""pair"": 6, ""triple"": 2, ""score"": 6, ""prediction"": 12, ""final"": 89, ""candidate"": 22, ""lotto"": 4}","[""11: github_main,research/1245_final_pipeline_v3/independent_validation_20261009_independent/fresh_candidate_overlaps.csv,2079,5440b639ad83d466d6e199ea25ff2baffed6665d99615433effbbfea4fda202b,28,entire_file,\""[\""\""model_a\""\"", \""\""model_b\""\"", \""\""intersection_numbers\""\"", \""\""intersection_count\""\"", \""\""jaccard\""\"", \""\""rando"", ""65: github_main,research/expansion_framework_v1/studies/study_batch_001/model_correlation.csv,3704,722a3818032532e8c405fadc846345a855d617135f83d091f35c7d21c4da002e,28,entire_file,\""[\""\""model_a\""\"", \""\""model_b\""\"", \""\""n\""\"", \""\""mean_ticket_overlap\""\"", \""\""mean_jaccard\""\"", \""\""hit_correlation\""\"", \""\""score_correlation_latest"", ""93: original_local_preserved,research/1245_final_pipeline_v3/independent_validation_20261009_independent/fresh_candidate_overlaps.csv,2079,5440b639ad83d466d6e199ea25ff2baffed6665d99615433effbbfea4fda202b,28,entire_file,\""[\""\""model_a\""\"", \""\""model_b\""\"", \""\""intersection_numbers\""\"", \""\""intersection_count\""\"", \""\""jacca"", ""145: original_local_preserved,research/expansion_framework_v1/studies/study_batch_001/model_correlation.csv,3704,722a3818032532e8c405fadc846345a855d617135f83d091f35c7d21c4da002e,28,entire_file,\""[\""\""model_a\""\"", \""\""model_b\""\"", \""\""n\""\"", \""\""mean_ticket_overlap\""\"", \""\""mean_jaccard\""\"", \""\""hit_correlation\""\"", \""\""score_corre""]"
C:\Users\admin\Documents\Codex\2026-10-09\6-45-jiae-jeong-lotto-data\work\prediction_1245_v4_clean_20261009\research\prospective_v4\V4_FREEZE_SEAL.json,local,6a018e3036187a26ac9bcffda9fd7379d65d86cde84514faa08f4ea349b0f4bb,"{""prediction"": 1}",[]
C:\Users\admin\Documents\Codex\2026-10-09\6-45-jiae-jeong-lotto-data\work\prediction_1245_v4_clean_20261009\research\prospective_v4\VALIDATION_GATES_V4.json,local,357464e9de933ef042a940da12b3fcdb91206bbfee04645e22e67081fa1e607a,"{""model_c"": 1, ""pair"": 1, ""prediction"": 2, ""final"": 5}",[]
C:\Users\admin\Documents\Codex\2026-10-09\6-45-jiae-jeong-lotto-data\work\prediction_1245_v4_clean_20261009\research\prospective_v4\predictions\1245\CANDIDATES_1245_V4.csv,local,4895bb7fc47edb47c45bfdcdec598bc9c45efb23c0eccaf4064d2f7b6206ae0a,"{""score"": 520, ""candidate"": 2, ""selected"": 1}",[]
C:\Users\admin\Documents\Codex\2026-10-09\6-45-jiae-jeong-lotto-data\work\prediction_1245_v4_clean_20261009\research\prospective_v4\predictions\1245\CANDIDATE_AUDIT_1245_V4.json,local,c4282cb1d8ded54147fe337c4425d429173026d8ed013ac12ff7311ca85ebc57,"{""structure"": 2, ""pair"": 4, ""candidate"": 18}",[]
C:\Users\admin\Documents\Codex\2026-10-09\6-45-jiae-jeong-lotto-data\work\prediction_1245_v4_clean_20261009\research\prospective_v4\predictions\1245\ENGINE_PREDICTION_1245_V4.json,local,581b1409044a16985a66c9b8f1bf6edd9b603f26b37c1d92e6f1b48a750a8178,"{""gap"": 6, ""pair"": 6, ""triple"": 6, ""prediction"": 2, ""candidate"": 8}",[]
C:\Users\admin\Documents\Codex\2026-10-09\6-45-jiae-jeong-lotto-data\work\prediction_1245_v4_clean_20261009\research\prospective_v4\predictions\1245\EXECUTION_PRESEAL_1245_V4.log,local,bc2d8ecd1369de3da2514df41eedc0df48c25863f1033e2f74b5639a865c284d,"{""model_c"": 9, ""frequency"": 6, ""structure"": 2, ""pair"": 1, ""triple"": 1, ""score"": 14, ""prediction"": 38, ""final"": 175, ""candidate"": 17, ""lotto"": 54}",[]
C:\Users\admin\Documents\Codex\2026-10-09\6-45-jiae-jeong-lotto-data\work\prediction_1245_v4_clean_20261009\research\prospective_v4\predictions\1245\FROZEN_SCORE_CAPTURE_1245_V4.json,local,5d2bac7c243a9cbe5cf3966ef253f8cad0e897cd4be510c3734ab52c88e3edc3,"{""structure"": 2, ""score"": 20004}",[]
C:\Users\admin\Documents\Codex\2026-10-09\6-45-jiae-jeong-lotto-data\work\prediction_1245_v4_clean_20261009\research\prospective_v4\predictions\1245\NUMBER_SCORES_1245_V4.csv,local,529021f777035078985ee208cc7317883cc864f9b926ad48e14da0dfcd217771,"{""score"": 542, ""prediction"": 1}",[]
C:\Users\admin\Documents\Codex\2026-10-09\6-45-jiae-jeong-lotto-data\work\prediction_1245_v4_clean_20261009\research\prospective_v4\predictions\1245\PREDICTION_1245_V4.json,local,589a211570e18af87a29a3723b76a0b7a3aed678eae6bcc6a8d029ea49b66f8a,"{""gap"": 6, ""structure"": 2, ""pair"": 6, ""triple"": 6, ""score"": 1, ""prediction"": 9, ""candidate"": 8, ""lotto"": 4}",[]
C:\Users\admin\Documents\Codex\2026-10-09\6-45-jiae-jeong-lotto-data\work\prediction_1245_v4_clean_20261009\research\prospective_v4\predictions\1245\PREDICTION_MANIFEST_1245_V4.csv,local,7f697da2f727bcdeffe4e32f0b1785c7b1df4944b2c31ea23d4cfd13e8e2470d,"{""structure"": 1, ""score"": 3, ""prediction"": 5, ""final"": 1, ""candidate"": 2}",[]
C:\Users\admin\Documents\Codex\2026-10-09\6-45-jiae-jeong-lotto-data\work\prediction_1245_v4_clean_20261009\research\prospective_v4\predictions\1245\README_1245_V4.md,local,ce678f6eeacfc6c577f3ae8dc93771f0bb31d2eab94b7a084b02e63681756cb4,"{""structure"": 1, ""score"": 4, ""weight"": 1, ""prediction"": 3, ""candidate"": 1, ""lotto"": 1}",[]
C:\Users\admin\Documents\Codex\2026-10-09\6-45-jiae-jeong-lotto-data\work\prediction_1245_v4_clean_20261009\research\prospective_v4\predictions\1245\run_prediction_1245_v4.py,local,2cdd219a511879bcd37b4487a767065f8a9aab17850e4d0a370fda46bfb1a67e,"{""gap"": 4, ""structure"": 10, ""pair"": 14, ""triple"": 5, ""score"": 50, ""weight"": 1, ""prediction"": 12, ""final"": 6, ""candidate"": 34, ""selected"": 6, ""lotto"": 1}",[]
C:\Users\admin\Documents\Codex\2026-10-09\6-45-jiae-jeong-lotto-data\work\prediction_1245_v4_clean_20261009\research\prospective_v4\predictions\1245\STRUCTURE_DIAGNOSTICS_1245_V4.csv,local,4ec1e94d9e14221653e5a0203840bad67fd83580d2d9226e868748e16518e570,"{""gap"": 1, ""pair"": 17761, ""triple"": 11841, ""candidate"": 2, ""selected"": 1}",[]
C:\Users\admin\Documents\Codex\2026-10-09\6-45-jiae-jeong-lotto-data\work\prediction_1245_v4_clean_20261009\research\prospective_v4\predictions\1245\TICKET_SCORES_1245_V4.csv,local,1d8b573532f6f4cd96b5314e8686c62d53b1500e83dfae41d4f7e532313899bf,"{""score"": 520, ""candidate"": 2, ""selected"": 1}",[]
C:\Users\admin\Documents\Codex\2026-10-09\6-45-jiae-jeong-lotto-data\work\prediction_1245_v4_clean_20261009\research\prospective_v4\predictions\1245\VERIFICATION_1245_V4.json,local,62ed7f1c110aac9e59356055ce1625dbbc67b05408c62addeb63a0efb1c41939,"{""structure"": 2, ""score"": 5, ""prediction"": 6, ""final"": 1, ""candidate"": 3, ""lotto"": 4}",[]
C:\Users\admin\Documents\Codex\2026-10-09\6-45-jiae-jeong-lotto-data\work\prediction_1245_v4_clean_20261009\research\prospective_v4\predictions\1245\verify_prediction_1245_v4.py,local,1f5a35f390a311dccc92aab52813951f3847b1febfe3c4371eb217d4534e63d7,"{""gap"": 5, ""structure"": 3, ""pair"": 4, ""triple"": 7, ""score"": 16, ""prediction"": 17, ""final"": 4, ""candidate"": 7, ""selected"": 2, ""lotto"": 1}",[]
C:\Users\admin\Documents\Codex\2026-10-09\6-45-jiae-jeong-lotto-data\work\prediction_1245_v4_determinism_verification_only_20261009\ENGINE_PREDICTION_1245_V4.json,local,8e00faac06a55cf993feee10c2393283ff7ea5ae60be3d2926707f474149d801,"{""gap"": 6, ""pair"": 6, ""triple"": 6, ""prediction"": 2, ""candidate"": 8}",[]
C:\Users\admin\Documents\Codex\2026-10-09\6-45-jiae-jeong-lotto-data\work\prediction_1245_v4_determinism_verification_only_20261009\PREDICTION_1245_V4.json,local,56d5e8925ab8819fee6ca24c9c48823a5a9c253d4ca01d251aad0d5a224fa0f9,"{""gap"": 6, ""structure"": 2, ""pair"": 6, ""triple"": 6, ""score"": 1, ""prediction"": 8, ""candidate"": 8, ""lotto"": 4}",[]
C:\Users\admin\Documents\Codex\2026-10-09\6-45-jiae-jeong-lotto-data\work\prediction_1245_v4_determinism_verification_only_20261009\README_1245_V4.md,local,df401b382b15088072b9d0437bf67207e84192c7b7cebc57580608e071bbab5f,"{""structure"": 1, ""score"": 4, ""weight"": 1, ""prediction"": 3, ""candidate"": 1, ""lotto"": 1}",[]
C:\Users\admin\Documents\Codex\2026-10-09\6-45-jiae-jeong-lotto-data\work\primary_mode_1245_v4_clean_20261009\research\prospective_v4\decisions\1245\mode_analysis_1245_v4.py,local,4bb2beb0c64321a741e5b168030c6c8d7831f670f59dc6cbe3dcf7c1a38f0e99,"{""pair"": 15, ""final"": 1, ""candidate"": 3, ""selected"": 2}",[]
C:\Users\admin\Documents\Codex\2026-10-09\6-45-jiae-jeong-lotto-data\work\primary_mode_1245_v4_clean_20261009\research\prospective_v4\decisions\1245\MODE_BACKTEST_1245_V4.csv,local,c138ee7018cf51908523e9b9dc5fb3dc282c635801891da94749327c36c728b1,"{""pair"": 2, ""candidate"": 1201}",[]
C:\Users\admin\Documents\Codex\2026-10-09\6-45-jiae-jeong-lotto-data\work\primary_mode_1245_v4_clean_20261009\research\prospective_v4\decisions\1245\MODE_RANDOM_BASELINE_1245_V4.csv,local,63a6ec9fc2d00957e9c124ed5685b6c6710f036f622a2266a3a15bbae4c1c078,"{""pair"": 1, ""candidate"": 200}",[]
C:\Users\admin\Documents\Codex\2026-10-09\6-45-jiae-jeong-lotto-data\work\primary_mode_1245_v4_clean_20261009\research\prospective_v4\decisions\1245\MODE_SELECTION_CONFIG_1245_V4.json,local,f3aca472f96f7e796e45192b15bde26694625875a94f07475cc9b1d12cff2eba,"{""pair"": 3, ""prediction"": 3, ""final"": 1, ""candidate"": 2, ""selected"": 2}",[]
C:\Users\admin\Documents\Codex\2026-10-09\6-45-jiae-jeong-lotto-data\work\primary_mode_1245_v4_clean_20261009\research\prospective_v4\decisions\1245\MODE_SELECTION_MANIFEST_1245_V4.csv,local,eb5c1bc47519c1f7b7b4a0c9142fe3a489080ca86d15f747e1a2b0e8fa970027,"{""model_c"": 1}",[]
C:\Users\admin\Documents\Codex\2026-10-09\6-45-jiae-jeong-lotto-data\work\primary_mode_1245_v4_clean_20261009\research\prospective_v4\decisions\1245\MODE_SELECTION_PROTOCOL_1245_V4.md,local,6b3a12a800f58d7693cbcd5d73f7be9b50c717d4aa0aa264b3c06ff0e6b9a79d,"{""structure"": 1, ""pair"": 6, ""prediction"": 2, ""candidate"": 4, ""selected"": 1}",[]
C:\Users\admin\Documents\Codex\2026-10-09\6-45-jiae-jeong-lotto-data\work\primary_mode_1245_v4_clean_20261009\research\prospective_v4\decisions\1245\MODE_SUMMARY_1245_V4.json,local,f984a951a6137cf70f509ae842d2fcc7ba220e8ffa293ea7e78929c979ce532b,"{""pair"": 12}",[]
C:\Users\admin\Documents\Codex\2026-10-09\6-45-jiae-jeong-lotto-data\work\primary_mode_1245_v4_clean_20261009\research\prospective_v4\decisions\1245\run_mode_comparison_1245_v4.py,local,efeff81d9608018af4917f4a3842768ff7669c7f673860a990cc589dcd5d8f31,"{""model_c"": 1, ""pair"": 5, ""score"": 2, ""prediction"": 7, ""final"": 4, ""candidate"": 3, ""selected"": 1, ""lotto"": 2}",[]
C:\Users\admin\Documents\Codex\2026-10-09\6-45-jiae-jeong-lotto-data\work\primary_mode_1245_v4_clean_20261009\research\prospective_v4\decisions\1245\VERIFICATION_1245_V4.json,local,4ca2b2c7c0df13fa9206b8887975cdaf417a2c5fcc1fdd088615f870efc962fe,"{""model_a"": 1, ""prediction"": 2, ""selected"": 2}",[]
C:\Users\admin\Documents\Codex\2026-10-09\6-45-jiae-jeong-lotto-data\work\primary_mode_1245_v4_clean_20261009\research\prospective_v4\decisions\1245\VERIFICATION_EXECUTION_1245_V4.log,local,52ab8d42b93c74f153da389e62796459a4e27ab09bb8deb75e7fff02e321ea38,"{""model_a"": 1, ""model_c"": 8, ""frequency"": 5, ""structure"": 3, ""pair"": 8, ""triple"": 1, ""score"": 11, ""prediction"": 46, ""final"": 151, ""candidate"": 17, ""selected"": 6, ""lotto"": 45}",[]
C:\Users\admin\Documents\Codex\2026-10-09\6-45-jiae-jeong-lotto-data\work\primary_mode_1245_v4_clean_20261009\research\prospective_v4\decisions\1245\verify_primary_mode_1245_v4.py,local,9685cb97229e3801652976edf63f74916dbb3dc9b05e796a48499ee44c8e53de,"{""model_a"": 1, ""pair"": 3, ""score"": 2, ""prediction"": 11, ""final"": 3, ""candidate"": 1, ""selected"": 3, ""lotto"": 2}",[]
C:\Users\admin\Documents\Codex\2026-10-09\6-45-jiae-jeong-lotto-data\work\recovery_package_20261009\lotto_b_model_recovery_package\restore_recovered_outputs.ps1,local,b33390c13bc3374566b0990c1b487cadb0e4cbe4399d5470b8606d8ab879c7eb,"{""model_c"": 1, ""prediction"": 1, ""final"": 2}",[]
C:\Users\admin\Documents\Codex\2026-10-09\6-45-jiae-jeong-lotto-data\work\recovery_package_20261009\lotto_b_model_recovery_package\run.log,local,21d2c2c183575894e4ce19b986c6dd9e8fce1a1aef33bc91f39e5e07761a6602,"{""frequency"": 2, ""gap"": 2, ""structure"": 1, ""pair"": 1, ""triple"": 1, ""prediction"": 1}",[]
C:\Users\admin\Documents\Codex\2026-10-09\6-45-jiae-jeong-lotto-data\work\recovery_package_20261009\lotto_b_model_recovery_package\outputs\b_model_backtest_report_regenerated_not_hash-identical.md,local,4f3a02ba45ba7fb94498a7e23bb5307beff533ae322b6b47f303cce9465cd1b8,"{""model_c"": 1, ""frequency"": 6, ""gap"": 6, ""structure"": 3, ""pair"": 7, ""triple"": 8, ""prediction"": 1, ""lotto"": 2, ""추천"": 1, ""당첨"": 1}","[""67: - 추천번호는 생성하지 않았습니다. 통계적 유의성 검정은 계산하지 않았습니다.""]"
git:5efae09a7b2385f975045b7f57228873bb2a68d0:research/1245_final_pipeline_v3/recovered_original_assets/outputs/b_model_holdout_metrics.csv,git_history,3002e3b6c3b1177bc3565f2c370e0f2ec5c330238fad5235482793eb7d140ec0,"{""frequency"": 10, ""gap"": 10, ""structure"": 6, ""pair"": 4, ""triple"": 4}",[]
git:e2bd17f9f198f8f404591d9e236136230c59436c:research/1245_final_pipeline_v3/recovered_original_assets/outputs/b_model_predictions.csv,git_history,c40a68e433f51b0b4d4d3ff25619b7696cf8ee5575241f92e511cf53fb99f680,"{""frequency"": 47, ""gap"": 46, ""structure"": 25, ""pair"": 24, ""triple"": 23}",[]
git:1e359cc7396bbc4baafbb096ae6f0b7ccd650e76:research/1245_final_pipeline_v3/CURRENT_STATUS_2026-10-09.md,git_history,4dc41c76f7456daa5bb271453667849f56970b726380fd9fd42422be5ef05c4e,"{""score"": 2, ""prediction"": 1, ""final"": 2, ""candidate"": 5}",[]
git:1f434f6835590b7278808743e0a64790bb4695bc:research/1245_final_pipeline_v3/independent_validation_20261009_independent/INDEPENDENT_VALIDATION_REPORT.md,git_history,4c139b34abce82c77dd005f797c9c5149cd87728f410545009b7282582cca2b9,"{""contrarian"": 1, ""frequency"": 1, ""structure"": 1, ""pair"": 1, ""score"": 3, ""prediction"": 5, ""final"": 2, ""candidate"": 9, ""lotto"": 1, ""A/B/C"": 1}","[""53: - No unified A/B/C/contrarian models or their output artifacts were found in the accessible PC scan, Git history, or the only GitHub branch (`main`). A study comparison CSV and B report exist, but neither substitutes for the missing B predictions/classification CSVs.""]"
git:1e0c8294f31f413335c08dd26b58b177f977c232:research/1245_final_pipeline_v3/recovery_run_20261009/EXECUTION_REPORT.md,git_history,d894dc4aead7ade262f0c8e1d5a0e722df2b1eaa2ce8d48f75ef7862a5e75593,"{""model_c"": 1, ""C model"": 1, ""contrarian"": 1, ""frequency"": 1, ""gap"": 1, ""structure"": 2, ""pair"": 1, ""triple"": 1, ""prediction"": 1, ""final"": 2, ""candidate"": 6, ""selected"": 1, ""lotto"": 1, ""A/B/C"": 1}","[""28: Selection reasons: line 1 is the equal-family-rank consensus across S001-S007, with S006/S007 averaged as one relationship family and S008 excluded as a duplicate hybrid vote. Lines 2–3 are distinct-family registered model tickets selected by the existing V3 selector for structure coverage, portfoli"", ""58: - A/B/C/contrarian unified validation and the old local B report's backtest rerun were not performed; only stored S001-S008 study summaries are available.""]"
git:4d2a310c521b06e39c79f5f2f120d558d6667df9:research/1245_final_pipeline_v3/recover_and_run_20261009.py,git_history,e486e2398c786dc0643785a6997b31b6557d9fe40e125c41c8b951cfe717af01,"{""model_c"": 3, ""C model"": 1, ""contrarian"": 1, ""structure"": 1, ""pair"": 4, ""score"": 4, ""prediction"": 1, ""final"": 17, ""candidate"": 14, ""selected"": 1, ""lotto"": 1, ""A/B/C"": 1}","[""138:         \""A/B/C/contrarian unified validation and the old local B report's backtest rerun were not performed; only stored S001-S008 study summaries are available.\"","", ""153:     report += [\""\"", \""Selection reasons: line 1 is the equal-family-rank consensus across S001-S007, with S006/S007 averaged as one relationship family and S008 excluded as a duplicate hybrid vote. Lines 2–3 are distinct-family registered model tickets selected by the existing V3 selector for structur""]"
git:ee1e5c978c6686468b3bf26f622bec1718b81752:research/1245_final_pipeline_v3/recovery_run_20261009/EXECUTION_REPORT.md,git_history,a169fa2dceb4431d9cfdb5c7d08bdf35af87246d04bff7d273675b9ed8432b1b,"{""model_c"": 1, ""C model"": 1, ""contrarian"": 1, ""frequency"": 1, ""gap"": 1, ""structure"": 2, ""pair"": 1, ""triple"": 1, ""prediction"": 1, ""final"": 2, ""candidate"": 6, ""selected"": 1, ""lotto"": 1, ""A/B/C"": 1}","[""28: Selection reasons: line 1 is the equal-family-rank consensus across S001-S007, with S006/S007 averaged as one relationship family and S008 excluded as a duplicate hybrid vote. Lines 2–3 are distinct-family registered model tickets selected by the existing V3 selector for structure coverage, portfoli"", ""58: - A/B/C/contrarian unified validation and the old local B report's backtest rerun were not performed; only stored S001-S008 study summaries are available.""]"
git:75c743946eb4d5503f3e330cd519de341049dace:research/1245_final_pipeline_v3/recovery_run_20261009/EXECUTION_REPORT.md,git_history,19f8d8ff6a88b6c08307aa273d7b8fd20e5db72ba7f26f35907f456415b4c21d,"{""model_c"": 1, ""C model"": 1, ""contrarian"": 1, ""frequency"": 1, ""gap"": 1, ""structure"": 2, ""pair"": 1, ""triple"": 1, ""prediction"": 1, ""final"": 2, ""candidate"": 6, ""selected"": 1, ""lotto"": 1, ""A/B/C"": 1}","[""28: Selection reasons: line 1 is the equal-family-rank consensus across S001-S007, with S006/S007 averaged as one relationship family and S008 excluded as a duplicate hybrid vote. Lines 2–3 are distinct-family registered model tickets selected by the existing V3 selector for structure coverage, portfoli"", ""58: - A/B/C/contrarian unified validation and the old local B report's backtest rerun were not performed; only stored S001-S008 study summaries are available.""]"
git:7742619d5cd813bb47fcf66a92fe29935f470dfb:research/1245_final_pipeline_v3/recovery_run_20261009/PIPELINE_ERROR_REPORT.md,git_history,8158e9245484f080b70409586550af220431671791c262385e8a6bdc4c5328fa,"{""model_c"": 3, ""prediction"": 4, ""final"": 4, ""candidate"": 6, ""lotto"": 4}",[]
git:b112ed4292a3f1e25ce66336be7574be2bb978e1:research/1245_final_pipeline_v3/recovery_run_20261009/execution.log,git_history,0fe781c7065bf3ae394958985d69f397eb8a99a79732da50ae309e69dd6c96ec,"{""final"": 2, ""candidate"": 1}",[]
git:edebe560ec41a0fb7f857745fac6abb8575fd4c9:research/1245_final_pipeline_v3/recovery_run_20261009/final_three_lines_1245_v3_recovery.csv,git_history,e47adb0571f09e4a6d0fb6eb9d58607cd11274f6b328e5575fc0bc3538c76890,"{""frequency"": 2, ""gap"": 1, ""structure"": 1, ""candidate"": 2}",[]
git:c3fe0c957d1c99a45c612b76bf433c20fd071533:research/1245_final_pipeline_v3/recovery_run_20261009/model_candidates.csv,git_history,7420fc128fa962dcc100deddfe2954ae81bd21ea9b8061d3f1368cafa541ff9d,"{""frequency"": 2, ""gap"": 2, ""structure"": 4, ""pair"": 3, ""triple"": 4, ""score"": 1, ""weight"": 1, ""candidate"": 3}",[]
git:ec0fdf66a8b66507a10be794826d0bdad75f34c0:research/1245_final_pipeline_v3/recovery_run_20261009/model_validation_summary.csv,git_history,0ac84d1d7824cc78e48af994454b3437b26b3514a9dc3f7f437e913a2fc0b921,"{""frequency"": 1, ""gap"": 1, ""structure"": 1, ""pair"": 1, ""triple"": 1}",[]
git:d07b5de2aec107d26db7f3f6034b153b6f03115d:research/1245_final_pipeline_v3/recovery_run_20261009/run_metadata.json,git_history,6aa63f1d900f84f99d6dc546894d166322a66a1d431e0ef8ed0cd42978a5d08b,"{""model_c"": 1, ""final"": 3}",[]
git:dff27423428bdf4e8297a719d05fd17699b3ed34:LOTTO_PROJECT_PROTOCOL.md,git_history,f0422210733297020e2fc0a2b0d317f1c8170ea0b23669415fc0a0c1da5ae3cb,"{""A 모델"": 3, ""C 모델"": 4, ""콘트라리언"": 3, ""역발상"": 4, ""pair"": 6, ""triple"": 3, ""lotto"": 1, ""오답"": 16, ""추천"": 27, ""최종"": 9, ""당첨"": 8, ""A/B/C"": 4}","[""4: 매일 아침 로또 학습·검증 업데이트를 수행한다. 목적은 매일 번호를 추천하는 것이 아니라 장기간 누적 학습과 실제 백테스트·복습·오답노트의 누적 데이터를 통해 이후 주간 최종 조합을 만드는 분석 기반을 계속 개선하는 것이다. 매일 최종 조합·추천번호·후보번호는 출력하지 않는다."", ""21: 2. 과거 실제 추천 최종 조합과 오답노트 원본을 먼저 찾는다."", ""23: 4. 과거 추천 원본을 찾지 못하면 '없음'으로 단정하지 말고 실제 탐색 범위와 확보 실패 범위를 기록한다."", ""24: 5. 기존 모델·가설·오답노트·결과를 임의로 덮어쓰지 않는다."", ""68: ## 3. A 모델"", ""125: ## 5. C 모델"", ""126: B의 여러 홀드아웃과 누적 오답노트에서 반복 검증된 신호만 중심으로 결합한다."", ""130: - C 모델 버전을 기록한다.""]"
git:1a829ba7f969b34d66ff369fb7e5246336690325:LOTTO_PROJECT_PROTOCOL.md,git_history,c1e267dd5ef747116946eaa5df53927a1743d7eecf6778de3490d3a549e40581,"{""A 모델"": 1, ""C 모델"": 1, ""contrarian"": 1, ""콘트라리언"": 2, ""frequency"": 1, ""gap"": 1, ""structure"": 1, ""pair"": 3, ""triple"": 3, ""lotto"": 3, ""오답"": 5, ""추천"": 8, ""최종"": 2, ""당첨"": 1, ""A/B/C"": 1}","[""4: 1회차부터 최신 회차까지 누적 데이터를 기반으로 장기적으로 검증 가능한 로또 분석 시스템을 운영한다. 목표는 실제 구매에 사용할 주간 최종 조합의 품질을 개선하는 것이며, 단순한 번호 생성이 아니다."", ""17: - 매일 업데이트의 목적은 누적 학습과 검증이지 일일 추천번호 생성이 아님."", ""18: - 일일 업데이트에서는 기존 추천 결과, 오답노트, 이전 가설과 실패 신호를 우선 확인."", ""48: - A 모델 신호를 현재 데이터에서 다시 계산."", ""52: - C/콘트라리언은 실제 검증된 신호만 반영."", ""55: ### Gate 3. 오답노트 폐쇄루프"", ""56: - 과거 실제 추천 원본을 먼저 찾는다."", ""57: - 추천번호, 당시 모델, 선택 이유, 제외 이유, 실제 당첨번호, 적중 결과를 회차별로 연결한다.""]"
git:d0aef1a152b3dc1a9b291c4c6c2cb9199dffb9a9:LOTTO_PROJECT_PROTOCOL.md,git_history,a8f1b6e908d6a0c3c89870217225d1c087a6b8891c68986cbfcdd81fe3ae5784,"{""C 모델"": 1, ""contrarian"": 1, ""frequency"": 1, ""gap"": 1, ""structure"": 1, ""pair"": 2, ""triple"": 2, ""lotto"": 3, ""오답"": 2, ""추천"": 5, ""최종"": 2}","[""4: 1회차부터 최신 회차까지 누적 데이터를 기반으로 장기적으로 검증 가능한 로또 분석 시스템을 운영한다. 목표는 실제 구매에 사용할 주간 최종 조합의 품질을 개선하는 것이며, 단순한 번호 생성이 아니다."", ""17: - 매일 업데이트의 목적은 누적 학습과 검증이지 일일 추천번호 생성이 아님."", ""18: - 일일 업데이트에서는 기존 추천 결과, 오답노트, 이전 가설과 실패 신호를 우선 확인."", ""59: - 추천번호는 아직 생성하지 않음."", ""64: 3. 과거 실제 주간 추천 조합과 결과 및 오답노트 원본을 현재 대화/저장자료에서 회수하고 모델별로 대조."", ""65: 4. C 모델은 반복 검증된 신호만 결합. 실패 신호를 임의로 재도입하지 않음."", ""66: 5. contrarian 구조를 별도 검증."", ""67: 6. 최종 추천은 주간 시점에만 생성하고 일일 업데이트에서는 생성하지 않음.""]"
