target_round,training_start_round,training_through_round,mode,structure,training_n,training_count,predicted_probability,exact_probability,actual_historical_structure,brier,baseline_brier,logloss,baseline_logloss
1045,1,1044,expanding,consecutive_ge1,1044,536,0.5136982610189166,0.5287474862063631,1,0.2364893813360258,0.2220789317568219,0.6661192267221265,0.6372443028525948
1045,745,1044,rolling300,consecutive_ge1,300,151,0.5049217178878977,0.5287474862063631,1,0.2451025054190703,0.2220789317568219,0.6833518758060728,0.6372443028525948
1045,1,1044,expanding,consecutive_ge2,1044,134,0.12828602932514158,0.12481676009753151,0,0.016457305320011086,0.015579223601244734,0.13729392416306244,0.1333219975178157
1045,745,1044,rolling300,consecutive_ge2,300,34,0.11405104750609571,0.12481676009753151,0,0.013007641437237701,0.015579223601244734,0.12109594573227168,0.1333219975178157
1045,1,1044,expanding,band_ge3,1044,461,0.4417842091988817,0.45291992938050796,1,0.31160486909971785,0.2992966036690284,0.8169337306021006,0.7920399254567645
1045,745,1044,rolling300,band_ge3,300,116,0.39080749558628175,0.45291992938050796,1,0.3711155074338582,0.2992966036690284,0.9395401788892525,0.7920399254567645
1045,1,1044,expanding,band_ge4,1044,59,0.056697004996746125,0.06628066582689385,0,0.003214550375601055,0.004393126662456374,0.05836773830406804,0.0685793846560867
1045,745,1044,rolling300,band_ge4,300,12,0.041642541614180864,0.06628066582689385,0,0.001734101272088785,0.004393126662456374,0.04253444076784371,0.0685793846560867
1045,1,1044,expanding,odd_imbalance,1044,185,0.1773835112454989,0.18680279826054075,0,0.03146491006178203,0.034895285437968285,0.19526517870581406,0.20678163828224355
1045,745,1044,rolling300,odd_imbalance,300,64,0.2116751748912838,0.18680279826054075,0,0.04480637966525558,0.034895285437968285,0.2378450594563876,0.20678163828224355
1045,1,1044,expanding,low_high_imbalance,1044,201,0.1924211052304613,0.18680279826054075,1,0.6521836712771897,0.6612896889168869,1.6480690522215204,1.677701773318112
1045,745,1044,rolling300,low_high_imbalance,300,53,0.1773001748912838,0.18680279826054075,1,0.6768350022339122,0.6612896889168869,1.729911079488001,1.677701773318112
1045,1,1044,expanding,repeated_end,1044,820,0.7855317681464159,0.790290065389328,1,0.045996622474402706,0.043978256674412325,0.24139437888795043,0.2353552295330889
1045,745,1044,rolling300,repeated_end,300,243,0.808768129086833,0.790290065389328,1,0.03656962845295015,0.043978256674412325,0.21224301723671005,0.2353552295330889
1045,1,1044,expanding,end_multiplicity_ge3,1044,87,0.08344891840801923,0.08948245930662266,0,0.00696372198346825,0.00800711052356138,0.0871374777487446,0.09374211509792349
1045,745,1044,rolling300,end_multiplicity_ge3,300,32,0.1055926537066639,0.08948245930662266,0,0.011149808516815442,0.00800711052356138,0.11159396295969425,0.09374211509792349
1045,1,1044,expanding,multiple_repeat_end_groups,1044,256,0.24485123128924918,0.22608550458805707,0,0.059952125463861396,0.05111465538483637,0.28084050449385856,0.25629388253878654
1045,745,1044,rolling300,multiple_repeat_end_groups,300,80,0.26413034403675356,0.22608550458805707,0,0.0697648386409738,0.05111465538483637,0.30670227381296516,0.25629388253878654
1045,1,1044,expanding,extreme_sum,1044,136,0.129970633613817,0.11443770825506504,0,0.016892365601977058,0.01309598907067138,0.13922831343629982,0.12153247782470628
1045,745,1044,rolling300,extreme_sum,300,37,0.12277735676594156,0.11443770825506504,0,0.015074279334431296,0.01309598907067138,0.1309944496912338,0.12153247782470628
1045,1,1044,expanding,narrow_three_span_le4,1044,258,0.24746491941635218,0.26513371294993526,0,0.061238886341741676,0.07029588574261866,0.28430766472991376,0.30806671870004826
1045,745,1044,rolling300,narrow_three_span_le4,300,67,0.22594585705937095,0.26513371294993526,0,0.05105153032229369,0.07029588574261866,0.25611345571926963,0.30806671870004826
1045,1,1044,expanding,large_gap_ge15,1044,457,0.4377215340212026,0.4367856099279809,1,0.3161570733034696,0.3172104491841965,0.8261723378661574,0.8283127993981904
1045,745,1044,rolling300,large_gap_ge15,300,135,0.4491741006204988,0.4367856099279809,1,0.3034091714272364,0.3172104491841965,0.8003447144574883,0.8283127993981904
1045,1,1044,expanding,previous_overlap_ge2,1043,198,0.18956365194470623,0.17530810086113546,0,0.03593437813861373,0.030732930227538046,0.21018247506027848,0.19274541798861644
1045,745,1044,rolling300,previous_overlap_ge2,300,47,0.15783175630382096,0.17530810086113546,0,0.024910863297948727,0.030732930227538046,0.17177547033403354,0.19274541798861644
1046,1,1045,expanding,consecutive_ge1,1045,537,0.5141548823700726,0.5287474862063631,1,0.23604547832483802,0.2220789317568219,0.6652307313487711,0.6372443028525948
1046,746,1045,rolling300,consecutive_ge1,300,151,0.5049217178878977,0.5287474862063631,1,0.2451025054190703,0.2220789317568219,0.6833518758060728,0.6372443028525948
1046,1,1045,expanding,consecutive_ge2,1045,134,0.12816557295957806,0.12481676009753151,0,0.01642641409205693,0.015579223601244734,0.13715575034934674,0.1333219975178157
1046,746,1045,rolling300,consecutive_ge2,300,33,0.11092604750609572,0.12481676009753151,0,0.012304588015324604,0.015579223601244734,0.11757486077063632,0.1333219975178157
1046,1,1045,expanding,band_ge3,1045,462,0.4423083554813241,0.45291992938050796,0,0.19563668132859335,0.20513646243004433,0.5839490777345863,0.6031601058843978
1046,746,1045,rolling300,band_ge3,300,116,0.39080749558628175,0.45291992938050796,0,0.15273049860642163,0.20513646243004433,0.49562096201955913,0.6031601058843978
1046,1,1045,expanding,band_ge4,1045,59,0.056643768372336034,0.06628066582689385,0,0.003208516495418856,0.004393126662456374,0.05831130349732305,0.0685793846560867
1046,746,1045,rolling300,band_ge4,300,11,0.03851754161418087,0.06628066582689385,0,0.001483601012000155,0.004393126662456374,0.039278958128235016,0.0685793846560867
1046,1,1045,expanding,odd_imbalance,1045,185,0.17721695395794443,0.18680279826054075,0,0.031405848770132194,0.034895285437968285,0.19506272661487686,0.20678163828224355
1046,746,1045,rolling300,odd_imbalance,300,64,0.2116751748912838,0.18680279826054075,0,0.04480637966525558,0.034895285437968285,0.2378450594563876,0.20678163828224355
1046,1,1045,expanding,low_high_imbalance,1045,202,0.19317939527249842,0.18680279826054075,0,0.03731827875784818,0.034895285437968285,0.21465393439886296,0.20678163828224355
1046,746,1045,rolling300,low_high_imbalance,300,53,0.1773001748912838,0.18680279826054075,0,0.031435352016479824,0.034895285437968285,0.19516387738936303,0.20678163828224355
1046,1,1045,expanding,repeated_end,1045,821,0.7857331467678746,0.790290065389328,1,0.04591028439399715,0.043978256674412325,0.24113805212770792,0.2353552295330889
1046,746,1045,rolling300,repeated_end,300,243,0.808768129086833,0.790290065389328,1,0.03656962845295015,0.043978256674412325,0.21224301723671005,0.2353552295330889
1046,1,1045,expanding,end_multiplicity_ge3,1045,87,0.0833705626160868,0.08948245930662266,0,0.00695065071092285,0.00800711052356138,0.08705199157739472,0.09374211509792349
1046,746,1045,rolling300,end_multiplicity_ge3,300,32,0.1055926537066639,0.08948245930662266,0,0.011149808516815442,0.00800711052356138,0.11159396295969425,0.09374211509792349
1046,1,1045,expanding,multiple_repeat_end_groups,1045,256,0.24462132402982265,0.22608550458805707,1,0.5705969441104582,0.5989436462087222,1.4080438803391597,1.4868420123767523
1046,746,1045,rolling300,multiple_repeat_end_groups,300,79,0.2610053440367536,0.22608550458805707,1,0.5461131015422369,0.5989436462087222,1.3432143966324548,1.4868420123767523
1046,1,1045,expanding,extreme_sum,1045,136,0.129848595460189,0.11443770825506504,0,0.016860657742983818,0.01309598907067138,0.13908805426798007,0.12153247782470628
1046,746,1045,rolling300,extreme_sum,300,36,0.11965235676594158,0.11443770825506504,0,0.014316686479644165,0.01309598907067138,0.12743840039163556,0.12153247782470628
1046,1,1045,expanding,narrow_three_span_le4,1045,258,0.24723255798967014,0.26513371294993526,0,0.06112393773011561,0.07029588574261866,0.283998940835494,0.30806671870004826
1046,746,1045,rolling300,narrow_three_span_le4,300,66,0.22282085705937096,0.26513371294993526,0,0.04964913434067263,0.07029588574261866,0.2520843979935684,0.30806671870004826
1046,1,1045,expanding,large_gap_ge15,1045,458,0.4382494950221217,0.4367856099279809,0,0.19206261988714465,0.19078166904015828,0.5766974689800693,0.574094923910703
1046,746,1045,rolling300,large_gap_ge15,300,136,0.4522991006204988,0.4367856099279809,0,0.20457447642211207,0.19078166904015828,0.6020259450913792,0.574094923910703
1046,1,1045,expanding,previous_overlap_ge2,1044,198,0.18938549061769053,0.17530810086113546,0,0.03586686405650335,0.030732930227538046,0.2099626653893904,0.19274541798861644
1046,746,1045,rolling300,previous_overlap_ge2,300,47,0.15783175630382096,0.17530810086113546,0,0.024910863297948727,0.030732930227538046,0.17177547033403354,0.19274541798861644
1047,1,1046,expanding,consecutive_ge1,1046,538,0.5146106470207572,0.5287474862063631,0,0.26482411802712236,0.2795739041695482,0.7228039204599854,0.7523612059240392
1047,747,1046,rolling300,consecutive_ge1,300,152,0.5080467178878977,0.5287474862063631,0,0.2581114675566651,0.2795739041695482,0.7093715220550484,0.7523612059240392
1047,1,1046,expanding,consecutive_ge2,1046,134,0.12804534259094807,0.12481676009753151,0,0.01639560975923326,0.015579223601244734,0.13701785480923498,0.1333219975178157
1047,747,1046,rolling300,consecutive_ge2,300,33,0.11092604750609572,0.12481676009753151,0,0.012304588015324604,0.015579223601244734,0.11757486077063632,0.1333219975178157
1047,1,1046,expanding,band_ge3,1046,462,0.44189343207092885,0.45291992938050796,0,0.1952698053074246,0.20513646243004433,0.5832053528838171,0.6031601058843978
1047,747,1046,rolling300,band_ge3,300,116,0.39080749558628175,0.45291992938050796,0,0.15273049860642163,0.20513646243004433,0.49562096201955913,0.6031601058843978
1047,1,1046,expanding,band_ge4,1046,59,0.0565906316290224,0.06628066582689385,0,0.0032024995881717103,0.004393126662456374,0.05825497774776771,0.0685793846560867
1047,747,1046,rolling300,band_ge4,300,11,0.03851754161418087,0.06628066582689385,0,0.001483601012000155,0.004393126662456374,0.039278958128235016,0.0685793846560867
1047,1,1046,expanding,odd_imbalance,1046,185,0.17705070916061053,0.18680279826054075,1,0.6772455352930541,0.6612896889168869,1.7313190950066006,1.677701773318112
1047,747,1046,rolling300,odd_imbalance,300,64,0.2116751748912838,0.18680279826054075,1,0.6214560298826881,0.6612896889168869,1.5527023732286325,1.677701773318112
1047,1,1046,expanding,low_high_imbalance,1046,202,0.1929981763275899,0.18680279826054075,0,0.03724829606577548,0.034895285437968285,0.2144293508976287,0.20678163828224355
1047,747,1046,rolling300,low_high_imbalance,300,53,0.1773001748912838,0.18680279826054075,0,0.031435352016479824,0.034895285437968285,0.19516387738936303,0.20678163828224355
1047,1,1046,expanding,repeated_end,1046,822,0.7859341475682801,0.790290065389328,1,0.0458241891773189,0.043978256674412325,0.2408822717825603,0.2353552295330889
1047,747,1046,rolling300,repeated_end,300,243,0.808768129086833,0.790290065389328,1,0.03656962845295015,0.043978256674412325,0.21224301723671005,0.2353552295330889
1047,1,1046,expanding,end_multiplicity_ge3,1046,87,0.08329235383314489,0.08948245930662266,0,0.006937616207065805,0.00800711052356138,0.086966673079568,0.09374211509792349
1047,747,1046,rolling300,end_multiplicity_ge3,300,32,0.1055926537066639,0.08948245930662266,0,0.011149808516815442,0.00800711052356138,0.11159396295969425,0.09374211509792349
1047,1,1046,expanding,multiple_repeat_end_groups,1046,257,0.2453299344200386,0.22608550458805707,1,0.5695269078824633,0.5989436462087222,1.4051513032834888,1.4868420123767523
1047,747,1046,rolling300,multiple_repeat_end_groups,300,79,0.2610053440367536,0.22608550458805707,1,0.5461131015422369,0.5989436462087222,1.3432143966324548,1.4868420123767523
1047,1,1046,expanding,extreme_sum,1046,136,0.12972678627120196,0.11443770825506504,0,0.016829039076254115,0.01309598907067138,0.13894807786462726,0.12153247782470628
1047,747,1046,rolling300,extreme_sum,300,36,0.11965235676594158,0.11443770825506504,0,0.014316686479644165,0.01309598907067138,0.12743840039163556,0.12153247782470628
1047,1,1046,expanding,narrow_three_span_le4,1046,258,0.247000632513132,0.26513371294993526,1,0.5670080474356233,0.5400284598427482,1.3983643815755278,1.3275210030826026
1047,747,1046,rolling300,narrow_three_span_le4,300,66,0.22282085705937096,0.26513371294993526,1,0.6040074202219308,0.5400284598427482,1.5013871619380652,1.3275210030826026
1047,1,1046,expanding,large_gap_ge15,1046,458,0.43783837917313284,0.4367856099279809,1,0.31602568793069036,0.3172104491841965,0.8259054340235692,0.8283127993981904
1047,747,1046,rolling300,large_gap_ge15,300,135,0.4491741006204988,0.4367856099279809,1,0.3034091714272364,0.3172104491841965,0.8003447144574883,0.8283127993981904
1047,1,1046,expanding,previous_overlap_ge2,1045,198,0.18920766386593682,0.17530810086113546,0,0.03579954006560533,0.030732930227538046,0.2097433166763164,0.19274541798861644
1047,747,1046,rolling300,previous_overlap_ge2,300,46,0.15470675630382097,0.17530810086113546,0,0.02393418044604985,0.030732930227538046,0.16807167786734487,0.19274541798861644
1048,1,1047,expanding,consecutive_ge1,1047,538,0.514128350256914,0.5287474862063631,0,0.264327960537896,0.2795739041695482,0.7218107851397514,0.7523612059240392
1048,748,1047,rolling300,consecutive_ge1,300,152,0.5080467178878977,0.5287474862063631,0,0.2581114675566651,0.2795739041695482,0.7093715220550484,0.7523612059240392
1048,1,1047,expanding,consecutive_ge2,1047,134,0.1279253375838338,0.12481676009753151,0,0.01636489199593784,0.015579223601244734,0.136880236701627,0.1333219975178157
1048,748,1047,rolling300,consecutive_ge2,300,33,0.11092604750609572,0.12481676009753151,0,0.012304588015324604,0.015579223601244734,0.11757486077063632,0.1333219975178157
1048,1,1047,expanding,band_ge3,1047,462,0.4414792863988849,0.45291992938050796,0,0.19490396031926863,0.20513646243004433,0.5824635732445693,0.6031601058843978
1048,748,1047,rolling300,band_ge3,300,116,0.39080749558628175,0.45291992938050796,0,0.15273049860642163,0.20513646243004433,0.49562096201955913,0.6031601058843978
1048,1,1047,expanding,band_ge4,1047,59,0.056537594485977394,0.06628066582689385,0,0.0031964995902608213,0.004393126662456374,0.05819876073949712,0.0685793846560867
1048,748,1047,rolling300,band_ge4,300,11,0.03851754161418087,0.06628066582689385,0,0.001483601012000155,0.004393126662456374,0.039278958128235016,0.0685793846560867
1048,1,1047,expanding,odd_imbalance,1047,186,0.1778219830976671,0.18680279826054075,0,0.03162065767278701,0.034895285437968285,0.19579834179828176,0.20678163828224355
1048,748,1047,rolling300,odd_imbalance,300,65,0.21480017489128378,0.18680279826054075,0,0.0461391151333261,0.034895285437968285,0.24181703931455248,0.20678163828224355
1048,1,1047,expanding,low_high_imbalance,1047,202,0.19281729706205325,0.18680279826054075,0,0.03717851004631609,0.034895285437968285,0.2142052386436554,0.20678163828224355
1048,748,1047,rolling300,low_high_imbalance,300,53,0.1773001748912838,0.18680279826054075,0,0.031435352016479824,0.034895285437968285,0.19516387738936303,0.20678163828224355
1048,1,1047,expanding,repeated_end,1047,823,0.7861347716099217,0.790290065389328,1,0.04573833591434034,0.043978256674412325,0.24062703609882743,0.2353552295330889
1048,748,1047,rolling300,repeated_end,300,244,0.811893129086833,0.790290065389328,1,0.035384194884742884,0.043978256674412325,0.20838656190748012,0.2353552295330889
1048,1,1047,expanding,end_multiplicity_ge3,1047,87,0.08321429164585985,0.08948245930662266,0,0.00692461833412222,0.00800711052356138,0.08688152176212274,0.09374211509792349
1048,748,1047,rolling300,end_multiplicity_ge3,300,32,0.1055926537066639,0.08948245930662266,0,0.011149808516815442,0.00800711052356138,0.11159396295969425,0.09374211509792349
1048,1,1047,expanding,multiple_repeat_end_groups,1047,258,0.24603721658084454,0.22608550458805707,0,0.0605343119428494,0.05111465538483637,0.28241227105290617,0.25629388253878654
1048,748,1047,rolling300,multiple_repeat_end_groups,300,80,0.26413034403675356,0.22608550458805707,0,0.0697648386409738,0.05111465538483637,0.30670227381296516,0.25629388253878654
1048,1,1047,expanding,extreme_sum,1047,136,0.129605205403094,0.11443770825506504,0,0.016797509267578187,0.01309598907067138,0.13880838337064672,0.12153247782470628
1048,748,1047,rolling300,extreme_sum,300,36,0.11965235676594158,0.11443770825506504,0,0.014316686479644165,0.01309598907067138,0.12743840039163556,0.12153247782470628
1048,1,1047,expanding,narrow_three_span_le4,1047,259,0.2477063488837851,0.26513371294993526,0,0.06135843527733546,0.07029588574261866,0.28462853774943886,0.30806671870004826
1048,748,1047,rolling300,narrow_three_span_le4,300,67,0.22594585705937095,0.26513371294993526,0,0.05105153032229369,0.07029588574261866,0.25611345571926963,0.30806671870004826
1048,1,1047,expanding,large_gap_ge15,1047,459,0.43836524104832203,0.4367856099279809,0,0.19216408455935347,0.19078166904015828,0.5769035354655868,0.574094923910703
1048,748,1047,rolling300,large_gap_ge15,300,136,0.4522991006204988,0.4367856099279809,0,0.20457447642211207,0.19078166904015828,0.6020259450913792,0.574094923910703
1048,1,1047,expanding,previous_overlap_ge2,1046,198,0.1890301707478637,0.17530810086113546,0,0.03573240545296651,0.030732930227538046,0.2095244274673188,0.19274541798861644
1048,748,1047,rolling300,previous_overlap_ge2,300,46,0.15470675630382097,0.17530810086113546,0,0.02393418044604985,0.030732930227538046,0.16807167786734487,0.19274541798861644
1049,1,1048,expanding,consecutive_ge1,1048,538,0.5136469566705312,0.5287474862063631,1,0.2365392827558362,0.2220789317568219,0.6662191042463408,0.6372443028525948
1049,749,1048,rolling300,consecutive_ge1,300,151,0.5049217178878977,0.5287474862063631,1,0.2451025054190703,0.2220789317568219,0.6833518758060728,0.6372443028525948
1049,1,1048,expanding,consecutive_ge2,1048,134,0.12780555730519724,0.12481676009753151,0,0.016334260478092055,0.015579223601244734,0.13674289518881355,0.1333219975178157
1049,749,1048,rolling300,consecutive_ge2,300,33,0.11092604750609572,0.12481676009753151,0,0.012304588015324604,0.015579223601244734,0.11757486077063632,0.1333219975178157
1049,1,1048,expanding,band_ge3,1048,462,0.4410659162805339,0.45291992938050796,0,0.19453914250438692,0.20513646243004433,0.5817237309919833,0.6031601058843978
1049,749,1048,rolling300,band_ge3,300,116,0.39080749558628175,0.45291992938050796,0,0.15273049860642163,0.20513646243004433,0.49562096201955913,0.6031601058843978
1049,1,1048,expanding,band_ge4,1048,59,0.056484656663424976,0.06628066582689385,0,0.0031905164383849993,0.004393126662456374,0.05814265215782616,0.0685793846560867
1049,749,1048,rolling300,band_ge4,300,11,0.03851754161418087,0.06628066582689385,0,0.001483601012000155,0.004393126662456374,0.039278958128235016,0.0685793846560867
1049,1,1048,expanding,odd_imbalance,1048,186,0.17765548311349327,0.18680279826054075,1,0.676250504453302,0.6612896889168869,1.727909092294005,1.677701773318112
1049,749,1048,rolling300,odd_imbalance,300,65,0.21480017489128378,0.18680279826054075,1,0.6165387653507586,0.6612896889168869,1.538047102142527,1.677701773318112
1049,1,1048,expanding,low_high_imbalance,1048,202,0.19263675652173298,0.18680279826054075,1,0.6518354069197475,0.6612896889168869,1.6469489539960898,1.677701773318112
1049,749,1048,rolling300,low_high_imbalance,300,53,0.1773001748912838,0.18680279826054075,1,0.6768350022339122,0.6612896889168869,1.729911079488001,1.677701773318112
1049,1,1048,expanding,repeated_end,1048,824,0.786335019951111,0.790290065389328,1,0.04565272369929214,0.043978256674412325,0.2403723433303604,0.2353552295330889
1049,749,1048,rolling300,repeated_end,300,244,0.811893129086833,0.790290065389328,1,0.035384194884742884,0.043978256674412325,0.20838656190748012,0.2353552295330889
1049,1,1048,expanding,end_multiplicity_ge3,1048,87,0.08313637564244611,0.08948245930662266,0,0.006911656954961907,0.00800711052356138,0.08679653713385106,0.09374211509792349
1049,749,1048,rolling300,end_multiplicity_ge3,300,32,0.1055926537066639,0.08948245930662266,0,0.011149808516815442,0.00800711052356138,0.11159396295969425,0.09374211509792349
1049,1,1048,expanding,multiple_repeat_end_groups,1048,258,0.24580684465520705,0.22608550458805707,0,0.060421004879349094,0.05111465538483637,0.28210676958384984,0.25629388253878654
1049,749,1048,rolling300,multiple_repeat_end_groups,300,79,0.2610053440367536,0.22608550458805707,0,0.0681237896157441,0.05111465538483637,0.30246458950359184,0.25629388253878654
1049,1,1048,expanding,extreme_sum,1048,136,0.12948385221451433,0.11443770825506504,0,0.016766067984310188,0.01309598907067138,0.13866896993389707,0.12153247782470628
1049,749,1048,rolling300,extreme_sum,300,36,0.11965235676594158,0.11443770825506504,0,0.014316686479644165,0.01309598907067138,0.12743840039163556,0.12153247782470628
1049,1,1048,expanding,narrow_three_span_le4,1048,259,0.24747441410018606,0.26513371294993526,0,0.061243585634230366,0.07029588574261866,0.28432028174136786,0.30806671870004826
1049,749,1048,rolling300,narrow_three_span_le4,300,67,0.22594585705937095,0.26513371294993526,0,0.05105153032229369,0.07029588574261866,0.25611345571926963,0.30806671870004826
1049,1,1048,expanding,large_gap_ge15,1048,459,0.43795478670277116,0.4367856099279809,1,0.3158948217903275,0.3172104491841965,0.8256396006399359,0.8283127993981904
1049,749,1048,rolling300,large_gap_ge15,300,136,0.4522991006204988,0.4367856099279809,1,0.29997627518111447,0.3172104491841965,0.7934115909582012,0.8283127993981904
1049,1,1048,expanding,previous_overlap_ge2,1047,198,0.1888530103254196,0.17530810086113546,0,0.03566545950897304,0.030732930227538046,0.2093059963147885,0.19274541798861644
1049,749,1048,rolling300,previous_overlap_ge2,300,46,0.15470675630382097,0.17530810086113546,0,0.02393418044604985,0.030732930227538046,0.16807167786734487,0.19274541798861644
1050,1,1049,expanding,consecutive_ge1,1049,539,0.5141019174220086,0.5287474862063631,0,0.26430078149698577,0.2795739041695482,0.7217563837028005,0.7523612059240392
1050,750,1049,rolling300,consecutive_ge1,300,152,0.5080467178878977,0.5287474862063631,0,0.2581114675566651,0.2795739041695482,0.7093715220550484,0.7523612059240392
1050,1,1049,expanding,consecutive_ge2,1049,134,0.12768600112436918,0.12481676009753151,0,0.016303714883132408,0.015579223601244734,0.13660582943646032,0.1333219975178157
1050,750,1049,rolling300,consecutive_ge2,300,33,0.11092604750609572,0.12481676009753151,0,0.012304588015324604,0.015579223601244734,0.11757486077063632,0.1333219975178157
1050,1,1049,expanding,band_ge3,1049,462,0.4406533195393921,0.45291992938050796,1,0.3128687089423015,0.2992966036690284,0.8194968361858409,0.7920399254567645
1050,750,1049,rolling300,band_ge3,300,116,0.39080749558628175,0.45291992938050796,1,0.3711155074338582,0.2992966036690284,0.9395401788892525,0.7920399254567645
1050,1,1049,expanding,band_ge4,1049,59,0.056431817882635994,0.06628066582689385,0,0.0031845500695389956,0.004393126662456374,0.058086651689282946,0.0685793846560867
1050,750,1049,rolling300,band_ge4,300,11,0.03851754161418087,0.06628066582689385,0,0.001483601012000155,0.004393126662456374,0.039278958128235016,0.0685793846560867
1050,1,1049,expanding,odd_imbalance,1049,187,0.17842474833041236,0.18680279826054075,0,0.03183539081677099,0.034895285437968285,0.1965317429373551,0.20678163828224355
1050,750,1049,rolling300,odd_imbalance,300,65,0.21480017489128378,0.18680279826054075,0,0.0461391151333261,0.034895285437968285,0.24181703931455248,0.20678163828224355
1050,1,1049,expanding,low_high_imbalance,1049,203,0.1933920074510859,0.18680279826054075,0,0.03740046854596086,0.034895285437968285,0.21491748765455343,0.20678163828224355
1050,750,1049,rolling300,low_high_imbalance,300,54,0.1804251748912838,0.18680279826054075,0,0.03255324373455034,0.034895285437968285,0.19896957915952088,0.20678163828224355
1050,1,1049,expanding,repeated_end,1049,825,0.7865348936461988,0.790290065389328,0,0.6186371389230372,0.6245583874530684,1.5442818959525837,1.5620299668475026
1050,750,1049,rolling300,repeated_end,300,244,0.811893129086833,0.790290065389328,0,0.6591704530584088,0.6245583874530684,1.6707450153615968,1.5620299668475026
1050,1,1049,expanding,end_multiplicity_ge3,1049,87,0.08305860541265898,0.08948245930662266,0,0.006898731933095785,0.00800711052356138,0.08671171870546816,0.09374211509792349
1050,750,1049,rolling300,end_multiplicity_ge3,300,31,0.10246765370666391,0.08948245930662266,0,0.010499620056148795,0.00800711052356138,0.1081061188308866,0.09374211509792349
1050,1,1049,expanding,multiple_repeat_end_groups,1049,258,0.2455769037341077,0.22608550458805707,0,0.060308015647631205,0.05111465538483637,0.2818019327207516,0.25629388253878654
1050,750,1049,rolling300,multiple_repeat_end_groups,300,79,0.2610053440367536,0.22608550458805707,0,0.0681237896157441,0.05111465538483637,0.30246458950359184,0.25629388253878654
1050,1,1049,expanding,extreme_sum,1049,136,0.12936272606651197,0.11443770825506504,0,0.016734714895359416,0.01309598907067138,0.138529836705674,0.12153247782470628
1050,750,1049,rolling300,extreme_sum,300,36,0.11965235676594158,0.11443770825506504,0,0.014316686479644165,0.01309598907067138,0.12743840039163556,0.12153247782470628
1050,1,1049,expanding,narrow_three_span_le4,1049,259,0.24724291324508765,0.26513371294993526,0,0.06112905814991794,0.07029588574261866,0.28401269717784483,0.30806671870004826
1050,750,1049,rolling300,narrow_three_span_le4,300,67,0.22594585705937095,0.26513371294993526,0,0.05105153032229369,0.07029588574261866,0.25611345571926963,0.30806671870004826
1050,1,1049,expanding,large_gap_ge15,1049,460,0.4384805539743308,0.4367856099279809,1,0.3153040882649744,0.3172104491841965,0.8244398148480417,0.8283127993981904
1050,750,1049,rolling300,large_gap_ge15,300,137,0.45542410062049876,0.4367856099279809,1,0.29656291018499265,0.3172104491841965,0.7865262048808327,0.8283127993981904
1050,1,1049,expanding,previous_overlap_ge2,1048,198,0.18867618166406622,0.17530810086113546,0,0.035598701527331716,0.030732930227538046,0.20908802177721225,0.19274541798861644
1050,750,1049,rolling300,previous_overlap_ge2,300,46,0.15470675630382097,0.17530810086113546,0,0.02393418044604985,0.030732930227538046,0.16807167786734487,0.19274541798861644
1051,1,1050,expanding,consecutive_ge1,1050,539,0.5136214483403059,0.5287474862063631,1,0.23656409551458174,0.2220789317568219,0.6662687666911431,0.6372443028525948
1051,751,1050,rolling300,consecutive_ge1,300,151,0.5049217178878977,0.5287474862063631,1,0.2451025054190703,0.2220789317568219,0.6833518758060728,0.6372443028525948
1051,1,1050,expanding,consecutive_ge2,1050,134,0.127566668413038,0.12481676009753151,0,0.016273254890001983,0.015579223601244734,0.13646903861359008,0.1333219975178157
1051,751,1050,rolling300,consecutive_ge2,300,33,0.11092604750609572,0.12481676009753151,0,0.012304588015324604,0.015579223601244734,0.11757486077063632,0.1333219975178157
1051,1,1050,expanding,band_ge3,1050,463,0.4411760734463646,0.45291992938050796,1,0.3122841808888229,0.2992966036690284,0.8183112237025967,0.7920399254567645
1051,751,1050,rolling300,band_ge3,300,117,0.39393249558628174,0.45291992938050796,1,0.3673178199062724,0.2992966036690284,0.9315757153623204,0.7920399254567645
1051,1,1050,expanding,band_ge4,1050,59,0.05637907786592325,0.06628066582689385,0,0.0031786004210118367,0.004393126662456374,0.05803075902160311,0.0685793846560867
1051,751,1050,rolling300,band_ge4,300,11,0.03851754161418087,0.06628066582689385,0,0.001483601012000155,0.004393126662456374,0.039278958128235016,0.0685793846560867
1051,1,1050,expanding,odd_imbalance,1050,187,0.178257996229169,0.18680279826054075,0,0.03177591321963843,0.034895285437968285,0.19632879721733232,0.20678163828224355
1051,751,1050,rolling300,odd_imbalance,300,65,0.21480017489128378,0.18680279826054075,0,0.0461391151333261,0.034895285437968285,0.24181703931455248,0.20678163828224355
1051,1,1050,expanding,low_high_imbalance,1050,203,0.1932112672572064,0.18680279826054075,1,0.6509080592807228,0.6612896889168869,1.6439710397675351,1.677701773318112
1051,751,1050,rolling300,low_high_imbalance,300,54,0.1804251748912838,0.18680279826054075,1,0.6717028939519829,0.6612896889168869,1.7124391306947213,1.677701773318112
1051,1,1050,expanding,repeated_end,1050,825,0.7857998143063425,0.790290065389328,0,0.6174813481638823,0.6245583874530684,1.5408442540516958,1.5620299668475026
1051,751,1050,rolling300,repeated_end,300,244,0.811893129086833,0.790290065389328,0,0.6591704530584088,0.6245583874530684,1.6707450153615968,1.5620299668475026
1051,1,1050,expanding,end_multiplicity_ge3,1050,87,0.08298098054778734,0.08948245930662266,0,0.006885843132672261,0.00800711052356138,0.08662706598960393,0.09374211509792349
1051,751,1050,rolling300,end_multiplicity_ge3,300,31,0.10246765370666391,0.08948245930662266,0,0.010499620056148795,0.00800711052356138,0.1081061188308866,0.09374211509792349
1051,1,1050,expanding,multiple_repeat_end_groups,1050,258,0.24534739260912256,0.22608550458805707,0,0.06019534306009493,0.05111465538483637,0.2814977582831159,0.25629388253878654
1051,751,1050,rolling300,multiple_repeat_end_groups,300,79,0.2610053440367536,0.22608550458805707,0,0.0681237896157441,0.05111465538483637,0.30246458950359184,0.25629388253878654
1051,1,1050,expanding,extreme_sum,1050,136,0.12924182632252457,0.11443770825506504,0,0.016703449671181606,0.01309598907067138,0.1383909828406917,0.12153247782470628
1051,751,1050,rolling300,extreme_sum,300,36,0.11965235676594158,0.11443770825506504,0,0.014316686479644165,0.01309598907067138,0.12743840039163556,0.12153247782470628
1051,1,1050,expanding,narrow_three_span_le4,1050,259,0.24701184510186794,0.26513371294993526,1,0.5669911614168933,0.5400284598427482,1.3983189876259983,1.3275210030826026
1051,751,1050,rolling300,narrow_three_span_le4,300,67,0.22594585705937095,0.26513371294993526,1,0.5991598162035517,0.5400284598427482,1.4874598789452125,1.3275210030826026
1051,1,1050,expanding,large_gap_ge15,1050,461,0.43900533850332674,0.4367856099279809,0,0.1927256872344205,0.19078166904015828,0.5780438895534294,0.574094923910703
1051,751,1050,rolling300,large_gap_ge15,300,138,0.4585491006204988,0.4367856099279809,0,0.21026727767986833,0.19078166904015828,0.61350289185178,0.574094923910703
1051,1,1050,expanding,previous_overlap_ge2,1049,198,0.18849968383276214,0.17530810086113546,0,0.035532130805051285,0.030732930227538046,0.20887050241914087,0.19274541798861644
1051,751,1050,rolling300,previous_overlap_ge2,300,46,0.15470675630382097,0.17530810086113546,0,0.02393418044604985,0.030732930227538046,0.16807167786734487,0.19274541798861644
1052,1,1051,expanding,consecutive_ge1,1051,540,0.5140755833091758,0.5287474862063631,1,0.23612253873631775,0.2220789317568219,0.66538497509801,0.6372443028525948
1052,752,1051,rolling300,consecutive_ge1,300,151,0.5049217178878977,0.5287474862063631,1,0.2451025054190703,0.2220789317568219,0.6833518758060728,0.6372443028525948
1052,1,1051,expanding,consecutive_ge2,1051,134,0.1274475585452387,0.12481676009753151,0,0.016242880179142046,0.015579223601244734,0.13633252189256645,0.1333219975178157
1052,752,1051,rolling300,consecutive_ge2,300,33,0.11092604750609572,0.12481676009753151,0,0.012304588015324604,0.015579223601244734,0.11757486077063632,0.1333219975178157
1052,1,1051,expanding,band_ge3,1051,464,0.44169785115556504,0.45291992938050796,0,0.19509699171544367,0.20513646243004433,0.5828549777668439,0.6031601058843978
1052,752,1051,rolling300,band_ge3,300,118,0.39705749558628173,0.45291992938050796,0,0.15765465480125013,0.20513646243004433,0.50593343603196,0.6031601058843978
1052,1,1051,expanding,band_ge4,1051,59,0.05632643633663667,0.06628066582689385,0,0.0031726674303851838,0.004393126662456374,0.05797497384372406,0.0685793846560867
1052,752,1051,rolling300,band_ge4,300,11,0.03851754161418087,0.06628066582689385,0,0.001483601012000155,0.004393126662456374,0.039278958128235016,0.0685793846560867
1052,1,1051,expanding,odd_imbalance,1051,187,0.17809155552307265,0.18680279826054075,0,0.03171660214862767,0.034895285437968285,0.1961262715442578,0.20678163828224355
1052,752,1051,rolling300,odd_imbalance,300,64,0.2116751748912838,0.18680279826054075,0,0.04480637966525558,0.034895285437968285,0.2378450594563876,0.20678163828224355
1052,1,1051,expanding,low_high_imbalance,1051,204,0.19396457139608853,0.18680279826054075,0,0.03762225495686832,0.034895285437968285,0.21562758135729165,0.20678163828224355
1052,752,1051,rolling300,low_high_imbalance,300,55,0.1835501748912838,0.18680279826054075,0,0.03369066670262087,0.034895285437968285,0.20278981964326473,0.20678163828224355
1052,1,1051,expanding,repeated_end,1051,825,0.7850661076636662,0.790290065389328,1,0.04619657807484671,0.043978256674412325,0.24198735116120523,0.2353552295330889
1052,752,1051,rolling300,repeated_end,300,243,0.808768129086833,0.790290065389328,1,0.03656962845295015,0.043978256674412325,0.21224301723671005,0.2353552295330889
1052,1,1051,expanding,end_multiplicity_ge3,1051,87,0.08290350064064654,0.08948245930662266,0,0.006872990418473682,0.00800711052356138,0.08654257850079287,0.09374211509792349
1052,752,1051,rolling300,end_multiplicity_ge3,300,31,0.10246765370666391,0.08948245930662266,0,0.010499620056148795,0.00800711052356138,0.1081061188308866,0.09374211509792349
1052,1,1051,expanding,multiple_repeat_end_groups,1051,258,0.2451183100763409,0.22608550458805707,1,0.5698463657819994,0.5989436462087222,1.4060142867244785,1.4868420123767523
1052,752,1051,rolling300,multiple_repeat_end_groups,300,79,0.2610053440367536,0.22608550458805707,1,0.5461131015422369,0.5989436462087222,1.3432143966324548,1.4868420123767523
1052,1,1051,expanding,extreme_sum,1051,136,0.1291211523483672,0.11443770825506504,0,0.016672271983770255,0.01309598907067138,0.13825240749706652,0.12153247782470628
1052,752,1051,rolling300,extreme_sum,300,36,0.11965235676594158,0.11443770825506504,0,0.014316686479644165,0.01309598907067138,0.12743840039163556,0.12153247782470628
1052,1,1051,expanding,narrow_three_span_le4,1051,260,0.2477149152745086,0.26513371294993526,0,0.06136267924945697,0.07029588574261866,0.28463992484473616,0.30806671870004826
1052,752,1051,rolling300,narrow_three_span_le4,300,68,0.22907085705937097,0.26513371294993526,0,0.05247345755391477,0.07029588574261866,0.2601588124428692,0.30806671870004826
1052,1,1051,expanding,large_gap_ge15,1051,461,0.43859543622647956,0.4367856099279809,0,0.1923659566786959,0.19078166904015828,0.5773134858150061,0.574094923910703
1052,752,1051,rolling300,large_gap_ge15,300,137,0.45542410062049876,0.4367856099279809,0,0.20741111142599017,0.19078166904015828,0.6077479535235769,0.574094923910703
1052,1,1051,expanding,previous_overlap_ge2,1050,198,0.18832351590394647,0.17530810086113546,1,0.658818714834531,0.6801167285052672,1.6695939658061614,1.7412102767071724
1052,752,1051,rolling300,previous_overlap_ge2,300,46,0.15470675630382097,0.17530810086113546,1,0.714520667838408,0.6801167285052672,1.8662238487703484,1.7412102767071724
1053,1,1052,expanding,consecutive_ge1,1052,541,0.5145288710113127,0.5287474862063631,1,0.23568221708155063,0.2220789317568219,0.6645036105859744,0.6372443028525948
1053,753,1052,rolling300,consecutive_ge1,300,152,0.5080467178878977,0.5287474862063631,1,0.24201803178086972,0.2220789317568219,0.6771818712858612,0.6372443028525948
1053,1,1052,expanding,consecutive_ge2,1052,134,0.127328670897342,0.12481676009753151,0,0.01621259043248363,0.015579223601244734,0.13619627844907653,0.1333219975178157
1053,753,1052,rolling300,consecutive_ge2,300,33,0.11092604750609572,0.12481676009753151,0,0.012304588015324604,0.015579223601244734,0.11757486077063632,0.1333219975178157
1053,1,1052,expanding,band_ge3,1052,464,0.44128581957799456,0.45291992938050796,1,0.3121615354046333,0.2992966036690284,0.8180624965154779,0.7920399254567645
1053,753,1052,rolling300,band_ge3,300,118,0.39705749558628173,0.45291992938050796,1,0.3635396636286866,0.2992966036690284,0.9236741836267348,0.7920399254567645
1053,1,1052,expanding,band_ge4,1052,59,0.056273893019158465,0.06628066582689385,1,0.8906189649972148,0.8718317950086687,2.8775245632995916,2.7138570408059484
1053,753,1052,rolling300,band_ge4,300,11,0.03851754161418087,0.06628066582689385,1,0.9244485177836385,0.8718317950086687,3.2566415151122023,2.7138570408059484
1053,1,1052,expanding,odd_imbalance,1052,187,0.17792542534068173,0.18680279826054075,0,0.03165745698266251,0.034895285437968285,0.19592416461125095,0.20678163828224355
1053,753,1052,rolling300,odd_imbalance,300,64,0.2116751748912838,0.18680279826054075,0,0.04480637966525558,0.034895285437968285,0.2378450594563876,0.20678163828224355
1053,1,1052,expanding,low_high_imbalance,1052,204,0.19378363429590562,0.18680279826054075,1,0.6499848283291181,0.6612896889168869,1.6410130294488217,1.677701773318112
1053,753,1052,rolling300,low_high_imbalance,300,55,0.1835501748912838,0.18680279826054075,1,0.6665903169200533,0.6612896889168869,1.6952672162133582,1.677701773318112
1053,1,1052,expanding,repeated_end,1052,826,0.785266605697562,0.790290065389328,0,0.6166436420237703,0.6245583874530684,1.5383580468237972,1.5620299668475026
1053,753,1052,rolling300,repeated_end,300,243,0.808768129086833,0.790290065389328,0,0.6541058866266163,0.6245583874530684,1.6542686033794871,1.5620299668475026
1053,1,1052,expanding,end_multiplicity_ge3,1052,87,0.08282616528557131,0.08948245930662266,0,0.006860173655912778,0.00800711052356138,0.08645825575546523,0.09374211509792349
1053,753,1052,rolling300,end_multiplicity_ge3,300,31,0.10246765370666391,0.08948245930662266,0,0.010499620056148795,0.00800711052356138,0.1081061188308866,0.09374211509792349
1053,1,1052,expanding,multiple_repeat_end_groups,1052,259,0.24582249075723986,0.22608550458805707,0,0.06042869696209328,0.05111465538483637,0.2821275152830346,0.25629388253878654
1053,753,1052,rolling300,multiple_repeat_end_groups,300,79,0.2610053440367536,0.22608550458805707,0,0.0681237896157441,0.05111465538483637,0.30246458950359184,0.25629388253878654
1053,1,1052,expanding,extreme_sum,1052,136,0.12900070351222137,0.11443770825506504,1,0.7586397744822053,0.7842205725605412,2.0479374210522243,2.167724636734186
1053,753,1052,rolling300,extreme_sum,300,36,0.11965235676594158,0.11443770825506504,1,0.775011972947761,0.7842205725605412,2.1231647676554934,2.167724636734186
1053,1,1052,expanding,narrow_three_span_le4,1052,260,0.24748383792817044,0.26513371294993526,1,0.5662805741793161,0.5400284598427482,1.3964100004059363,1.3275210030826026
1053,753,1052,rolling300,narrow_three_span_le4,300,68,0.22907085705937097,0.26513371294993526,1,0.5943317434351729,0.5400284598427482,1.4737239038149945,1.3275210030826026
1053,1,1052,expanding,large_gap_ge15,1052,461,0.4381862986926862,0.4367856099279809,0,0.19200723236199602,0.19078166904015828,0.5765849763799161,0.574094923910703
1053,753,1052,rolling300,large_gap_ge15,300,137,0.45542410062049876,0.4367856099279809,0,0.20741111142599017,0.19078166904015828,0.6077479535235769,0.574094923910703
1053,1,1052,expanding,previous_overlap_ge2,1051,199,0.18908138376958236,0.17530810086113546,0,0.03575176968822008,0.030732930227538046,0.20958757980295373,0.19274541798861644
1053,753,1052,rolling300,previous_overlap_ge2,300,46,0.15470675630382097,0.17530810086113546,0,0.02393418044604985,0.030732930227538046,0.16807167786734487,0.19274541798861644
1054,1,1053,expanding,consecutive_ge1,1053,542,0.5149813138155892,0.5287474862063631,1,0.23524312594805197,0.2220789317568219,0.6636246628299007,0.6372443028525948
1054,754,1053,rolling300,consecutive_ge1,300,153,0.5111717178878977,0.5287474862063631,1,0.23895308939266904,0.2220789317568219,0.6710497023947203,0.6372443028525948
1054,1,1053,expanding,consecutive_ge2,1053,134,0.12721000484804346,0.12481676009753151,0,0.01618238533343924,0.015579223601244734,0.13606030746211462,0.1333219975178157
1054,754,1053,rolling300,consecutive_ge2,300,33,0.11092604750609572,0.12481676009753151,0,0.012304588015324604,0.015579223601244734,0.11757486077063632,0.1333219975178157
1054,1,1053,expanding,band_ge3,1053,465,0.4418065224488445,0.45291992938050796,1,0.3115799583806523,0.2992966036690284,0.8168832247532539,0.7920399254567645
1054,754,1053,rolling300,band_ge3,300,119,0.4001824955862817,0.45291992938050796,1,0.35978103860110094,0.2992966036690284,0.9158345969538025,0.7920399254567645
1054,1,1053,expanding,band_ge4,1053,60,0.057153414088106126,0.06628066582689385,0,0.0032665127419265277,0.004393126662456374,0.05885169684573021,0.0685793846560867
1054,754,1053,rolling300,band_ge4,300,12,0.041642541614180864,0.06628066582689385,0,0.001734101272088785,0.004393126662456374,0.04253444076784371,0.0685793846560867
1054,1,1053,expanding,odd_imbalance,1053,187,0.17775960481380318,0.18680279826054075,0,0.03159847710355948,0.034895285437968285,0.19572247511686386,0.20678163828224355
1054,754,1053,rolling300,odd_imbalance,300,64,0.2116751748912838,0.18680279826054075,0,0.04480637966525558,0.034895285437968285,0.2378450594563876,0.20678163828224355
1054,1,1053,expanding,low_high_imbalance,1053,205,0.1945350008995441,0.18680279826054075,0,0.03784386657498562,0.034895285437968285,0.2163355296984444,0.20678163828224355
1054,754,1053,rolling300,low_high_imbalance,300,56,0.1866751748912838,0.18680279826054075,0,0.034847620920691394,0.034895285437968285,0.20662471034962146,0.20678163828224355
1054,1,1053,expanding,repeated_end,1053,826,0.7845347635673686,0.790290065389328,0,0.6154947952457069,0.6245583874530684,1.534955698308996,1.5620299668475026
1054,754,1053,rolling300,repeated_end,300,242,0.805643129086833,0.790290065389328,0,0.6490608514448235,0.6245583874530684,1.6380592690123579,1.5620299668475026
1054,1,1053,expanding,end_multiplicity_ge3,1053,87,0.08274897407840862,0.08948245930662266,0,0.006847392711029141,0.00800711052356138,0.08637409727193764,0.09374211509792349
1054,754,1053,rolling300,end_multiplicity_ge3,300,31,0.10246765370666391,0.08948245930662266,0,0.010499620056148795,0.00800711052356138,0.1081061188308866,0.09374211509792349
1054,1,1053,expanding,multiple_repeat_end_groups,1053,259,0.2455933924433934,0.22608550458805707,0,0.060316114411854645,0.05111465538483637,0.2818237890100924,0.25629388253878654
1054,754,1053,rolling300,multiple_repeat_end_groups,300,79,0.2610053440367536,0.22608550458805707,0,0.0681237896157441,0.05111465538483637,0.30246458950359184,0.25629388253878654
1054,1,1053,expanding,extreme_sum,1053,137,0.1298124456338316,0.11443770825506504,0,0.016851271041436484,0.01309598907067138,0.1390465108362508,0.12153247782470628
1054,754,1053,rolling300,extreme_sum,300,37,0.12277735676594156,0.11443770825506504,0,0.015074279334431296,0.01309598907067138,0.1309944496912338,0.12153247782470628
1054,1,1053,expanding,narrow_three_span_le4,1053,261,0.24818515774370803,0.26513371294993526,1,0.5652255570368533,0.5400284598427482,1.393580207581856,1.3275210030826026
1054,754,1053,rolling300,narrow_three_span_le4,300,69,0.23219585705937096,0.26513371294993526,1,0.5895232019167939,0.5400284598427482,1.4601740519990907,1.3275210030826026
1054,1,1053,expanding,large_gap_ge15,1053,461,0.43777792376380203,0.4367856099279809,1,0.31609366300734126,0.3172104491841965,0.8260435205558188,0.8283127993981904
1054,754,1053,rolling300,large_gap_ge15,300,136,0.4522991006204988,0.4367856099279809,1,0.29997627518111447,0.3172104491841965,0.7934115909582012,0.8283127993981904
1054,1,1053,expanding,previous_overlap_ge2,1052,199,0.18890500188173762,0.17530810086113546,1,0.657875095972464,0.6801167285052672,1.6665110258324478,1.7412102767071724
1054,754,1053,rolling300,previous_overlap_ge2,300,46,0.15470675630382097,0.17530810086113546,1,0.714520667838408,0.6801167285052672,1.8662238487703484,1.7412102767071724
1055,1,1054,expanding,consecutive_ge1,1054,543,0.5154329140820552,0.5287474862063631,0,0.2656710889191193,0.2795739041695482,0.724499393009678,0.7523612059240392
1055,755,1054,rolling300,consecutive_ge1,300,154,0.5142967178878977,0.5287474862063631,0,0.2645011140302638,0.2795739041695482,0.7221573721648975,0.7523612059240392
1055,1,1054,expanding,consecutive_ge2,1054,134,0.12709155977835254,0.12481676009753151,0,0.01615226456689456,0.015579223601244734,0.13592460811396534,0.1333219975178157
1055,755,1054,rolling300,consecutive_ge2,300,33,0.11092604750609572,0.12481676009753151,0,0.012304588015324604,0.015579223601244734,0.11757486077063632,0.1333219975178157
1055,1,1054,expanding,band_ge3,1054,466,0.44232625566816586,0.45291992938050796,0,0.19565251645341963,0.20513646243004433,0.5839811751746221,0.6031601058843978
1055,755,1054,rolling300,band_ge3,300,120,0.40330749558628176,0.45291992938050796,0,0.1626569359960787,0.20513646243004433,0.5163533662663363,0.6031601058843978
1055,1,1054,expanding,band_ge4,1054,60,0.05710019861875035,0.06628066582689385,0,0.003260432682300739,0.004393126662456374,0.058795257157203185,0.0685793846560867
1055,755,1054,rolling300,band_ge4,300,12,0.041642541614180864,0.06628066582689385,0,0.001734101272088785,0.004393126662456374,0.04253444076784371,0.0685793846560867
1055,1,1054,expanding,odd_imbalance,1054,187,0.17759409307747748,0.18680279826054075,0,0.031539661896011734,0.034895285437968285,0.19552120176505303,0.20678163828224355
1055,755,1054,rolling300,odd_imbalance,300,64,0.2116751748912838,0.18680279826054075,0,0.04480637966525558,0.034895285437968285,0.2378450594563876,0.20678163828224355
1055,1,1054,expanding,low_high_imbalance,1054,205,0.19435386961379034,0.18680279826054075,1,0.6490656874062736,0.6612896889168869,1.6380747113403609,1.677701773318112
1055,755,1054,rolling300,low_high_imbalance,300,56,0.1866751748912838,0.18680279826054075,1,0.6614972711381237,0.6612896889168869,1.6783852051850436,1.677701773318112
1055,1,1054,expanding,repeated_end,1054,826,0.783804284271682,0.790290065389328,1,0.04674058749927967,0.043978256674412325,0.2435959272049026,0.2353552295330889
1055,755,1054,rolling300,repeated_end,300,242,0.805643129086833,0.790290065389328,1,0.03777459327115746,0.043978256674412325,0.21611440240849228,0.2353552295330889
1055,1,1054,expanding,end_multiplicity_ge3,1054,87,0.08267192661651065,0.08948245930662266,0,0.006834647450485723,0.00800711052356138,0.0862901025704037,0.09374211509792349
1055,755,1054,rolling300,end_multiplicity_ge3,300,31,0.10246765370666391,0.08948245930662266,0,0.010499620056148795,0.00800711052356138,0.1081061188308866,0.09374211509792349
1055,1,1054,expanding,multiple_repeat_end_groups,1054,259,0.2453647207558297,0.22608550458805707,1,0.5694744046799268,0.5989436462087222,1.4050095192412846,1.4868420123767523
1055,755,1054,rolling300,multiple_repeat_end_groups,300,79,0.2610053440367536,0.22608550458805707,1,0.5461131015422369,0.5989436462087222,1.3432143966324548,1.4868420123767523
1055,1,1054,expanding,extreme_sum,1054,137,0.1296915774349174,0.11443770825506504,0,0.01681990525755718,0.01309598907067138,0.13890762146137087,0.12153247782470628
1055,755,1054,rolling300,extreme_sum,300,37,0.12277735676594156,0.11443770825506504,0,0.015074279334431296,0.01309598907067138,0.1309944496912338,0.12153247782470628
1055,1,1054,expanding,narrow_three_span_le4,1054,262,0.2488851715633135,0.26513371294993526,0,0.06194382862409999,0.07029588574261866,0.286196738191496,0.30806671870004826
1055,755,1054,rolling300,narrow_three_span_le4,300,70,0.23532085705937095,0.26513371294993526,0,0.0553759057671569,0.07029588574261866,0.26829895412982935,0.30806671870004826
1055,1,1054,expanding,large_gap_ge15,1054,462,0.4383014080061076,0.4367856099279809,0,0.19210812426013643,0.19078166904015828,0.5767898861339269,0.574094923910703
1055,755,1054,rolling300,large_gap_ge15,300,137,0.45542410062049876,0.4367856099279809,0,0.20741111142599017,0.19078166904015828,0.6077479535235769,0.574094923910703
1055,1,1054,expanding,previous_overlap_ge2,1053,200,0.18966091520710412,0.17530810086113546,0,0.03597126275719634,0.030732930227538046,0.2103024957127926,0.19274541798861644
1055,755,1054,rolling300,previous_overlap_ge2,300,46,0.15470675630382097,0.17530810086113546,0,0.02393418044604985,0.030732930227538046,0.16807167786734487,0.19274541798861644
1056,1,1055,expanding,consecutive_ge1,1055,543,0.5149534416038393,0.5287474862063631,0,0.2651770470196387,0.2795739041695482,0.7235103959589266,0.7523612059240392
1056,756,1055,rolling300,consecutive_ge1,300,153,0.5111717178878977,0.5287474862063631,0,0.2612965251684645,0.2795739041695482,0.7157440125037855,0.7523612059240392
1056,1,1055,expanding,consecutive_ge2,1055,134,0.12697333507158198,0.12481676009753151,0,0.01612222781920023,0.015579223601244734,0.13578917959018752,0.1333219975178157
1056,756,1055,rolling300,consecutive_ge2,300,33,0.11092604750609572,0.12481676009753151,0,0.012304588015324604,0.015579223601244734,0.11757486077063632,0.1333219975178157
1056,1,1055,expanding,band_ge3,1055,466,0.4419147893838234,0.45291992938050796,0,0.195288681076149,0.20513646243004433,0.5832436210619341,0.6031601058843978
1056,756,1055,rolling300,band_ge3,300,119,0.4001824955862817,0.45291992938050796,0,0.16014602977366438,0.20513646243004433,0.511129829342285,0.6031601058843978
1056,1,1055,expanding,band_ge4,1055,60,0.05704708215491895,0.06628066582689385,0,0.0032543695823900724,0.004393126662456374,0.058738925649123086,0.0685793846560867
1056,756,1055,rolling300,band_ge4,300,12,0.041642541614180864,0.06628066582689385,0,0.001734101272088785,0.004393126662456374,0.04253444076784371,0.0685793846560867
1056,1,1055,expanding,odd_imbalance,1055,187,0.17742888926996356,0.18680279826054075,0,0.031481010747572986,0.034895285437968285,0.19532034326515116,0.20678163828224355
1056,756,1055,rolling300,odd_imbalance,300,63,0.20855017489128377,0.18680279826054075,0,0.04349317544718505,0.034895285437968285,0.23388879382619754,0.20678163828224355
1056,1,1055,expanding,low_high_imbalance,1055,206,0.19510330787461472,0.18680279826054075,0,0.0380653007436167,0.034895285437968285,0.2170413425624239,0.20678163828224355
1056,756,1055,rolling300,low_high_imbalance,300,57,0.1898001748912838,0.18680279826054075,0,0.036024106388761926,0.034895285437968285,0.2104743640754362,0.20678163828224355
1056,1,1055,expanding,repeated_end,1055,827,0.7840053965653828,0.790290065389328,0,0.6146644618436432,0.6245583874530684,1.5325018557090744,1.5620299668475026
1056,756,1055,rolling300,repeated_end,300,242,0.805643129086833,0.790290065389328,0,0.6490608514448235,0.6245583874530684,1.6380592690123579,1.5620299668475026
1056,1,1055,expanding,end_multiplicity_ge3,1055,87,0.08259502249872785,0.08948245930662266,0,0.0068219377415653605,0.00800711052356138,0.08620627117292518,0.09374211509792349
1056,756,1055,rolling300,end_multiplicity_ge3,300,31,0.10246765370666391,0.08948245930662266,0,0.010499620056148795,0.00800711052356138,0.1081061188308866,0.09374211509792349
1056,1,1055,expanding,multiple_repeat_end_groups,1055,260,0.24606670706210337,0.22608550458805707,0,0.060548824324387,0.05111465538483637,0.28245138579260876,0.25629388253878654
1056,756,1055,rolling300,multiple_repeat_end_groups,300,80,0.26413034403675356,0.22608550458805707,0,0.0697648386409738,0.05111465538483637,0.30670227381296516,0.25629388253878654
1056,1,1055,expanding,extreme_sum,1055,137,0.12957093410707096,0.11443770825506504,0,0.016788626965378924,0.01309598907067138,0.13876900971911846,0.12153247782470628
1056,756,1055,rolling300,extreme_sum,300,37,0.12277735676594156,0.11443770825506504,0,0.015074279334431296,0.01309598907067138,0.1309944496912338,0.12153247782470628
1056,1,1055,expanding,narrow_three_span_le4,1055,262,0.24865365047348717,0.26513371294993526,0,0.06182863789379112,0.07029588574261866,0.2858885490747926,0.30806671870004826
1056,756,1055,rolling300,narrow_three_span_le4,300,69,0.23219585705937096,0.26513371294993526,0,0.05391491603553583,0.07029588574261866,0.2642206005708816,0.30806671870004826
1056,1,1055,expanding,large_gap_ge15,1055,462,0.43789368576610194,0.4367856099279809,0,0.19175088003382162,0.19078166904015828,0.5760642757443738,0.574094923910703
1056,756,1055,rolling300,large_gap_ge15,300,137,0.45542410062049876,0.4367856099279809,0,0.20741111142599017,0.19078166904015828,0.6077479535235769,0.574094923910703
1056,1,1055,expanding,previous_overlap_ge2,1054,200,0.18948432217618502,0.17530810086113546,0,0.035904308350568286,0.030732930227538046,0.21008459459581316,0.19274541798861644
1056,756,1055,rolling300,previous_overlap_ge2,300,46,0.15470675630382097,0.17530810086113546,0,0.02393418044604985,0.030732930227538046,0.16807167786734487,0.19274541798861644
1057,1,1056,expanding,consecutive_ge1,1056,543,0.5144748603384082,0.5287474862063631,0,0.2646843819202246,0.2795739041695482,0.7225242116199928,0.7523612059240392
1057,757,1056,rolling300,consecutive_ge1,300,152,0.5080467178878977,0.5287474862063631,0,0.2581114675566651,0.2795739041695482,0.7093715220550484,0.7523612059240392
1057,1,1056,expanding,consecutive_ge2,1056,134,0.12685533011333702,0.12481676009753151,0,0.01609227477816371,0.015579223601244734,0.13565402107959712,0.1333219975178157
1057,757,1056,rolling300,consecutive_ge2,300,33,0.11092604750609572,0.12481676009753151,0,0.012304588015324604,0.015579223601244734,0.11757486077063632,0.1333219975178157
1057,1,1056,expanding,band_ge3,1056,466,0.44150408790670087,0.45291992938050796,0,0.19492585963832784,0.20513646243004433,0.5825079799387036,0.6031601058843978
1057,757,1056,rolling300,band_ge3,300,118,0.39705749558628173,0.45291992938050796,0,0.15765465480125013,0.20513646243004433,0.50593343603196,0.6031601058843978
1057,1,1056,expanding,band_ge4,1056,60,0.05699406442057423,0.06628066582689385,0,0.0032483233791765656,0.004393126662456374,0.05868270201066731,0.0685793846560867
1057,757,1056,rolling300,band_ge4,300,12,0.041642541614180864,0.06628066582689385,0,0.001734101272088785,0.004393126662456374,0.04253444076784371,0.0685793846560867
1057,1,1056,expanding,odd_imbalance,1056,187,0.17726399253272382,0.18680279826054075,0,0.031422523048641564,0.034895285437968285,0.19511989833183985,0.20678163828224355
1057,757,1056,rolling300,odd_imbalance,300,62,0.20542517489128378,0.18680279826054075,0,0.04219950247911453,0.034895285437968285,0.22994811857432104,0.20678163828224355
1057,1,1056,expanding,low_high_imbalance,1056,206,0.19492198509777958,0.18680279826054075,0,0.037994580274459004,0.034895285437968285,0.21681609333731458,0.20678163828224355
1057,757,1056,rolling300,low_high_imbalance,300,57,0.1898001748912838,0.18680279826054075,0,0.036024106388761926,0.034895285437968285,0.2104743640754362,0.20678163828224355
1057,1,1056,expanding,repeated_end,1056,827,0.7832767670146715,0.790290065389328,0,0.613522493744956,0.6245583874530684,1.5291341635178934,1.5620299668475026
1057,757,1056,rolling300,repeated_end,300,241,0.8025181290868331,0.790290065389328,0,0.6440353475130308,0.6245583874530684,1.622108491698906,1.5620299668475026
1057,1,1056,expanding,end_multiplicity_ge3,1056,87,0.08251826132540191,0.08948245930662266,0,0.00680926345216732,0.00800711052356138,0.08612260260342268,0.09374211509792349
1057,757,1056,rolling300,end_multiplicity_ge3,300,31,0.10246765370666391,0.08948245930662266,0,0.010499620056148795,0.00800711052356138,0.1081061188308866,0.09374211509792349
1057,1,1056,expanding,multiple_repeat_end_groups,1056,260,0.24583802053137652,0.22608550458805707,0,0.0604363323387855,0.05111465538483637,0.2821481071647077,0.25629388253878654
1057,757,1056,rolling300,multiple_repeat_end_groups,300,80,0.26413034403675356,0.22608550458805707,0,0.0697648386409738,0.05111465538483637,0.30670227381296516,0.25629388253878654
1057,1,1056,expanding,extreme_sum,1056,137,0.12945051502332833,0.11443770825506504,0,0.016757435839804952,0.01309598907067138,0.13863067477653734,0.12153247782470628
1057,757,1056,rolling300,extreme_sum,300,37,0.12277735676594156,0.11443770825506504,0,0.015074279334431296,0.01309598907067138,0.1309944496912338,0.12153247782470628
1057,1,1056,expanding,narrow_three_span_le4,1056,262,0.24842255972025903,0.26513371294993526,0,0.061713768177965665,0.07029588574261866,0.28558102748704917,0.30806671870004826
1057,757,1056,rolling300,narrow_three_span_le4,300,68,0.22907085705937097,0.26513371294993526,0,0.05247345755391477,0.07029588574261866,0.2601588124428692,0.30806671870004826
1057,1,1056,expanding,large_gap_ge15,1056,462,0.43748672137412603,0.4367856099279809,0,0.19139463137868218,0.19078166904015828,0.5753405387361914,0.574094923910703
1057,757,1056,rolling300,large_gap_ge15,300,137,0.45542410062049876,0.4367856099279809,0,0.20741111142599017,0.19078166904015828,0.6077479535235769,0.574094923910703
1057,1,1056,expanding,previous_overlap_ge2,1055,200,0.18930805769043973,0.17530810086113546,1,0.6572214253256473,0.6801167285052672,1.6643796559546364,1.7412102767071724
1057,757,1056,rolling300,previous_overlap_ge2,300,45,0.15158175630382095,0.17530810086113546,1,0.719813516236509,0.6801167285052672,1.886630154019245,1.7412102767071724
1058,1,1057,expanding,consecutive_ge1,1057,543,0.5139971678032751,0.5287474862063631,0,0.2641930885097881,0.2795739041695482,0.7215408275333459,0.7523612059240392
1058,758,1057,rolling300,consecutive_ge1,300,151,0.5049217178878977,0.5287474862063631,0,0.2549459411948658,0.2795739041695482,0.703039383236142,0.7523612059240392
1058,1,1057,expanding,consecutive_ge2,1057,134,0.12673754429150477,0.12481676009753151,0,0.016062405133041135,0.015579223601244734,0.1355191317742517,0.1333219975178157
1058,758,1057,rolling300,consecutive_ge2,300,33,0.11092604750609572,0.12481676009753151,0,0.012304588015324604,0.015579223601244734,0.11757486077063632,0.1333219975178157
1058,1,1057,expanding,band_ge3,1057,466,0.4410941491064161,0.45291992938050796,1,0.31237575016308106,0.2992966036690284,0.8184969362838214,0.7920399254567645
1058,758,1057,rolling300,band_ge3,300,118,0.39705749558628173,0.45291992938050796,1,0.3635396636286866,0.2992966036690284,0.9236741836267348,0.7920399254567645
1058,1,1057,expanding,band_ge4,1057,60,0.05694114514070369,0.06628066582689385,0,0.0032422940099346834,0.004393126662456374,0.058626585932203136,0.0685793846560867
1058,758,1057,rolling300,band_ge4,300,12,0.041642541614180864,0.06628066582689385,0,0.001734101272088785,0.004393126662456374,0.04253444076784371,0.0685793846560867
1058,1,1057,expanding,odd_imbalance,1057,187,0.1770994020104093,0.18680279826054075,0,0.03136419819244456,0.034895285437968285,0.19491986568512115,0.20678163828224355
1058,758,1057,rolling300,odd_imbalance,300,62,0.20542517489128378,0.18680279826054075,0,0.04219950247911453,0.034895285437968285,0.22994811857432104,0.20678163828224355
1058,1,1057,expanding,low_high_imbalance,1057,206,0.19474099903919295,0.18680279826054075,1,0.6484420586283971,0.6612896889168869,1.636084813326616,1.677701773318112
1058,758,1057,rolling300,low_high_imbalance,300,57,0.1898001748912838,0.18680279826054075,1,0.6564237566061942,0.6612896889168869,1.6617834713563453,1.677701773318112
1058,1,1057,expanding,repeated_end,1057,827,0.7825494905364777,0.790290065389328,1,0.047284724065945395,0.043978256674412325,0.24519811187583218,0.2353552295330889
1058,758,1057,rolling300,repeated_end,300,240,0.799393129086833,0.790290065389328,1,0.04024311665757204,0.043978256674412325,0.22390242782962644,0.2353552295330889
1058,1,1057,expanding,end_multiplicity_ge3,1057,87,0.08244164269835882,0.08948245930662266,0,0.006796624450803861,0.00800711052356138,0.08603909638766692,0.09374211509792349
1058,758,1057,rolling300,end_multiplicity_ge3,300,31,0.10246765370666391,0.08948245930662266,0,0.010499620056148795,0.00800711052356138,0.1081061188308866,0.09374211509792349
1058,1,1057,expanding,multiple_repeat_end_groups,1057,260,0.2456097586738729,0.22608550458805707,0,0.06032415355583809,0.05111465538483637,0.2818454834224214,0.25629388253878654
1058,758,1057,rolling300,multiple_repeat_end_groups,300,80,0.26413034403675356,0.22608550458805707,0,0.0697648386409738,0.05111465538483637,0.30670227381296516,0.25629388253878654
1058,1,1057,expanding,extreme_sum,1057,137,0.12933031955905414,0.11443770825506504,0,0.01672633155724706,0.01309598907067138,0.13849261580400565,0.12153247782470628
1058,758,1057,rolling300,extreme_sum,300,37,0.12277735676594156,0.11443770825506504,0,0.015074279334431296,0.01309598907067138,0.1309944496912338,0.12153247782470628
1058,1,1057,expanding,narrow_three_span_le4,1057,262,0.24819189810491987,0.26513371294993526,0,0.06159921828492293,0.07029588574261866,0.28527417124734433,0.30806671870004826
1058,758,1057,rolling300,narrow_three_span_le4,300,68,0.22907085705937097,0.26513371294993526,0,0.05247345755391477,0.07029588574261866,0.2601588124428692,0.30806671870004826
1058,1,1057,expanding,large_gap_ge15,1057,462,0.4370805127191826,0.4367856099279809,0,0.19103937459886353,0.19078166904015828,0.5746186676748745,0.574094923910703
1058,758,1057,rolling300,large_gap_ge15,300,136,0.4522991006204988,0.4367856099279809,0,0.20457447642211207,0.19078166904015828,0.6020259450913792,0.574094923910703
1058,1,1057,expanding,previous_overlap_ge2,1056,201,0.1900614888635899,0.17530810086113546,0,0.03612336954904451,0.030732930227538046,0.2107969463743992,0.19274541798861644
1058,758,1057,rolling300,previous_overlap_ge2,300,46,0.15470675630382097,0.17530810086113546,0,0.02393418044604985,0.030732930227538046,0.16807167786734487,0.19274541798861644
1059,1,1058,expanding,consecutive_ge1,1058,543,0.5135203615251644,0.5287474862063631,0,0.2637031617009356,0.2795739041695482,0.7205602313155277,0.7523612059240392
1059,759,1058,rolling300,consecutive_ge1,300,151,0.5049217178878977,0.5287474862063631,0,0.2549459411948658,0.2795739041695482,0.703039383236142,0.7523612059240392
1059,1,1058,expanding,consecutive_ge2,1058,134,0.12661997699624364,0.12481676009753151,0,0.01603261857452927,0.015579223601244734,0.13538451086943395,0.1333219975178157
1059,759,1058,rolling300,consecutive_ge2,300,33,0.11092604750609572,0.12481676009753151,0,0.012304588015324604,0.015579223601244734,0.11757486077063632,0.1333219975178157
1059,1,1058,expanding,band_ge3,1058,467,0.44161261464527846,0.45291992938050796,0,0.1950217014138392,0.20513646243004433,0.5827023184862798,0.6031601058843978
1059,759,1058,rolling300,band_ge3,300,119,0.4001824955862817,0.45291992938050796,0,0.16014602977366438,0.20513646243004433,0.511129829342285,0.6031601058843978
1059,1,1058,expanding,band_ge4,1058,60,0.05688832404131528,0.06628066582689385,0,0.00323628141222969,0.004393126662456374,0.05857057710528193,0.0685793846560867
1059,759,1058,rolling300,band_ge4,300,12,0.041642541614180864,0.06628066582689385,0,0.001734101272088785,0.004393126662456374,0.04253444076784371,0.0685793846560867
1059,1,1058,expanding,odd_imbalance,1058,187,0.17693511685084493,0.18680279826054075,0,0.03130603557502215,0.034895285437968285,0.19472024405029045,0.20678163828224355
1059,759,1058,rolling300,odd_imbalance,300,62,0.20542517489128378,0.18680279826054075,0,0.04219950247911453,0.034895285437968285,0.22994811857432104,0.20678163828224355
1059,1,1058,expanding,low_high_imbalance,1058,207,0.19548799254657775,0.18680279826054075,0,0.03821555522989084,0.034895285437968285,0.21751938729946257,0.20678163828224355
1059,759,1058,rolling300,low_high_imbalance,300,58,0.1929251748912838,0.18680279826054075,0,0.03722012310683244,0.034895285437968285,0.21433889492527947,0.20678163828224355
1059,1,1058,expanding,repeated_end,1058,828,0.7827512071500803,0.790290065389328,1,0.04719703799474733,0.043978256674412325,0.2449403765857153,0.2353552295330889
1059,759,1058,rolling300,repeated_end,300,240,0.799393129086833,0.790290065389328,1,0.04024311665757204,0.043978256674412325,0.22390242782962644,0.2353552295330889
1059,1,1058,expanding,end_multiplicity_ge3,1058,87,0.08236516622090209,0.08948245930662266,0,0.006784020606596831,0.00800711052356138,0.08595575205326907,0.09374211509792349
1059,759,1058,rolling300,end_multiplicity_ge3,300,31,0.10246765370666391,0.08948245930662266,0,0.010499620056148795,0.00800711052356138,0.1081061188308866,0.09374211509792349
1059,1,1058,expanding,multiple_repeat_end_groups,1058,260,0.24538192030775613,0.22608550458805707,0,0.06021228681392198,0.05111465538483637,0.28154351243303094,0.25629388253878654
1059,759,1058,rolling300,multiple_repeat_end_groups,300,80,0.26413034403675356,0.22608550458805707,0,0.0697648386409738,0.05111465538483637,0.30670227381296516,0.25629388253878654
1059,1,1058,expanding,extreme_sum,1058,137,0.1292103470919307,0.11443770825506504,0,0.0166953137956172,0.01309598907067138,0.13835483197521817,0.12153247782470628
1059,759,1058,rolling300,extreme_sum,300,37,0.12277735676594156,0.11443770825506504,0,0.015074279334431296,0.01309598907067138,0.1309944496912338,0.12153247782470628
1059,1,1058,expanding,narrow_three_span_le4,1058,262,0.24796166443320844,0.26513371294993526,0,0.061484987028487065,0.07029588574261866,0.28496797818430963,0.30806671870004826
1059,759,1058,rolling300,narrow_three_span_le4,300,68,0.22907085705937097,0.26513371294993526,0,0.05247345755391477,0.07029588574261866,0.2601588124428692,0.30806671870004826
1059,1,1058,expanding,large_gap_ge15,1058,462,0.43667505769810727,0.4367856099279809,0,0.1906851060156453,0.19078166904015828,0.573898655166148,0.574094923910703
1059,759,1058,rolling300,large_gap_ge15,300,135,0.4491741006204988,0.4367856099279809,0,0.20175737266823396,0.19078166904015828,0.5963364918469403,0.574094923910703
1059,1,1058,expanding,previous_overlap_ge2,1057,201,0.1898850158005782,0.17530810086113546,1,0.6562862876244293,0.6801167285052672,1.6613365700139366,1.7412102767071724
1059,759,1058,rolling300,previous_overlap_ge2,300,46,0.15470675630382097,0.17530810086113546,1,0.714520667838408,0.6801167285052672,1.8662238487703484,1.7412102767071724
1060,1,1059,expanding,consecutive_ge1,1059,543,0.5130444390399697,0.5287474862063631,0,0.26321459642983713,0.2795739041695482,0.7195824106585563,0.7523612059240392
1060,760,1059,rolling300,consecutive_ge1,300,150,0.5017967178878977,0.5287474862063631,0,0.2517999460830664,0.2795739041695482,0.6967470882349659,0.7523612059240392
1060,1,1059,expanding,consecutive_ge2,1059,134,0.1265026276199728,0.12481676009753151,0,0.016002914794757506,0.015579223601244734,0.13525015756363531,0.1333219975178157
1060,760,1059,rolling300,consecutive_ge2,300,33,0.11092604750609572,0.12481676009753151,0,0.012304588015324604,0.015579223601244734,0.11757486077063632,0.1333219975178157
1060,1,1059,expanding,band_ge3,1059,467,0.44120333511363313,0.45291992938050796,0,0.19466038291539287,0.20513646243004433,0.5819696199665201,0.6031601058843978
1060,760,1059,rolling300,band_ge3,300,118,0.39705749558628173,0.45291992938050796,0,0.15765465480125013,0.20513646243004433,0.50593343603196,0.6031601058843978
1060,1,1059,expanding,band_ge4,1059,60,0.05683560084943269,0.06628066582689385,0,0.003230285523916034,0.004393126662456374,0.0585146752226339,0.0685793846560867
1060,760,1059,rolling300,band_ge4,300,12,0.041642541614180864,0.06628066582689385,0,0.001734101272088785,0.004393126662456374,0.04253444076784371,0.0685793846560867
1060,1,1059,expanding,odd_imbalance,1059,187,0.17677113620501467,0.18680279826054075,0,0.031248034595211846,0.034895285437968285,0.19452103215790853,0.20678163828224355
1060,760,1059,rolling300,odd_imbalance,300,62,0.20542517489128378,0.18680279826054075,0,0.04219950247911453,0.034895285437968285,0.22994811857432104,0.20678163828224355
1060,1,1059,expanding,low_high_imbalance,1059,207,0.19530681739129827,0.18680279826054075,0,0.038144752919517924,0.034895285437968285,0.21729421383225794,0.20678163828224355
1060,760,1059,rolling300,low_high_imbalance,300,57,0.1898001748912838,0.18680279826054075,0,0.036024106388761926,0.034895285437968285,0.2104743640754362,0.20678163828224355
1060,1,1059,expanding,repeated_end,1059,829,0.7829525498681988,0.790290065389328,1,0.04710959560871671,0.043978256674412325,0.2446831852513701,0.2353552295330889
1060,760,1059,rolling300,repeated_end,300,240,0.799393129086833,0.790290065389328,1,0.04024311665757204,0.043978256674412325,0.22390242782962644,0.2353552295330889
1060,1,1059,expanding,end_multiplicity_ge3,1059,87,0.08228883149780579,0.08948245930662266,0,0.006771451789274274,0.00800711052356138,0.0858725691296727,0.09374211509792349
1060,760,1059,rolling300,end_multiplicity_ge3,300,31,0.10246765370666391,0.08948245930662266,0,0.010499620056148795,0.00800711052356138,0.1081061188308866,0.09374211509792349
1060,1,1059,expanding,multiple_repeat_end_groups,1059,260,0.245154504255571,0.22608550458805707,0,0.06010073095679478,0.05111465538483637,0.28124219207312756,0.25629388253878654
1060,760,1059,rolling300,multiple_repeat_end_groups,300,80,0.26413034403675356,0.22608550458805707,0,0.0697648386409738,0.05111465538483637,0.30670227381296516,0.25629388253878654
1060,1,1059,expanding,extreme_sum,1059,137,0.12909059700194744,0.11443770825506504,0,0.0166643822343192,0.01309598907067138,0.13821732246717103,0.12153247782470628
1060,760,1059,rolling300,extreme_sum,300,36,0.11965235676594158,0.11443770825506504,0,0.014316686479644165,0.01309598907067138,0.12743840039163556,0.12153247782470628
1060,1,1059,expanding,narrow_three_span_le4,1059,262,0.24773185751529073,0.26513371294993526,0,0.06137107322797631,0.07029588574261866,0.28466244613607555,0.30806671870004826
1060,760,1059,rolling300,narrow_three_span_le4,300,67,0.22594585705937095,0.26513371294993526,0,0.05105153032229369,0.07029588574261866,0.25611345571926963,0.30806671870004826
1060,1,1059,expanding,large_gap_ge15,1059,462,0.43627035421553256,0.4367856099279809,0,0.19033182196734624,0.19078166904015828,0.5731804938556904,0.574094923910703
1060,760,1059,rolling300,large_gap_ge15,300,134,0.4460491006204988,0.4367856099279809,0,0.19895980016435585,0.19078166904015828,0.5906792254415385,0.574094923910703
1060,1,1059,expanding,previous_overlap_ge2,1058,202,0.19063651393063333,0.17530810086113546,0,0.03634228044362455,0.030732930227538046,0.21150715990122254,0.19274541798861644
1060,760,1059,rolling300,previous_overlap_ge2,300,46,0.15470675630382097,0.17530810086113546,0,0.02393418044604985,0.030732930227538046,0.16807167786734487,0.19274541798861644
1061,1,1060,expanding,consecutive_ge1,1060,543,0.5125693978927104,0.5287474862063631,0,0.26272738765609566,0.2795739041695482,0.7186073533293339,0.7523612059240392
1061,761,1060,rolling300,consecutive_ge1,300,149,0.4986717178878977,0.5287474862063631,0,0.24867348222126703,0.2795739041695482,0.6904941387654845,0.7523612059240392
1061,1,1060,expanding,consecutive_ge2,1060,134,0.1263854955573617,0.12481676009753151,0,0.015973293487279893,0.015579223601244734,0.1351160710585403,0.1333219975178157
1061,761,1060,rolling300,consecutive_ge2,300,33,0.11092604750609572,0.12481676009753151,0,0.012304588015324604,0.015579223601244734,0.11757486077063632,0.1333219975178157
1061,1,1060,expanding,band_ge3,1060,467,0.44079481350704647,0.45291992938050796,0,0.19430006761471189,0.20513646243004433,0.5812388132612103,0.6031601058843978
1061,761,1060,rolling300,band_ge3,300,118,0.39705749558628173,0.45291992938050796,0,0.15765465480125013,0.20513646243004433,0.50593343603196,0.6031601058843978
1061,1,1060,expanding,band_ge4,1060,60,0.05678297529309063,0.06628066582689385,0,0.0032243062831357407,0.004393126662456374,0.05845887997816192,0.0685793846560867
1061,761,1060,rolling300,band_ge4,300,12,0.041642541614180864,0.06628066582689385,0,0.001734101272088785,0.004393126662456374,0.04253444076784371,0.0685793846560867
1061,1,1060,expanding,odd_imbalance,1060,187,0.17660745922704707,0.18680279826054075,0,0.031190194654633092,0.034895285437968285,0.19432222874377506,0.20678163828224355
1061,761,1060,rolling300,odd_imbalance,300,62,0.20542517489128378,0.18680279826054075,0,0.04219950247911453,0.034895285437968285,0.22994811857432104,0.20678163828224355
1061,1,1060,expanding,low_high_imbalance,1060,207,0.1951259777455656,0.18680279826054075,1,0.6478221917000317,0.6612896889168869,1.6341098892913664,1.677701773318112
1061,761,1060,rolling300,low_high_imbalance,300,57,0.1898001748912838,0.18680279826054075,1,0.6564237566061942,0.6612896889168869,1.6617834713563453,1.677701773318112
1061,1,1060,expanding,repeated_end,1060,830,0.7831535197294319,0.790290065389328,1,0.04702239600573387,0.043978256674412325,0.24442653614408727,0.2353552295330889
1061,761,1060,rolling300,repeated_end,300,240,0.799393129086833,0.790290065389328,1,0.04024311665757204,0.043978256674412325,0.22390242782962644,0.2353552295330889
1061,1,1060,expanding,end_multiplicity_ge3,1060,87,0.08221263813530783,0.08948245930662266,0,0.0067589178691670705,0.00800711052356138,0.08578954714814443,0.09374211509792349
1061,761,1060,rolling300,end_multiplicity_ge3,300,31,0.10246765370666391,0.08948245930662266,0,0.010499620056148795,0.00800711052356138,0.1081061188308866,0.09374211509792349
1061,1,1060,expanding,multiple_repeat_end_groups,1060,260,0.24492750934422325,0.22608550458805707,1,0.5701344661451181,0.5989436462087222,1.406792992446261,1.4868420123767523
1061,761,1060,rolling300,multiple_repeat_end_groups,300,80,0.26413034403675356,0.22608550458805707,1,0.5415041505674667,0.5989436462087222,1.3313125702671509,1.4868420123767523
1061,1,1060,expanding,extreme_sum,1060,137,0.12897106867139008,0.11443770825506504,0,0.016633536554240415,0.01309598907067138,0.13808008646014416,0.12153247782470628
1061,761,1060,rolling300,extreme_sum,300,36,0.11965235676594158,0.11443770825506504,0,0.014316686479644165,0.01309598907067138,0.12743840039163556,0.12153247782470628
1061,1,1060,expanding,narrow_three_span_le4,1060,262,0.24750247616573953,0.26513371294993526,0,0.061257475708172464,0.07029588574261866,0.28435757295022057,0.30806671870004826
1061,761,1060,rolling300,narrow_three_span_le4,300,67,0.22594585705937095,0.26513371294993526,0,0.05105153032229369,0.07029588574261866,0.25611345571926963,0.30806671870004826
1061,1,1060,expanding,large_gap_ge15,1060,462,0.4358664001838515,0.4367856099279809,1,0.3182467184415264,0.3172104491841965,0.8304195041864637,0.8283127993981904
1061,761,1060,rolling300,large_gap_ge15,300,134,0.4460491006204988,0.4367856099279809,1,0.30686159892335835,0.3172104491841965,0.8073262419442994,0.8283127993981904
1061,1,1060,expanding,previous_overlap_ge2,1059,202,0.1904598350483992,0.17530810086113546,1,0.655355278669865,0.6801167285052672,1.6583139462861323,1.7412102767071724
1061,761,1060,rolling300,previous_overlap_ge2,300,45,0.15158175630382095,0.17530810086113546,1,0.719813516236509,0.6801167285052672,1.886630154019245,1.7412102767071724
1062,1,1061,expanding,consecutive_ge1,1061,543,0.5120952356374905,0.5287474862063631,1,0.23805105908763594,0.2220789317568219,0.6692446641353322,0.6372443028525948
1062,762,1061,rolling300,consecutive_ge1,300,149,0.4986717178878977,0.5287474862063631,1,0.2513300464454717,0.2220789317568219,0.6958072797127864,0.6372443028525948
1062,1,1061,expanding,consecutive_ge2,1061,134,0.12626858020531975,0.12481676009753151,1,0.7634065939364278,0.7659457034061817,2.0693440517119748,2.0809085364103663
1062,762,1061,rolling300,consecutive_ge2,300,33,0.11092604750609572,0.12481676009753151,1,0.7904524930031332,0.7659457034061817,2.198891538389242,2.0809085364103663
1062,1,1061,expanding,band_ge3,1061,467,0.44038704772211856,0.45291992938050796,1,0.3131666563571664,0.2992966036690284,0.8201012848246887,0.7920399254567645
1062,762,1061,rolling300,band_ge3,300,118,0.39705749558628173,0.45291992938050796,1,0.3635396636286866,0.2992966036690284,0.9236741836267348,0.7920399254567645
1062,1,1061,expanding,band_ge4,1061,60,0.056730447101330135,0.06628066582689385,0,0.003218343628316817,0.004393126662456374,0.05840319106693655,0.0685793846560867
1062,762,1061,rolling300,band_ge4,300,12,0.041642541614180864,0.06628066582689385,0,0.001734101272088785,0.004393126662456374,0.04253444076784371,0.0685793846560867
1062,1,1061,expanding,odd_imbalance,1061,187,0.1764440850742006,0.18680279826054075,0,0.031132515157671736,0.034895285437968285,0.19412383254890087,0.20678163828224355
1062,762,1061,rolling300,odd_imbalance,300,62,0.20542517489128378,0.18680279826054075,0,0.04219950247911453,0.034895285437968285,0.22994811857432104,0.20678163828224355
1062,1,1061,expanding,low_high_imbalance,1061,208,0.1958705420584744,0.18680279826054075,1,0.6466241851293317,0.6612896889168869,1.6303013376793065,1.677701773318112
1062,762,1061,rolling300,low_high_imbalance,300,58,0.1929251748912838,0.18680279826054075,1,0.6513697733242648,0.6612896889168869,1.6454528601141498,1.677701773318112
1062,1,1061,expanding,repeated_end,1061,831,0.7833541177685351,0.790290065389328,1,0.04693543828784974,0.043978256674412325,0.24417042754251023,0.2353552295330889
1062,762,1061,rolling300,repeated_end,300,240,0.799393129086833,0.790290065389328,1,0.04024311665757204,0.043978256674412325,0.22390242782962644,0.2353552295330889
1062,1,1061,expanding,end_multiplicity_ge3,1061,87,0.0821365857411031,0.08948245930662266,0,0.00674641871720558,0.00800711052356138,0.08570668564176473,0.09374211509792349
1062,762,1061,rolling300,end_multiplicity_ge3,300,31,0.10246765370666391,0.08948245930662266,0,0.010499620056148795,0.00800711052356138,0.1081061188308866,0.09374211509792349
1062,1,1061,expanding,multiple_repeat_end_groups,1061,261,0.24562600378516292,0.22608550458805707,1,0.5690801261651429,0.5989436462087222,1.40394520970981,1.4868420123767523
1062,762,1061,rolling300,multiple_repeat_end_groups,300,81,0.26725534403675355,0.22608550458805707,1,0.5369147308426964,0.5989436462087222,1.3195507328811975,1.4868420123767523
1062,1,1061,expanding,extreme_sum,1061,137,0.12885176148483007,0.11443770825506504,1,0.7588992534680833,0.7842205725605412,2.049092671159745,2.167724636734186
1062,762,1061,rolling300,extreme_sum,300,36,0.11965235676594158,0.11443770825506504,1,0.775011972947761,0.7842205725605412,2.1231647676554934,2.167724636734186
1062,1,1061,expanding,narrow_three_span_le4,1061,262,0.24727351920351406,0.26513371294993526,0,0.06114419329929064,0.07029588574261866,0.28405335648371877,0.30806671870004826
1062,762,1061,rolling300,narrow_three_span_le4,300,67,0.22594585705937095,0.26513371294993526,0,0.05105153032229369,0.07029588574261866,0.25611345571926963,0.30806671870004826
1062,1,1061,expanding,large_gap_ge15,1061,463,0.4363882629033854,0.4367856099279809,0,0.19043471599983422,0.19078166904015828,0.5733896739498006,0.574094923910703
1062,762,1061,rolling300,large_gap_ge15,300,134,0.4460491006204988,0.4367856099279809,0,0.19895980016435585,0.19078166904015828,0.5906792254415385,0.574094923910703
1062,1,1061,expanding,previous_overlap_ge2,1060,203,0.19120940927520622,0.17530810086113546,0,0.03656103819537332,0.030732930227538046,0.21221524496768876,0.19274541798861644
1062,762,1061,rolling300,previous_overlap_ge2,300,46,0.15470675630382097,0.17530810086113546,0,0.02393418044604985,0.030732930227538046,0.16807167786734487,0.19274541798861644
1063,1,1062,expanding,consecutive_ge1,1062,544,0.5125461642552007,0.5287474862063631,1,0.23761124198231776,0.2220789317568219,0.6683644954307131,0.6372443028525948
1063,763,1062,rolling300,consecutive_ge1,300,150,0.5017967178878977,0.5287474862063631,1,0.24820651030727098,0.2220789317568219,0.6895601857489702,0.6372443028525948
1063,1,1062,expanding,consecutive_ge2,1062,135,0.12707609538073072,0.12481676009753151,1,0.7619961432557512,0.7659457034061817,2.062969195731723,2.0809085364103663
1063,763,1062,rolling300,consecutive_ge2,300,34,0.11405104750609571,0.12481676009753151,1,0.7849055464250463,0.7659457034061817,2.1711091456722986,2.0809085364103663
1063,1,1062,expanding,band_ge3,1062,468,0.44090425008097056,0.45291992938050796,1,0.3125880575775219,0.2992966036690284,0.8189275471070493,0.7920399254567645
1063,763,1062,rolling300,band_ge3,300,119,0.4001824955862817,0.45291992938050796,1,0.35978103860110094,0.2992966036690284,0.9158345969538025,0.7920399254567645
1063,1,1062,expanding,band_ge4,1062,60,0.05667801600419397,0.06628066582689385,0,0.0032123974981716676,0.004393126662456374,0.05834760818518997,0.0685793846560867
1063,763,1062,rolling300,band_ge4,300,12,0.041642541614180864,0.06628066582689385,0,0.001734101272088785,0.004393126662456374,0.04253444076784371,0.0685793846560867
1063,1,1062,expanding,odd_imbalance,1062,187,0.1762810129068492,0.18680279826054075,0,0.031074995511464733,0.034895285437968285,0.19392584231948098,0.20678163828224355
1063,763,1062,rolling300,odd_imbalance,300,62,0.20542517489128378,0.18680279826054075,0,0.04219950247911453,0.034895285437968285,0.22994811857432104,0.20678163828224355
1063,1,1062,expanding,low_high_imbalance,1062,209,0.19661373009723737,0.18680279826054075,0,0.03865695886274931,0.034895285437968285,0.21891964719208382,0.20678163828224355
1063,763,1062,rolling300,low_high_imbalance,300,59,0.1960501748912838,0.18680279826054075,0,0.03843567107490296,0.034895285437968285,0.21821841833174108,0.20678163828224355
1063,1,1062,expanding,repeated_end,1062,832,0.7835543450164385,0.790290065389328,1,0.04684872156126294,0.043978256674412325,0.24391485773259636,0.2353552295330889
1063,763,1062,rolling300,repeated_end,300,240,0.799393129086833,0.790290065389328,1,0.04024311665757204,0.043978256674412325,0.22390242782962644,0.2353552295330889
1063,1,1062,expanding,end_multiplicity_ge3,1062,87,0.08206067392433683,0.08948245930662266,0,0.006733954204916334,0.00800711052356138,0.0856239841454202,0.09374211509792349
1063,763,1062,rolling300,end_multiplicity_ge3,300,30,0.09934265370666392,0.08948245930662266,0,0.009868962845482148,0.00800711052356138,0.10463039748860294,0.09374211509792349
1063,1,1062,expanding,multiple_repeat_end_groups,1062,262,0.24632320710883654,0.22608550458805707,0,0.06067512236038278,0.05111465538483637,0.2827916595167223,0.25629388253878654
1063,763,1062,rolling300,multiple_repeat_end_groups,300,82,0.27038034403675354,0.22608550458805707,0,0.07310553044143321,0.05111465538483637,0.3152318998458119,0.25629388253878654
1063,1,1062,expanding,extreme_sum,1062,138,0.12965688924685886,0.11443770825506504,0,0.016810908929172225,0.01309598907067138,0.1388677649049042,0.12153247782470628
1063,763,1062,rolling300,extreme_sum,300,37,0.12277735676594156,0.11443770825506504,0,0.015074279334431296,0.01309598907067138,0.1309944496912338,0.12153247782470628
1063,1,1062,expanding,narrow_three_span_le4,1062,262,0.24704498545193965,0.26513371294993526,1,0.5669412539330698,0.5400284598427482,1.3981848316015415,1.3275210030826026
1063,763,1062,rolling300,narrow_three_span_le4,300,67,0.22594585705937095,0.26513371294993526,1,0.5991598162035517,0.5400284598427482,1.4874598789452125,1.3275210030826026
1063,1,1062,expanding,large_gap_ge15,1062,463,0.43598494657907544,0.4367856099279809,1,0.3181129804854083,0.3172104491841965,0.8301475624239266,0.8283127993981904
1063,763,1062,rolling300,large_gap_ge15,300,133,0.4429241006204988,0.4367856099279809,1,0.3103335576694801,0.3172104491841965,0.8143568540435037,0.8283127993981904
1063,1,1062,expanding,previous_overlap_ge2,1061,203,0.19103252730547893,0.17530810086113546,0,0.036493426488718554,0.030732930227538046,0.21199656953724977,0.19274541798861644
1063,763,1062,rolling300,previous_overlap_ge2,300,46,0.15470675630382097,0.17530810086113546,0,0.02393418044604985,0.030732930227538046,0.16807167786734487,0.19274541798861644
1064,1,1063,expanding,consecutive_ge1,1063,545,0.5129962601330815,0.5287474862063631,0,0.26316516291052827,0.2795739041695482,0.7194834765308438,0.7523612059240392
1064,764,1063,rolling300,consecutive_ge1,300,151,0.5049217178878977,0.5287474862063631,0,0.2549459411948658,0.2795739041695482,0.703039383236142,0.7523612059240392
1064,1,1063,expanding,consecutive_ge2,1063,136,0.12788211930004675,0.12481676009753151,0,0.01635383643667139,0.015579223601244734,0.13683067992079284,0.1333219975178157
1064,764,1063,rolling300,consecutive_ge2,300,35,0.11717604750609571,0.12481676009753151,0,0.0137302261091508,0.015579223601244734,0.12462947255496382,0.1333219975178157
1064,1,1063,expanding,band_ge3,1063,469,0.4414204973108127,0.45291992938050796,1,0.3120110608244998,0.2992966036690284,0.8177573491945935,0.7920399254567645
1064,764,1063,rolling300,band_ge3,300,120,0.40330749558628176,0.45291992938050796,1,0.35604194482351514,0.2992966036690284,0.9080559916413032,0.7920399254567645
1064,1,1063,expanding,band_ge4,1063,60,0.05662568173272196,0.06628066582689385,0,0.0032064678316955212,0.004393126662456374,0.058292131030310675,0.0685793846560867
1064,764,1063,rolling300,band_ge4,300,12,0.041642541614180864,0.06628066582689385,0,0.001734101272088785,0.004393126662456374,0.04253444076784371,0.0685793846560867
1064,1,1063,expanding,odd_imbalance,1063,187,0.17611824188846797,0.18680279826054075,0,0.031017635125884915,0.034895285437968285,0.19372825680686875,0.20678163828224355
1064,764,1063,rolling300,odd_imbalance,300,62,0.20542517489128378,0.18680279826054075,0,0.04219950247911453,0.034895285437968285,0.22994811857432104,0.20678163828224355
1064,1,1063,expanding,low_high_imbalance,1063,209,0.19643218464008386,0.18680279826054075,1,0.6457212338823083,0.6612896889168869,1.62743802357462,1.677701773318112
1064,764,1063,rolling300,low_high_imbalance,300,59,0.1960501748912838,0.18680279826054075,1,0.6463353212923355,0.6612896889168869,1.6293846581692961,1.677701773318112
1064,1,1063,expanding,repeated_end,1063,833,0.7837542025002645,0.790290065389328,0,0.6142706499368257,0.6245583874530684,1.5313395668862164,1.5620299668475026
1064,764,1063,rolling300,repeated_end,300,240,0.799393129086833,0.790290065389328,0,0.6390293748312381,0.6245583874530684,1.606408152230478,1.5620299668475026
1064,1,1063,expanding,end_multiplicity_ge3,1063,87,0.08198490229559784,0.08948245930662266,0,0.006721524204418724,0.00800711052356138,0.08554144219579385,0.09374211509792349
1064,764,1063,rolling300,end_multiplicity_ge3,300,30,0.09934265370666392,0.08948245930662266,0,0.009868962845482148,0.00800711052356138,0.10463039748860294,0.09374211509792349
1064,1,1063,expanding,multiple_repeat_end_groups,1063,262,0.24609576185758184,0.22608550458805707,0,0.06056312400426363,0.05111465538483637,0.28248992415617,0.25629388253878654
1064,764,1063,rolling300,multiple_repeat_end_groups,300,82,0.27038034403675354,0.22608550458805707,0,0.07310553044143321,0.05111465538483637,0.3152318998458119,0.25629388253878654
1064,1,1063,expanding,extreme_sum,1063,138,0.12953716912751737,0.11443770825506504,0,0.01677987818557104,0.01309598907067138,0.13873021928115892,0.12153247782470628
1064,764,1063,rolling300,extreme_sum,300,37,0.12277735676594156,0.11443770825506504,0,0.015074279334431296,0.01309598907067138,0.1309944496912338,0.12153247782470628
1064,1,1063,expanding,narrow_three_span_le4,1063,263,0.24774023477285198,0.26513371294993526,0,0.061375223925307816,0.07029588574261866,0.2846735821974519,0.30806671870004826
1064,764,1063,rolling300,narrow_three_span_le4,300,68,0.22907085705937097,0.26513371294993526,0,0.05247345755391477,0.07029588574261866,0.2601588124428692,0.30806671870004826
1064,1,1063,expanding,large_gap_ge15,1063,464,0.43650573610208643,0.4367856099279809,0,0.19053725765002433,0.19078166904015828,0.5735981249721938,0.574094923910703
1064,764,1063,rolling300,large_gap_ge15,300,133,0.4429241006204988,0.4367856099279809,0,0.19618175891047776,0.19078166904015828,0.585053783742875,0.574094923910703
1064,1,1063,expanding,previous_overlap_ge2,1062,203,0.19085597228948495,0.17530810086113546,1,0.6547140575795948,0.6801167285052672,1.656236207173444,1.7412102767071724
1064,764,1063,rolling300,previous_overlap_ge2,300,46,0.15470675630382097,0.17530810086113546,1,0.714520667838408,0.6801167285052672,1.8662238487703484,1.7412102767071724
1065,1,1064,expanding,consecutive_ge1,1064,545,0.5125230163506709,0.5287474862063631,1,0.2376338095878483,0.2220789317568219,0.668409659025467,0.6372443028525948
1065,765,1064,rolling300,consecutive_ge1,300,151,0.5049217178878977,0.5287474862063631,1,0.2451025054190703,0.2220789317568219,0.6833518758060728,0.6372443028525948
1065,1,1064,expanding,consecutive_ge2,1064,136,0.12776414686526813,0.12481676009753151,0,0.016323677224209805,0.015579223601244734,0.13669541786623335,0.1333219975178157
1065,765,1064,rolling300,consecutive_ge2,300,35,0.11717604750609571,0.12481676009753151,0,0.0137302261091508,0.015579223601244734,0.12462947255496382,0.1333219975178157
1065,1,1064,expanding,band_ge3,1064,470,0.4419357920549909,0.45291992938050796,0,0.19530724429927215,0.20513646243004433,0.5832812552188323,0.6031601058843978
1065,765,1064,rolling300,band_ge3,300,120,0.40330749558628176,0.45291992938050796,0,0.1626569359960787,0.20513646243004433,0.5163533662663363,0.6031601058843978
1065,1,1064,expanding,band_ge4,1064,60,0.05657344401894638,0.06628066582689385,0,0.0032005545681648598,0.004393126662456374,0.05823675930083788,0.0685793846560867
1065,765,1064,rolling300,band_ge4,300,12,0.041642541614180864,0.06628066582689385,0,0.001734101272088785,0.004393126662456374,0.04253444076784371,0.0685793846560867
1065,1,1064,expanding,odd_imbalance,1064,187,0.17595577118561884,0.18680279826054075,0,0.03096043341352585,0.034895285437968285,0.19353107476754836,0.20678163828224355
1065,765,1064,rolling300,odd_imbalance,300,62,0.20542517489128378,0.18680279826054075,0,0.04219950247911453,0.034895285437968285,0.22994811857432104,0.20678163828224355
1065,1,1064,expanding,low_high_imbalance,1064,210,0.19717348336274063,0.18680279826054075,0,0.03887738254139696,0.034895285437968285,0.21961663241453272,0.20678163828224355
1065,765,1064,rolling300,low_high_imbalance,300,60,0.1991751748912838,0.18680279826054075,0,0.03967075029297349,0.034895285437968285,0.22211305107611848,0.20678163828224355
1065,1,1064,expanding,repeated_end,1064,833,0.7830311820182533,0.790290065389328,1,0.04707546797639634,0.043978256674412325,0.2445827600061783,0.2353552295330889
1065,765,1064,rolling300,repeated_end,300,239,0.796268129086833,0.790290065389328,1,0.04150667522577935,0.043978256674412325,0.22781930427101818,0.2353552295330889
1065,1,1064,expanding,end_multiplicity_ge3,1064,87,0.08190927046691185,0.08948245930662266,0,0.006709128588421718,0.00800711052356138,0.08545905933135674,0.09374211509792349
1065,765,1064,rolling300,end_multiplicity_ge3,300,30,0.09934265370666392,0.08948245930662266,0,0.009868962845482148,0.00800711052356138,0.10463039748860294,0.09374211509792349
1065,1,1064,expanding,multiple_repeat_end_groups,1064,262,0.2458687362470121,0.22608550458805707,0,0.0604514354637028,0.05111465538483637,0.2821888362679877,0.25629388253878654
1065,765,1064,rolling300,multiple_repeat_end_groups,300,82,0.27038034403675354,0.22608550458805707,0,0.07310553044143321,0.05111465538483637,0.3152318998458119,0.25629388253878654
1065,1,1064,expanding,extreme_sum,1064,138,0.12941766989400488,0.11443770825506504,0,0.016748933280793618,0.01309598907067138,0.13859294629550814,0.12153247782470628
1065,765,1064,rolling300,extreme_sum,300,37,0.12277735676594156,0.11443770825506504,0,0.015074279334431296,0.01309598907067138,0.1309944496912338,0.12153247782470628
1065,1,1064,expanding,narrow_three_span_le4,1064,263,0.2475116921208475,0.26513371294993526,0,0.06126203773652521,0.07029588574261866,0.2843698201819406,0.30806671870004826
1065,765,1064,rolling300,narrow_three_span_le4,300,68,0.22907085705937097,0.26513371294993526,0,0.05247345755391477,0.07029588574261866,0.2601588124428692,0.30806671870004826
1065,1,1064,expanding,large_gap_ge15,1064,464,0.4361030555337266,0.4367856099279809,1,0.3179797639783994,0.3172104491841965,0.8298766976600791,0.8283127993981904
1065,765,1064,rolling300,large_gap_ge15,300,132,0.43979910062049876,0.4367856099279809,1,0.3138250476656021,0.3172104491841965,0.8214372458374217,0.8283127993981904
1065,1,1064,expanding,previous_overlap_ge2,1063,204,0.19160310435569966,0.17530810086113546,1,0.6535055408873419,0.6801167285052672,1.6523292113026258,1.7412102767071724
1065,765,1064,rolling300,previous_overlap_ge2,300,47,0.15783175630382096,0.17530810086113546,1,0.7092473506903069,0.6801167285052672,1.8462256468132863,1.7412102767071724
1066,1,1065,expanding,consecutive_ge1,1065,546,0.5129723038932048,0.5287474862063631,0,0.26314058456150247,0.2795739041695482,0.7194342866607908,0.7523612059240392
1066,766,1065,rolling300,consecutive_ge1,300,151,0.5049217178878977,0.5287474862063631,0,0.2549459411948658,0.2795739041695482,0.703039383236142,0.7523612059240392
1066,1,1065,expanding,consecutive_ge2,1065,136,0.12764639189119875,0.12481676009753151,0,0.01629360136284149,0.015579223601244734,0.1365604233854524,0.1333219975178157
1066,766,1065,rolling300,consecutive_ge2,300,35,0.11717604750609571,0.12481676009753151,0,0.0137302261091508,0.015579223601244734,0.12462947255496382,0.1333219975178157
1066,1,1065,expanding,band_ge3,1065,470,0.44152847796093103,0.45291992938050796,1,0.3118904409286344,0.2992966036690284,0.8175127582755691,0.7920399254567645
1066,766,1065,rolling300,band_ge3,300,119,0.4001824955862817,0.45291992938050796,1,0.35978103860110094,0.2992966036690284,0.9158345969538025,0.7920399254567645
1066,1,1065,expanding,band_ge4,1065,60,0.056521302595887446,0.06628066582689385,0,0.003194657647135873,0.004393126662456374,0.058181492696456345,0.0685793846560867
1066,766,1065,rolling300,band_ge4,300,12,0.041642541614180864,0.06628066582689385,0,0.001734101272088785,0.004393126662456374,0.04253444076784371,0.0685793846560867
1066,1,1065,expanding,odd_imbalance,1065,187,0.17579359996793625,0.18680279826054075,0,0.0309033897896868,0.034895285437968285,0.19333429496310894,0.20678163828224355
1066,766,1065,rolling300,odd_imbalance,300,62,0.20542517489128378,0.18680279826054075,0,0.04219950247911453,0.034895285437968285,0.22994811857432104,0.20678163828224355
1066,1,1065,expanding,low_high_imbalance,1065,210,0.1969917566499639,0.18680279826054075,1,0.6448222388881107,0.6612896889168869,1.6245933955360774,1.677701773318112
1066,766,1065,rolling300,low_high_imbalance,300,60,0.1991751748912838,0.18680279826054075,1,0.641320400510406,0.6612896889168869,1.6135705656376,1.677701773318112
1066,1,1065,expanding,repeated_end,1065,834,0.7832311532790659,0.790290065389328,1,0.046988732908723824,0.043978256674412325,0.24432741164288996,0.2353552295330889
1066,766,1065,rolling300,repeated_end,300,239,0.796268129086833,0.790290065389328,1,0.04150667522577935,0.043978256674412325,0.22781930427101818,0.2353552295330889
1066,1,1065,expanding,end_multiplicity_ge3,1065,87,0.08183377805173497,0.08948245930662266,0,0.0066967672302206205,0.00800711052356138,0.08537683509235953,0.09374211509792349
1066,766,1065,rolling300,end_multiplicity_ge3,300,30,0.09934265370666392,0.08948245930662266,0,0.009868962845482148,0.00800711052356138,0.10463039748860294,0.09374211509792349
1066,1,1065,expanding,multiple_repeat_end_groups,1065,262,0.24564212911683053,0.22608550458805707,1,0.5690557973633886,0.5989436462087222,1.403879561927699,1.4868420123767523
1066,766,1065,rolling300,multiple_repeat_end_groups,300,81,0.26725534403675355,0.22608550458805707,1,0.5369147308426964,0.5989436462087222,1.3195507328811975,1.4868420123767523
1066,1,1065,expanding,extreme_sum,1065,138,0.12929839093557724,0.11443770825506504,0,0.016718073898529362,0.01309598907067138,0.13845594513684478,0.12153247782470628
1066,766,1065,rolling300,extreme_sum,300,37,0.12277735676594156,0.11443770825506504,0,0.015074279334431296,0.01309598907067138,0.1309944496912338,0.12153247782470628
1066,1,1065,expanding,narrow_three_span_le4,1065,263,0.24728357074562093,0.26513371294993526,0,0.061149164360704514,0.07029588574261866,0.28406671008489476,0.30806671870004826
1066,766,1065,rolling300,narrow_three_span_le4,300,68,0.22907085705937097,0.26513371294993526,0,0.05247345755391477,0.07029588574261866,0.2601588124428692,0.30806671870004826
1066,1,1065,expanding,large_gap_ge15,1065,465,0.4366227762198706,0.4367856099279809,0,0.19063944871394722,0.19078166904015828,0.5738058507323801,0.574094923910703
1066,766,1065,rolling300,large_gap_ge15,300,132,0.43979910062049876,0.4367856099279809,0,0.1934232489065996,0.19078166904015828,0.5794598106959731,0.574094923910703
1066,1,1065,expanding,previous_overlap_ge2,1064,205,0.19234885794946746,0.17530810086113546,1,0.6523003672555295,0.6801167285052672,1.6484445871580098,1.7412102767071724
1066,766,1065,rolling300,previous_overlap_ge2,300,48,0.16095675630382095,0.17530810086113546,1,0.7039935647922057,0.6801167285052672,1.8266195444618119,1.7412102767071724
1067,1,1066,expanding,consecutive_ge1,1066,546,0.5124999537054579,0.5287474862063631,0,0.26265620254809646,0.2795739041695482,0.7184648935810763,0.7523612059240392
1067,767,1066,rolling300,consecutive_ge1,300,150,0.5017967178878977,0.5287474862063631,0,0.2517999460830664,0.2795739041695482,0.6967470882349659,0.7523612059240392
1067,1,1066,expanding,consecutive_ge2,1066,136,0.12752885377711845,0.12481676009753151,0,0.01626360854570566,0.015579223601244734,0.13642569568404134,0.1333219975178157
1067,767,1066,rolling300,consecutive_ge2,300,35,0.11717604750609571,0.12481676009753151,0,0.0137302261091508,0.015579223601244734,0.12462947255496382,0.1333219975178157
1067,1,1066,expanding,band_ge3,1066,471,0.4420427242979836,0.45291992938050796,0,0.19540177010478313,0.20513646243004433,0.583472886374481,0.6031601058843978
1067,767,1066,rolling300,band_ge3,300,119,0.4001824955862817,0.45291992938050796,0,0.16014602977366438,0.20513646243004433,0.511129829342285,0.6031601058843978
1067,1,1066,expanding,band_ge4,1066,60,0.05646925719754869,0.06628066582689385,0,0.003188777008442904,0.004393126662456374,0.0581263309179903,0.0685793846560867
1067,767,1066,rolling300,band_ge4,300,12,0.041642541614180864,0.06628066582689385,0,0.001734101272088785,0.004393126662456374,0.04253444076784371,0.0685793846560867
1067,1,1066,expanding,odd_imbalance,1066,187,0.1756317274081131,0.18680279826054075,0,0.030846503672357743,0.034895285437968285,0.19313791616021758,0.20678163828224355
1067,767,1066,rolling300,odd_imbalance,300,62,0.20542517489128378,0.18680279826054075,0,0.04219950247911453,0.034895285437968285,0.22994811857432104,0.20678163828224355
1067,1,1066,expanding,low_high_imbalance,1066,211,0.19773117492192524,0.18680279826054075,0,0.039097617536005,0.034895285437968285,0.22031153391618494,0.20678163828224355
1067,767,1066,rolling300,low_high_imbalance,300,60,0.1991751748912838,0.18680279826054075,0,0.03967075029297349,0.034895285437968285,0.22211305107611848,0.20678163828224355
1067,1,1066,expanding,repeated_end,1066,835,0.78343075626868,0.790290065389328,1,0.0469022373303559,0.043978256674412325,0.2440725985406148,0.2353552295330889
1067,767,1066,rolling300,repeated_end,300,239,0.796268129086833,0.790290065389328,1,0.04150667522577935,0.043978256674412325,0.22781930427101818,0.2353552295330889
1067,1,1066,expanding,end_multiplicity_ge3,1066,87,0.08175842466494701,0.08948245930662266,0,0.006684440003693816,0.00800711052356138,0.08529476902082384,0.09374211509792349
1067,767,1066,rolling300,end_multiplicity_ge3,300,30,0.09934265370666392,0.08948245930662266,0,0.009868962845482148,0.00800711052356138,0.10463039748860294,0.09374211509792349
1067,1,1066,expanding,multiple_repeat_end_groups,1066,263,0.24633674962408944,0.22608550458805707,0,0.06068179421536133,0.05111465538483637,0.2828096282760792,0.25629388253878654
1067,767,1066,rolling300,multiple_repeat_end_groups,300,82,0.27038034403675354,0.22608550458805707,0,0.07310553044143321,0.05111465538483637,0.3152318998458119,0.25629388253878654
1067,1,1066,expanding,extreme_sum,1066,138,0.12917933164373968,0.11443770825506504,0,0.016687299723923285,0.01309598907067138,0.1383192149972805,0.12153247782470628
1067,767,1066,rolling300,extreme_sum,300,36,0.11965235676594158,0.11443770825506504,0,0.014316686479644165,0.01309598907067138,0.12743840039163556,0.12153247782470628
1067,1,1066,expanding,narrow_three_span_le4,1066,263,0.24705586948342423,0.26513371294993526,0,0.06103660264621075,0.07029588574261866,0.2837642497960136,0.30806671870004826
1067,767,1066,rolling300,narrow_three_span_le4,300,68,0.22907085705937097,0.26513371294993526,0,0.05247345755391477,0.07029588574261866,0.2601588124428692,0.30806671870004826
1067,1,1066,expanding,large_gap_ge15,1066,465,0.4362207294646037,0.4367856099279809,0,0.190288524814631,0.19078166904015828,0.5730924683860151,0.574094923910703
1067,767,1066,rolling300,large_gap_ge15,300,131,0.4366741006204988,0.4367856099279809,0,0.1906842701527215,0.19078166904015828,0.5738969561879498,0.574094923910703
1067,1,1066,expanding,previous_overlap_ge2,1065,206,0.19309323688223293,0.17530810086113546,0,0.03728499812965812,0.030732930227538046,0.2145471525569433,0.19274541798861644
1067,767,1066,rolling300,previous_overlap_ge2,300,49,0.16408175630382096,0.17530810086113546,0,0.02692282275174649,0.030732930227538046,0.17922446530143663,0.19274541798861644
1068,1,1067,expanding,consecutive_ge1,1067,546,0.5120284726072928,0.5287474862063631,0,0.2621731567605572,0.2795739041695482,0.7174982203379027,0.7523612059240392
1068,768,1067,rolling300,consecutive_ge1,300,150,0.5017967178878977,0.5287474862063631,0,0.2517999460830664,0.2795739041695482,0.6967470882349659,0.7523612059240392
1068,1,1067,expanding,consecutive_ge2,1067,136,0.12741153192451762,0.12481676009753151,0,0.016233698467352373,0.015579223601244734,0.13629123397073792,0.1333219975178157
1068,768,1067,rolling300,consecutive_ge2,300,35,0.11717604750609571,0.12481676009753151,0,0.0137302261091508,0.015579223601244734,0.12462947255496382,0.1333219975178157
1068,1,1067,expanding,band_ge3,1067,471,0.441636061258151,0.45291992938050796,0,0.19504241060361333,0.20513646243004433,0.5827443092363602,0.6031601058843978
1068,768,1067,rolling300,band_ge3,300,119,0.4001824955862817,0.45291992938050796,0,0.16014602977366438,0.20513646243004433,0.511129829342285,0.6031601058843978
1068,1,1067,expanding,band_ge4,1067,60,0.056417307558912486,0.06628066582689385,0,0.003182912592196924,0.004393126662456374,0.05807127366739888,0.0685793846560867
1068,768,1067,rolling300,band_ge4,300,12,0.041642541614180864,0.06628066582689385,0,0.001734101272088785,0.004393126662456374,0.04253444076784371,0.0685793846560867
1068,1,1067,expanding,odd_imbalance,1067,187,0.17547015268188668,0.18680279826054075,0,0.030789774482204622,0.034895285437968285,0.19294193713059468,0.20678163828224355
1068,768,1067,rolling300,odd_imbalance,300,62,0.20542517489128378,0.18680279826054075,0,0.04219950247911453,0.034895285437968285,0.22994811857432104,0.20678163828224355
1068,1,1067,expanding,low_high_imbalance,1067,211,0.19754926951721327,0.18680279826054075,0,0.039025713886784566,0.034895285437968285,0.22008482089974446,0.20678163828224355
1068,768,1067,rolling300,low_high_imbalance,300,60,0.1991751748912838,0.18680279826054075,0,0.03967075029297349,0.034895285437968285,0.22211305107611848,0.20678163828224355
1068,1,1067,expanding,repeated_end,1067,836,0.7836299920034835,0.790290065389328,0,0.6140759643673795,0.6245583874530684,1.5307653368251968,1.5620299668475026
1068,768,1067,rolling300,repeated_end,300,239,0.796268129086833,0.790290065389328,0,0.6340429333994453,0.6245583874530684,1.5909505079331538,1.5620299668475026
1068,1,1067,expanding,end_multiplicity_ge3,1067,87,0.08168320992284495,0.08948245930662266,0,0.006672146783299555,0.00800711052356138,0.08521286066053363,0.09374211509792349
1068,768,1067,rolling300,end_multiplicity_ge3,300,30,0.09934265370666392,0.08948245930662266,0,0.009868962845482148,0.00800711052356138,0.10463039748860294,0.09374211509792349
1068,1,1067,expanding,multiple_repeat_end_groups,1067,263,0.24611012887926506,0.22608550458805707,0,0.060570195536968456,0.05111465538483637,0.2825089811634834,0.25629388253878654
1068,768,1067,rolling300,multiple_repeat_end_groups,300,82,0.27038034403675354,0.22608550458805707,0,0.07310553044143321,0.05111465538483637,0.3152318998458119,0.25629388253878654
1068,1,1067,expanding,extreme_sum,1067,138,0.1290604914122367,0.11443770825506504,0,0.01665661044356802,0.01309598907067138,0.13818275507213051,0.12153247782470628
1068,768,1067,rolling300,extreme_sum,300,36,0.11965235676594158,0.11443770825506504,0,0.014316686479644165,0.01309598907067138,0.12743840039163556,0.12153247782470628
1068,1,1067,expanding,narrow_three_span_le4,1067,263,0.2468285871747918,0.26513371294993526,0,0.0609243514467038,0.07029588574261866,0.28346243721415376,0.30806671870004826
1068,768,1067,rolling300,narrow_three_span_le4,300,68,0.22907085705937097,0.26513371294993526,0,0.05247345755391477,0.07029588574261866,0.2601588124428692,0.30806671870004826
1068,1,1067,expanding,large_gap_ge15,1067,465,0.43581942244577704,0.4367856099279809,0,0.18993856898097067,0.19078166904015828,0.5723809057600248,0.574094923910703
1068,768,1067,rolling300,large_gap_ge15,300,131,0.4366741006204988,0.4367856099279809,0,0.1906842701527215,0.19078166904015828,0.5738969561879498,0.574094923910703
1068,1,1067,expanding,previous_overlap_ge2,1066,206,0.19291543463832664,0.17530810086113546,1,0.6513854956450412,0.6801167285052672,1.6455033485942043,1.7412102767071724
1068,768,1067,rolling300,previous_overlap_ge2,300,49,0.16408175630382096,0.17530810086113546,1,0.6987593101441046,0.6801167285052672,1.8073904613270968,1.7412102767071724
1069,1,1068,expanding,consecutive_ge1,1068,546,0.5115578582023228,0.5287474862063631,0,0.2616914422885478,0.2795739041695482,0.7165342550509304,0.7523612059240392
1069,769,1068,rolling300,consecutive_ge1,300,149,0.4986717178878977,0.5287474862063631,0,0.24867348222126703,0.2795739041695482,0.6904941387654845,0.7523612059240392
1069,1,1068,expanding,consecutive_ge2,1068,136,0.127294425737087,0.12481676009753151,0,0.016203870823734756,0.015579223601244734,0.13615703745741056,0.1333219975178157
1069,769,1068,rolling300,consecutive_ge2,300,35,0.11717604750609571,0.12481676009753151,0,0.0137302261091508,0.015579223601244734,0.12462947255496382,0.1333219975178157
1069,1,1068,expanding,band_ge3,1068,471,0.4412301457606711,0.45291992938050796,0,0.19468404152798308,0.20513646243004433,0.5820176003714166,0.6031601058843978
1069,769,1068,rolling300,band_ge3,300,118,0.39705749558628173,0.45291992938050796,0,0.15765465480125013,0.20513646243004433,0.50593343603196,0.6031601058843978
1069,1,1068,expanding,band_ge4,1068,60,0.056365453415935546,0.06628066582689385,0,0.0031770643387840003,0.004393126662456374,0.058016320647770084,0.0685793846560867
1069,769,1068,rolling300,band_ge4,300,12,0.041642541614180864,0.06628066582689385,0,0.001734101272088785,0.004393126662456374,0.04253444076784371,0.0685793846560867
1069,1,1068,expanding,odd_imbalance,1068,187,0.17530887496802466,0.18680279826054075,0,0.030733201642554504,0.034895285437968285,0.19274635665098644,0.20678163828224355
1069,769,1068,rolling300,odd_imbalance,300,62,0.20542517489128378,0.18680279826054075,0,0.04219950247911453,0.034895285437968285,0.22994811857432104,0.20678163828224355
1069,1,1068,expanding,low_high_imbalance,1068,211,0.1973676984974364,0.18680279826054075,0,0.03895400841017496,0.034895285437968285,0.21985857588072286,0.20678163828224355
1069,769,1068,rolling300,low_high_imbalance,300,59,0.1960501748912838,0.18680279826054075,0,0.03843567107490296,0.034895285437968285,0.21821841833174108,0.20678163828224355
1069,1,1068,expanding,repeated_end,1068,836,0.7829097438490685,0.790290065389328,1,0.04712817931567704,0.043978256674412325,0.24473785930452627,0.2353552295330889
1069,769,1068,rolling300,repeated_end,300,238,0.793143129086833,0.790290065389328,1,0.04278976504398662,0.043978256674412325,0.231751582982023,0.2353552295330889
1069,1,1068,expanding,end_multiplicity_ge3,1068,87,0.08160813344313644,0.08948245930662266,0,0.006659887444072764,0.00800711052356138,0.08513110955702667,0.09374211509792349
1069,769,1068,rolling300,end_multiplicity_ge3,300,30,0.09934265370666392,0.08948245930662266,0,0.009868962845482148,0.00800711052356138,0.10463039748860294,0.09374211509792349
1069,1,1068,expanding,multiple_repeat_end_groups,1068,263,0.2458839247166922,0.22608550458805707,1,0.5686910550006996,0.5989436462087222,1.4028957051515212,1.4868420123767523
1069,769,1068,rolling300,multiple_repeat_end_groups,300,82,0.27038034403675354,0.22608550458805707,1,0.532344842367926,0.5989436462087222,1.3079256296273014,1.4868420123767523
1069,1,1068,expanding,extreme_sum,1068,138,0.12894186963704163,0.11443770825506504,0,0.016626005745495838,0.01309598907067138,0.13804656455989797,0.12153247782470628
1069,769,1068,rolling300,extreme_sum,300,36,0.11965235676594158,0.11443770825506504,0,0.014316686479644165,0.01309598907067138,0.12743840039163556,0.12153247782470628
1069,1,1068,expanding,narrow_three_span_le4,1068,263,0.24660172266452088,0.26513371294993526,0,0.06081240962110927,0.07029588574261866,0.2831612702472788,0.30806671870004826
1069,769,1068,rolling300,narrow_three_span_le4,300,67,0.22594585705937095,0.26513371294993526,0,0.05105153032229369,0.07029588574261866,0.25611345571926963,0.30806671870004826
1069,1,1068,expanding,large_gap_ge15,1068,465,0.4354188531236761,0.4367856099279809,0,0.18958957765553744,0.19078166904015828,0.5716711557211167,0.574094923910703
1069,769,1068,rolling300,large_gap_ge15,300,130,0.4335491006204988,0.4367856099279809,0,0.18796482264884337,0.19078166904015828,0.5683648759165237,0.574094923910703
1069,1,1068,expanding,previous_overlap_ge2,1067,207,0.19365792273893534,0.17530810086113546,0,0.03750339103955945,0.030732930227538046,0.2152472130381668,0.19274541798861644
1069,769,1068,rolling300,previous_overlap_ge2,300,50,0.16720675630382095,0.17530810086113546,0,0.027958099353645367,0.030732930227538046,0.18296987447103602,0.19274541798861644
1070,1,1069,expanding,consecutive_ge1,1069,546,0.5110881081029635,0.5287474862063631,0,0.26121105424426644,0.2795739041695482,0.7155729859113213,0.7523612059240392
1070,770,1069,rolling300,consecutive_ge1,300,149,0.4986717178878977,0.5287474862063631,0,0.24867348222126703,0.2795739041695482,0.6904941387654845,0.7523612059240392
1070,1,1069,expanding,consecutive_ge2,1069,136,0.12717753462070766,0.12481676009753151,0,0.016174125312201297,0.015579223601244734,0.1360231053590434,0.1333219975178157
1070,770,1069,rolling300,consecutive_ge2,300,35,0.11717604750609571,0.12481676009753151,0,0.0137302261091508,0.015579223601244734,0.12462947255496382,0.1333219975178157
1070,1,1069,expanding,band_ge3,1069,471,0.4408249757461985,0.45291992938050796,0,0.1943266592416365,0.20513646243004433,0.5812927524115448,0.6031601058843978
1070,770,1069,rolling300,band_ge3,300,118,0.39705749558628173,0.45291992938050796,0,0.15765465480125013,0.20513646243004433,0.50593343603196,0.6031601058843978
1070,1,1069,expanding,band_ge4,1069,60,0.05631369450554442,0.06628066582689385,0,0.0031712321888637844,0.004393126662456374,0.05796147156331571,0.0685793846560867
1070,770,1069,rolling300,band_ge4,300,12,0.041642541614180864,0.06628066582689385,0,0.001734101272088785,0.004393126662456374,0.04253444076784371,0.0685793846560867
1070,1,1069,expanding,odd_imbalance,1069,187,0.17514789344831114,0.18680279826054075,0,0.03067678457938095,0.034895285437968285,0.19255117350314005,0.20678163828224355
1070,770,1069,rolling300,odd_imbalance,300,61,0.20230017489128377,0.18680279826054075,0,0.040925360761044,0.034895285437968285,0.2260229113095098,0.20678163828224355
1070,1,1069,expanding,low_high_imbalance,1069,211,0.19718646094142409,0.18680279826054075,0,0.03888250037860377,0.034895285437968285,0.21963279740573072,0.20678163828224355
1070,770,1069,rolling300,low_high_imbalance,300,59,0.1960501748912838,0.18680279826054075,0,0.03843567107490296,0.034895285437968285,0.21821841833174108,0.20678163828224355
1070,1,1069,expanding,repeated_end,1069,837,0.7831090921099968,0.790290065389328,0,0.6132598501453435,0.6245583874530684,1.5283607804695742,1.5620299668475026
1070,770,1069,rolling300,repeated_end,300,238,0.793143129086833,0.790290065389328,0,0.6290760232176527,0.6245583874530684,1.5757281697389451,1.5620299668475026
1070,1,1069,expanding,end_multiplicity_ge3,1069,87,0.08153319484493338,0.08948245930662266,0,0.00664766186162187,0.00800711052356138,0.0850495152575863,0.09374211509792349
1070,770,1069,rolling300,end_multiplicity_ge3,300,30,0.09934265370666392,0.08948245930662266,0,0.009868962845482148,0.00800711052356138,0.10463039748860294,0.09374211509792349
1070,1,1069,expanding,multiple_repeat_end_groups,1069,264,0.24657640963430774,0.22608550458805707,0,0.06079992578814593,0.05111465538483637,0.28312767234064085,0.25629388253878654
1070,770,1069,rolling300,multiple_repeat_end_groups,300,82,0.27038034403675354,0.22608550458805707,0,0.07310553044143321,0.05111465538483637,0.3152318998458119,0.25629388253878654
1070,1,1069,expanding,extreme_sum,1069,138,0.12882346571634645,0.11443770825506504,0,0.01659548531917069,0.01309598907067138,0.13791064266225683,0.12153247782470628
1070,770,1069,rolling300,extreme_sum,300,36,0.11965235676594158,0.11443770825506504,0,0.014316686479644165,0.01309598907067138,0.12743840039163556,0.12153247782470628
1070,1,1069,expanding,narrow_three_span_le4,1069,263,0.2463752748016517,0.26513371294993526,0,0.060700776033589386,0.07029588574261866,0.2828607468124105,0.30806671870004826
1070,770,1069,rolling300,narrow_three_span_le4,300,67,0.22594585705937095,0.26513371294993526,0,0.05105153032229369,0.07029588574261866,0.25611345571926963,0.30806671870004826
1070,1,1069,expanding,large_gap_ge15,1069,465,0.4350190194660786,0.4367856099279809,0,0.1892415472972285,0.19078166904015828,0.5709632111741204,0.574094923910703
1070,770,1069,rolling300,large_gap_ge15,300,129,0.4304241006204988,0.4367856099279809,0,0.18526490639496526,0.19078166904015828,0.5628632312621442,0.574094923910703
1070,1,1069,expanding,previous_overlap_ge2,1068,207,0.19347992832465324,0.17530810086113546,0,0.03743448266451296,0.030732930227538046,0.21502649434237234,0.19274541798861644
1070,770,1069,rolling300,previous_overlap_ge2,300,50,0.16720675630382095,0.17530810086113546,0,0.027958099353645367,0.030732930227538046,0.18296987447103602,0.19274541798861644
1071,1,1070,expanding,consecutive_ge1,1070,546,0.5106192199303919,0.5287474862063631,1,0.2394935479015381,0.2220789317568219,0.6721311330297005,0.6372443028525948
1071,771,1070,rolling300,consecutive_ge1,300,149,0.4986717178878977,0.5287474862063631,1,0.2513300464454717,0.2220789317568219,0.6958072797127864,0.6372443028525948
1071,1,1070,expanding,consecutive_ge2,1070,136,0.12706085798344097,0.12481676009753151,0,0.016144461631488156,0.015579223601244734,0.1358894368937201,0.1333219975178157
1071,771,1070,rolling300,consecutive_ge2,300,35,0.11717604750609571,0.12481676009753151,0,0.0137302261091508,0.015579223601244734,0.12462947255496382,0.1333219975178157
1071,1,1070,expanding,band_ge3,1070,471,0.4404205491629451,0.45291992938050796,0,0.19397026012499013,0.20513646243004433,0.5805697580282823,0.6031601058843978
1071,771,1070,rolling300,band_ge3,300,118,0.39705749558628173,0.45291992938050796,0,0.15765465480125013,0.20513646243004433,0.50593343603196,0.6031601058843978
1071,1,1070,expanding,band_ge4,1070,60,0.05626203056563108,0.06628066582689385,0,0.003165416083368006,0.004393126662456374,0.0579067261193659,0.0685793846560867
1071,771,1070,rolling300,band_ge4,300,12,0.041642541614180864,0.06628066582689385,0,0.001734101272088785,0.004393126662456374,0.04253444076784371,0.0685793846560867
1071,1,1070,expanding,odd_imbalance,1070,187,0.17498720730753287,0.18680279826054075,0,0.030620522721289484,0.034895285437968285,0.19235638647377792,0.20678163828224355
1071,771,1070,rolling300,odd_imbalance,300,60,0.1991751748912838,0.18680279826054075,0,0.03967075029297349,0.034895285437968285,0.22211305107611848,0.20678163828224355
1071,1,1070,expanding,low_high_imbalance,1070,211,0.19700555593138608,0.18680279826054075,0,0.03881118906783449,0.034895285437968285,0.21940748402741383,0.20678163828224355
1071,771,1070,rolling300,low_high_imbalance,300,59,0.1960501748912838,0.18680279826054075,0,0.03843567107490296,0.034895285437968285,0.21821841833174108,0.20678163828224355
1071,1,1070,expanding,repeated_end,1070,837,0.782390643401639,0.790290065389328,1,0.04735383207915264,0.043978256674412325,0.24540111917552296,0.2353552295330889
1071,771,1070,rolling300,repeated_end,300,237,0.790018129086833,0.790290065389328,1,0.04409238611219393,0.043978256674412325,0.23569938557319503,0.2353552295330889
1071,1,1070,expanding,end_multiplicity_ge3,1070,87,0.08145839374874536,0.08948245930662266,1,0.8437186824146348,0.829042191910316,2.5076628952383144,2.41371265830984
1071,771,1070,rolling300,end_multiplicity_ge3,300,30,0.09934265370666392,0.08948245930662266,1,0.8111836554321542,0.829042191910316,2.3091802562848147,2.41371265830984
1071,1,1070,expanding,multiple_repeat_end_groups,1070,264,0.24635019274473496,0.22608550458805707,0,0.060688417465368065,0.05111465538483637,0.2828274654739695,0.25629388253878654
1071,771,1070,rolling300,multiple_repeat_end_groups,300,81,0.26725534403675355,0.22608550458805707,0,0.0714254189162035,0.05111465538483637,0.31095799254192474,0.25629388253878654
1071,1,1070,expanding,extreme_sum,1070,138,0.12870527905055165,0.11443770825506504,0,0.01656504885548037,0.01309598907067138,0.13777498858403753,0.12153247782470628
1071,771,1070,rolling300,extreme_sum,300,36,0.11965235676594158,0.11443770825506504,0,0.014316686479644165,0.01309598907067138,0.12743840039163556,0.12153247782470628
1071,1,1070,expanding,narrow_three_span_le4,1070,263,0.24614924243944836,0.26513371294993526,0,0.06058944955351432,0.07029588574261866,0.28256086483557924,0.30806671870004826
1071,771,1070,rolling300,narrow_three_span_le4,300,67,0.22594585705937095,0.26513371294993526,0,0.05105153032229369,0.07029588574261866,0.25611345571926963,0.30806671870004826
1071,1,1070,expanding,large_gap_ge15,1070,465,0.4346199194482198,0.4367856099279809,0,0.18889447438117707,0.19078166904015828,0.570257065061728,0.574094923910703
1071,771,1070,rolling300,large_gap_ge15,300,128,0.4272991006204988,0.4367856099279809,0,0.18258452139108716,0.19078166904015828,0.5573916891636158,0.574094923910703
1071,1,1070,expanding,previous_overlap_ge2,1069,207,0.1933022608055305,0.17530810086113546,0,0.037365764032529336,0.030732930227538046,0.2148062295788123,0.19274541798861644
1071,771,1070,rolling300,previous_overlap_ge2,300,50,0.16720675630382095,0.17530810086113546,0,0.027958099353645367,0.030732930227538046,0.18296987447103602,0.19274541798861644
1072,1,1071,expanding,consecutive_ge1,1071,547,0.5110677815986501,0.5287474862063631,0,0.26119027738816547,0.2795739041695482,0.7155314117910658,0.7523612059240392
1072,772,1071,rolling300,consecutive_ge1,300,149,0.4986717178878977,0.5287474862063631,0,0.24867348222126703,0.2795739041695482,0.6904941387654845,0.7523612059240392
1072,1,1071,expanding,consecutive_ge2,1071,136,0.12694439523551845,0.12481676009753151,0,0.01611487948171152,0.015579223601244734,0.13575603128260944,0.1333219975178157
1072,772,1071,rolling300,consecutive_ge2,300,35,0.11717604750609571,0.12481676009753151,0,0.0137302261091508,0.015579223601244734,0.12462947255496382,0.1333219975178157
1072,1,1071,expanding,band_ge3,1071,471,0.4400168639666454,0.45291992938050796,1,0.31358111264175054,0.2992966036690284,0.8209422256073771,0.7920399254567645
1072,772,1071,rolling300,band_ge3,300,118,0.39705749558628173,0.45291992938050796,1,0.3635396636286866,0.2992966036690284,0.9236741836267348,0.7920399254567645
1072,1,1071,expanding,band_ge4,1071,60,0.056210461335048464,0.06628066582689385,0,0.0031596159634989783,0.004393126662456374,0.05785208402236426,0.0685793846560867
1072,772,1071,rolling300,band_ge4,300,12,0.041642541614180864,0.06628066582689385,0,0.001734101272088785,0.004393126662456374,0.04253444076784371,0.0685793846560867
1072,1,1071,expanding,odd_imbalance,1071,187,0.17482681573346548,0.18680279826054075,0,0.030564415499503093,0.034895285437968285,0.19216199435457193,0.20678163828224355
1072,772,1071,rolling300,odd_imbalance,300,60,0.1991751748912838,0.18680279826054075,0,0.03967075029297349,0.034895285437968285,0.22211305107611848,0.20678163828224355
1072,1,1071,expanding,low_high_imbalance,1071,211,0.19682498255289718,0.18680279826054075,0,0.03874007375694828,0.034895285437968285,0.21918263430442214,0.20678163828224355
1072,772,1071,rolling300,low_high_imbalance,300,58,0.1929251748912838,0.18680279826054075,0,0.03722012310683244,0.034895285437968285,0.21433889492527947,0.20678163828224355
1072,1,1071,expanding,repeated_end,1071,838,0.7825901020236357,0.790290065389328,1,0.047267063738093154,0.043978256674412325,0.24514621684057766,0.2353552295330889
1072,772,1071,rolling300,repeated_end,300,238,0.793143129086833,0.790290065389328,1,0.04278976504398662,0.043978256674412325,0.231751582982023,0.2353552295330889
1072,1,1071,expanding,end_multiplicity_ge3,1071,88,0.08230032006061636,0.08948245930662266,0,0.006773342682079891,0.00800711052356138,0.08588508792111445,0.09374211509792349
1072,772,1071,rolling300,end_multiplicity_ge3,300,31,0.10246765370666391,0.08948245930662266,0,0.010499620056148795,0.00800711052356138,0.1081061188308866,0.09374211509792349
1072,1,1071,expanding,multiple_repeat_end_groups,1071,264,0.2461243905515684,0.22608550458805707,0,0.060577215624380974,0.05111465538483637,0.28252789879024637,0.25629388253878654
1072,772,1071,rolling300,multiple_repeat_end_groups,300,81,0.26725534403675355,0.22608550458805707,0,0.0714254189162035,0.05111465538483637,0.31095799254192474,0.25629388253878654
1072,1,1071,expanding,extreme_sum,1071,138,0.128587309042256,0.11443770825506504,0,0.016534696046728647,0.01309598907067138,0.13763960153321103,0.12153247782470628
1072,772,1071,rolling300,extreme_sum,300,36,0.11965235676594158,0.11443770825506504,0,0.014316686479644165,0.01309598907067138,0.12743840039163556,0.12153247782470628
1072,1,1071,expanding,narrow_three_span_le4,1071,263,0.2459236244353792,0.26513371294993526,1,0.5686311801846751,0.5400284598427482,1.402734261030374,1.3275210030826026
1072,772,1071,rolling300,narrow_three_span_le4,300,66,0.22282085705937096,0.26513371294993526,1,0.6040074202219308,0.5400284598427482,1.5013871619380652,1.3275210030826026
1072,1,1071,expanding,large_gap_ge15,1071,465,0.43422155105275856,0.4367856099279809,0,0.1885483553986634,0.19078166904015828,0.5695527103642347,0.574094923910703
1072,772,1071,rolling300,large_gap_ge15,300,128,0.4272991006204988,0.4367856099279809,0,0.18258452139108716,0.19078166904015828,0.5573916891636158,0.574094923910703
1072,1,1071,expanding,previous_overlap_ge2,1070,207,0.1931249192818557,0.17530810086113546,0,0.037297234447623284,0.030732930227538046,0.21458641734325612,0.19274541798861644
1072,772,1071,rolling300,previous_overlap_ge2,300,50,0.16720675630382095,0.17530810086113546,0,0.027958099353645367,0.030732930227538046,0.18296987447103602,0.19274541798861644
1073,1,1072,expanding,consecutive_ge1,1072,547,0.5105997708096404,0.5287474862063631,0,0.26071212595085724,0.2795739041695482,0.7145746596648082,0.7523612059240392
1073,773,1072,rolling300,consecutive_ge1,300,148,0.4955467178878977,0.5287474862063631,0,0.2455665496094677,0.2795739041695482,0.6842800458309402,0.7523612059240392
1073,1,1072,expanding,consecutive_ge2,1072,136,0.1268281457893321,0.12481676009753151,0,0.016085378564360077,0.015579223601244734,0.13562288774994924,0.1333219975178157
1073,773,1072,rolling300,consecutive_ge2,300,35,0.11717604750609571,0.12481676009753151,0,0.0137302261091508,0.015579223601244734,0.12462947255496382,0.1333219975178157
1073,1,1072,expanding,band_ge3,1072,472,0.44052966903627305,0.45291992938050796,0,0.1940663893012083,0.20513646243004433,0.5807647804043166,0.6031601058843978
1073,773,1072,rolling300,band_ge3,300,119,0.4001824955862817,0.45291992938050796,0,0.16014602977366438,0.20513646243004433,0.511129829342285,0.6031601058843978
1073,1,1072,expanding,band_ge4,1072,60,0.05615898655360611,0.06628066582689385,0,0.003153831770728112,0.004393126662456374,0.05779754497986191,0.0685793846560867
1073,773,1072,rolling300,band_ge4,300,12,0.041642541614180864,0.06628066582689385,0,0.001734101272088785,0.004393126662456374,0.04253444076784371,0.0685793846560867
1073,1,1072,expanding,odd_imbalance,1072,187,0.17466671791685973,0.18680279826054075,1,0.6811750265141284,0.6612896889168869,1.7448755899121118,1.677701773318112
1073,773,1072,rolling300,odd_imbalance,300,60,0.1991751748912838,0.18680279826054075,1,0.641320400510406,0.6612896889168869,1.6135705656376,1.677701773318112
1073,1,1072,expanding,low_high_imbalance,1072,211,0.1966447398948817,0.18680279826054075,0,0.03866915372832568,0.034895285437968285,0.21895824680137888,0.20678163828224355
1073,773,1072,rolling300,low_high_imbalance,300,57,0.1898001748912838,0.18680279826054075,0,0.036024106388761926,0.034895285437968285,0.2104743640754362,0.20678163828224355
1073,1,1072,expanding,repeated_end,1072,839,0.7827891953368008,0.790290065389328,1,0.04718053366243448,0.043978256674412325,0.24489184614003962,0.2353552295330889
1073,773,1072,rolling300,repeated_end,300,238,0.793143129086833,0.790290065389328,1,0.04278976504398662,0.043978256674412325,0.231751582982023,0.2353552295330889
1073,1,1072,expanding,end_multiplicity_ge3,1072,88,0.08222495346715426,0.08948245930662266,1,0.8423110360383671,0.829042191910316,2.498296452828073,2.41371265830984
1073,773,1072,rolling300,end_multiplicity_ge3,300,30,0.09934265370666392,0.08948245930662266,1,0.8111836554321542,0.829042191910316,2.3091802562848147,2.41371265830984
1073,1,1072,expanding,multiple_repeat_end_groups,1072,264,0.24589900191553216,0.22608550458805707,0,0.060466319143054885,0.05111465538483637,0.28222897023049454,0.25629388253878654
1073,773,1072,rolling300,multiple_repeat_end_groups,300,81,0.26725534403675355,0.22608550458805707,0,0.0714254189162035,0.05111465538483637,0.31095799254192474,0.25629388253878654
1073,1,1072,expanding,extreme_sum,1072,138,0.1284695550962466,0.11443770825506504,0,0.016504426586627544,0.01309598907067138,0.13750448072087265,0.12153247782470628
1073,773,1072,rolling300,extreme_sum,300,36,0.11965235676594158,0.11443770825506504,0,0.014316686479644165,0.01309598907067138,0.12743840039163556,0.12153247782470628
1073,1,1072,expanding,narrow_three_span_le4,1072,264,0.24661417056684865,0.26513371294993526,1,0.5675902079906774,0.5400284598427482,1.3999302261281417,1.3275210030826026
1073,773,1072,rolling300,narrow_three_span_le4,300,67,0.22594585705937095,0.26513371294993526,1,0.5991598162035517,0.5400284598427482,1.4874598789452125,1.3275210030826026
1073,1,1072,expanding,large_gap_ge15,1072,465,0.4338239122697432,0.4367856099279809,0,0.18820318685702586,0.19078166904015828,0.568850140099286,0.574094923910703
1073,773,1072,rolling300,large_gap_ge15,300,127,0.42417410062049876,0.4367856099279809,0,0.17992366763720902,0.19078166904015828,0.5519499219971077,0.574094923910703
1073,1,1072,expanding,previous_overlap_ge2,1071,207,0.19294790285721605,0.17530810086113546,1,0.6513330875025656,0.6801167285052672,1.6453350598981247,1.7412102767071724
1073,773,1072,rolling300,previous_overlap_ge2,300,49,0.16408175630382096,0.17530810086113546,1,0.6987593101441046,0.6801167285052672,1.8073904613270968,1.7412102767071724
1074,1,1073,expanding,consecutive_ge1,1073,547,0.5101326163990185,0.5287474862063631,1,0.23997005351607115,0.2220789317568219,0.6730845549113285,0.6372443028525948
1074,774,1073,rolling300,consecutive_ge1,300,148,0.4955467178878977,0.5287474862063631,1,0.25447311383367227,0.2220789317568219,0.7020936453217742,0.6372443028525948
1074,1,1073,expanding,consecutive_ge2,1073,136,0.1267121090594242,0.12481676009753151,0,0.016055958582287415,0.015579223601244734,0.13549000552303184,0.1333219975178157
1074,774,1073,rolling300,consecutive_ge2,300,35,0.11717604750609571,0.12481676009753151,0,0.0137302261091508,0.015579223601244734,0.12462947255496382,0.1333219975178157
1074,1,1073,expanding,band_ge3,1073,472,0.4401266226785088,0.45291992938050796,0,0.19371144399039048,0.20513646243004433,0.5800446327460063,0.6031601058843978
1074,774,1073,rolling300,band_ge3,300,119,0.4001824955862817,0.45291992938050796,0,0.16014602977366438,0.20513646243004433,0.511129829342285,0.6031601058843978
1074,1,1073,expanding,band_ge4,1073,60,0.05610760596206576,0.06628066582689385,0,0.003148063446794437,0.004393126662456374,0.05774310870051305,0.0685793846560867
1074,774,1073,rolling300,band_ge4,300,12,0.041642541614180864,0.06628066582689385,0,0.001734101272088785,0.004393126662456374,0.04253444076784371,0.0685793846560867
1074,1,1073,expanding,odd_imbalance,1073,188,0.1754218261346851,0.18680279826054075,0,0.030772817084427688,0.034895285437968285,0.1928833278138069,0.20678163828224355
1074,774,1073,rolling300,odd_imbalance,300,61,0.20230017489128377,0.18680279826054075,0,0.040925360761044,0.034895285437968285,0.2260229113095098,0.20678163828224355
1074,1,1073,expanding,low_high_imbalance,1073,211,0.1964648270495982,0.18680279826054075,0,0.03859842826762853,0.034895285437968285,0.21873432008884852,0.20678163828224355
1074,774,1073,rolling300,low_high_imbalance,300,57,0.1898001748912838,0.18680279826054075,0,0.036024106388761926,0.034895285437968285,0.2104743640754362,0.20678163828224355
1074,1,1073,expanding,repeated_end,1073,840,0.782987924343812,0.790290065389328,1,0.04709424098060705,0.043978256674412325,0.24463800540424083,0.2353552295330889
1074,774,1073,rolling300,repeated_end,300,238,0.793143129086833,0.790290065389328,1,0.04278976504398662,0.043978256674412325,0.231751582982023,0.2353552295330889
1074,1,1073,expanding,end_multiplicity_ge3,1073,89,0.08306463786471405,0.08948245930662266,0,0.006899734063596087,0.00800711052356138,0.08671829761218369,0.09374211509792349
1074,774,1073,rolling300,end_multiplicity_ge3,300,31,0.10246765370666391,0.08948245930662266,0,0.010499620056148795,0.00800711052356138,0.1081061188308866,0.09374211509792349
1074,1,1073,expanding,multiple_repeat_end_groups,1073,264,0.24567402570151978,0.22608550458805707,0,0.060355726904391,0.05111465538483637,0.28193067774461417,0.25629388253878654
1074,774,1073,rolling300,multiple_repeat_end_groups,300,81,0.26725534403675355,0.22608550458805707,0,0.0714254189162035,0.05111465538483637,0.31095799254192474,0.25629388253878654
1074,1,1073,expanding,extreme_sum,1073,138,0.12835201661948883,0.11443770825506504,0,0.016474240170289537,0.01309598907067138,0.1373696253612276,0.12153247782470628
1074,774,1073,rolling300,extreme_sum,300,36,0.11965235676594158,0.11443770825506504,0,0.014316686479644165,0.01309598907067138,0.12743840039163556,0.12153247782470628
1074,1,1073,expanding,narrow_three_span_le4,1073,265,0.2473034531189375,0.26513371294993526,0,0.06115899792455052,0.07029588574261866,0.28409312459524233,0.30806671870004826
1074,774,1073,rolling300,narrow_three_span_le4,300,68,0.22907085705937097,0.26513371294993526,0,0.05247345755391477,0.07029588574261866,0.2601588124428692,0.30806671870004826
1074,1,1073,expanding,large_gap_ge15,1073,465,0.4334270010965779,0.4367856099279809,0,0.18785896527957294,0.19078166904015828,0.568149347321622,0.574094923910703
1074,774,1073,rolling300,large_gap_ge15,300,127,0.42417410062049876,0.4367856099279809,0,0.17992366763720902,0.19078166904015828,0.5519499219971077,0.574094923910703
1074,1,1073,expanding,previous_overlap_ge2,1072,208,0.19368696155423326,0.17530810086113546,1,0.6501407159676446,0.6801167285052672,1.6415120234097242,1.7412102767071724
1074,774,1073,rolling300,previous_overlap_ge2,300,50,0.16720675630382095,0.17530810086113546,1,0.6935445867460034,0.6801167285052672,1.7885241706322623,1.7412102767071724
1075,1,1074,expanding,consecutive_ge1,1074,548,0.5105803928008475,0.5287474862063631,1,0.23953155191097267,0.2220789317568219,0.6722071752237614,0.6372443028525948
1075,775,1074,rolling300,consecutive_ge1,300,149,0.4986717178878977,0.5287474862063631,1,0.2513300464454717,0.2220789317568219,0.6958072797127864,0.6372443028525948
1075,1,1074,expanding,consecutive_ge2,1074,136,0.12659628446247773,0.12481676009753151,1,0.7628340503147492,0.7659457034061817,2.0667521183403577,2.0809085364103663
1075,775,1074,rolling300,consecutive_ge2,300,35,0.11717604750609571,0.12481676009753151,1,0.7793781310969594,0.7659457034061817,2.1440777955410772,2.0809085364103663
1075,1,1074,expanding,band_ge3,1074,472,0.4397243131513804,0.45291992938050796,0,0.19335747157645325,0.20513646243004433,0.5793263184478554,0.6031601058843978
1075,775,1074,rolling300,band_ge3,300,118,0.39705749558628173,0.45291992938050796,0,0.15765465480125013,0.20513646243004433,0.50593343603196,0.6031601058843978
1075,1,1074,expanding,band_ge4,1074,60,0.056056319302136996,0.06628066582689385,0,0.0031423109337031367,0.004393126662456374,0.05768877489406896,0.0685793846560867
1075,775,1074,rolling300,band_ge4,300,12,0.041642541614180864,0.06628066582689385,0,0.001734101272088785,0.004393126662456374,0.04253444076784371,0.0685793846560867
1075,1,1074,expanding,odd_imbalance,1074,188,0.17526147711628046,0.18680279826054075,0,0.030716585360980497,0.034895285437968285,0.19268888484330168,0.20678163828224355
1075,775,1074,rolling300,odd_imbalance,300,60,0.1991751748912838,0.18680279826054075,0,0.03967075029297349,0.034895285437968285,0.22211305107611848,0.20678163828224355
1075,1,1074,expanding,low_high_imbalance,1074,211,0.19628524311262416,0.18680279826054075,1,0.6459574104385336,0.6612896889168869,1.628186355703183,1.677701773318112
1075,775,1074,rolling300,low_high_imbalance,300,57,0.1898001748912838,0.18680279826054075,1,0.6564237566061942,0.6612896889168869,1.6617834713563453,1.677701773318112
1075,1,1074,expanding,repeated_end,1074,841,0.7831862900436806,0.790290065389328,1,0.04700818482502301,0.043978256674412325,0.244384692970532,0.2353552295330889
1075,775,1074,rolling300,repeated_end,300,238,0.793143129086833,0.790290065389328,1,0.04278976504398662,0.043978256674412325,0.231751582982023,0.2353552295330889
1075,1,1074,expanding,end_multiplicity_ge3,1074,89,0.08298871040779932,0.08948245930662266,0,0.006887126055149579,0.00800711052356138,0.08663549535958096,0.09374211509792349
1075,775,1074,rolling300,end_multiplicity_ge3,300,31,0.10246765370666391,0.08948245930662266,0,0.010499620056148795,0.00800711052356138,0.1081061188308866,0.09374211509792349
1075,1,1074,expanding,multiple_repeat_end_groups,1074,264,0.24544946077857507,0.22608550458805707,1,0.5693465162393431,0.5989436462087222,1.4046642153491988,1.4868420123767523
1075,775,1074,rolling300,multiple_repeat_end_groups,300,80,0.26413034403675356,0.22608550458805707,1,0.5415041505674667,0.5989436462087222,1.3313125702671509,1.4868420123767523
1075,1,1074,expanding,extreme_sum,1074,138,0.12823469302111637,0.11443770825506504,0,0.01644413649421995,0.01309598907067138,0.13723503467157488,0.12153247782470628
1075,775,1074,rolling300,extreme_sum,300,36,0.11965235676594158,0.11443770825506504,0,0.014316686479644165,0.01309598907067138,0.12743840039163556,0.12153247782470628
1075,1,1074,expanding,narrow_three_span_le4,1074,265,0.24707739877422186,0.26513371294993526,0,0.06104724098503585,0.07029588574261866,0.28379284368197355,0.30806671870004826
1075,775,1074,rolling300,narrow_three_span_le4,300,68,0.22907085705937097,0.26513371294993526,0,0.05247345755391477,0.07029588574261866,0.2601588124428692,0.30806671870004826
1075,1,1074,expanding,large_gap_ge15,1074,465,0.43303081553798867,0.4367856099279809,1,0.32145405612951816,0.3172104491841965,0.8369463859877121,0.8283127993981904
1075,775,1074,rolling300,large_gap_ge15,300,127,0.42417410062049876,0.4367856099279809,1,0.3315754663962115,0.3172104491841965,0.8576112933583256,0.8283127993981904
1075,1,1074,expanding,previous_overlap_ge2,1073,209,0.19442466790230806,0.17530810086113546,0,0.03780095148892278,0.030732930227538046,0.21619855858074868,0.19274541798861644
1075,775,1074,rolling300,previous_overlap_ge2,300,51,0.17033175630382097,0.17530810086113546,0,0.029012907205544256,0.030732930227538046,0.18672936448553107,0.19274541798861644
1076,1,1075,expanding,consecutive_ge1,1075,549,0.5110273513462349,0.5287474862063631,1,0.23909425113147842,0.2220789317568219,0.6713321650714489,0.6372443028525948
1076,776,1075,rolling300,consecutive_ge1,300,149,0.4986717178878977,0.5287474862063631,1,0.2513300464454717,0.2220789317568219,0.6958072797127864,0.6372443028525948
1076,1,1075,expanding,consecutive_ge2,1075,137,0.12739391342643894,0.12481676009753151,0,0.01622920917810302,0.015579223601244734,0.13627104310086344,0.1333219975178157
1076,776,1075,rolling300,consecutive_ge2,300,36,0.12030104750609572,0.12481676009753151,0,0.014472342031063899,0.015579223601244734,0.128175529477992,0.1333219975178157
1076,1,1075,expanding,band_ge3,1075,472,0.43932273843617364,0.45291992938050796,1,0.31435899163471137,0.2992966036690284,0.8225209687294807,0.7920399254567645
1076,776,1075,rolling300,band_ge3,300,118,0.39705749558628173,0.45291992938050796,1,0.3635396636286866,0.2992966036690284,0.9236741836267348,0.7920399254567645
1076,1,1075,expanding,band_ge4,1075,60,0.05600512631647295,0.06628066582689385,0,0.0031365741737240907,0.004393126662456374,0.05763454327137365,0.0685793846560867
1076,776,1075,rolling300,band_ge4,300,12,0.041642541614180864,0.06628066582689385,0,0.001734101272088785,0.004393126662456374,0.04253444076784371,0.0685793846560867
1076,1,1075,expanding,odd_imbalance,1075,188,0.17510142097279527,0.18680279826054075,1,0.6804576656811016,0.6612896889168869,1.742389924515976,1.677701773318112
1076,776,1075,rolling300,odd_imbalance,300,60,0.1991751748912838,0.18680279826054075,1,0.641320400510406,0.6612896889168869,1.6135705656376,1.677701773318112
1076,1,1075,expanding,low_high_imbalance,1075,212,0.19701922919197334,0.18680279826054075,0,0.038816576671399323,0.034895285437968285,0.21942451201198157,0.20678163828224355
1076,776,1075,rolling300,low_high_imbalance,300,58,0.1929251748912838,0.18680279826054075,0,0.03722012310683244,0.034895285437968285,0.21433889492527947,0.20678163828224355
1076,1,1075,expanding,repeated_end,1075,842,0.7833842934317685,0.790290065389328,1,0.04692236433205416,0.043978256674412325,0.2441319071832449,0.2353552295330889
1076,776,1075,rolling300,repeated_end,300,238,0.793143129086833,0.790290065389328,1,0.04278976504398662,0.043978256674412325,0.231751582982023,0.2353552295330889
1076,1,1075,expanding,end_multiplicity_ge3,1075,89,0.08291292163117119,0.08948245930662266,0,0.006874552573416735,0.00800711052356138,0.08655285118084417,0.09374211509792349
1076,776,1075,rolling300,end_multiplicity_ge3,300,31,0.10246765370666391,0.08948245930662266,0,0.010499620056148795,0.00800711052356138,0.1081061188308866,0.09374211509792349
1076,1,1075,expanding,multiple_repeat_end_groups,1075,265,0.2461385480290056,0.22608550458805707,1,0.5683070887678159,0.5989436462087222,1.401860698219327,1.4868420123767523
1076,776,1075,rolling300,multiple_repeat_end_groups,300,81,0.26725534403675355,0.22608550458805707,1,0.5369147308426964,0.5989436462087222,1.3195507328811975,1.4868420123767523
1076,1,1075,expanding,extreme_sum,1075,138,0.12811758371242127,0.11443770825506504,0,0.016414115256309272,0.01309598907067138,0.13710070787229262,0.12153247782470628
1076,776,1075,rolling300,extreme_sum,300,36,0.11965235676594158,0.11443770825506504,0,0.014316686479644165,0.01309598907067138,0.12743840039163556,0.12153247782470628
1076,1,1075,expanding,narrow_three_span_le4,1075,265,0.24685175731415407,0.26513371294993526,1,0.5672322754607778,0.5400284598427482,1.3989672953471497,1.3275210030826026
1076,776,1075,rolling300,narrow_three_span_le4,300,68,0.22907085705937097,0.26513371294993526,1,0.5943317434351729,0.5400284598427482,1.4737239038149945,1.3275210030826026
1076,1,1075,expanding,large_gap_ge15,1075,466,0.43354859561512293,0.4367856099279809,1,0.3208671935295995,0.3172104491841965,0.8357513884327576,0.8283127993981904
1076,776,1075,rolling300,large_gap_ge15,300,127,0.42417410062049876,0.4367856099279809,1,0.3315754663962115,0.3172104491841965,0.8576112933583256,0.8283127993981904
1076,1,1075,expanding,previous_overlap_ge2,1074,209,0.19424694882744306,0.17530810086113546,0,0.03773187712877128,0.030732930227538046,0.2159779715453178,0.19274541798861644
1076,776,1075,rolling300,previous_overlap_ge2,300,50,0.16720675630382095,0.17530810086113546,0,0.027958099353645367,0.030732930227538046,0.18296987447103602,0.19274541798861644
1077,1,1076,expanding,consecutive_ge1,1076,550,0.5114734942738387,0.5287474862063631,0,0.2616051353446905,0.2795739041695482,0.71636154955233,0.7523612059240392
1077,777,1076,rolling300,consecutive_ge1,300,149,0.4986717178878977,0.5287474862063631,0,0.24867348222126703,0.2795739041695482,0.6904941387654845,0.7523612059240392
1077,1,1076,expanding,consecutive_ge2,1076,137,0.12727767810396956,0.12481676009753151,0,0.016199607343537693,0.015579223601244734,0.1361378471681356,0.1333219975178157
1077,777,1076,rolling300,consecutive_ge2,300,36,0.12030104750609572,0.12481676009753151,0,0.014472342031063899,0.015579223601244734,0.128175529477992,0.1333219975178157
1077,1,1076,expanding,band_ge3,1076,473,0.4398343052806662,0.45291992938050796,0,0.19345421610172628,0.20513646243004433,0.5795226555904289,0.6031601058843978
1077,777,1076,rolling300,band_ge3,300,119,0.4001824955862817,0.45291992938050796,0,0.16014602977366438,0.20513646243004433,0.511129829342285,0.6031601058843978
1077,1,1076,expanding,band_ge4,1076,60,0.055954026748665946,0.06628066582689385,0,0.003130853109390424,0.004393126662456374,0.057580413544357986,0.0685793846560867
1077,777,1076,rolling300,band_ge4,300,12,0.041642541614180864,0.06628066582689385,0,0.001734101272088785,0.004393126662456374,0.04253444076784371,0.0685793846560867
1077,1,1076,expanding,odd_imbalance,1076,189,0.1758540656616887,0.18680279826054075,0,0.030924652409745523,0.034895285437968285,0.19340765997436138,0.20678163828224355
1077,777,1076,rolling300,odd_imbalance,300,61,0.20230017489128377,0.18680279826054075,0,0.040925360761044,0.034895285437968285,0.2260229113095098,0.20678163828224355
1077,1,1076,expanding,low_high_imbalance,1076,212,0.1968394671215427,0.18680279826054075,0,0.0387457758166929,0.034895285437968285,0.21920066860446993,0.20678163828224355
1077,777,1076,rolling300,low_high_imbalance,300,58,0.1929251748912838,0.18680279826054075,0,0.03722012310683244,0.034895285437968285,0.21433889492527947,0.20678163828224355
1077,1,1076,expanding,repeated_end,1076,843,0.7835819354998053,0.790290065389328,1,0.04683677864201045,0.043978256674412325,0.24387964639365584,0.2353552295330889
1077,777,1076,rolling300,repeated_end,300,238,0.793143129086833,0.790290065389328,1,0.04278976504398662,0.043978256674412325,0.231751582982023,0.2353552295330889
1077,1,1076,expanding,end_multiplicity_ge3,1076,89,0.08283727115523033,0.08948245930662266,0,0.006862013492445155,0.00800711052356138,0.08647036462346665,0.09374211509792349
1077,777,1076,rolling300,end_multiplicity_ge3,300,30,0.09934265370666392,0.08948245930662266,0,0.009868962845482148,0.00800711052356138,0.10463039748860294,0.09374211509792349
1077,1,1076,expanding,multiple_repeat_end_groups,1076,266,0.24682637782094993,0.22608550458805707,0,0.06092326078821032,0.05111465538483637,0.2834595038173681,0.25629388253878654
1077,777,1076,rolling300,multiple_repeat_end_groups,300,82,0.27038034403675354,0.22608550458805707,0,0.07310553044143321,0.05111465538483637,0.3152318998458119,0.25629388253878654
1077,1,1076,expanding,extreme_sum,1076,138,0.12800068810684426,0.11443770825506504,0,0.01638417615582562,0.01309598907067138,0.1369666441868223,0.12153247782470628
1077,777,1076,rolling300,extreme_sum,300,36,0.11965235676594158,0.11443770825506504,0,0.014316686479644165,0.01309598907067138,0.12743840039163556,0.12153247782470628
1077,1,1076,expanding,narrow_three_span_le4,1076,266,0.24753893636769955,0.26513371294993526,0,0.06127552501805201,0.07029588574261866,0.28440602637913326,0.30806671870004826
1077,777,1076,rolling300,narrow_three_span_le4,300,69,0.23219585705937096,0.26513371294993526,0,0.05391491603553583,0.07029588574261866,0.2642206005708816,0.30806671870004826
1077,1,1076,expanding,large_gap_ge15,1076,467,0.43406543083810184,0.4367856099279809,0,0.18841279824866697,0.19078166904015828,0.569276809648861,0.574094923910703
1077,777,1076,rolling300,large_gap_ge15,300,128,0.4272991006204988,0.4367856099279809,0,0.18258452139108716,0.19078166904015828,0.5573916891636158,0.574094923910703
1077,1,1076,expanding,previous_overlap_ge2,1075,209,0.19406955435362805,0.17530810086113546,0,0.03766299192701579,0.030732930227538046,0.21575783592330328,0.19274541798861644
1077,777,1076,rolling300,previous_overlap_ge2,300,50,0.16720675630382095,0.17530810086113546,0,0.027958099353645367,0.030732930227538046,0.18296987447103602,0.19274541798861644
1078,1,1077,expanding,consecutive_ge1,1077,550,0.5110072467858954,0.5287474862063631,1,0.23911391269591023,0.2220789317568219,0.6713715073018955,0.6372443028525948
1078,778,1077,rolling300,consecutive_ge1,300,149,0.4986717178878977,0.5287474862063631,1,0.2513300464454717,0.2220789317568219,0.6958072797127864,0.6372443028525948
1078,1,1077,expanding,consecutive_ge2,1077,137,0.12716165469639987,0.12481676009753151,0,0.016170086425126434,0.015579223601244734,0.1360049117624282,0.1333219975178157
1078,778,1077,rolling300,consecutive_ge2,300,36,0.12030104750609572,0.12481676009753151,0,0.014472342031063899,0.015579223601244734,0.128175529477992,0.1333219975178157
1078,1,1077,expanding,band_ge3,1077,473,0.43943336243173214,0.45291992938050796,0,0.19310168001805805,0.20513646243004433,0.5788071540304434,0.6031601058843978
1078,778,1077,rolling300,band_ge3,300,119,0.4001824955862817,0.45291992938050796,0,0.16014602977366438,0.20513646243004433,0.511129829342285,0.6031601058843978
1078,1,1077,expanding,band_ge4,1077,60,0.05590302034324328,0.06628066582689385,0,0.003125147683497072,0.004393126662456374,0.05752638542603516,0.0685793846560867
1078,778,1077,rolling300,band_ge4,300,12,0.041642541614180864,0.06628066582689385,0,0.001734101272088785,0.004393126662456374,0.04253444076784371,0.0685793846560867
1078,1,1077,expanding,odd_imbalance,1077,189,0.17569376113510557,0.18680279826054075,1,0.6794807754315884,0.6612896889168869,1.739012793041583,1.677701773318112
1078,778,1077,rolling300,odd_imbalance,300,61,0.20230017489128377,0.18680279826054075,1,0.6363250109784764,0.6612896889168869,1.5980026702943089,1.677701773318112
1078,1,1077,expanding,low_high_imbalance,1077,212,0.19666003278506,0.18680279826054075,0,0.038675168495020874,0.034895285437968285,0.21897728325573404,0.20678163828224355
1078,778,1077,rolling300,low_high_imbalance,300,58,0.1929251748912838,0.18680279826054075,0,0.03722012310683244,0.034895285437968285,0.21433889492527947,0.20678163828224355
1078,1,1077,expanding,repeated_end,1077,844,0.7837792172359038,0.790290065389328,1,0.04675142689911847,0.043978256674412325,0.24362790895994943,0.2353552295330889
1078,778,1077,rolling300,repeated_end,300,238,0.793143129086833,0.790290065389328,1,0.04278976504398662,0.043978256674412325,0.231751582982023,0.2353552295330889
1078,1,1077,expanding,end_multiplicity_ge3,1077,89,0.08276175860176158,0.08948245930662266,0,0.006849508686856257,0.00800711052356138,0.08638803523666812,0.09374211509792349
1078,778,1077,rolling300,end_multiplicity_ge3,300,30,0.09934265370666392,0.08948245930662266,0,0.009868962845482148,0.00800711052356138,0.10463039748860294,0.09374211509792349
1078,1,1077,expanding,multiple_repeat_end_groups,1077,266,0.24660137656496,0.22608550458805707,0,0.060812238923733206,0.05111465538483637,0.28316081086279143,0.25629388253878654
1078,778,1077,rolling300,multiple_repeat_end_groups,300,82,0.27038034403675354,0.22608550458805707,0,0.07310553044143321,0.05111465538483637,0.3152318998458119,0.25629388253878654
1078,1,1077,expanding,extreme_sum,1077,138,0.1278840056199647,0.11443770825506504,0,0.016354318893407167,0.01309598907067138,0.1368328428416544,0.12153247782470628
1078,778,1077,rolling300,extreme_sum,300,36,0.11965235676594158,0.11443770825506504,0,0.014316686479644165,0.01309598907067138,0.12743840039163556,0.12153247782470628
1078,1,1077,expanding,narrow_three_span_le4,1077,266,0.2473132855597071,0.26513371294993526,1,0.566537290094923,0.5400284598427482,1.397099383456572,1.3275210030826026
1078,778,1077,rolling300,narrow_three_span_le4,300,69,0.23219585705937096,0.26513371294993526,1,0.5895232019167939,0.5400284598427482,1.4601740519990907,1.3275210030826026
1078,1,1077,expanding,large_gap_ge15,1077,467,0.4336697467625885,0.4367856099279809,1,0.3207299557319506,0.3172104491841965,0.8354719867127212,0.8283127993981904
1078,778,1077,rolling300,large_gap_ge15,300,128,0.4272991006204988,0.4367856099279809,1,0.32798632015008955,0.3172104491841965,0.8502710411307717,0.8283127993981904
1078,1,1077,expanding,previous_overlap_ge2,1076,209,0.1938924835923565,0.17530810086113546,0,0.03759429519361224,0.030732930227538046,0.21553815032513285,0.19274541798861644
1078,778,1077,rolling300,previous_overlap_ge2,300,50,0.16720675630382095,0.17530810086113546,0,0.027958099353645367,0.030732930227538046,0.18296987447103602,0.19274541798861644
1079,1,1078,expanding,consecutive_ge1,1078,551,0.511452595377165,0.5287474862063631,0,0.26158375731803807,0.2795739041695482,0.7163187710143801,0.7523612059240392
1079,779,1078,rolling300,consecutive_ge1,300,149,0.4986717178878977,0.5287474862063631,0,0.24867348222126703,0.2795739041695482,0.6904941387654845,0.7523612059240392
1079,1,1078,expanding,consecutive_ge2,1078,137,0.12704584262472737,0.12481676009753151,0,0.016140646128226993,0.015579223601244734,0.13587223611894295,0.1333219975178157
1079,779,1078,rolling300,consecutive_ge2,300,35,0.11717604750609571,0.12481676009753151,0,0.0137302261091508,0.015579223601244734,0.12462947255496382,0.1333219975178157
1079,1,1078,expanding,band_ge3,1078,473,0.4390331498976413,0.45291992938050796,0,0.19275010670904477,0.20513646243004433,0.5780934659319998,0.6031601058843978
1079,779,1078,rolling300,band_ge3,300,118,0.39705749558628173,0.45291992938050796,0,0.15765465480125013,0.20513646243004433,0.50593343603196,0.6031601058843978
1079,1,1078,expanding,band_ge4,1078,60,0.05585210684566291,0.06628066582689385,0,0.003119457839099346,0.004393126662456374,0.05747245863049524,0.0685793846560867
1079,779,1078,rolling300,band_ge4,300,12,0.041642541614180864,0.06628066582689385,0,0.001734101272088785,0.004393126662456374,0.04253444076784371,0.0685793846560867
1079,1,1078,expanding,odd_imbalance,1078,190,0.17644449541458182,0.18680279826054075,0,0.031132659962106384,0.034895285437968285,0.19412433080345287,0.20678163828224355
1079,779,1078,rolling300,odd_imbalance,300,62,0.20542517489128378,0.18680279826054075,0,0.04219950247911453,0.034895285437968285,0.22994811857432104,0.20678163828224355
1079,1,1078,expanding,low_high_imbalance,1078,212,0.19648092528707725,0.18680279826054075,0,0.03860475400166603,0.034895285437968285,0.2187543545556414,0.20678163828224355
1079,779,1078,rolling300,low_high_imbalance,300,58,0.1929251748912838,0.18680279826054075,0,0.03722012310683244,0.034895285437968285,0.21433889492527947,0.20678163828224355
1079,1,1078,expanding,repeated_end,1078,845,0.7839761396245779,0.790290065389328,1,0.04666630825149986,0.043978256674412325,0.2433766932471815,0.2353552295330889
1079,779,1078,rolling300,repeated_end,300,238,0.793143129086833,0.790290065389328,1,0.04278976504398662,0.043978256674412325,0.231751582982023,0.2353552295330889
1079,1,1078,expanding,end_multiplicity_ge3,1078,89,0.08268638359392755,0.08948245930662266,0,0.006837038031842131,0.00800711052356138,0.0863058625713866,0.09374211509792349
1079,779,1078,rolling300,end_multiplicity_ge3,300,30,0.09934265370666392,0.08948245930662266,0,0.009868962845482148,0.00800711052356138,0.10463039748860294,0.09374211509792349
1079,1,1078,expanding,multiple_repeat_end_groups,1078,266,0.24637678514732342,0.22608550458805707,1,0.5679479499648835,0.5989436462087222,1.4008932678842658,1.4868420123767523
1079,779,1078,rolling300,multiple_repeat_end_groups,300,81,0.26725534403675355,0.22608550458805707,1,0.5369147308426964,0.5989436462087222,1.3195507328811975,1.4868420123767523
1079,1,1078,expanding,extreme_sum,1078,138,0.12776753566949117,0.11443770825506504,0,0.0163245431710547,0.01309598907067138,0.13669930306631303,0.12153247782470628
1079,779,1078,rolling300,extreme_sum,300,36,0.11965235676594158,0.11443770825506504,0,0.014316686479644165,0.01309598907067138,0.12743840039163556,0.12153247782470628
1079,1,1078,expanding,narrow_three_span_le4,1078,267,0.24799879258560903,0.26513371294993526,0,0.06150340112391993,0.07029588574261866,0.285017349429343,0.30806671870004826
1079,779,1078,rolling300,narrow_three_span_le4,300,69,0.23219585705937096,0.26513371294993526,0,0.05391491603553583,0.07029588574261866,0.2642206005708816,0.30806671870004826
1079,1,1078,expanding,large_gap_ge15,1078,468,0.43418553023548234,0.4367856099279809,0,0.18851707466586695,0.19078166904015828,0.5694890464499548,0.574094923910703
1079,779,1078,rolling300,large_gap_ge15,300,128,0.4272991006204988,0.4367856099279809,0,0.18258452139108716,0.19078166904015828,0.5573916891636158,0.574094923910703
1079,1,1078,expanding,previous_overlap_ge2,1077,209,0.19371573565836164,0.17530810086113546,0,0.037525786241660246,0.030732930227538046,0.21531891336695294,0.19274541798861644
1079,779,1078,rolling300,previous_overlap_ge2,300,49,0.16408175630382096,0.17530810086113546,0,0.02692282275174649,0.030732930227538046,0.17922446530143663,0.19274541798861644
1080,1,1079,expanding,consecutive_ge1,1079,551,0.5109872153995698,0.5287474862063631,0,0.26110793430180634,0.2795739041695482,0.7153666454718655,0.7523612059240392
1080,780,1079,rolling300,consecutive_ge1,300,149,0.4986717178878977,0.5287474862063631,0,0.24867348222126703,0.2795739041695482,0.6904941387654845,0.7523612059240392
1080,1,1079,expanding,consecutive_ge2,1079,137,0.126930241312057,0.12481676009753151,0,0.016111286159537018,0.015579223601244734,0.1357398194758766,0.1333219975178157
1080,780,1079,rolling300,consecutive_ge2,300,35,0.11717604750609571,0.12481676009753151,0,0.0137302261091508,0.015579223601244734,0.12462947255496382,0.1333219975178157
1080,1,1079,expanding,band_ge3,1079,473,0.4386336656848136,0.45291992938050796,0,0.19239949267209683,0.20513646243004433,0.5773815842283402,0.6031601058843978
1080,780,1079,rolling300,band_ge3,300,118,0.39705749558628173,0.45291992938050796,0,0.15765465480125013,0.20513646243004433,0.50593343603196,0.6031601058843978
1080,1,1079,expanding,band_ge4,1079,60,0.05580128600230926,0.06628066582689385,0,0.0031137835195115156,0.004393126662456374,0.05741863287290031,0.0685793846560867
1080,780,1079,rolling300,band_ge4,300,12,0.041642541614180864,0.06628066582689385,0,0.001734101272088785,0.004393126662456374,0.04253444076784371,0.0685793846560867
1080,1,1079,expanding,odd_imbalance,1079,190,0.17628394537325826,0.18680279826054075,0,0.0310760293963619,0.034895285437968285,0.1939294023583716,0.20678163828224355
1080,780,1079,rolling300,odd_imbalance,300,62,0.20542517489128378,0.18680279826054075,0,0.04219950247911453,0.034895285437968285,0.22994811857432104,0.20678163828224355
1080,1,1079,expanding,low_high_imbalance,1079,212,0.19630214373540567,0.18680279826054075,0,0.038534531635115866,0.034895285437968285,0.21853188109986432,0.20678163828224355
1080,780,1079,rolling300,low_high_imbalance,300,58,0.1929251748912838,0.18680279826054075,0,0.03722012310683244,0.034895285437968285,0.21433889492527947,0.20678163828224355
1080,1,1079,expanding,repeated_end,1079,846,0.7841727036467575,0.790290065389328,1,0.04658142185115036,0.043978256674412325,0.24312599762724402,0.2353552295330889
1080,780,1079,rolling300,repeated_end,300,238,0.793143129086833,0.790290065389328,1,0.04278976504398662,0.043978256674412325,0.231751582982023,0.2353552295330889
1080,1,1079,expanding,end_multiplicity_ge3,1079,89,0.08261114575626247,0.08948245930662266,0,0.006824601403162442,0.00800711052356138,0.08622384618027051,0.09374211509792349
1080,780,1079,rolling300,end_multiplicity_ge3,300,30,0.09934265370666392,0.08948245930662266,0,0.009868962845482148,0.00800711052356138,0.10463039748860294,0.09374211509792349
1080,1,1079,expanding,multiple_repeat_end_groups,1079,267,0.2470625205566525,0.22608550458805707,1,0.5669148479505013,0.5989436462087222,1.3981138547209762,1.4868420123767523
1080,780,1079,rolling300,multiple_repeat_end_groups,300,82,0.27038034403675354,0.22608550458805707,1,0.532344842367926,0.5989436462087222,1.3079256296273014,1.4868420123767523
1080,1,1079,expanding,extreme_sum,1079,138,0.12765127767525142,0.11443770825506504,0,0.01629484869212414,0.01309598907067138,0.13656602409334104,0.12153247782470628
1080,780,1079,rolling300,extreme_sum,300,36,0.11965235676594158,0.11443770825506504,0,0.014316686479644165,0.01309598907067138,0.12743840039163556,0.12153247782470628
1080,1,1079,expanding,narrow_three_span_le4,1079,267,0.2477731339936294,0.26513371294993526,0,0.06139152592902503,0.07029588574261866,0.28471731701051,0.30806671870004826
1080,780,1079,rolling300,narrow_three_span_le4,300,69,0.23219585705937096,0.26513371294993526,0,0.05391491603553583,0.07029588574261866,0.2642206005708816,0.30806671870004826
1080,1,1079,expanding,large_gap_ge15,1079,468,0.43379045695956286,0.4367856099279809,0,0.18817416054918637,0.19078166904015828,0.5687910519065698,0.574094923910703
1080,780,1079,rolling300,large_gap_ge15,300,128,0.4272991006204988,0.4367856099279809,0,0.18258452139108716,0.19078166904015828,0.5573916891636158,0.574094923910703
1080,1,1079,expanding,previous_overlap_ge2,1078,209,0.19353930966960176,0.17530810086113546,0,0.037457464387386,0.030732930227538046,0.21510012367060008,0.19274541798861644
1080,780,1079,rolling300,previous_overlap_ge2,300,48,0.16095675630382095,0.17530810086113546,0,0.025907077399847604,0.030732930227538046,0.1754930318930178,0.19274541798861644
1081,1,1080,expanding,consecutive_ge1,1080,551,0.5105226815673884,0.5287474862063631,1,0.2395880452599802,0.2220789317568219,0.6723202122617827,0.6372443028525948
1081,781,1080,rolling300,consecutive_ge1,300,149,0.4986717178878977,0.5287474862063631,1,0.2513300464454717,0.2220789317568219,0.6958072797127864,0.6372443028525948
1081,1,1080,expanding,consecutive_ge2,1080,137,0.12681485018359148,0.12481676009753151,0,0.01608200622708675,0.015579223601244734,0.13560766107440672,0.1333219975178157
1081,781,1080,rolling300,consecutive_ge2,300,35,0.11717604750609571,0.12481676009753151,0,0.0137302261091508,0.015579223601244734,0.12462947255496382,0.1333219975178157
1081,1,1080,expanding,band_ge3,1080,473,0.4382349078069183,0.45291992938050796,0,0.1920498344205382,0.20513646243004433,0.5766715018902651,0.6031601058843978
1081,781,1080,rolling300,band_ge3,300,117,0.39393249558628174,0.45291992938050796,0,0.15518281107883589,0.20513646243004433,0.5007639056946318,0.6031601058843978
1081,1,1080,expanding,band_ge4,1080,60,0.05575055756048898,0.06628066582689385,0,0.0031081246683053953,0.004393126662456374,0.057364907869479294,0.0685793846560867
1081,781,1080,rolling300,band_ge4,300,12,0.041642541614180864,0.06628066582689385,0,0.001734101272088785,0.004393126662456374,0.04253444076784371,0.0685793846560867
1081,1,1080,expanding,odd_imbalance,1080,190,0.17612368724110075,0.18680279826054075,0,0.031019553207401077,0.034895285437968285,0.193734866214802,0.20678163828224355
1081,781,1080,rolling300,odd_imbalance,300,61,0.20230017489128377,0.18680279826054075,0,0.040925360761044,0.034895285437968285,0.2260229113095098,0.20678163828224355
1081,1,1080,expanding,low_high_imbalance,1080,212,0.19612368724110074,0.18680279826054075,0,0.0384645006970451,0.034895285437968285,0.21830986148984985,0.20678163828224355
1081,781,1080,rolling300,low_high_imbalance,300,58,0.1929251748912838,0.18680279826054075,0,0.03722012310683244,0.034895285437968285,0.21433889492527947,0.20678163828224355
1081,1,1080,expanding,repeated_end,1080,847,0.7843689102798059,0.790290065389328,0,0.6152345874135302,0.6245583874530684,1.5341862494147056,1.5620299668475026
1081,781,1080,rolling300,repeated_end,300,238,0.793143129086833,0.790290065389328,0,0.6290760232176527,0.6245583874530684,1.5757281697389451,1.5620299668475026
1081,1,1080,expanding,end_multiplicity_ge3,1080,89,0.08253604471466587,0.08948245930662266,0,0.006812198677141324,0.00800711052356138,0.08614198561767007,0.09374211509792349
1081,781,1080,rolling300,end_multiplicity_ge3,300,30,0.09934265370666392,0.08948245930662266,0,0.009868962845482148,0.00800711052356138,0.10463039748860294,0.09374211509792349
1081,1,1080,expanding,multiple_repeat_end_groups,1080,268,0.2477470091743283,0.22608550458805707,0,0.06137858055482471,0.05111465538483637,0.284682587639844,0.25629388253878654
1081,781,1080,rolling300,multiple_repeat_end_groups,300,82,0.27038034403675354,0.22608550458805707,0,0.07310553044143321,0.05111465538483637,0.3152318998458119,0.25629388253878654
1081,1,1080,expanding,extreme_sum,1080,138,0.127535231059183,0.11443770825506504,0,0.016265235161319194,0.01309598907067138,0.13643300515828524,0.12153247782470628
1081,781,1080,rolling300,extreme_sum,300,36,0.11965235676594158,0.11443770825506504,0,0.014316686479644165,0.01309598907067138,0.12743840039163556,0.12153247782470628
1081,1,1080,expanding,narrow_three_span_le4,1080,267,0.24754788568999883,0.26513371294993526,0,0.061279955709588725,0.07029588574261866,0.2844179198523656,0.30806671870004826
1081,781,1080,rolling300,narrow_three_span_le4,300,68,0.22907085705937097,0.26513371294993526,0,0.05247345755391477,0.07029588574261866,0.2601588124428692,0.30806671870004826
1081,1,1080,expanding,large_gap_ge15,1080,468,0.43339610199869055,0.4367856099279809,0,0.18783218122765938,0.19078166904015828,0.5680948119741763,0.574094923910703
1081,781,1080,rolling300,large_gap_ge15,300,127,0.42417410062049876,0.4367856099279809,0,0.17992366763720902,0.19078166904015828,0.5519499219971077,0.574094923910703
1081,1,1080,expanding,previous_overlap_ge2,1079,209,0.19336320474724542,0.17530810086113546,1,0.6506629194556343,0.6801167285052672,1.643184968731469,1.7412102767071724
1081,781,1080,rolling300,previous_overlap_ge2,300,48,0.16095675630382095,0.17530810086113546,1,0.7039935647922057,0.6801167285052672,1.8266195444618119,1.7412102767071724
1082,1,1081,expanding,consecutive_ge1,1081,552,0.5109672567884898,0.5287474862063631,1,0.2391530239329749,0.2220789317568219,0.671449767566288,0.6372443028525948
1082,782,1081,rolling300,consecutive_ge1,300,149,0.4986717178878977,0.5287474862063631,1,0.2513300464454717,0.2220789317568219,0.6958072797127864,0.6372443028525948
1082,1,1081,expanding,consecutive_ge2,1081,137,0.12669966866662183,0.12481676009753151,0,0.016052806040231755,0.015579223601244734,0.13547576015867643,0.1333219975178157
1082,782,1081,rolling300,consecutive_ge2,300,35,0.11717604750609571,0.12481676009753151,0,0.0137302261091508,0.015579223601244734,0.12462947255496382,0.1333219975178157
1082,1,1081,expanding,band_ge3,1081,473,0.4378368742848412,0.45291992938050796,1,0.31602737991383745,0.2992966036690284,0.825908871115769,0.7920399254567645
1082,782,1081,rolling300,band_ge3,300,116,0.39080749558628175,0.45291992938050796,1,0.3711155074338582,0.2992966036690284,0.9395401788892525,0.7920399254567645
1082,1,1081,expanding,band_ge4,1081,60,0.05569992126842677,0.06628066582689385,0,0.003102481229308941,0.004393126662456374,0.05731128333752328,0.0685793846560867
1082,782,1081,rolling300,band_ge4,300,11,0.03851754161418087,0.06628066582689385,0,0.001483601012000155,0.004393126662456374,0.039278958128235016,0.0685793846560867
1082,1,1081,expanding,odd_imbalance,1081,190,0.17596372022271647,0.18680279826054075,0,0.030963230834618438,0.034895285437968285,0.19354072118598034,0.20678163828224355
1082,782,1081,rolling300,odd_imbalance,300,61,0.20230017489128377,0.18680279826054075,0,0.040925360761044,0.034895285437968285,0.2260229113095098,0.20678163828224355
1082,1,1081,expanding,low_high_imbalance,1081,212,0.19594555491844762,0.18680279826054075,1,0.646503550655403,0.6612896889168869,1.6299184393682444,1.677701773318112
1082,782,1081,rolling300,low_high_imbalance,300,58,0.1929251748912838,0.18680279826054075,1,0.6513697733242648,0.6612896889168869,1.6454528601141498,1.677701773318112
1082,1,1081,expanding,repeated_end,1081,847,0.7836564952840931,0.790290065389328,1,0.04680451203276163,0.043978256674412325,0.24378449841504637,0.2353552295330889
1082,782,1081,rolling300,repeated_end,300,237,0.790018129086833,0.790290065389328,1,0.04409238611219393,0.043978256674412325,0.23569938557319503,0.2353552295330889
1082,1,1081,expanding,end_multiplicity_ge3,1081,89,0.08246108009639641,0.08948245930662266,0,0.0067998297306643045,0.00800711052356138,0.08606028043962943,0.09374211509792349
1082,782,1081,rolling300,end_multiplicity_ge3,300,30,0.09934265370666392,0.08948245930662266,0,0.009868962845482148,0.00800711052356138,0.10463039748860294,0.09374211509792349
1082,1,1081,expanding,multiple_repeat_end_groups,1081,268,0.24752198918416088,0.22608550458805707,0,0.061267135129683854,0.05111465538483637,0.2843835042932534,0.25629388253878654
1082,782,1081,rolling300,multiple_repeat_end_groups,300,82,0.27038034403675354,0.22608550458805707,0,0.07310553044143321,0.05111465538483637,0.3152318998458119,0.25629388253878654
1082,1,1081,expanding,extreme_sum,1081,138,0.1274193952453236,0.11443770825506504,0,0.016235702284683996,0.01309598907067138,0.13630024549968203,0.12153247782470628
1082,782,1081,rolling300,extreme_sum,300,36,0.11965235676594158,0.11443770825506504,0,0.014316686479644165,0.01309598907067138,0.12743840039163556,0.12153247782470628
1082,1,1081,expanding,narrow_three_span_le4,1081,267,0.2473230465567654,0.26513371294993526,0,0.06116868935811995,0.07029588574261866,0.2841191559261044,0.30806671870004826
1082,782,1081,rolling300,narrow_three_span_le4,300,67,0.22594585705937095,0.26513371294993526,0,0.05105153032229369,0.07029588574261866,0.25611345571926963,0.30806671870004826
1082,1,1081,expanding,large_gap_ge15,1081,468,0.43300246339560367,0.4367856099279809,0,0.1874911333066611,0.19078166904015828,0.5674003198768804,0.574094923910703
1082,782,1081,rolling300,large_gap_ge15,300,126,0.4210491006204988,0.4367856099279809,0,0.1772823451333309,0.19078166904015828,0.546537607458439,0.574094923910703
1082,1,1081,expanding,previous_overlap_ge2,1080,210,0.19409651092474792,0.17530810086113546,0,0.03767345555316079,0.030732930227538046,0.21579128424641109,0.19274541798861644
1082,782,1081,rolling300,previous_overlap_ge2,300,49,0.16408175630382096,0.17530810086113546,0,0.02692282275174649,0.030732930227538046,0.17922446530143663,0.19274541798861644
1083,1,1082,expanding,consecutive_ge1,1082,553,0.5114110251580102,0.5287474862063631,1,0.23871918633714656,0.2220789317568219,0.6705816575815087,0.6372443028525948
1083,783,1082,rolling300,consecutive_ge1,300,150,0.5017967178878977,0.5287474862063631,1,0.24820651030727098,0.2220789317568219,0.6895601857489702,0.6372443028525948
1083,1,1082,expanding,consecutive_ge2,1082,137,0.12658469619051782,0.12481676009753151,0,0.016023685309645697,0.015579223601244734,0.1353441159757804,0.1333219975178157
1083,783,1082,rolling300,consecutive_ge2,300,35,0.11717604750609571,0.12481676009753151,0,0.0137302261091508,0.015579223601244734,0.12462947255496382,0.1333219975178157
1083,1,1082,expanding,band_ge3,1082,474,0.4383470041629856,0.45291992938050796,0,0.19214809605866454,0.20513646243004433,0.5768710649160587,0.6031601058843978
1083,783,1082,rolling300,band_ge3,300,116,0.39080749558628175,0.45291992938050796,0,0.15273049860642163,0.20513646243004433,0.49562096201955913,0.6031601058843978
1083,1,1082,expanding,band_ge4,1082,60,0.05564937687526123,0.06628066582689385,0,0.0030968531466048594,0.004393126662456374,0.05725775899538004,0.0685793846560867
1083,783,1082,rolling300,band_ge4,300,11,0.03851754161418087,0.06628066582689385,0,0.001483601012000155,0.004393126662456374,0.039278958128235016,0.0685793846560867
1083,1,1082,expanding,odd_imbalance,1082,190,0.17580404352559967,0.18680279826054075,0,0.030907061719950942,0.034895285437968285,0.19334696608993943,0.20678163828224355
1083,783,1082,rolling300,odd_imbalance,300,61,0.20230017489128377,0.18680279826054075,0,0.040925360761044,0.034895285437968285,0.2260229113095098,0.20678163828224355
1083,1,1082,expanding,low_high_imbalance,1082,213,0.19667518690128025,0.18680279826054075,1,0.645330755340093,0.6612896889168869,1.6262017084620568,1.677701773318112
1083,783,1082,rolling300,low_high_imbalance,300,59,0.1960501748912838,0.18680279826054075,1,0.6463353212923355,0.6612896889168869,1.6293846581692961,1.677701773318112
1083,1,1082,expanding,repeated_end,1082,848,0.7838528142538898,0.790290065389328,0,0.614425234413743,0.6245583874530684,1.531795687864844,1.5620299668475026
1083,783,1082,rolling300,repeated_end,300,237,0.790018129086833,0.790290065389328,0,0.6241286442858599,0.6245583874530684,1.5607340809761487,1.5620299668475026
1083,1,1082,expanding,end_multiplicity_ge3,1082,89,0.08238625153006575,0.08948245930662266,0,0.006787494441175261,0.00800711052356138,0.08597873020387878,0.09374211509792349
1083,783,1082,rolling300,end_multiplicity_ge3,300,30,0.09934265370666392,0.08948245930662266,0,0.009868962845482148,0.00800711052356138,0.10463039748860294,0.09374211509792349
1083,1,1082,expanding,multiple_repeat_end_groups,1082,268,0.2472973775787306,0.22608550458805707,0,0.06115599295731725,0.05111465538483637,0.2840850529284966,0.25629388253878654
1083,783,1082,rolling300,multiple_repeat_end_groups,300,82,0.27038034403675354,0.22608550458805707,0,0.07310553044143321,0.05111465538483637,0.3152318998458119,0.25629388253878654
1083,1,1082,expanding,extreme_sum,1082,138,0.12730376965980153,0.11443770825506504,0,0.016206249769595806,0.01309598907067138,0.13616774435904205,0.12153247782470628
1083,783,1082,rolling300,extreme_sum,300,36,0.11965235676594158,0.11443770825506504,0,0.014316686479644165,0.01309598907067138,0.12743840039163556,0.12153247782470628
1083,1,1082,expanding,narrow_three_span_le4,1082,267,0.24709861548003512,0.26513371294993526,0,0.06105772577215025,0.07029588574261866,0.2838210232116071,0.30806671870004826
1083,783,1082,rolling300,narrow_three_span_le4,300,67,0.22594585705937095,0.26513371294993526,0,0.05105153032229369,0.07029588574261866,0.25611345571926963,0.30806671870004826
1083,1,1082,expanding,large_gap_ge15,1082,468,0.43260953920014483,0.4367856099279809,1,0.32193193500667205,0.3172104491841965,0.8379197148506669,0.8283127993981904
1083,783,1082,rolling300,large_gap_ge15,300,126,0.4210491006204988,0.4367856099279809,1,0.3351841438923333,0.3172104491841965,0.8650058235480829,0.8283127993981904
1083,1,1082,expanding,previous_overlap_ge2,1081,210,0.19392021981582444,0.17530810086113546,0,0.03760505165341767,0.030732930227538046,0.21557255851521004,0.19274541798861644
1083,783,1082,rolling300,previous_overlap_ge2,300,49,0.16408175630382096,0.17530810086113546,0,0.02692282275174649,0.030732930227538046,0.17922446530143663,0.19274541798861644
1084,1,1083,expanding,consecutive_ge1,1083,554,0.511853988870469,0.5287474862063631,1,0.23828652818167226,0.2220789317568219,0.6697158726009693,0.6372443028525948
1084,784,1083,rolling300,consecutive_ge1,300,150,0.5017967178878977,0.5287474862063631,1,0.24820651030727098,0.2220789317568219,0.6895601857489702,0.6372443028525948
1084,1,1083,expanding,consecutive_ge2,1083,137,0.12646993218671862,0.12481676009753151,0,0.015994643747313207,0.015579223601244734,0.13521272777575022,0.1333219975178157
1084,784,1083,rolling300,consecutive_ge2,300,34,0.11405104750609571,0.12481676009753151,0,0.013007641437237701,0.015579223601244734,0.12109594573227168,0.1333219975178157
1084,1,1083,expanding,band_ge3,1083,474,0.43794959074126033,0.45291992938050796,0,0.19179984403043743,0.20513646243004433,0.5761637369209803,0.6031601058843978
1084,784,1083,rolling300,band_ge3,300,115,0.38768249558628176,0.45291992938050796,0,0.15029771738400738,0.20513646243004433,0.4905043329373673,0.6031601058843978
1084,1,1083,expanding,band_ge4,1083,60,0.055598924131040686,0.06628066582689385,0,0.0030912403645292183,0.004393126662456374,0.057204334562449624,0.0685793846560867
1084,784,1083,rolling300,band_ge4,300,10,0.035392541614180865,0.06628066582689385,0,0.0012526320019115244,0.004393126662456374,0.036034039274919674,0.0685793846560867
1084,1,1083,expanding,odd_imbalance,1083,190,0.1756446563601186,0.18680279826054075,0,0.030851045307864155,0.034895285437968285,0.19315359974948448,0.20678163828224355
1084,784,1083,rolling300,odd_imbalance,300,61,0.20230017489128377,0.18680279826054075,0,0.040925360761044,0.034895285437968285,0.2260229113095098,0.20678163828224355
1084,1,1083,expanding,low_high_imbalance,1083,214,0.1974034958886771,0.18680279826054075,0,0.03896814018907095,0.034895285437968285,0.21990317686361258,0.20678163828224355
1084,784,1083,rolling300,low_high_imbalance,300,60,0.1991751748912838,0.18680279826054075,0,0.03967075029297349,0.034895285437968285,0.22211305107611848,0.20678163828224355
1084,1,1083,expanding,repeated_end,1083,848,0.7831421589372498,0.790290065389328,1,0.047027323230397024,0.043978256674412325,0.24444104271821251,0.2353552295330889
1084,784,1083,rolling300,repeated_end,300,236,0.7868931290868331,0.790290065389328,1,0.0454145384304012,0.043978256674412325,0.23966283510108527,0.2353552295330889
1084,1,1083,expanding,end_multiplicity_ge3,1083,89,0.08231155864563232,0.08948245930662266,0,0.0067751926866733685,0.00800711052356138,0.08589733446982609,0.09374211509792349
1084,784,1083,rolling300,end_multiplicity_ge3,300,30,0.09934265370666392,0.08948245930662266,0,0.009868962845482148,0.00800711052356138,0.10463039748860294,0.09374211509792349
1084,1,1083,expanding,multiple_repeat_end_groups,1083,268,0.24707317324729022,0.22608550458805707,1,0.5668988064439051,0.5989436462087222,1.3980707382621858,1.4868420123767523
1084,784,1083,rolling300,multiple_repeat_end_groups,300,82,0.27038034403675354,0.22608550458805707,1,0.532344842367926,0.5989436462087222,1.3079256296273014,1.4868420123767523
1084,1,1083,expanding,extreme_sum,1083,138,0.1271883537308262,0.11443770825506504,0,0.016176877324757772,0.01309598907067138,0.1360355009808367,0.12153247782470628
1084,784,1083,rolling300,extreme_sum,300,36,0.11965235676594158,0.11443770825506504,0,0.014316686479644165,0.01309598907067138,0.12743840039163556,0.12153247782470628
1084,1,1083,expanding,narrow_three_span_le4,1083,267,0.2468745913499535,0.26513371294993526,0,0.06094706385420653,0.07029588574261866,0.28352351969739353,0.30806671870004826
1084,784,1083,rolling300,narrow_three_span_le4,300,66,0.22282085705937096,0.26513371294993526,0,0.04964913434067263,0.07029588574261866,0.2520843979935684,0.30806671870004826
1084,1,1083,expanding,large_gap_ge15,1083,469,0.43312394578291896,0.4367856099279809,1,0.32134846084472696,0.3172104491841965,0.8367313430197622,0.8283127993981904
1084,784,1083,rolling300,large_gap_ge15,300,126,0.4210491006204988,0.4367856099279809,1,0.3351841438923333,0.3172104491841965,0.8650058235480829,0.8283127993981904
1084,1,1083,expanding,previous_overlap_ge2,1082,210,0.19374424865446707,0.17530810086113546,0,0.03753683388668397,0.030732930227538046,0.21535427744577393,0.19274541798861644
1084,784,1083,rolling300,previous_overlap_ge2,300,48,0.16095675630382095,0.17530810086113546,0,0.025907077399847604,0.030732930227538046,0.1754930318930178,0.19274541798861644
1085,1,1084,expanding,consecutive_ge1,1084,555,0.5122961501124341,0.5287474862063631,1,0.23785504519515338,0.2220789317568219,0.6688524029736029,0.6372443028525948
1085,785,1084,rolling300,consecutive_ge1,300,150,0.5017967178878977,0.5287474862063631,1,0.24820651030727098,0.2220789317568219,0.6895601857489702,0.6372443028525948
1085,1,1084,expanding,consecutive_ge2,1084,137,0.1263553760887234,0.12481676009753151,0,0.015965681066522734,0.015579223601244734,0.13508159481154003,0.1333219975178157
1085,785,1084,rolling300,consecutive_ge2,300,34,0.11405104750609571,0.12481676009753151,0,0.013007641437237701,0.015579223601244734,0.12109594573227168,0.1333219975178157
1085,1,1084,expanding,band_ge3,1084,474,0.437552897271386,0.45291992938050796,0,0.1914525379105841,0.20513646243004433,0.5754581889191368,0.6031601058843978
1085,785,1084,rolling300,band_ge3,300,115,0.38768249558628176,0.45291992938050796,0,0.15029771738400738,0.20513646243004433,0.4905043329373673,0.6031601058843978
1085,1,1084,expanding,band_ge4,1084,60,0.05554856278671909,0.06628066582689385,0,0.0030856428276700727,0.004393126662456374,0.057151009759179056,0.0685793846560867
1085,785,1084,rolling300,band_ge4,300,10,0.035392541614180865,0.06628066582689385,0,0.0012526320019115244,0.004393126662456374,0.036034039274919674,0.0685793846560867
1085,1,1084,expanding,odd_imbalance,1084,190,0.17548555793950255,0.18680279826054075,0,0.030795181045338505,0.034895285437968285,0.19296062099216887,0.20678163828224355
1085,785,1084,rolling300,odd_imbalance,300,61,0.20230017489128377,0.18680279826054075,0,0.040925360761044,0.034895285437968285,0.2260229113095098,0.20678163828224355
1085,1,1084,expanding,low_high_imbalance,1084,214,0.19722468837428517,0.18680279826054075,0,0.03889757770433389,0.034895285437968285,0.21968041536577324,0.20678163828224355
1085,785,1084,rolling300,low_high_imbalance,300,60,0.1991751748912838,0.18680279826054075,0,0.03967075029297349,0.034895285437968285,0.22211305107611848,0.20678163828224355
1085,1,1084,expanding,repeated_end,1084,849,0.783338588141111,0.790290065389328,1,0.046942167388687124,0.043978256674412325,0.2441902522692943,0.2353552295330889
1085,785,1084,rolling300,repeated_end,300,236,0.7868931290868331,0.790290065389328,1,0.0454145384304012,0.043978256674412325,0.23966283510108527,0.2353552295330889
1085,1,1084,expanding,end_multiplicity_ge3,1084,89,0.08223700107439534,0.08948245930662266,0,0.0067629243457101,0.00800711052356138,0.08581609279854917,0.09374211509792349
1085,785,1084,rolling300,end_multiplicity_ge3,300,30,0.09934265370666392,0.08948245930662266,0,0.009868962845482148,0.00800711052356138,0.10463039748860294,0.09374211509792349
1085,1,1084,expanding,multiple_repeat_end_groups,1084,269,0.24775517218456625,0.22608550458805707,1,0.5658722809750716,0.5989436462087222,1.3953142293620373,1.4868420123767523
1085,785,1084,rolling300,multiple_repeat_end_groups,300,83,0.27350534403675353,0.22608550458805707,1,0.5277944851431559,0.5989436462087222,1.2964341178713097,1.4868420123767523
1085,1,1084,expanding,extreme_sum,1084,138,0.1270731468886787,0.11443770825506504,0,0.016147584660191717,0.01309598907067138,0.1359035146124824,0.12153247782470628
1085,785,1084,rolling300,extreme_sum,300,36,0.11965235676594158,0.11443770825506504,0,0.014316686479644165,0.01309598907067138,0.12743840039163556,0.12153247782470628
1085,1,1084,expanding,narrow_three_span_le4,1084,267,0.24665097306068723,0.26513371294993526,0,0.06083670251178386,0.07029588574261866,0.2832266433805761,0.30806671870004826
1085,785,1084,rolling300,narrow_three_span_le4,300,66,0.22282085705937096,0.26513371294993526,0,0.04964913434067263,0.07029588574261866,0.2520843979935684,0.30806671870004826
1085,1,1084,expanding,large_gap_ge15,1084,470,0.43363742046970977,0.4367856099279809,1,0.32076657149220433,0.3172104491841965,0.8355465307592022,0.8283127993981904
1085,785,1084,rolling300,large_gap_ge15,300,127,0.42417410062049876,0.4367856099279809,1,0.3315754663962115,0.3172104491841965,0.8576112933583256,0.8283127993981904
1085,1,1084,expanding,previous_overlap_ge2,1083,210,0.19356859657046485,0.17530810086113546,0,0.037468801578259374,0.030732930227538046,0.21513643967832266,0.19274541798861644
1085,785,1084,rolling300,previous_overlap_ge2,300,48,0.16095675630382095,0.17530810086113546,0,0.025907077399847604,0.030732930227538046,0.1754930318930178,0.19274541798861644
1086,1,1085,expanding,consecutive_ge1,1085,556,0.5127375110625586,0.5287474862063631,1,0.2374247331255102,0.2220789317568219,0.6679912391033458,0.6372443028525948
1086,786,1085,rolling300,consecutive_ge1,300,150,0.5017967178878977,0.5287474862063631,1,0.24820651030727098,0.2220789317568219,0.6895601857489702,0.6372443028525948
1086,1,1085,expanding,consecutive_ge2,1085,137,0.12624102733208203,0.12481676009753151,0,0.015936796981859482,0.015579223601244734,0.1349507163390126,0.1333219975178157
1086,786,1085,rolling300,consecutive_ge2,300,34,0.11405104750609571,0.12481676009753151,0,0.013007641437237701,0.015579223601244734,0.12109594573227168,0.1333219975178157
1086,1,1085,expanding,band_ge3,1085,474,0.4371569217987422,0.45291992938050796,0,0.1911061742765516,0.20513646243004433,0.5747544140249838,0.6031601058843978
1086,786,1085,rolling300,band_ge3,300,115,0.38768249558628176,0.45291992938050796,0,0.15029771738400738,0.20513646243004433,0.4905043329373673,0.6031601058843978
1086,1,1085,expanding,band_ge4,1085,60,0.05549829259415193,0.06628066582689385,0,0.0030800604808660986,0.004393126662456374,0.057097784307057954,0.0685793846560867
1086,786,1085,rolling300,band_ge4,300,10,0.035392541614180865,0.06628066582689385,0,0.0012526320019115244,0.004393126662456374,0.036034039274919674,0.0685793846560867
1086,1,1085,expanding,odd_imbalance,1085,190,0.1753267474798288,0.18680279826054075,0,0.03073946838185565,0.034895285437968285,0.19276802865027057,0.20678163828224355
1086,786,1085,rolling300,odd_imbalance,300,61,0.20230017489128377,0.18680279826054075,0,0.040925360761044,0.034895285437968285,0.2260229113095098,0.20678163828224355
1086,1,1085,expanding,low_high_imbalance,1085,214,0.19704620449340346,0.18680279826054075,0,0.038827206705256176,0.034895285437968285,0.21945810653320116,0.20678163828224355
1086,786,1085,rolling300,low_high_imbalance,300,60,0.1991751748912838,0.18680279826054075,0,0.03967075029297349,0.034895285437968285,0.22211305107611848,0.20678163828224355
1086,1,1085,expanding,repeated_end,1085,850,0.7835346618170014,0.790290065389328,1,0.04685724263467996,0.043978256674412325,0.2439399784492274,0.2353552295330889
1086,786,1085,rolling300,repeated_end,300,236,0.7868931290868331,0.790290065389328,1,0.0454145384304012,0.043978256674412325,0.23966283510108527,0.2353552295330889
1086,1,1085,expanding,end_multiplicity_ge3,1085,89,0.08216257844898864,0.08948245930662266,0,0.006750689297386212,0.00800711052356138,0.08573500475278793,0.09374211509792349
1086,786,1085,rolling300,end_multiplicity_ge3,300,30,0.09934265370666392,0.08948245930662266,0,0.009868962845482148,0.00800711052356138,0.10463039748860294,0.09374211509792349
1086,1,1085,expanding,multiple_repeat_end_groups,1085,270,0.24843593673462544,0.22608550458805707,1,0.56484854119196,0.5989436462087222,1.3925702665422122,1.4868420123767523
1086,786,1085,rolling300,multiple_repeat_end_groups,300,83,0.27350534403675353,0.22608550458805707,1,0.5277944851431559,0.5989436462087222,1.2964341178713097,1.4868420123767523
1086,1,1085,expanding,extreme_sum,1085,138,0.12695814856570253,0.11443770825506504,0,0.016118371487230995,0.01309598907067138,0.1357717845043274,0.12153247782470628
1086,786,1085,rolling300,extreme_sum,300,36,0.11965235676594158,0.11443770825506504,0,0.014316686479644165,0.01309598907067138,0.12743840039163556,0.12153247782470628
1086,1,1085,expanding,narrow_three_span_le4,1085,267,0.24642775951040607,0.26513371294993526,0,0.06072664065731853,0.07029588574261866,0.28293039226681427,0.30806671870004826
1086,786,1085,rolling300,narrow_three_span_le4,300,66,0.22282085705937096,0.26513371294993526,0,0.04964913434067263,0.07029588574261866,0.2520843979935684,0.30806671870004826
1086,1,1085,expanding,large_gap_ge15,1085,471,0.4341499657905517,0.4367856099279809,0,0.18848619279593723,0.19078166904015828,0.5694261931134447,0.574094923910703
1086,786,1085,rolling300,large_gap_ge15,300,128,0.4272991006204988,0.4367856099279809,0,0.18258452139108716,0.19078166904015828,0.5573916891636158,0.574094923910703
1086,1,1085,expanding,previous_overlap_ge2,1084,210,0.19339326269675972,0.17530810086113546,0,0.03740095405649791,0.030732930227538046,0.21491904385863542,0.19274541798861644
1086,786,1085,rolling300,previous_overlap_ge2,300,48,0.16095675630382095,0.17530810086113546,0,0.025907077399847604,0.030732930227538046,0.1754930318930178,0.19274541798861644
1087,1,1086,expanding,consecutive_ge1,1086,557,0.513178073891616,0.5287474862063631,1,0.23699558773987692,0.2220789317568219,0.6671323714487347,0.6372443028525948
1087,787,1086,rolling300,consecutive_ge1,300,150,0.5017967178878977,0.5287474862063631,1,0.24820651030727098,0.2220789317568219,0.6895601857489702,0.6372443028525948
1087,1,1086,expanding,consecutive_ge2,1086,137,0.12612688535438576,0.12481676009753151,0,0.01590799120919837,0.015579223601244734,0.13482009161692482,0.1333219975178157
1087,787,1086,rolling300,consecutive_ge2,300,34,0.11405104750609571,0.12481676009753151,0,0.013007641437237701,0.015579223601244734,0.12109594573227168,0.1333219975178157
1087,1,1086,expanding,band_ge3,1086,474,0.43676166237577774,0.45291992938050796,1,0.31723742496969737,0.2992966036690284,0.8283676276896141,0.7920399254567645
1087,787,1086,rolling300,band_ge3,300,114,0.3845574955862817,0.45291992938050796,1,0.3787694762390296,0.2992966036690284,0.9556619678310927,0.7920399254567645
1087,1,1086,expanding,band_ge4,1086,60,0.05544811330609211,0.06628066582689385,0,0.003074493269205229,0.004393126662456374,0.057044657928612824,0.0685793846560867
1087,787,1086,rolling300,band_ge4,300,9,0.03226754161418087,0.06628066582689385,0,0.0010411942418228942,0.004393126662456374,0.03279961587226287,0.0685793846560867
1087,1,1086,expanding,odd_imbalance,1086,190,0.1751682242000098,0.18680279826054075,0,0.030683906769384896,0.034895285437968285,0.19257582156076747,0.20678163828224355
1087,787,1086,rolling300,odd_imbalance,300,60,0.1991751748912838,0.18680279826054075,0,0.03967075029297349,0.034895285437968285,0.22211305107611848,0.20678163828224355
1087,1,1086,expanding,low_high_imbalance,1086,214,0.1968680433681834,0.18680279826054075,0,0.03875702649961694,0.034895285437968285,0.21923624898205407,0.20678163828224355
1087,787,1086,rolling300,low_high_imbalance,300,60,0.1991751748912838,0.18680279826054075,0,0.03967075029297349,0.034895285437968285,0.22211305107611848,0.20678163828224355
1087,1,1086,expanding,repeated_end,1086,851,0.7837303809292826,0.790290065389328,1,0.04677254813299321,0.043978256674412325,0.24369021965545548,0.2353552295330889
1087,787,1086,rolling300,repeated_end,300,236,0.7868931290868331,0.790290065389328,1,0.0454145384304012,0.043978256674412325,0.23966283510108527,0.2353552295330889
1087,1,1086,expanding,end_multiplicity_ge3,1086,89,0.08208829040337473,0.08948245930662266,1,0.8425619066145993,0.829042191910316,2.4999598987204816,2.41371265830984
1087,787,1086,rolling300,end_multiplicity_ge3,300,30,0.09934265370666392,0.08948245930662266,1,0.8111836554321542,0.829042191910316,2.3091802562848147,2.41371265830984
1087,1,1086,expanding,multiple_repeat_end_groups,1086,271,0.2491154702457153,0.22608550458805707,0,0.06205851751574386,0.05111465538483637,0.28650339436008965,0.25629388253878654
1087,787,1086,rolling300,multiple_repeat_end_groups,300,84,0.2766303440367536,0.22608550458805707,0,0.07652434724189264,0.05111465538483637,0.32383490675911203,0.25629388253878654
1087,1,1086,expanding,extreme_sum,1086,138,0.1268433581962941,0.11443770825506504,0,0.01608923751851337,0.01309598907067138,0.13564030990963694,0.12153247782470628
1087,787,1086,rolling300,extreme_sum,300,36,0.11965235676594158,0.11443770825506504,0,0.014316686479644165,0.01309598907067138,0.12743840039163556,0.12153247782470628
1087,1,1086,expanding,narrow_three_span_le4,1086,267,0.24620494960126466,0.26513371294993526,0,0.060616877208161266,0.07029588574261866,0.2826347643702677,0.30806671870004826
1087,787,1086,rolling300,narrow_three_span_le4,300,65,0.21969585705937095,0.26513371294993526,0,0.04826626960905155,0.07029588574261866,0.24807150845325626,0.30806671870004826
1087,1,1086,expanding,large_gap_ge15,1086,471,0.43375742513432153,0.4367856099279809,0,0.18814550385915654,0.19078166904015828,0.5687327150908609,0.574094923910703
1087,787,1086,rolling300,large_gap_ge15,300,128,0.4272991006204988,0.4367856099279809,0,0.18258452139108716,0.19078166904015828,0.5573916891636158,0.574094923910703
1087,1,1086,expanding,previous_overlap_ge2,1085,210,0.19321824616943234,0.17530810086113546,0,0.037333290652791354,0.030732930227538046,0.21470208863802276,0.19274541798861644
1087,787,1086,rolling300,previous_overlap_ge2,300,48,0.16095675630382095,0.17530810086113546,0,0.025907077399847604,0.030732930227538046,0.1754930318930178,0.19274541798861644
1088,1,1087,expanding,consecutive_ge1,1087,558,0.5136178407625359,0.5287474862063631,1,0.23656760482449787,0.2220789317568219,0.6662757905225098,0.6372443028525948
1088,788,1087,rolling300,consecutive_ge1,300,150,0.5017967178878977,0.5287474862063631,1,0.24820651030727098,0.2220789317568219,0.6895601857489702,0.6372443028525948
1088,1,1087,expanding,consecutive_ge2,1087,137,0.12601294959525802,0.12481676009753151,0,0.015879263465697038,0.015579223601244734,0.13468971990691347,0.1333219975178157
1088,788,1087,rolling300,consecutive_ge2,300,33,0.11092604750609572,0.12481676009753151,0,0.012304588015324604,0.015579223601244734,0.11757486077063632,0.1333219975178157
1088,1,1087,expanding,band_ge3,1087,475,0.43727045942873544,0.45291992938050796,1,0.31666453583154647,0.2992966036690284,0.8272033750317611,0.7920399254567645
1088,788,1087,rolling300,band_ge3,300,115,0.38768249558628176,0.45291992938050796,1,0.37493272621144386,0.2992966036690284,0.9475685847021761,0.7920399254567645
1088,1,1087,expanding,band_ge4,1087,60,0.05539802467618598,0.06628066582689385,0,0.0030689411380233106,0.004393126662456374,0.05699163034740308,0.0685793846560867
1088,788,1087,rolling300,band_ge4,300,9,0.03226754161418087,0.06628066582689385,0,0.0010411942418228942,0.004393126662456374,0.03279961587226287,0.0685793846560867
1088,1,1087,expanding,odd_imbalance,1087,190,0.17500998732178033,0.18680279826054075,0,0.030628495662369713,0.034895285437968285,0.19238399856531457,0.20678163828224355
1088,788,1087,rolling300,odd_imbalance,300,60,0.1991751748912838,0.18680279826054075,0,0.03967075029297349,0.034895285437968285,0.22211305107611848,0.20678163828224355
1088,1,1087,expanding,low_high_imbalance,1087,214,0.19669020412394836,0.18680279826054075,0,0.038687036398320475,0.034895285437968285,0.2190148413341466,0.20678163828224355
1088,788,1087,rolling300,low_high_imbalance,300,60,0.1991751748912838,0.18680279826054075,0,0.03967075029297349,0.034895285437968285,0.22211305107611848,0.20678163828224355
1088,1,1087,expanding,repeated_end,1087,852,0.7839257464388315,0.790290065389328,1,0.04668808305201613,0.043978256674412325,0.24344097429207556,0.2353552295330889
1088,788,1087,rolling300,repeated_end,300,236,0.7868931290868331,0.790290065389328,1,0.0454145384304012,0.043978256674412325,0.23966283510108527,0.2353552295330889
1088,1,1087,expanding,end_multiplicity_ge3,1087,90,0.08291747893959571,0.08948245930662266,0,0.006875308313698298,0.00800711052356138,0.08655782052329314,0.09374211509792349
1088,788,1087,rolling300,end_multiplicity_ge3,300,31,0.10246765370666391,0.08948245930662266,0,0.010499620056148795,0.00800711052356138,0.1081061188308866,0.09374211509792349
1088,1,1087,expanding,multiple_repeat_end_groups,1087,271,0.24889043368722774,0.22608550458805707,0,0.06194644798101631,0.05111465538483637,0.2862037439676406,0.25629388253878654
1088,788,1087,rolling300,multiple_repeat_end_groups,300,84,0.2766303440367536,0.22608550458805707,0,0.07652434724189264,0.05111465538483637,0.32383490675911203,0.25629388253878654
1088,1,1087,expanding,extreme_sum,1087,138,0.12672877521689369,0.11443770825506504,0,0.016060182467973968,0.01309598907067138,0.13550909008457918,0.12153247782470628
1088,788,1087,rolling300,extreme_sum,300,36,0.11965235676594158,0.11443770825506504,0,0.014316686479644165,0.01309598907067138,0.12743840039163556,0.12153247782470628
1088,1,1087,expanding,narrow_three_span_le4,1087,267,0.24598254223938457,0.26513371294993526,0,0.06050741108655061,0.07029588574261866,0.2823397577135521,0.30806671870004826
1088,788,1087,rolling300,narrow_three_span_le4,300,65,0.21969585705937095,0.26513371294993526,0,0.04826626960905155,0.07029588574261866,0.24807150845325626,0.30806671870004826
1088,1,1087,expanding,large_gap_ge15,1087,471,0.43336559367530225,0.4367856099279809,0,0.18780573778154716,0.19078166904015828,0.5680409692417534,0.574094923910703
1088,788,1087,rolling300,large_gap_ge15,300,128,0.4272991006204988,0.4367856099279809,0,0.18258452139108716,0.19078166904015828,0.5573916891636158,0.574094923910703
1088,1,1087,expanding,previous_overlap_ge2,1086,210,0.19304354612768782,0.17530810086113546,1,0.6511787184461771,0.6801167285052672,1.6448394879227313,1.7412102767071724
1088,788,1087,rolling300,previous_overlap_ge2,300,48,0.16095675630382095,0.17530810086113546,1,0.7039935647922057,0.6801167285052672,1.8266195444618119,1.7412102767071724
1089,1,1088,expanding,consecutive_ge1,1088,559,0.5140568138304398,0.5287474862063631,1,0.23614078018462387,0.2220789317568219,0.6654214868912194,0.6372443028525948
1089,789,1088,rolling300,consecutive_ge1,300,150,0.5017967178878977,0.5287474862063631,1,0.24820651030727098,0.2220789317568219,0.6895601857489702,0.6372443028525948
1089,1,1088,expanding,consecutive_ge2,1088,137,0.12589921949634533,0.12481676009753151,0,0.01585061346978894,0.015579223601244734,0.13455960047348198,0.1333219975178157
1089,789,1088,rolling300,consecutive_ge2,300,33,0.11092604750609572,0.12481676009753151,0,0.012304588015324604,0.015579223601244734,0.11757486077063632,0.1333219975178157
1089,1,1088,expanding,band_ge3,1088,476,0.4377783380754604,0.45291992938050796,0,0.19164987328811212,0.20513646243004433,0.5758590906142477,0.6031601058843978
1089,789,1088,rolling300,band_ge3,300,116,0.39080749558628175,0.45291992938050796,0,0.15273049860642163,0.20513646243004433,0.49562096201955913,0.6031601058843978
1089,1,1088,expanding,band_ge4,1088,60,0.055348026458969204,0.06628066582689385,0,0.003063404032902755,0.004393126662456374,0.05693870128801596,0.0685793846560867
1089,789,1088,rolling300,band_ge4,300,9,0.03226754161418087,0.06628066582689385,0,0.0010411942418228942,0.004393126662456374,0.03279961587226287,0.0685793846560867
1089,1,1088,expanding,odd_imbalance,1088,190,0.17485203606968486,0.18680279826054075,0,0.030573234517714376,0.034895285437968285,0.19219255851021988,0.20678163828224355
1089,789,1088,rolling300,odd_imbalance,300,60,0.1991751748912838,0.18680279826054075,0,0.03967075029297349,0.034895285437968285,0.22211305107611848,0.20678163828224355
1089,1,1088,expanding,low_high_imbalance,1088,214,0.19651268588917944,0.18680279826054075,0,0.038617235715379304,0.034895285437968285,0.2187938822169217,0.20678163828224355
1089,789,1088,rolling300,low_high_imbalance,300,60,0.1991751748912838,0.18680279826054075,0,0.03967075029297349,0.034895285437968285,0.22211305107611848,0.20678163828224355
1089,1,1088,expanding,repeated_end,1088,853,0.7841207593030565,0.790290065389328,0,0.6148453651700018,0.6245583874530684,1.5330360984838343,1.5620299668475026
1089,789,1088,rolling300,repeated_end,300,236,0.7868931290868331,0.790290065389328,0,0.6192007966040673,0.6245583874530684,1.545961497726458,1.5620299668475026
1089,1,1088,expanding,end_multiplicity_ge3,1088,90,0.08284264366979463,0.08948245930662266,0,0.006862903610200565,0.00800711052356138,0.08647622239562731,0.09374211509792349
1089,789,1088,rolling300,end_multiplicity_ge3,300,31,0.10246765370666391,0.08948245930662266,0,0.010499620056148795,0.00800711052356138,0.1081061188308866,0.09374211509792349
1089,1,1088,expanding,multiple_repeat_end_groups,1088,271,0.24866580333191438,0.22608550458805707,0,0.06183468174670632,0.05111465538483637,0.2859047239809737,0.25629388253878654
1089,789,1088,rolling300,multiple_repeat_end_groups,300,84,0.2766303440367536,0.22608550458805707,0,0.07652434724189264,0.05111465538483637,0.32383490675911203,0.25629388253878654
1089,1,1088,expanding,extreme_sum,1088,138,0.1266143990659759,0.11443770825506504,0,0.0160312060508382,0.01309598907067138,0.13537812428821064,0.12153247782470628
1089,789,1088,rolling300,extreme_sum,300,36,0.11965235676594158,0.11443770825506504,0,0.014316686479644165,0.01309598907067138,0.12743840039163556,0.12153247782470628
1089,1,1088,expanding,narrow_three_span_le4,1088,267,0.24576053633483638,0.26513371294993526,0,0.06039824121958643,0.07029588574261866,0.28204537032769267,0.30806671870004826
1089,789,1088,rolling300,narrow_three_span_le4,300,65,0.21969585705937095,0.26513371294993526,0,0.04826626960905155,0.07029588574261866,0.24807150845325626,0.30806671870004826
1089,1,1088,expanding,large_gap_ge15,1088,471,0.43297446949328483,0.4367856099279809,0,0.18746689123299143,0.19078166904015828,0.5673509489193818,0.574094923910703
1089,789,1088,rolling300,large_gap_ge15,300,127,0.42417410062049876,0.4367856099279809,0,0.17992366763720902,0.19078166904015828,0.5519499219971077,0.574094923910703
1089,1,1088,expanding,previous_overlap_ge2,1087,211,0.19377250408059865,0.17530810086113546,0,0.03754778333766562,0.030732930227538046,0.2153893232996548,0.19274541798861644
1089,789,1088,rolling300,previous_overlap_ge2,300,49,0.16408175630382096,0.17530810086113546,0,0.02692282275174649,0.030732930227538046,0.17922446530143663,0.19274541798861644
1090,1,1089,expanding,consecutive_ge1,1089,560,0.5144949952426756,0.5287474862063631,0,0.2647051001297608,0.2795739041695482,0.7225656828439008,0.7523612059240392
1090,790,1089,rolling300,consecutive_ge1,300,150,0.5017967178878977,0.5287474862063631,0,0.2517999460830664,0.2795739041695482,0.6967470882349659,0.7523612059240392
1090,1,1089,expanding,consecutive_ge2,1089,137,0.12578569450130805,0.12481676009753151,0,0.0158220409411764,0.015579223601244734,0.13442973258398572,0.1333219975178157
1090,790,1089,rolling300,consecutive_ge2,300,33,0.11092604750609572,0.12481676009753151,0,0.012304588015324604,0.015579223601244734,0.11757486077063632,0.1333219975178157
1090,1,1089,expanding,band_ge3,1089,476,0.43738358754518497,0.45291992938050796,0,0.19130440265389648,0.20513646243004433,0.5751572108406654,0.6031601058843978
1090,790,1089,rolling300,band_ge3,300,115,0.38768249558628176,0.45291992938050796,0,0.15029771738400738,0.20513646243004433,0.4905043329373673,0.6031601058843978
1090,1,1089,expanding,band_ge4,1089,60,0.055298118409862825,0.06628066582689385,0,0.0030578818996712096,0.004393126662456374,0.05688587047606151,0.0685793846560867
1090,790,1089,rolling300,band_ge4,300,9,0.03226754161418087,0.06628066582689385,0,0.0010411942418228942,0.004393126662456374,0.03279961587226287,0.0685793846560867
1090,1,1089,expanding,odd_imbalance,1089,190,0.17469436967106478,0.18680279826054075,0,0.030518122794770636,0.034895285437968285,0.19200150024642132,0.20678163828224355
1090,790,1089,rolling300,odd_imbalance,300,60,0.1991751748912838,0.18680279826054075,0,0.03967075029297349,0.034895285437968285,0.22211305107611848,0.20678163828224355
1090,1,1089,expanding,low_high_imbalance,1089,214,0.1963354877955012,0.18680279826054075,0,0.0385476237678974,0.034895285437968285,0.2185733702634213,0.20678163828224355
1090,790,1089,rolling300,low_high_imbalance,300,59,0.1960501748912838,0.18680279826054075,0,0.03843567107490296,0.034895285437968285,0.21821841833174108,0.20678163828224355
1090,1,1089,expanding,repeated_end,1089,853,0.7834137072207272,0.790290065389328,1,0.046909622219868864,0.043978256674412325,0.24409436081294072,0.2353552295330889
1090,790,1089,rolling300,repeated_end,300,235,0.783768129086833,0.790290065389328,1,0.04675622199860851,0.043978256674412325,0.24364205609125875,0.2353552295330889
1090,1,1089,expanding,end_multiplicity_ge3,1089,90,0.08276794335990302,0.08948245930662266,0,0.006850532448028115,0.00800711052356138,0.08639477806390063,0.09374211509792349
1090,790,1089,rolling300,end_multiplicity_ge3,300,31,0.10246765370666391,0.08948245930662266,0,0.010499620056148795,0.00800711052356138,0.1081061188308866,0.09374211509792349
1090,1,1089,expanding,multiple_repeat_end_groups,1089,271,0.24844157808093878,0.22608550458805707,0,0.061723217719347204,0.05111465538483637,0.28560633239947797,0.25629388253878654
1090,790,1089,rolling300,multiple_repeat_end_groups,300,84,0.2766303440367536,0.22608550458805707,0,0.07652434724189264,0.05111465538483637,0.32383490675911203,0.25629388253878654
1090,1,1089,expanding,extreme_sum,1089,138,0.12650022918404083,0.11443770825506504,0,0.016002307983614857,0.01309598907067138,0.13524741178246297,0.12153247782470628
1090,790,1089,rolling300,extreme_sum,300,36,0.11965235676594158,0.11443770825506504,0,0.014316686479644165,0.01309598907067138,0.12743840039163556,0.12153247782470628
1090,1,1089,expanding,narrow_three_span_le4,1089,267,0.24553893080162192,0.26513371294993526,0,0.06028936653920368,0.07029588574261866,0.28175160025207985,0.30806671870004826
1090,790,1089,rolling300,narrow_three_span_le4,300,65,0.21969585705937095,0.26513371294993526,0,0.04826626960905155,0.07029588574261866,0.24807150845325626,0.30806671870004826
1090,1,1089,expanding,large_gap_ge15,1089,471,0.4325840506749861,0.4367856099279809,0,0.18712896089837897,0.19078166904015828,0.5666626475117666,0.574094923910703
1090,790,1089,rolling300,large_gap_ge15,300,126,0.4210491006204988,0.4367856099279809,0,0.1772823451333309,0.19078166904015828,0.546537607458439,0.574094923910703
1090,1,1089,expanding,previous_overlap_ge2,1088,211,0.19359761914911797,0.17530810086113546,0,0.03748003814020693,0.030732930227538046,0.21517242922534124,0.19274541798861644
1090,790,1089,rolling300,previous_overlap_ge2,300,48,0.16095675630382095,0.17530810086113546,0,0.025907077399847604,0.030732930227538046,0.1754930318930178,0.19274541798861644
1091,1,1090,expanding,consecutive_ge1,1090,560,0.5140314862379525,0.5287474862063631,1,0.2361653963680934,0.2220789317568219,0.665470758130841,0.6372443028525948
1091,791,1090,rolling300,consecutive_ge1,300,150,0.5017967178878977,0.5287474862063631,1,0.24820651030727098,0.2220789317568219,0.6895601857489702,0.6372443028525948
1091,1,1090,expanding,consecutive_ge2,1090,137,0.1256723740558114,0.12481676009753151,0,0.015793545600823775,0.015579223601244734,0.1343001155086185,0.1333219975178157
1091,791,1090,rolling300,consecutive_ge2,300,33,0.11092604750609572,0.12481676009753151,0,0.012304588015324604,0.015579223601244734,0.11757486077063632,0.1333219975178157
1091,1,1090,expanding,band_ge3,1090,476,0.43698954827712627,0.45291992938050796,1,0.3169807687491944,0.2992966036690284,0.8278460011585437,0.7920399254567645
1091,791,1090,rolling300,band_ge3,300,115,0.38768249558628176,0.45291992938050796,1,0.37493272621144386,0.2992966036690284,0.9475685847021761,0.7920399254567645
1091,1,1090,expanding,band_ge4,1090,60,0.055248300285169256,0.06628066582689385,1,0.8925557741140617,0.8718317950086687,2.895917703126833,2.7138570408059484
1091,791,1090,rolling300,band_ge4,300,9,0.03226754161418087,0.06628066582689385,1,0.9365061110134612,0.8718317950086687,3.433693457593382,2.7138570408059484
1091,1,1090,expanding,odd_imbalance,1090,190,0.17453698735604578,0.18680279826054075,1,0.6813891852432329,0.6612896889168869,1.7456185978746466,1.677701773318112
1091,791,1090,rolling300,odd_imbalance,300,60,0.1991751748912838,0.18680279826054075,1,0.641320400510406,0.6612896889168869,1.6135705656376,1.677701773318112
1091,1,1090,expanding,low_high_imbalance,1090,214,0.1961586089776674,0.18680279826054075,0,0.03847819987605342,0.034895285437968285,0.2183533041122581,0.20678163828224355
1091,791,1090,rolling300,low_high_imbalance,300,59,0.1960501748912838,0.18680279826054075,0,0.03843567107490296,0.034895285437968285,0.21821841833174108,0.20678163828224355
1091,1,1090,expanding,repeated_end,1090,854,0.7836088300070149,0.790290065389328,1,0.04682513845093299,0.043978256674412325,0.24384532446194954,0.2353552295330889
1091,791,1090,rolling300,repeated_end,300,236,0.7868931290868331,0.790290065389328,1,0.0454145384304012,0.043978256674412325,0.23966283510108527,0.2353552295330889
1091,1,1090,expanding,end_multiplicity_ge3,1090,90,0.08269337764516436,0.08948245930662266,0,0.006838194706365769,0.00800711052356138,0.086313487093442,0.09374211509792349
1091,791,1090,rolling300,end_multiplicity_ge3,300,31,0.10246765370666391,0.08948245930662266,0,0.010499620056148795,0.00800711052356138,0.1081061188308866,0.09374211509792349
1091,1,1090,expanding,multiple_repeat_end_groups,1090,271,0.24821775683942443,0.22608550458805707,0,0.06161205481039563,0.05111465538483637,0.2853085672310538,0.25629388253878654
1091,791,1090,rolling300,multiple_repeat_end_groups,300,84,0.2766303440367536,0.22608550458805707,0,0.07652434724189264,0.05111465538483637,0.32383490675911203,0.25629388253878654
1091,1,1090,expanding,extreme_sum,1090,138,0.12638626501360478,0.11443770825506504,0,0.01597348798408914,0.01309598907067138,0.13511695183212863,0.12153247782470628
1091,791,1090,rolling300,extreme_sum,300,36,0.11965235676594158,0.11443770825506504,0,0.014316686479644165,0.01309598907067138,0.12743840039163556,0.12153247782470628
1091,1,1090,expanding,narrow_three_span_le4,1090,267,0.2453177245576565,0.26513371294993526,1,0.5695453368668332,0.5400284598427482,1.4052010736723257,1.3275210030826026
1091,791,1090,rolling300,narrow_three_span_le4,300,65,0.21969585705937095,0.26513371294993526,1,0.6088745554903096,0.5400284598427482,1.515511157032136,1.3275210030826026
1091,1,1090,expanding,large_gap_ge15,1090,471,0.4321943353140177,0.4367856099279809,0,0.18679194347752556,0.19078166904015828,0.56597605844146,0.574094923910703
1091,791,1090,rolling300,large_gap_ge15,300,126,0.4210491006204988,0.4367856099279809,0,0.1772823451333309,0.19078166904015828,0.546537607458439,0.574094923910703
1091,1,1090,expanding,previous_overlap_ge2,1089,211,0.19342304960975898,0.17530810086113546,0,0.03741247612033928,0.030732930227538046,0.21495597320924797,0.19274541798861644
1091,791,1090,rolling300,previous_overlap_ge2,300,48,0.16095675630382095,0.17530810086113546,0,0.025907077399847604,0.030732930227538046,0.1754930318930178,0.19274541798861644
1092,1,1091,expanding,consecutive_ge1,1091,561,0.5144689016418788,0.5287474862063631,1,0.23574044747284362,0.2220789317568219,0.6646201693795805,0.6372443028525948
1092,792,1091,rolling300,consecutive_ge1,300,151,0.5049217178878977,0.5287474862063631,1,0.2451025054190703,0.2220789317568219,0.6833518758060728,0.6372443028525948
1092,1,1091,expanding,consecutive_ge2,1091,137,0.12555925760751632,0.12481676009753151,0,0.015765127170950646,0.015579223601244734,0.13417074852039867,0.1333219975178157
1092,792,1091,rolling300,consecutive_ge2,300,33,0.11092604750609572,0.12481676009753151,0,0.012304588015324604,0.015579223601244734,0.11757486077063632,0.1333219975178157
1092,1,1091,expanding,band_ge3,1091,477,0.4374963083596851,0.45291992938050796,0,0.19140301982835267,0.20513646243004433,0.5753575820089823,0.6031601058843978
1092,792,1091,rolling300,band_ge3,300,116,0.39080749558628175,0.45291992938050796,0,0.15273049860642163,0.20513646243004433,0.49562096201955913,0.6031601058843978
1092,1,1091,expanding,band_ge4,1091,61,0.056098661851069195,0.06628066582689385,0,0.0031470598614806063,0.004393126662456374,0.0577336329714181,0.0685793846560867
1092,792,1091,rolling300,band_ge4,300,10,0.035392541614180865,0.06628066582689385,0,0.0012526320019115244,0.004393126662456374,0.036034039274919674,0.0685793846560867
1092,1,1091,expanding,odd_imbalance,1091,191,0.1752799783665264,0.18680279826054075,0,0.03072307081616996,0.034895285437968285,0.19271131796271315,0.20678163828224355
1092,792,1091,rolling300,odd_imbalance,300,61,0.20230017489128377,0.18680279826054075,0,0.040925360761044,0.034895285437968285,0.2260229113095098,0.20678163828224355
1092,1,1091,expanding,low_high_imbalance,1091,214,0.1959820485735471,0.18680279826054075,0,0.03840896336308417,0.034895285437968285,0.21813368240758688,0.20678163828224355
1092,792,1091,rolling300,low_high_imbalance,300,59,0.1960501748912838,0.18680279826054075,0,0.03843567107490296,0.034895285437968285,0.21821841833174108,0.20678163828224355
1092,1,1091,expanding,repeated_end,1091,855,0.7838036015371616,0.790290065389328,0,0.6143480857826256,0.6245583874530684,1.5315680322745302,1.5620299668475026
1092,792,1091,rolling300,repeated_end,300,236,0.7868931290868331,0.790290065389328,0,0.6192007966040673,0.6245583874530684,1.545961497726458,1.5620299668475026
1092,1,1091,expanding,end_multiplicity_ge3,1091,90,0.08261894616213541,0.08948245930662266,0,0.00682589026494183,0.00800711052356138,0.08623234905121753,0.09374211509792349
1092,792,1091,rolling300,end_multiplicity_ge3,300,30,0.09934265370666392,0.08948245930662266,0,0.009868962845482148,0.00800711052356138,0.10463039748860294,0.09374211509792349
1092,1,1091,expanding,multiple_repeat_end_groups,1091,271,0.24799433851643665,0.22608550458805707,0,0.06150119193620498,0.05111465538483637,0.28501142649206856,0.25629388253878654
1092,792,1091,rolling300,multiple_repeat_end_groups,300,84,0.2766303440367536,0.22608550458805707,0,0.07652434724189264,0.05111465538483637,0.32383490675911203,0.25629388253878654
1092,1,1091,expanding,extreme_sum,1091,138,0.1262725059991911,0.11443770825506504,0,0.01594474577131575,0.01309598907067138,0.1349867437048469,0.12153247782470628
1092,792,1091,rolling300,extreme_sum,300,36,0.11965235676594158,0.11443770825506504,0,0.014316686479644165,0.01309598907067138,0.12743840039163556,0.12153247782470628
1092,1,1091,expanding,narrow_three_span_le4,1091,268,0.2459970065337522,0.26513371294993526,0,0.06051452722356692,0.07029588574261866,0.2823589408676749,0.30806671870004826
1092,792,1091,rolling300,narrow_three_span_le4,300,66,0.22282085705937096,0.26513371294993526,0,0.04964913434067263,0.07029588574261866,0.2520843979935684,0.30806671870004826
1092,1,1091,expanding,large_gap_ge15,1091,471,0.4318053215108547,0.4367856099279809,0,0.1864558356850926,0.19078166904015828,0.565291175165313,0.574094923910703
1092,792,1091,rolling300,large_gap_ge15,300,125,0.4179241006204988,0.4367856099279809,0,0.17466055387945278,0.19078166904015828,0.5411544284485293,0.574094923910703
1092,1,1091,expanding,previous_overlap_ge2,1090,211,0.19324879461011055,0.17530810086113546,0,0.037345096618260694,0.030732930227538046,0.2147399539205475,0.19274541798861644
1092,792,1091,rolling300,previous_overlap_ge2,300,48,0.16095675630382095,0.17530810086113546,0,0.025907077399847604,0.030732930227538046,0.1754930318930178,0.19274541798861644
1093,1,1092,expanding,consecutive_ge1,1092,562,0.5149055303274526,0.5287474862063631,0,0.2651277051617952,0.2795739041695482,0.7234116241823716,0.7523612059240392
1093,793,1092,rolling300,consecutive_ge1,300,152,0.5080467178878977,0.5287474862063631,0,0.2581114675566651,0.2795739041695482,0.7093715220550484,0.7523612059240392
1093,1,1092,expanding,consecutive_ge2,1092,137,0.1254463446060707,0.12481676009753151,0,0.015736785375025045,0.015579223601244734,0.13404163089515606,0.1333219975178157
1093,793,1092,rolling300,consecutive_ge2,300,33,0.11092604750609572,0.12481676009753151,0,0.012304588015324604,0.015579223601244734,0.11757486077063632,0.1333219975178157
1093,1,1092,expanding,band_ge3,1092,477,0.43710287642770695,0.45291992938050796,0,0.19105892458137524,0.20513646243004433,0.5746583965406804,0.6031601058843978
1093,793,1092,rolling300,band_ge3,300,116,0.39080749558628175,0.45291992938050796,0,0.15273049860642163,0.20513646243004433,0.49562096201955913,0.6031601058843978
1093,1,1092,expanding,band_ge4,1092,61,0.05604821341415277,0.06628066582689385,0,0.0031414022269184144,0.004393126662456374,0.05768018767287511,0.0685793846560867
1093,793,1092,rolling300,band_ge4,300,10,0.035392541614180865,0.06628066582689385,0,0.0012526320019115244,0.004393126662456374,0.036034039274919674,0.0685793846560867
1093,1,1092,expanding,odd_imbalance,1092,191,0.17512235248670038,0.18680279826054075,0,0.030667838340476136,0.034895285437968285,0.19252020969037023,0.20678163828224355
1093,793,1092,rolling300,odd_imbalance,300,61,0.20230017489128377,0.18680279826054075,0,0.040925360761044,0.034895285437968285,0.2260229113095098,0.20678163828224355
1093,1,1092,expanding,low_high_imbalance,1092,214,0.19580580572411047,0.18680279826054075,0,0.03833991355526809,0.034895285437968285,0.21791450379907662,0.20678163828224355
1093,793,1092,rolling300,low_high_imbalance,300,59,0.1960501748912838,0.18680279826054075,0,0.03843567107490296,0.034895285437968285,0.21821841833174108,0.20678163828224355
1093,1,1092,expanding,repeated_end,1092,855,0.7830987421832613,0.790290065389328,1,0.04704615564248337,0.043978256674412325,0.2444964834284744,0.2353552295330889
1093,793,1092,rolling300,repeated_end,300,235,0.783768129086833,0.790290065389328,1,0.04675622199860851,0.043978256674412325,0.24364205609125875,0.2353552295330889
1093,1,1092,expanding,end_multiplicity_ge3,1092,90,0.08254464854868027,0.08948245930662266,0,0.006813619004025143,0.00800711052356138,0.08615136350582334,0.09374211509792349
1093,793,1092,rolling300,end_multiplicity_ge3,300,30,0.09934265370666392,0.08948245930662266,0,0.009868962845482148,0.00800711052356138,0.10463039748860294,0.09374211509792349
1093,1,1092,expanding,multiple_repeat_end_groups,1092,271,0.24777132202496505,0.22608550458805707,0,0.06139062801799893,0.05111465538483637,0.28471490820730994,0.25629388253878654
1093,793,1092,rolling300,multiple_repeat_end_groups,300,84,0.2766303440367536,0.22608550458805707,0,0.07652434724189264,0.05111465538483637,0.32383490675911203,0.25629388253878654
1093,1,1092,expanding,extreme_sum,1092,138,0.12615895158732132,0.11443770825506504,0,0.015916081065612084,0.01309598907067138,0.13485678667108986,0.12153247782470628
1093,793,1092,rolling300,extreme_sum,300,36,0.11965235676594158,0.11443770825506504,0,0.014316686479644165,0.01309598907067138,0.12743840039163556,0.12153247782470628
1093,1,1092,expanding,narrow_three_span_le4,1092,268,0.24577578620413554,0.26513371294993526,0,0.06040573708426094,0.07029588574261866,0.282065589401612,0.30806671870004826
1093,793,1092,rolling300,narrow_three_span_le4,300,66,0.22282085705937096,0.26513371294993526,0,0.04964913434067263,0.07029588574261866,0.2520843979935684,0.30806671870004826
1093,1,1092,expanding,large_gap_ge15,1092,471,0.4314170073728054,0.4367856099279809,0,0.18612063425050723,0.19078166904015828,0.5646079911742491,0.574094923910703
1093,793,1092,rolling300,large_gap_ge15,300,125,0.4179241006204988,0.4367856099279809,0,0.17466055387945278,0.19078166904015828,0.5411544284485293,0.574094923910703
1093,1,1092,expanding,previous_overlap_ge2,1091,211,0.19307485330083055,0.17530810086113546,0,0.037277898977137236,0.030732930227538046,0.2145243700338176,0.19274541798861644
1093,793,1092,rolling300,previous_overlap_ge2,300,48,0.16095675630382095,0.17530810086113546,0,0.025907077399847604,0.030732930227538046,0.1754930318930178,0.19274541798861644
1094,1,1093,expanding,consecutive_ge1,1093,562,0.5144429018186228,0.5287474862063631,1,0.23576569559431954,0.2220789317568219,0.6646707078672798,0.6372443028525948
1094,794,1093,rolling300,consecutive_ge1,300,152,0.5080467178878977,0.5287474862063631,1,0.24201803178086972,0.2220789317568219,0.6771818712858612,0.6372443028525948
1094,1,1093,expanding,consecutive_ge2,1093,137,0.1253336345031003,0.12481676009753151,0,0.015708519937756737,0.015579223601244734,0.13391276191151727,0.1333219975178157
1094,794,1093,rolling300,consecutive_ge2,300,33,0.11092604750609572,0.12481676009753151,0,0.012304588015324604,0.015579223601244734,0.11757486077063632,0.1333219975178157
1094,1,1093,expanding,band_ge3,1093,477,0.43671015147134784,0.45291992938050796,0,0.19071575639812757,0.20513646243004433,0.5739609546735528,0.6031601058843978
1094,794,1093,rolling300,band_ge3,300,116,0.39080749558628175,0.45291992938050796,0,0.15273049860642163,0.20513646243004433,0.49562096201955913,0.6031601058843978
1094,1,1093,expanding,band_ge4,1093,61,0.05599785563031256,0.06628066582689385,0,0.003135759835193328,0.004393126662456374,0.05762684126115767,0.0685793846560867
1094,794,1093,rolling300,band_ge4,300,10,0.035392541614180865,0.06628066582689385,0,0.0012526320019115244,0.004393126662456374,0.036034039274919674,0.0685793846560867
1094,1,1093,expanding,odd_imbalance,1093,191,0.17496500985194144,0.18680279826054075,0,0.030612754672489965,0.034895285437968285,0.19232948124615518,0.20678163828224355
1094,794,1093,rolling300,odd_imbalance,300,61,0.20230017489128377,0.18680279826054075,0,0.040925360761044,0.034895285437968285,0.2260229113095098,0.20678163828224355
1094,1,1093,expanding,low_high_imbalance,1093,214,0.19562987957341493,0.18680279826054075,0,0.03827104978190883,0.034895285437968285,0.2176957669418817,0.20678163828224355
1094,794,1093,rolling300,low_high_imbalance,300,59,0.1960501748912838,0.18680279826054075,0,0.03843567107490296,0.034895285437968285,0.21821841833174108,0.20678163828224355
1094,1,1093,expanding,repeated_end,1093,856,0.7832936220195745,0.790290065389328,1,0.046961654257395034,0.043978256674412325,0.24424765709125212,0.2353552295330889
1094,794,1093,rolling300,repeated_end,300,235,0.783768129086833,0.790290065389328,1,0.04675622199860851,0.043978256674412325,0.24364205609125875,0.2353552295330889
1094,1,1093,expanding,end_multiplicity_ge3,1093,90,0.08247048444396446,0.08948245930662266,0,0.0068013808044221835,0.00800711052356138,0.08607053002747736,0.09374211509792349
1094,794,1093,rolling300,end_multiplicity_ge3,300,30,0.09934265370666392,0.08948245930662266,0,0.009868962845482148,0.00800711052356138,0.10463039748860294,0.09374211509792349
1094,1,1093,expanding,multiple_repeat_end_groups,1093,271,0.24754870628190578,0.22608550458805707,0,0.06128036198184526,0.05111465538483637,0.2844190104099422,0.25629388253878654
1094,794,1093,rolling300,multiple_repeat_end_groups,300,84,0.2766303440367536,0.22608550458805707,0,0.07652434724189264,0.05111465538483637,0.32383490675911203,0.25629388253878654
1094,1,1093,expanding,extreme_sum,1093,138,0.1260456012265061,0.11443770825506504,0,0.015887493588551394,0.01309598907067138,0.1347270800041493,0.12153247782470628
1094,794,1093,rolling300,extreme_sum,300,36,0.11965235676594158,0.11443770825506504,0,0.014316686479644165,0.01309598907067138,0.12743840039163556,0.12153247782470628
1094,1,1093,expanding,narrow_three_span_le4,1093,268,0.2455549633953268,0.26513371294993526,0,0.06029724004808028,0.07029588574261866,0.28177285087018494,0.30806671870004826
1094,794,1093,rolling300,narrow_three_span_le4,300,66,0.22282085705937096,0.26513371294993526,0,0.04964913434067263,0.07029588574261866,0.2520843979935684,0.30806671870004826
1094,1,1093,expanding,large_gap_ge15,1093,471,0.43102939101397986,0.4367856099279809,0,0.18578633591788235,0.19078166904015828,0.5639264999930378,0.574094923910703
1094,794,1093,rolling300,large_gap_ge15,300,125,0.4179241006204988,0.4367856099279809,0,0.17466055387945278,0.19078166904015828,0.5411544284485293,0.574094923910703
1094,1,1093,expanding,previous_overlap_ge2,1092,211,0.19290122483563193,0.17530810086113546,0,0.03721088254308702,0.030732930227538046,0.2143092202290143,0.19274541798861644
1094,794,1093,rolling300,previous_overlap_ge2,300,48,0.16095675630382095,0.17530810086113546,0,0.025907077399847604,0.030732930227538046,0.1754930318930178,0.19274541798861644
1095,1,1094,expanding,consecutive_ge1,1094,563,0.5148787699498449,0.5287474862063631,1,0.23534260784537547,0.2220789317568219,0.6638238041845363,0.6372443028525948
1095,795,1094,rolling300,consecutive_ge1,300,152,0.5080467178878977,0.5287474862063631,1,0.24201803178086972,0.2220789317568219,0.6771818712858612,0.6372443028525948
1095,1,1094,expanding,consecutive_ge2,1094,137,0.12522112675219985,0.12481676009753151,0,0.0156803305850905,0.015579223601244734,0.13378414085089319,0.1333219975178157
1095,795,1094,rolling300,consecutive_ge2,300,32,0.10780104750609572,0.12481676009753151,0,0.011621065843411505,0.015579223601244734,0.11406613035960535,0.1333219975178157
1095,1,1094,expanding,band_ge3,1094,477,0.43631813158672367,0.45291992938050796,0,0.1903735119513295,0.20513646243004433,0.5732652497245422,0.6031601058843978
1095,795,1094,rolling300,band_ge3,300,116,0.39080749558628175,0.45291992938050796,0,0.15273049860642163,0.20513646243004433,0.49562096201955913,0.6031601058843978
1095,1,1094,expanding,band_ge4,1094,61,0.05594758825542,0.06628066582689385,0,0.0031301326315980094,0.004393126662456374,0.05757359346199673,0.0685793846560867
1095,795,1094,rolling300,band_ge4,300,10,0.035392541614180865,0.06628066582689385,0,0.0012526320019115244,0.004393126662456374,0.036034039274919674,0.0685793846560867
1095,1,1094,expanding,odd_imbalance,1094,191,0.1748079496994711,0.18680279826054075,1,0.6809419198791906,0.6612896889168869,1.7440673379649063,1.677701773318112
1095,795,1094,rolling300,odd_imbalance,300,61,0.20230017489128377,0.18680279826054075,1,0.6363250109784764,0.6612896889168869,1.5980026702943089,1.677701773318112
1095,1,1094,expanding,low_high_imbalance,1094,214,0.1954542692685914,0.18680279826054075,0,0.03820237137531904,0.034895285437968285,0.2174774704966146,0.20678163828224355
1095,795,1094,rolling300,low_high_imbalance,300,59,0.1960501748912838,0.18680279826054075,0,0.03843567107490296,0.034895285437968285,0.21821841833174108,0.20678163828224355
1095,1,1094,expanding,repeated_end,1094,857,0.7834881519818551,0.790290065389328,1,0.046877380332232294,0.043978256674412325,0.24399933921251743,0.2353552295330889
1095,795,1094,rolling300,repeated_end,300,235,0.783768129086833,0.790290065389328,1,0.04675622199860851,0.043978256674412325,0.24364205609125875,0.2353552295330889
1095,1,1094,expanding,end_multiplicity_ge3,1094,90,0.08239645348844923,0.08948245930662266,0,0.006789175547474178,0.00800711052356138,0.08598984818801236,0.09374211509792349
1095,795,1094,rolling300,end_multiplicity_ge3,300,30,0.09934265370666392,0.08948245930662266,0,0.009868962845482148,0.00800711052356138,0.10463039748860294,0.09374211509792349
1095,1,1094,expanding,multiple_repeat_end_groups,1094,271,0.2473264902080441,0.22608550458805707,1,0.5665174123425415,0.5989436462087222,1.3970459924880854,1.4868420123767523
1095,795,1094,rolling300,multiple_repeat_end_groups,300,84,0.2766303440367536,0.22608550458805707,1,0.5232636591683855,0.5989436462087222,1.2850731620925888,1.4868420123767523
1095,1,1094,expanding,extreme_sum,1094,138,0.12593245436723635,0.11443770825506504,0,0.015858983062956068,0.01309598907067138,0.13459762298012293,0.12153247782470628
1095,795,1094,rolling300,extreme_sum,300,36,0.11965235676594158,0.11443770825506504,0,0.014316686479644165,0.01309598907067138,0.12743840039163556,0.12153247782470628
1095,1,1094,expanding,narrow_three_span_le4,1094,268,0.24533453703680314,0.26513371294993526,0,0.06018903506306253,0.07029588574261866,0.281480723341877,0.30806671870004826
1095,795,1094,rolling300,narrow_three_span_le4,300,66,0.22282085705937096,0.26513371294993526,0,0.04964913434067263,0.07029588574261866,0.2520843979935684,0.30806671870004826
1095,1,1094,expanding,large_gap_ge15,1094,471,0.43064247055525995,0.4367856099279809,0,0.18545293744593794,0.19078166904015828,0.5632466951800704,0.574094923910703
1095,795,1094,rolling300,large_gap_ge15,300,125,0.4179241006204988,0.4367856099279809,0,0.17466055387945278,0.19078166904015828,0.5411544284485293,0.574094923910703
1095,1,1094,expanding,previous_overlap_ge2,1093,211,0.1927279083712693,0.17530810086113546,0,0.037144046665164375,0.030732930227538046,0.21409450319144444,0.19274541798861644
1095,795,1094,rolling300,previous_overlap_ge2,300,48,0.16095675630382095,0.17530810086113546,0,0.025907077399847604,0.030732930227538046,0.1754930318930178,0.19274541798861644
1096,1,1095,expanding,consecutive_ge1,1095,564,0.5153138562548226,0.5287474862063631,0,0.265548370448216,0.2795739041695482,0.7242537238198571,0.7523612059240392
1096,796,1095,rolling300,consecutive_ge1,300,153,0.5111717178878977,0.5287474862063631,0,0.2612965251684645,0.2795739041695482,0.7157440125037855,0.7523612059240392
1096,1,1095,expanding,consecutive_ge2,1095,137,0.12510882080892435,0.12481676009753151,0,0.015652217044199543,0.015579223601244734,0.133655766997465,0.1333219975178157
1096,796,1095,rolling300,consecutive_ge2,300,32,0.10780104750609572,0.12481676009753151,0,0.011621065843411505,0.015579223601244734,0.11406613035960535,0.1333219975178157
1096,1,1095,expanding,band_ge3,1095,477,0.4359268148767804,0.45291992938050796,1,0.31817855817505397,0.2992966036690284,0.8302809055096629,0.7920399254567645
1096,796,1095,rolling300,band_ge3,300,116,0.39080749558628175,0.45291992938050796,1,0.3711155074338582,0.2992966036690284,0.9395401788892525,0.7920399254567645
1096,1,1095,expanding,band_ge4,1095,61,0.05589741104622231,0.06628066582689385,0,0.003124520561670336,0.004393126662456374,0.057520444002136704,0.0685793846560867
1096,796,1095,rolling300,band_ge4,300,10,0.035392541614180865,0.06628066582689385,0,0.0012526320019115244,0.004393126662456374,0.036034039274919674,0.0685793846560867
1096,1,1095,expanding,odd_imbalance,1095,192,0.17554803225579446,0.18680279826054075,0,0.03081711162888145,0.034895285437968285,0.19303639490235946,0.20678163828224355
1096,796,1095,rolling300,odd_imbalance,300,62,0.20542517489128378,0.18680279826054075,0,0.04219950247911453,0.034895285437968285,0.22994811857432104,0.20678163828224355
1096,1,1095,expanding,low_high_imbalance,1095,214,0.19527897395983035,0.18680279826054075,0,0.038133877670804096,0.034895285437968285,0.21725961312931766,0.20678163828224355
1096,796,1095,rolling300,low_high_imbalance,300,59,0.1960501748912838,0.18680279826054075,0,0.03843567107490296,0.034895285437968285,0.21821841833174108,0.20678163828224355
1096,1,1095,expanding,repeated_end,1095,858,0.7836823330114677,0.790290065389328,1,0.046793333051361546,0.043978256674412325,0.24375152822773205,0.2353552295330889
1096,796,1095,rolling300,repeated_end,300,235,0.783768129086833,0.790290065389328,1,0.04675622199860851,0.043978256674412325,0.24364205609125875,0.2353552295330889
1096,1,1095,expanding,end_multiplicity_ge3,1095,90,0.0823225553238856,0.08948245930662266,0,0.006777003115054206,0.00800711052356138,0.08590931756086755,0.09374211509792349
1096,796,1095,rolling300,end_multiplicity_ge3,300,30,0.09934265370666392,0.08948245930662266,0,0.009868962845482148,0.00800711052356138,0.10463039748860294,0.09374211509792349
1096,1,1095,expanding,multiple_repeat_end_groups,1095,272,0.24800153371458397,0.22608550458805707,0,0.06150476072478593,0.05111465538483637,0.28502099454845153,0.25629388253878654
1096,796,1095,rolling300,multiple_repeat_end_groups,300,85,0.27975534403675356,0.22608550458805707,0,0.07826305251712234,0.05111465538483637,0.32816432474201035,0.25629388253878654
1096,1,1095,expanding,extreme_sum,1095,138,0.12581951046197426,0.11443770825506504,0,0.01583054921289085,0.01309598907067138,0.13446841487790057,0.12153247782470628
1096,796,1095,rolling300,extreme_sum,300,36,0.11965235676594158,0.11443770825506504,0,0.014316686479644165,0.01309598907067138,0.12743840039163556,0.12153247782470628
1096,1,1095,expanding,narrow_three_span_le4,1095,268,0.24511450606188226,0.26513371294993526,0,0.060081121081960516,0.07029588574261866,0.2811892048933301,0.30806671870004826
1096,796,1095,rolling300,narrow_three_span_le4,300,66,0.22282085705937096,0.26513371294993526,0,0.04964913434067263,0.07029588574261866,0.2520843979935684,0.30806671870004826
1096,1,1095,expanding,large_gap_ge15,1095,471,0.4302562441242687,0.4367856099279809,1,0.3246079473593848,0.3172104491841965,0.8433743312142318,0.8283127993981904
1096,796,1095,rolling300,large_gap_ge15,300,125,0.4179241006204988,0.4367856099279809,1,0.3388123526384552,0.3172104491841965,0.8724554404074857,0.8283127993981904
1096,1,1095,expanding,previous_overlap_ge2,1094,211,0.19255490306752487,0.17530810086113546,0,0.0370773906953439,0.030732930227538046,0.21388021761173795,0.19274541798861644
1096,796,1095,rolling300,previous_overlap_ge2,300,48,0.16095675630382095,0.17530810086113546,0,0.025907077399847604,0.030732930227538046,0.1754930318930178,0.19274541798861644
1097,1,1096,expanding,consecutive_ge1,1096,564,0.5148521054875692,0.5287474862063631,1,0.23536847954984466,0.2220789317568219,0.6638755933712408,0.6372443028525948
1097,797,1096,rolling300,consecutive_ge1,300,152,0.5080467178878977,0.5287474862063631,1,0.24201803178086972,0.2220789317568219,0.6771818712858612,0.6372443028525948
1097,1,1096,expanding,consecutive_ge2,1096,137,0.12499671613078014,0.12481676009753151,1,0.7656307467819186,0.7659457034061817,2.0794678129786823,2.0809085364103663
1097,797,1096,rolling300,consecutive_ge2,300,32,0.10780104750609572,0.12481676009753151,1,0.79601897083122,0.7659457034061817,2.227467903429259,2.0809085364103663
1097,1,1096,expanding,band_ge3,1096,478,0.4364322567989338,0.45291992938050796,1,0.3176086011767429,0.2992966036690284,0.8291221120835992,0.7920399254567645
1097,797,1096,rolling300,band_ge3,300,117,0.39393249558628174,0.45291992938050796,1,0.3673178199062724,0.2992966036690284,0.9315757153623204,0.7920399254567645
1097,1,1096,expanding,band_ge4,1096,61,0.055847323760338595,0.06628066582689385,1,0.8914242760505148,0.8718317950086687,2.885133672961716,2.7138570408059484
1097,797,1096,rolling300,band_ge4,300,10,0.035392541614180865,0.06628066582689385,1,0.9304675487735499,0.8718317950086687,3.3412541699053726,2.7138570408059484
1097,1,1096,expanding,odd_imbalance,1096,192,0.1753907311516226,0.18680279826054075,0,0.030761908573900758,0.034895285437968285,0.19284561835488082,0.20678163828224355
1097,797,1096,rolling300,odd_imbalance,300,62,0.20542517489128378,0.18680279826054075,0,0.04219950247911453,0.034895285437968285,0.22994811857432104,0.20678163828224355
1097,1,1096,expanding,low_high_imbalance,1096,214,0.1951039928003681,0.18680279826054075,1,0.6478575824059097,0.6612896889168869,1.6342225661582406,1.677701773318112
1097,797,1096,rolling300,low_high_imbalance,300,59,0.1960501748912838,0.18680279826054075,1,0.6463353212923355,0.6612896889168869,1.6293846581692961,1.677701773318112
1097,1,1096,expanding,repeated_end,1096,859,0.7838761660464036,0.790290065389328,1,0.046709511602801686,0.043978256674412325,0.2435042225788005,0.2353552295330889
1097,797,1096,rolling300,repeated_end,300,235,0.783768129086833,0.790290065389328,1,0.04675622199860851,0.043978256674412325,0.24364205609125875,0.2353552295330889
1097,1,1096,expanding,end_multiplicity_ge3,1096,90,0.08224878959330864,0.08948245930662266,0,0.006764863389564356,0.00800711052356138,0.08582893772108202,0.09374211509792349
1097,797,1096,rolling300,end_multiplicity_ge3,300,29,0.09621765370666392,0.08948245930662266,0,0.009257836884815497,0.00800711052356138,0.1011667149537063,0.09374211509792349
1097,1,1096,expanding,multiple_repeat_end_groups,1096,272,0.24777931011806553,0.22608550458805707,0,0.06139458652258449,0.05111465538483637,0.2847255274986881,0.25629388253878654
1097,797,1096,rolling300,multiple_repeat_end_groups,300,84,0.2766303440367536,0.22608550458805707,0,0.07652434724189264,0.05111465538483637,0.32383490675911203,0.25629388253878654
1097,1,1096,expanding,extreme_sum,1096,138,0.12570676896514452,0.11443770825506504,1,0.7643886538333672,0.7842205725605412,2.0738033146755446,2.167724636734186
1097,797,1096,rolling300,extreme_sum,300,36,0.11965235676594158,0.11443770825506504,1,0.775011972947761,0.7842205725605412,2.1231647676554934,2.167724636734186
1097,1,1096,expanding,narrow_three_span_le4,1096,268,0.24489486940770494,0.26513371294993526,1,0.5701837582468071,0.5400284598427482,1.406926264987421,1.3275210030826026
1097,797,1096,rolling300,narrow_three_span_le4,300,66,0.22282085705937096,0.26513371294993526,1,0.6040074202219308,0.5400284598427482,1.5013871619380652,1.3275210030826026
1097,1,1096,expanding,large_gap_ge15,1096,472,0.4307667672030104,0.4367856099279809,1,0.3240264733205117,0.3172104491841965,0.8421884787297983,0.8283127993981904
1097,797,1096,rolling300,large_gap_ge15,300,125,0.4179241006204988,0.4367856099279809,1,0.3388123526384552,0.3172104491841965,0.8724554404074857,0.8283127993981904
1097,1,1096,expanding,previous_overlap_ge2,1095,211,0.19238220808719528,0.17530810086113546,0,0.0370109139885049,0.030732930227538046,0.21366636218582175,0.19274541798861644
1097,797,1096,rolling300,previous_overlap_ge2,300,48,0.16095675630382095,0.17530810086113546,0,0.025907077399847604,0.030732930227538046,0.1754930318930178,0.19274541798861644
1098,1,1097,expanding,consecutive_ge1,1097,565,0.5152864366375356,0.5287474862063631,0,0.265520111782609,0.2795739041695482,0.7241971535174456,0.7523612059240392
1098,798,1097,rolling300,consecutive_ge1,300,152,0.5080467178878977,0.5287474862063631,0,0.2581114675566651,0.2795739041695482,0.7093715220550484,0.7523612059240392
1098,1,1097,expanding,consecutive_ge2,1097,138,0.12578006732493344,0.12481676009753151,0,0.015820625336264788,0.015579223601244734,0.1344232957661154,0.1333219975178157
1098,798,1097,rolling300,consecutive_ge2,300,33,0.11092604750609572,0.12481676009753151,0,0.012304588015324604,0.015579223601244734,0.11757486077063632,0.1333219975178157
1098,1,1097,expanding,band_ge3,1097,479,0.4369367937221219,0.45291992938050796,0,0.19091376170816812,0.20513646243004433,0.5743633902204992,0.6031601058843978
1098,798,1097,rolling300,band_ge3,300,117,0.39393249558628174,0.45291992938050796,0,0.15518281107883589,0.20513646243004433,0.5007639056946318,0.6031601058843978
1098,1,1097,expanding,band_ge4,1097,62,0.05669258130397303,0.06628066582689385,0,0.0032140487749075927,0.004393126662456374,0.05836304873727568,0.0685793846560867
1098,798,1097,rolling300,band_ge4,300,11,0.03851754161418087,0.06628066582689385,0,0.001483601012000155,0.004393126662456374,0.039278958128235016,0.0685793846560867
1098,1,1097,expanding,odd_imbalance,1097,192,0.17523371169669724,0.18680279826054075,0,0.030706853715001207,0.034895285437968285,0.19265521968585858,0.20678163828224355
1098,798,1097,rolling300,odd_imbalance,300,62,0.20542517489128378,0.18680279826054075,0,0.04219950247911453,0.034895285437968285,0.22994811857432104,0.20678163828224355
1098,1,1097,expanding,low_high_imbalance,1097,215,0.19582458009419054,0.18680279826054075,0,0.038347266169066044,0.034895285437968285,0.2179378496393803,0.20678163828224355
1098,798,1097,rolling300,low_high_imbalance,300,60,0.1991751748912838,0.18680279826054075,0,0.03967075029297349,0.034895285437968285,0.22211305107611848,0.20678163828224355
1098,1,1097,expanding,repeated_end,1097,860,0.784069652021295,0.790290065389328,1,0.04662591517820464,0.043978256674412325,0.24325742071403722,0.2353552295330889
1098,798,1097,rolling300,repeated_end,300,235,0.783768129086833,0.790290065389328,1,0.04675622199860851,0.043978256674412325,0.24364205609125875,0.2353552295330889
1098,1,1097,expanding,end_multiplicity_ge3,1097,90,0.08217515594103174,0.08948245930662266,0,0.006752756253932884,0.00800711052356138,0.08574870824528644,0.09374211509792349
1098,798,1097,rolling300,end_multiplicity_ge3,300,29,0.09621765370666392,0.08948245930662266,0,0.009257836884815497,0.00800711052356138,0.1011667149537063,0.09374211509792349
1098,1,1097,expanding,multiple_repeat_end_groups,1097,272,0.24755748441518452,0.22608550458805707,0,0.06128470808997433,0.05111465538483637,0.284430676526481,0.25629388253878654
1098,798,1097,rolling300,multiple_repeat_end_groups,300,83,0.27350534403675353,0.22608550458805707,0,0.07480517321666291,0.05111465538483637,0.31952415186499783,0.25629388253878654
1098,1,1097,expanding,extreme_sum,1097,139,0.1264894844808427,0.11443770825506504,0,0.01599958968422935,0.01309598907067138,0.13523511110709519,0.12153247782470628
1098,798,1097,rolling300,extreme_sum,300,37,0.12277735676594156,0.11443770825506504,0,0.015074279334431296,0.01309598907067138,0.1309944496912338,0.12153247782470628
1098,1,1097,expanding,narrow_three_span_le4,1097,269,0.24557088116293527,0.26513371294993526,0,0.060305057675140473,0.07029588574261866,0.28179394973724636,0.30806671870004826
1098,798,1097,rolling300,narrow_three_span_le4,300,67,0.22594585705937095,0.26513371294993526,0,0.05105153032229369,0.07029588574261866,0.25611345571926963,0.30806671870004826
1098,1,1097,expanding,large_gap_ge15,1097,473,0.43127637618492354,0.4367856099279809,1,0.3234465602853526,0.3172104491841965,0.841006150338958,0.8283127993981904
1098,798,1097,rolling300,large_gap_ge15,300,125,0.4179241006204988,0.4367856099279809,1,0.3388123526384552,0.3172104491841965,0.8724554404074857,0.8283127993981904
1098,1,1097,expanding,previous_overlap_ge2,1096,211,0.19220982259607772,0.17530810086113546,0,0.03694461590241567,0.030732930227538046,0.21345293561489204,0.19274541798861644
1098,798,1097,rolling300,previous_overlap_ge2,300,48,0.16095675630382095,0.17530810086113546,0,0.025907077399847604,0.030732930227538046,0.1754930318930178,0.19274541798861644
1099,1,1098,expanding,consecutive_ge1,1098,565,0.5148255364258741,0.5287474862063631,0,0.26504533295618904,0.2795739041695482,0.7232467340183796,0.7523612059240392
1099,799,1098,rolling300,consecutive_ge1,300,152,0.5080467178878977,0.5287474862063631,0,0.2581114675566651,0.2795739041695482,0.7093715220550484,0.7523612059240392
1099,1,1098,expanding,consecutive_ge2,1098,138,0.12566756279244243,0.12481676009753151,0,0.01579233633819246,0.015579223601244734,0.13429461270853696,0.1333219975178157
1099,799,1098,rolling300,consecutive_ge2,300,33,0.11092604750609572,0.12481676009753151,0,0.012304588015324604,0.015579223601244734,0.11757486077063632,0.1333219975178157
1099,1,1098,expanding,band_ge3,1098,479,0.436545973691959,0.45291992938050796,0,0.19057238714666058,0.20513646243004433,0.5736695347968315,0.6031601058843978
1099,799,1098,rolling300,band_ge3,300,117,0.39393249558628174,0.45291992938050796,0,0.15518281107883589,0.20513646243004433,0.5007639056946318,0.6031601058843978
1099,1,1098,expanding,band_ge4,1098,62,0.056641872376151946,0.06628066582689385,0,0.003208301706276285,0.004393126662456374,0.05830929365818152,0.0685793846560867
1099,799,1098,rolling300,band_ge4,300,11,0.03851754161418087,0.06628066582689385,0,0.001483601012000155,0.004393126662456374,0.039278958128235016,0.0685793846560867
1099,1,1098,expanding,odd_imbalance,1098,192,0.1750769731352512,0.18680279826054075,0,0.03065194652220147,0.034895285437968285,0.19246519777024507,0.20678163828224355
1099,799,1098,rolling300,odd_imbalance,300,61,0.20230017489128377,0.18680279826054075,0,0.040925360761044,0.034895285437968285,0.2260229113095098,0.20678163828224355
1099,1,1098,expanding,low_high_imbalance,1098,215,0.19564942394026014,0.18680279826054075,0,0.038278697088155636,0.034895285437968285,0.217720064965633,0.20678163828224355
1099,799,1098,rolling300,low_high_imbalance,300,60,0.1991751748912838,0.18680279826054075,0,0.03967075029297349,0.034895285437968285,0.22211305107611848,0.20678163828224355
1099,1,1098,expanding,repeated_end,1098,861,0.7842627918674298,0.790290065389328,1,0.046542542972835936,0.043978256674412325,0.24301112108813358,0.2353552295330889
1099,799,1098,rolling300,repeated_end,300,235,0.783768129086833,0.790290065389328,1,0.04675622199860851,0.043978256674412325,0.24364205609125875,0.2353552295330889
1099,1,1098,expanding,end_multiplicity_ge3,1098,90,0.08210165401264083,0.08948245930662266,0,0.0067406815916113815,0.00800711052356138,0.08566862871169578,0.09374211509792349
1099,799,1098,rolling300,end_multiplicity_ge3,300,28,0.09309265370666392,0.08948245930662266,0,0.008666242174148847,0.00800711052356138,0.09771498811668185,0.09374211509792349
1099,1,1098,expanding,multiple_repeat_end_groups,1098,272,0.24733605553824786,0.22608550458805707,1,0.5665030132927235,0.5989436462087222,1.3970073183241034,1.4868420123767523
1099,799,1098,rolling300,multiple_repeat_end_groups,300,83,0.27350534403675353,0.22608550458805707,1,0.5277944851431559,0.5989436462087222,1.2964341178713097,1.4868420123767523
1099,1,1098,expanding,extreme_sum,1098,139,0.12637634540706735,0.11443770825506504,0,0.015970980678446392,0.01309598907067138,0.13510559721415094,0.12153247782470628
1099,799,1098,rolling300,extreme_sum,300,37,0.12277735676594156,0.11443770825506504,0,0.015074279334431296,0.01309598907067138,0.1309944496912338,0.12153247782470628
1099,1,1098,expanding,narrow_three_span_le4,1098,269,0.24535122921198455,0.26513371294993526,0,0.06019722567583178,0.07029588574261866,0.28150284222846644,0.30806671870004826
1099,799,1098,rolling300,narrow_three_span_le4,300,67,0.22594585705937095,0.26513371294993526,0,0.05105153032229369,0.07029588574261866,0.25611345571926963,0.30806671870004826
1099,1,1098,expanding,large_gap_ge15,1098,474,0.4317850735228619,0.4367856099279809,1,0.32286820267141947,0.3172104491841965,0.8398273295330502,0.8283127993981904
1099,799,1098,rolling300,large_gap_ge15,300,126,0.4210491006204988,0.4367856099279809,1,0.3351841438923333,0.3172104491841965,0.8650058235480829,0.8283127993981904
1099,1,1098,expanding,previous_overlap_ge2,1097,211,0.1920377457629568,0.17530810086113546,0,0.03687849579771803,0.030732930227538046,0.21323993660538804,0.19274541798861644
1099,799,1098,rolling300,previous_overlap_ge2,300,47,0.15783175630382096,0.17530810086113546,0,0.024910863297948727,0.030732930227538046,0.17177547033403354,0.19274541798861644
1100,1,1099,expanding,consecutive_ge1,1099,565,0.5143654599858152,0.5287474862063631,1,0.2358409064547889,0.2220789317568219,0.6648212545304467,0.6372443028525948
1100,800,1099,rolling300,consecutive_ge1,300,152,0.5080467178878977,0.5287474862063631,1,0.24201803178086972,0.2220789317568219,0.6771818712858612,0.6372443028525948
1100,1,1099,expanding,consecutive_ge2,1099,138,0.12555525934043846,0.12481676009753151,1,0.7646536044671679,0.7659457034061817,2.075009303850199,2.0809085364103663
1100,800,1099,rolling300,consecutive_ge2,300,33,0.11092604750609572,0.12481676009753151,1,0.7904524930031332,0.7659457034061817,2.198891538389242,2.0809085364103663
1100,1,1099,expanding,band_ge3,1099,479,0.4361558521783826,0.45291992938050796,1,0.3179202230326859,0.2992966036690284,0.8297556403816639,0.7920399254567645
1100,800,1099,rolling300,band_ge3,300,117,0.39393249558628174,0.45291992938050796,1,0.3673178199062724,0.2992966036690284,0.9315757153623204,0.7920399254567645
1100,1,1099,expanding,band_ge4,1099,62,0.05659125408090963,0.06628066582689385,0,0.0032025700384500705,0.004393126662456374,0.058255637537794565,0.0685793846560867
1100,800,1099,rolling300,band_ge4,300,11,0.03851754161418087,0.06628066582689385,0,0.001483601012000155,0.004393126662456374,0.039278958128235016,0.0685793846560867
1100,1,1099,expanding,odd_imbalance,1099,192,0.1749205147142188,0.18680279826054075,0,0.030597186467887234,0.034895285437968285,0.19227555148746772,0.20678163828224355
1100,800,1099,rolling300,odd_imbalance,300,61,0.20230017489128377,0.18680279826054075,0,0.040925360761044,0.034895285437968285,0.2260229113095098,0.20678163828224355
1100,1,1099,expanding,low_high_imbalance,1099,215,0.19547458084469244,0.18680279826054075,1,0.6472611500670232,0.6612896889168869,1.6323249292649828,1.677701773318112
1100,800,1099,rolling300,low_high_imbalance,300,60,0.1991751748912838,0.18680279826054075,1,0.641320400510406,0.6612896889168869,1.6135705656376,1.677701773318112
1100,1,1099,expanding,repeated_end,1099,862,0.7844555865127673,0.790290065389328,0,0.6153705672110896,0.6245583874530684,1.5345882956046402,1.5620299668475026
1100,800,1099,rolling300,repeated_end,300,235,0.783768129086833,0.790290065389328,0,0.6142924801722746,0.6245583874530684,1.53140397061196,1.5620299668475026
1100,1,1099,expanding,end_multiplicity_ge3,1099,90,0.08202828345498879,0.08948245930662266,0,0.006728639286571987,0.00800711052356138,0.08558869870010241,0.09374211509792349
1100,800,1099,rolling300,end_multiplicity_ge3,300,28,0.09309265370666392,0.08948245930662266,0,0.008666242174148847,0.00800711052356138,0.09771498811668185,0.09374211509792349
1100,1,1099,expanding,multiple_repeat_end_groups,1099,273,0.24800867747253005,0.22608550458805707,0,0.06150830410167343,0.05111465538483637,0.28503049429106847,0.25629388253878654
1100,800,1099,rolling300,multiple_repeat_end_groups,300,84,0.2766303440367536,0.22608550458805707,0,0.07652434724189264,0.05111465538483637,0.32383490675911203,0.25629388253878654
1100,1,1099,expanding,extreme_sum,1099,139,0.12626340854790108,0.11443770825506504,0,0.01594244833813418,0.01309598907067138,0.13497633152943694,0.12153247782470628
1100,800,1099,rolling300,extreme_sum,300,37,0.12277735676594156,0.11443770825506504,0,0.015074279334431296,0.01309598907067138,0.1309944496912338,0.12153247782470628
1100,1,1099,expanding,narrow_three_span_le4,1099,269,0.24513196984718383,0.26513371294993526,1,0.5698257429467929,0.5400284598427482,1.4059585610210743,1.3275210030826026
1100,800,1099,rolling300,narrow_three_span_le4,300,67,0.22594585705937095,0.26513371294993526,1,0.5991598162035517,0.5400284598427482,1.4874598789452125,1.3275210030826026
1100,1,1099,expanding,large_gap_ge15,1099,475,0.4322928616609112,0.4367856099279809,0,0.1868771182429797,0.19078166904015828,0.5661495947448436,0.574094923910703
1100,800,1099,rolling300,large_gap_ge15,300,127,0.42417410062049876,0.4367856099279809,0,0.17992366763720902,0.19078166904015828,0.5519499219971077,0.574094923910703
1100,1,1099,expanding,previous_overlap_ge2,1098,211,0.191865976759591,0.17530810086113546,0,0.036812553037911915,0.030732930227538046,0.21302736386896576,0.19274541798861644
1100,800,1099,rolling300,previous_overlap_ge2,300,47,0.15783175630382096,0.17530810086113546,0,0.024910863297948727,0.030732930227538046,0.17177547033403354,0.19274541798861644
1101,1,1100,expanding,consecutive_ge1,1100,566,0.514799062253685,0.5287474862063631,1,0.23541994998990345,0.2220789317568219,0.663978624835863,0.6372443028525948
1101,801,1100,rolling300,consecutive_ge1,300,153,0.5111717178878977,0.5287474862063631,1,0.23895308939266904,0.2220789317568219,0.6710497023947203,0.6372443028525948
1101,1,1100,expanding,consecutive_ge2,1100,139,0.12633601357317023,0.12481676009753151,0,0.015960788325560252,0.015579223601244734,0.13505943213754032,0.1333219975178157
1101,801,1100,rolling300,consecutive_ge2,300,34,0.11405104750609571,0.12481676009753151,0,0.013007641437237701,0.015579223601244734,0.12109594573227168,0.1333219975178157
1101,1,1100,expanding,band_ge3,1100,480,0.43665928445322333,0.45291992938050796,0,0.190671330699201,0.20513646243004433,0.5738706552980858,0.6031601058843978
1101,801,1100,rolling300,band_ge3,300,117,0.39393249558628174,0.45291992938050796,0,0.15518281107883589,0.20513646243004433,0.5007639056946318,0.6031601058843978
1101,1,1100,expanding,band_ge4,1100,62,0.05654072617548025,0.06628066582689385,0,0.0031968537164506375,0.004393126662456374,0.05820208010302675,0.0685793846560867
1101,801,1100,rolling300,band_ge4,300,11,0.03851754161418087,0.06628066582689385,0,0.001483601012000155,0.004393126662456374,0.039278958128235016,0.0685793846560867
1101,1,1100,expanding,odd_imbalance,1100,192,0.17476433568322394,0.18680279826054075,0,0.03054257302679858,0.034895285437968285,0.1920862797214069,0.20678163828224355
1101,801,1100,rolling300,odd_imbalance,300,61,0.20230017489128377,0.18680279826054075,0,0.040925360761044,0.034895285437968285,0.2260229113095098,0.20678163828224355
1101,1,1100,expanding,low_high_imbalance,1100,216,0.19619290711179538,0.18680279826054075,0,0.03849165680097757,0.034895285437968285,0.21839597281064133,0.20678163828224355
1101,801,1100,rolling300,low_high_imbalance,300,61,0.20230017489128377,0.18680279826054075,0,0.040925360761044,0.034895285437968285,0.2260229113095098,0.20678163828224355
1101,1,1100,expanding,repeated_end,1100,862,0.7837551797390951,0.790290065389328,1,0.046761822289671046,0.043978256674412325,0.24365857813933964,0.2353552295330889
1101,801,1100,rolling300,repeated_end,300,235,0.783768129086833,0.790290065389328,1,0.04675622199860851,0.043978256674412325,0.24364205609125875,0.2353552295330889
1101,1,1100,expanding,end_multiplicity_ge3,1100,90,0.08195504391618968,0.08948245930662266,0,0.00671662922330458,0.00800711052356138,0.08550891779186796,0.09374211509792349
1101,801,1100,rolling300,end_multiplicity_ge3,300,28,0.09309265370666392,0.08948245930662266,0,0.008666242174148847,0.00800711052356138,0.09771498811668185,0.09374211509792349
1101,1,1100,expanding,multiple_repeat_end_groups,1100,273,0.24778724115335815,0.22608550458805707,0,0.06139851687839247,0.05111465538483637,0.2847360710495503,0.25629388253878654
1101,801,1100,rolling300,multiple_repeat_end_groups,300,84,0.2766303440367536,0.22608550458805707,0,0.07652434724189264,0.05111465538483637,0.32383490675911203,0.25629388253878654
1101,1,1100,expanding,extreme_sum,1100,139,0.12615067336169758,0.11443770825506504,0,0.015913992389609714,0.01309598907067138,0.13484731333903743,0.12153247782470628
1101,801,1100,rolling300,extreme_sum,300,37,0.12277735676594156,0.11443770825506504,0,0.015074279334431296,0.01309598907067138,0.1309944496912338,0.12153247782470628
1101,1,1100,expanding,narrow_three_span_le4,1100,270,0.2458059591598203,0.26513371294993526,0,0.060420569558479235,0.07029588574261866,0.28210559548824754,0.30806671870004826
1101,801,1100,rolling300,narrow_three_span_le4,300,68,0.22907085705937097,0.26513371294993526,0,0.05247345755391477,0.07029588574261866,0.2601588124428692,0.30806671870004826
1101,1,1100,expanding,large_gap_ge15,1100,475,0.43190688589157106,0.4367856099279809,1,0.3227297862974124,0.3172104491841965,0.839545255888184,0.8283127993981904
1101,801,1100,rolling300,large_gap_ge15,300,126,0.4210491006204988,0.4367856099279809,1,0.3351841438923333,0.3172104491841965,0.8650058235480829,0.8283127993981904
1101,1,1100,expanding,previous_overlap_ge2,1099,211,0.19169451476069949,0.17530810086113546,0,0.03674678698934003,0.030732930227538046,0.21281521612247095,0.19274541798861644
1101,801,1100,rolling300,previous_overlap_ge2,300,46,0.15470675630382097,0.17530810086113546,0,0.02393418044604985,0.030732930227538046,0.16807167786734487,0.19274541798861644
1102,1,1101,expanding,consecutive_ge1,1101,567,0.5152318909225042,0.5287474862063631,1,0.23500011957857087,0.2220789317568219,0.6631382060252239,0.6372443028525948
1102,802,1101,rolling300,consecutive_ge1,300,153,0.5111717178878977,0.5287474862063631,1,0.23895308939266904,0.2220789317568219,0.6710497023947203,0.6372443028525948
1102,1,1101,expanding,consecutive_ge2,1101,139,0.1262233141855046,0.12481676009753151,1,0.7634856966729634,0.7659457034061817,2.0697026059571266,2.0809085364103663
1102,802,1101,rolling300,consecutive_ge2,300,34,0.11405104750609571,0.12481676009753151,1,0.7849055464250463,0.7659457034061817,2.1711091456722986,2.0809085364103663
1102,1,1101,expanding,band_ge3,1101,480,0.43626975788368433,0.45291992938050796,0,0.19033130164388853,0.20513646243004433,0.5731794360232038,0.6031601058843978
1102,802,1101,rolling300,band_ge3,300,117,0.39393249558628174,0.45291992938050796,0,0.15518281107883589,0.20513646243004433,0.5007639056946318,0.6031601058843978
1102,1,1101,expanding,band_ge4,1101,62,0.056490288417964205,0.06628066582689385,0,0.0031911526855447807,0.004393126662456374,0.05814862108179419,0.0685793846560867
1102,802,1101,rolling300,band_ge4,300,11,0.03851754161418087,0.06628066582689385,0,0.001483601012000155,0.004393126662456374,0.039278958128235016,0.0685793846560867
1102,1,1101,expanding,odd_imbalance,1101,192,0.1746084352945681,0.18680279826054075,0,0.030488105676017375,0.034895285437968285,0.1918973813603738,0.20678163828224355
1102,802,1101,rolling300,odd_imbalance,300,61,0.20230017489128377,0.18680279826054075,0,0.040925360761044,0.034895285437968285,0.2260229113095098,0.20678163828224355
1102,1,1101,expanding,low_high_imbalance,1101,216,0.1960178911375654,0.18680279826054075,0,0.03842301364601844,0.034895285437968285,0.2181782627094282,0.20678163828224355
1102,802,1101,rolling300,low_high_imbalance,300,60,0.1991751748912838,0.18680279826054075,0,0.03967075029297349,0.034895285437968285,0.22211305107611848,0.20678163828224355
1102,1,1101,expanding,repeated_end,1101,863,0.7839480832362057,0.790290065389328,0,0.6145745972097209,0.6245583874530684,1.532236544790764,1.5620299668475026
1102,802,1101,rolling300,repeated_end,300,235,0.783768129086833,0.790290065389328,0,0.6142924801722746,0.6245583874530684,1.53140397061196,1.5620299668475026
1102,1,1101,expanding,end_multiplicity_ge3,1101,90,0.08188193504561325,0.08948245930662266,0,0.006704651286814028,0.00800711052356138,0.08542928556991664,0.09374211509792349
1102,802,1101,rolling300,end_multiplicity_ge3,300,28,0.09309265370666392,0.08948245930662266,0,0.008666242174148847,0.00800711052356138,0.09771498811668185,0.09374211509792349
1102,1,1101,expanding,multiple_repeat_end_groups,1101,273,0.24756619990344436,0.22608550458805707,0,0.061289023334632174,0.05111465538483637,0.2844422595225973,0.25629388253878654
1102,802,1101,rolling300,multiple_repeat_end_groups,300,84,0.2766303440367536,0.22608550458805707,0,0.07652434724189264,0.05111465538483637,0.32383490675911203,0.25629388253878654
1102,1,1101,expanding,extreme_sum,1101,139,0.12603813930874336,0.11443770825506504,0,0.015885612560410198,0.01309598907067138,0.13471854193177604,0.12153247782470628
1102,802,1101,rolling300,extreme_sum,300,36,0.11965235676594158,0.11443770825506504,0,0.014316686479644165,0.01309598907067138,0.12743840039163556,0.12153247782470628
1102,1,1101,expanding,narrow_three_span_le4,1101,270,0.24558668533362954,0.26513371294993526,0,0.06031282001315917,0.07029588574261866,0.2818148984729711,0.30806671870004826
1102,802,1101,rolling300,narrow_three_span_le4,300,68,0.22907085705937097,0.26513371294993526,0,0.05247345755391477,0.07029588574261866,0.2601588124428692,0.30806671870004826
1102,1,1101,expanding,large_gap_ge15,1101,476,0.4324136594099551,0.4367856099279809,0,0.18698157284430864,0.19078166904015828,0.5663623991901111,0.574094923910703
1102,802,1101,rolling300,large_gap_ge15,300,127,0.42417410062049876,0.4367856099279809,0,0.17992366763720902,0.19078166904015828,0.5519499219971077,0.574094923910703
1102,1,1101,expanding,previous_overlap_ge2,1100,211,0.19152335894394887,0.17530810086113546,0,0.03668119702117268,0.030732930227538046,0.21260349208791338,0.19274541798861644
1102,802,1101,rolling300,previous_overlap_ge2,300,46,0.15470675630382097,0.17530810086113546,0,0.02393418044604985,0.030732930227538046,0.16807167786734487,0.19274541798861644
1103,1,1102,expanding,consecutive_ge1,1102,568,0.5156639480607195,0.5287474862063631,0,0.2659093073295684,0.2795739041695482,0.7249762910070443,0.7523612059240392
1103,803,1102,rolling300,consecutive_ge1,300,153,0.5111717178878977,0.5287474862063631,0,0.2612965251684645,0.2795739041695482,0.7157440125037855,0.7523612059240392
1103,1,1102,expanding,consecutive_ge2,1102,140,0.127002081285161,0.12481676009753151,0,0.016129528650762642,0.015579223601244734,0.13582210720627133,0.1333219975178157
1103,803,1102,rolling300,consecutive_ge2,300,34,0.11405104750609571,0.12481676009753151,0,0.013007641437237701,0.015579223601244734,0.12109594573227168,0.1333219975178157
1103,1,1102,expanding,band_ge3,1102,480,0.43588092565740655,0.45291992938050796,0,0.18999218135195758,0.20513646243004433,0.5724899250468553,0.6031601058843978
1103,803,1102,rolling300,band_ge3,300,116,0.39080749558628175,0.45291992938050796,0,0.15273049860642163,0.20513646243004433,0.49562096201955913,0.6031601058843978
1103,1,1102,expanding,band_ge4,1102,62,0.05643994056732431,0.06628066582689385,0,0.0031854668912431,0.004393126662456374,0.05809526020301245,0.0685793846560867
1103,803,1102,rolling300,band_ge4,300,11,0.03851754161418087,0.06628066582689385,0,0.001483601012000155,0.004393126662456374,0.039278958128235016,0.0685793846560867
1103,1,1102,expanding,odd_imbalance,1102,192,0.1744528128032182,0.18680279826054075,0,0.030433783894954693,0.034895285437968285,0.19170885529708837,0.20678163828224355
1103,803,1102,rolling300,odd_imbalance,300,60,0.1991751748912838,0.18680279826054075,0,0.03967075029297349,0.034895285437968285,0.22211305107611848,0.20678163828224355
1103,1,1102,expanding,low_high_imbalance,1102,216,0.195843187134769,0.18680279826054075,0,0.03835455394710415,0.034895285437968285,0.21796098794401678,0.20678163828224355
1103,803,1102,rolling300,low_high_imbalance,300,60,0.1991751748912838,0.18680279826054075,0,0.03967075029297349,0.034895285437968285,0.22211305107611848,0.20678163828224355
1103,1,1102,expanding,repeated_end,1102,863,0.7832493772796671,0.790290065389328,1,0.04698083244965207,0.043978256674412325,0.24430414419685847,0.2353552295330889
1103,803,1102,rolling300,repeated_end,300,234,0.780643129086833,0.790290065389328,1,0.04811743681681582,0.043978256674412325,0.24763717456176906,0.2353552295330889
1103,1,1102,expanding,end_multiplicity_ge3,1102,90,0.08180895649387919,0.08948245930662266,0,0.006692705362617418,0.00800711052356138,0.08534980161872756,0.09374211509792349
1103,803,1102,rolling300,end_multiplicity_ge3,300,28,0.09309265370666392,0.08948245930662266,0,0.008666242174148847,0.00800711052356138,0.09771498811668185,0.09374211509792349
1103,1,1102,expanding,multiple_repeat_end_groups,1102,273,0.24734555266645375,0.22608550458805707,0,0.061179822423873445,0.05111465538483637,0.28414905779313304,0.25629388253878654
1103,803,1102,rolling300,multiple_repeat_end_groups,300,84,0.2766303440367536,0.22608550458805707,0,0.07652434724189264,0.05111465538483637,0.32383490675911203,0.25629388253878654
1103,1,1102,expanding,extreme_sum,1102,139,0.12592580585124893,0.11443770825506504,0,0.01585730857928644,0.01309598907067138,0.13459001659920294,0.12153247782470628
1103,803,1102,rolling300,extreme_sum,300,36,0.11965235676594158,0.11443770825506504,0,0.014316686479644165,0.01309598907067138,0.12743840039163556,0.12153247782470628
1103,1,1102,expanding,narrow_three_span_le4,1102,270,0.24536780236987407,0.26513371294993526,0,0.06020535843982158,0.07029588574261866,0.2815248038886702,0.30806671870004826
1103,803,1102,rolling300,narrow_three_span_le4,300,67,0.22594585705937095,0.26513371294993526,0,0.05105153032229369,0.07029588574261866,0.25611345571926963,0.30806671870004826
1103,1,1102,expanding,large_gap_ge15,1102,476,0.4320282639915861,0.4367856099279809,1,0.32259189290441137,0.3172104491841965,0.8392642669717587,0.8283127993981904
1103,803,1102,rolling300,large_gap_ge15,300,126,0.4210491006204988,0.4367856099279809,1,0.3351841438923333,0.3172104491841965,0.8650058235480829,0.8283127993981904
1103,1,1102,expanding,previous_overlap_ge2,1101,211,0.19135250848993998,0.17530810086113546,0,0.036615782505392554,0.030732930227538046,0.21239219049244035,0.19274541798861644
1103,803,1102,rolling300,previous_overlap_ge2,300,46,0.15470675630382097,0.17530810086113546,0,0.02393418044604985,0.030732930227538046,0.16807167786734487,0.19274541798861644
1104,1,1103,expanding,consecutive_ge1,1103,568,0.5152047637792763,0.5287474862063631,0,0.26543594862085984,0.2795739041695482,0.7240286705526956,0.7523612059240392
1104,804,1103,rolling300,consecutive_ge1,300,153,0.5111717178878977,0.5287474862063631,0,0.2612965251684645,0.2795739041695482,0.7157440125037855,0.7523612059240392
1104,1,1103,expanding,consecutive_ge2,1103,140,0.126888989494168,0.12481676009753151,0,0.016100815654851074,0.015579223601244734,0.13569257142616217,0.1333219975178157
1104,804,1103,rolling300,consecutive_ge2,300,34,0.11405104750609571,0.12481676009753151,0,0.013007641437237701,0.015579223601244734,0.12109594573227168,0.1333219975178157
1104,1,1103,expanding,band_ge3,1103,480,0.4354927859195104,0.45291992938050796,0,0.1896539665879365,0.20513646243004433,0.5718021158806514,0.6031601058843978
1104,804,1103,rolling300,band_ge3,300,116,0.39080749558628175,0.45291992938050796,0,0.15273049860642163,0.20513646243004433,0.49562096201955913,0.6031601058843978
1104,1,1103,expanding,band_ge4,1103,62,0.0563896823833819,0.06628066582689385,0,0.003179796279298691,0.004393126662456374,0.05804199719659244,0.0685793846560867
1104,804,1103,rolling300,band_ge4,300,11,0.03851754161418087,0.06628066582689385,0,0.001483601012000155,0.004393126662456374,0.039278958128235016,0.0685793846560867
1104,1,1103,expanding,odd_imbalance,1103,192,0.17429746746679503,0.18680279826054075,0,0.03037960716533847,0.034895285437968285,0.19152070042865701,0.20678163828224355
1104,804,1103,rolling300,odd_imbalance,300,60,0.1991751748912838,0.18680279826054075,0,0.03967075029297349,0.034895285437968285,0.22211305107611848,0.20678163828224355
1104,1,1103,expanding,low_high_imbalance,1103,216,0.19566879427000072,0.18680279826054075,0,0.038286277051075866,0.034895285437968285,0.2177441472048437,0.20678163828224355
1104,804,1103,rolling300,low_high_imbalance,300,60,0.1991751748912838,0.18680279826054075,0,0.03967075029297349,0.034895285437968285,0.22211305107611848,0.20678163828224355
1104,1,1103,expanding,repeated_end,1103,864,0.7834423876293736,0.790290065389328,1,0.04689719947566649,0.043978256674412325,0.24405775195173923,0.2353552295330889
1104,804,1103,rolling300,repeated_end,300,235,0.783768129086833,0.790290065389328,1,0.04675622199860851,0.043978256674412325,0.24364205609125875,0.2353552295330889
1104,1,1103,expanding,end_multiplicity_ge3,1103,90,0.0817361079128517,0.08948245930662266,0,0.006680791336741338,0.00800711052356138,0.08527046552432761,0.09374211509792349
1104,804,1103,rolling300,end_multiplicity_ge3,300,28,0.09309265370666392,0.08948245930662266,0,0.008666242174148847,0.00800711052356138,0.09771498811668185,0.09374211509792349
1104,1,1103,expanding,multiple_repeat_end_groups,1103,273,0.247125298389814,0.22608550458805707,0,0.06107091310425461,0.05111465538483637,0.2838564639521362,0.25629388253878654
1104,804,1103,rolling300,multiple_repeat_end_groups,300,84,0.2766303440367536,0.22608550458805707,0,0.07652434724189264,0.05111465538483637,0.32383490675911203,0.25629388253878654
1104,1,1103,expanding,extreme_sum,1103,139,0.12581367245334044,0.11443770825506504,0,0.015829080176196435,0.01309598907067138,0.13446173663558114,0.12153247782470628
1104,804,1103,rolling300,extreme_sum,300,36,0.11965235676594158,0.11443770825506504,0,0.014316686479644165,0.01309598907067138,0.12743840039163556,0.12153247782470628
1104,1,1103,expanding,narrow_three_span_le4,1103,270,0.2451493092243978,0.26513371294993526,0,0.0600981838131994,0.07029588574261866,0.2812353098524271,0.30806671870004826
1104,804,1103,rolling300,narrow_three_span_le4,300,67,0.22594585705937095,0.26513371294993526,0,0.05105153032229369,0.07029588574261866,0.25611345571926963,0.30806671870004826
1104,1,1103,expanding,large_gap_ge15,1103,477,0.43253402689097026,0.4367856099279809,0,0.18708568441851858,0.19078166904015828,0.5665744907034516,0.574094923910703
1104,804,1103,rolling300,large_gap_ge15,300,127,0.42417410062049876,0.4367856099279809,0,0.17992366763720902,0.19078166904015828,0.5519499219971077,0.574094923910703
1104,1,1103,expanding,previous_overlap_ge2,1102,211,0.19118196258219494,0.17530810086113546,0,0.03655054281677979,0.030732930227538046,0.2121813100683114,0.19274541798861644
1104,804,1103,rolling300,previous_overlap_ge2,300,46,0.15470675630382097,0.17530810086113546,0,0.02393418044604985,0.030732930227538046,0.16807167786734487,0.19274541798861644
1105,1,1104,expanding,consecutive_ge1,1104,568,0.5147463965517146,0.5287474862063631,1,0.23547105965954582,0.2220789317568219,0.6640809334839481,0.6372443028525948
1105,805,1104,rolling300,consecutive_ge1,300,153,0.5111717178878977,0.5287474862063631,1,0.23895308939266904,0.2220789317568219,0.6710497023947203,0.6372443028525948
1105,1,1104,expanding,consecutive_ge2,1104,140,0.12677609893411979,0.12481676009753151,0,0.016072179260953726,0.015579223601244734,0.13556328286935962,0.1333219975178157
1105,805,1104,rolling300,consecutive_ge2,300,34,0.11405104750609571,0.12481676009753151,0,0.013007641437237701,0.015579223601244734,0.12109594573227168,0.1333219975178157
1105,1,1104,expanding,band_ge3,1104,480,0.4351053368217172,0.45291992938050796,1,0.3191059804873055,0.2992966036690284,0.8321671235947639,0.7920399254567645
1105,805,1104,rolling300,band_ge3,300,116,0.39080749558628175,0.45291992938050796,1,0.3711155074338582,0.2992966036690284,0.9395401788892525,0.7920399254567645
1105,1,1104,expanding,band_ge4,1104,62,0.056339513626813054,0.06628066582689385,1,0.8904951135420799,0.8718317950086687,2.876359149393093,2.7138570408059484
1105,805,1104,rolling300,band_ge4,300,11,0.03851754161418087,0.06628066582689385,1,0.9244485177836385,0.8718317950086687,3.2566415151122023,2.7138570408059484
1105,1,1104,expanding,odd_imbalance,1104,192,0.17414239854556124,0.18680279826054075,0,0.03032557497120109,0.034895285437968285,0.19133291565655186,0.20678163828224355
1105,805,1104,rolling300,odd_imbalance,300,60,0.1991751748912838,0.18680279826054075,0,0.03967075029297349,0.034895285437968285,0.22211305107611848,0.20678163828224355
1105,1,1104,expanding,low_high_imbalance,1104,216,0.195494711712821,0.18680279826054075,0,0.038218182307679,0.034895285437968285,0.2175277391876132,0.20678163828224355
1105,805,1104,rolling300,low_high_imbalance,300,60,0.1991751748912838,0.18680279826054075,0,0.03967075029297349,0.034895285437968285,0.22211305107611848,0.20678163828224355
1105,1,1104,expanding,repeated_end,1104,865,0.783635054544294,0.790290065389328,1,0.04681378962205061,0.043978256674412325,0.24381185865928776,0.2353552295330889
1105,805,1104,rolling300,repeated_end,300,235,0.783768129086833,0.790290065389328,1,0.04675622199860851,0.043978256674412325,0.24364205609125875,0.2353552295330889
1105,1,1104,expanding,end_multiplicity_ge3,1104,90,0.08166338895563385,0.08948245930662266,0,0.006668909095719142,0.00800711052356138,0.0851912768742844,0.09374211509792349
1105,805,1104,rolling300,end_multiplicity_ge3,300,28,0.09309265370666392,0.08948245930662266,0,0.008666242174148847,0.00800711052356138,0.09771498811668185,0.09374211509792349
1105,1,1104,expanding,multiple_repeat_end_groups,1104,273,0.2469054360246985,0.22608550458805707,0,0.06096229433854648,0.05111465538483637,0.2835644760985965,0.25629388253878654
1105,805,1104,rolling300,multiple_repeat_end_groups,300,84,0.2766303440367536,0.22608550458805707,0,0.07652434724189264,0.05111465538483637,0.32383490675911203,0.25629388253878654
1105,1,1104,expanding,extreme_sum,1104,139,0.12570173858105096,0.11443770825506504,0,0.015800927082298875,0.01309598907067138,0.1343337013378739,0.12153247782470628
1105,805,1104,rolling300,extreme_sum,300,36,0.11965235676594158,0.11443770825506504,0,0.014316686479644165,0.01309598907067138,0.12743840039163556,0.12153247782470628
1105,1,1104,expanding,narrow_three_span_le4,1104,270,0.24493120485676043,0.26513371294993526,1,0.5701288853990635,0.5400284598427482,1.4067779043711484,1.3275210030826026
1105,805,1104,rolling300,narrow_three_span_le4,300,67,0.22594585705937095,0.26513371294993526,1,0.5991598162035517,0.5400284598427482,1.4874598789452125,1.3275210030826026
1105,1,1104,expanding,large_gap_ge15,1104,477,0.4321492101410673,0.4367856099279809,1,0.3224545195434137,0.3172104491841965,0.8389843565276864,0.8283127993981904
1105,805,1104,rolling300,large_gap_ge15,300,127,0.42417410062049876,0.4367856099279809,1,0.3315754663962115,0.3172104491841965,0.8576112933583256,0.8283127993981904
1105,1,1104,expanding,previous_overlap_ge2,1103,211,0.191011720407144,0.17530810086113546,0,0.036485477332896955,0.030732930227538046,0.21197084955287238,0.19274541798861644
1105,805,1104,rolling300,previous_overlap_ge2,300,46,0.15470675630382097,0.17530810086113546,0,0.02393418044604985,0.030732930227538046,0.16807167786734487,0.19274541798861644
1106,1,1105,expanding,consecutive_ge1,1105,569,0.5151777330881131,0.5287474862063631,1,0.2350526304935809,0.2220789317568219,0.6632433250636702,0.6372443028525948
1106,806,1105,rolling300,consecutive_ge1,300,153,0.5111717178878977,0.5287474862063631,1,0.23895308939266904,0.2220789317568219,0.6710497023947203,0.6372443028525948
1106,1,1105,expanding,consecutive_ge2,1105,140,0.12666340906840057,0.12481676009753151,0,0.01604361919682898,0.015579223601244734,0.1354342408277104,0.1333219975178157
1106,806,1105,rolling300,consecutive_ge2,300,33,0.11092604750609572,0.12481676009753151,0,0.012304588015324604,0.015579223601244734,0.11757486077063632,0.1333219975178157
1106,1,1105,expanding,band_ge3,1105,481,0.43560746541120904,0.45291992938050796,1,0.31853893309955966,0.2992966036690284,0.8310137498442733,0.7920399254567645
1106,806,1105,rolling300,band_ge3,300,116,0.39080749558628175,0.45291992938050796,1,0.3711155074338582,0.2992966036690284,0.9395401788892525,0.7920399254567645
1106,1,1105,expanding,band_ge4,1105,63,0.057178322948033676,0.06628066582689385,0,0.0032693606151496346,0.004393126662456374,0.058878115978319163,0.0685793846560867
1106,806,1105,rolling300,band_ge4,300,12,0.041642541614180864,0.06628066582689385,0,0.001734101272088785,0.004393126662456374,0.04253444076784371,0.0685793846560867
1106,1,1105,expanding,odd_imbalance,1105,192,0.17398760530240961,0.18680279826054075,0,0.030271686798867076,0.034895285437968285,0.1911454998865878,0.20678163828224355
1106,806,1105,rolling300,odd_imbalance,300,60,0.1991751748912838,0.18680279826054075,0,0.03967075029297349,0.034895285437968285,0.22211305107611848,0.20678163828224355
1106,1,1105,expanding,low_high_imbalance,1105,216,0.19532093863574296,0.18680279826054075,0,0.03815026906954767,0.034895285437968285,0.2173117625932707,0.20678163828224355
1106,806,1105,rolling300,low_high_imbalance,300,60,0.1991751748912838,0.18680279826054075,0,0.03967075029297349,0.034895285437968285,0.22211305107611848,0.20678163828224355
1106,1,1105,expanding,repeated_end,1105,866,0.7838273789402547,0.790290065389328,0,0.6143853599763496,0.6245583874530684,1.5316780188926433,1.5620299668475026
1106,806,1105,rolling300,repeated_end,300,235,0.783768129086833,0.790290065389328,0,0.6142924801722746,0.6245583874530684,1.53140397061196,1.5620299668475026
1106,1,1105,expanding,end_multiplicity_ge3,1105,90,0.08159079927656218,0.08948245930662266,0,0.0066570585265882595,0.00800711052356138,0.08511223525769886,0.09374211509792349
1106,806,1105,rolling300,end_multiplicity_ge3,300,28,0.09309265370666392,0.08948245930662266,0,0.008666242174148847,0.00800711052356138,0.09771498811668185,0.09374211509792349
1106,1,1105,expanding,multiple_repeat_end_groups,1105,273,0.24668596452600988,0.22608550458805707,0,0.060853965094127806,0.05111465538483637,0.28327309233947334,0.25629388253878654
1106,806,1105,rolling300,multiple_repeat_end_groups,300,83,0.27350534403675353,0.22608550458805707,0,0.07480517321666291,0.05111465538483637,0.31952415186499783,0.25629388253878654
1106,1,1105,expanding,extreme_sum,1105,139,0.12559000370231227,0.11443770825506504,0,0.01577284902994681,0.01309598907067138,0.13420591000573187,0.12153247782470628
1106,806,1105,rolling300,extreme_sum,300,36,0.11965235676594158,0.11443770825506504,0,0.014316686479644165,0.01309598907067138,0.12743840039163556,0.12153247782470628
1106,1,1105,expanding,narrow_three_span_le4,1105,271,0.24560237711910995,0.26513371294993526,1,0.5691157734083376,0.5400284598427482,1.4040414039322515,1.3275210030826026
1106,806,1105,rolling300,narrow_three_span_le4,300,68,0.22907085705937097,0.26513371294993526,1,0.5943317434351729,0.5400284598427482,1.4737239038149945,1.3275210030826026
1106,1,1105,expanding,large_gap_ge15,1105,478,0.43265396639871967,0.4367856099279809,1,0.3218815218431051,0.3172104491841965,0.8378170242868642,0.8283127993981904
1106,806,1105,rolling300,large_gap_ge15,300,128,0.4272991006204988,0.4367856099279809,1,0.32798632015008955,0.3172104491841965,0.8502710411307717,0.8283127993981904
1106,1,1105,expanding,previous_overlap_ge2,1104,211,0.19084178115411274,0.17530810086113546,0,0.03642058543407426,0.030732930227538046,0.21176080768852948,0.19274541798861644
1106,806,1105,rolling300,previous_overlap_ge2,300,45,0.15158175630382095,0.17530810086113546,0,0.022977028844150964,0.030732930227538046,0.16438155287337675,0.19274541798861644
1107,1,1106,expanding,consecutive_ge1,1106,570,0.5156083034850153,0.5287474862063631,1,0.23463531565266504,0.2220789317568219,0.6624079035374417,0.6372443028525948
1107,807,1106,rolling300,consecutive_ge1,300,153,0.5111717178878977,0.5287474862063631,1,0.23895308939266904,0.2220789317568219,0.6710497023947203,0.6372443028525948
1107,1,1106,expanding,consecutive_ge2,1106,140,0.12655091936230076,0.12481676009753151,1,0.762913296466842,0.7659457034061817,2.067110527202689,2.0809085364103663
1107,807,1106,rolling300,consecutive_ge2,300,33,0.11092604750609572,0.12481676009753151,1,0.7904524930031332,0.7659457034061817,2.198891538389242,2.0809085364103663
1107,1,1106,expanding,band_ge3,1106,482,0.4361087021204353,0.45291992938050796,0,0.19019080006517056,0.20513646243004433,0.5728937803158026,0.6031601058843978
1107,807,1106,rolling300,band_ge3,300,116,0.39080749558628175,0.45291992938050796,0,0.15273049860642163,0.20513646243004433,0.49562096201955913,0.6031601058843978
1107,1,1106,expanding,band_ge4,1106,63,0.05712754290989155,0.06628066582689385,0,0.0032635561589215,0.004393126662456374,0.05882425778654241,0.0685793846560867
1107,807,1106,rolling300,band_ge4,300,12,0.041642541614180864,0.06628066582689385,0,0.001734101272088785,0.004393126662456374,0.04253444076784371,0.0685793846560867
1107,1,1106,expanding,odd_imbalance,1106,192,0.17383308700285152,0.18680279826054075,0,0.030217942136940946,0.034895285437968285,0.19095845202890185,0.20678163828224355
1107,807,1106,rolling300,odd_imbalance,300,60,0.1991751748912838,0.18680279826054075,0,0.03967075029297349,0.034895285437968285,0.22211305107611848,0.20678163828224355
1107,1,1106,expanding,low_high_imbalance,1106,216,0.1951474742142192,0.18680279826054075,0,0.038082536692189355,0.034895285437968285,0.21709621612797575,0.20678163828224355
1107,807,1106,rolling300,low_high_imbalance,300,60,0.1991751748912838,0.18680279826054075,0,0.03967075029297349,0.034895285437968285,0.22211305107611848,0.20678163828224355
1107,1,1106,expanding,repeated_end,1106,866,0.7831312622626878,0.790290065389328,1,0.0470320494077751,0.043978256674412325,0.2444549568591469,0.2353552295330889
1107,807,1106,rolling300,repeated_end,300,235,0.783768129086833,0.790290065389328,1,0.04675622199860851,0.043978256674412325,0.24364205609125875,0.2353552295330889
1107,1,1106,expanding,end_multiplicity_ge3,1106,90,0.0815183385312011,0.08948245930662266,0,0.006645239516887507,0.00800711052356138,0.08503334026519803,0.09374211509792349
1107,807,1106,rolling300,end_multiplicity_ge3,300,28,0.09309265370666392,0.08948245930662266,0,0.008666242174148847,0.00800711052356138,0.09771498811668185,0.09374211509792349
1107,1,1106,expanding,multiple_repeat_end_groups,1106,273,0.24646688285236334,0.22608550458805707,1,0.567812158638234,0.5989436462087222,1.4005276440084056,1.4868420123767523
1107,807,1106,rolling300,multiple_repeat_end_groups,300,83,0.27350534403675353,0.22608550458805707,1,0.5277944851431559,0.5989436462087222,1.2964341178713097,1.4868420123767523
1107,1,1106,expanding,extreme_sum,1106,139,0.1254784672869461,0.11443770825506504,0,0.0157448457526812,0.01309598907067138,0.13407836194147973,0.12153247782470628
1107,807,1106,rolling300,extreme_sum,300,36,0.11965235676594158,0.11443770825506504,0,0.014316686479644165,0.01309598907067138,0.12743840039163556,0.12153247782470628
1107,1,1106,expanding,narrow_three_span_le4,1106,272,0.2462723572460024,0.26513371294993526,0,0.060650073943502636,0.07029588574261866,0.2827241927352122,0.30806671870004826
1107,807,1106,rolling300,narrow_three_span_le4,300,69,0.23219585705937096,0.26513371294993526,0,0.05391491603553583,0.07029588574261866,0.2642206005708816,0.30806671870004826
1107,1,1106,expanding,large_gap_ge15,1106,479,0.4331578261088451,0.4367856099279809,1,0.32131005010165026,0.3172104491841965,0.8366531229139196,0.8283127993981904
1107,807,1106,rolling300,large_gap_ge15,300,129,0.4304241006204988,0.4367856099279809,1,0.32441670515396775,0.3172104491841965,0.8429842758368011,0.8283127993981904
1107,1,1106,expanding,previous_overlap_ge2,1105,211,0.19067214401530908,0.17530810086113546,0,0.036355866503394764,0.030732930227538046,0.21155118322272412,0.19274541798861644
1107,807,1106,rolling300,previous_overlap_ge2,300,45,0.15158175630382095,0.17530810086113546,0,0.022977028844150964,0.030732930227538046,0.16438155287337675,0.19274541798861644
1108,1,1107,expanding,consecutive_ge1,1107,571,0.5160381097818343,0.5287474862063631,0,0.26629533074720846,0.2795739041695482,0.7257491145842663,0.7523612059240392
1108,808,1107,rolling300,consecutive_ge1,300,153,0.5111717178878977,0.5287474862063631,0,0.2612965251684645,0.2795739041695482,0.7157440125037855,0.7523612059240392
1108,1,1107,expanding,consecutive_ge2,1107,141,0.1273259407293262,0.12481676009753151,0,0.01621189518260789,0.015579223601244734,0.13619314993590778,0.1333219975178157
1108,808,1107,rolling300,consecutive_ge2,300,34,0.11405104750609571,0.12481676009753151,0,0.013007641437237701,0.015579223601244734,0.12109594573227168,0.1333219975178157
1108,1,1107,expanding,band_ge3,1107,482,0.4357217378772051,0.45291992938050796,0,0.18985343285873182,0.20513646243004433,0.5722077765941549,0.6031601058843978
1108,808,1107,rolling300,band_ge3,300,116,0.39080749558628175,0.45291992938050796,0,0.15273049860642163,0.20513646243004433,0.49562096201955913,0.6031601058843978
1108,1,1107,expanding,band_ge4,1107,63,0.057076852987167595,0.06628066582689385,0,0.0032577671469187423,0.004393126662456374,0.058770498065578096,0.0685793846560867
1108,808,1107,rolling300,band_ge4,300,12,0.041642541614180864,0.06628066582689385,0,0.001734101272088785,0.004393126662456374,0.04253444076784371,0.0685793846560867
1108,1,1107,expanding,odd_imbalance,1107,192,0.17367884291500515,0.18680279826054075,0,0.030164340476295036,0.034895285437968285,0.19077177099793183,0.20678163828224355
1108,808,1107,rolling300,odd_imbalance,300,60,0.1991751748912838,0.18680279826054075,0,0.03967075029297349,0.034895285437968285,0.22211305107611848,0.20678163828224355
1108,1,1107,expanding,low_high_imbalance,1107,216,0.19497431762662895,0.18680279826054075,0,0.03801498453396959,0.034895285437968285,0.21688109850307674,0.20678163828224355
1108,808,1107,rolling300,low_high_imbalance,300,60,0.1991751748912838,0.18680279826054075,0,0.03967075029297349,0.034895285437968285,0.22211305107611848,0.20678163828224355
1108,1,1107,expanding,repeated_end,1107,867,0.7833236923760306,0.790290065389328,1,0.04694862228555702,0.043978256674412325,0.2442092681928486,0.2353552295330889
1108,808,1107,rolling300,repeated_end,300,235,0.783768129086833,0.790290065389328,1,0.04675622199860851,0.043978256674412325,0.24364205609125875,0.2353552295330889
1108,1,1107,expanding,end_multiplicity_ge3,1107,90,0.08144600637633757,0.08948245930662266,0,0.006633451954654421,0.00800711052356138,0.08495459148892869,0.09374211509792349
1108,808,1107,rolling300,end_multiplicity_ge3,300,28,0.09309265370666392,0.08948245930662266,0,0.008666242174148847,0.00800711052356138,0.09771498811668185,0.09374211509792349
1108,1,1107,expanding,multiple_repeat_end_groups,1107,274,0.24713550141238785,0.22608550458805707,1,0.5668049532335767,0.5989436462087222,1.3978185040598177,1.4868420123767523
1108,808,1107,rolling300,multiple_repeat_end_groups,300,84,0.2766303440367536,0.22608550458805707,1,0.5232636591683855,0.5989436462087222,1.2850731620925888,1.4868420123767523
1108,1,1107,expanding,extreme_sum,1107,139,0.125367128806656,0.11443770825506504,0,0.015716916985224674,0.01309598907067138,0.13395105645010424,0.12153247782470628
1108,808,1107,rolling300,extreme_sum,300,36,0.11965235676594158,0.11443770825506504,0,0.014316686479644165,0.01309598907067138,0.12743840039163556,0.12153247782470628
1108,1,1107,expanding,narrow_three_span_le4,1107,272,0.2460538369645064,0.26513371294993526,0,0.06054249068495589,0.07029588574261866,0.28243431533310176,0.30806671870004826
1108,808,1107,rolling300,narrow_three_span_le4,300,69,0.23219585705937096,0.26513371294993526,0,0.05391491603553583,0.07029588574261866,0.2642206005708816,0.30806671870004826
1108,1,1107,expanding,large_gap_ge15,1107,480,0.4336607916579943,0.4367856099279809,0,0.18806168222143835,0.19078166904015828,0.5685620722675444,0.574094923910703
1108,808,1107,rolling300,large_gap_ge15,300,130,0.4335491006204988,0.4367856099279809,0,0.18796482264884337,0.19078166904015828,0.5683648759165237,0.574094923910703
1108,1,1107,expanding,previous_overlap_ge2,1106,211,0.19050280818581058,0.17530810086113546,0,0.03629131992667974,0.030732930227538046,0.2113419749079079,0.19274541798861644
1108,808,1107,rolling300,previous_overlap_ge2,300,45,0.15158175630382095,0.17530810086113546,0,0.022977028844150964,0.030732930227538046,0.16438155287337675,0.19274541798861644
1109,1,1108,expanding,consecutive_ge1,1108,571,0.515580629188056,0.5287474862063631,1,0.23466212681783968,0.2220789317568219,0.6624615780796892,0.6372443028525948
1109,809,1108,rolling300,consecutive_ge1,300,152,0.5080467178878977,0.5287474862063631,1,0.24201803178086972,0.2220789317568219,0.6771818712858612,0.6372443028525948
1109,1,1108,expanding,consecutive_ge2,1108,141,0.12721306312229666,0.12481676009753151,0,0.016183163428957436,0.015579223601244734,0.13606381148900343,0.1333219975178157
1109,809,1108,rolling300,consecutive_ge2,300,34,0.11405104750609571,0.12481676009753151,0,0.013007641437237701,0.015579223601244734,0.12109594573227168,0.1333219975178157
1109,1,1108,expanding,band_ge3,1108,482,0.43533545974078913,0.45291992938050796,1,0.318846043026146,0.2992966036690284,0.8316383732757482,0.7920399254567645
1109,809,1108,rolling300,band_ge3,300,116,0.39080749558628175,0.45291992938050796,1,0.3711155074338582,0.2992966036690284,0.9395401788892525,0.7920399254567645
1109,1,1108,expanding,band_ge4,1108,63,0.05702625294019316,0.06628066582689385,0,0.003251993524398889,0.004393126662456374,0.05871683654553889,0.0685793846560867
1109,809,1108,rolling300,band_ge4,300,12,0.041642541614180864,0.06628066582689385,0,0.001734101272088785,0.004393126662456374,0.04253444076784371,0.0685793846560867
1109,1,1108,expanding,odd_imbalance,1108,192,0.17352487230958408,0.18680279826054075,0,0.030110881310057458,0.034895285437968285,0.1905854557123946,0.20678163828224355
1109,809,1108,rolling300,odd_imbalance,300,59,0.1960501748912838,0.18680279826054075,0,0.03843567107490296,0.034895285437968285,0.21821841833174108,0.20678163828224355
1109,1,1108,expanding,low_high_imbalance,1108,216,0.1948014680542649,0.18680279826054075,0,0.03794761195609679,0.034895285437968285,0.21666640843508383,0.20678163828224355
1109,809,1108,rolling300,low_high_imbalance,300,60,0.1991751748912838,0.18680279826054075,0,0.03967075029297349,0.034895285437968285,0.22211305107611848,0.20678163828224355
1109,1,1108,expanding,repeated_end,1108,868,0.7835157813012292,0.790290065389328,1,0.04686541694561721,0.043978256674412325,0.2439640753324592,0.2353552295330889
1109,809,1108,rolling300,repeated_end,300,235,0.783768129086833,0.790290065389328,1,0.04675622199860851,0.043978256674412325,0.24364205609125875,0.2353552295330889
1109,1,1108,expanding,end_multiplicity_ge3,1108,90,0.08137380246997558,0.08948245930662266,0,0.006621695728422604,0.00800711052356138,0.0848759885225492,0.09374211509792349
1109,809,1108,rolling300,end_multiplicity_ge3,300,27,0.08996765370666392,0.08948245930662266,0,0.008094178713482197,0.00800711052356138,0.0942751347256709,0.09374211509792349
1109,1,1108,expanding,multiple_repeat_end_groups,1108,275,0.24780293447851162,0.22608550458805707,1,0.5658004253791382,0.5989436462087222,1.3951214677324681,1.4868420123767523
1109,809,1108,rolling300,multiple_repeat_end_groups,300,85,0.27975534403675356,0.22608550458805707,1,0.5187523644436153,0.5989436462087222,1.27383982907085,1.4868420123767523
1109,1,1108,expanding,extreme_sum,1108,139,0.1252559877350189,0.11443770825506504,0,0.015689062463475203,0.01309598907067138,0.13382399283924076,0.12153247782470628
1109,809,1108,rolling300,extreme_sum,300,36,0.11965235676594158,0.11443770825506504,0,0.014316686479644165,0.01309598907067138,0.12743840039163556,0.12153247782470628
1109,1,1108,expanding,narrow_three_span_le4,1108,272,0.245835704130318,0.26513371294993526,1,0.5687637851646133,0.5400284598427482,1.4030918355628366,1.3275210030826026
1109,809,1108,rolling300,narrow_three_span_le4,300,69,0.23219585705937096,0.26513371294993526,1,0.5895232019167939,0.5400284598427482,1.4601740519990907,1.3275210030826026
1109,1,1108,expanding,large_gap_ge15,1108,480,0.43327634060155995,0.4367856099279809,0,0.187728387325079,0.19078166904015828,0.5678834672542948,0.574094923910703
1109,809,1108,rolling300,large_gap_ge15,300,130,0.4335491006204988,0.4367856099279809,0,0.18796482264884337,0.19078166904015828,0.5683648759165237,0.574094923910703
1109,1,1108,expanding,previous_overlap_ge2,1107,211,0.19033377286355166,0.17530810086113546,0,0.036226945092474074,0.030732930227538046,0.21113318150151722,0.19274541798861644
1109,809,1108,rolling300,previous_overlap_ge2,300,45,0.15158175630382095,0.17530810086113546,0,0.022977028844150964,0.030732930227538046,0.16438155287337675,0.19274541798861644
1110,1,1109,expanding,consecutive_ge1,1109,572,0.5160096986041871,0.5287474862063631,0,0.266266009053584,0.2795739041695482,0.7256904109046807,0.7523612059240392
1110,810,1109,rolling300,consecutive_ge1,300,153,0.5111717178878977,0.5287474862063631,0,0.2612965251684645,0.2795739041695482,0.7157440125037855,0.7523612059240392
1110,1,1109,expanding,consecutive_ge2,1109,141,0.12710038547559843,0.12481676009753151,0,0.016154507988045713,0.015579223601244734,0.13593471884431968,0.1333219975178157
1110,810,1109,rolling300,consecutive_ge2,300,34,0.11405104750609571,0.12481676009753151,0,0.013007641437237701,0.015579223601244734,0.12109594573227168,0.1333219975178157
1110,1,1109,expanding,band_ge3,1109,483,0.4358356054806113,0.45291992938050796,0,0.18995267500465104,0.20513646243004433,0.5724095903117105,0.6031601058843978
1110,810,1109,rolling300,band_ge3,300,116,0.39080749558628175,0.45291992938050796,0,0.15273049860642163,0.20513646243004433,0.49562096201955913,0.6031601058843978
1110,1,1109,expanding,band_ge4,1109,63,0.0569757425301487,0.06628066582689385,0,0.003246235236861795,0.004393126662456374,0.0586632729575232,0.0685793846560867
1110,810,1109,rolling300,band_ge4,300,12,0.041642541614180864,0.06628066582689385,0,0.001734101272088785,0.004393126662456374,0.04253444076784371,0.0685793846560867
1110,1,1109,expanding,odd_imbalance,1109,192,0.1733711744598856,0.18680279826054075,0,0.030057564133600084,0.034895285437968285,0.19039950509526485,0.20678163828224355
1110,810,1109,rolling300,odd_imbalance,300,59,0.1960501748912838,0.18680279826054075,0,0.03843567107490296,0.034895285437968285,0.21821841833174108,0.20678163828224355
1110,1,1109,expanding,low_high_imbalance,1109,216,0.19462892468132048,0.18680279826054075,1,0.6486225689599663,0.6612896889168869,1.6366604836808984,1.677701773318112
1110,810,1109,rolling300,low_high_imbalance,300,60,0.1991751748912838,0.18680279826054075,1,0.641320400510406,0.6612896889168869,1.6135705656376,1.677701773318112
1110,1,1109,expanding,repeated_end,1109,869,0.783707529944895,0.790290065389328,1,0.04678243260253849,0.043978256674412325,0.24371937677132038,0.2353552295330889
1110,810,1109,rolling300,repeated_end,300,236,0.7868931290868331,0.790290065389328,1,0.0454145384304012,0.043978256674412325,0.23966283510108527,0.2353552295330889
1110,1,1109,expanding,end_multiplicity_ge3,1109,90,0.08130172647133078,0.08948245930662266,0,0.0066099707272190885,0.00800711052356138,0.08479753096122339,0.09374211509792349
1110,810,1109,rolling300,end_multiplicity_ge3,300,27,0.08996765370666392,0.08948245930662266,0,0.008094178713482197,0.00800711052356138,0.0942751347256709,0.09374211509792349
1110,1,1109,expanding,multiple_repeat_end_groups,1109,276,0.24846918520085132,0.22608550458805707,0,0.06173693599437495,0.05111465538483637,0.2856430662396802,0.25629388253878654
1110,810,1109,rolling300,multiple_repeat_end_groups,300,86,0.28288034403675355,0.22608550458805707,0,0.08002128904235205,0.05111465538483637,0.33251256811750557,0.25629388253878654
1110,1,1109,expanding,extreme_sum,1109,139,0.1251450435474768,0.11443770825506504,0,0.015661281924499865,0.01309598907067138,0.13369717041916113,0.12153247782470628
1110,810,1109,rolling300,extreme_sum,300,36,0.11965235676594158,0.11443770825506504,0,0.014316686479644165,0.01309598907067138,0.12743840039163556,0.12153247782470628
1110,1,1109,expanding,narrow_three_span_le4,1109,273,0.24650369730646476,0.26513371294993526,0,0.060764072785757205,0.07029588574261866,0.28303116777097614,0.30806671870004826
1110,810,1109,rolling300,narrow_three_span_le4,300,70,0.23532085705937095,0.26513371294993526,0,0.0553759057671569,0.07029588574261866,0.26829895412982935,0.30806671870004826
1110,1,1109,expanding,large_gap_ge15,1109,480,0.43289257059216973,0.4367856099279809,1,0.32161083648955713,0.3172104491841965,0.83726568663072,0.8283127993981904
1110,810,1109,rolling300,large_gap_ge15,300,129,0.4304241006204988,0.4367856099279809,1,0.32441670515396775,0.3172104491841965,0.8429842758368011,0.8283127993981904
1110,1,1109,expanding,previous_overlap_ge2,1108,211,0.19016503724931091,0.17530810086113546,0,0.03616274139203181,0.030732930227538046,0.21092480176594797,0.19274541798861644
1110,810,1109,rolling300,previous_overlap_ge2,300,45,0.15158175630382095,0.17530810086113546,0,0.022977028844150964,0.030732930227538046,0.16438155287337675,0.19274541798861644
1111,1,1110,expanding,consecutive_ge1,1110,572,0.51555305285321,0.5287474862063631,0,0.2657949503062647,0.2795739041695482,0.7247473538599258,0.7523612059240392
1111,811,1110,rolling300,consecutive_ge1,300,153,0.5111717178878977,0.5287474862063631,0,0.2612965251684645,0.2795739041695482,0.7157440125037855,0.7523612059240392
1111,1,1110,expanding,consecutive_ge2,1110,141,0.1269879072583634,0.12481676009753151,0,0.016125928589858705,0.015579223601244734,0.13580587130074398,0.1333219975178157
1111,811,1110,rolling300,consecutive_ge2,300,34,0.11405104750609571,0.12481676009753151,0,0.013007641437237701,0.015579223601244734,0.12109594573227168,0.1333219975178157
1111,1,1110,expanding,band_ge3,1110,483,0.4354499102545223,0.45291992938050796,0,0.1896166243406715,0.20513646243004433,0.5717261663874532,0.6031601058843978
1111,811,1110,rolling300,band_ge3,300,116,0.39080749558628175,0.45291992938050796,0,0.15273049860642163,0.20513646243004433,0.49562096201955913,0.6031601058843978
1111,1,1110,expanding,band_ge4,1110,63,0.056925321519060074,0.06628066582689385,0,0.003240492230048364,0.004393126662456374,0.058609807033610524,0.0685793846560867
1111,811,1110,rolling300,band_ge4,300,12,0.041642541614180864,0.06628066582689385,0,0.001734101272088785,0.004393126662456374,0.04253444076784371,0.0685793846560867
1111,1,1110,expanding,odd_imbalance,1110,192,0.1732177486417795,0.18680279826054075,1,0.6835688911609676,0.6612896889168869,1.7532058132669257,1.677701773318112
1111,811,1110,rolling300,odd_imbalance,300,58,0.1929251748912838,0.18680279826054075,1,0.6513697733242648,0.6612896889168869,1.6454528601141498,1.677701773318112
1111,1,1110,expanding,low_high_imbalance,1110,217,0.19534164244708924,0.18680279826054075,0,0.038158357273926455,0.034895285437968285,0.21733749220236834,0.20678163828224355
1111,811,1110,rolling300,low_high_imbalance,300,61,0.20230017489128377,0.18680279826054075,0,0.040925360761044,0.034895285437968285,0.2260229113095098,0.20678163828224355
1111,1,1110,expanding,repeated_end,1110,870,0.7838989392104305,0.790290065389328,1,0.046699668474377204,0.043978256674412325,0.24347517100890106,0.2353552295330889
1111,811,1110,rolling300,repeated_end,300,236,0.7868931290868331,0.790290065389328,1,0.0454145384304012,0.043978256674412325,0.23966283510108527,0.2353552295330889
1111,1,1110,expanding,end_multiplicity_ge3,1110,90,0.08122977804082518,0.08948245930662266,1,0.8441387207589113,0.829042191910316,2.5104733744008465,2.41371265830984
1111,811,1110,rolling300,end_multiplicity_ge3,300,27,0.08996765370666392,0.08948245930662266,1,0.8281588713001543,0.829042191910316,2.408305076511992,2.41371265830984
1111,1,1110,expanding,multiple_repeat_end_groups,1110,276,0.2482493009661603,0.22608550458805707,0,0.06162771543018723,0.05111465538483637,0.2853505272385206,0.25629388253878654
1111,811,1110,rolling300,multiple_repeat_end_groups,300,86,0.28288034403675355,0.22608550458805707,0,0.08002128904235205,0.05111465538483637,0.33251256811750557,0.25629388253878654
1111,1,1110,expanding,extreme_sum,1110,139,0.12503429572132857,0.11443770825506504,0,0.015633575106528644,0.01309598907067138,0.13357058850276088,0.12153247782470628
1111,811,1110,rolling300,extreme_sum,300,36,0.11965235676594158,0.11443770825506504,0,0.014316686479644165,0.01309598907067138,0.12743840039163556,0.12153247782470628
1111,1,1110,expanding,narrow_three_span_le4,1110,273,0.24628555244159178,0.26513371294993526,0,0.06065657334146005,0.07029588574261866,0.2827416994715234,0.30806671870004826
1111,811,1110,rolling300,narrow_three_span_le4,300,70,0.23532085705937095,0.26513371294993526,0,0.0553759057671569,0.07029588574261866,0.26829895412982935,0.30806671870004826
1111,1,1110,expanding,large_gap_ge15,1110,481,0.4333944355739466,0.4367856099279809,1,0.3210418656385666,0.3172104491841965,0.8361070289702673,0.8283127993981904
1111,811,1110,rolling300,large_gap_ge15,300,129,0.4304241006204988,0.4367856099279809,1,0.32441670515396775,0.3172104491841965,0.8429842758368011,0.8283127993981904
1111,1,1110,expanding,previous_overlap_ge2,1109,211,0.1899966005466986,0.17530810086113546,0,0.03609870821930175,0.030732930227538046,0.2107168344685318,0.19274541798861644
1111,811,1110,rolling300,previous_overlap_ge2,300,45,0.15158175630382095,0.17530810086113546,0,0.022977028844150964,0.030732930227538046,0.16438155287337675,0.19274541798861644
1112,1,1111,expanding,consecutive_ge1,1111,572,0.5150972146101921,0.5287474862063631,0,0.26532514049917827,0.2795739041695482,0.723806850631177,0.7523612059240392
1112,812,1111,rolling300,consecutive_ge1,300,153,0.5111717178878977,0.5287474862063631,0,0.2612965251684645,0.2795739041695482,0.7157440125037855,0.7523612059240392
1112,1,1111,expanding,consecutive_ge2,1111,141,0.12687562794160093,0.12481676009753151,0,0.016097424965575546,0.015579223601244734,0.13567726815983186,0.1333219975178157
1112,812,1111,rolling300,consecutive_ge2,300,34,0.11405104750609571,0.12481676009753151,0,0.013007641437237701,0.015579223601244734,0.12109594573227168,0.1333219975178157
1112,1,1111,expanding,band_ge3,1111,483,0.4350648970712733,0.45291992938050796,0,0.18928146466363766,0.20513646243004433,0.5710444165058994,0.6031601058843978
1112,812,1111,rolling300,band_ge3,300,116,0.39080749558628175,0.45291992938050796,0,0.15273049860642163,0.20513646243004433,0.49562096201955913,0.6031601058843978
1112,1,1111,expanding,band_ge4,1111,63,0.05687498966979477,0.06628066582689385,0,0.003234764449939262,0.004393126662456374,0.058556438506857184,0.0685793846560867
1112,812,1111,rolling300,band_ge4,300,12,0.041642541614180864,0.06628066582689385,0,0.001734101272088785,0.004393126662456374,0.04253444076784371,0.0685793846560867
1112,1,1111,expanding,odd_imbalance,1111,193,0.173948767431663,0.18680279826054075,1,0.6823606388276688,0.6612896889168869,1.7489944631715035,1.677701773318112
1112,812,1111,rolling300,odd_imbalance,300,59,0.1960501748912838,0.18680279826054075,1,0.6463353212923355,0.6612896889168869,1.6293846581692961,1.677701773318112
1112,1,1111,expanding,low_high_imbalance,1111,217,0.19516892658285662,0.18680279826054075,0,0.03809090990350448,0.034895285437968285,0.21712287027124885,0.20678163828224355
1112,812,1111,rolling300,low_high_imbalance,300,61,0.20230017489128377,0.18680279826054075,0,0.040925360761044,0.034895285437968285,0.2260229113095098,0.20678163828224355
1112,1,1111,expanding,repeated_end,1111,871,0.7840900099980429,0.790290065389328,1,0.046617123782645216,0.043978256674412325,0.2432314565507672,0.2353552295330889
1112,812,1111,rolling300,repeated_end,300,236,0.7868931290868331,0.790290065389328,1,0.0454145384304012,0.043978256674412325,0.23966283510108527,0.2353552295330889
1112,1,1111,expanding,end_multiplicity_ge3,1111,91,0.08204213013804815,0.08948245930662266,1,0.842646650841492,0.829042191910316,2.500522381487434,2.41371265830984
1112,812,1111,rolling300,end_multiplicity_ge3,300,28,0.09309265370666392,0.08948245930662266,1,0.8224809347608211,0.829042191910316,2.374160005367111,2.41371265830984
1112,1,1111,expanding,multiple_repeat_end_groups,1111,276,0.2480298055630072,0.22608550458805707,0,0.061518784447623154,0.05111465538483637,0.28505859087497737,0.25629388253878654
1112,812,1111,rolling300,multiple_repeat_end_groups,300,86,0.28288034403675355,0.22608550458805707,0,0.08002128904235205,0.05111465538483637,0.33251256811750557,0.25629388253878654
1112,1,1111,expanding,extreme_sum,1111,139,0.12492374373572175,0.11443770825506504,0,0.01560594174894828,0.01309598907067138,0.13344424640554672,0.12153247782470628
1112,812,1111,rolling300,extreme_sum,300,36,0.11965235676594158,0.11443770825506504,0,0.014316686479644165,0.01309598907067138,0.12743840039163556,0.12153247782470628
1112,1,1111,expanding,narrow_three_span_le4,1111,273,0.24606779333244802,0.26513371294993526,0,0.060549358915500354,0.07029588574261866,0.28245282659796556,0.30806671870004826
1112,812,1111,rolling300,narrow_three_span_le4,300,70,0.23532085705937095,0.26513371294993526,0,0.0553759057671569,0.07029588574261866,0.26829895412982935,0.30806671870004826
1112,1,1111,expanding,large_gap_ge15,1111,482,0.43389541308449125,0.4367856099279809,0,0.1882652294957613,0.19078166904015828,0.5689764353129095,0.574094923910703
1112,812,1111,rolling300,large_gap_ge15,300,129,0.4304241006204988,0.4367856099279809,0,0.18526490639496526,0.19078166904015828,0.5628632312621442,0.574094923910703
1112,1,1111,expanding,previous_overlap_ge2,1110,211,0.189828461962144,0.17530810086113546,0,0.03603484497091315,0.030732930227538046,0.21050927838150993,0.19274541798861644
1112,812,1111,rolling300,previous_overlap_ge2,300,45,0.15158175630382095,0.17530810086113546,0,0.022977028844150964,0.030732930227538046,0.16438155287337675,0.19274541798861644
1113,1,1112,expanding,consecutive_ge1,1112,572,0.5146421817350947,0.5287474862063631,1,0.23557221175086884,0.2220789317568219,0.6642834125461298,0.6372443028525948
1113,813,1112,rolling300,consecutive_ge1,300,153,0.5111717178878977,0.5287474862063631,1,0.23895308939266904,0.2220789317568219,0.6710497023947203,0.6372443028525948
1113,1,1112,expanding,consecutive_ge2,1112,141,0.12676354699818962,0.12481676009753151,0,0.016068996847562227,0.015579223601244734,0.13554890872579411,0.1333219975178157
1113,813,1112,rolling300,consecutive_ge2,300,34,0.11405104750609571,0.12481676009753151,0,0.013007641437237701,0.015579223601244734,0.12109594573227168,0.1333219975178157
1113,1,1112,expanding,band_ge3,1112,483,0.4346805641233305,0.45291992938050796,1,0.3195860645799159,0.2992966036690284,0.8331438529983898,0.7920399254567645
1113,813,1112,rolling300,band_ge3,300,115,0.38768249558628176,0.45291992938050796,1,0.37493272621144386,0.2992966036690284,0.9475685847021761,0.7920399254567645
1113,1,1112,expanding,band_ge4,1112,63,0.056824746746058204,0.06628066582689385,0,0.0032290518427536526,0.004393126662456374,0.058503167111291575,0.0685793846560867
1113,813,1112,rolling300,band_ge4,300,12,0.041642541614180864,0.06628066582689385,0,0.001734101272088785,0.004393126662456374,0.04253444076784371,0.0685793846560867
1113,1,1112,expanding,odd_imbalance,1112,194,0.17467849466891416,0.18680279826054075,0,0.030512576499797873,0.034895285437968285,0.19198226513049702,0.20678163828224355
1113,813,1112,rolling300,odd_imbalance,300,60,0.1991751748912838,0.18680279826054075,0,0.03967075029297349,0.034895285437968285,0.22211305107611848,0.20678163828224355
1113,1,1112,expanding,low_high_imbalance,1112,217,0.19499651587032757,0.18680279826054075,0,0.03802364120156691,0.034895285437968285,0.21690867346154555,0.20678163828224355
1113,813,1112,rolling300,low_high_imbalance,300,60,0.1991751748912838,0.18680279826054075,0,0.03967075029297349,0.034895285437968285,0.22211305107611848,0.20678163828224355
1113,1,1112,expanding,repeated_end,1112,872,0.7842807432047584,0.790290065389328,1,0.0465347977522914,0.043978256674412325,0.2429882319085501,0.2353552295330889
1113,813,1112,rolling300,repeated_end,300,236,0.7868931290868331,0.790290065389328,1,0.0454145384304012,0.043978256674412325,0.23966283510108527,0.2353552295330889
1113,1,1112,expanding,end_multiplicity_ge3,1112,92,0.08285304698421594,0.08948245930662266,0,0.0068646273945686944,0.00800711052356138,0.08648756545835509,0.09374211509792349
1113,813,1112,rolling300,end_multiplicity_ge3,300,29,0.09621765370666392,0.08948245930662266,0,0.009257836884815497,0.00800711052356138,0.1011667149537063,0.09374211509792349
1113,1,1112,expanding,multiple_repeat_end_groups,1112,276,0.24781069796091973,0.22608550458805707,0,0.061410142023878185,0.05111465538483637,0.2847672552763914,0.25629388253878654
1113,813,1112,rolling300,multiple_repeat_end_groups,300,86,0.28288034403675355,0.22608550458805707,0,0.08002128904235205,0.05111465538483637,0.33251256811750557,0.25629388253878654
1113,1,1112,expanding,extreme_sum,1112,139,0.12481338707164426,0.11443770825506504,0,0.015578381592296095,0.01309598907067138,0.13331814344562426,0.12153247782470628
1113,813,1112,rolling300,extreme_sum,300,35,0.11652735676594157,0.11443770825506504,0,0.01357862487485703,0.01309598907067138,0.123894951783211,0.12153247782470628
1113,1,1112,expanding,narrow_three_span_le4,1112,273,0.24585041895671264,0.26513371294993526,0,0.06044242850119113,0.07029588574261866,0.28216454730302,0.30806671870004826
1113,813,1112,rolling300,narrow_three_span_le4,300,69,0.23219585705937096,0.26513371294993526,0,0.05391491603553583,0.07029588574261866,0.2642206005708816,0.30806671870004826
1113,1,1112,expanding,large_gap_ge15,1112,482,0.433512113249611,0.4367856099279809,0,0.18793275233414353,0.19078166904015828,0.5682995813545336,0.574094923910703
1113,813,1112,rolling300,large_gap_ge15,300,128,0.4272991006204988,0.4367856099279809,0,0.18258452139108716,0.19078166904015828,0.5573916891636158,0.574094923910703
1113,1,1112,expanding,previous_overlap_ge2,1111,211,0.18966062070488304,0.17530810086113546,1,0.6566499096363955,0.6801167285052672,1.6625190108076515,1.7412102767071724
1113,813,1112,rolling300,previous_overlap_ge2,300,45,0.15158175630382095,0.17530810086113546,1,0.719813516236509,0.6801167285052672,1.886630154019245,1.7412102767071724
1114,1,1113,expanding,consecutive_ge1,1113,573,0.5150705646285324,0.5287474862063631,1,0.23515655728969037,0.2220789317568219,0.6634513690084256,0.6372443028525948
1114,814,1113,rolling300,consecutive_ge1,300,153,0.5111717178878977,0.5287474862063631,1,0.23895308939266904,0.2220789317568219,0.6710497023947203,0.6372443028525948
1114,1,1113,expanding,consecutive_ge2,1113,141,0.12665166390286905,0.12481676009753151,0,0.016040643969365304,0.015579223601244734,0.1354207923054842,0.1333219975178157
1114,814,1113,rolling300,consecutive_ge2,300,34,0.11405104750609571,0.12481676009753151,0,0.013007641437237701,0.015579223601244734,0.12109594573227168,0.1333219975178157
1114,1,1113,expanding,band_ge3,1113,484,0.43517952214263916,0.45291992938050796,1,0.3190221722070175,0.2992966036690284,0.8319966384476594,0.7920399254567645
1114,814,1113,rolling300,band_ge3,300,116,0.39080749558628175,0.45291992938050796,1,0.3711155074338582,0.2992966036690284,0.9395401788892525,0.7920399254567645
1114,1,1113,expanding,band_ge4,1113,63,0.05677459251239001,0.06628066582689385,0,0.003223354354947932,0.004393126662456374,0.05844999258191003,0.0685793846560867
1114,814,1113,rolling300,band_ge4,300,12,0.041642541614180864,0.06628066582689385,0,0.001734101272088785,0.004393126662456374,0.04253444076784371,0.0685793846560867
1114,1,1113,expanding,odd_imbalance,1113,194,0.17452432124025669,0.18680279826054075,0,0.03045873870437231,0.034895285437968285,0.1917954784911794,0.20678163828224355
1114,814,1113,rolling300,odd_imbalance,300,60,0.1991751748912838,0.18680279826054075,0,0.03967075029297349,0.034895285437968285,0.22211305107611848,0.20678163828224355
1114,1,1113,expanding,low_high_imbalance,1113,217,0.19482440950151,0.18680279826054075,0,0.037956550537612065,0.034895285437968285,0.21669490050649376,0.20678163828224355
1114,814,1113,rolling300,low_high_imbalance,300,59,0.1960501748912838,0.18680279826054075,0,0.03843567107490296,0.034895285437968285,0.21821841833174108,0.20678163828224355
1114,1,1113,expanding,repeated_end,1113,873,0.7844711397244365,0.790290065389328,0,0.6153949690605564,0.6245583874530684,1.5346604560127315,1.5620299668475026
1114,814,1113,rolling300,repeated_end,300,236,0.7868931290868331,0.790290065389328,0,0.6192007966040673,0.6245583874530684,1.545961497726458,1.5620299668475026
1114,1,1113,expanding,end_multiplicity_ge3,1113,92,0.08277991984654232,0.08948245930662266,0,0.00685251512979997,0.00800711052356138,0.08640783535375765,0.09374211509792349
1114,814,1113,rolling300,end_multiplicity_ge3,300,29,0.09621765370666392,0.08948245930662266,0,0.009257836884815497,0.00800711052356138,0.1011667149537063,0.09374211509792349
1114,1,1113,expanding,multiple_repeat_end_groups,1113,276,0.24759197713306366,0.22608550458805707,0,0.06130178714065952,0.05111465538483637,0.28447651857790585,0.25629388253878654
1114,814,1113,rolling300,multiple_repeat_end_groups,300,86,0.28288034403675355,0.22608550458805707,0,0.08002128904235205,0.05111465538483637,0.33251256811750557,0.25629388253878654
1114,1,1113,expanding,extreme_sum,1113,139,0.12470322521191642,0.11443770825506504,0,0.015550894378253946,0.01309598907067138,0.13319227894368582,0.12153247782470628
1114,814,1113,rolling300,extreme_sum,300,34,0.11340235676594157,0.11443770825506504,0,0.012860094520069894,0.01309598907067138,0.12036401488128311,0.12153247782470628
1114,1,1113,expanding,narrow_three_span_le4,1113,273,0.24563342829567406,0.26513371294993526,0,0.06033578109628605,0.07029588574261866,0.2818768597470863,0.30806671870004826
1114,814,1113,rolling300,narrow_three_span_le4,300,69,0.23219585705937096,0.26513371294993526,0,0.05391491603553583,0.07029588574261866,0.2642206005708816,0.30806671870004826
1114,1,1113,expanding,large_gap_ge15,1113,482,0.43312949002520706,0.4367856099279809,0,0.18760115512949593,0.19078166904015828,0.5676243788059914,0.574094923910703
1114,814,1113,rolling300,large_gap_ge15,300,127,0.42417410062049876,0.4367856099279809,0,0.17992366763720902,0.19078166904015828,0.5519499219971077,0.574094923910703
1114,1,1113,expanding,previous_overlap_ge2,1112,212,0.19037646821309429,0.17530810086113546,0,0.0362431996492913,0.030732930227538046,0.21118591492901803,0.19274541798861644
1114,814,1113,rolling300,previous_overlap_ge2,300,46,0.15470675630382097,0.17530810086113546,0,0.02393418044604985,0.030732930227538046,0.16807167786734487,0.19274541798861644
1115,1,1114,expanding,consecutive_ge1,1114,574,0.5154981919965849,0.5287474862063631,0,0.26573838595174787,0.2795739041695482,0.7246341159690836,0.7523612059240392
1115,815,1114,rolling300,consecutive_ge1,300,154,0.5142967178878977,0.5287474862063631,0,0.2645011140302638,0.2795739041695482,0.7221573721648975,0.7523612059240392
1115,1,1114,expanding,consecutive_ge2,1114,141,0.1265399781322316,0.12481676009753151,0,0.016012366065705653,0.015579223601244734,0.13529291820838546,0.1333219975178157
1115,815,1114,rolling300,consecutive_ge2,300,34,0.11405104750609571,0.12481676009753151,0,0.013007641437237701,0.015579223601244734,0.12109594573227168,0.1333219975178157
1115,1,1114,expanding,band_ge3,1114,485,0.43567760016544105,0.45291992938050796,1,0.31845977095503586,0.2992966036690284,0.8308527583223146,0.7920399254567645
1115,815,1114,rolling300,band_ge3,300,117,0.39393249558628174,0.45291992938050796,1,0.3673178199062724,0.2992966036690284,0.9315757153623204,0.7920399254567645
1115,1,1114,expanding,band_ge4,1114,63,0.05672452673416039,0.06628066582689385,0,0.0032176719332144767,0.004393126662456374,0.05839691465467218,0.0685793846560867
1115,815,1114,rolling300,band_ge4,300,12,0.041642541614180864,0.06628066582689385,0,0.001734101272088785,0.004393126662456374,0.04253444076784371,0.0685793846560867
1115,1,1114,expanding,odd_imbalance,1114,194,0.17437041972240813,0.18680279826054075,0,0.030405043274168778,0.034895285437968285,0.19160905607207315,0.20678163828224355
1115,815,1114,rolling300,odd_imbalance,300,60,0.1991751748912838,0.18680279826054075,0,0.03967075029297349,0.034895285437968285,0.22211305107611848,0.20678163828224355
1115,1,1114,expanding,low_high_imbalance,1114,217,0.19465260667126175,0.18680279826054075,0,0.037889637283916935,0.034895285437968285,0.21648155014437506,0.20678163828224355
1115,815,1114,rolling300,low_high_imbalance,300,59,0.1960501748912838,0.18680279826054075,0,0.03843567107490296,0.034895285437968285,0.21821841833174108,0.20678163828224355
1115,1,1114,expanding,repeated_end,1114,873,0.783779366232616,0.790290065389328,1,0.04675136246676919,0.043978256674412325,0.24362771885960643,0.2353552295330889
1115,815,1114,rolling300,repeated_end,300,235,0.783768129086833,0.790290065389328,1,0.04675622199860851,0.043978256674412325,0.24364205609125875,0.2353552295330889
1115,1,1114,expanding,end_multiplicity_ge3,1114,92,0.08270692168089282,0.08948245930662266,0,0.006840434893929338,0.00800711052356138,0.08632825220620602,0.09374211509792349
1115,815,1114,rolling300,end_multiplicity_ge3,300,29,0.09621765370666392,0.08948245930662266,0,0.009257836884815497,0.00800711052356138,0.1011667149537063,0.09374211509792349
1115,1,1114,expanding,multiple_repeat_end_groups,1114,276,0.24737364205622675,0.22608550458805707,0,0.061193718784162195,0.05111465538483637,0.28418637892242365,0.25629388253878654
1115,815,1114,rolling300,multiple_repeat_end_groups,300,85,0.27975534403675356,0.22608550458805707,0,0.07826305251712234,0.05111465538483637,0.32816432474201035,0.25629388253878654
1115,1,1114,expanding,extreme_sum,1114,139,0.1245932576411828,0.11443770825506504,0,0.015523479849642157,0.01309598907067138,0.13306665222299754,0.12153247782470628
1115,815,1114,rolling300,extreme_sum,300,34,0.11340235676594157,0.11443770825506504,0,0.012860094520069894,0.01309598907067138,0.12036401488128311,0.12153247782470628
1115,1,1114,expanding,narrow_three_span_le4,1114,273,0.24541682033421403,0.26513371294993526,1,0.5693957750345279,0.5400284598427482,1.4047972065350476,1.3275210030826026
1115,815,1114,rolling300,narrow_three_span_le4,300,69,0.23219585705937096,0.26513371294993526,1,0.5895232019167939,0.5400284598427482,1.4601740519990907,1.3275210030826026
1115,1,1114,expanding,large_gap_ge15,1114,482,0.4327475416213048,0.4367856099279809,0,0.18727043477928293,0.19078166904015828,0.5669508214775529,0.574094923910703
1115,815,1114,rolling300,large_gap_ge15,300,126,0.4210491006204988,0.4367856099279809,0,0.1772823451333309,0.19078166904015828,0.546537607458439,0.574094923910703
1115,1,1114,expanding,previous_overlap_ge2,1113,212,0.19020843955624248,0.17530810086113546,0,0.03617925047842075,0.030732930227538046,0.21097839721689965,0.19274541798861644
1115,815,1114,rolling300,previous_overlap_ge2,300,46,0.15470675630382097,0.17530810086113546,0,0.02393418044604985,0.030732930227538046,0.16807167786734487,0.19274541798861644
1116,1,1115,expanding,consecutive_ge1,1115,574,0.515044008567513,0.5287474862063631,1,0.23518231362626643,0.2220789317568219,0.6635029284401943,0.6372443028525948
1116,816,1115,rolling300,consecutive_ge1,300,153,0.5111717178878977,0.5287474862063631,1,0.23895308939266904,0.2220789317568219,0.6710497023947203,0.6372443028525948
1116,1,1115,expanding,consecutive_ge2,1115,141,0.12642848916471422,0.12481676009753151,1,0.7631271845430437,0.7659457034061817,2.068078433704309,2.0809085364103663
1116,816,1115,rolling300,consecutive_ge2,300,33,0.11092604750609572,0.12481676009753151,1,0.7904524930031332,0.7659457034061817,2.198891538389242,2.0809085364103663
1116,1,1115,expanding,band_ge3,1115,486,0.4361748005177182,0.45291992938050796,1,0.3178988555712349,0.2992966036690284,0.8297121973608782,0.7920399254567645
1116,816,1115,rolling300,band_ge3,300,117,0.39393249558628174,0.45291992938050796,1,0.3673178199062724,0.2992966036690284,0.9315757153623204,0.7920399254567645
1116,1,1115,expanding,band_ge4,1115,63,0.05667454917756642,0.06628066582689385,0,0.003212004524480394,0.004393126662456374,0.0583439330664968,0.0685793846560867
1116,816,1115,rolling300,band_ge4,300,11,0.03851754161418087,0.06628066582689385,0,0.001483601012000155,0.004393126662456374,0.039278958128235016,0.0685793846560867
1116,1,1115,expanding,odd_imbalance,1115,194,0.17421678939666152,0.18680279826054075,0,0.030351489707680715,0.034895285437968285,0.19142299680568245,0.20678163828224355
1116,816,1115,rolling300,odd_imbalance,300,60,0.1991751748912838,0.18680279826054075,0,0.03967075029297349,0.034895285437968285,0.22211305107611848,0.20678163828224355
1116,1,1115,expanding,low_high_imbalance,1115,217,0.19448110657727827,0.18680279826054075,0,0.03782290081552267,0.034895285437968285,0.21626862111849385,0.20678163828224355
1116,816,1115,rolling300,low_high_imbalance,300,59,0.1960501748912838,0.18680279826054075,0,0.03843567107490296,0.034895285437968285,0.21821841833174108,0.20678163828224355
1116,1,1115,expanding,repeated_end,1115,874,0.7839698689936445,0.790290065389328,1,0.04666901750262312,0.043978256674412325,0.2433846917763387,0.2353552295330889
1116,816,1115,rolling300,repeated_end,300,235,0.783768129086833,0.790290065389328,1,0.04675622199860851,0.043978256674412325,0.24364205609125875,0.2353552295330889
1116,1,1115,expanding,end_multiplicity_ge3,1115,92,0.0826340521463722,0.08948245930662266,0,0.006828386574129361,0.00800711052356138,0.08624881560952037,0.09374211509792349
1116,816,1115,rolling300,end_multiplicity_ge3,300,29,0.09621765370666392,0.08948245930662266,0,0.009257836884815497,0.00800711052356138,0.1011667149537063,0.09374211509792349
1116,1,1115,expanding,multiple_repeat_end_groups,1115,276,0.24715569171080276,0.22608550458805707,0,0.061085935945045376,0.05111465538483637,0.28389683446056846,0.25629388253878654
1116,816,1115,rolling300,multiple_repeat_end_groups,300,84,0.2766303440367536,0.22608550458805707,0,0.07652434724189264,0.05111465538483637,0.32383490675911203,0.25629388253878654
1116,1,1115,expanding,extreme_sum,1115,139,0.12448348384590423,0.11443770825506504,0,0.015496137750413499,0.01309598907067138,0.1329412626093881,0.12153247782470628
1116,816,1115,rolling300,extreme_sum,300,34,0.11340235676594157,0.11443770825506504,0,0.012860094520069894,0.01309598907067138,0.12036401488128311,0.12153247782470628
1116,1,1115,expanding,narrow_three_span_le4,1115,274,0.2460816513295143,0.26513371294993526,1,0.5683928764620321,0.5400284598427482,1.40209188214806,1.3275210030826026
1116,816,1115,rolling300,narrow_three_span_le4,300,69,0.23219585705937096,0.26513371294993526,1,0.5895232019167939,0.5400284598427482,1.4601740519990907,1.3275210030826026
1116,1,1115,expanding,large_gap_ge15,1115,482,0.4323662662542375,0.4367856099279809,0,0.18694058819463022,0.19078166904015828,0.5662789032111086,0.574094923910703
1116,816,1115,rolling300,large_gap_ge15,300,126,0.4210491006204988,0.4367856099279809,0,0.1772823451333309,0.19078166904015828,0.546537607458439,0.574094923910703
1116,1,1115,expanding,previous_overlap_ge2,1114,212,0.19004070724622815,0.17530810086113546,0,0.03611547041064659,0.030732930227538046,0.2107712884380615,0.19274541798861644
1116,816,1115,rolling300,previous_overlap_ge2,300,46,0.15470675630382097,0.17530810086113546,0,0.02393418044604985,0.030732930227538046,0.16807167786734487,0.19274541798861644
1117,1,1116,expanding,consecutive_ge1,1116,575,0.5154709064472951,0.5287474862063631,1,0.23476844249900586,0.2220789317568219,0.6626744146594,0.6372443028525948
1117,817,1116,rolling300,consecutive_ge1,300,153,0.5111717178878977,0.5287474862063631,1,0.23895308939266904,0.2220789317568219,0.6710497023947203,0.6372443028525948
1117,1,1116,expanding,consecutive_ge2,1116,142,0.1271974781707312,0.12481676009753151,0,0.01617919845299364,0.015579223601244734,0.13604595511219264,0.1333219975178157
1117,817,1116,rolling300,consecutive_ge2,300,34,0.11405104750609571,0.12481676009753151,0,0.013007641437237701,0.015579223601244734,0.12109594573227168,0.1333219975178157
1117,1,1116,expanding,band_ge3,1116,487,0.43667112551726245,0.45291992938050796,1,0.31733942082598793,0.2992966036690284,0.8285749403989479,0.7920399254567645
1117,817,1116,rolling300,band_ge3,300,117,0.39393249558628174,0.45291992938050796,1,0.3673178199062724,0.2992966036690284,0.9315757153623204,0.7920399254567645
1117,1,1116,expanding,band_ge4,1116,63,0.05662465960962842,0.06628066582689385,0,0.003206352075906284,0.004393126662456374,0.05829104755525725,0.0685793846560867
1117,817,1116,rolling300,band_ge4,300,11,0.03851754161418087,0.06628066582689385,0,0.001483601012000155,0.004393126662456374,0.039278958128235016,0.0685793846560867
1117,1,1116,expanding,odd_imbalance,1116,194,0.1740634295468405,0.18680279826054075,0,0.03029807750560791,0.034895285437968285,0.19123729962869082,0.20678163828224355
1117,817,1116,rolling300,odd_imbalance,300,60,0.1991751748912838,0.18680279826054075,0,0.03967075029297349,0.034895285437968285,0.22211305107611848,0.20678163828224355
1117,1,1116,expanding,low_high_imbalance,1116,217,0.19430990842007995,0.18680279826054075,0,0.03775634051021986,0.034895285437968285,0.21605611217715084,0.20678163828224355
1117,817,1116,rolling300,low_high_imbalance,300,59,0.1960501748912838,0.18680279826054075,0,0.03843567107490296,0.034895285437968285,0.21821841833174108,0.20678163828224355
1117,1,1116,expanding,repeated_end,1116,875,0.7841600363624881,0.790290065389328,1,0.04658688990304246,0.043978256674412325,0.24314215144963966,0.2353552295330889
1117,817,1116,rolling300,repeated_end,300,235,0.783768129086833,0.790290065389328,1,0.04675622199860851,0.043978256674412325,0.24364205609125875,0.2353552295330889
1117,1,1116,expanding,end_multiplicity_ge3,1116,92,0.08256131090328561,0.08948245930662266,0,0.0068163700580689875,0.00800711052356138,0.08616952515901709,0.09374211509792349
1117,817,1116,rolling300,end_multiplicity_ge3,300,28,0.09309265370666392,0.08948245930662266,0,0.008666242174148847,0.00800711052356138,0.09771498811668185,0.09374211509792349
1117,1,1116,expanding,multiple_repeat_end_groups,1116,276,0.24693812508077564,0.22608550458805707,0,0.0609784376184088,0.05111465538483637,0.2836078833506429,0.25629388253878654
1117,817,1116,rolling300,multiple_repeat_end_groups,300,84,0.2766303440367536,0.22608550458805707,0,0.07652434724189264,0.05111465538483637,0.32383490675911203,0.25629388253878654
1117,1,1116,expanding,extreme_sum,1116,139,0.12437390331434973,0.11443770825506504,0,0.015468867825647216,0.01309598907067138,0.13281610943123562,0.12153247782470628
1117,817,1116,rolling300,extreme_sum,300,34,0.11340235676594157,0.11443770825506504,0,0.012860094520069894,0.01309598907067138,0.12036401488128311,0.12153247782470628
1117,1,1116,expanding,narrow_three_span_le4,1116,275,0.24674531184771012,0.26513371294993526,0,0.06088324891882371,0.07029588574261866,0.28335187709160603,0.30806671870004826
1117,817,1116,rolling300,narrow_three_span_le4,300,70,0.23532085705937095,0.26513371294993526,0,0.0553759057671569,0.07029588574261866,0.26829895412982935,0.30806671870004826
1117,1,1116,expanding,large_gap_ge15,1116,482,0.4319856621466194,0.4367856099279809,1,0.32264028800701444,0.3172104491841965,0.8393628807642277,0.8283127993981904
1117,817,1116,rolling300,large_gap_ge15,300,126,0.4210491006204988,0.4367856099279809,1,0.3351841438923333,0.3172104491841965,0.8650058235480829,0.8283127993981904
1117,1,1116,expanding,previous_overlap_ge2,1115,212,0.1898732704997557,0.17530810086113546,0,0.03605185885027339,0.030732930227538046,0.21056458738050204,0.19274541798861644
1117,817,1116,rolling300,previous_overlap_ge2,300,46,0.15470675630382097,0.17530810086113546,0,0.02393418044604985,0.030732930227538046,0.16807167786734487,0.19274541798861644
1118,1,1117,expanding,consecutive_ge1,1117,576,0.5158970534073238,0.5287474862063631,1,0.23435566289971146,0.2220789317568219,0.6618480423056576,0.6372443028525948
1118,818,1117,rolling300,consecutive_ge1,300,153,0.5111717178878977,0.5287474862063631,1,0.23895308939266904,0.2220789317568219,0.6710497023947203,0.6372443028525948
1118,1,1117,expanding,consecutive_ge2,1117,142,0.1270856070377754,0.12481676009753151,1,0.7619795374406091,0.7659457034061817,2.0628943484438853,2.0809085364103663
1118,818,1117,rolling300,consecutive_ge2,300,34,0.11405104750609571,0.12481676009753151,1,0.7849055464250463,0.7659457034061817,2.1711091456722986,2.0809085364103663
1118,1,1117,expanding,band_ge3,1117,488,0.4371665774737117,0.45291992938050796,1,0.3167814615126554,0.2992966036690284,0.8274409723683982,0.7920399254567645
1118,818,1117,rolling300,band_ge3,300,118,0.39705749558628173,0.45291992938050796,1,0.3635396636286866,0.2992966036690284,0.9236741836267348,0.7920399254567645
1118,1,1117,expanding,band_ge4,1117,63,0.05657485779818635,0.06628066582689385,1,0.8900509989385123,0.8718317950086687,2.8721906009754368,2.7138570408059484
1118,818,1117,rolling300,band_ge4,300,11,0.03851754161418087,0.06628066582689385,1,0.9244485177836385,0.8718317950086687,3.2566415151122023,2.7138570408059484
1118,1,1117,expanding,odd_imbalance,1117,194,0.17391033945928833,0.18680279826054075,0,0.0302448061708449,0.034895285437968285,0.19105196348194178,0.20678163828224355
1118,818,1117,rolling300,odd_imbalance,300,59,0.1960501748912838,0.18680279826054075,0,0.03843567107490296,0.034895285437968285,0.21821841833174108,0.20678163828224355
1118,1,1117,expanding,low_high_imbalance,1117,217,0.19413901140299986,0.18680279826054075,1,0.6494119329425344,0.6612896889168869,1.6391808228970741,1.677701773318112
1118,818,1117,rolling300,low_high_imbalance,300,59,0.1960501748912838,0.18680279826054075,1,0.6463353212923355,0.6612896889168869,1.6293846581692961,1.677701773318112
1118,1,1117,expanding,repeated_end,1117,876,0.7843498692240867,0.790290065389328,1,0.046504978903668524,0.043978256674412325,0.2429000964114798,0.2353552295330889
1118,818,1117,rolling300,repeated_end,300,235,0.783768129086833,0.790290065389328,1,0.04675622199860851,0.043978256674412325,0.24364205609125875,0.2353552295330889
1118,1,1117,expanding,end_multiplicity_ge3,1117,92,0.0824886976131332,0.08948245930662266,0,0.006804385233910927,0.00800711052356138,0.08609038045150198,0.09374211509792349
1118,818,1117,rolling300,end_multiplicity_ge3,300,27,0.08996765370666392,0.08948245930662266,0,0.008094178713482197,0.00800711052356138,0.0942751347256709,0.09374211509792349
1118,1,1117,expanding,multiple_repeat_end_groups,1117,276,0.24672094115370372,0.22608550458805707,0,0.06087122280376933,0.05111465538483637,0.28331952375858965,0.25629388253878654
1118,818,1117,rolling300,multiple_repeat_end_groups,300,84,0.2766303440367536,0.22608550458805707,0,0.07652434724189264,0.05111465538483637,0.32383490675911203,0.25629388253878654
1118,1,1117,expanding,extreme_sum,1117,139,0.12426451553658865,0.11443770825506504,0,0.015441669821543083,0.01309598907067138,0.13269119201945648,0.12153247782470628
1118,818,1117,rolling300,extreme_sum,300,34,0.11340235676594157,0.11443770825506504,0,0.012860094520069894,0.01309598907067138,0.12036401488128311,0.12153247782470628
1118,1,1117,expanding,narrow_three_span_le4,1117,275,0.24652829750131813,0.26513371294993526,1,0.5677196064662622,0.5400284598427482,1.4002784949224918,1.3275210030826026
1118,818,1117,rolling300,narrow_three_span_le4,300,69,0.23219585705937096,0.26513371294993526,1,0.5895232019167939,0.5400284598427482,1.4601740519990907,1.3275210030826026
1118,1,1117,expanding,large_gap_ge15,1117,483,0.4324852350031307,0.4367856099279809,1,0.32207300848945175,0.3172104491841965,0.8382070919140275,0.8283127993981904
1118,818,1117,rolling300,large_gap_ge15,300,126,0.4210491006204988,0.4367856099279809,1,0.3351841438923333,0.3172104491841965,0.8650058235480829,0.8283127993981904
1118,1,1117,expanding,previous_overlap_ge2,1116,212,0.1897061285362876,0.17530810086113546,0,0.03598841520422647,0.030732930227538046,0.21035829283702184,0.19274541798861644
1118,818,1117,rolling300,previous_overlap_ge2,300,46,0.15470675630382097,0.17530810086113546,0,0.02393418044604985,0.030732930227538046,0.16807167786734487,0.19274541798861644
1119,1,1118,expanding,consecutive_ge1,1118,577,0.5163224514271768,0.5287474862063631,1,0.23394397099341574,0.2220789317568219,0.6610238028063183,0.6372443028525948
1119,819,1118,rolling300,consecutive_ge1,300,153,0.5111717178878977,0.5287474862063631,1,0.23895308939266904,0.2220789317568219,0.6710497023947203,0.6372443028525948
1119,1,1118,expanding,consecutive_ge2,1118,143,0.12785266713703922,0.12481676009753151,0,0.016346304494054546,0.015579223601244734,0.13679690964001062,0.1333219975178157
1119,819,1118,rolling300,consecutive_ge2,300,34,0.11405104750609571,0.12481676009753151,0,0.013007641437237701,0.015579223601244734,0.12109594573227168,0.1333219975178157
1119,1,1118,expanding,band_ge3,1118,489,0.43766115868858535,0.45291992938050796,1,0.3162249724474644,0.2992966036690284,0.8263102782965904,0.7920399254567645
1119,819,1118,rolling300,band_ge3,300,118,0.39705749558628173,0.45291992938050796,1,0.3635396636286866,0.2992966036690284,0.9236741836267348,0.7920399254567645
1119,1,1118,expanding,band_ge4,1118,64,0.05740387813404032,0.06628066582689385,0,0.003295205224827752,0.004393126662456374,0.059117378795517685,0.0685793846560867
1119,819,1118,rolling300,band_ge4,300,11,0.03851754161418087,0.06628066582689385,0,0.001483601012000155,0.004393126662456374,0.039278958128235016,0.0685793846560867
1119,1,1118,expanding,odd_imbalance,1118,194,0.1737575184228566,0.18680279826054075,0,0.030191675208469354,0.034895285437968285,0.1908669873104178,0.20678163828224355
1119,819,1118,rolling300,odd_imbalance,300,59,0.1960501748912838,0.18680279826054075,0,0.03843567107490296,0.034895285437968285,0.21821841833174108,0.20678163828224355
1119,1,1118,expanding,low_high_imbalance,1118,218,0.19484714935431532,0.18680279826054075,1,0.6482711129028722,0.6612896889168869,1.635539877254064,1.677701773318112
1119,819,1118,rolling300,low_high_imbalance,300,60,0.1991751748912838,0.18680279826054075,1,0.641320400510406,0.6612896889168869,1.6135705656376,1.677701773318112
1119,1,1118,expanding,repeated_end,1118,877,0.7845393684602694,0.790290065389328,0,0.6155020206640384,0.6245583874530684,1.53497707039753,1.5620299668475026
1119,819,1118,rolling300,repeated_end,300,235,0.783768129086833,0.790290065389328,0,0.6142924801722746,0.6245583874530684,1.53140397061196,1.5620299668475026
1119,1,1118,expanding,end_multiplicity_ge3,1118,92,0.08241621193860496,0.08948245930662266,0,0.006792431990309051,0.00800711052356138,0.086011381085264,0.09374211509792349
1119,819,1118,rolling300,end_multiplicity_ge3,300,27,0.08996765370666392,0.08948245930662266,0,0.008094178713482197,0.00800711052356138,0.0942751347256709,0.09374211509792349
1119,1,1118,expanding,multiple_repeat_end_groups,1118,276,0.24650413892070397,0.22608550458805707,0,0.06076429050503772,0.05111465538483637,0.2830317538579511,0.25629388253878654
1119,819,1118,rolling300,multiple_repeat_end_groups,300,84,0.2766303440367536,0.22608550458805707,0,0.07652434724189264,0.05111465538483637,0.32383490675911203,0.25629388253878654
1119,1,1118,expanding,extreme_sum,1118,139,0.12415532000448269,0.11443770825506504,0,0.0154145434854155,0.01309598907067138,0.13256650970749256,0.12153247782470628
1119,819,1118,rolling300,extreme_sum,300,34,0.11340235676594157,0.11443770825506504,0,0.012860094520069894,0.01309598907067138,0.12036401488128311,0.12153247782470628
1119,1,1118,expanding,narrow_three_span_le4,1118,276,0.2471903991731096,0.26513371294993526,1,0.5667222950971421,0.5400284598427482,1.3975963924493098,1.3275210030826026
1119,819,1118,rolling300,narrow_three_span_le4,300,69,0.23219585705937096,0.26513371294993526,1,0.5895232019167939,0.5400284598427482,1.4601740519990907,1.3275210030826026
1119,1,1118,expanding,large_gap_ge15,1118,484,0.43298392987571144,0.4367856099279809,1,0.3215072237791921,0.3172104491841965,0.8370546651193812,0.8283127993981904
1119,819,1118,rolling300,large_gap_ge15,300,127,0.42417410062049876,0.4367856099279809,1,0.3315754663962115,0.3172104491841965,0.8576112933583256,0.8283127993981904
1119,1,1118,expanding,previous_overlap_ge2,1117,212,0.1895392805780323,0.17530810086113546,1,0.6568465777259735,0.6801167285052672,1.6631589905680983,1.7412102767071724
1119,819,1118,rolling300,previous_overlap_ge2,300,46,0.15470675630382097,0.17530810086113546,1,0.714520667838408,0.6801167285052672,1.8662238487703484,1.7412102767071724
1120,1,1119,expanding,consecutive_ge1,1119,578,0.5167471024794795,0.5287474862063631,0,0.26702756792093774,0.2795739041695482,0.7272151650078532,0.7523612059240392
1120,820,1119,rolling300,consecutive_ge1,300,154,0.5142967178878977,0.5287474862063631,0,0.2645011140302638,0.2795739041695482,0.7221573721648975,0.7523612059240392
1120,1,1119,expanding,consecutive_ge2,1119,143,0.12774041720978985,0.12481676009753151,0,0.016317614188931174,0.015579223601244734,0.1366682126870266,0.1333219975178157
1120,820,1119,rolling300,consecutive_ge2,300,34,0.11405104750609571,0.12481676009753151,0,0.013007641437237701,0.015579223601244734,0.12109594573227168,0.1333219975178157
1120,1,1119,expanding,band_ge3,1119,490,0.4381548714553206,0.45291992938050796,0,0.19197969138002854,0.20513646243004433,0.5765290390499387,0.6031601058843978
1120,820,1119,rolling300,band_ge3,300,118,0.39705749558628173,0.45291992938050796,0,0.15765465480125013,0.20513646243004433,0.50593343603196,0.6031601058843978
1120,1,1119,expanding,band_ge4,1119,64,0.05735347964577514,0.06628066582689385,0,0.0032894216274783434,0.004393126662456374,0.05906391248073295,0.0685793846560867
1120,820,1119,rolling300,band_ge4,300,11,0.03851754161418087,0.06628066582689385,0,0.001483601012000155,0.004393126662456374,0.039278958128235016,0.0685793846560867
1120,1,1119,expanding,odd_imbalance,1119,194,0.1736049657288945,0.18680279826054075,0,0.030138684125730633,0.034895285437968285,0.19068237006322056,0.20678163828224355
1120,820,1119,rolling300,odd_imbalance,300,59,0.1960501748912838,0.18680279826054075,0,0.03843567107490296,0.034895285437968285,0.21821841833174108,0.20678163828224355
1120,1,1119,expanding,low_high_imbalance,1119,219,0.19555404386761266,0.18680279826054075,0,0.03824138407297618,0.034895285437968285,0.21760149177026525,0.20678163828224355
1120,820,1119,rolling300,low_high_imbalance,300,60,0.1991751748912838,0.18680279826054075,0,0.03967075029297349,0.034895285437968285,0.22211305107611848,0.20678163828224355
1120,1,1119,expanding,repeated_end,1119,877,0.7838505718242199,0.790290065389328,1,0.046720575300716716,0.043978256674412325,0.24353687396066157,0.2353552295330889
1120,820,1119,rolling300,repeated_end,300,234,0.780643129086833,0.790290065389328,1,0.04811743681681582,0.043978256674412325,0.24763717456176906,0.2353552295330889
1120,1,1119,expanding,end_multiplicity_ge3,1119,92,0.08234385354357546,0.08948245930662266,0,0.006780510216405805,0.00800711052356138,0.08593252666006754,0.09374211509792349
1120,820,1119,rolling300,end_multiplicity_ge3,300,27,0.08996765370666392,0.08948245930662266,0,0.008094178713482197,0.00800711052356138,0.0942751347256709,0.09374211509792349
1120,1,1119,expanding,multiple_repeat_end_groups,1119,276,0.24628771737643645,0.22608550458805707,0,0.06065763973049544,0.05111465538483637,0.2827445718298295,0.25629388253878654
1120,820,1119,rolling300,multiple_repeat_end_groups,300,84,0.2766303440367536,0.22608550458805707,0,0.07652434724189264,0.05111465538483637,0.32383490675911203,0.25629388253878654
1120,1,1119,expanding,extreme_sum,1119,139,0.12404631621167804,0.11443770825506504,0,0.015387488565687618,0.01309598907067138,0.13244206183129992,0.12153247782470628
1120,820,1119,rolling300,extreme_sum,300,33,0.11027735676594157,0.11443770825506504,0,0.012161095415282758,0.01309598907067138,0.11684550164045943,0.12153247782470628
1120,1,1119,expanding,narrow_three_span_le4,1119,277,0.24785133824319466,0.26513371294993526,0,0.06143028586894249,0.07029588574261866,0.284821286063705,0.30806671870004826
1120,820,1119,rolling300,narrow_three_span_le4,300,70,0.23532085705937095,0.26513371294993526,0,0.0553759057671569,0.07029588574261866,0.26829895412982935,0.30806671870004826
1120,1,1119,expanding,large_gap_ge15,1119,485,0.4334817490768741,0.4367856099279809,1,0.32094292862899787,0.3172104491841965,0.8359055849699158,0.8283127993981904
1120,820,1119,rolling300,large_gap_ge15,300,128,0.4272991006204988,0.4367856099279809,1,0.32798632015008955,0.3172104491841965,0.8502710411307717,0.8283127993981904
1120,1,1119,expanding,previous_overlap_ge2,1118,213,0.1902514604720762,0.17530810086113546,0,0.03619561821175797,0.030732930227538046,0.21103152454094012,0.19274541798861644
1120,820,1119,rolling300,previous_overlap_ge2,300,47,0.15783175630382096,0.17530810086113546,0,0.024910863297948727,0.030732930227538046,0.17177547033403354,0.19274541798861644
1121,1,1120,expanding,consecutive_ge1,1120,578,0.51629381554748,0.5287474862063631,1,0.2339716728776153,0.2220789317568219,0.6610792655771849,0.6372443028525948
1121,821,1120,rolling300,consecutive_ge1,300,153,0.5111717178878977,0.5287474862063631,1,0.23895308939266904,0.2220789317568219,0.6710497023947203,0.6372443028525948
1121,1,1120,expanding,consecutive_ge2,1120,143,0.12762836421223742,0.12481676009753151,0,0.016288999351491525,0.015579223601244734,0.13653975803539226,0.1333219975178157
1121,821,1120,rolling300,consecutive_ge2,300,34,0.11405104750609571,0.12481676009753151,0,0.013007641437237701,0.015579223601244734,0.12109594573227168,0.1333219975178157
1121,1,1120,expanding,band_ge3,1120,490,0.437770525076851,0.45291992938050796,1,0.3161019824723598,0.2992966036690284,0.8260604212469479,0.7920399254567645
1121,821,1120,rolling300,band_ge3,300,117,0.39393249558628174,0.45291992938050796,1,0.3673178199062724,0.2992966036690284,0.9315757153623204,0.7920399254567645
1121,1,1120,expanding,band_ge4,1120,64,0.057303169575910425,0.06628066582689385,0,0.003283653243445546,0.004393126662456374,0.05901054281747682,0.0685793846560867
1121,821,1120,rolling300,band_ge4,300,11,0.03851754161418087,0.06628066582689385,0,0.001483601012000155,0.004393126662456374,0.039278958128235016,0.0685793846560867
1121,1,1120,expanding,odd_imbalance,1120,194,0.17345268067123756,0.18680279826054075,1,0.6831804710895633,0.6612896889168869,1.7518504506772294,1.677701773318112
1121,821,1120,rolling300,odd_imbalance,300,59,0.1960501748912838,0.18680279826054075,1,0.6463353212923355,0.6612896889168869,1.6293846581692961,1.677701773318112
1121,1,1120,expanding,low_high_imbalance,1120,219,0.19538250523264108,0.18680279826054075,1,0.6474093128857008,0.6612896889168869,1.6327960764798315,1.677701773318112
1121,821,1120,rolling300,low_high_imbalance,300,60,0.1991751748912838,0.18680279826054075,1,0.641320400510406,0.6612896889168869,1.6135705656376,1.677701773318112
1121,1,1120,expanding,repeated_end,1120,878,0.7840401765857776,0.790290065389328,1,0.04663864532910211,0.043978256674412325,0.2432950142996179,0.2353552295330889
1121,821,1120,rolling300,repeated_end,300,234,0.780643129086833,0.790290065389328,1,0.04811743681681582,0.043978256674412325,0.24763717456176906,0.2353552295330889
1121,1,1120,expanding,end_multiplicity_ge3,1120,92,0.08227162209309864,0.08948245930662266,0,0.0067686198018296366,0.00800711052356138,0.0858538167771463,0.09374211509792349
1121,821,1120,rolling300,end_multiplicity_ge3,300,27,0.08996765370666392,0.08948245930662266,0,0.008094178713482197,0.00800711052356138,0.0942751347256709,0.09374211509792349
1121,1,1120,expanding,multiple_repeat_end_groups,1120,276,0.2460716755190887,0.22608550458805707,0,0.06055126949277168,0.05111465538483637,0.2824579758628485,0.25629388253878654
1121,821,1120,rolling300,multiple_repeat_end_groups,300,83,0.27350534403675353,0.22608550458805707,0,0.07480517321666291,0.05111465538483637,0.31952415186499783,0.25629388253878654
1121,1,1120,expanding,extreme_sum,1120,139,0.12393750365359762,0.11443770825506504,0,0.015360504811885525,0.01309598907067138,0.13231784772933664,0.12153247782470628
1121,821,1120,rolling300,extreme_sum,300,33,0.11027735676594157,0.11443770825506504,0,0.012161095415282758,0.01309598907067138,0.11684550164045943,0.12153247782470628
1121,1,1120,expanding,narrow_three_span_le4,1120,277,0.24763392478859536,0.26513371294993526,0,0.061322560706203705,0.07029588574261866,0.28453227133919556,0.30806671870004826
1121,821,1120,rolling300,narrow_three_span_le4,300,70,0.23532085705937095,0.26513371294993526,0,0.0553759057671569,0.07029588574261866,0.26829895412982935,0.30806671870004826
1121,1,1120,expanding,large_gap_ge15,1120,486,0.4339786949110172,0.4367856099279809,1,0.3203801178146354,0.3172104491841965,0.8347598361534696,0.8283127993981904
1121,821,1120,rolling300,large_gap_ge15,300,129,0.4304241006204988,0.4367856099279809,1,0.32441670515396775,0.3172104491841965,0.8429842758368011,0.8283127993981904
1121,1,1120,expanding,previous_overlap_ge2,1119,213,0.19008442670519993,0.17530810086113546,1,0.6559632358654446,0.6801167285052672,1.6602869544363568,1.7412102767071724
1121,821,1120,rolling300,previous_overlap_ge2,300,47,0.15783175630382096,0.17530810086113546,1,0.7092473506903069,0.6801167285052672,1.8462256468132863,1.7412102767071724
1122,1,1121,expanding,consecutive_ge1,1121,579,0.5167177473480519,0.5287474862063631,1,0.23356173572834144,0.2220789317568219,0.6602584967889199,0.6372443028525948
1122,822,1121,rolling300,consecutive_ge1,300,153,0.5111717178878977,0.5287474862063631,1,0.23895308939266904,0.2220789317568219,0.6710497023947203,0.6372443028525948
1122,1,1121,expanding,consecutive_ge2,1121,143,0.12751650762660005,0.12481676009753151,0,0.01626045971728475,0.015579223601244734,0.13641154500041267,0.1333219975178157
1122,822,1121,rolling300,consecutive_ge2,300,34,0.11405104750609571,0.12481676009753151,0,0.013007641437237701,0.015579223601244734,0.12109594573227168,0.1333219975178157
1122,1,1121,expanding,band_ge3,1121,491,0.4382632765886154,0.45291992938050796,0,0.19207469960618923,0.20513646243004433,0.5767220025326479,0.6031601058843978
1122,822,1121,rolling300,band_ge3,300,118,0.39705749558628173,0.45291992938050796,0,0.15765465480125013,0.20513646243004433,0.50593343603196,0.6031601058843978
1122,1,1121,expanding,band_ge4,1121,64,0.0572529476919701,0.06628066582689385,0,0.003277900019419464,0.004393126662456374,0.058957269543833235,0.0685793846560867
1122,822,1121,rolling300,band_ge4,300,11,0.03851754161418087,0.06628066582689385,0,0.001483601012000155,0.004393126662456374,0.039278958128235016,0.0685793846560867
1122,1,1121,expanding,odd_imbalance,1121,195,0.17417708673550467,0.18680279826054075,0,0.030337657543667514,0.034895285437968285,0.19137491916708482,0.20678163828224355
1122,822,1121,rolling300,odd_imbalance,300,60,0.1991751748912838,0.18680279826054075,0,0.03967075029297349,0.034895285437968285,0.22211305107611848,0.20678163828224355
1122,1,1121,expanding,low_high_imbalance,1121,220,0.1960876914681953,0.18680279826054075,0,0.03845038274532615,0.034895285437968285,0.21826508474191816,0.20678163828224355
1122,822,1121,rolling300,low_high_imbalance,300,61,0.20230017489128377,0.18680279826054075,0,0.040925360761044,0.034895285437968285,0.2260229113095098,0.20678163828224355
1122,1,1121,expanding,repeated_end,1121,879,0.7842294489989364,0.790290065389328,0,0.6150158286771754,0.6245583874530684,1.5335396997840895,1.5620299668475026
1122,822,1121,rolling300,repeated_end,300,234,0.780643129086833,0.790290065389328,0,0.6094036949904817,0.6245583874530684,1.5170553278889152,1.5620299668475026
1122,1,1121,expanding,end_multiplicity_ge3,1121,92,0.08219951725340267,0.08948245930662266,0,0.006756760636692444,0.00800711052356138,0.08577525103919609,0.09374211509792349
1122,822,1121,rolling300,end_multiplicity_ge3,300,27,0.08996765370666392,0.08948245930662266,0,0.008094178713482197,0.00800711052356138,0.0942751347256709,0.09374211509792349
1122,1,1121,expanding,multiple_repeat_end_groups,1121,276,0.2458560123503603,0.22608550458805707,0,0.06044517880882052,0.05111465538483637,0.28217196415311313,0.25629388253878654
1122,822,1121,rolling300,multiple_repeat_end_groups,300,83,0.27350534403675353,0.22608550458805707,0,0.07480517321666291,0.05111465538483637,0.31952415186499783,0.25629388253878654
1122,1,1121,expanding,extreme_sum,1121,139,0.12382888182743321,0.11443770825506504,0,0.015333591974632419,0.01309598907067138,0.13219386674255093,0.12153247782470628
1122,822,1121,rolling300,extreme_sum,300,33,0.11027735676594157,0.11443770825506504,0,0.012161095415282758,0.01309598907067138,0.11684550164045943,0.12153247782470628
1122,1,1121,expanding,narrow_three_span_le4,1121,277,0.24741689242681744,0.26513371294993526,0,0.06121511865814335,0.07029588574261866,0.28424384649965256,0.30806671870004826
1122,822,1121,rolling300,narrow_three_span_le4,300,70,0.23532085705937095,0.26513371294993526,0,0.0553759057671569,0.07029588574261866,0.26829895412982935,0.30806671870004826
1122,1,1121,expanding,large_gap_ge15,1121,487,0.43447476967446064,0.4367856099279809,1,0.31981878613475434,0.3172104491841965,0.8336174034552831,0.8283127993981904
1122,822,1121,rolling300,large_gap_ge15,300,129,0.4304241006204988,0.4367856099279809,1,0.32441670515396775,0.3172104491841965,0.8429842758368011,0.8283127993981904
1122,1,1121,expanding,previous_overlap_ge2,1120,214,0.19079487896247607,0.17530810086113546,0,0.036402685838305894,0.030732930227538046,0.21170284518963448,0.19274541798861644
1122,822,1121,rolling300,previous_overlap_ge2,300,48,0.16095675630382095,0.17530810086113546,0,0.025907077399847604,0.030732930227538046,0.1754930318930178,0.19274541798861644
1123,1,1122,expanding,consecutive_ge1,1122,580,0.5171409367111447,0.5287474862063631,1,0.23315287500019077,0.2220789317568219,0.6594398367665142,0.6372443028525948
1123,823,1122,rolling300,consecutive_ge1,300,154,0.5142967178878977,0.5287474862063631,1,0.23590767825446848,0.2220789317568219,0.6649549079290035,0.6372443028525948
1123,1,1122,expanding,consecutive_ge2,1122,143,0.12740484693690948,0.12481676009753151,0,0.016231995023017334,0.015579223601244734,0.1362835728999747,0.1333219975178157
1123,823,1122,rolling300,consecutive_ge2,300,34,0.11405104750609571,0.12481676009753151,0,0.013007641437237701,0.015579223601244734,0.12109594573227168,0.1333219975178157
1123,1,1122,expanding,band_ge3,1122,491,0.4378795083954555,0.45291992938050796,0,0.19173846387264576,0.20513646243004433,0.5760390541955303,0.6031601058843978
1123,823,1122,rolling300,band_ge3,300,118,0.39705749558628173,0.45291992938050796,0,0.15765465480125013,0.20513646243004433,0.50593343603196,0.6031601058843978
1123,1,1122,expanding,band_ge4,1122,64,0.057202813762292366,0.06628066582689385,0,0.003272161902323505,0.004393126662456374,0.05890409239883222,0.0685793846560867
1123,823,1122,rolling300,band_ge4,300,11,0.03851754161418087,0.06628066582689385,0,0.001483601012000155,0.004393126662456374,0.039278958128235016,0.0685793846560867
1123,1,1122,expanding,odd_imbalance,1122,195,0.1740245673951058,0.18680279826054075,0,0.03028455005705372,0.034895285437968285,0.19119024851256602,0.20678163828224355
1123,823,1122,rolling300,odd_imbalance,300,60,0.1991751748912838,0.18680279826054075,0,0.03967075029297349,0.034895285437968285,0.22211305107611848,0.20678163828224355
1123,1,1122,expanding,low_high_imbalance,1122,220,0.19591598595902873,0.18680279826054075,0,0.03838307355429834,0.034895285437968285,0.21805152018656587,0.20678163828224355
1123,823,1122,rolling300,low_high_imbalance,300,61,0.20230017489128377,0.18680279826054075,0,0.040925360761044,0.034895285437968285,0.2260229113095098,0.20678163828224355
1123,1,1122,expanding,repeated_end,1122,879,0.7835427331942089,0.790290065389328,1,0.04685374835303345,0.043978256674412325,0.24392967726406165,0.2353552295330889
1123,823,1122,rolling300,repeated_end,300,234,0.780643129086833,0.790290065389328,1,0.04811743681681582,0.043978256674412325,0.24763717456176906,0.2353552295330889
1123,1,1122,expanding,end_multiplicity_ge3,1122,92,0.08212753869188481,0.08948245930662266,0,0.0067449326115870374,0.00800711052356138,0.08569682905036864,0.09374211509792349
1123,823,1122,rolling300,end_multiplicity_ge3,300,27,0.08996765370666392,0.08948245930662266,0,0.008094178713482197,0.00800711052356138,0.0942751347256709,0.09374211509792349
1123,1,1122,expanding,multiple_repeat_end_groups,1122,276,0.24564072687544758,0.22608550458805707,0,0.060339366699898235,0.05111465538483637,0.28188653490417154,0.25629388253878654
1123,823,1122,rolling300,multiple_repeat_end_groups,300,83,0.27350534403675353,0.22608550458805707,0,0.07480517321666291,0.05111465538483637,0.31952415186499783,0.25629388253878654
1123,1,1122,expanding,extreme_sum,1122,139,0.12372045023213774,0.11443770825506504,0,0.01530674980564287,0.01309598907067138,0.13207011821436973,0.12153247782470628
1123,823,1122,rolling300,extreme_sum,300,33,0.11027735676594157,0.11443770825506504,0,0.012161095415282758,0.01309598907067138,0.11684550164045943,0.12153247782470628
1123,1,1122,expanding,narrow_three_span_le4,1122,277,0.2472002401567414,0.26513371294993526,0,0.06110795873355063,0.07029588574261866,0.2839560097290062,0.30806671870004826
1123,823,1122,rolling300,narrow_three_span_le4,300,70,0.23532085705937095,0.26513371294993526,0,0.0553759057671569,0.07029588574261866,0.26829895412982935,0.30806671870004826
1123,1,1122,expanding,large_gap_ge15,1122,488,0.4349699756554813,0.4367856099279809,0,0.18919887972173,0.19078166904015828,0.5708764088148223,0.574094923910703
1123,823,1122,rolling300,large_gap_ge15,300,130,0.4335491006204988,0.4367856099279809,0,0.18796482264884337,0.19078166904015828,0.5683648759165237,0.574094923910703
1123,1,1122,expanding,previous_overlap_ge2,1121,214,0.19062766171535733,0.17530810086113546,1,0.6550835819803501,0.6801167285052672,1.6574331686209876,1.7412102767071724
1123,823,1122,rolling300,previous_overlap_ge2,300,48,0.16095675630382095,0.17530810086113546,1,0.7039935647922057,0.6801167285052672,1.8266195444618119,1.7412102767071724
1124,1,1123,expanding,consecutive_ge1,1123,581,0.5175633855854131,0.5287474862063631,1,0.23274508692780874,0.2220789317568219,0.6586232771201723,0.6372443028525948
1124,824,1123,rolling300,consecutive_ge1,300,154,0.5142967178878977,0.5287474862063631,1,0.23590767825446848,0.2220789317568219,0.6649549079290035,0.6372443028525948
1124,1,1123,expanding,consecutive_ge2,1123,143,0.1272933816290032,0.12481676009753151,0,0.016203605006547047,0.015579223601244734,0.1361558410545343,0.1333219975178157
1124,824,1123,rolling300,consecutive_ge2,300,34,0.11405104750609571,0.12481676009753151,0,0.013007641437237701,0.015579223601244734,0.12109594573227168,0.1333219975178157
1124,1,1123,expanding,band_ge3,1123,491,0.4374964117126948,0.45291992938050796,0,0.19140311026148377,0.20513646243004433,0.5753577657464773,0.6031601058843978
1124,824,1123,rolling300,band_ge3,300,118,0.39705749558628173,0.45291992938050796,0,0.15765465480125013,0.20513646243004433,0.50593343603196,0.6031601058843978
1124,1,1123,expanding,band_ge4,1123,64,0.05715276755602614,0.06628066582689385,0,0.0032664388393131545,0.004393126662456374,0.05885101112244503,0.0685793846560867
1124,824,1123,rolling300,band_ge4,300,11,0.03851754161418087,0.06628066582689385,0,0.001483601012000155,0.004393126662456374,0.039278958128235016,0.0685793846560867
1124,1,1123,expanding,odd_imbalance,1123,195,0.1738723149301932,0.18680279826054075,0,0.030231581899184286,0.034895285437968285,0.19100593499882132,0.20678163828224355
1124,824,1123,rolling300,odd_imbalance,300,59,0.1960501748912838,0.18680279826054075,0,0.03843567107490296,0.034895285437968285,0.21821841833174108,0.20678163828224355
1124,1,1123,expanding,low_high_imbalance,1123,220,0.19574458089694735,0.18680279826054075,0,0.038315940950521564,0.034895285437968285,0.2178383748029509,0.20678163828224355
1124,824,1123,rolling300,low_high_imbalance,300,61,0.20230017489128377,0.18680279826054075,0,0.040925360761044,0.034895285437968285,0.2260229113095098,0.20678163828224355
1124,1,1123,expanding,repeated_end,1123,880,0.7837321096306094,0.790290065389328,1,0.04677180040482677,0.043978256674412325,0.2436880139231497,0.2353552295330889
1124,824,1123,rolling300,repeated_end,300,235,0.783768129086833,0.790290065389328,1,0.04675622199860851,0.043978256674412325,0.24364205609125875,0.2353552295330889
1124,1,1123,expanding,end_multiplicity_ge3,1123,92,0.08205568607710625,0.08948245930662266,0,0.00673313561758461,0.00800711052356138,0.08561855041626448,0.09374211509792349
1124,824,1123,rolling300,end_multiplicity_ge3,300,27,0.08996765370666392,0.08948245930662266,0,0.008094178713482197,0.00800711052356138,0.0942751347256709,0.09374211509792349
1124,1,1123,expanding,multiple_repeat_end_groups,1123,276,0.2454258181030281,0.22608550458805707,0,0.06023383219154064,0.05111465538483637,0.2816016863269763,0.25629388253878654
1124,824,1123,rolling300,multiple_repeat_end_groups,300,83,0.27350534403675353,0.22608550458805707,0,0.07480517321666291,0.05111465538483637,0.31952415186499783,0.25629388253878654
1124,1,1123,expanding,extreme_sum,1123,139,0.12361220836841758,0.11443770825506504,0,0.015279978057717084,0.01309598907067138,0.1319466014906869,0.12153247782470628
1124,824,1123,rolling300,extreme_sum,300,33,0.11027735676594157,0.11443770825506504,0,0.012161095415282758,0.01309598907067138,0.11684550164045943,0.12153247782470628
1124,1,1123,expanding,narrow_three_span_le4,1123,277,0.24698396698075128,0.26513371294993526,1,0.5670331459840462,0.5400284598427482,1.3984318554700748,1.3275210030826026
1124,824,1123,rolling300,narrow_three_span_le4,300,70,0.23532085705937095,0.26513371294993526,1,0.5847341916484149,0.5400284598427482,1.4468053468908189,1.3275210030826026
1124,1,1123,expanding,large_gap_ge15,1123,488,0.4345894244956777,0.4367856099279809,0,0.18886796788348437,0.19078166904015828,0.5702031294329072,0.574094923910703
1124,824,1123,rolling300,large_gap_ge15,300,130,0.4335491006204988,0.4367856099279809,0,0.18796482264884337,0.19078166904015828,0.5683648759165237,0.574094923910703
1124,1,1123,expanding,previous_overlap_ge2,1122,215,0.19133639406061534,0.17530810086113546,0,0.036609615692119075,0.030732930227538046,0.2123722630593687,0.19274541798861644
1124,824,1123,rolling300,previous_overlap_ge2,300,48,0.16095675630382095,0.17530810086113546,0,0.025907077399847604,0.030732930227538046,0.1754930318930178,0.19274541798861644
1125,1,1124,expanding,consecutive_ge1,1124,582,0.5179850959126986,0.5287474862063631,0,0.26830855958768757,0.2795739041695482,0.7297802440666427,0.7523612059240392
1125,825,1124,rolling300,consecutive_ge1,300,155,0.5174217178878977,0.5287474862063631,0,0.2677252341420632,0.2795739041695482,0.72861212864364,0.7523612059240392
1125,1,1124,expanding,consecutive_ge2,1124,143,0.12718211119051628,0.12481676009753151,0,0.016175289406876847,0.015579223601244734,0.13602834878710418,0.1333219975178157
1125,825,1124,rolling300,consecutive_ge2,300,34,0.11405104750609571,0.12481676009753151,0,0.013007641437237701,0.015579223601244734,0.12109594573227168,0.1333219975178157
1125,1,1124,expanding,band_ge3,1124,491,0.4371139847793795,0.45291992938050796,0,0.19106863568970764,0.20513646243004433,0.574678130983825,0.6031601058843978
1125,825,1124,rolling300,band_ge3,300,118,0.39705749558628173,0.45291992938050796,0,0.15765465480125013,0.20513646243004433,0.50593343603196,0.6031601058843978
1125,1,1124,expanding,band_ge4,1124,64,0.05710280884312752,0.06628066582689385,0,0.003260730777774762,0.004393126662456374,0.0587980254555805,0.0685793846560867
1125,825,1124,rolling300,band_ge4,300,11,0.03851754161418087,0.06628066582689385,0,0.001483601012000155,0.004393126662456374,0.039278958128235016,0.0685793846560867
1125,1,1124,expanding,odd_imbalance,1124,195,0.17372032864091855,0.18680279826054075,0,0.030178752583108745,0.034895285437968285,0.19082197758770006,0.20678163828224355
1125,825,1124,rolling300,odd_imbalance,300,59,0.1960501748912838,0.18680279826054075,0,0.03843567107490296,0.034895285437968285,0.21821841833174108,0.20678163828224355
1125,1,1124,expanding,low_high_imbalance,1124,220,0.1955734754940654,0.18680279826054075,0,0.0382489843168278,0.034895285437968285,0.2176256473533678,0.20678163828224355
1125,825,1124,rolling300,low_high_imbalance,300,61,0.20230017489128377,0.18680279826054075,0,0.040925360761044,0.034895285437968285,0.2260229113095098,0.20678163828224355
1125,1,1124,expanding,repeated_end,1124,881,0.7839211549893239,0.790290065389328,1,0.04669006726114778,0.043978256674412325,0.2434468313046492,0.2353552295330889
1125,825,1124,rolling300,repeated_end,300,235,0.783768129086833,0.790290065389328,1,0.04675622199860851,0.043978256674412325,0.24364205609125875,0.2353552295330889
1125,1,1124,expanding,end_multiplicity_ge3,1124,92,0.08198395907878711,0.08948245930662266,0,0.00672136954623224,0.00800711052356138,0.0855404147439267,0.09374211509792349
1125,825,1124,rolling300,end_multiplicity_ge3,300,27,0.08996765370666392,0.08948245930662266,0,0.008094178713482197,0.00800711052356138,0.0942751347256709,0.09374211509792349
1125,1,1124,expanding,multiple_repeat_end_groups,1124,276,0.24521128504524572,0.22608550458805707,0,0.06012857431354075,0.05111465538483637,0.28131741663984594,0.25629388253878654
1125,825,1124,rolling300,multiple_repeat_end_groups,300,82,0.27038034403675354,0.22608550458805707,0,0.07310553044143321,0.05111465538483637,0.3152318998458119,0.25629388253878654
1125,1,1124,expanding,extreme_sum,1124,139,0.1235041557387249,0.11443770825506504,0,0.015253276484735215,0.01309598907067138,0.13182331591985147,0.12153247782470628
1125,825,1124,rolling300,extreme_sum,300,33,0.11027735676594157,0.11443770825506504,0,0.012161095415282758,0.01309598907067138,0.11684550164045943,0.12153247782470628
1125,1,1124,expanding,narrow_three_span_le4,1124,278,0.24764219777884502,0.26513371294993526,0,0.061326658120736594,0.07029588574261866,0.2845432673636141,0.30806671870004826
1125,825,1124,rolling300,narrow_three_span_le4,300,71,0.23844585705937096,0.26513371294993526,0,0.05685642674877797,0.07029588574261866,0.2723940087927795,0.30806671870004826
1125,1,1124,expanding,large_gap_ge15,1124,488,0.43420953863510453,0.4367856099279809,0,0.18853792344171033,0.19078166904015828,0.5695314789261051,0.574094923910703
1125,825,1124,rolling300,large_gap_ge15,300,129,0.4304241006204988,0.4367856099279809,0,0.18526490639496526,0.19078166904015828,0.5628632312621442,0.574094923910703
1125,1,1124,expanding,previous_overlap_ge2,1123,215,0.1911689956406148,0.17530810086113546,0,0.036545584894241395,0.030732930227538046,0.21216527823291886,0.19274541798861644
1125,825,1124,rolling300,previous_overlap_ge2,300,48,0.16095675630382095,0.17530810086113546,0,0.025907077399847604,0.030732930227538046,0.1754930318930178,0.19274541798861644
1126,1,1125,expanding,consecutive_ge1,1125,582,0.5175327071826439,0.5287474862063631,1,0.23277468863850845,0.2220789317568219,0.658682553554491,0.6372443028525948
1126,826,1125,rolling300,consecutive_ge1,300,155,0.5174217178878977,0.5287474862063631,1,0.2328817983662678,0.2220789317568219,0.6588970350668805,0.6372443028525948
1126,1,1125,expanding,consecutive_ge2,1125,143,0.12707103511087392,0.12481676009753151,0,0.016147047964148953,0.015579223601244734,0.1359010954232423,0.1333219975178157
1126,826,1125,rolling300,consecutive_ge2,300,34,0.11405104750609571,0.12481676009753151,0,0.013007641437237701,0.015579223601244734,0.12109594573227168,0.1333219975178157
1126,1,1125,expanding,band_ge3,1125,491,0.43673222584070753,0.45291992938050796,1,0.31727058540636366,0.2992966036690284,0.828435027211187,0.7920399254567645
1126,826,1125,rolling300,band_ge3,300,117,0.39393249558628174,0.45291992938050796,1,0.3673178199062724,0.2992966036690284,0.9315757153623204,0.7920399254567645
1126,1,1125,expanding,band_ge4,1125,64,0.057052937394356226,0.06628066582689385,0,0.003255037665324331,0.004393126662456374,0.05874513514008021,0.0685793846560867
1126,826,1125,rolling300,band_ge4,300,11,0.03851754161418087,0.06628066582689385,0,0.001483601012000155,0.004393126662456374,0.039278958128235016,0.0685793846560867
1126,1,1125,expanding,odd_imbalance,1125,195,0.17356860782987846,0.18680279826054075,0,0.030126061624002144,0.034895285437968285,0.19063837524508329,0.20678163828224355
1126,826,1125,rolling300,odd_imbalance,300,59,0.1960501748912838,0.18680279826054075,0,0.03843567107490296,0.034895285437968285,0.21821841833174108,0.20678163828224355
1126,1,1125,expanding,low_high_imbalance,1125,220,0.19540266896524963,0.18680279826054075,0,0.03818220303874293,0.034895285437968285,0.2174133366049979,0.20678163828224355
1126,826,1125,rolling300,low_high_imbalance,300,61,0.20230017489128377,0.18680279826054075,0,0.040925360761044,0.034895285437968285,0.2260229113095098,0.20678163828224355
1126,1,1125,expanding,repeated_end,1125,882,0.7841098701378049,0.790290065389328,0,0.6148282884475252,0.6245583874530684,1.532985658753754,1.5620299668475026
1126,826,1125,rolling300,repeated_end,300,235,0.783768129086833,0.790290065389328,0,0.6142924801722746,0.6245583874530684,1.53140397061196,1.5620299668475026
1126,1,1125,expanding,end_multiplicity_ge3,1125,92,0.08191235736780127,0.08948245930662266,0,0.006709634289550386,0.00800711052356138,0.08546242164183392,0.09374211509792349
1126,826,1125,rolling300,end_multiplicity_ge3,300,27,0.08996765370666392,0.08948245930662266,0,0.008094178713482197,0.00800711052356138,0.0942751347256709,0.09374211509792349
1126,1,1125,expanding,multiple_repeat_end_groups,1125,276,0.2449971267176953,0.22608550458805707,0,0.06002359209992645,0.05111465538483637,0.2810337240684272,0.25629388253878654
1126,826,1125,rolling300,multiple_repeat_end_groups,300,81,0.26725534403675355,0.22608550458805707,0,0.0714254189162035,0.05111465538483637,0.31095799254192474,0.25629388253878654
1126,1,1125,expanding,extreme_sum,1125,139,0.12339629184725004,0.11443770825506504,0,0.015226644841651706,0.01309598907067138,0.1317002608526564,0.12153247782470628
1126,826,1125,rolling300,extreme_sum,300,33,0.11027735676594157,0.11443770825506504,0,0.012161095415282758,0.01309598907067138,0.11684550164045943,0.12153247782470628
1126,1,1125,expanding,narrow_three_span_le4,1125,278,0.24742591638340497,0.26513371294993526,0,0.06121958409816771,0.07029588574261866,0.2842558372161577,0.30806671870004826
1126,826,1125,rolling300,narrow_three_span_le4,300,71,0.23844585705937096,0.26513371294993526,0,0.05685642674877797,0.07029588574261866,0.2723940087927795,0.30806671870004826
1126,1,1125,expanding,large_gap_ge15,1125,488,0.43383031633061975,0.4367856099279809,1,0.3205481107062861,0.3172104491841965,0.8351017975295818,0.8283127993981904
1126,826,1125,rolling300,large_gap_ge15,300,129,0.4304241006204988,0.4367856099279809,1,0.32441670515396775,0.3172104491841965,0.8429842758368011,0.8283127993981904
1126,1,1125,expanding,previous_overlap_ge2,1124,215,0.19100188987519467,0.17530810086113546,0,0.036481721935895994,0.030732930227538046,0.21195869798965533,0.19274541798861644
1126,826,1125,rolling300,previous_overlap_ge2,300,48,0.16095675630382095,0.17530810086113546,0,0.025907077399847604,0.030732930227538046,0.1754930318930178,0.19274541798861644
1127,1,1126,expanding,consecutive_ge1,1126,583,0.5179537083107567,0.5287474862063631,1,0.23236862733135102,0.2220789317568219,0.6578694069115008,0.6372443028525948
1127,827,1126,rolling300,consecutive_ge1,300,155,0.5174217178878977,0.5287474862063631,1,0.2328817983662678,0.2220789317568219,0.6588970350668805,0.6372443028525948
1127,1,1126,expanding,consecutive_ge2,1126,143,0.1269601528812833,0.12481676009753151,0,0.016118880419638826,0.015579223601244734,0.13577408029103932,0.1333219975178157
1127,827,1126,rolling300,consecutive_ge2,300,34,0.11405104750609571,0.12481676009753151,0,0.013007641437237701,0.015579223601244734,0.12109594573227168,0.1333219975178157
1127,1,1126,expanding,band_ge3,1126,492,0.437223733497042,0.45291992938050796,0,0.19116459313309242,0.20513646243004433,0.5748731250238532,0.6031601058843978
1127,827,1126,rolling300,band_ge3,300,118,0.39705749558628173,0.45291992938050796,0,0.15765465480125013,0.20513646243004433,0.50593343603196,0.6031601058843978
1127,1,1126,expanding,band_ge4,1126,64,0.05700315298127215,0.06628066582689385,0,0.0032493594498063157,0.004393126662456374,0.058692339918714795,0.0685793846560867
1127,827,1126,rolling300,band_ge4,300,11,0.03851754161418087,0.06628066582689385,0,0.001483601012000155,0.004393126662456374,0.039278958128235016,0.0685793846560867
1127,1,1126,expanding,odd_imbalance,1126,195,0.17341715180210368,0.18680279826054075,0,0.030073508539153873,0.034895285437968285,0.19045512694086436,0.20678163828224355
1127,827,1126,rolling300,odd_imbalance,300,59,0.1960501748912838,0.18680279826054075,0,0.03843567107490296,0.034895285437968285,0.21821841833174108,0.20678163828224355
1127,1,1126,expanding,low_high_imbalance,1126,220,0.19523216052810718,0.18680279826054075,0,0.03811559650447261,0.034895285437968285,0.21720144132988553,0.20678163828224355
1127,827,1126,rolling300,low_high_imbalance,300,61,0.20230017489128377,0.18680279826054075,0,0.040925360761044,0.034895285437968285,0.2260229113095098,0.20678163828224355
1127,1,1126,expanding,repeated_end,1126,882,0.7834256555914367,0.790290065389328,1,0.04690444665599898,0.043978256674412325,0.2440791092549402,0.2353552295330889
1127,827,1126,rolling300,repeated_end,300,234,0.780643129086833,0.790290065389328,1,0.04811743681681582,0.043978256674412325,0.24763717456176906,0.2353552295330889
1127,1,1126,expanding,end_multiplicity_ge3,1126,92,0.08184088061617142,0.08948245930662266,0,0.006697929740030423,0.00800711052356138,0.0853845707198942,0.09374211509792349
1127,827,1126,rolling300,end_multiplicity_ge3,300,27,0.08996765370666392,0.08948245930662266,0,0.008094178713482197,0.00800711052356138,0.0942751347256709,0.09374211509792349
1127,1,1126,expanding,multiple_repeat_end_groups,1126,276,0.2447833421394076,0.22608550458805707,0,0.059918884588938286,0.05111465538483637,0.28075060684565645,0.25629388253878654
1127,827,1126,rolling300,multiple_repeat_end_groups,300,80,0.26413034403675356,0.22608550458805707,0,0.0697648386409738,0.05111465538483637,0.30670227381296516,0.25629388253878654
1127,1,1126,expanding,extreme_sum,1126,139,0.12328861619991387,0.11443770825506504,0,0.015200082884489664,0.01309598907067138,0.13157743564232685,0.12153247782470628
1127,827,1126,rolling300,extreme_sum,300,33,0.11027735676594157,0.11443770825506504,0,0.012161095415282758,0.01309598907067138,0.11684550164045943,0.12153247782470628
1127,1,1126,expanding,narrow_three_span_le4,1126,278,0.24721001244240726,0.26513371294993526,0,0.06111279025177515,0.07029588574261866,0.2839689910682891,0.30806671870004826
1127,827,1126,rolling300,narrow_three_span_le4,300,71,0.23844585705937096,0.26513371294993526,0,0.05685642674877797,0.07029588574261866,0.2723940087927795,0.30806671870004826
1127,1,1126,expanding,large_gap_ge15,1126,489,0.4343243561942056,0.4367856099279809,0,0.1886376463835112,0.19078166904015828,0.5697344325258116,0.574094923910703
1127,827,1126,rolling300,large_gap_ge15,300,130,0.4335491006204988,0.4367856099279809,0,0.18796482264884337,0.19078166904015828,0.5683648759165237,0.574094923910703
1127,1,1126,expanding,previous_overlap_ge2,1125,215,0.19083507599757443,0.17530810086113546,0,0.03641802623100001,0.030732930227538046,0.21175252114011298,0.19274541798861644
1127,827,1126,rolling300,previous_overlap_ge2,300,48,0.16095675630382095,0.17530810086113546,0,0.025907077399847604,0.030732930227538046,0.1754930318930178,0.19274541798861644
1128,1,1127,expanding,consecutive_ge1,1127,584,0.5183739753479749,0.5287474862063631,0,0.2687115783180629,0.2795739041695482,0.7305873485487973,0.7523612059240392
1128,828,1127,rolling300,consecutive_ge1,300,155,0.5174217178878977,0.5287474862063631,0,0.2677252341420632,0.2795739041695482,0.72861212864364,0.7523612059240392
1128,1,1127,expanding,consecutive_ge2,1127,143,0.12684946399472594,0.12481676009753151,0,0.016090786515749272,0.015579223601244734,0.1356473027211073,0.1333219975178157
1128,828,1127,rolling300,consecutive_ge2,300,34,0.11405104750609571,0.12481676009753151,0,0.013007641437237701,0.015579223601244734,0.12109594573227168,0.1333219975178157
1128,1,1127,expanding,band_ge3,1127,492,0.43684254454020066,0.45291992938050796,1,0.3171463196399559,0.2992966036690284,0.8281824587904405,0.7920399254567645
1128,828,1127,rolling300,band_ge3,300,118,0.39705749558628173,0.45291992938050796,1,0.3635396636286866,0.2992966036690284,0.9236741836267348,0.7920399254567645
1128,1,1127,expanding,band_ge4,1127,64,0.05695345537623181,0.06628066582689385,0,0.003243696079292428,0.004393126662456374,0.05863963953517964,0.0685793846560867
1128,828,1127,rolling300,band_ge4,300,11,0.03851754161418087,0.06628066582689385,0,0.001483601012000155,0.004393126662456374,0.039278958128235016,0.0685793846560867
1128,1,1127,expanding,odd_imbalance,1127,195,0.17326595986504867,0.18680279826054075,0,0.030021092847956656,0.034895285437968285,0.19027223164892917,0.20678163828224355
1128,828,1127,rolling300,odd_imbalance,300,59,0.1960501748912838,0.18680279826054075,0,0.03843567107490296,0.034895285437968285,0.21821841833174108,0.20678163828224355
1128,1,1127,expanding,low_high_imbalance,1127,220,0.1950619494029737,0.18680279826054075,0,0.03804916410488827,0.034895285437968285,0.21698996030491324,0.20678163828224355
1128,828,1127,rolling300,low_high_imbalance,300,61,0.20230017489128377,0.18680279826054075,0,0.040925360761044,0.034895285437968285,0.2260229113095098,0.20678163828224355
1128,1,1127,expanding,repeated_end,1127,883,0.7836144736772332,0.790290065389328,1,0.04682269600198078,0.043978256674412325,0.2438381223354815,0.2353552295330889
1128,828,1127,rolling300,repeated_end,300,235,0.783768129086833,0.790290065389328,1,0.04675622199860851,0.043978256674412325,0.24364205609125875,0.2353552295330889
1128,1,1127,expanding,end_multiplicity_ge3,1127,92,0.08176952849706404,0.08948245930662266,0,0.006686255790632168,0.00800711052356138,0.08530686158943807,0.09374211509792349
1128,828,1127,rolling300,end_multiplicity_ge3,300,27,0.08996765370666392,0.08948245930662266,0,0.008094178713482197,0.00800711052356138,0.0942751347256709,0.09374211509792349
1128,1,1127,expanding,multiple_repeat_end_groups,1127,276,0.24456993033283445,0.22608550458805707,0,0.059814450823007494,0.05111465538483637,0.28046806321172263,0.25629388253878654
1128,828,1127,rolling300,multiple_repeat_end_groups,300,80,0.26413034403675356,0.22608550458805707,0,0.0697648386409738,0.05111465538483637,0.30670227381296516,0.25629388253878654
1128,1,1127,expanding,extreme_sum,1127,139,0.12318112830436033,0.11443770825506504,0,0.015173590370335282,0.01309598907067138,0.13145483964450905,0.12153247782470628
1128,828,1127,rolling300,extreme_sum,300,33,0.11027735676594157,0.11443770825506504,0,0.012161095415282758,0.01309598907067138,0.11684550164045943,0.12153247782470628
1128,1,1127,expanding,narrow_three_span_le4,1127,278,0.24699448496861265,0.26513371294993526,0,0.06100627560491022,0.07029588574261866,0.28368272713019677,0.30806671870004826
1128,828,1127,rolling300,narrow_three_span_le4,300,71,0.23844585705937096,0.26513371294993526,0,0.05685642674877797,0.07029588574261866,0.2723940087927795,0.30806671870004826
1128,1,1127,expanding,large_gap_ge15,1127,489,0.4339456950292586,0.4367856099279809,0,0.18830886623442633,0.19078166904015828,0.56906526020341,0.574094923910703
1128,828,1127,rolling300,large_gap_ge15,300,129,0.4304241006204988,0.4367856099279809,0,0.18526490639496526,0.19078166904015828,0.5628632312621442,0.574094923910703
1128,1,1127,expanding,previous_overlap_ge2,1126,215,0.19066855324364984,0.17530810086113546,0,0.036354497196026535,0.030732930227538046,0.2115467464995012,0.19274541798861644
1128,828,1127,rolling300,previous_overlap_ge2,300,48,0.16095675630382095,0.17530810086113546,0,0.025907077399847604,0.030732930227538046,0.1754930318930178,0.19274541798861644
1129,1,1128,expanding,consecutive_ge1,1128,584,0.5179224300732815,0.5287474862063631,1,0.23239878342645012,0.2220789317568219,0.6579297968294179,0.6372443028525948
1129,829,1128,rolling300,consecutive_ge1,300,155,0.5174217178878977,0.5287474862063631,1,0.2328817983662678,0.2220789317568219,0.6588970350668805,0.6372443028525948
1129,1,1128,expanding,consecutive_ge2,1128,143,0.12673896794595005,0.12481676009753151,0,0.016062765996004553,0.015579223601244734,0.13552076204656732,0.1333219975178157
1129,829,1128,rolling300,consecutive_ge2,300,34,0.11405104750609571,0.12481676009753151,0,0.013007641437237701,0.015579223601244734,0.12109594573227168,0.1333219975178157
1129,1,1128,expanding,band_ge3,1128,493,0.4373330998149914,0.45291992938050796,0,0.19126024019378923,0.20513646243004433,0.5750674774736805,0.6031601058843978
1129,829,1128,rolling300,band_ge3,300,119,0.4001824955862817,0.45291992938050796,0,0.16014602977366438,0.20513646243004433,0.511129829342285,0.6031601058843978
1129,1,1128,expanding,band_ge4,1128,64,0.056903844352384915,0.06628066582689385,0,0.0032380475020804484,0.004393126662456374,0.058587033734090216,0.0685793846560867
1129,829,1128,rolling300,band_ge4,300,11,0.03851754161418087,0.06628066582689385,0,0.001483601012000155,0.004393126662456374,0.039278958128235016,0.0685793846560867
1129,1,1128,expanding,odd_imbalance,1128,195,0.17311503132858086,0.18680279826054075,0,0.02996881407189553,0.034895285437968285,0.190089688347137,0.20678163828224355
1129,829,1128,rolling300,odd_imbalance,300,58,0.1929251748912838,0.18680279826054075,0,0.03722012310683244,0.034895285437968285,0.21433889492527947,0.20678163828224355
1129,1,1128,expanding,low_high_imbalance,1128,220,0.1948920348129014,0.18680279826054075,0,0.03798290523351317,0.034895285437968285,0.21677889231177844,0.20678163828224355
1129,829,1128,rolling300,low_high_imbalance,300,61,0.20230017489128377,0.18680279826054075,0,0.040925360761044,0.034895285437968285,0.2260229113095098,0.20678163828224355
1129,1,1128,expanding,repeated_end,1128,884,0.7838029628116607,0.790290065389328,0,0.6143470845123377,0.6245583874530684,1.5315650779026635,1.5620299668475026
1129,829,1128,rolling300,repeated_end,300,235,0.783768129086833,0.790290065389328,0,0.6142924801722746,0.6245583874530684,1.53140397061196,1.5620299668475026
1129,1,1128,expanding,end_multiplicity_ge3,1128,92,0.08169830068478437,0.08948245930662266,0,0.006674612334781439,0.00800711052356138,0.08522929386321225,0.09374211509792349
1129,829,1128,rolling300,end_multiplicity_ge3,300,27,0.08996765370666392,0.08948245930662266,0,0.008094178713482197,0.00800711052356138,0.0942751347256709,0.09374211509792349
1129,1,1128,expanding,multiple_repeat_end_groups,1128,276,0.24435689032383373,0.22608550458805707,0,0.059710289848734104,0.05111465538483637,0.2801860914140301,0.25629388253878654
1129,829,1128,rolling300,multiple_repeat_end_groups,300,80,0.26413034403675356,0.22608550458805707,0,0.0697648386409738,0.05111465538483637,0.30670227381296516,0.25629388253878654
1129,1,1128,expanding,extreme_sum,1128,139,0.12307382766994886,0.11443770825506504,0,0.015147167057332269,0.01309598907067138,0.1313324722172586,0.12153247782470628
1129,829,1128,rolling300,extreme_sum,300,33,0.11027735676594157,0.11443770825506504,0,0.012161095415282758,0.01309598907067138,0.11684550164045943,0.12153247782470628
1129,1,1128,expanding,narrow_three_span_le4,1128,278,0.24677933297822188,0.26513371294993526,0,0.060900039185176114,0.07029588574261866,0.2833970436194231,0.30806671870004826
1129,829,1128,rolling300,narrow_three_span_le4,300,71,0.23844585705937096,0.26513371294993526,0,0.05685642674877797,0.07029588574261866,0.2723940087927795,0.30806671870004826
1129,1,1128,expanding,large_gap_ge15,1128,489,0.43356769355275226,0.4367856099279809,0,0.1879809448926533,0.19078166904015828,0.5683977000102336,0.574094923910703
1129,829,1128,rolling300,large_gap_ge15,300,128,0.4272991006204988,0.4367856099279809,0,0.18258452139108716,0.19078166904015828,0.5573916891636158,0.574094923910703
1129,1,1128,expanding,previous_overlap_ge2,1127,215,0.19050232085198146,0.17530810086113546,1,0.6552864925460283,0.6801167285052672,1.658090901539559,1.7412102767071724
1129,829,1128,rolling300,previous_overlap_ge2,300,48,0.16095675630382095,0.17530810086113546,1,0.7039935647922057,0.6801167285052672,1.8266195444618119,1.7412102767071724
1130,1,1129,expanding,consecutive_ge1,1129,585,0.5183419927973257,0.5287474862063631,1,0.23199443590245142,0.2220789317568219,0.6571200368150618,0.6372443028525948
1130,830,1129,rolling300,consecutive_ge1,300,155,0.5174217178878977,0.5287474862063631,1,0.2328817983662678,0.2220789317568219,0.6588970350668805,0.6372443028525948
1130,1,1129,expanding,consecutive_ge2,1129,143,0.1266286642314627,0.12481676009753151,0,0.016034818605044524,0.015579223601244734,0.13539445760303803,0.1333219975178157
1130,830,1129,rolling300,consecutive_ge2,300,34,0.11405104750609571,0.12481676009753151,0,0.013007641437237701,0.015579223601244734,0.12109594573227168,0.1333219975178157
1130,1,1129,expanding,band_ge3,1129,493,0.4369524791885206,0.45291992938050796,1,0.31702251069195325,0.2992966036690284,0.8279308330752222,0.7920399254567645
1130,830,1129,rolling300,band_ge3,300,119,0.4001824955862817,0.45291992938050796,1,0.35978103860110094,0.2992966036690284,0.9158345969538025,0.7920399254567645
1130,1,1129,expanding,band_ge4,1129,64,0.05685431968367092,0.06628066582689385,1,0.8895237742993511,0.8718317950086687,2.8672630777905863,2.7138570408059484
1130,830,1129,rolling300,band_ge4,300,11,0.03851754161418087,0.06628066582689385,1,0.9244485177836385,0.8718317950086687,3.2566415151122023,2.7138570408059484
1130,1,1129,expanding,odd_imbalance,1129,195,0.17296436550497027,0.18680279826054075,1,0.6839879407245963,0.6612896889168869,1.7546696854411545,1.677701773318112
1130,830,1129,rolling300,odd_imbalance,300,57,0.1898001748912838,0.18680279826054075,1,0.6564237566061942,0.6612896889168869,1.6617834713563453,1.677701773318112
1130,1,1129,expanding,low_high_imbalance,1129,220,0.19472241598364737,0.18680279826054075,0,0.037916819286508606,0.034895285437968285,0.21656823613696963,0.20678163828224355
1130,830,1129,rolling300,low_high_imbalance,300,61,0.20230017489128377,0.18680279826054075,0,0.040925360761044,0.034895285437968285,0.2260229113095098,0.20678163828224355
1130,1,1129,expanding,repeated_end,1129,884,0.783120801834453,0.790290065389328,1,0.047036586596930614,0.043978256674412325,0.24446831413218711,0.2353552295330889
1130,830,1129,rolling300,repeated_end,300,234,0.780643129086833,0.790290065389328,1,0.04811743681681582,0.043978256674412325,0.24763717456176906,0.2353552295330889
1130,1,1129,expanding,end_multiplicity_ge3,1129,92,0.0816271968547715,0.08948245930662266,0,0.006662999266367619,0.00800711052356138,0.08515186715537357,0.09374211509792349
1130,830,1129,rolling300,end_multiplicity_ge3,300,26,0.08684265370666391,0.08948245930662266,0,0.007541646502815548,0.00800711052356138,0.0908470733747102,0.09374211509792349
1130,1,1129,expanding,multiple_repeat_end_groups,1129,276,0.2441442211416546,0.22608550458805707,0,0.05960640071686515,0.05111465538483637,0.2799046897071604,0.25629388253878654
1130,830,1129,rolling300,multiple_repeat_end_groups,300,80,0.26413034403675356,0.22608550458805707,0,0.0697648386409738,0.05111465538483637,0.30670227381296516,0.25629388253878654
1130,1,1129,expanding,extreme_sum,1129,139,0.122966713807747,0.11443770825506504,0,0.015120812704676356,0.01309598907067138,0.13121033272102958,0.12153247782470628
1130,830,1129,rolling300,extreme_sum,300,33,0.11027735676594157,0.11443770825506504,0,0.012161095415282758,0.01309598907067138,0.11684550164045943,0.12153247782470628
1130,1,1129,expanding,narrow_three_span_le4,1129,278,0.24656455549086048,0.26513371294993526,1,0.5676649690426847,0.5400284598427482,1.4001314313851168,1.3275210030826026
1130,830,1129,rolling300,narrow_three_span_le4,300,71,0.23844585705937096,0.26513371294993526,1,0.5799647126300361,0.5400284598427482,1.433613008851534,1.3275210030826026
1130,1,1129,expanding,large_gap_ge15,1129,489,0.4331903500422625,0.4367856099279809,0,0.1876538793697379,0.19078166904015828,0.5677317459793174,0.574094923910703
1130,830,1129,rolling300,large_gap_ge15,300,127,0.42417410062049876,0.4367856099279809,0,0.17992366763720902,0.19078166904015828,0.5519499219971077,0.574094923910703
1130,1,1129,expanding,previous_overlap_ge2,1128,216,0.19120745820315568,0.17530810086113546,0,0.036560292072511526,0.030732930227538046,0.21221283263782284,0.19274541798861644
1130,830,1129,rolling300,previous_overlap_ge2,300,48,0.16095675630382095,0.17530810086113546,0,0.025907077399847604,0.030732930227538046,0.1754930318930178,0.19274541798861644
1131,1,1130,expanding,consecutive_ge1,1130,586,0.5187608258470672,0.5287474862063631,1,0.23159114273939682,0.2220789317568219,0.6563123385522056,0.6372443028525948
1131,831,1130,rolling300,consecutive_ge1,300,155,0.5174217178878977,0.5287474862063631,1,0.2328817983662678,0.2220789317568219,0.6588970350668805,0.6372443028525948
1131,1,1130,expanding,consecutive_ge2,1130,143,0.1265185523495223,0.12481676009753151,0,0.016006944088618816,0.015579223601244734,0.13526838872862407,0.1333219975178157
1131,831,1130,rolling300,consecutive_ge2,300,33,0.11092604750609572,0.12481676009753151,0,0.012304588015324604,0.015579223601244734,0.11757486077063632,0.1333219975178157
1131,1,1130,expanding,band_ge3,1130,494,0.43744208572835663,0.45291992938050796,1,0.31647140690966163,0.2992966036690284,0.8268109574249168,0.7920399254567645
1131,831,1130,rolling300,band_ge3,300,120,0.40330749558628176,0.45291992938050796,1,0.35604194482351514,0.2992966036690284,0.9080559916413032,0.7920399254567645
1131,1,1130,expanding,band_ge4,1130,65,0.05767444636220685,0.06628066582689385,0,0.003326341763187075,0.004393126662456374,0.059404465769518904,0.0685793846560867
1131,831,1130,rolling300,band_ge4,300,12,0.041642541614180864,0.06628066582689385,0,0.001734101272088785,0.004393126662456374,0.04253444076784371,0.0685793846560867
1131,1,1130,expanding,odd_imbalance,1130,196,0.1736835269262703,0.18680279826054075,0,0.030165967525548457,0.034895285437968285,0.19077743952584106,0.20678163828224355
1131,831,1130,rolling300,odd_imbalance,300,58,0.1929251748912838,0.18680279826054075,0,0.03722012310683244,0.034895285437968285,0.21433889492527947,0.20678163828224355
1131,1,1130,expanding,low_high_imbalance,1130,220,0.1945530921436616,0.18680279826054075,0,0.03785090566266008,0.034895285437968285,0.21635799057174243,0.20678163828224355
1131,831,1130,rolling300,low_high_imbalance,300,61,0.20230017489128377,0.18680279826054075,0,0.040925360761044,0.034895285437968285,0.2260229113095098,0.20678163828224355
1131,1,1130,expanding,repeated_end,1130,885,0.7833093924415535,0.790290065389328,0,0.6135736042871557,0.6245583874530684,1.529284714441245,1.5620299668475026
1131,831,1130,rolling300,repeated_end,300,234,0.780643129086833,0.790290065389328,0,0.6094036949904817,0.6245583874530684,1.5170553278889152,1.5620299668475026
1131,1,1130,expanding,end_multiplicity_ge3,1130,92,0.08155621668359343,0.08948245930662266,0,0.0066514164797412435,0.00800711052356138,0.08507458108148191,0.09374211509792349
1131,831,1130,rolling300,end_multiplicity_ge3,300,26,0.08684265370666391,0.08948245930662266,0,0.007541646502815548,0.00800711052356138,0.0908470733747102,0.09374211509792349
1131,1,1130,expanding,multiple_repeat_end_groups,1130,276,0.2439319218189227,0.22608550458805707,0,0.05950278248227302,0.05111465538483637,0.2796238563528367,0.25629388253878654
1131,831,1130,rolling300,multiple_repeat_end_groups,300,79,0.2610053440367536,0.22608550458805707,0,0.0681237896157441,0.05111465538483637,0.30246458950359184,0.25629388253878654
1131,1,1130,expanding,extreme_sum,1130,139,0.12285978623052286,0.11443770825506504,1,0.769374954611564,0.7842205725605412,2.0967115231915217,2.167724636734186
1131,831,1130,rolling300,extreme_sum,300,33,0.11027735676594157,0.11443770825506504,1,0.7916063818833997,0.7842205725605412,2.2047566615038714,2.167724636734186
1131,1,1130,expanding,narrow_three_span_le4,1130,279,0.2472197167469554,0.26513371294993526,0,0.06111758834844486,0.07029588574261866,0.2839818822693661,0.30806671870004826
1131,831,1130,rolling300,narrow_three_span_le4,300,72,0.24157085705937095,0.26513371294993526,0,0.058356478980399036,0.07029588574261866,0.2765059019064261,0.30806671870004826
1131,1,1130,expanding,large_gap_ge15,1130,489,0.4328136627813562,0.4367856099279809,0,0.1873276666902135,0.19078166904015828,0.5670673921738,0.574094923910703
1131,831,1130,rolling300,large_gap_ge15,300,126,0.4210491006204988,0.4367856099279809,0,0.1772823451333309,0.19078166904015828,0.546537607458439,0.574094923910703
1131,1,1130,expanding,previous_overlap_ge2,1129,216,0.19104104614205633,0.17530810086113546,0,0.0364966813110513,0.030732930227538046,0.21200710009838983,0.19274541798861644
1131,831,1130,rolling300,previous_overlap_ge2,300,48,0.16095675630382095,0.17530810086113546,0,0.025907077399847604,0.030732930227538046,0.1754930318930178,0.19274541798861644
1132,1,1131,expanding,consecutive_ge1,1131,587,0.5191789311243503,0.5287474862063631,1,0.23118890027472225,0.2220789317568219,0.6555066939141818,0.6372443028525948
1132,832,1131,rolling300,consecutive_ge1,300,156,0.5205467178878977,0.5287474862063631,1,0.22987544972806712,0.2220789317568219,0.652875639166455,0.6372443028525948
1132,1,1131,expanding,consecutive_ge2,1131,143,0.12640863180013087,0.12481676009753151,0,0.01597914219358106,0.015579223601244734,0.13514255476390413,0.1333219975178157
1132,832,1131,rolling300,consecutive_ge2,300,33,0.11092604750609572,0.12481676009753151,0,0.012304588015324604,0.015579223601244734,0.11757486077063632,0.1333219975178157
1132,1,1131,expanding,band_ge3,1131,495,0.4379308415183407,0.45291992938050796,0,0.19178342195296205,0.20513646243004433,0.5761303788628888,0.6031601058843978
1132,832,1131,rolling300,band_ge3,300,121,0.40643249558628175,0.45291992938050796,0,0.16518737346849294,0.20513646243004433,0.5216043318657773,0.6031601058843978
1132,1,1131,expanding,band_ge4,1131,65,0.05762433824199642,0.06628066582689385,0,0.003320564357828011,0.004393126662456374,0.05935129222687678,0.0685793846560867
1132,832,1131,rolling300,band_ge4,300,12,0.041642541614180864,0.06628066582689385,0,0.001734101272088785,0.004393126662456374,0.04253444076784371,0.0685793846560867
1132,1,1131,expanding,odd_imbalance,1131,196,0.17353262898801983,0.18680279826054075,0,0.03011357332349374,0.034895285437968285,0.19059484100975588,0.20678163828224355
1132,832,1131,rolling300,odd_imbalance,300,58,0.1929251748912838,0.18680279826054075,0,0.03722012310683244,0.034895285437968285,0.21433889492527947,0.20678163828224355
1132,1,1131,expanding,low_high_imbalance,1131,220,0.19438406252407545,0.18680279826054075,0,0.037785163763363674,0.034895285437968285,0.2161481544120966,0.20678163828224355
1132,832,1131,rolling300,low_high_imbalance,300,61,0.20230017489128377,0.18680279826054075,0,0.040925360761044,0.034895285437968285,0.2260229113095098,0.20678163828224355
1132,1,1131,expanding,repeated_end,1131,885,0.7826288456192758,0.790290065389328,0,0.6125079099953603,0.6245583874530684,1.5261489976396876,1.5620299668475026
1132,832,1131,rolling300,repeated_end,300,233,0.777518129086833,0.790290065389328,0,0.6045344410586891,0.6245583874530684,1.5029096597373859,1.5620299668475026
1132,1,1131,expanding,end_multiplicity_ge3,1131,92,0.08148535984894219,0.08948245930662266,0,0.0066398638697116,0.00800711052356138,0.08499743525849411,0.09374211509792349
1132,832,1131,rolling300,end_multiplicity_ge3,300,26,0.08684265370666391,0.08948245930662266,0,0.007541646502815548,0.00800711052356138,0.0908470733747102,0.09374211509792349
1132,1,1131,expanding,multiple_repeat_end_groups,1131,276,0.24371999139162565,0.22608550458805707,0,0.05939943420393408,0.05111465538483637,0.27934358961988626,0.25629388253878654
1132,832,1131,rolling300,multiple_repeat_end_groups,300,79,0.2610053440367536,0.22608550458805707,0,0.0681237896157441,0.05111465538483637,0.30246458950359184,0.25629388253878654
1132,1,1131,expanding,extreme_sum,1131,140,0.12362185418340686,0.11443770825506504,0,0.015282362831743508,0.01309598907067138,0.13195760788325003,0.12153247782470628
1132,832,1131,rolling300,extreme_sum,300,34,0.11340235676594157,0.11443770825506504,0,0.012860094520069894,0.01309598907067138,0.12036401488128311,0.12153247782470628
1132,1,1131,expanding,narrow_three_span_le4,1131,279,0.2470049298514324,0.26513371294993526,0,0.06101143537091105,0.07029588574261866,0.28369659815112824,0.30806671870004826
1132,832,1131,rolling300,narrow_three_span_le4,300,72,0.24157085705937095,0.26513371294993526,0,0.058356478980399036,0.07029588574261866,0.2765059019064261,0.30806671870004826
1132,1,1131,expanding,large_gap_ge15,1131,489,0.43243763005956526,0.4367856099279809,0,0.1870023038915334,0.19078166904015828,0.5664046326867296,0.574094923910703
1132,832,1131,rolling300,large_gap_ge15,300,126,0.4210491006204988,0.4367856099279809,0,0.1772823451333309,0.19078166904015828,0.546537607458439,0.574094923910703
1132,1,1131,expanding,previous_overlap_ge2,1130,216,0.19087492349323715,0.17530810086113546,0,0.036433236418549134,0.030732930227538046,0.21180176756153102,0.19274541798861644
1132,832,1131,rolling300,previous_overlap_ge2,300,48,0.16095675630382095,0.17530810086113546,0,0.025907077399847604,0.030732930227538046,0.1754930318930178,0.19274541798861644
1133,1,1132,expanding,consecutive_ge1,1132,588,0.519596310524416,0.5287474862063631,1,0.23078770486175332,0.2220789317568219,0.6547030948182615,0.6372443028525948
1133,833,1132,rolling300,consecutive_ge1,300,156,0.5205467178878977,0.5287474862063631,1,0.22987544972806712,0.2220789317568219,0.652875639166455,0.6372443028525948
1133,1,1132,expanding,consecutive_ge2,1132,143,0.1262989020850266,0.12481676009753151,1,0.76335360849783,0.7659457034061817,2.0691039425769624,2.0809085364103663
1133,833,1132,rolling300,consecutive_ge2,300,33,0.11092604750609572,0.12481676009753151,1,0.7904524930031332,0.7659457034061817,2.198891538389242,2.0809085364103663
1133,1,1132,expanding,band_ge3,1132,495,0.4375506932184116,0.45291992938050796,1,0.31634922269908927,0.2992966036690284,0.8265627096833904,0.7920399254567645
1133,833,1132,rolling300,band_ge3,300,120,0.40330749558628176,0.45291992938050796,1,0.35604194482351514,0.2992966036690284,0.9080559916413032,0.7920399254567645
1133,1,1132,expanding,band_ge4,1132,65,0.05757431711505025,0.06628066582689385,0,0.003314801991264368,0.004393126662456374,0.059298213819329905,0.0685793846560867
1133,833,1132,rolling300,band_ge4,300,12,0.041642541614180864,0.06628066582689385,0,0.001734101272088785,0.004393126662456374,0.04253444076784371,0.0685793846560867
1133,1,1132,expanding,odd_imbalance,1132,196,0.17338199302535662,0.18680279826054075,0,0.03006131550544481,0.034895285437968285,0.19041259275435896,0.20678163828224355
1133,833,1132,rolling300,odd_imbalance,300,58,0.1929251748912838,0.18680279826054075,0,0.03722012310683244,0.034895285437968285,0.21433889492527947,0.20678163828224355
1133,1,1132,expanding,low_high_imbalance,1132,220,0.19421532635868996,0.18680279826054075,0,0.037719592992612454,0.034895285437968285,0.21593872645875206,0.20678163828224355
1133,833,1132,rolling300,low_high_imbalance,300,61,0.20230017489128377,0.18680279826054075,0,0.040925360761044,0.034895285437968285,0.2260229113095098,0.20678163828224355
1133,1,1132,expanding,repeated_end,1132,885,0.781949480301898,0.790290065389328,1,0.04754602914061235,0.043978256674412325,0.24596514371820602,0.2353552295330889
1133,833,1132,rolling300,repeated_end,300,232,0.774393129086833,0.790290065389328,1,0.0508984602032304,0.043978256674412325,0.25567561562262164,0.2353552295330889
1133,1,1132,expanding,end_multiplicity_ge3,1132,92,0.08141462602962886,0.08948245930662266,0,0.006628341331544321,0.00800711052356138,0.08492042930475772,0.09374211509792349
1133,833,1132,rolling300,end_multiplicity_ge3,300,26,0.08684265370666391,0.08948245930662266,0,0.007541646502815548,0.00800711052356138,0.0908470733747102,0.09374211509792349
1133,1,1132,expanding,multiple_repeat_end_groups,1132,276,0.24350842889909818,0.22608550458805707,0,0.059296354944907155,0.05111465538483637,0.2790638877842034,0.25629388253878654
1133,833,1132,rolling300,multiple_repeat_end_groups,300,79,0.2610053440367536,0.22608550458805707,0,0.0681237896157441,0.05111465538483637,0.30246458950359184,0.25629388253878654
1133,1,1132,expanding,extreme_sum,1132,140,0.12351454354609487,0.11443770825506504,0,0.015255842467400166,0.01309598907067138,0.13183516750933044,0.12153247782470628
1133,833,1132,rolling300,extreme_sum,300,34,0.11340235676594157,0.11443770825506504,0,0.012860094520069894,0.01309598907067138,0.12036401488128311,0.12153247782470628
1133,1,1132,expanding,narrow_three_span_le4,1132,279,0.24679051584982525,0.26513371294993526,0,0.06090555871342285,0.07029588574261866,0.28341189046989923,0.30806671870004826
1133,833,1132,rolling300,narrow_three_span_le4,300,72,0.24157085705937095,0.26513371294993526,0,0.058356478980399036,0.07029588574261866,0.2765059019064261,0.30806671870004826
1133,1,1132,expanding,large_gap_ge15,1132,489,0.4320622501723608,0.4367856099279809,0,0.18667778802400367,0.19078166904015828,0.5657434616408721,0.574094923910703
1133,833,1132,rolling300,large_gap_ge15,300,126,0.4210491006204988,0.4367856099279809,0,0.1772823451333309,0.19078166904015828,0.546537607458439,0.574094923910703
1133,1,1132,expanding,previous_overlap_ge2,1131,216,0.19070908950236554,0.17530810086113546,1,0.6549517778140902,0.6801167285052672,1.6570061036292931,1.7412102767071724
1133,833,1132,rolling300,previous_overlap_ge2,300,48,0.16095675630382095,0.17530810086113546,1,0.7039935647922057,0.6801167285052672,1.8266195444618119,1.7412102767071724
1134,1,1133,expanding,consecutive_ge1,1133,589,0.5200129659359299,0.5287474862063631,0,0.27041348474148263,0.2795739041695482,0.7339961878115617,0.7523612059240392
1134,834,1133,rolling300,consecutive_ge1,300,156,0.5205467178878977,0.5287474862063631,0,0.2709688855038626,0.2795739041695482,0.7351088198284406,0.7523612059240392
1134,1,1133,expanding,consecutive_ge2,1133,144,0.12705666539631452,0.12481676009753151,0,0.016143396221631027,0.015579223601244734,0.13588463406514198,0.1333219975178157
1134,834,1133,rolling300,consecutive_ge2,300,34,0.11405104750609571,0.12481676009753151,0,0.013007641437237701,0.015579223601244734,0.12109594573227168,0.1333219975178157
1134,1,1133,expanding,band_ge3,1133,496,0.43803850701440605,0.45291992938050796,1,0.31580071959859773,0.2992966036690284,0.8254484569120324,0.7920399254567645
1134,834,1133,rolling300,band_ge3,300,121,0.40643249558628175,0.45291992938050796,1,0.3523223822959295,0.2992966036690284,0.9003374263025505,0.7920399254567645
1134,1,1133,expanding,band_ge4,1133,65,0.057524382755019844,0.06628066582689385,0,0.0033090546113460242,0.004393126662456374,0.059245230291716376,0.0685793846560867
1134,834,1133,rolling300,band_ge4,300,12,0.041642541614180864,0.06628066582689385,0,0.001734101272088785,0.004393126662456374,0.04253444076784371,0.0685793846560867
1134,1,1133,expanding,odd_imbalance,1133,196,0.17323161835664425,0.18680279826054075,1,0.6835459568851735,0.6612896889168869,1.7531257454925646,1.677701773318112
1134,834,1133,rolling300,odd_imbalance,300,58,0.1929251748912838,0.18680279826054075,1,0.6513697733242648,0.6612896889168869,1.6454528601141498,1.677701773318112
1134,1,1133,expanding,low_high_imbalance,1133,220,0.1940468828839643,0.18680279826054075,1,0.6495604269890544,0.6612896889168869,1.639655484764603,1.677701773318112
1134,834,1133,rolling300,low_high_imbalance,300,61,0.20230017489128377,0.18680279826054075,1,0.6363250109784764,0.6612896889168869,1.5980026702943089,1.677701773318112
1134,1,1133,expanding,repeated_end,1133,886,0.7821385961038911,0.790290065389328,1,0.04746359130758348,0.043978256674412325,0.24572332127128949,0.2353552295330889
1134,834,1133,rolling300,repeated_end,300,232,0.774393129086833,0.790290065389328,1,0.0508984602032304,0.043978256674412325,0.25567561562262164,0.2353552295330889
1134,1,1133,expanding,end_multiplicity_ge3,1133,92,0.08134401490557888,0.08948245930662266,0,0.0066168487609590395,0.00800711052356138,0.08484356284000455,0.09374211509792349
1134,834,1133,rolling300,end_multiplicity_ge3,300,26,0.08684265370666391,0.08948245930662266,0,0.007541646502815548,0.00800711052356138,0.0908470733747102,0.09374211509792349
1134,1,1133,expanding,multiple_repeat_end_groups,1133,276,0.2432972333840079,0.22608550458805707,1,0.5725990770042967,0.5989436462087222,1.4134714004697753,1.4868420123767523
1134,834,1133,rolling300,multiple_repeat_end_groups,300,79,0.2610053440367536,0.22608550458805707,1,0.5461131015422369,0.5989436462087222,1.3432143966324548,1.4868420123767523
1134,1,1133,expanding,extreme_sum,1133,140,0.1234074190503914,0.11443770825506504,1,0.768414552975896,0.7842205725605412,2.0922640473538285,2.167724636734186
1134,834,1133,rolling300,extreme_sum,300,34,0.11340235676594157,0.11443770825506504,1,0.7860553809881867,0.7842205725605412,2.176813105136,2.167724636734186
1134,1,1133,expanding,narrow_three_span_le4,1133,279,0.24657647377189826,0.26513371294993526,0,0.06079995741778363,0.07029588574261866,0.28312775746883984,0.30806671870004826
1134,834,1133,rolling300,narrow_three_span_le4,300,71,0.23844585705937096,0.26513371294993526,0,0.05685642674877797,0.07029588574261866,0.2723940087927795,0.30806671870004826
1134,1,1133,expanding,large_gap_ge15,1133,489,0.43168752142112715,0.4367856099279809,0,0.18635411615071612,0.19078166904015828,0.5650838731885206,0.574094923910703
1134,834,1133,rolling300,large_gap_ge15,300,126,0.4210491006204988,0.4367856099279809,0,0.1772823451333309,0.19078166904015828,0.546537607458439,0.574094923910703
1134,1,1133,expanding,previous_overlap_ge2,1132,217,0.1914115989732836,0.17530810086113546,0,0.036638400221509146,0.030732930227538046,0.2124652663914389,0.19274541798861644
1134,834,1133,rolling300,previous_overlap_ge2,300,49,0.16408175630382096,0.17530810086113546,0,0.02692282275174649,0.030732930227538046,0.17922446530143663,0.19274541798861644
1135,1,1134,expanding,consecutive_ge1,1134,589,0.519562348114495,0.5287474862063631,0,0.2699450335782477,0.2795739041695482,0.7330578157328492,0.7523612059240392
1135,835,1134,rolling300,consecutive_ge1,300,155,0.5174217178878977,0.5287474862063631,0,0.2677252341420632,0.2795739041695482,0.72861212864364,0.7523612059240392
1135,1,1134,expanding,consecutive_ge2,1134,144,0.12694656429978393,0.12481676009753151,0,0.016115430187519177,0.015579223601244734,0.13575851573714826,0.1333219975178157
1135,835,1134,rolling300,consecutive_ge2,300,34,0.11405104750609571,0.12481676009753151,0,0.013007641437237701,0.015579223601244734,0.12109594573227168,0.1333219975178157
1135,1,1134,expanding,band_ge3,1134,497,0.43852547537921155,0.45291992938050796,0,0.1923045925565635,0.20513646243004433,0.5771888760541127,0.6031601058843978
1135,835,1134,rolling300,band_ge3,300,122,0.40955749558628174,0.45291992938050796,0,0.1677373421909072,0.20513646243004433,0.526883015716554,0.6031601058843978
1135,1,1134,expanding,band_ge4,1134,65,0.05747453493634132,0.06628066582689385,0,0.0033033221661487185,0.004393126662456374,0.05919234138978639,0.0685793846560867
1135,835,1134,rolling300,band_ge4,300,12,0.041642541614180864,0.06628066582689385,0,0.001734101272088785,0.004393126662456374,0.04253444076784371,0.0685793846560867
1135,1,1134,expanding,odd_imbalance,1134,197,0.1739480554291255,0.18680279826054075,1,0.6823618151293231,0.6612896889168869,1.7489985563536812,1.677701773318112
1135,835,1134,rolling300,odd_imbalance,300,59,0.1960501748912838,0.18680279826054075,1,0.6463353212923355,0.6612896889168869,1.6293846581692961,1.677701773318112
1135,1,1134,expanding,low_high_imbalance,1134,221,0.19474528246552064,0.18680279826054075,1,0.648435160111534,0.6612896889168869,1.6360628180650045,1.677701773318112
1135,835,1134,rolling300,low_high_imbalance,300,62,0.20542517489128378,0.18680279826054075,1,0.631349152696547,0.6612896889168869,1.5826734238020557,1.677701773318112
1135,1,1134,expanding,repeated_end,1134,887,0.7823273841488618,0.790290065389328,1,0.04738136769147717,0.043978256674412325,0.2454819762394767,0.2353552295330889
1135,835,1134,rolling300,repeated_end,300,232,0.774393129086833,0.790290065389328,1,0.0508984602032304,0.043978256674412325,0.25567561562262164,0.2353552295330889
1135,1,1134,expanding,end_multiplicity_ge3,1134,92,0.08127352615782708,0.08948245930662266,0,0.006605386054127003,0.00800711052356138,0.0847668354853447,0.09374211509792349
1135,835,1134,rolling300,end_multiplicity_ge3,300,26,0.08684265370666391,0.08948245930662266,0,0.007541646502815548,0.00800711052356138,0.0908470733747102,0.09374211509792349
1135,1,1134,expanding,multiple_repeat_end_groups,1134,277,0.24395295501885714,0.22608550458805707,1,0.5716071342247182,0.5989436462087222,1.4107798795784179,1.4868420123767523
1135,835,1134,rolling300,multiple_repeat_end_groups,300,80,0.26413034403675356,0.22608550458805707,1,0.5415041505674667,0.5989436462087222,1.3313125702671509,1.4868420123767523
1135,1,1134,expanding,extreme_sum,1134,141,0.12416703133890927,0.11443770825506504,0,0.015417451671517677,0.01309598907067138,0.13257988127096,0.12153247782470628
1135,835,1134,rolling300,extreme_sum,300,35,0.11652735676594157,0.11443770825506504,0,0.01357862487485703,0.01309598907067138,0.123894951783211,0.12153247782470628
1135,1,1134,expanding,narrow_three_span_le4,1134,279,0.24636280265077878,0.26513371294993526,0,0.06069463052994657,0.07029588574261866,0.2828441973982887,0.30806671870004826
1135,835,1134,rolling300,narrow_three_span_le4,300,71,0.23844585705937096,0.26513371294993526,0,0.05685642674877797,0.07029588574261866,0.2723940087927795,0.30806671870004826
1135,1,1134,expanding,large_gap_ge15,1134,489,0.4313134421131366,0.4367856099279809,0,0.18603128534748203,0.19078166904015828,0.5644258615113064,0.574094923910703
1135,835,1134,rolling300,large_gap_ge15,300,125,0.4179241006204988,0.4367856099279809,0,0.17466055387945278,0.19078166904015828,0.5411544284485293,0.574094923910703
1135,1,1134,expanding,previous_overlap_ge2,1133,217,0.1912455871788575,0.17530810086113546,1,0.6540837002576709,0.6801167285052672,1.654196880116292,1.7412102767071724
1135,835,1134,rolling300,previous_overlap_ge2,300,48,0.16095675630382095,0.17530810086113546,1,0.7039935647922057,0.6801167285052672,1.8266195444618119,1.7412102767071724
1136,1,1135,expanding,consecutive_ge1,1135,589,0.5191125105836599,0.5287474862063631,0,0.2694777986444704,0.2795739041695482,0.732121945974864,0.7523612059240392
1136,836,1135,rolling300,consecutive_ge1,300,154,0.5142967178878977,0.5287474862063631,0,0.2645011140302638,0.2795739041695482,0.7221573721648975,0.7523612059240392
1136,1,1135,expanding,consecutive_ge2,1135,144,0.1268366538545027,0.12481676009753151,0,0.016087536761006938,0.015579223601244734,0.13563263165841416,0.1333219975178157
1136,836,1135,rolling300,consecutive_ge2,300,34,0.11405104750609571,0.12481676009753151,0,0.013007641437237701,0.015579223601244734,0.12109594573227168,0.1333219975178157
1136,1,1135,expanding,band_ge3,1135,497,0.4381457996429525,0.45291992938050796,1,0.3156801424588572,0.2992966036690284,0.8252035480994286,0.7920399254567645
1136,836,1135,rolling300,band_ge3,300,122,0.40955749558628174,0.45291992938050796,1,0.3486223510183437,0.2992966036690284,0.8926779811826785,0.7920399254567645
1136,1,1135,expanding,band_ge4,1135,65,0.057424773434231934,0.06628066582689385,0,0.0032976046039728695,0.004393126662456374,0.059139546860197637,0.0685793846560867
1136,836,1135,rolling300,band_ge4,300,12,0.041642541614180864,0.06628066582689385,0,0.001734101272088785,0.004393126662456374,0.04253444076784371,0.0685793846560867
1136,1,1135,expanding,odd_imbalance,1135,198,0.17466325191793144,0.18680279826054075,0,0.030507251570546783,0.034895285437968285,0.19196379643662698,0.20678163828224355
1136,836,1135,rolling300,odd_imbalance,300,60,0.1991751748912838,0.18680279826054075,0,0.03967075029297349,0.034895285437968285,0.22211305107611848,0.20678163828224355
1136,1,1135,expanding,low_high_imbalance,1135,222,0.19544247269715223,0.18680279826054075,1,0.6473128147396727,0.6612896889168869,1.632489200162461,1.677701773318112
1136,836,1135,rolling300,low_high_imbalance,300,63,0.20855017489128377,0.18680279826054075,1,0.6263928256646174,0.6612896889168869,1.5675756197335227,1.677701773318112
1136,1,1135,expanding,repeated_end,1135,888,0.7825158452881269,0.790290065389328,0,0.6123310481269918,0.6245583874530684,1.525629283006661,1.5620299668475026
1136,836,1135,rolling300,repeated_end,300,232,0.774393129086833,0.790290065389328,0,0.5996847183768964,0.6245583874530684,1.4889613036466274,1.5620299668475026
1136,1,1135,expanding,end_multiplicity_ge3,1135,92,0.08120315946851295,0.08948245930662266,0,0.006593953107668744,0.00800711052356138,0.08469024686325961,0.09374211509792349
1136,836,1135,rolling300,end_multiplicity_ge3,300,26,0.08684265370666391,0.08948245930662266,0,0.007541646502815548,0.00800711052356138,0.0908470733747102,0.09374211509792349
1136,1,1135,expanding,multiple_repeat_end_groups,1135,278,0.24460754120498798,0.22608550458805707,0,0.05983284921434989,0.05111465538483637,0.28051785181554967,0.25629388253878654
1136,836,1135,rolling300,multiple_repeat_end_groups,300,81,0.26725534403675355,0.22608550458805707,0,0.0714254189162035,0.05111465538483637,0.31095799254192474,0.25629388253878654
1136,1,1135,expanding,extreme_sum,1135,141,0.12405952741567211,0.11443770825506504,1,0.7672717115112556,0.7842205725605412,2.086993768765136,2.167724636734186
1136,836,1135,rolling300,extreme_sum,300,35,0.11652735676594157,0.11443770825506504,1,0.7805239113429738,0.7842205725605412,2.149629211517509,2.167724636734186
1136,1,1135,expanding,narrow_three_span_le4,1135,279,0.2461495015229426,0.26513371294993526,0,0.060589577099993124,0.07029588574261866,0.28256120851572564,0.30806671870004826
1136,836,1135,rolling300,narrow_three_span_le4,300,70,0.23532085705937095,0.26513371294993526,0,0.0553759057671569,0.07029588574261866,0.26829895412982935,0.30806671870004826
1136,1,1135,expanding,large_gap_ge15,1135,489,0.4309400105615235,0.4367856099279809,0,0.18570929270276595,0.19078166904015828,0.5637694208200106,0.574094923910703
1136,836,1135,rolling300,large_gap_ge15,300,124,0.4147991006204988,0.4367856099279809,0,0.1720582938755747,0.19078166904015828,0.5358000729619194,0.574094923910703
1136,1,1135,expanding,previous_overlap_ge2,1134,218,0.19194641422636285,0.17530810086113546,1,0.6529505974816328,0.6801167285052672,1.6505390384789618,1.7412102767071724
1136,836,1135,rolling300,previous_overlap_ge2,300,49,0.16408175630382096,0.17530810086113546,1,0.6987593101441046,0.6801167285052672,1.8073904613270968,1.7412102767071724
1137,1,1136,expanding,consecutive_ge1,1136,589,0.5186634513184492,0.5287474862063631,0,0.2690117757335653,0.2795739041695482,0.7311885681334624,0.7523612059240392
1137,837,1136,rolling300,consecutive_ge1,300,154,0.5142967178878977,0.5287474862063631,0,0.2645011140302638,0.2795739041695482,0.7221573721648975,0.7523612059240392
1137,1,1136,expanding,consecutive_ge2,1136,144,0.12672693356570125,0.12481676009753151,0,0.01605971569096566,0.015579223601244734,0.13550698117591684,0.1333219975178157
1137,837,1136,rolling300,consecutive_ge2,300,34,0.11405104750609571,0.12481676009753151,0,0.013007641437237701,0.015579223601244734,0.12109594573227168,0.1333219975178157
1137,1,1136,expanding,band_ge3,1136,498,0.43863183268824407,0.45291992938050796,0,0.19239788464744775,0.20513646243004433,0.5773783189923173,0.6031601058843978
1137,837,1136,rolling300,band_ge3,300,123,0.41268249558628173,0.45291992938050796,0,0.17030684216332143,0.20513646243004433,0.5321897120047192,0.6031601058843978
1137,1,1136,expanding,band_ge4,1136,65,0.05737509802468675,0.06628066582689385,0,0.0032919018733424134,0.004393126662456374,0.059086846450512126,0.0685793846560867
1137,837,1136,rolling300,band_ge4,300,12,0.041642541614180864,0.06628066582689385,0,0.001734101272088785,0.004393126662456374,0.04253444076784371,0.0685793846560867
1137,1,1136,expanding,odd_imbalance,1136,198,0.17451215913945572,0.18680279826054075,0,0.03045449368751472,0.034895285437968285,0.19178074515436522,0.20678163828224355
1137,837,1136,rolling300,odd_imbalance,300,60,0.1991751748912838,0.18680279826054075,0,0.03967075029297349,0.034895285437968285,0.22211305107611848,0.20678163828224355
1137,1,1136,expanding,low_high_imbalance,1136,223,0.1961384567173104,0.18680279826054075,0,0.03847029420344824,0.034895285437968285,0.21832823448038996,0.20678163828224355
1137,837,1136,rolling300,low_high_imbalance,300,64,0.2116751748912838,0.18680279826054075,0,0.04480637966525558,0.034895285437968285,0.2378450594563876,0.20678163828224355
1137,1,1136,expanding,repeated_end,1136,888,0.7818389284669434,0.790290065389328,1,0.047594253132451456,0.043978256674412325,0.2461065334797862,0.2353552295330889
1137,837,1136,rolling300,repeated_end,300,231,0.7712681290868331,0.790290065389328,1,0.052318268771437665,0.043978256674412325,0.2597191979294578,0.2353552295330889
1137,1,1136,expanding,end_multiplicity_ge3,1136,92,0.08113291452087583,0.08948245930662266,0,0.006582549818651744,0.00800711052356138,0.08461379659759662,0.09374211509792349
1137,837,1136,rolling300,end_multiplicity_ge3,300,26,0.08684265370666391,0.08948245930662266,0,0.007541646502815548,0.00800711052356138,0.0908470733747102,0.09374211509792349
1137,1,1136,expanding,multiple_repeat_end_groups,1136,278,0.24439594298595252,0.22608550458805707,0,0.059729376947992956,0.05111465538483637,0.2802377741076202,0.25629388253878654
1137,837,1136,rolling300,multiple_repeat_end_groups,300,81,0.26725534403675355,0.22608550458805707,0,0.0714254189162035,0.05111465538483637,0.31095799254192474,0.25629388253878654
1137,1,1136,expanding,extreme_sum,1136,142,0.12481726138849593,0.11443770825506504,0,0.015579348740524116,0.01309598907067138,0.13332257030198832,0.12153247782470628
1137,837,1136,rolling300,extreme_sum,300,35,0.11652735676594157,0.11443770825506504,0,0.01357862487485703,0.01309598907067138,0.123894951783211,0.12153247782470628
1137,1,1136,expanding,narrow_three_span_le4,1136,279,0.24593656942819958,0.26513371294993526,0,0.06048479618211163,0.07029588574261866,0.28227878908573534,0.30806671870004826
1137,837,1136,rolling300,narrow_three_span_le4,300,70,0.23532085705937095,0.26513371294993526,0,0.0553759057671569,0.07029588574261866,0.26829895412982935,0.30806671870004826
1137,1,1136,expanding,large_gap_ge15,1136,489,0.4305672250852592,0.4367856099279809,1,0.3242536851471018,0.3172104491841965,0.8426518114743724,0.8283127993981904
1137,837,1136,rolling300,large_gap_ge15,300,124,0.4147991006204988,0.4367856099279809,1,0.34246009263457716,0.3172104491841965,0.8799609708535638,0.8283127993981904
1137,1,1136,expanding,previous_overlap_ge2,1135,219,0.19264602772053915,0.17530810086113546,0,0.03711249199650274,0.030732930227538046,0.21399307952112154,0.19274541798861644
1137,837,1136,rolling300,previous_overlap_ge2,300,49,0.16408175630382096,0.17530810086113546,0,0.02692282275174649,0.030732930227538046,0.17922446530143663,0.19274541798861644
1138,1,1137,expanding,consecutive_ge1,1137,589,0.5182151683008879,0.5287474862063631,1,0.2321166240553418,0.2220789317568219,0.6573647401499678,0.6372443028525948
1138,838,1137,rolling300,consecutive_ge1,300,154,0.5142967178878977,0.5287474862063631,1,0.23590767825446848,0.2220789317568219,0.6649549079290035,0.6372443028525948
1138,1,1137,expanding,consecutive_ge2,1137,144,0.12661740294032034,0.12481676009753151,0,0.01603196672735144,0.015579223601244734,0.1353815636390619,0.1333219975178157
1138,838,1137,rolling300,consecutive_ge2,300,34,0.11405104750609571,0.12481676009753151,0,0.013007641437237701,0.015579223601244734,0.12109594573227168,0.1333219975178157
1138,1,1137,expanding,band_ge3,1137,498,0.438252721337606,0.45291992938050796,1,0.3155600050846054,0.2992966036690284,0.824959545644782,0.7920399254567645
1138,838,1137,rolling300,band_ge3,300,122,0.40955749558628174,0.45291992938050796,1,0.3486223510183437,0.2992966036690284,0.8926779811826785,0.7920399254567645
1138,1,1137,expanding,band_ge4,1137,65,0.05732550848447526,0.06628066582689385,1,0.8886351969540531,0.8718317950086687,2.8590095800729687,2.7138570408059484
1138,838,1137,rolling300,band_ge4,300,12,0.041642541614180864,0.06628066582689385,1,0.918449018043727,0.8718317950086687,3.1786329992935642,2.7138570408059484
1138,1,1137,expanding,odd_imbalance,1137,198,0.17436132754123668,0.18680279826054075,0,0.03040187254194242,0.034895285437968285,0.19159804371093023,0.20678163828224355
1138,838,1137,rolling300,odd_imbalance,300,60,0.1991751748912838,0.18680279826054075,0,0.03967075029297349,0.034895285437968285,0.22211305107611848,0.20678163828224355
1138,1,1137,expanding,low_high_imbalance,1137,223,0.19596893341850546,0.18680279826054075,0,0.03840382286518663,0.034895285437968285,0.21811737052294286,0.20678163828224355
1138,838,1137,rolling300,low_high_imbalance,300,63,0.20855017489128377,0.18680279826054075,0,0.04349317544718505,0.034895285437968285,0.23388879382619754,0.20678163828224355
1138,1,1137,expanding,repeated_end,1137,889,0.7820274860050013,0.790290065389328,1,0.047512016857299916,0.043978256674412325,0.24586539071052316,0.2353552295330889
1138,838,1137,rolling300,repeated_end,300,231,0.7712681290868331,0.790290065389328,1,0.052318268771437665,0.043978256674412325,0.2597191979294578,0.2353552295330889
1138,1,1137,expanding,end_multiplicity_ge3,1137,92,0.08106279099925018,0.08948245930662266,0,0.006571176084588116,0.00800711052356138,0.0845374843135626,0.09374211509792349
1138,838,1137,rolling300,end_multiplicity_ge3,300,26,0.08684265370666391,0.08948245930662266,0,0.007541646502815548,0.00800711052356138,0.0908470733747102,0.09374211509792349
1138,1,1137,expanding,multiple_repeat_end_groups,1137,278,0.24418471053739077,0.22608550458805707,1,0.5712567517854478,0.5989436462087222,1.4098303296776415,1.4868420123767523
1138,838,1137,rolling300,multiple_repeat_end_groups,300,81,0.26725534403675355,0.22608550458805707,1,0.5369147308426964,0.5989436462087222,1.3195507328811975,1.4868420123767523
1138,1,1137,expanding,extreme_sum,1137,142,0.12470938130086542,0.11443770825506504,0,0.015552429784444642,0.01309598907067138,0.1331993121132058,0.12153247782470628
1138,838,1137,rolling300,extreme_sum,300,35,0.11652735676594157,0.11443770825506504,0,0.01357862487485703,0.01309598907067138,0.123894951783211,0.12153247782470628
1138,1,1137,expanding,narrow_three_span_le4,1137,279,0.2457240054096791,0.26513371294993526,1,0.5689322760152178,0.5400284598427482,1.4035463021124484,1.3275210030826026
1138,838,1137,rolling300,narrow_three_span_le4,300,70,0.23532085705937095,0.26513371294993526,1,0.5847341916484149,0.5400284598427482,1.4468053468908189,1.3275210030826026
1138,1,1137,expanding,large_gap_ge15,1137,490,0.43105938824421747,0.4367856099279809,0,0.185812196193479,0.19078166904015828,0.5639792233157326,0.574094923910703
1138,838,1137,rolling300,large_gap_ge15,300,124,0.4147991006204988,0.4367856099279809,0,0.1720582938755747,0.19078166904015828,0.5358000729619194,0.574094923910703
1138,1,1137,expanding,previous_overlap_ge2,1136,219,0.19247937890763211,0.17530810086113546,0,0.03704831130466781,0.030732930227538046,0.21378668725489522,0.19274541798861644
1138,838,1137,rolling300,previous_overlap_ge2,300,49,0.16408175630382096,0.17530810086113546,0,0.02692282275174649,0.030732930227538046,0.17922446530143663,0.19274541798861644
1139,1,1138,expanding,consecutive_ge1,1138,590,0.5186312173783482,0.5287474862063631,0,0.2689783396393474,0.2795739041695482,0.731121602803439,0.7523612059240392
1139,839,1138,rolling300,consecutive_ge1,300,155,0.5174217178878977,0.5287474862063631,0,0.2677252341420632,0.2795739041695482,0.72861212864364,0.7523612059240392
1139,1,1138,expanding,consecutive_ge2,1138,144,0.126508061487004,0.12481676009753151,0,0.016004289621199583,0.015579223601244734,0.13525637839967292,0.1333219975178157
1139,839,1138,rolling300,consecutive_ge2,300,34,0.11405104750609571,0.12481676009753151,0,0.013007641437237701,0.015579223601244734,0.12109594573227168,0.1333219975178157
1139,1,1138,expanding,band_ge3,1138,499,0.43873782261451655,0.45291992938050796,0,0.19249087699252698,0.20513646243004433,0.5775671432604087,0.6031601058843978
1139,839,1138,rolling300,band_ge3,300,122,0.40955749558628174,0.45291992938050796,0,0.1677373421909072,0.20513646243004433,0.526883015716554,0.6031601058843978
1139,1,1138,expanding,band_ge4,1138,66,0.05813956244951458,0.06628066582689385,0,0.0033802087218210053,0.004393126662456374,0.05989817084845524,0.0685793846560867
1139,839,1138,rolling300,band_ge4,300,13,0.04476754161418087,0.06628066582689385,0,0.0020041327821774158,0.004393126662456374,0.045800556198958585,0.0685793846560867
1139,1,1138,expanding,odd_imbalance,1138,198,0.17421075644664147,0.18680279826054075,0,0.03034938766171103,0.034895285437968285,0.19141569110134615,0.20678163828224355
1139,839,1138,rolling300,odd_imbalance,300,60,0.1991751748912838,0.18680279826054075,0,0.03967075029297349,0.034895285437968285,0.22211305107611848,0.20678163828224355
1139,1,1138,expanding,low_high_imbalance,1138,223,0.19579970290605425,0.18680279826054075,0,0.03833752365809911,0.034895285437968285,0.2179069150910962,0.20678163828224355
1139,839,1138,rolling300,low_high_imbalance,300,63,0.20855017489128377,0.18680279826054075,0,0.04349317544718505,0.034895285437968285,0.23388879382619754,0.20678163828224355
1139,1,1138,expanding,repeated_end,1138,890,0.7822157178823718,0.790290065389328,1,0.04742999353749069,0.043978256674412325,0.24562472240803507,0.2353552295330889
1139,839,1138,rolling300,repeated_end,300,232,0.774393129086833,0.790290065389328,1,0.0508984602032304,0.043978256674412325,0.25567561562262164,0.2353552295330889
1139,1,1138,expanding,end_multiplicity_ge3,1138,92,0.08099278858906084,0.08948245930662266,0,0.006559831803432304,0.00800711052356138,0.08446130963771745,0.09374211509792349
1139,839,1138,rolling300,end_multiplicity_ge3,300,26,0.08684265370666391,0.08948245930662266,0,0.007541646502815548,0.00800711052356138,0.0908470733747102,0.09374211509792349
1139,1,1138,expanding,multiple_repeat_end_groups,1138,279,0.24483740077008734,0.22608550458805707,1,0.5702705512756777,0.5989436462087222,1.4071609590902234,1.4868420123767523
1139,839,1138,rolling300,multiple_repeat_end_groups,300,82,0.27038034403675354,0.22608550458805707,1,0.532344842367926,0.5989436462087222,1.3079256296273014,1.4868420123767523
1139,1,1138,expanding,extreme_sum,1138,142,0.12460168753462979,0.11443770825506504,0,0.015525580536477516,0.01309598907067138,0.1330762819569577,0.12153247782470628
1139,839,1138,rolling300,extreme_sum,300,35,0.11652735676594157,0.11443770825506504,0,0.01357862487485703,0.01309598907067138,0.123894951783211,0.12153247782470628
1139,1,1138,expanding,narrow_three_span_le4,1138,280,0.24637536637219232,0.26513371294993526,0,0.060700821155031996,0.07029588574261866,0.28286086831923374,0.30806671870004826
1139,839,1138,rolling300,narrow_three_span_le4,300,71,0.23844585705937096,0.26513371294993526,0,0.05685642674877797,0.07029588574261866,0.2723940087927795,0.30806671870004826
1139,1,1138,expanding,large_gap_ge15,1138,490,0.4306871435220722,0.4367856099279809,1,0.32411712855105757,0.3172104491841965,0.8423733375601399,0.8283127993981904
1139,839,1138,rolling300,large_gap_ge15,300,123,0.4116741006204988,0.4367856099279809,1,0.346127363880699,0.3172104491841965,0.8875232605637697,0.8283127993981904
1139,1,1138,expanding,previous_overlap_ge2,1137,219,0.1923130181652746,0.17530810086113546,0,0.036984296955837236,0.030732930227538046,0.2135806942387104,0.19274541798861644
1139,839,1138,rolling300,previous_overlap_ge2,300,49,0.16408175630382096,0.17530810086113546,0,0.02692282275174649,0.030732930227538046,0.17922446530143663,0.19274541798861644
1140,1,1139,expanding,consecutive_ge1,1139,590,0.518183735741266,0.5287474862063631,0,0.2685143839867742,0.2795739041695482,0.7301924320885773,0.7523612059240392
1140,840,1139,rolling300,consecutive_ge1,300,154,0.5142967178878977,0.5287474862063631,0,0.2645011140302638,0.2795739041695482,0.7221573721648975,0.7523612059240392
1140,1,1139,expanding,consecutive_ge2,1139,144,0.12639890871609202,0.12481676009753151,0,0.015976684124618962,0.015579223601244734,0.13513142481197912,0.1333219975178157
1140,840,1139,rolling300,consecutive_ge2,300,33,0.11092604750609572,0.12481676009753151,0,0.012304588015324604,0.015579223601244734,0.11757486077063632,0.1333219975178157
1140,1,1139,expanding,band_ge3,1139,499,0.4383592740186455,0.45291992938050796,0,0.19215885311815392,0.20513646243004433,0.5768929111267551,0.6031601058843978
1140,840,1139,rolling300,band_ge3,300,121,0.40643249558628175,0.45291992938050796,0,0.16518737346849294,0.20513646243004433,0.5216043318657773,0.6031601058843978
1140,1,1139,expanding,band_ge4,1139,66,0.0580893988926125,0.06628066582689385,0,0.0033743782637050503,0.004393126662456374,0.05984491219240369,0.0685793846560867
1140,840,1139,rolling300,band_ge4,300,12,0.041642541614180864,0.06628066582689385,0,0.001734101272088785,0.004393126662456374,0.04253444076784371,0.0685793846560867
1140,1,1139,expanding,odd_imbalance,1139,198,0.1740604451813726,0.18680279826054075,0,0.030297038576737614,0.034895285437968285,0.19123368632449408,0.20678163828224355
1140,840,1139,rolling300,odd_imbalance,300,59,0.1960501748912838,0.18680279826054075,0,0.03843567107490296,0.034895285437968285,0.21821841833174108,0.20678163828224355
1140,1,1139,expanding,low_high_imbalance,1139,223,0.19563076442209734,0.18680279826054075,0,0.038271395988374146,0.034895285437968285,0.21769686699414204,0.20678163828224355
1140,840,1139,rolling300,low_high_imbalance,300,62,0.20542517489128378,0.18680279826054075,0,0.04219950247911453,0.034895285437968285,0.22994811857432104,0.20678163828224355
1140,1,1139,expanding,repeated_end,1139,891,0.7824036249420073,0.790290065389328,0,0.6121554323223932,0.6245583874530684,1.5251134228799503,1.5620299668475026
1140,840,1139,rolling300,repeated_end,300,232,0.774393129086833,0.790290065389328,0,0.5996847183768964,0.6245583874530684,1.4889613036466274,1.5620299668475026
1140,1,1139,expanding,end_multiplicity_ge3,1139,92,0.08092290697681834,0.08948245930662266,0,0.006548516873578794,0.00800711052356138,0.08438527219796824,0.09374211509792349
1140,840,1139,rolling300,end_multiplicity_ge3,300,26,0.08684265370666391,0.08948245930662266,0,0.007541646502815548,0.00800711052356138,0.0908470733747102,0.09374211509792349
1140,1,1139,expanding,multiple_repeat_end_groups,1139,280,0.24548896470384912,0.22608550458805707,0,0.06026483179136768,0.05111465538483637,0.28168537490882506,0.25629388253878654
1140,840,1139,rolling300,multiple_repeat_end_groups,300,82,0.27038034403675354,0.22608550458805707,0,0.07310553044143321,0.05111465538483637,0.3152318998458119,0.25629388253878654
1140,1,1139,expanding,extreme_sum,1139,142,0.12449417960750758,0.11443770825506504,0,0.015498800756146357,0.01309598907067138,0.1329534792000966,0.12153247782470628
1140,840,1139,rolling300,extreme_sum,300,34,0.11340235676594157,0.11443770825506504,0,0.012860094520069894,0.01309598907067138,0.12036401488128311,0.12153247782470628
1140,1,1139,expanding,narrow_three_span_le4,1139,280,0.24616279055996437,0.26513371294993526,0,0.06059611945626889,0.07029588574261866,0.28257883688392466,0.30806671870004826
1140,840,1139,rolling300,narrow_three_span_le4,300,70,0.23532085705937095,0.26513371294993526,0,0.0553759057671569,0.07029588574261866,0.26829895412982935,0.30806671870004826
1140,1,1139,expanding,large_gap_ge15,1139,491,0.43117835392455534,0.4367856099279809,0,0.1859147728930891,0.19078166904015828,0.5641883455290113,0.574094923910703
1140,840,1139,rolling300,large_gap_ge15,300,124,0.4147991006204988,0.4367856099279809,0,0.1720582938755747,0.19078166904015828,0.5358000729619194,0.574094923910703
1140,1,1139,expanding,previous_overlap_ge2,1138,219,0.19214694474716987,0.17530810086113546,0,0.03692044837567195,0.030732930227538046,0.21337509931085077,0.19274541798861644
1140,840,1139,rolling300,previous_overlap_ge2,300,49,0.16408175630382096,0.17530810086113546,0,0.02692282275174649,0.030732930227538046,0.17922446530143663,0.19274541798861644
1141,1,1140,expanding,consecutive_ge1,1140,590,0.5177370256242476,0.5287474862063631,1,0.2325775764537476,0.2220789317568219,0.6582878381720515,0.6372443028525948
1141,841,1140,rolling300,consecutive_ge1,300,153,0.5111717178878977,0.5287474862063631,1,0.23895308939266904,0.2220789317568219,0.6710497023947203,0.6372443028525948
1141,1,1140,expanding,consecutive_ge2,1140,144,0.12628994413961261,0.12481676009753151,0,0.015949149990786473,0.015579223601244734,0.13500670223260475,0.1333219975178157
1141,841,1140,rolling300,consecutive_ge2,300,33,0.11092604750609572,0.12481676009753151,0,0.012304588015324604,0.015579223601244734,0.11757486077063632,0.1333219975178157
1141,1,1140,expanding,band_ge3,1140,499,0.4379813780927674,0.45291992938050796,0,0.19182768755603966,0.20513646243004433,0.57622029457115,0.6031601058843978
1141,841,1140,rolling300,band_ge3,300,121,0.40643249558628175,0.45291992938050796,0,0.16518737346849294,0.20513646243004433,0.5216043318657773,0.6031601058843978
1141,1,1140,expanding,band_ge4,1140,66,0.05803932182460162,0.06628066582689385,0,0.003368562877859678,0.004393126662456374,0.05979174819062345,0.0685793846560867
1141,841,1140,rolling300,band_ge4,300,12,0.041642541614180864,0.06628066582689385,0,0.001734101272088785,0.004393126662456374,0.04253444076784371,0.0685793846560867
1141,1,1140,expanding,odd_imbalance,1140,198,0.1739103930734576,0.18680279826054075,0,0.030244824818964528,0.034895285437968285,0.1910520283830942,0.20678163828224355
1141,841,1140,rolling300,odd_imbalance,300,59,0.1960501748912838,0.18680279826054075,0,0.03843567107490296,0.034895285437968285,0.21821841833174108,0.20678163828224355
1141,1,1140,expanding,low_high_imbalance,1140,223,0.19546211721138865,0.18680279826054075,0,0.03820543926475863,0.034895285437968285,0.21748722504601312,0.20678163828224355
1141,841,1140,rolling300,low_high_imbalance,300,62,0.20542517489128378,0.18680279826054075,0,0.04219950247911453,0.034895285437968285,0.22994811857432104,0.20678163828224355
1141,1,1140,expanding,repeated_end,1140,891,0.7817291390584367,0.790290065389328,1,0.04764216873617128,0.043978256674412325,0.24624696792708328,0.2353552295330889
1141,841,1140,rolling300,repeated_end,300,232,0.774393129086833,0.790290065389328,1,0.0508984602032304,0.043978256674412325,0.25567561562262164,0.2353552295330889
1141,1,1140,expanding,end_multiplicity_ge3,1140,92,0.08085314585011417,0.08948245930662266,0,0.006537231193859835,0.00800711052356138,0.08430937162356328,0.09374211509792349
1141,841,1140,rolling300,end_multiplicity_ge3,300,26,0.08684265370666391,0.08948245930662266,0,0.007541646502815548,0.00800711052356138,0.0908470733747102,0.09374211509792349
1141,1,1140,expanding,multiple_repeat_end_groups,1140,280,0.24527733628600096,0.22608550458805707,0,0.060160971695556,0.05111465538483637,0.28140493004548284,0.25629388253878654
1141,841,1140,rolling300,multiple_repeat_end_groups,300,82,0.27038034403675354,0.22608550458805707,0,0.07310553044143321,0.05111465538483637,0.3152318998458119,0.25629388253878654
1141,1,1140,expanding,extreme_sum,1140,142,0.12438685703888043,0.11443770825506504,0,0.015472090204010878,0.01309598907067138,0.13283090321181987,0.12153247782470628
1141,841,1140,rolling300,extreme_sum,300,34,0.11340235676594157,0.11443770825506504,0,0.012860094520069894,0.01309598907067138,0.12036401488128311,0.12153247782470628
1141,1,1140,expanding,narrow_three_span_le4,1140,280,0.2459505812577575,0.26513371294993526,0,0.06049168842102878,0.07029588574261866,0.2822973710235056,0.30806671870004826
1141,841,1140,rolling300,narrow_three_span_le4,300,70,0.23532085705937095,0.26513371294993526,0,0.0553759057671569,0.07029588574261866,0.26829895412982935,0.30806671870004826
1141,1,1140,expanding,large_gap_ge15,1140,491,0.43080664844703415,0.4367856099279809,0,0.18559436834616647,0.19078166904015828,0.563535093170274,0.574094923910703
1141,841,1140,rolling300,large_gap_ge15,300,123,0.4116741006204988,0.4367856099279809,0,0.16947556512169656,0.19078166904015828,0.5304742339782583,0.574094923910703
1141,1,1140,expanding,previous_overlap_ge2,1139,219,0.19198115790959683,0.17530810086113546,0,0.036856764992309554,0.030732930227538046,0.21316990131411925,0.19274541798861644
1141,841,1140,rolling300,previous_overlap_ge2,300,49,0.16408175630382096,0.17530810086113546,0,0.02692282275174649,0.030732930227538046,0.17922446530143663,0.19274541798861644
1142,1,1141,expanding,consecutive_ge1,1141,591,0.5181524114764231,0.5287474862063631,0,0.2684819215188325,0.2795739041695482,0.7301274213179367,0.7523612059240392
1142,842,1141,rolling300,consecutive_ge1,300,154,0.5142967178878977,0.5287474862063631,0,0.2645011140302638,0.2795739041695482,0.7221573721648975,0.7523612059240392
1142,1,1141,expanding,consecutive_ge2,1141,144,0.12618116727127532,0.12481676009753151,0,0.01592168697394156,0.015579223601244734,0.13488221002055836,0.1333219975178157
1142,842,1141,rolling300,consecutive_ge2,300,33,0.11092604750609572,0.12481676009753151,0,0.012304588015324604,0.015579223601244734,0.11757486077063632,0.1333219975178157
1142,1,1141,expanding,band_ge3,1141,499,0.43760413315039637,0.45291992938050796,0,0.19149737735030983,0.20513646243004433,0.5755492876421257,0.6031601058843978
1142,842,1141,rolling300,band_ge3,300,121,0.40643249558628175,0.45291992938050796,0,0.16518737346849294,0.20513646243004433,0.5216043318657773,0.6031601058843978
1142,1,1141,expanding,band_ge4,1141,66,0.05798933102199645,0.06628066582689385,0,0.00336276251237868,0.004393126662456374,0.0597386785909266,0.0685793846560867
1142,842,1141,rolling300,band_ge4,300,12,0.041642541614180864,0.06628066582689385,0,0.001734101272088785,0.004393126662456374,0.04253444076784371,0.0685793846560867
1142,1,1141,expanding,odd_imbalance,1141,198,0.1737605994532393,0.18680279826054075,0,0.030192745922349065,0.034895285437968285,0.19087071628368646,0.20678163828224355
1142,842,1141,rolling300,odd_imbalance,300,59,0.1960501748912838,0.18680279826054075,0,0.03843567107490296,0.034895285437968285,0.21821841833174108,0.20678163828224355
1142,1,1141,expanding,low_high_imbalance,1141,223,0.19529376052128408,0.18680279826054075,0,0.03813965289854466,0.034895285437968285,0.2172779880652603,0.20678163828224355
1142,842,1141,rolling300,low_high_imbalance,300,62,0.20542517489128378,0.18680279826054075,0,0.04219950247911453,0.034895285437968285,0.22994811857432104,0.20678163828224355
1142,1,1141,expanding,repeated_end,1141,892,0.7819171415226412,0.790290065389328,1,0.047560133161655686,0.043978256674412325,0.24600650118285178,0.2353552295330889
1142,842,1141,rolling300,repeated_end,300,233,0.777518129086833,0.790290065389328,1,0.049498182885023084,0.043978256674412325,0.2516483180471054,0.2353552295330889
1142,1,1141,expanding,end_multiplicity_ge3,1141,92,0.08078350489761624,0.08948245930662266,0,0.006525974663543187,0.00800711052356138,0.08423360754508598,0.09374211509792349
1142,842,1141,rolling300,end_multiplicity_ge3,300,26,0.08684265370666391,0.08948245930662266,0,0.007541646502815548,0.00800711052356138,0.0908470733747102,0.09374211509792349
1142,1,1141,expanding,multiple_repeat_end_groups,1141,280,0.24506607243045747,0.22608550458805707,0,0.06005737985649023,0.05111465538483637,0.28112504671553545,0.25629388253878654
1142,842,1141,rolling300,multiple_repeat_end_groups,300,82,0.27038034403675354,0.22608550458805707,0,0.07310553044143321,0.05111465538483637,0.3152318998458119,0.25629388253878654
1142,1,1141,expanding,extreme_sum,1141,142,0.12427971934978578,0.11443770825506504,0,0.015445448641661518,0.01309598907067138,0.13270855336365975,0.12153247782470628
1142,842,1141,rolling300,extreme_sum,300,34,0.11340235676594157,0.11443770825506504,0,0.012860094520069894,0.01309598907067138,0.12036401488128311,0.12153247782470628
1142,1,1141,expanding,narrow_three_span_le4,1141,280,0.2457387375185174,0.26513371294993526,0,0.06038752711719479,0.07029588574261866,0.28201646902729194,0.30806671870004826
1142,842,1141,rolling300,narrow_three_span_le4,300,70,0.23532085705937095,0.26513371294993526,0,0.0553759057671569,0.07029588574261866,0.26829895412982935,0.30806671870004826
1142,1,1141,expanding,large_gap_ge15,1141,491,0.43043558328902637,0.4367856099279809,1,0.3244036247833117,0.3172104491841965,0.8429575986239106,0.8283127993981904
1142,842,1141,rolling300,large_gap_ge15,300,122,0.40854910062049876,0.4367856099279809,1,0.3498141663768209,0.3172104491841965,0.8951431745478009,0.8283127993981904
1142,1,1141,expanding,previous_overlap_ge2,1140,219,0.1918156569113989,0.17530810086113546,0,0.036793246236351496,0.030732930227538046,0.21296509909581643,0.19274541798861644
1142,842,1141,rolling300,previous_overlap_ge2,300,49,0.16408175630382096,0.17530810086113546,0,0.02692282275174649,0.030732930227538046,0.17922446530143663,0.19274541798861644
1143,1,1142,expanding,consecutive_ge1,1142,591,0.5177064971808324,0.5287474862063631,1,0.23260702286158244,0.2220789317568219,0.6583468050645023,0.6372443028525948
1143,843,1142,rolling300,consecutive_ge1,300,154,0.5142967178878977,0.5287474862063631,1,0.23590767825446848,0.2220789317568219,0.6649549079290035,0.6372443028525948
1143,1,1142,expanding,consecutive_ge2,1142,144,0.12607257762646354,0.12481676009753151,1,0.7637491395764536,0.7659457034061817,2.070897524953976,2.0809085364103663
1143,843,1142,rolling300,consecutive_ge2,300,33,0.11092604750609572,0.12481676009753151,1,0.7904524930031332,0.7659457034061817,2.198891538389242,2.0809085364103663
1143,1,1142,expanding,band_ge3,1142,499,0.43722753751085214,0.45291992938050796,0,0.1911679195578036,0.20513646243004433,0.574879884418115,0.6031601058843978
1143,843,1142,rolling300,band_ge3,300,120,0.40330749558628176,0.45291992938050796,0,0.1626569359960787,0.20513646243004433,0.5163533662663363,0.6031601058843978
1143,1,1142,expanding,band_ge4,1142,66,0.0579394262620808,0.06628066582689385,0,0.003356977115579098,0.004393126662456374,0.059685703142020166,0.0685793846560867
1143,843,1142,rolling300,band_ge4,300,12,0.041642541614180864,0.06628066582689385,0,0.001734101272088785,0.004393126662456374,0.04253444076784371,0.0685793846560867
1143,1,1142,expanding,odd_imbalance,1142,198,0.1736110636533656,0.18680279826054075,0,0.03014080142285296,0.034895285437968285,0.19068974903661282,0.20678163828224355
1143,843,1142,rolling300,odd_imbalance,300,58,0.1929251748912838,0.18680279826054075,0,0.03722012310683244,0.034895285437968285,0.21433889492527947,0.20678163828224355
1143,1,1142,expanding,low_high_imbalance,1142,223,0.1951256936017305,0.18680279826054075,0,0.03807403630355641,0.034895285437968285,0.21706915487502954,0.20678163828224355
1143,843,1142,rolling300,low_high_imbalance,300,61,0.20230017489128377,0.18680279826054075,0,0.040925360761044,0.034895285437968285,0.2260229113095098,0.20678163828224355
1143,1,1142,expanding,repeated_end,1142,893,0.7821048204025701,0.790290065389328,1,0.04747830929179622,0.043978256674412325,0.24576650598406483,0.2353552295330889
1143,843,1142,rolling300,repeated_end,300,233,0.777518129086833,0.790290065389328,1,0.049498182885023084,0.043978256674412325,0.2516483180471054,0.2353552295330889
1143,1,1142,expanding,end_multiplicity_ge3,1142,92,0.08071398380906407,0.08948245930662266,0,0.0065147471823298565,0.00800711052356138,0.08415797959444868,0.09374211509792349
1143,843,1142,rolling300,end_multiplicity_ge3,300,26,0.08684265370666391,0.08948245930662266,0,0.007541646502815548,0.00800711052356138,0.0908470733747102,0.09374211509792349
1143,1,1142,expanding,multiple_repeat_end_groups,1142,280,0.24485517219600786,0.22608550458805707,1,0.570243710959121,0.5989436462087222,1.4070883771197815,1.4868420123767523
1143,843,1142,rolling300,multiple_repeat_end_groups,300,81,0.26725534403675355,0.22608550458805707,1,0.5369147308426964,0.5989436462087222,1.3195507328811975,1.4868420123767523
1143,1,1142,expanding,extreme_sum,1142,142,0.12417276606290989,0.11443770825506504,0,0.015418875831714146,0.01309598907067138,0.13258642902947182,0.12153247782470628
1143,843,1142,rolling300,extreme_sum,300,33,0.11027735676594157,0.11443770825506504,0,0.012161095415282758,0.01309598907067138,0.11684550164045943,0.12153247782470628
1143,1,1142,expanding,narrow_three_span_le4,1142,280,0.24552725839844983,0.26513371294993526,0,0.06028363461665915,0.07029588574261866,0.2817361291915352,0.30806671870004826
1143,843,1142,rolling300,narrow_three_span_le4,300,70,0.23532085705937095,0.26513371294993526,0,0.0553759057671569,0.07029588574261866,0.26829895412982935,0.30806671870004826
1143,1,1142,expanding,large_gap_ge15,1142,492,0.4309257419953181,0.4367856099279809,0,0.18569699511421545,0.19078166904015828,0.5637443472116234,0.574094923910703
1143,843,1142,rolling300,large_gap_ge15,300,123,0.4116741006204988,0.4367856099279809,0,0.16947556512169656,0.19078166904015828,0.5304742339782583,0.574094923910703
1143,1,1142,expanding,previous_overlap_ge2,1141,219,0.19165044101397305,0.17530810086113546,0,0.036729891540850365,0.030732930227538046,0.21276069150771804,0.19274541798861644
1143,843,1142,rolling300,previous_overlap_ge2,300,49,0.16408175630382096,0.17530810086113546,0,0.02692282275174649,0.030732930227538046,0.17922446530143663,0.19274541798861644
1144,1,1143,expanding,consecutive_ge1,1143,592,0.5181211949476588,0.5287474862063631,1,0.23220718275867222,0.2220789317568219,0.6575460970082605,0.6372443028525948
1144,844,1143,rolling300,consecutive_ge1,300,154,0.5142967178878977,0.5287474862063631,1,0.23590767825446848,0.2220789317568219,0.6649549079290035,0.6372443028525948
1144,1,1143,expanding,consecutive_ge2,1143,145,0.12682401995008655,0.12481676009753151,0,0.01608433203629995,0.015579223601244734,0.13561816264402857,0.1333219975178157
1144,844,1143,rolling300,consecutive_ge2,300,34,0.11405104750609571,0.12481676009753151,0,0.013007641437237701,0.015579223601244734,0.12109594573227168,0.1333219975178157
1144,1,1143,expanding,band_ge3,1143,499,0.43685158949923486,0.45291992938050796,0,0.19083931124800801,0.20513646243004433,0.5742120790072597,0.6031601058843978
1144,844,1143,rolling300,band_ge3,300,120,0.40330749558628176,0.45291992938050796,0,0.1626569359960787,0.20513646243004433,0.5163533662663363,0.6031601058843978
1144,1,1143,expanding,band_ge4,1143,66,0.057889607322904456,0.06628066582689385,0,0.003351206636000073,0.004393126662456374,0.0596328215935026,0.0685793846560867
1144,844,1143,rolling300,band_ge4,300,12,0.041642541614180864,0.06628066582689385,0,0.001734101272088785,0.004393126662456374,0.04253444076784371,0.0685793846560867
1144,1,1143,expanding,odd_imbalance,1143,198,0.17346178500877973,0.18680279826054075,0,0.03008899085843212,0.034895285437968285,0.1905091256559987,0.20678163828224355
1144,844,1143,rolling300,odd_imbalance,300,58,0.1929251748912838,0.18680279826054075,0,0.03722012310683244,0.034895285437968285,0.21433889492527947,0.20678163828224355
1144,1,1143,expanding,low_high_imbalance,1143,223,0.19495791570525436,0.18680279826054075,0,0.03800858889613706,0.034895285437968285,0.21686072430304024,0.20678163828224355
1144,844,1143,rolling300,low_high_imbalance,300,61,0.20230017489128377,0.18680279826054075,0,0.040925360761044,0.034895285437968285,0.2260229113095098,0.20678163828224355
1144,1,1143,expanding,repeated_end,1143,894,0.7822921765329205,0.790290065389328,1,0.04739669639877306,0.043978256674412325,0.24552698093816774,0.2353552295330889
1144,844,1143,rolling300,repeated_end,300,234,0.780643129086833,0.790290065389328,1,0.04811743681681582,0.043978256674412325,0.24763717456176906,0.2353552295330889
1144,1,1143,expanding,end_multiplicity_ge3,1143,92,0.08064458227526436,0.08948245930662266,0,0.006503548650351882,0.00800711052356138,0.08408248740488695,0.09374211509792349
1144,844,1143,rolling300,end_multiplicity_ge3,300,26,0.08684265370666391,0.08948245930662266,0,0.007541646502815548,0.00800711052356138,0.0908470733747102,0.09374211509792349
1144,1,1143,expanding,multiple_repeat_end_groups,1143,281,0.2455044798725375,0.22608550458805707,0,0.060272449637485175,0.05111465538483637,0.28170593833001517,0.25629388253878654
1144,844,1143,rolling300,multiple_repeat_end_groups,300,82,0.27038034403675354,0.22608550458805707,0,0.07310553044143321,0.05111465538483637,0.3152318998458119,0.25629388253878654
1144,1,1143,expanding,extreme_sum,1143,142,0.12406599670258064,0.11443770825506504,0,0.01539237153780475,0.01309598907067138,0.13246452958542423,0.12153247782470628
1144,844,1143,rolling300,extreme_sum,300,33,0.11027735676594157,0.11443770825506504,0,0.012161095415282758,0.01309598907067138,0.11684550164045943,0.12153247782470628
1144,1,1143,expanding,narrow_three_span_le4,1143,280,0.24531614295700663,0.26513371294993526,0,0.060180009995302514,0.07029588574261866,0.28145634981938805,0.30806671870004826
1144,844,1143,rolling300,narrow_three_span_le4,300,69,0.23219585705937096,0.26513371294993526,0,0.05391491603553583,0.07029588574261866,0.2642206005708816,0.30806671870004826
1144,1,1143,expanding,large_gap_ge15,1143,492,0.43055521255250184,0.4367856099279809,0,0.18537779105613003,0.19078166904015828,0.5630934499651029,0.574094923910703
1144,844,1143,rolling300,large_gap_ge15,300,123,0.4116741006204988,0.4367856099279809,0,0.16947556512169656,0.19078166904015828,0.5304742339782583,0.574094923910703
1144,1,1143,expanding,previous_overlap_ge2,1142,219,0.1914855094812588,0.17530810086113546,0,0.03666670034129726,0.030732930227538046,0.21255667740605413,0.19274541798861644
1144,844,1143,rolling300,previous_overlap_ge2,300,49,0.16408175630382096,0.17530810086113546,0,0.02692282275174649,0.030732930227538046,0.17922446530143663,0.19274541798861644
1145,1,1144,expanding,consecutive_ge1,1144,593,0.518535180175367,0.5287474862063631,0,0.26887873307950033,0.2795739041695482,0.7309221141211669,0.7523612059240392
1145,845,1144,rolling300,consecutive_ge1,300,154,0.5142967178878977,0.5287474862063631,0,0.2645011140302638,0.2795739041695482,0.7221573721648975,0.7523612059240392
1145,1,1144,expanding,consecutive_ge2,1144,145,0.1267150646064868,0.12481676009753151,0,0.01605670759822612,0.015579223601244734,0.13549338991905355,0.1333219975178157
1145,845,1144,rolling300,consecutive_ge2,300,34,0.11405104750609571,0.12481676009753151,0,0.013007641437237701,0.015579223601244734,0.12109594573227168,0.1333219975178157
1145,1,1144,expanding,band_ge3,1144,499,0.4364762874464005,0.45291992938050796,1,0.3175589746101918,0.2992966036690284,0.8290212294704221,0.7920399254567645
1145,845,1144,rolling300,band_ge3,300,120,0.40330749558628176,0.45291992938050796,1,0.35604194482351514,0.2992966036690284,0.9080559916413032,0.7920399254567645
1145,1,1144,expanding,band_ge4,1144,66,0.05783987398327997,0.06628066582689385,0,0.0033454510224017074,0.004393126662456374,0.05958003369585978,0.0685793846560867
1145,845,1144,rolling300,band_ge4,300,12,0.041642541614180864,0.06628066582689385,0,0.001734101272088785,0.004393126662456374,0.04253444076784371,0.0685793846560867
1145,1,1144,expanding,odd_imbalance,1144,198,0.17331276285671032,0.18680279826054075,0,0.03003731376902631,0.034895285437968285,0.1903288451597354,0.20678163828224355
1145,845,1144,rolling300,odd_imbalance,300,57,0.1898001748912838,0.18680279826054075,0,0.036024106388761926,0.034895285437968285,0.2104743640754362,0.20678163828224355
1145,1,1144,expanding,low_high_imbalance,1144,223,0.19479042608695088,0.18680279826054075,0,0.03794331009513587,0.034895285437968285,0.2166526951815625,0.20678163828224355
1145,845,1144,rolling300,low_high_imbalance,300,61,0.20230017489128377,0.18680279826054075,0,0.040925360761044,0.034895285437968285,0.2260229113095098,0.20678163828224355
1145,1,1144,expanding,repeated_end,1144,895,0.7824792107455211,0.790290065389328,1,0.04731529375789144,0.043978256674412325,0.2452879246581106,0.2353552295330889
1145,845,1144,rolling300,repeated_end,300,234,0.780643129086833,0.790290065389328,1,0.04811743681681582,0.043978256674412325,0.24763717456176906,0.2353552295330889
1145,1,1144,expanding,end_multiplicity_ge3,1144,92,0.0805752999880863,0.08948245930662266,0,0.0064923789681701,0.00800711052356138,0.08400713061095325,0.09374211509792349
1145,845,1144,rolling300,end_multiplicity_ge3,300,26,0.08684265370666391,0.08948245930662266,0,0.007541646502815548,0.00800711052356138,0.0908470733747102,0.09374211509792349
1145,1,1144,expanding,multiple_repeat_end_groups,1144,281,0.2452935653709288,0.22608550458805707,0,0.06016893321238213,0.05111465538483637,0.28142643365230513,0.25629388253878654
1145,845,1144,rolling300,multiple_repeat_end_groups,300,81,0.26725534403675355,0.22608550458805707,0,0.0714254189162035,0.05111465538483637,0.31095799254192474,0.25629388253878654
1145,1,1144,expanding,extreme_sum,1144,142,0.12395941079476057,0.11443770825506504,0,0.015365935524584203,0.01309598907067138,0.13234285440998766,0.12153247782470628
1145,845,1144,rolling300,extreme_sum,300,33,0.11027735676594157,0.11443770825506504,0,0.012161095415282758,0.01309598907067138,0.11684550164045943,0.12153247782470628
1145,1,1144,expanding,narrow_three_span_le4,1144,280,0.24510539025687175,0.26513371294993526,0,0.0600766523329734,0.07029588574261866,0.2811771292208684,0.30806671870004826
1145,845,1144,rolling300,narrow_three_span_le4,300,69,0.23219585705937096,0.26513371294993526,0,0.05391491603553583,0.07029588574261866,0.2642206005708816,0.30806671870004826
1145,1,1144,expanding,large_gap_ge15,1144,492,0.4301853197582127,0.4367856099279809,1,0.32468876981905026,0.3172104491841965,0.8435391869561989,0.8283127993981904
1145,845,1144,rolling300,large_gap_ge15,300,122,0.40854910062049876,0.4367856099279809,1,0.3498141663768209,0.3172104491841965,0.8951431745478009,0.8283127993981904
1145,1,1144,expanding,previous_overlap_ge2,1143,219,0.1913208615797272,0.17530810086113546,0,0.036603672075609134,0.030732930227538046,0.21235305565148588,0.19274541798861644
1145,845,1144,rolling300,previous_overlap_ge2,300,49,0.16408175630382096,0.17530810086113546,0,0.02692282275174649,0.030732930227538046,0.17922446530143663,0.19274541798861644
1146,1,1145,expanding,consecutive_ge1,1145,593,0.5180900856001092,0.5287474862063631,0,0.2684173367971284,0.2795739041695482,0.7299980819847295,0.7523612059240392
1146,846,1145,rolling300,consecutive_ge1,300,154,0.5142967178878977,0.5287474862063631,0,0.2645011140302638,0.2795739041695482,0.7221573721648975,0.7523612059240392
1146,1,1145,expanding,consecutive_ge2,1145,145,0.12660629631068726,0.12481676009753151,0,0.016029154265509542,0.015579223601244734,0.13536884692241263,0.1333219975178157
1146,846,1145,rolling300,consecutive_ge2,300,34,0.11405104750609571,0.12481676009753151,0,0.013007641437237701,0.015579223601244734,0.12109594573227168,0.1333219975178157
1146,1,1145,expanding,band_ge3,1145,500,0.4369599987876482,0.45291992938050796,1,0.3170140429652051,0.2992966036690284,0.8279136240312566,0.7920399254567645
1146,846,1145,rolling300,band_ge3,300,121,0.40643249558628175,0.45291992938050796,1,0.3523223822959295,0.2992966036690284,0.9003374263025505,0.7920399254567645
1146,1,1145,expanding,band_ge4,1145,66,0.0577902260227793,0.06628066582689385,0,0.0033397102237639176,0.004393126662456374,0.05952733920046128,0.0685793846560867
1146,846,1145,rolling300,band_ge4,300,12,0.041642541614180864,0.06628066582689385,0,0.001734101272088785,0.004393126662456374,0.04253444076784371,0.0685793846560867
1146,1,1145,expanding,odd_imbalance,1145,198,0.17316399653666165,0.18680279826054075,0,0.029985769696548967,0.034895285437968285,0.1901489065694612,0.20678163828224355
1146,846,1145,rolling300,odd_imbalance,300,57,0.1898001748912838,0.18680279826054075,0,0.036024106388761926,0.034895285437968285,0.2104743640754362,0.20678163828224355
1146,1,1145,expanding,low_high_imbalance,1145,223,0.19462322400447282,0.18680279826054075,0,0.037878199321895206,0.034895285437968285,0.21644506634739516,0.20678163828224355
1146,846,1145,rolling300,low_high_imbalance,300,61,0.20230017489128377,0.18680279826054075,0,0.040925360761044,0.034895285437968285,0.2260229113095098,0.20678163828224355
1146,1,1145,expanding,repeated_end,1145,896,0.7826659238693446,0.790290065389328,0,0.6125659483862548,0.6245583874530684,1.5263195879503453,1.5620299668475026
1146,846,1145,rolling300,repeated_end,300,235,0.783768129086833,0.790290065389328,0,0.6142924801722746,0.6245583874530684,1.53140397061196,1.5620299668475026
1146,1,1145,expanding,end_multiplicity_ge3,1145,92,0.08050613664045704,0.08948245930662266,0,0.00648123803677194,0.00800711052356138,0.0839319088485114,0.09374211509792349
1146,846,1145,rolling300,end_multiplicity_ge3,300,26,0.08684265370666391,0.08948245930662266,0,0.007541646502815548,0.00800711052356138,0.0908470733747102,0.09374211509792349
1146,1,1145,expanding,multiple_repeat_end_groups,1145,281,0.2450830129543014,0.22608550458805707,0,0.06006568323875827,0.05111465538483637,0.28114748671100875,0.25629388253878654
1146,846,1145,rolling300,multiple_repeat_end_groups,300,81,0.26725534403675355,0.22608550458805707,0,0.0714254189162035,0.05111465538483637,0.31095799254192474,0.25629388253878654
1146,1,1145,expanding,extreme_sum,1145,142,0.12385300786703973,0.11443770825506504,0,0.015339567557713006,0.01309598907067138,0.13222140288392398,0.12153247782470628
1146,846,1145,rolling300,extreme_sum,300,33,0.11027735676594157,0.11443770825506504,0,0.012161095415282758,0.01309598907067138,0.11684550164045943,0.12153247782470628
1146,1,1145,expanding,narrow_three_span_le4,1145,280,0.24489499936394737,0.26513371294993526,0,0.05997356071346779,0.07029588574261866,0.28089846571282545,0.30806671870004826
1146,846,1145,rolling300,narrow_three_span_le4,300,69,0.23219585705937096,0.26513371294993526,0,0.05391491603553583,0.07029588574261866,0.2642206005708816,0.30806671870004826
1146,1,1145,expanding,large_gap_ge15,1145,493,0.430674431071725,0.4367856099279809,1,0.324131603435504,0.3172104491841965,0.8424028546659016,0.8283127993981904
1146,846,1145,rolling300,large_gap_ge15,300,122,0.40854910062049876,0.4367856099279809,1,0.3498141663768209,0.3172104491841965,0.8951431745478009,0.8283127993981904
1146,1,1145,expanding,previous_overlap_ge2,1144,219,0.19115649657837003,0.17530810086113546,0,0.03654080618411639,0.030732930227538046,0.212149825109086,0.19274541798861644
1146,846,1145,rolling300,previous_overlap_ge2,300,48,0.16095675630382095,0.17530810086113546,0,0.025907077399847604,0.030732930227538046,0.1754930318930178,0.19274541798861644
1147,1,1146,expanding,consecutive_ge1,1146,593,0.5176457544803835,0.5287474862063631,1,0.23266561817079845,0.2220789317568219,0.6584641423290344,0.6372443028525948
1147,847,1146,rolling300,consecutive_ge1,300,154,0.5142967178878977,0.5287474862063631,1,0.23590767825446848,0.2220789317568219,0.6649549079290035,0.6372443028525948
1147,1,1146,expanding,consecutive_ge2,1146,145,0.1264977145814328,0.12481676009753151,0,0.01600167179432564,0.015579223601244734,0.13524453301927084,0.1333219975178157
1147,847,1146,rolling300,consecutive_ge2,300,34,0.11405104750609571,0.12481676009753151,0,0.013007641437237701,0.015579223601244734,0.12109594573227168,0.1333219975178157
1147,1,1146,expanding,band_ge3,1146,501,0.4374428804353432,0.45291992938050796,1,0.31647051277288357,0.2992966036690284,0.8268091407129666,0.7920399254567645
1147,847,1146,rolling300,band_ge3,300,121,0.40643249558628175,0.45291992938050796,1,0.3523223822959295,0.2992966036690284,0.9003374263025505,0.7920399254567645
1147,1,1146,expanding,band_ge4,1146,66,0.057740663221730604,0.06628066582689385,0,0.003333984189285313,0.004393126662456374,0.059474737859555996,0.0685793846560867
1147,847,1146,rolling300,band_ge4,300,12,0.041642541614180864,0.06628066582689385,0,0.001734101272088785,0.004393126662456374,0.04253444076784371,0.0685793846560867
1147,1,1146,expanding,odd_imbalance,1146,198,0.1730154853904038,0.18680279826054075,0,0.029934358184877028,0.034895285437968285,0.1899693089105447,0.20678163828224355
1147,847,1146,rolling300,odd_imbalance,300,57,0.1898001748912838,0.18680279826054075,0,0.036024106388761926,0.034895285437968285,0.2104743640754362,0.20678163828224355
1147,1,1146,expanding,low_high_imbalance,1146,223,0.19445630871801958,0.18680279826054075,0,0.03781325600023774,0.034895285437968285,0.21623783664184337,0.20678163828224355
1147,847,1146,rolling300,low_high_imbalance,300,61,0.20230017489128377,0.18680279826054075,0,0.040925360761044,0.034895285437968285,0.2260229113095098,0.20678163828224355
1147,1,1146,expanding,repeated_end,1146,896,0.7819946837974155,0.790290065389328,1,0.047526317892588835,0.043978256674412325,0.24590733667295753,0.2353552295330889
1147,847,1146,rolling300,repeated_end,300,234,0.780643129086833,0.790290065389328,1,0.04811743681681582,0.043978256674412325,0.24763717456176906,0.2353552295330889
1147,1,1146,expanding,end_multiplicity_ge3,1146,92,0.08043709192635716,0.08948245930662266,1,0.8455959419048549,0.829042191910316,2.5202798668152613,2.41371265830984
1147,847,1146,rolling300,end_multiplicity_ge3,300,26,0.08684265370666391,0.08948245930662266,1,0.8338563390894878,0.829042191910316,2.443657375863824,2.41371265830984
1147,1,1146,expanding,multiple_repeat_end_groups,1146,281,0.24487282169104727,0.22608550458805707,0,0.05996269880293543,0.05111465538483637,0.28086909582757097,0.25629388253878654
1147,847,1146,rolling300,multiple_repeat_end_groups,300,81,0.26725534403675355,0.22608550458805707,0,0.0714254189162035,0.05111465538483637,0.31095799254192474,0.25629388253878654
1147,1,1146,expanding,extreme_sum,1146,142,0.1237467874486289,0.11443770825506504,0,0.015313267403856138,0.01309598907067138,0.1321001743902763,0.12153247782470628
1147,847,1146,rolling300,extreme_sum,300,33,0.11027735676594157,0.11443770825506504,0,0.012161095415282758,0.01309598907067138,0.11684550164045943,0.12153247782470628
1147,1,1146,expanding,narrow_three_span_le4,1146,280,0.24468496934734024,0.26513371294993526,1,0.5705007955298282,0.5400284598427482,1.4077837352368465,1.3275210030826026
1147,847,1146,rolling300,narrow_three_span_le4,300,68,0.22907085705937097,0.26513371294993526,1,0.5943317434351729,0.5400284598427482,1.4737239038149945,1.3275210030826026
1147,1,1146,expanding,large_gap_ge15,1146,494,0.4311627034292964,0.4367856099279809,0,0.18590127682845942,0.19078166904015828,0.5641608320191654,0.574094923910703
1147,847,1146,rolling300,large_gap_ge15,300,123,0.4116741006204988,0.4367856099279809,0,0.16947556512169656,0.19078166904015828,0.5304742339782583,0.574094923910703
1147,1,1146,expanding,previous_overlap_ge2,1145,219,0.19099241374868903,0.17530810086113546,0,0.036478102109550416,0.030732930227538046,0.21194698464831552,0.19274541798861644
1147,847,1146,rolling300,previous_overlap_ge2,300,48,0.16095675630382095,0.17530810086113546,0,0.025907077399847604,0.030732930227538046,0.1754930318930178,0.19274541798861644
1148,1,1147,expanding,consecutive_ge1,1147,594,0.518059082882714,0.5287474862063631,1,0.23226704759185077,0.2220789317568219,0.6576659836078188,0.6372443028525948
1148,848,1147,rolling300,consecutive_ge1,300,155,0.5174217178878977,0.5287474862063631,1,0.2328817983662678,0.2220789317568219,0.6588970350668805,0.6372443028525948
1148,1,1147,expanding,consecutive_ge2,1147,145,0.12638931893911795,0.12481676009753151,0,0.01597425994189408,0.015579223601244734,0.13512044757713448,0.1333219975178157
1148,848,1147,rolling300,consecutive_ge2,300,34,0.11405104750609571,0.12481676009753151,0,0.013007641437237701,0.015579223601244734,0.12109594573227168,0.1333219975178157
1148,1,1147,expanding,band_ge3,1147,502,0.43792493452237374,0.45291992938050796,1,0.3159283792316779,0.2992966036690284,0.8257077656623371,0.7920399254567645
1148,848,1147,rolling300,band_ge3,300,121,0.40643249558628175,0.45291992938050796,1,0.3523223822959295,0.2992966036690284,0.9003374263025505,0.7920399254567645
1148,1,1147,expanding,band_ge4,1147,66,0.05769118536121498,0.06628066582689385,0,0.0033282728683820656,0.004393126662456374,0.05942222942626879,0.0685793846560867
1148,848,1147,rolling300,band_ge4,300,12,0.041642541614180864,0.06628066582689385,0,0.001734101272088785,0.004393126662456374,0.04253444076784371,0.0685793846560867
1148,1,1147,expanding,odd_imbalance,1147,198,0.172867228761963,0.18680279826054075,0,0.02988307877984085,0.034895285437968285,0.1897900512120656,0.20678163828224355
1148,848,1147,rolling300,odd_imbalance,300,56,0.1866751748912838,0.18680279826054075,0,0.034847620920691394,0.034895285437968285,0.20662471034962146,0.20678163828224355
1148,1,1147,expanding,low_high_imbalance,1147,223,0.19428967949032633,0.18680279826054075,1,0.649169120575801,0.6612896889168869,1.6384050403742307,1.677701773318112
1148,848,1147,rolling300,low_high_imbalance,300,61,0.20230017489128377,0.18680279826054075,1,0.6363250109784764,0.6612896889168869,1.5980026702943089,1.677701773318112
1148,1,1147,expanding,repeated_end,1147,897,0.7821814921232104,0.790290065389328,1,0.04744490237367104,0.043978256674412325,0.24566847825079405,0.2353552295330889
1148,848,1147,rolling300,repeated_end,300,234,0.780643129086833,0.790290065389328,1,0.04811743681681582,0.043978256674412325,0.24763717456176906,0.2353552295330889
1148,1,1147,expanding,end_multiplicity_ge3,1147,93,0.08122506356995068,0.08948245930662266,0,0.00659751095194253,0.00800711052356138,0.08471408713084908,0.09374211509792349
1148,848,1147,rolling300,end_multiplicity_ge3,300,27,0.08996765370666392,0.08948245930662266,0,0.008094178713482197,0.00800711052356138,0.0942751347256709,0.09374211509792349
1148,1,1147,expanding,multiple_repeat_end_groups,1147,281,0.2446629906527516,0.22608550458805707,1,0.5705339976896453,0.5989436462087222,1.4078735637286357,1.4868420123767523
1148,848,1147,rolling300,multiple_repeat_end_groups,300,80,0.26413034403675356,0.22608550458805707,1,0.5415041505674667,0.5989436462087222,1.3313125702671509,1.4868420123767523
1148,1,1147,expanding,extreme_sum,1147,142,0.12364074907035244,0.11443770825506504,1,0.7680055366899731,0.7842205725605412,2.090375103257502,2.167724636734186
1148,848,1147,rolling300,extreme_sum,300,33,0.11027735676594157,0.11443770825506504,1,0.7916063818833997,0.7842205725605412,2.2047566615038714,2.167724636734186
1148,1,1147,expanding,narrow_three_span_le4,1147,281,0.24533219730848219,0.26513371294993526,1,0.5695234924192436,0.5400284598427482,1.4051420794681695,1.3275210030826026
1148,848,1147,rolling300,narrow_three_span_le4,300,68,0.22907085705937097,0.26513371294993526,1,0.5943317434351729,0.5400284598427482,1.4737239038149945,1.3275210030826026
1148,1,1147,expanding,large_gap_ge15,1147,494,0.43079324095849153,0.4367856099279809,0,0.18558281645552094,0.19078166904015828,0.5635115382032314,0.574094923910703
1148,848,1147,rolling300,large_gap_ge15,300,123,0.4116741006204988,0.4367856099279809,0,0.16947556512169656,0.19078166904015828,0.5304742339782583,0.574094923910703
1148,1,1147,expanding,previous_overlap_ge2,1146,219,0.190828612364685,0.17530810086113546,0,0.03641555929703121,0.030732930227538046,0.21174453314300382,0.19274541798861644
1148,848,1147,rolling300,previous_overlap_ge2,300,48,0.16095675630382095,0.17530810086113546,0,0.025907077399847604,0.030732930227538046,0.1754930318930178,0.19274541798861644
1149,1,1148,expanding,consecutive_ge1,1148,595,0.5184717035309309,0.5287474862063631,0,0.2688129073622655,0.2795739041695482,0.7307902821413654,0.7523612059240392
1149,849,1148,rolling300,consecutive_ge1,300,155,0.5174217178878977,0.5287474862063631,0,0.2677252341420632,0.2795739041695482,0.72861212864364,0.7523612059240392
1149,1,1148,expanding,consecutive_ge2,1148,145,0.12628110890577965,0.12481676009753151,0,0.01594691846647338,0.015579223601244734,0.1349965899658388,0.1333219975178157
1149,849,1148,rolling300,consecutive_ge2,300,33,0.11092604750609572,0.12481676009753151,0,0.012304588015324604,0.015579223601244734,0.11757486077063632,0.1333219975178157
1149,1,1148,expanding,band_ge3,1148,503,0.4384061631743238,0.45291992938050796,0,0.19219996390923183,0.20513646243004433,0.5769764006440086,0.6031601058843978
1149,849,1148,rolling300,band_ge3,300,122,0.40955749558628174,0.45291992938050796,0,0.1677373421909072,0.20513646243004433,0.526883015716554,0.6031601058843978
1149,1,1148,expanding,band_ge4,1148,66,0.05764179222306325,0.06628066582689385,0,0.003322576210686795,0.004393126662456374,0.05936981365459601,0.0685793846560867
1149,849,1148,rolling300,band_ge4,300,12,0.041642541614180864,0.06628066582689385,0,0.001734101272088785,0.004393126662456374,0.04253444076784371,0.0685793846560867
1149,1,1148,expanding,odd_imbalance,1148,198,0.172719225997612,0.18680279826054075,0,0.02983193102921417,0.034895285437968285,0.18961113250679798,0.20678163828224355
1149,849,1148,rolling300,odd_imbalance,300,56,0.1866751748912838,0.18680279826054075,0,0.034847620920691394,0.034895285437968285,0.20662471034962146,0.20678163828224355
1149,1,1148,expanding,low_high_imbalance,1148,224,0.19497949997021474,0.18680279826054075,0,0.03801700540863497,0.034895285437968285,0.21688753601231403,0.20678163828224355
1149,849,1148,rolling300,low_high_imbalance,300,62,0.20542517489128378,0.18680279826054075,0,0.04219950247911453,0.034895285437968285,0.22994811857432104,0.20678163828224355
1149,1,1148,expanding,repeated_end,1148,898,0.7823679805717351,0.790290065389328,0,0.6120996570238948,0.6245583874530684,1.5249496267177352,1.5620299668475026
1149,849,1148,rolling300,repeated_end,300,234,0.780643129086833,0.790290065389328,0,0.6094036949904817,0.6245583874530684,1.5170553278889152,1.5620299668475026
1149,1,1148,expanding,end_multiplicity_ge3,1148,93,0.08115552156346956,0.08948245930662266,0,0.006586218680238772,0.00800711052356138,0.08463840006969624,0.09374211509792349
1149,849,1148,rolling300,end_multiplicity_ge3,300,27,0.08996765370666392,0.08948245930662266,0,0.008094178713482197,0.00800711052356138,0.0942751347256709,0.09374211509792349
1149,1,1148,expanding,multiple_repeat_end_groups,1148,282,0.2453096832977407,0.22608550458805707,0,0.06017684071963784,0.05111465538483637,0.2814477904318242,0.25629388253878654
1149,849,1148,rolling300,multiple_repeat_end_groups,300,81,0.26725534403675355,0.22608550458805707,0,0.0714254189162035,0.05111465538483637,0.31095799254192474,0.25629388253878654
1149,1,1148,expanding,extreme_sum,1148,143,0.12439105664820316,0.11443770825506504,0,0.015473134974056488,0.01309598907067138,0.13283569941597417,0.12153247782470628
1149,849,1148,rolling300,extreme_sum,300,34,0.11340235676594157,0.11443770825506504,0,0.012860094520069894,0.01309598907067138,0.12036401488128311,0.12153247782470628
1149,1,1148,expanding,narrow_three_span_le4,1148,282,0.2459783170025674,0.26513371294993526,0,0.06050533243541553,0.07029588574261866,0.2823341540966392,0.30806671870004826
1149,849,1148,rolling300,narrow_three_span_le4,300,69,0.23219585705937096,0.26513371294993526,0,0.05391491603553583,0.07029588574261866,0.2642206005708816,0.30806671870004826
1149,1,1148,expanding,large_gap_ge15,1148,494,0.4304244111289038,0.4367856099279809,0,0.1852651736956636,0.19078166904015828,0.5628637764194973,0.574094923910703
1149,849,1148,rolling300,large_gap_ge15,300,122,0.40854910062049876,0.4367856099279809,0,0.1669123676178184,0.19078166904015828,0.5251766093566649,0.574094923910703
1149,1,1148,expanding,previous_overlap_ge2,1147,219,0.19066509170284723,0.17530810086113546,0,0.03635317719405515,0.030732930227538046,0.2115424694713269,0.19274541798861644
1149,849,1148,rolling300,previous_overlap_ge2,300,48,0.16095675630382095,0.17530810086113546,0,0.025907077399847604,0.030732930227538046,0.1754930318930178,0.19274541798861644
1150,1,1149,expanding,consecutive_ge1,1149,595,0.5180281862481841,0.5287474862063631,1,0.2322968292512151,0.2220789317568219,0.6577256245964875,0.6372443028525948
1150,850,1149,rolling300,consecutive_ge1,300,155,0.5174217178878977,0.5287474862063631,1,0.2328817983662678,0.2220789317568219,0.6588970350668805,0.6372443028525948
1150,1,1149,expanding,consecutive_ge2,1149,145,0.12617308400509036,0.12481676009753151,0,0.01591964712735559,0.015579223601244734,0.13487295955753859,0.1333219975178157
1150,850,1149,rolling300,consecutive_ge2,300,33,0.11092604750609572,0.12481676009753151,0,0.012304588015324604,0.015579223601244734,0.11757486077063632,0.1333219975178157
1150,1,1149,expanding,band_ge3,1149,503,0.4380311365163475,0.45291992938050796,0,0.19187127655780306,0.20513646243004433,0.5763088336772509,0.6031601058843978
1150,850,1149,rolling300,band_ge3,300,122,0.40955749558628174,0.45291992938050796,0,0.1677373421909072,0.20513646243004433,0.526883015716554,0.6031601058843978
1150,1,1149,expanding,band_ge4,1149,66,0.057592483589852764,0.06628066582689385,0,0.00331689416604746,0.004393126662456374,0.05931749029940244,0.0685793846560867
1150,850,1149,rolling300,band_ge4,300,12,0.041642541614180864,0.06628066582689385,0,0.001734101272088785,0.004393126662456374,0.04253444076784371,0.0685793846560867
1150,1,1149,expanding,odd_imbalance,1149,198,0.1725714764458604,0.18680279826054075,0,0.029780914482704153,0.034895285437968285,0.1894325518311923,0.20678163828224355
1150,850,1149,rolling300,odd_imbalance,300,55,0.1835501748912838,0.18680279826054075,0,0.03369066670262087,0.034895285437968285,0.20278981964326473,0.20678163828224355
1150,1,1149,expanding,low_high_imbalance,1149,224,0.19481270826793057,0.18680279826054075,0,0.037951991302685825,0.034895285437968285,0.21668036808810676,0.20678163828224355
1150,850,1149,rolling300,low_high_imbalance,300,62,0.20542517489128378,0.18680279826054075,0,0.04219950247911453,0.034895285437968285,0.22994811857432104,0.20678163828224355
1150,1,1149,expanding,repeated_end,1149,898,0.7816987179707326,0.790290065389328,1,0.047655449735621726,0.043978256674412325,0.246285883809989,0.2353552295330889
1150,850,1149,rolling300,repeated_end,300,233,0.777518129086833,0.790290065389328,1,0.049498182885023084,0.043978256674412325,0.2516483180471054,0.2353552295330889
1150,1,1149,expanding,end_multiplicity_ge3,1149,93,0.08108609853390286,0.08948245930662266,0,0.006574955375449804,0.00800711052356138,0.084562848212217,0.09374211509792349
1150,850,1149,rolling300,end_multiplicity_ge3,300,27,0.08996765370666392,0.08948245930662266,0,0.008094178713482197,0.00800711052356138,0.0942751347256709,0.09374211509792349
1150,1,1149,expanding,multiple_repeat_end_groups,1149,282,0.2450998375464167,0.22608550458805707,1,0.5698742552724464,0.5989436462087222,1.4060896512536072,1.4868420123767523
1150,850,1149,rolling300,multiple_repeat_end_groups,300,81,0.26725534403675355,0.22608550458805707,1,0.5369147308426964,0.5989436462087222,1.3195507328811975,1.4868420123767523
1150,1,1149,expanding,extreme_sum,1149,143,0.12428464855868375,0.11443770825506504,0,0.01544667386735553,0.01309598907067138,0.13271418212763786,0.12153247782470628
1150,850,1149,rolling300,extreme_sum,300,34,0.11340235676594157,0.11443770825506504,0,0.012860094520069894,0.01309598907067138,0.12036401488128311,0.12153247782470628
1150,1,1149,expanding,narrow_three_span_le4,1149,282,0.2457678992805806,0.26513371294993526,0,0.06040186031678961,0.07029588574261866,0.28205513245502484,0.30806671870004826
1150,850,1149,rolling300,narrow_three_span_le4,300,69,0.23219585705937096,0.26513371294993526,0,0.05391491603553583,0.07029588574261866,0.2642206005708816,0.30806671870004826
1150,1,1149,expanding,large_gap_ge15,1149,494,0.43005621231698854,0.4367856099279809,1,0.32483592111845766,0.3172104491841965,0.8438393525198915,0.8283127993981904
1150,850,1149,rolling300,large_gap_ge15,300,122,0.40854910062049876,0.4367856099279809,1,0.3498141663768209,0.3172104491841965,0.8951431745478009,0.8283127993981904
1150,1,1149,expanding,previous_overlap_ge2,1148,219,0.19050185104214273,0.17530810086113546,0,0.03629095525048274,0.030732930227538046,0.2113407925157865,0.19274541798861644
1150,850,1149,rolling300,previous_overlap_ge2,300,48,0.16095675630382095,0.17530810086113546,0,0.025907077399847604,0.030732930227538046,0.1754930318930178,0.19274541798861644
1151,1,1150,expanding,consecutive_ge1,1150,596,0.5184401279693395,0.5287474862063631,1,0.23189991035018614,0.2220789317568219,0.6569307295916035,0.6372443028525948
1151,851,1150,rolling300,consecutive_ge1,300,156,0.5205467178878977,0.5287474862063631,1,0.22987544972806712,0.2220789317568219,0.652875639166455,0.6372443028525948
1151,1,1150,expanding,consecutive_ge2,1150,145,0.12606524376235098,0.12481676009753151,0,0.01589244568486097,0.015579223601244734,0.13474955572669653,0.1333219975178157
1151,851,1150,rolling300,consecutive_ge2,300,33,0.11092604750609572,0.12481676009753151,0,0.012304588015324604,0.015579223601244734,0.11757486077063632,0.1333219975178157
1151,1,1150,expanding,band_ge3,1150,503,0.4376567509295814,0.45291992938050796,1,0.3162299297750748,0.2992966036690284,0.8263203495151855,0.7920399254567645
1151,851,1150,rolling300,band_ge3,300,122,0.40955749558628174,0.45291992938050796,1,0.3486223510183437,0.2992966036690284,0.8926779811826785,0.7920399254567645
1151,1,1150,expanding,band_ge4,1150,66,0.05754325924490417,0.06628066582689385,0,0.0033112266845262495,0.004393126662456374,0.05926525911641656,0.0685793846560867
1151,851,1150,rolling300,band_ge4,300,12,0.041642541614180864,0.06628066582689385,0,0.001734101272088785,0.004393126662456374,0.04253444076784371,0.0685793846560867
1151,1,1150,expanding,odd_imbalance,1150,198,0.17242397945744514,0.18680279826054075,1,0.6848820697770511,0.6612896889168869,1.7577988384443968,1.677701773318112
1151,851,1150,rolling300,odd_imbalance,300,54,0.1804251748912838,0.18680279826054075,1,0.6717028939519829,0.6612896889168869,1.7124391306947213,1.677701773318112
1151,1,1150,expanding,low_high_imbalance,1150,224,0.19464620167966737,0.18680279826054075,0,0.03788714382832174,0.034895285437968285,0.216473597096811,0.20678163828224355
1151,851,1150,rolling300,low_high_imbalance,300,62,0.20542517489128378,0.18680279826054075,0,0.04219950247911453,0.034895285437968285,0.22994811857432104,0.20678163828224355
1151,1,1150,expanding,repeated_end,1150,899,0.7818853002630654,0.790290065389328,1,0.04757402224133316,0.043978256674412325,0.24604722405004967,0.2353552295330889
1151,851,1150,rolling300,repeated_end,300,233,0.777518129086833,0.790290065389328,1,0.049498182885023084,0.043978256674412325,0.2516483180471054,0.2353552295330889
1151,1,1150,expanding,end_multiplicity_ge3,1150,93,0.08101679417618159,0.08948245930662266,0,0.00656372093858577,0.00800711052356138,0.08448743119623804,0.09374211509792349
1151,851,1150,rolling300,end_multiplicity_ge3,300,27,0.08996765370666392,0.08948245930662266,0,0.008094178713482197,0.00800711052356138,0.0942751347256709,0.09374211509792349
1151,1,1150,expanding,multiple_repeat_end_groups,1150,283,0.24574505136047958,0.22608550458805707,0,0.06039063026816475,0.05111465538483637,0.2820248399575022,0.25629388253878654
1151,851,1150,rolling300,multiple_repeat_end_groups,300,82,0.27038034403675354,0.22608550458805707,0,0.07310553044143321,0.05111465538483637,0.3152318998458119,0.25629388253878654
1151,1,1150,expanding,extreme_sum,1150,143,0.12417842236333444,0.11443770825506504,1,0.7670634358539778,0.7842205725605412,2.0860358575605065,2.167724636734186
1151,851,1150,rolling300,extreme_sum,300,34,0.11340235676594157,0.11443770825506504,1,0.7860553809881867,0.7842205725605412,2.176813105136,2.167724636734186
1151,1,1150,expanding,narrow_three_span_le4,1150,282,0.24555784124700744,0.26513371294993526,0,0.060298653397890506,0.07029588574261866,0.28177666540541263,0.30806671870004826
1151,851,1150,rolling300,narrow_three_span_le4,300,69,0.23219585705937096,0.26513371294993526,0,0.05391491603553583,0.07029588574261866,0.2642206005708816,0.30806671870004826
1151,1,1150,expanding,large_gap_ge15,1150,495,0.43054334375945263,0.4367856099279809,0,0.1853675708555702,0.19078166904015828,0.5630726074363389,0.574094923910703
1151,851,1150,rolling300,large_gap_ge15,300,123,0.4116741006204988,0.4367856099279809,0,0.16947556512169656,0.19078166904015828,0.5304742339782583,0.574094923910703
1151,1,1150,expanding,previous_overlap_ge2,1149,219,0.19033888966400575,0.17530810086113546,0,0.03622889291852655,0.030732930227538046,0.2111395011631886,0.19274541798861644
1151,851,1150,rolling300,previous_overlap_ge2,300,48,0.16095675630382095,0.17530810086113546,0,0.025907077399847604,0.030732930227538046,0.1754930318930178,0.19274541798861644
1152,1,1151,expanding,consecutive_ge1,1151,597,0.5188513661179567,0.5287474862063631,1,0.23150400788655656,0.2220789317568219,0.6561378219614785,0.6372443028525948
1152,852,1151,rolling300,consecutive_ge1,300,157,0.5236717178878977,0.5287474862063631,1,0.22688863233986653,0.2220789317568219,0.6468902835699226,0.6372443028525948
1152,1,1151,expanding,consecutive_ge2,1151,145,0.1259575877044839,0.12481676009753151,1,0.7639501384913651,0.7659457034061817,2.071810034214982,2.0809085364103663
1152,852,1151,rolling300,consecutive_ge2,300,33,0.11092604750609572,0.12481676009753151,1,0.7904524930031332,0.7659457034061817,2.198891538389242,2.0809085364103663
1152,1,1151,expanding,band_ge3,1151,504,0.43813697573664406,0.45291992938050796,1,0.31569005803436456,0.2992966036690284,0.8252236875031843,0.7920399254567645
1152,852,1151,rolling300,band_ge3,300,123,0.41268249558628173,0.45291992938050796,1,0.3449418509907579,0.2992966036690284,0.8850767575009166,0.7920399254567645
1152,1,1151,expanding,band_ge4,1151,66,0.057494118972278296,0.06628066582689385,1,0.8883173357718419,0.8718317950086687,2.856072615152646,2.7138570408059484
1152,852,1151,rolling300,band_ge4,300,12,0.041642541614180864,0.06628066582689385,1,0.918449018043727,0.8718317950086687,3.1786329992935642,2.7138570408059484
1152,1,1151,expanding,odd_imbalance,1151,199,0.17313070535030814,0.18680279826054075,0,0.029974241135095215,0.034895285437968285,0.1901086440312739,0.20678163828224355
1152,852,1151,rolling300,odd_imbalance,300,54,0.1804251748912838,0.18680279826054075,0,0.03255324373455034,0.034895285437968285,0.19896957915952088,0.20678163828224355
1152,1,1151,expanding,low_high_imbalance,1151,224,0.1944799794749879,0.18680279826054075,1,0.648862503466616,0.6612896889168869,1.6374260545121815,1.677701773318112
1152,852,1151,rolling300,low_high_imbalance,300,62,0.20542517489128378,0.18680279826054075,1,0.631349152696547,0.6612896889168869,1.5826734238020557,1.677701773318112
1152,1,1151,expanding,repeated_end,1151,900,0.7820715638836776,0.790290065389328,0,0.6116359310354612,0.6245583874530684,1.5235885447827497,1.5620299668475026
1152,852,1151,rolling300,repeated_end,300,233,0.777518129086833,0.790290065389328,0,0.6045344410586891,0.6245583874530684,1.5029096597373859,1.5620299668475026
1152,1,1151,expanding,end_multiplicity_ge3,1151,93,0.08094760818627877,0.08948245930662266,0,0.006552515271079307,0.00800711052356138,0.08441214866087866,0.09374211509792349
1152,852,1151,rolling300,end_multiplicity_ge3,300,27,0.08996765370666392,0.08948245930662266,0,0.008094178713482197,0.00800711052356138,0.0942751347256709,0.09374211509792349
1152,1,1151,expanding,multiple_repeat_end_groups,1151,283,0.24553519222182846,0.22608550458805707,0,0.06028753061941025,0.05111465538483637,0.281746644965872,0.25629388253878654
1152,852,1151,rolling300,multiple_repeat_end_groups,300,82,0.27038034403675354,0.22608550458805707,0,0.07310553044143321,0.05111465538483637,0.3152318998458119,0.25629388253878654
1152,1,1151,expanding,extreme_sum,1151,144,0.12492634856114543,0.11443770825506504,1,0.76575389544253,0.7842205725605412,2.0800309268439903,2.167724636734186
1152,852,1151,rolling300,extreme_sum,300,35,0.11652735676594157,0.11443770825506504,1,0.7805239113429738,0.7842205725605412,2.149629211517509,2.167724636734186
1152,1,1151,expanding,narrow_three_span_le4,1151,282,0.24534814198035756,0.26513371294993526,1,0.5694994268124985,0.5400284598427482,1.4050770894100633,1.3275210030826026
1152,852,1151,rolling300,narrow_three_span_le4,300,69,0.23219585705937096,0.26513371294993526,1,0.5895232019167939,0.5400284598427482,1.4601740519990907,1.3275210030826026
1152,1,1151,expanding,large_gap_ge15,1151,495,0.4301756722447136,0.4367856099279809,0,0.18505110899119126,0.19078166904015828,0.5624271625765227,0.574094923910703
1152,852,1151,rolling300,large_gap_ge15,300,123,0.4116741006204988,0.4367856099279809,0,0.16947556512169656,0.19078166904015828,0.5304742339782583,0.574094923910703
1152,1,1151,expanding,previous_overlap_ge2,1150,219,0.1901762068523271,0.17530810086113546,0,0.03616698965273911,0.030732930227538046,0.21093859430462414,0.19274541798861644
1152,852,1151,rolling300,previous_overlap_ge2,300,48,0.16095675630382095,0.17530810086113546,0,0.025907077399847604,0.030732930227538046,0.1754930318930178,0.19274541798861644
1153,1,1152,expanding,consecutive_ge1,1152,598,0.5192619024949892,0.5287474862063631,1,0.23110911839273732,0.2220789317568219,0.655346894013929,0.6372443028525948
1153,853,1152,rolling300,consecutive_ge1,300,158,0.5267967178878977,0.5287474862063631,1,0.22392134620166584,0.2220789317568219,0.640940539413555,0.6372443028525948
1153,1,1152,expanding,consecutive_ge2,1152,146,0.12670335768084526,0.12481676009753151,0,0.01605374084760021,0.015579223601244734,0.1354799843893136,0.1333219975178157
1153,853,1152,rolling300,consecutive_ge2,300,34,0.11405104750609571,0.12481676009753151,0,0.013007641437237701,0.015579223601244734,0.12109594573227168,0.1333219975178157
1153,1,1152,expanding,band_ge3,1152,505,0.438616381047449,0.45291992938050796,1,0.3151515676282629,0.2992966036690284,0.8241300952063909,0.7920399254567645
1153,853,1152,rolling300,band_ge3,300,124,0.4158074955862817,0.45291992938050796,1,0.34128088221317227,0.2992966036690284,0.8775328768176728,0.7920399254567645
1153,1,1152,expanding,band_ge4,1152,67,0.05829830487759205,0.06628066582689385,0,0.003398692351600673,0.004393126662456374,0.060066726401468,0.0685793846560867
1153,853,1152,rolling300,band_ge4,300,13,0.04476754161418087,0.06628066582689385,0,0.0020041327821774158,0.004393126662456374,0.045800556198958585,0.0685793846560867
1153,1,1152,expanding,odd_imbalance,1152,199,0.17298298290546998,0.18680279826054075,0,0.02992311237487412,0.034895285437968285,0.18993000727228745,0.20678163828224355
1153,853,1152,rolling300,odd_imbalance,300,54,0.1804251748912838,0.18680279826054075,0,0.03255324373455034,0.034895285437968285,0.19896957915952088,0.20678163828224355
1153,1,1152,expanding,low_high_imbalance,1152,225,0.1951672832467669,0.18680279826054075,0,0.03809026844992374,0.034895285437968285,0.21712082843356847,0.20678163828224355
1153,853,1152,rolling300,low_high_imbalance,300,63,0.20855017489128377,0.18680279826054075,0,0.04349317544718505,0.034895285437968285,0.23388879382619754,0.20678163828224355
1153,1,1152,expanding,repeated_end,1152,900,0.7814042673274629,0.790290065389328,0,0.6105926289975692,0.6245583874530684,1.5205312245988714,1.5620299668475026
1153,853,1152,rolling300,repeated_end,300,233,0.777518129086833,0.790290065389328,0,0.6045344410586891,0.6245583874530684,1.5029096597373859,1.5620299668475026
1153,1,1152,expanding,end_multiplicity_ge3,1152,93,0.08087854026120517,0.08948245930662266,0,0.006541338274783385,0.00800711052356138,0.08433700024654579,0.09374211509792349
1153,853,1152,rolling300,end_multiplicity_ge3,300,27,0.08996765370666392,0.08948245930662266,0,0.008094178713482197,0.00800711052356138,0.0942751347256709,0.09374211509792349
1153,1,1152,expanding,multiple_repeat_end_groups,1152,283,0.24532569120457434,0.22608550458805707,0,0.06018469476500216,0.05111465538483637,0.2814690018827405,0.25629388253878654
1153,853,1152,rolling300,multiple_repeat_end_groups,300,82,0.27038034403675354,0.22608550458805707,0,0.07310553044143321,0.05111465538483637,0.3152318998458119,0.25629388253878654
1153,1,1152,expanding,extreme_sum,1152,145,0.12567299843438678,0.11443770825506504,0,0.015793702535489382,0.01309598907067138,0.13430082963314083,0.12153247782470628
1153,853,1152,rolling300,extreme_sum,300,36,0.11965235676594158,0.11443770825506504,0,0.014316686479644165,0.01309598907067138,0.12743840039163556,0.12153247782470628
1153,1,1152,expanding,narrow_three_span_le4,1152,283,0.2459920428831047,0.26513371294993526,1,0.5685279993955938,0.5400284598427482,1.402456089576557,1.3275210030826026
1153,853,1152,rolling300,narrow_three_span_le4,300,70,0.23532085705937095,0.26513371294993526,1,0.5847341916484149,0.5400284598427482,1.4468053468908189,1.3275210030826026
1153,1,1152,expanding,large_gap_ge15,1152,495,0.4298086281557676,0.4367856099279809,1,0.3251182005256077,0.3172104491841965,0.8444152201595705,0.8283127993981904
1153,853,1152,rolling300,large_gap_ge15,300,123,0.4116741006204988,0.4367856099279809,1,0.346127363880699,0.3172104491841965,0.8875232605637697,0.8283127993981904
1153,1,1152,expanding,previous_overlap_ge2,1151,219,0.19001380189344383,0.17530810086113546,0,0.036105244910000917,0.030732930227538046,0.21073807083544643,0.19274541798861644
1153,853,1152,rolling300,previous_overlap_ge2,300,48,0.16095675630382095,0.17530810086113546,0,0.025907077399847604,0.030732930227538046,0.1754930318930178,0.19274541798861644
1154,1,1153,expanding,consecutive_ge1,1153,599,0.5196717388952491,0.5287474862063631,0,0.2700587162064119,0.2795739041695482,0.7332855315161587,0.7523612059240392
1154,854,1153,rolling300,consecutive_ge1,300,158,0.5267967178878977,0.5287474862063631,0,0.2775147819774613,0.2795739041695482,0.7482302109085056,0.7523612059240392
1154,1,1153,expanding,consecutive_ge2,1153,146,0.12659534117813354,0.12481676009753151,0,0.016026380408008033,0.015579223601244734,0.13535630382323297,0.1333219975178157
1154,854,1153,rolling300,consecutive_ge2,300,34,0.11405104750609571,0.12481676009753151,0,0.013007641437237701,0.015579223601244734,0.12109594573227168,0.1333219975178157
1154,1,1153,expanding,band_ge3,1153,506,0.43909496895789446,0.45291992938050796,0,0.1928043917641343,0.20513646243004433,0.5782036729197223,0.6031601058843978
1154,854,1153,rolling300,band_ge3,300,124,0.4158074955862817,0.45291992938050796,0,0.1728958733857357,0.20513646243004433,0.5375247196248132,0.6031601058843978
1154,1,1153,expanding,band_ge4,1153,67,0.05824860470293085,0.06628066582689385,0,0.003392899949838298,0.004393126662456374,0.06001395081079833,0.0685793846560867
1154,854,1153,rolling300,band_ge4,300,13,0.04476754161418087,0.06628066582689385,0,0.0020041327821774158,0.004393126662456374,0.045800556198958585,0.0685793846560867
1154,1,1153,expanding,odd_imbalance,1153,199,0.17283551233180802,0.18680279826054075,1,0.6842010896593824,0.6612896889168869,1.7554149325472668,1.677701773318112
1154,854,1153,rolling300,odd_imbalance,300,54,0.1804251748912838,0.18680279826054075,1,0.6717028939519829,0.6612896889168869,1.7124391306947213,1.677701773318112
1154,1,1153,expanding,low_high_imbalance,1153,225,0.19500090022609617,0.18680279826054075,0,0.03802535108898791,0.034895285437968285,0.21691411985748615,0.20678163828224355
1154,854,1153,rolling300,low_high_imbalance,300,63,0.20855017489128377,0.18680279826054075,0,0.04349317544718505,0.034895285437968285,0.23388879382619754,0.20678163828224355
1154,1,1153,expanding,repeated_end,1153,900,0.7807381085317873,0.790290065389328,1,0.0480757770502183,0.043978256674412325,0.24751551376198092,0.2353552295330889
1154,854,1153,rolling300,repeated_end,300,233,0.777518129086833,0.790290065389328,1,0.049498182885023084,0.043978256674412325,0.2516483180471054,0.2353552295330889
1154,1,1153,expanding,end_multiplicity_ge3,1153,93,0.08080959009900465,0.08948245930662266,0,0.006530189851969151,0.00800711052356138,0.08426198559492819,0.09374211509792349
1154,854,1153,rolling300,end_multiplicity_ge3,300,27,0.08996765370666392,0.08948245930662266,0,0.008094178713482197,0.00800711052356138,0.0942751347256709,0.09374211509792349
1154,1,1153,expanding,multiple_repeat_end_groups,1153,283,0.24511654739280572,0.22608550458805707,1,0.569849027020158,0.5989436462087222,1.4060214779044133,1.4868420123767523
1154,854,1153,rolling300,multiple_repeat_end_groups,300,82,0.27038034403675354,0.22608550458805707,1,0.532344842367926,0.5989436462087222,1.3079256296273014,1.4868420123767523
1154,1,1153,expanding,extreme_sum,1153,145,0.1255658603283046,0.11443770825506504,0,0.0157667852799873,0.01309598907067138,0.1341782993416222,0.12153247782470628
1154,854,1153,rolling300,extreme_sum,300,36,0.11965235676594158,0.11443770825506504,0,0.014316686479644165,0.01309598907067138,0.12743840039163556,0.12153247782470628
1154,1,1153,expanding,narrow_three_span_le4,1153,284,0.24663484591559992,0.26513371294993526,0,0.06082874721981171,0.07029588574261866,0.28320523634095174,0.30806671870004826
1154,854,1153,rolling300,narrow_three_span_le4,300,70,0.23532085705937095,0.26513371294993526,0,0.0553759057671569,0.07029588574261866,0.26829895412982935,0.30806671870004826
1154,1,1153,expanding,large_gap_ge15,1153,496,0.4302947248069562,0.4367856099279809,0,0.18515355019669416,0.19078166904015828,0.562636112940546,0.574094923910703
1154,854,1153,rolling300,large_gap_ge15,300,123,0.4116741006204988,0.4367856099279809,0,0.16947556512169656,0.19078166904015828,0.5304742339782583,0.574094923910703
1154,1,1153,expanding,previous_overlap_ge2,1152,219,0.1898516740761286,0.17530810086113546,0,0.03604365814950856,0.030732930227538046,0.21053792965525217,0.19274541798861644
1154,854,1153,rolling300,previous_overlap_ge2,300,48,0.16095675630382095,0.17530810086113546,0,0.025907077399847604,0.030732930227538046,0.1754930318930178,0.19274541798861644
1155,1,1154,expanding,consecutive_ge1,1154,599,0.5192290883510453,0.5287474862063631,1,0.231140669487767,0.2220789317568219,0.6554100898321769,0.6372443028525948
1155,855,1154,rolling300,consecutive_ge1,300,157,0.5236717178878977,0.5287474862063631,1,0.22688863233986653,0.2220789317568219,0.6468902835699226,0.6372443028525948
1155,1,1154,expanding,consecutive_ge2,1154,146,0.12648750868990685,0.12481676009753151,0,0.015999089854579263,0.015579223601244734,0.13523284921251436,0.1333219975178157
1155,855,1154,rolling300,consecutive_ge2,300,34,0.11405104750609571,0.12481676009753151,0,0.013007641437237701,0.015579223601244734,0.12109594573227168,0.1333219975178157
1155,1,1154,expanding,band_ge3,1154,506,0.4387209528003494,0.45291992938050796,0,0.1924760744260464,0.20513646243004433,0.5775370867888975,0.6031601058843978
1155,855,1154,rolling300,band_ge3,300,123,0.41268249558628173,0.45291992938050796,0,0.17030684216332143,0.20513646243004433,0.5321897120047192,0.6031601058843978
1155,1,1154,expanding,band_ge4,1154,67,0.05819898919636957,0.06628066582689385,0,0.0033871223434791425,0.004393126662456374,0.059961267905441394,0.0685793846560867
1155,855,1154,rolling300,band_ge4,300,13,0.04476754161418087,0.06628066582689385,0,0.0020041327821774158,0.004393126662456374,0.045800556198958585,0.0685793846560867
1155,1,1154,expanding,odd_imbalance,1154,200,0.17354008174208757,0.18680279826054075,0,0.030116159971050434,0.034895285437968285,0.1906038586527172,0.20678163828224355
1155,855,1154,rolling300,odd_imbalance,300,55,0.1835501748912838,0.18680279826054075,0,0.03369066670262087,0.034895285437968285,0.20278981964326473,0.20678163828224355
1155,1,1154,expanding,low_high_imbalance,1154,225,0.19483480065179798,0.18680279826054075,0,0.037960599545025855,0.034895285437968285,0.2167078060359985,0.20678163828224355
1155,855,1154,rolling300,low_high_imbalance,300,62,0.20542517489128378,0.18680279826054075,0,0.04219950247911453,0.034895285437968285,0.22994811857432104,0.20678163828224355
1155,1,1154,expanding,repeated_end,1154,901,0.7809248733456444,0.790290065389328,1,0.04799391111862194,0.043978256674412325,0.24727632666858765,0.2353552295330889
1155,855,1154,rolling300,repeated_end,300,234,0.780643129086833,0.790290065389328,1,0.04811743681681582,0.043978256674412325,0.24763717456176906,0.2353552295330889
1155,1,1154,expanding,end_multiplicity_ge3,1154,93,0.08074075739874996,0.08948245930662266,0,0.0065190699053237966,0.00800711052356138,0.08418710434899014,0.09374211509792349
1155,855,1154,rolling300,end_multiplicity_ge3,300,27,0.08996765370666392,0.08948245930662266,0,0.008094178713482197,0.00800711052356138,0.0942751347256709,0.09374211509792349
1155,1,1154,expanding,multiple_repeat_end_groups,1154,284,0.2457595486301202,0.22608550458805707,0,0.060397755742880414,0.05111465538483637,0.2820440607912429,0.25629388253878654
1155,855,1154,rolling300,multiple_repeat_end_groups,300,83,0.27350534403675353,0.22608550458805707,0,0.07480517321666291,0.05111465538483637,0.31952415186499783,0.25629388253878654
1155,1,1154,expanding,extreme_sum,1154,145,0.1254589047402907,0.11443770825506504,0,0.015739936778633338,0.01309598907067138,0.13405599276344882,0.12153247782470628
1155,855,1154,rolling300,extreme_sum,300,35,0.11652735676594157,0.11443770825506504,0,0.01357862487485703,0.01309598907067138,0.123894951783211,0.12153247782470628
1155,1,1154,expanding,narrow_three_span_le4,1154,284,0.2464247651269154,0.26513371294993526,0,0.060725164867855425,0.07029588574261866,0.28292641868952384,0.30806671870004826
1155,855,1154,rolling300,narrow_three_span_le4,300,70,0.23532085705937095,0.26513371294993526,0,0.0553759057671569,0.07029588574261866,0.26829895412982935,0.30806671870004826
1155,1,1154,expanding,large_gap_ge15,1154,496,0.4299282045984324,0.4367856099279809,0,0.18483826110923154,0.19078166904015828,0.5619929692405831,0.574094923910703
1155,855,1154,rolling300,large_gap_ge15,300,123,0.4116741006204988,0.4367856099279809,0,0.16947556512169656,0.19078166904015828,0.5304742339782583,0.574094923910703
1155,1,1154,expanding,previous_overlap_ge2,1153,219,0.18968982269157947,0.17530810086113546,0,0.03598222883276286,0.030732930227538046,0.21033816966786043,0.19274541798861644
1155,855,1154,rolling300,previous_overlap_ge2,300,48,0.16095675630382095,0.17530810086113546,0,0.025907077399847604,0.030732930227538046,0.1754930318930178,0.19274541798861644
1156,1,1155,expanding,consecutive_ge1,1155,600,0.5196382550843636,0.5287474862063631,1,0.23074740597839496,0.2220789317568219,0.6546223727919579,0.6372443028525948
1156,856,1155,rolling300,consecutive_ge1,300,157,0.5236717178878977,0.5287474862063631,1,0.22688863233986653,0.2220789317568219,0.6468902835699226,0.6372443028525948
1156,1,1155,expanding,consecutive_ge2,1155,146,0.12637985974634097,0.12481676009753151,0,0.015971868949504815,0.015579223601244734,0.1351096199375786,0.1333219975178157
1156,856,1155,rolling300,consecutive_ge2,300,34,0.11405104750609571,0.12481676009753151,0,0.013007641437237701,0.015579223601244734,0.12109594573227168,0.1333219975178157
1156,1,1155,expanding,band_ge3,1155,506,0.4383475732660512,0.45291992938050796,1,0.3154534484561337,0.2992966036690284,0.8247431370275381,0.7920399254567645
1156,856,1155,rolling300,band_ge3,300,122,0.40955749558628174,0.45291992938050796,1,0.3486223510183437,0.2992966036690284,0.8926779811826785,0.7920399254567645
1156,1,1155,expanding,band_ge4,1155,67,0.05814945814173437,0.06628066582689385,0,0.0033813594821773176,0.004393126662456374,0.059908677441375305,0.0685793846560867
1156,856,1155,rolling300,band_ge4,300,13,0.04476754161418087,0.06628066582689385,0,0.0020041327821774158,0.004393126662456374,0.045800556198958585,0.0685793846560867
1156,1,1155,expanding,odd_imbalance,1155,200,0.1733923880554986,0.18680279826054075,0,0.03006492023558861,0.034895285437968285,0.1904251682068842,0.20678163828224355
1156,856,1155,rolling300,odd_imbalance,300,55,0.1835501748912838,0.18680279826054075,0,0.03369066670262087,0.034895285437968285,0.20278981964326473,0.20678163828224355
1156,1,1155,expanding,low_high_imbalance,1155,225,0.1946689838001794,0.18680279826054075,1,0.6485580456534358,0.6612896889168869,1.6364546818097474,1.677701773318112
1156,856,1155,rolling300,low_high_imbalance,300,62,0.20542517489128378,0.18680279826054075,1,0.631349152696547,0.6612896889168869,1.5826734238020557,1.677701773318112
1156,1,1155,expanding,repeated_end,1155,902,0.781111320261946,0.790290065389328,1,0.04791225411746839,0.043978256674412325,0.24703760375301118,0.2353552295330889
1156,856,1155,rolling300,repeated_end,300,235,0.783768129086833,0.790290065389328,1,0.04675622199860851,0.043978256674412325,0.24364205609125875,0.2353552295330889
1156,1,1155,expanding,end_multiplicity_ge3,1155,93,0.08067204186053825,0.08948245930662266,0,0.006507978337948436,0.00800711052356138,0.08411235615296651,0.09374211509792349
1156,856,1155,rolling300,end_multiplicity_ge3,300,27,0.08996765370666392,0.08948245930662266,0,0.008094178713482197,0.00800711052356138,0.0942751347256709,0.09374211509792349
1156,1,1155,expanding,multiple_repeat_end_groups,1155,284,0.24555039156745628,0.22608550458805707,0,0.060294994798931106,0.05111465538483637,0.2817667910330909,0.25629388253878654
1156,856,1155,rolling300,multiple_repeat_end_groups,300,83,0.27350534403675353,0.22608550458805707,0,0.07480517321666291,0.05111465538483637,0.31952415186499783,0.25629388253878654
1156,1,1155,expanding,extreme_sum,1155,145,0.12535213120434152,0.11443770825506504,1,0.7650088943887874,0.7842205725605412,2.0766284524933165,2.167724636734186
1156,856,1155,rolling300,extreme_sum,300,35,0.11652735676594157,0.11443770825506504,1,0.7805239113429738,0.7842205725605412,2.149629211517509,2.167724636734186
1156,1,1155,expanding,narrow_three_span_le4,1155,284,0.24621504192255209,0.26513371294993526,1,0.5681917630238199,0.5400284598427482,1.4015499707432888,1.3275210030826026
1156,856,1155,rolling300,narrow_three_span_le4,300,69,0.23219585705937096,0.26513371294993526,1,0.5895232019167939,0.5400284598427482,1.4601740519990907,1.3275210030826026
1156,1,1155,expanding,large_gap_ge15,1155,496,0.4295623082540933,0.4367856099279809,0,0.18452377667258468,0.19078166904015828,0.5613513325667709,0.574094923910703
1156,856,1155,rolling300,large_gap_ge15,300,122,0.40854910062049876,0.4367856099279809,0,0.1669123676178184,0.19078166904015828,0.5251766093566649,0.574094923910703
1156,1,1155,expanding,previous_overlap_ge2,1154,219,0.18952824703340948,0.17530810086113546,0,0.03592095642355709,0.030732930227538046,0.2101387897812918,0.19274541798861644
1156,856,1155,rolling300,previous_overlap_ge2,300,48,0.16095675630382095,0.17530810086113546,0,0.025907077399847604,0.030732930227538046,0.1754930318930178,0.19274541798861644
1157,1,1156,expanding,consecutive_ge1,1156,601,0.5200467259558905,0.5287474862063631,1,0.23035514526566006,0.2220789317568219,0.6538366138361352,0.6372443028525948
1157,857,1156,rolling300,consecutive_ge1,300,157,0.5236717178878977,0.5287474862063631,1,0.22688863233986653,0.2220789317568219,0.6468902835699226,0.6372443028525948
1157,1,1156,expanding,consecutive_ge2,1156,146,0.12627239387920974,0.12481676009753151,0,0.015944717455986288,0.015579223601244734,0.13498661538111326,0.1333219975178157
1157,857,1156,rolling300,consecutive_ge2,300,33,0.11092604750609572,0.12481676009753151,0,0.012304588015324604,0.015579223601244734,0.11757486077063632,0.1333219975178157
1157,1,1156,expanding,band_ge3,1156,507,0.4388251688670155,0.45291992938050796,0,0.19256752883116468,0.20513646243004433,0.5777227800614272,0.6031601058843978
1157,857,1156,rolling300,band_ge3,300,122,0.40955749558628174,0.45291992938050796,0,0.1677373421909072,0.20513646243004433,0.526883015716554,0.6031601058843978
1157,1,1156,expanding,band_ge4,1156,67,0.05810001132358664,0.06628066582689385,0,0.0033756113158008956,0.004393126662456374,0.059856179175434544,0.0685793846560867
1157,857,1156,rolling300,band_ge4,300,13,0.04476754161418087,0.06628066582689385,0,0.0020041327821774158,0.004393126662456374,0.045800556198958585,0.0685793846560867
1157,1,1156,expanding,odd_imbalance,1156,200,0.17324494554864867,0.18680279826054075,0,0.03001381115815424,0.034895285437968285,0.19024681349955047,0.20678163828224355
1157,857,1156,rolling300,odd_imbalance,300,55,0.1835501748912838,0.18680279826054075,0,0.03369066670262087,0.034895285437968285,0.20278981964326473,0.20678163828224355
1157,1,1156,expanding,low_high_imbalance,1156,226,0.19535378908606363,0.18680279826054075,0,0.038163102910282236,0.034895285437968285,0.21735258771531543,0.20678163828224355
1157,857,1156,rolling300,low_high_imbalance,300,62,0.20542517489128378,0.18680279826054075,0,0.04219950247911453,0.034895285437968285,0.22994811857432104,0.20678163828224355
1157,1,1156,expanding,repeated_end,1156,903,0.7812974500916552,0.790290065389328,1,0.047830805336412055,0.043978256674412325,0.24679934365857045,0.2353552295330889
1157,857,1156,rolling300,repeated_end,300,235,0.783768129086833,0.790290065389328,1,0.04675622199860851,0.043978256674412325,0.24364205609125875,0.2353552295330889
1157,1,1156,expanding,end_multiplicity_ge3,1156,93,0.08060344318548678,0.08948245930662266,0,0.006496915053355995,0.00800711052356138,0.08403774065235681,0.09374211509792349
1157,857,1156,rolling300,end_multiplicity_ge3,300,27,0.08996765370666392,0.08948245930662266,0,0.008094178713482197,0.00800711052356138,0.0942751347256709,0.09374211509792349
1157,1,1156,expanding,multiple_repeat_end_groups,1156,284,0.24534159021408258,0.22608550458805707,0,0.06019249588877482,0.05111465538483637,0.28149006948342653,0.25629388253878654
1157,857,1156,rolling300,multiple_repeat_end_groups,300,82,0.27038034403675354,0.22608550458805707,0,0.07310553044143321,0.05111465538483637,0.3152318998458119,0.25629388253878654
1157,1,1156,expanding,extreme_sum,1156,146,0.12609587939209294,0.11443770825506504,0,0.01590017079966525,0.01309598907067138,0.13478461116590323,0.12153247782470628
1157,857,1156,rolling300,extreme_sum,300,35,0.11652735676594157,0.11443770825506504,0,0.01357862487485703,0.01309598907067138,0.123894951783211,0.12153247782470628
1157,1,1156,expanding,narrow_three_span_le4,1156,285,0.24685601552635944,0.26513371294993526,0,0.06093789240155021,0.07029588574261866,0.28349885502096883,0.30806671870004826
1157,857,1156,rolling300,narrow_three_span_le4,300,69,0.23219585705937096,0.26513371294993526,0,0.05391491603553583,0.07029588574261866,0.2642206005708816,0.30806671870004826
1157,1,1156,expanding,large_gap_ge15,1156,496,0.42919703418244864,0.4367856099279809,0,0.18421009415101,0.19078166904015828,0.5607111974967537,0.574094923910703
1157,857,1156,rolling300,large_gap_ge15,300,121,0.4054241006204988,0.4367856099279809,0,0.1643687013639403,0.19078166904015828,0.5199069017328742,0.574094923910703
1157,1,1156,expanding,previous_overlap_ge2,1155,219,0.18936694639763635,0.17530810086113546,0,0.035859840387965275,0.030732930227538046,0.2099397889077496,0.19274541798861644
1157,857,1156,rolling300,previous_overlap_ge2,300,47,0.15783175630382096,0.17530810086113546,0,0.024910863297948727,0.030732930227538046,0.17177547033403354,0.19274541798861644
1158,1,1157,expanding,consecutive_ge1,1157,602,0.5204545027392755,0.5287474862063631,1,0.22996388394303552,0.2220789317568219,0.6530528054310784,0.6372443028525948
1158,858,1157,rolling300,consecutive_ge1,300,158,0.5267967178878977,0.5287474862063631,1,0.22392134620166584,0.2220789317568219,0.640940539413555,0.6372443028525948
1158,1,1157,expanding,consecutive_ge2,1157,146,0.1261651106218782,0.12481676009753151,0,0.015917635138230767,0.015579223601244734,0.13486383492806203,0.1333219975178157
1158,858,1157,rolling300,consecutive_ge2,300,33,0.11092604750609572,0.12481676009753151,0,0.012304588015324604,0.015579223601244734,0.11757486077063632,0.1333219975178157
1158,1,1157,expanding,band_ge3,1157,507,0.43845233524860683,0.45291992938050796,1,0.3153357797877431,0.2992966036690284,0.8245041726252,0.7920399254567645
1158,858,1157,rolling300,band_ge3,300,122,0.40955749558628174,0.45291992938050796,1,0.3486223510183437,0.2992966036690284,0.8926779811826785,0.7920399254567645
1158,1,1157,expanding,band_ge4,1157,67,0.05805064852721995,0.06628066582689385,0,0.003369877794430824,0.004393126662456374,0.059803772865305645,0.0685793846560867
1158,858,1157,rolling300,band_ge4,300,13,0.04476754161418087,0.06628066582689385,0,0.0020041327821774158,0.004393126662456374,0.045800556198958585,0.0685793846560867
1158,1,1157,expanding,odd_imbalance,1157,200,0.1730977535813176,0.18680279826054075,0,0.02996283229489855,0.034895285437968285,0.19006879358255518,0.20678163828224355
1158,858,1157,rolling300,odd_imbalance,300,54,0.1804251748912838,0.18680279826054075,0,0.03255324373455034,0.034895285437968285,0.19896957915952088,0.20678163828224355
1158,1,1157,expanding,low_high_imbalance,1157,226,0.19518781305455465,0.18680279826054075,1,0.6477226562559104,0.6612896889168869,1.633793040074332,1.677701773318112
1158,858,1157,rolling300,low_high_imbalance,300,62,0.20542517489128378,0.18680279826054075,1,0.631349152696547,0.6612896889168869,1.5826734238020557,1.677701773318112
1158,1,1157,expanding,repeated_end,1157,904,0.7814832636429792,0.790290065389328,1,0.04774956406812376,0.043978256674412325,0.2465615450338926,0.2353552295330889
1158,858,1157,rolling300,repeated_end,300,235,0.783768129086833,0.790290065389328,1,0.04675622199860851,0.043978256674412325,0.24364205609125875,0.2353552295330889
1158,1,1157,expanding,end_multiplicity_ge3,1157,93,0.08053496107572851,0.08948245930662266,0,0.006485879955469106,0.00800711052356138,0.0839632574939195,0.09374211509792349
1158,858,1157,rolling300,end_multiplicity_ge3,300,27,0.08996765370666392,0.08948245930662266,0,0.008094178713482197,0.00800711052356138,0.0942751347256709,0.09374211509792349
1158,1,1157,expanding,multiple_repeat_end_groups,1157,284,0.24513314366334846,0.22608550458805707,0,0.060090258122275836,0.05111465538483637,0.28121389450744305,0.25629388253878654
1158,858,1157,rolling300,multiple_repeat_end_groups,300,81,0.26725534403675355,0.22608550458805707,0,0.0714254189162035,0.05111465538483637,0.31095799254192474,0.25629388253878654
1158,1,1157,expanding,extreme_sum,1157,146,0.12598874610458904,0.11443770825506504,0,0.015873164145006603,0.01309598907067138,0.13466202709896166,0.12153247782470628
1158,858,1157,rolling300,extreme_sum,300,35,0.11652735676594157,0.11443770825506504,0,0.01357862487485703,0.01309598907067138,0.123894951783211,0.12153247782470628
1158,1,1157,expanding,narrow_three_span_le4,1157,285,0.246646282293117,0.26513371294993526,0,0.06083438856901596,0.07029588574261866,0.2832204168470587,0.30806671870004826
1158,858,1157,rolling300,narrow_three_span_le4,300,69,0.23219585705937096,0.26513371294993526,0,0.05391491603553583,0.07029588574261866,0.2642206005708816,0.30806671870004826
1158,1,1157,expanding,large_gap_ge15,1157,496,0.4288323807974168,0.4367856099279809,0,0.1838972108203807,0.19078166904015828,0.5600725586347564,0.574094923910703
1158,858,1157,rolling300,large_gap_ge15,300,121,0.4054241006204988,0.4367856099279809,0,0.1643687013639403,0.19078166904015828,0.5199069017328742,0.574094923910703
1158,1,1157,expanding,previous_overlap_ge2,1156,219,0.18920592008267237,0.17530810086113546,0,0.035798880194330605,0.030732930227538046,0.20974116596359807,0.19274541798861644
1158,858,1157,rolling300,previous_overlap_ge2,300,47,0.15783175630382096,0.17530810086113546,0,0.024910863297948727,0.030732930227538046,0.17177547033403354,0.19274541798861644
1159,1,1158,expanding,consecutive_ge1,1158,603,0.5208615872021454,0.5287474862063631,1,0.22957361861844736,0.2220789317568219,0.6522709400829095,0.6372443028525948
1159,859,1158,rolling300,consecutive_ge1,300,158,0.5267967178878977,0.5287474862063631,1,0.22392134620166584,0.2220789317568219,0.640940539413555,0.6372443028525948
1159,1,1158,expanding,consecutive_ge2,1158,146,0.12605800950929597,0.12481676009753151,1,0.7637746027428537,0.7659457034061817,2.0710130850480466,2.0809085364103663
1159,859,1158,rolling300,consecutive_ge2,300,33,0.11092604750609572,0.12481676009753151,1,0.7904524930031332,0.7659457034061817,2.198891538389242,2.0809085364103663
1159,1,1158,expanding,band_ge3,1158,508,0.43892903105909187,0.45291992938050796,0,0.19265869430647323,0.20513646243004433,0.5779078771094465,0.6031601058843978
1159,859,1158,rolling300,band_ge3,300,122,0.40955749558628174,0.45291992938050796,0,0.1677373421909072,0.20513646243004433,0.526883015716554,0.6031601058843978
1159,1,1158,expanding,band_ge4,1158,67,0.05800136953865695,0.06628066582689385,0,0.0033641588683598423,0.004393126662456374,0.059751458269524035,0.0685793846560867
1159,859,1158,rolling300,band_ge4,300,13,0.04476754161418087,0.06628066582689385,0,0.0020041327821774158,0.004393126662456374,0.045800556198958585,0.0685793846560867
1159,1,1158,expanding,odd_imbalance,1158,200,0.1729508115154591,0.18680279826054075,0,0.029911983203855862,0.034895285437968285,0.18989110751131485,0.20678163828224355
1159,859,1158,rolling300,odd_imbalance,300,54,0.1804251748912838,0.18680279826054075,0,0.03255324373455034,0.034895285437968285,0.19896957915952088,0.20678163828224355
1159,1,1158,expanding,low_high_imbalance,1158,227,0.1958710152506034,0.18680279826054075,0,0.038365454615302115,0.034895285437968285,0.2179955938777114,0.20678163828224355
1159,859,1158,rolling300,low_high_imbalance,300,63,0.20855017489128377,0.18680279826054075,0,0.04349317544718505,0.034895285437968285,0.23388879382619754,0.20678163828224355
1159,1,1158,expanding,repeated_end,1158,905,0.7816687617213808,0.790290065389328,1,0.0476685296082752,0.043978256674412325,0.24632420653288642,0.2353552295330889
1159,859,1158,rolling300,repeated_end,300,235,0.783768129086833,0.790290065389328,1,0.04675622199860851,0.043978256674412325,0.24364205609125875,0.2353552295330889
1159,1,1158,expanding,end_multiplicity_ge3,1158,93,0.08046659523440786,0.08948245930662266,0,0.006474872948618029,0.00800711052356138,0.08388890632566624,0.09374211509792349
1159,859,1158,rolling300,end_multiplicity_ge3,300,27,0.08996765370666392,0.08948245930662266,0,0.008094178713482197,0.00800711052356138,0.0942751347256709,0.09374211509792349
1159,1,1158,expanding,multiple_repeat_end_groups,1158,284,0.24492505101168177,0.22608550458805707,1,0.5701381785897113,0.5989436462087222,1.4068030294767493,1.4868420123767523
1159,859,1158,rolling300,multiple_repeat_end_groups,300,80,0.26413034403675356,0.22608550458805707,1,0.5415041505674667,0.5989436462087222,1.3313125702671509,1.4868420123767523
1159,1,1158,expanding,extreme_sum,1158,146,0.12588179470721672,0.11443770825506504,0,0.015846226238709855,0.01309598907067138,0.13453966614114635,0.12153247782470628
1159,859,1158,rolling300,extreme_sum,300,35,0.11652735676594157,0.11443770825506504,0,0.01357862487485703,0.01309598907067138,0.123894951783211,0.12153247782470628
1159,1,1158,expanding,narrow_three_span_le4,1158,285,0.2464369051434624,0.26513371294993526,0,0.06073114821668788,0.07029588574261866,0.282942528712483,0.30806671870004826
1159,859,1158,rolling300,narrow_three_span_le4,300,69,0.23219585705937096,0.26513371294993526,0,0.05391491603553583,0.07029588574261866,0.2642206005708816,0.30806671870004826
1159,1,1158,expanding,large_gap_ge15,1158,496,0.4284683465183019,0.4367856099279809,1,0.32664843093152385,0.3172104491841965,0.8475384141085591,0.8283127993981904
1159,859,1158,rolling300,large_gap_ge15,300,120,0.4022991006204988,0.4367856099279809,1,0.35724636511906466,0.3172104491841965,0.9105594356229805,0.8283127993981904
1159,1,1158,expanding,previous_overlap_ge2,1157,219,0.18904516738931412,0.17530810086113546,1,0.6576477405346256,0.6801167285052672,1.6657693115780383,1.7412102767071724
1159,859,1158,rolling300,previous_overlap_ge2,300,47,0.15783175630382096,0.17530810086113546,1,0.7092473506903069,0.6801167285052672,1.8462256468132863,1.7412102767071724
1160,1,1159,expanding,consecutive_ge1,1159,604,0.5212679811061299,0.5287474862063631,0,0.27172030812646064,0.2795739041695482,0.7366142976388418,0.7523612059240392
1160,860,1159,rolling300,consecutive_ge1,300,158,0.5267967178878977,0.5287474862063631,0,0.2775147819774613,0.2795739041695482,0.7482302109085056,0.7523612059240392
1160,1,1159,expanding,consecutive_ge2,1159,147,0.12679926649868586,0.12481676009753151,0,0.01607805398460476,0.015579223601244734,0.13558981429145356,0.1333219975178157
1160,860,1159,rolling300,consecutive_ge2,300,34,0.11405104750609571,0.12481676009753151,0,0.013007641437237701,0.015579223601244734,0.12109594573227168,0.1333219975178157
1160,1,1159,expanding,band_ge3,1159,508,0.4385567418045888,0.45291992938050796,0,0.19233201578225678,0.20513646243004433,0.5772445638807083,0.6031601058843978
1160,860,1159,rolling300,band_ge3,300,121,0.40643249558628175,0.45291992938050796,0,0.16518737346849294,0.20513646243004433,0.5216043318657773,0.6031601058843978
1160,1,1159,expanding,band_ge4,1159,67,0.057952174144646214,0.06628066582689385,0,0.003358454488091401,0.004393126662456374,0.05969923514746995,0.0685793846560867
1160,860,1159,rolling300,band_ge4,300,13,0.04476754161418087,0.06628066582689385,0,0.0020041327821774158,0.004393126662456374,0.045800556198958585,0.0685793846560867
1160,1,1159,expanding,odd_imbalance,1159,200,0.17280411871519155,0.18680279826054075,0,0.029861263444934016,0.034895285437968285,0.18971375434480664,0.20678163828224355
1160,860,1159,rolling300,odd_imbalance,300,54,0.1804251748912838,0.18680279826054075,0,0.03255324373455034,0.034895285437968285,0.19896957915952088,0.20678163828224355
1160,1,1159,expanding,low_high_imbalance,1159,227,0.19570488207397016,0.18680279826054075,0,0.03830040086758656,0.034895285437968285,0.21778901505692944,0.20678163828224355
1160,860,1159,rolling300,low_high_imbalance,300,63,0.20855017489128377,0.18680279826054075,0,0.04349317544718505,0.034895285437968285,0.23388879382619754,0.20678163828224355
1160,1,1159,expanding,repeated_end,1159,906,0.78185394512959,0.790290065389328,0,0.6112955915147038,0.6245583874530684,1.5225904640573187,1.5620299668475026
1160,860,1159,rolling300,repeated_end,300,235,0.783768129086833,0.790290065389328,0,0.6142924801722746,0.6245583874530684,1.53140397061196,1.5620299668475026
1160,1,1159,expanding,end_multiplicity_ge3,1159,93,0.08039834536567637,0.08948245930662266,0,0.0064638939375385755,0.00800711052356138,0.0838146867968567,0.09374211509792349
1160,860,1159,rolling300,end_multiplicity_ge3,300,27,0.08996765370666392,0.08948245930662266,0,0.008094178713482197,0.00800711052356138,0.0942751347256709,0.09374211509792349
1160,1,1159,expanding,multiple_repeat_end_groups,1159,285,0.2455654877792715,0.22608550458805707,0,0.06030240878827155,0.05111465538483637,0.2817868008027068,0.25629388253878654
1160,860,1159,rolling300,multiple_repeat_end_groups,300,81,0.26725534403675355,0.22608550458805707,0,0.0714254189162035,0.05111465538483637,0.31095799254192474,0.25629388253878654
1160,1,1159,expanding,extreme_sum,1159,146,0.12577502473715121,0.11443770825506504,0,0.015819356847631,0.01309598907067138,0.1344175276829927,0.12153247782470628
1160,860,1159,rolling300,extreme_sum,300,35,0.11652735676594157,0.11443770825506504,0,0.01357862487485703,0.01309598907067138,0.123894951783211,0.12153247782470628
1160,1,1159,expanding,narrow_three_span_le4,1159,285,0.24622788317133054,0.26513371294993526,0,0.0606281704510344,0.07029588574261866,0.2826651889782934,0.30806671870004826
1160,860,1159,rolling300,narrow_three_span_le4,300,68,0.22907085705937097,0.26513371294993526,0,0.05247345755391477,0.07029588574261866,0.2601588124428692,0.30806671870004826
1160,1,1159,expanding,large_gap_ge15,1159,497,0.42895310619046617,0.4367856099279809,1,0.32609455492951706,0.3172104491841965,0.8464076756081805,0.8283127993981904
1160,860,1159,rolling300,large_gap_ge15,300,121,0.4054241006204988,0.4367856099279809,1,0.3535205001229427,0.3172104491841965,0.902821597741375,0.8283127993981904
1160,1,1159,expanding,previous_overlap_ge2,1158,220,0.18973358405536733,0.17530810086113546,0,0.03599883291849514,0.030732930227538046,0.21039217682059932,0.19274541798861644
1160,860,1159,rolling300,previous_overlap_ge2,300,47,0.15783175630382096,0.17530810086113546,0,0.024910863297948727,0.030732930227538046,0.17177547033403354,0.19274541798861644
1161,1,1160,expanding,consecutive_ge1,1160,604,0.5208262285797688,0.5287474862063631,0,0.2712599603766256,0.2795739041695482,0.7356919677768778,0.7523612059240392
1161,861,1160,rolling300,consecutive_ge1,300,158,0.5267967178878977,0.5287474862063631,0,0.2775147819774613,0.2795739041695482,0.7482302109085056,0.7523612059240392
1161,1,1160,expanding,consecutive_ge2,1160,147,0.12669180949317851,0.12481676009753151,0,0.016050814592655838,0.015579223601244734,0.1354667608055356,0.1333219975178157
1161,861,1160,rolling300,consecutive_ge2,300,34,0.11405104750609571,0.12481676009753151,0,0.013007641437237701,0.015579223601244734,0.12109594573227168,0.1333219975178157
1161,1,1160,expanding,band_ge3,1160,508,0.43818508354882224,0.45291992938050796,0,0.19200616744468832,0.20513646243004433,0.5765828134875783,0.6031601058843978
1161,861,1160,rolling300,band_ge3,300,121,0.40643249558628175,0.45291992938050796,0,0.16518737346849294,0.20513646243004433,0.5216043318657773,0.6031601058843978
1161,1,1160,expanding,band_ge4,1160,67,0.05790306213265922,0.06628066582689385,0,0.003352764604338594,0.004393126662456374,0.05964710325936484,0.0685793846560867
1161,861,1160,rolling300,band_ge4,300,13,0.04476754161418087,0.06628066582689385,0,0.0020041327821774158,0.004393126662456374,0.045800556198958585,0.0685793846560867
1161,1,1160,expanding,odd_imbalance,1160,200,0.17265767454678885,0.18680279826054075,1,0.6844953234863272,0.6612896889168869,1.7564444046612158,1.677701773318112
1161,861,1160,rolling300,odd_imbalance,300,54,0.1804251748912838,0.18680279826054075,1,0.6717028939519829,0.6612896889168869,1.7124391306947213,1.677701773318112
1161,1,1160,expanding,low_high_imbalance,1160,227,0.1955390304789922,0.18680279826054075,0,0.03823551244066425,0.034895285437968285,0.21758282892733571,0.20678163828224355
1161,861,1160,rolling300,low_high_imbalance,300,63,0.20855017489128377,0.18680279826054075,0,0.04349317544718505,0.034895285437968285,0.23388879382619754,0.20678163828224355
1161,1,1160,expanding,repeated_end,1160,906,0.781191357040497,0.790290065389328,1,0.04787722223377925,0.043978256674412325,0.2469351437370567,0.2353552295330889
1161,861,1160,rolling300,repeated_end,300,234,0.780643129086833,0.790290065389328,1,0.04811743681681582,0.043978256674412325,0.24763717456176906,0.2353552295330889
1161,1,1160,expanding,end_multiplicity_ge3,1160,93,0.08033021117468851,0.08948245930662266,1,0.845792520477993,0.829042191910316,2.5216094999602285,2.41371265830984
1161,861,1160,rolling300,end_multiplicity_ge3,300,27,0.08996765370666392,0.08948245930662266,1,0.8281588713001543,0.829042191910316,2.408305076511992,2.41371265830984
1161,1,1160,expanding,multiple_repeat_end_groups,1160,285,0.24535738143369587,0.22608550458805707,1,0.5694854817566083,0.5989436462087222,1.4050394315770105,1.4868420123767523
1161,861,1160,rolling300,multiple_repeat_end_groups,300,81,0.26725534403675355,0.22608550458805707,1,0.5369147308426964,0.5989436462087222,1.3195507328811975,1.4868420123767523
1161,1,1160,expanding,extreme_sum,1160,146,0.12566843573313669,0.11443770825506504,0,0.015792555739613506,0.01309598907067138,0.13429561111725763,0.12153247782470628
1161,861,1160,rolling300,extreme_sum,300,35,0.11652735676594157,0.11443770825506504,0,0.01357862487485703,0.01309598907067138,0.123894951783211,0.12153247782470628
1161,1,1160,expanding,narrow_three_span_le4,1160,285,0.2460192154737277,0.26513371294993526,0,0.06052545438230846,0.07029588574261866,0.28238839601208854,0.30806671870004826
1161,861,1160,rolling300,narrow_three_span_le4,300,68,0.22907085705937097,0.26513371294993526,0,0.05247345755391477,0.07029588574261866,0.2601588124428692,0.30806671870004826
1161,1,1160,expanding,large_gap_ge15,1160,498,0.4294370442360675,0.4367856099279809,0,0.1844161749622102,0.19078166904015828,0.5611317638595972,0.574094923910703
1161,861,1160,rolling300,large_gap_ge15,300,122,0.40854910062049876,0.4367856099279809,0,0.1669123676178184,0.19078166904015828,0.5251766093566649,0.574094923910703
1161,1,1160,expanding,previous_overlap_ge2,1159,220,0.18957265650315752,0.17530810086113546,0,0.03593779209366415,0.030732930227538046,0.21019358587545467,0.19274541798861644
1161,861,1160,rolling300,previous_overlap_ge2,300,47,0.15783175630382096,0.17530810086113546,0,0.024910863297948727,0.030732930227538046,0.17177547033403354,0.19274541798861644
1162,1,1161,expanding,consecutive_ge1,1161,604,0.520385224152521,0.5287474862063631,1,0.23003033321122754,0.2220789317568219,0.6531859259972268,0.6372443028525948
1162,862,1161,rolling300,consecutive_ge1,300,157,0.5236717178878977,0.5287474862063631,1,0.22688863233986653,0.2220789317568219,0.6468902835699226,0.6372443028525948
1162,1,1161,expanding,consecutive_ge2,1161,147,0.12658453446397175,0.12481676009753151,1,0.7628545754375169,0.7659457034061817,2.0668449373664135,2.0809085364103663
1162,862,1161,rolling300,consecutive_ge2,300,34,0.11405104750609571,0.12481676009753151,1,0.7849055464250463,0.7659457034061817,2.1711091456722986,2.0809085364103663
1162,1,1161,expanding,band_ge3,1161,508,0.4378140546889164,0.45291992938050796,1,0.3160530371053166,0.2992966036690284,0.8259609914189057,0.7920399254567645
1162,862,1161,rolling300,band_ge3,300,120,0.40330749558628176,0.45291992938050796,1,0.35604194482351514,0.2992966036690284,0.9080559916413032,0.7920399254567645
1162,1,1161,expanding,band_ge4,1161,67,0.057854033290887286,0.06628066582689385,1,0.8876390225862486,0.8718317950086687,2.84983210796486,2.7138570408059484
1162,862,1161,rolling300,band_ge4,300,13,0.04476754161418087,0.06628066582689385,1,0.9124690495538157,0.8718317950086687,3.106271919691478,2.7138570408059484
1162,1,1161,expanding,odd_imbalance,1161,201,0.1733582184294757,0.18680279826054075,0,0.030053071897041813,0.034895285437968285,0.19038383188320337,0.20678163828224355
1162,862,1161,rolling300,odd_imbalance,300,54,0.1804251748912838,0.18680279826054075,0,0.03255324373455034,0.034895285437968285,0.19896957915952088,0.20678163828224355
1162,1,1161,expanding,low_high_imbalance,1161,227,0.1953734597503902,0.18680279826054075,0,0.03817078877483734,0.034895285437968285,0.2173770343659076,0.20678163828224355
1162,862,1161,rolling300,low_high_imbalance,300,62,0.20542517489128378,0.18680279826054075,0,0.04219950247911453,0.034895285437968285,0.22994811857432104,0.20678163828224355
1162,1,1161,expanding,repeated_end,1161,907,0.781376631081953,0.790290065389328,0,0.6105494396009825,0.6245583874530684,1.5204048063090654,1.5620299668475026
1162,862,1161,rolling300,repeated_end,300,234,0.780643129086833,0.790290065389328,0,0.6094036949904817,0.6245583874530684,1.5170553278889152,1.5620299668475026
1162,1,1161,expanding,end_multiplicity_ge3,1161,94,0.08110893241840174,0.08948245930662266,0,0.0065786589180528605,0.00800711052356138,0.08458769729564503,0.09374211509792349
1162,862,1161,rolling300,end_multiplicity_ge3,300,28,0.09309265370666392,0.08948245930662266,0,0.008666242174148847,0.00800711052356138,0.09771498811668185,0.09374211509792349
1162,1,1161,expanding,multiple_repeat_end_groups,1161,286,0.24599636756287988,0.22608550458805707,0,0.0605142128541315,0.05111465538483637,0.2823580934299232,0.25629388253878654
1162,862,1161,rolling300,multiple_repeat_end_groups,300,82,0.27038034403675354,0.22608550458805707,0,0.07310553044143321,0.05111465538483637,0.3152318998458119,0.25629388253878654
1162,1,1161,expanding,extreme_sum,1161,146,0.12556202723547952,0.11443770825506504,0,0.0157658226834833,0.01309598907067138,0.13417391583890875,0.12153247782470628
1162,862,1161,rolling300,extreme_sum,300,35,0.11652735676594157,0.11443770825506504,0,0.01357862487485703,0.01309598907067138,0.123894951783211,0.12153247782470628
1162,1,1161,expanding,narrow_three_span_le4,1161,285,0.24581090115071863,0.26513371294993526,1,0.5688011968230912,0.5400284598427482,1.4031927331561647,1.3275210030826026
1162,862,1161,rolling300,narrow_three_span_le4,300,67,0.22594585705937095,0.26513371294993526,1,0.5991598162035517,0.5400284598427482,1.4874598789452125,1.3275210030826026
1162,1,1161,expanding,large_gap_ge15,1161,498,0.42907342269141374,0.4367856099279809,0,0.18410400206012462,0.19078166904015828,0.5604946637436207,0.574094923910703
1162,862,1161,rolling300,large_gap_ge15,300,122,0.40854910062049876,0.4367856099279809,0,0.1669123676178184,0.19078166904015828,0.5251766093566649,0.574094923910703
1162,1,1161,expanding,previous_overlap_ge2,1160,220,0.18941200170951078,0.17530810086113546,0,0.035876906391603715,0.030732930227538046,0.20999537085548384,0.19274541798861644
1162,862,1161,rolling300,previous_overlap_ge2,300,47,0.15783175630382096,0.17530810086113546,0,0.024910863297948727,0.030732930227538046,0.17177547033403354,0.19274541798861644
1163,1,1162,expanding,consecutive_ge1,1162,605,0.5207909896143208,0.5287474862063631,1,0.229641275634822,0.2220789317568219,0.6524064892852135,0.6372443028525948
1163,863,1162,rolling300,consecutive_ge1,300,157,0.5236717178878977,0.5287474862063631,1,0.22688863233986653,0.2220789317568219,0.6468902835699226,0.6372443028525948
1163,1,1162,expanding,consecutive_ge2,1162,148,0.1273234646378601,0.12481676009753151,0,0.01621126464738841,0.015579223601244734,0.13619031257879016,0.1333219975178157
1163,863,1162,rolling300,consecutive_ge2,300,35,0.11717604750609571,0.12481676009753151,0,0.0137302261091508,0.015579223601244734,0.12462947255496382,0.1333219975178157
1163,1,1162,expanding,band_ge3,1162,509,0.4382896773160831,0.45291992938050796,1,0.31551848660966997,0.2992966036690284,0.8248752234749571,0.7920399254567645
1163,863,1162,rolling300,band_ge3,300,120,0.40330749558628176,0.45291992938050796,1,0.35604194482351514,0.2992966036690284,0.9080559916413032,0.7920399254567645
1163,1,1162,expanding,band_ge4,1162,68,0.05865111109690176,0.06628066582689385,0,0.003439952832901113,0.004393126662456374,0.06044144413494894,0.0685793846560867
1163,863,1162,rolling300,band_ge4,300,14,0.04789254161418087,0.06628066582689385,0,0.0022936955422660464,0.004393126662456374,0.04907737410514716,0.0685793846560867
1163,1,1162,expanding,odd_imbalance,1162,201,0.1732115532700599,0.18680279826054075,0,0.030002242186226803,0.034895285437968285,0.19020642474827845,0.20678163828224355
1163,863,1162,rolling300,odd_imbalance,300,53,0.1773001748912838,0.18680279826054075,0,0.031435352016479824,0.034895285437968285,0.19516387738936303,0.20678163828224355
1163,1,1162,expanding,low_high_imbalance,1162,227,0.19520816917530526,0.18680279826054075,0,0.038106229312774596,0.034895285437968285,0.21717163025391678,0.20678163828224355
1163,863,1162,rolling300,low_high_imbalance,300,61,0.20230017489128377,0.18680279826054075,0,0.040925360761044,0.034895285437968285,0.2260229113095098,0.20678163828224355
1163,1,1162,expanding,repeated_end,1162,907,0.7807155679422898,0.790290065389328,1,0.04808566214287252,0.043978256674412325,0.2475443850501128,0.2353552295330889
1163,863,1162,rolling300,repeated_end,300,233,0.777518129086833,0.790290065389328,1,0.049498182885023084,0.043978256674412325,0.2516483180471054,0.2353552295330889
1163,1,1162,expanding,end_multiplicity_ge3,1162,94,0.08104031234021358,0.08948245930662266,1,0.8444869075437722,0.829042191910316,2.5128085649004,2.41371265830984
1163,863,1162,rolling300,end_multiplicity_ge3,300,28,0.09309265370666392,0.08948245930662266,1,0.8224809347608211,0.829042191910316,2.374160005367111,2.41371265830984
1163,1,1162,expanding,multiple_repeat_end_groups,1162,286,0.24578824880859654,0.22608550458805707,0,0.06041186325239656,0.05111465538483637,0.28208211327766713,0.25629388253878654
1163,863,1162,rolling300,multiple_repeat_end_groups,300,82,0.27038034403675354,0.22608550458805707,0,0.07310553044143321,0.05111465538483637,0.3152318998458119,0.25629388253878654
1163,1,1162,expanding,extreme_sum,1162,146,0.1254557987860417,0.11443770825506504,0,0.015739157449043785,0.01309598907067138,0.1340524412451149,0.12153247782470628
1163,863,1162,rolling300,extreme_sum,300,34,0.11340235676594157,0.11443770825506504,0,0.012860094520069894,0.01309598907067138,0.12036401488128311,0.12153247782470628
1163,1,1162,expanding,narrow_three_span_le4,1162,286,0.24644896299407673,0.26513371294993526,1,0.5678391653727024,0.5400284598427482,1.400600353613688,1.3275210030826026
1163,863,1162,rolling300,narrow_three_span_le4,300,67,0.22594585705937095,0.26513371294993526,1,0.5991598162035517,0.5400284598427482,1.4874598789452125,1.3275210030826026
1163,1,1162,expanding,large_gap_ge15,1162,498,0.428710416411641,0.4367856099279809,1,0.32637178831656066,0.3172104491841965,0.846973608002195,0.8283127993981904
1163,863,1162,rolling300,large_gap_ge15,300,121,0.4054241006204988,0.4367856099279809,1,0.3535205001229427,0.3172104491841965,0.902821597741375,0.8283127993981904
1163,1,1162,expanding,previous_overlap_ge2,1161,220,0.18925161898156032,0.17530810086113546,0,0.035816175287141684,0.030732930227538046,0.2097975306903949,0.19274541798861644
1163,863,1162,rolling300,previous_overlap_ge2,300,47,0.15783175630382096,0.17530810086113546,0,0.024910863297948727,0.030732930227538046,0.17177547033403354,0.19274541798861644
1164,1,1163,expanding,consecutive_ge1,1163,606,0.5211960690821025,0.5287474862063631,1,0.2292532042624308,0.2220789317568219,0.6516289758126466,0.6372443028525948
1164,864,1163,rolling300,consecutive_ge1,300,158,0.5267967178878977,0.5287474862063631,1,0.22392134620166584,0.2220789317568219,0.640940539413555,0.6372443028525948
1164,1,1163,expanding,consecutive_ge2,1163,148,0.12721583702616285,0.12481676009753151,1,0.7617521951379415,0.7659457034061817,2.061870130903546,2.0809085364103663
1164,864,1163,rolling300,consecutive_ge2,300,35,0.11717604750609571,0.12481676009753151,1,0.7793781310969594,0.7659457034061817,2.1440777955410772,2.0809085364103663
1164,1,1163,expanding,band_ge3,1163,510,0.438764495847515,0.45291992938050796,0,0.192514282816324,0.20513646243004433,0.5776146680498887,0.6031601058843978
1164,864,1163,rolling300,band_ge3,300,121,0.40643249558628175,0.45291992938050796,0,0.16518737346849294,0.20513646243004433,0.5216043318657773,0.6031601058843978
1164,1,1163,expanding,band_ge4,1163,68,0.05860153281195087,0.06628066582689385,0,0.003434139647910155,0.004393126662456374,0.06038877824241487,0.0685793846560867
1164,864,1163,rolling300,band_ge4,300,14,0.04789254161418087,0.06628066582689385,0,0.0022936955422660464,0.004393126662456374,0.04907737410514716,0.0685793846560867
1164,1,1163,expanding,odd_imbalance,1163,201,0.17306513606526697,0.18680279826054075,0,0.02995154132128937,0.034895285437968285,0.1900293489288457,0.20678163828224355
1164,864,1163,rolling300,odd_imbalance,300,53,0.1773001748912838,0.18680279826054075,0,0.031435352016479824,0.034895285437968285,0.19516387738936303,0.20678163828224355
1164,1,1163,expanding,low_high_imbalance,1163,227,0.19504315804328895,0.18680279826054075,0,0.03804183349949939,0.034895285437968285,0.21696661547690924,0.20678163828224355
1164,864,1163,rolling300,low_high_imbalance,300,61,0.20230017489128377,0.18680279826054075,0,0.040925360761044,0.034895285437968285,0.2260229113095098,0.20678163828224355
1164,1,1163,expanding,repeated_end,1163,908,0.7809009309448744,0.790290065389328,1,0.048004402060822675,0.043978256674412325,0.24730698617069868,0.2353552295330889
1164,864,1163,rolling300,repeated_end,300,234,0.780643129086833,0.790290065389328,1,0.04811743681681582,0.043978256674412325,0.24763717456176906,0.2353552295330889
1164,1,1163,expanding,end_multiplicity_ge3,1163,95,0.08181711680991754,0.08948245930662266,0,0.006694040603087692,0.00800711052356138,0.08535868904183867,0.09374211509792349
1164,864,1163,rolling300,end_multiplicity_ge3,300,29,0.09621765370666392,0.08948245930662266,0,0.009257836884815497,0.00800711052356138,0.1011667149537063,0.09374211509792349
1164,1,1163,expanding,multiple_repeat_end_groups,1163,286,0.2455804819034329,0.22608550458805707,0,0.060309773091922335,0.05111465538483637,0.2818066756532365,0.25629388253878654
1164,864,1163,rolling300,multiple_repeat_end_groups,300,82,0.27038034403675354,0.22608550458805707,0,0.07310553044143321,0.05111465538483637,0.3152318998458119,0.25629388253878654
1164,1,1163,expanding,extreme_sum,1163,146,0.1253497499282344,0.11443770825506504,0,0.015712559807070897,0.01309598907067138,0.13393118673523535,0.12153247782470628
1164,864,1163,rolling300,extreme_sum,300,34,0.11340235676594157,0.11443770825506504,0,0.012860094520069894,0.01309598907067138,0.12036401488128311,0.12153247782470628
1164,1,1163,expanding,narrow_three_span_le4,1163,287,0.2470859461191874,0.26513371294993526,0,0.06105146476961398,0.07029588574261866,0.2838041959690051,0.30806671870004826
1164,864,1163,rolling300,narrow_three_span_le4,300,68,0.22907085705937097,0.26513371294993526,0,0.05247345755391477,0.07029588574261866,0.2601588124428692,0.30806671870004826
1164,1,1163,expanding,large_gap_ge15,1163,499,0.4291933323740994,0.4367856099279809,0,0.18420691655438415,0.19078166904015828,0.5607047122530402,0.574094923910703
1164,864,1163,rolling300,large_gap_ge15,300,122,0.40854910062049876,0.4367856099279809,0,0.1669123676178184,0.19078166904015828,0.5251766093566649,0.574094923910703
1164,1,1163,expanding,previous_overlap_ge2,1162,220,0.18909150762878402,0.17530810086113546,0,0.035755598257326486,0.030732930227538046,0.2096000643139698,0.19274541798861644
1164,864,1163,rolling300,previous_overlap_ge2,300,47,0.15783175630382096,0.17530810086113546,0,0.024910863297948727,0.030732930227538046,0.17177547033403354,0.19274541798861644
1165,1,1164,expanding,consecutive_ge1,1164,607,0.5216004642940264,0.5287474862063631,1,0.22886611576369112,0.2220789317568219,0.650853378235837,0.6372443028525948
1165,865,1164,rolling300,consecutive_ge1,300,159,0.5299217178878977,0.5287474862063631,1,0.22097359131346528,0.2220789317568219,0.635025985443305,0.6372443028525948
1165,1,1164,expanding,consecutive_ge2,1164,149,0.12795298581245831,0.12481676009753151,0,0.01637196657832316,0.015579223601244734,0.13691194117385236,0.1333219975178157
1165,865,1164,rolling300,consecutive_ge2,300,36,0.12030104750609572,0.12481676009753151,0,0.014472342031063899,0.015579223601244734,0.128175529477992,0.1333219975178157
1165,1,1164,expanding,band_ge3,1164,510,0.43839391772602215,0.45291992938050796,0,0.19218922709917027,0.20513646243004433,0.5769545960692504,0.6031601058843978
1165,865,1164,rolling300,band_ge3,300,120,0.40330749558628176,0.45291992938050796,0,0.1626569359960787,0.20513646243004433,0.5163533662663363,0.6031601058843978
1165,1,1164,expanding,band_ge4,1164,68,0.05855203827410294,0.06628066582689385,0,0.003428341186052016,0.004393126662456374,0.060336204079063774,0.0685793846560867
1165,865,1164,rolling300,band_ge4,300,14,0.04789254161418087,0.06628066582689385,0,0.0022936955422660464,0.004393126662456374,0.04907737410514716,0.0685793846560867
1165,1,1164,expanding,odd_imbalance,1164,201,0.17291896618683347,0.18680279826054075,0,0.02990096886712326,0.034895285437968285,0.18985260349488334,0.20678163828224355
1165,865,1164,rolling300,odd_imbalance,300,53,0.1773001748912838,0.18680279826054075,0,0.031435352016479824,0.034895285437968285,0.19516387738936303,0.20678163828224355
1165,1,1164,expanding,low_high_imbalance,1164,227,0.19487842564629293,0.18680279826054075,0,0.037977600782377725,0.034895285437968285,0.21676198892468415,0.20678163828224355
1165,865,1164,rolling300,low_high_imbalance,300,61,0.20230017489128377,0.18680279826054075,0,0.040925360761044,0.034895285437968285,0.2260229113095098,0.20678163828224355
1165,1,1164,expanding,repeated_end,1164,909,0.7810859808342792,0.790290065389328,1,0.04792334778728959,0.043978256674412325,0.2470700445050868,0.2353552295330889
1165,865,1164,rolling300,repeated_end,300,234,0.780643129086833,0.790290065389328,1,0.04811743681681582,0.043978256674412325,0.24763717456176906,0.2353552295330889
1165,1,1164,expanding,end_multiplicity_ge3,1164,95,0.08174801451531458,0.08948245930662266,0,0.0066827378771960825,0.00800711052356138,0.08528343203619766,0.09374211509792349
1165,865,1164,rolling300,end_multiplicity_ge3,300,29,0.09621765370666392,0.08948245930662266,0,0.009257836884815497,0.00800711052356138,0.1011667149537063,0.09374211509792349
1165,1,1164,expanding,multiple_repeat_end_groups,1164,286,0.24537306595587932,0.22608550458805707,0,0.060207941496588306,0.05111465538483637,0.2815317789480152,0.25629388253878654
1165,865,1164,rolling300,multiple_repeat_end_groups,300,82,0.27038034403675354,0.22608550458805707,0,0.07310553044143321,0.05111465538483637,0.3152318998458119,0.25629388253878654
1165,1,1164,expanding,extreme_sum,1164,146,0.12524388020701122,0.11443770825506504,0,0.015686029529308174,0.01309598907067138,0.13381015171081104,0.12153247782470628
1165,865,1164,rolling300,extreme_sum,300,34,0.11340235676594157,0.11443770825506504,0,0.012860094520069894,0.01309598907067138,0.12036401488128311,0.12153247782470628
1165,1,1164,expanding,narrow_three_span_le4,1164,287,0.24687725866469484,0.26513371294993526,0,0.060948380845794646,0.07029588574261866,0.2835270613644706,0.30806671870004826
1165,865,1164,rolling300,narrow_three_span_le4,300,68,0.22907085705937097,0.26513371294993526,0,0.05247345755391477,0.07029588574261866,0.2601588124428692,0.30806671870004826
1165,1,1164,expanding,large_gap_ge15,1164,499,0.4288308380055402,0.4367856099279809,1,0.32623421161345345,0.3172104491841965,0.8466927548209153,0.8283127993981904
1165,865,1164,rolling300,large_gap_ge15,300,122,0.40854910062049876,0.4367856099279809,1,0.3498141663768209,0.3172104491841965,0.8951431745478009,0.8283127993981904
1165,1,1164,expanding,previous_overlap_ge2,1163,220,0.18893166696299468,0.17530810086113546,0,0.035695174781415935,0.030732930227538046,0.20940297066404476,0.19274541798861644
1165,865,1164,rolling300,previous_overlap_ge2,300,47,0.15783175630382096,0.17530810086113546,0,0.024910863297948727,0.030732930227538046,0.17177547033403354,0.19274541798861644
1166,1,1165,expanding,consecutive_ge1,1165,608,0.5220041769823859,0.5287474862063631,0,0.272488360787058,0.2795739041695482,0.7381532849857358,0.7523612059240392
1166,866,1165,rolling300,consecutive_ge1,300,159,0.5299217178878977,0.5287474862063631,0,0.2808170270892606,0.2795739041695482,0.7548560404618999,0.7523612059240392
1166,1,1165,expanding,consecutive_ge2,1165,149,0.12784500860924106,0.12481676009753151,0,0.01634434622629692,0.015579223601244734,0.13678812844687485,0.1333219975178157
1166,866,1165,rolling300,consecutive_ge2,300,36,0.12030104750609572,0.12481676009753151,0,0.014472342031063899,0.015579223601244734,0.128175529477992,0.1333219975178157
1166,1,1165,expanding,band_ge3,1165,510,0.43802396505283564,0.45291992938050796,1,0.3158170638549364,0.2992966036690284,0.8254816553699859,0.7920399254567645
1166,866,1165,rolling300,band_ge3,300,120,0.40330749558628176,0.45291992938050796,1,0.35604194482351514,0.2992966036690284,0.9080559916413032,0.7920399254567645
1166,1,1165,expanding,band_ge4,1165,68,0.05850262727133999,0.06628066582689385,1,0.8864173028549692,0.8718317950086687,2.8386836151315817,2.7138570408059484
1166,866,1165,rolling300,band_ge4,300,14,0.04789254161418087,0.06628066582689385,1,0.9065086123139042,0.8718317950086687,3.038795494117302,2.7138570408059484
1166,1,1165,expanding,odd_imbalance,1165,201,0.17277304300861673,0.18680279826054075,0,0.029850524390457326,0.034895285437968285,0.1896761875198578,0.20678163828224355
1166,866,1165,rolling300,odd_imbalance,300,53,0.1773001748912838,0.18680279826054075,0,0.031435352016479824,0.034895285437968285,0.19516387738936303,0.20678163828224355
1166,1,1165,expanding,low_high_imbalance,1165,227,0.19471397127865891,0.18680279826054075,1,0.6484855880537885,0.6612896889168869,1.6362236111987056,1.677701773318112
1166,866,1165,rolling300,low_high_imbalance,300,61,0.20230017489128377,0.18680279826054075,1,0.6363250109784764,0.6612896889168869,1.5980026702943089,1.677701773318112
1166,1,1165,expanding,repeated_end,1165,910,0.7812707184031954,0.790290065389328,0,0.6103839354342451,0.6245583874530684,1.519920470930266,1.5620299668475026
1166,866,1165,rolling300,repeated_end,300,234,0.780643129086833,0.790290065389328,0,0.6094036949904817,0.6245583874530684,1.5170553278889152,1.5620299668475026
1166,1,1165,expanding,end_multiplicity_ge3,1165,95,0.08167902884905692,0.08948245930662266,0,0.006671463753725073,0.00800711052356138,0.08520830769546209,0.09374211509792349
1166,866,1165,rolling300,end_multiplicity_ge3,300,29,0.09621765370666392,0.08948245930662266,0,0.009257836884815497,0.00800711052356138,0.1011667149537063,0.09374211509792349
1166,1,1165,expanding,multiple_repeat_end_groups,1165,286,0.24516600007743555,0.22608550458805707,0,0.06010636759396913,0.05111465538483637,0.28125742155978073,0.25629388253878654
1166,866,1165,rolling300,multiple_repeat_end_groups,300,81,0.26725534403675355,0.22608550458805707,0,0.0714254189162035,0.05111465538483637,0.31095799254192474,0.25629388253878654
1166,1,1165,expanding,extreme_sum,1165,146,0.12513818916886185,0.11443770825506504,0,0.015659566388461853,0.01309598907067138,0.13368933557555315,0.12153247782470628
1166,866,1165,rolling300,extreme_sum,300,34,0.11340235676594157,0.11443770825506504,0,0.012860094520069894,0.01309598907067138,0.12036401488128311,0.12153247782470628
1166,1,1165,expanding,narrow_three_span_le4,1165,287,0.24666892342531535,0.26513371294993526,1,0.5675077109331734,0.5400284598427482,1.3997082324723347,1.3275210030826026
1166,866,1165,rolling300,narrow_three_span_le4,300,68,0.22907085705937097,0.26513371294993526,1,0.5943317434351729,0.5400284598427482,1.4737239038149945,1.3275210030826026
1166,1,1165,expanding,large_gap_ge15,1165,500,0.42931283729836256,0.4367856099279809,0,0.18430951226917033,0.19078166904015828,0.5609140956443905,0.574094923910703
1166,866,1165,rolling300,large_gap_ge15,300,123,0.4116741006204988,0.4367856099279809,0,0.16947556512169656,0.19078166904015828,0.5304742339782583,0.574094923910703
1166,1,1165,expanding,previous_overlap_ge2,1164,220,0.18877209629833,0.17530810086113546,1,0.658090711744206,0.6801167285052672,1.6672148312235302,1.7412102767071724
1166,866,1165,rolling300,previous_overlap_ge2,300,47,0.15783175630382096,0.17530810086113546,1,0.7092473506903069,0.6801167285052672,1.8462256468132863,1.7412102767071724
1167,1,1166,expanding,consecutive_ge1,1166,608,0.521564038553227,0.5287474862063631,1,0.2289009692054981,0.2220789317568219,0.6509232152379872,0.6372443028525948
1167,867,1166,rolling300,consecutive_ge1,300,159,0.5299217178878977,0.5287474862063631,1,0.22097359131346528,0.2220789317568219,0.635025985443305,0.6372443028525948
1167,1,1166,expanding,consecutive_ge2,1166,149,0.12773721349236986,0.12481676009753151,0,0.016316795710795275,0.015579223601244734,0.1366645397992766,0.1333219975178157
1167,867,1166,rolling300,consecutive_ge2,300,36,0.12030104750609572,0.12481676009753151,0,0.014472342031063899,0.015579223601244734,0.128175529477992,0.1333219975178157
1167,1,1166,expanding,band_ge3,1166,511,0.4384978065662818,0.45291992938050796,1,0.3152847132308767,0.2992966036690284,0.824400469311756,0.7920399254567645
1167,867,1166,rolling300,band_ge3,300,120,0.40330749558628176,0.45291992938050796,1,0.35604194482351514,0.2992966036690284,0.9080559916413032,0.7920399254567645
1167,1,1166,expanding,band_ge4,1166,69,0.05929646991276381,0.06628066582689385,1,0.8849231315185877,0.8718317950086687,2.825205504046116,2.7138570408059484
1167,867,1166,rolling300,band_ge4,300,15,0.05101754161418086,0.06628066582689385,1,0.9005677063239931,0.8718317950086687,2.975585752176927,2.7138570408059484
1167,1,1166,expanding,odd_imbalance,1166,201,0.17262736590658587,0.18680279826054075,0,0.029800207459846285,0.034895285437968285,0.18950010008070675,0.20678163828224355
1167,867,1166,rolling300,odd_imbalance,300,52,0.1741751748912838,0.18680279826054075,0,0.030336991548409305,0.034895285437968285,0.19137260409205228,0.20678163828224355
1167,1,1166,expanding,low_high_imbalance,1166,228,0.19539296455751334,0.18680279826054075,1,0.647392481483547,0.6612896889168869,1.6327425453568039,1.677701773318112
1167,867,1166,rolling300,low_high_imbalance,300,62,0.20542517489128378,0.18680279826054075,1,0.631349152696547,0.6612896889168869,1.5826734238020557,1.677701773318112
1167,1,1166,expanding,repeated_end,1166,910,0.7806119741212365,0.790290065389328,0,0.609355054141454,0.6245583874530684,1.5169133092996316,1.5620299668475026
1167,867,1166,rolling300,repeated_end,300,233,0.777518129086833,0.790290065389328,0,0.6045344410586891,0.6245583874530684,1.5029096597373859,1.5620299668475026
1167,1,1166,expanding,end_multiplicity_ge3,1166,95,0.08161015951613192,0.08948245930662266,0,0.006660218136248497,0.00800711052356138,0.08513331566893177,0.09374211509792349
1167,867,1166,rolling300,end_multiplicity_ge3,300,28,0.09309265370666392,0.08948245930662266,0,0.008666242174148847,0.00800711052356138,0.09771498811668185,0.09374211509792349
1167,1,1166,expanding,multiple_repeat_end_groups,1166,286,0.2449592833825979,0.22608550458805707,0,0.060005050515315905,0.05111465538483637,0.28098360189267213,0.25629388253878654
1167,867,1166,rolling300,multiple_repeat_end_groups,300,81,0.26725534403675355,0.22608550458805707,0,0.0714254189162035,0.05111465538483637,0.31095799254192474,0.25629388253878654
1167,1,1166,expanding,extreme_sum,1166,146,0.12503267636180548,0.11443770825506504,0,0.015633170158195993,0.01309598907067138,0.13356873773533456,0.12153247782470628
1167,867,1166,rolling300,extreme_sum,300,34,0.11340235676594157,0.11443770825506504,0,0.012860094520069894,0.01309598907067138,0.12036401488128311,0.12153247782470628
1167,1,1166,expanding,narrow_three_span_le4,1166,288,0.24730410983052167,0.26513371294993526,0,0.06115932273906673,0.07029588574261866,0.2840939970741627,0.30806671870004826
1167,867,1166,rolling300,narrow_three_span_le4,300,69,0.23219585705937096,0.26513371294993526,0,0.05391491603553583,0.07029588574261866,0.2642206005708816,0.30806671870004826
1167,1,1166,expanding,large_gap_ge15,1166,500,0.4289508534557838,0.4367856099279809,1,0.3260971277688777,0.3172104491841965,0.846412927325828,0.8283127993981904
1167,867,1166,rolling300,large_gap_ge15,300,123,0.4116741006204988,0.4367856099279809,1,0.346127363880699,0.3172104491841965,0.8875232605637697,0.8283127993981904
1167,1,1166,expanding,previous_overlap_ge2,1165,221,0.1894566768077829,0.17530810086113546,0,0.0358938323870487,0.030732930227538046,0.2100504868077715,0.19274541798861644
1167,867,1166,rolling300,previous_overlap_ge2,300,48,0.16095675630382095,0.17530810086113546,0,0.025907077399847604,0.030732930227538046,0.1754930318930178,0.19274541798861644
1168,1,1167,expanding,consecutive_ge1,1167,609,0.5219671017052462,0.5287474862063631,0,0.2724496552625748,0.2795739041695482,0.7380757239745825,0.7523612059240392
1168,868,1167,rolling300,consecutive_ge1,300,160,0.5330467178878977,0.5287474862063631,0,0.28413880345106,0.2795739041695482,0.761526064621254,0.7523612059240392
1168,1,1167,expanding,consecutive_ge2,1167,149,0.12762960000164333,0.12481676009753151,0,0.016289314796579475,0.015579223601244734,0.1365411746223496,0.1333219975178157
1168,868,1167,rolling300,consecutive_ge2,300,36,0.12030104750609572,0.12481676009753151,0,0.014472342031063899,0.015579223601244734,0.128175529477992,0.1333219975178157
1168,1,1167,expanding,band_ge3,1167,512,0.4389708496947011,0.45291992938050796,1,0.31475370749228565,0.2992966036690284,0.8233222697182533,0.7920399254567645
1168,868,1167,rolling300,band_ge3,300,120,0.40330749558628176,0.45291992938050796,1,0.35604194482351514,0.2992966036690284,0.9080559916413032,0.7920399254567645
1168,1,1167,expanding,band_ge4,1167,70,0.060088974992871004,0.06628066582689385,0,0.003610684915693877,0.004393126662456374,0.06197006244581862,0.0685793846560867
1168,868,1167,rolling300,band_ge4,300,16,0.05414254161418086,0.06628066582689385,0,0.0029314148124433064,0.004393126662456374,0.05566339952245692,0.0685793846560867
1168,1,1167,expanding,odd_imbalance,1167,201,0.17248193425881284,0.18680279826054075,0,0.029750017645661434,0.034895285437968285,0.18932434025782302,0.20678163828224355
1168,868,1167,rolling300,odd_imbalance,300,52,0.1741751748912838,0.18680279826054075,0,0.030336991548409305,0.034895285437968285,0.19137260409205228,0.20678163828224355
1168,1,1167,expanding,low_high_imbalance,1167,229,0.19607081378703523,0.18680279826054075,0,0.03844376401911024,0.034895285437968285,0.21824409053171054,0.20678163828224355
1168,868,1167,rolling300,low_high_imbalance,300,63,0.20855017489128377,0.18680279826054075,0,0.04349317544718505,0.034895285437968285,0.23388879382619754,0.20678163828224355
1168,1,1167,expanding,repeated_end,1167,910,0.7799543397706711,0.790290065389328,0,0.6083287721271035,0.6245583874530684,1.5139202076676204,1.5620299668475026
1168,868,1167,rolling300,repeated_end,300,232,0.774393129086833,0.790290065389328,0,0.5996847183768964,0.6245583874530684,1.4889613036466274,1.5620299668475026
1168,1,1167,expanding,end_multiplicity_ge3,1167,95,0.08154140622252103,0.08948245930662266,0,0.006649000928746191,0.00800711052356138,0.08505845560714267,0.09374211509792349
1168,868,1167,rolling300,end_multiplicity_ge3,300,28,0.09309265370666392,0.08948245930662266,0,0.008666242174148847,0.00800711052356138,0.09771498811668185,0.09374211509792349
1168,1,1167,expanding,multiple_repeat_end_groups,1167,286,0.24475291498884677,0.22608550458805707,0,0.059903989395537656,0.05111465538483637,0.2807103183571593,0.25629388253878654
1168,868,1167,rolling300,multiple_repeat_end_groups,300,81,0.26725534403675355,0.22608550458805707,0,0.0714254189162035,0.05111465538483637,0.31095799254192474,0.25629388253878654
1168,1,1167,expanding,extreme_sum,1167,146,0.12492734133538441,0.11443770825506504,0,0.015606840613127646,0.01309598907067138,0.13344835759817947,0.12153247782470628
1168,868,1167,rolling300,extreme_sum,300,34,0.11340235676594157,0.11443770825506504,0,0.012860094520069894,0.01309598907067138,0.12036401488128311,0.12153247782470628
1168,1,1167,expanding,narrow_three_span_le4,1167,288,0.24709576601432073,0.26513371294993526,0,0.061056317582203944,0.07029588574261866,0.2838172385721034,0.30806671870004826
1168,868,1167,rolling300,narrow_three_span_le4,300,69,0.23219585705937096,0.26513371294993526,0,0.05391491603553583,0.07029588574261866,0.2642206005708816,0.30806671870004826
1168,1,1167,expanding,large_gap_ge15,1167,501,0.42943193951015973,0.4367856099279809,0,0.1844117906714575,0.19078166904015828,0.5611228170763881,0.574094923910703
1168,868,1167,rolling300,large_gap_ge15,300,123,0.4116741006204988,0.4367856099279809,0,0.16947556512169656,0.19078166904015828,0.5304742339782583,0.574094923910703
1168,1,1167,expanding,previous_overlap_ge2,1166,221,0.18929693256089605,0.17530810086113546,0,0.03583332867696443,0.030732930227538046,0.20985342330363432,0.19274541798861644
1168,868,1167,rolling300,previous_overlap_ge2,300,48,0.16095675630382095,0.17530810086113546,0,0.025907077399847604,0.030732930227538046,0.1754930318930178,0.19274541798861644
1169,1,1168,expanding,consecutive_ge1,1168,609,0.5215277354580196,0.5287474862063631,0,0.27199117885197005,0.2795739041695482,0.7371570331087112,0.7523612059240392
1169,869,1168,rolling300,consecutive_ge1,300,159,0.5299217178878977,0.5287474862063631,0,0.2808170270892606,0.2795739041695482,0.7548560404618999,0.7523612059240392
1169,1,1168,expanding,consecutive_ge2,1168,149,0.12752216767840963,0.12481676009753151,0,0.01626190324940042,0.015579223601244734,0.13641803230959196,0.1333219975178157
1169,869,1168,rolling300,consecutive_ge2,300,36,0.12030104750609572,0.12481676009753151,0,0.014472342031063899,0.015579223601244734,0.128175529477992,0.1333219975178157
1169,1,1168,expanding,band_ge3,1168,513,0.43944309645421736,0.45291992938050796,0,0.1931102350212706,0.20513646243004433,0.5788245187937874,0.6031601058843978
1169,869,1168,rolling300,band_ge3,300,120,0.40330749558628176,0.45291992938050796,0,0.1626569359960787,0.20513646243004433,0.5163533662663363,0.6031601058843978
1169,1,1168,expanding,band_ge4,1168,70,0.06003839504759081,0.06628066582689385,0,0.0036046088798905762,0.004393126662456374,0.06191625034760903,0.0685793846560867
1169,869,1168,rolling300,band_ge4,300,16,0.05414254161418086,0.06628066582689385,0,0.0029314148124433064,0.004393126662456374,0.05566339952245692,0.0685793846560867
1169,1,1168,expanding,odd_imbalance,1168,201,0.17233674744546365,0.18680279826054075,0,0.029699954520081524,0.034895285437968285,0.1891489071350386,0.20678163828224355
1169,869,1168,rolling300,odd_imbalance,300,52,0.1741751748912838,0.18680279826054075,0,0.030336991548409305,0.034895285437968285,0.19137260409205228,0.20678163828224355
1169,1,1168,expanding,low_high_imbalance,1168,229,0.19590577101448722,0.18680279826054075,0,0.038379071116780704,0.034895285437968285,0.2180388164398439,0.20678163828224355
1169,869,1168,rolling300,low_high_imbalance,300,63,0.20855017489128377,0.18680279826054075,0,0.04349317544718505,0.034895285437968285,0.23388879382619754,0.20678163828224355
1169,1,1168,expanding,repeated_end,1168,910,0.7792978125486418,0.790290065389328,1,0.04870945554581444,0.043978256674412325,0.24936200508043163,0.2353552295330889
1169,869,1168,rolling300,repeated_end,300,232,0.774393129086833,0.790290065389328,1,0.0508984602032304,0.043978256674412325,0.25567561562262164,0.2353552295330889
1169,1,1168,expanding,end_multiplicity_ge3,1168,95,0.08147276867519566,0.08948245930662266,0,0.006637812035601944,0.00800711052356138,0.08498372716186091,0.09374211509792349
1169,869,1168,rolling300,end_multiplicity_ge3,300,28,0.09309265370666392,0.08948245930662266,0,0.008666242174148847,0.00800711052356138,0.09771498811668185,0.09374211509792349
1169,1,1168,expanding,multiple_repeat_end_groups,1168,286,0.24454689401663393,0.22608550458805707,0,0.059803183373182786,0.05111465538483637,0.28043756937001,0.25629388253878654
1169,869,1168,rolling300,multiple_repeat_end_groups,300,81,0.26725534403675355,0.22608550458805707,0,0.0714254189162035,0.05111465538483637,0.31095799254192474,0.25629388253878654
1169,1,1168,expanding,extreme_sum,1168,146,0.12482218364065766,0.11443770825506504,0,0.015580577528822064,0.01309598907067138,0.1333281945742536,0.12153247782470628
1169,869,1168,rolling300,extreme_sum,300,34,0.11340235676594157,0.11443770825506504,0,0.012860094520069894,0.01309598907067138,0.12036401488128311,0.12153247782470628
1169,1,1168,expanding,narrow_three_span_le4,1168,288,0.2468877729452851,0.26513371294993526,0,0.060953572429882655,0.07029588574261866,0.2835410223742879,0.30806671870004826
1169,869,1168,rolling300,narrow_three_span_le4,300,68,0.22907085705937097,0.26513371294993526,0,0.05247345755391477,0.07029588574261866,0.2601588124428692,0.30806671870004826
1169,1,1168,expanding,large_gap_ge15,1168,501,0.4290704648136024,0.4367856099279809,0,0.1841014637753608,0.19078166904015828,0.5604894829195589,0.574094923910703
1169,869,1168,rolling300,large_gap_ge15,300,123,0.4116741006204988,0.4367856099279809,0,0.16947556512169656,0.19078166904015828,0.5304742339782583,0.574094923910703
1169,1,1168,expanding,previous_overlap_ge2,1167,221,0.1891374574702803,0.17530810086113546,0,0.03577297781832209,0.030732930227538046,0.20965673056403808,0.19274541798861644
1169,869,1168,rolling300,previous_overlap_ge2,300,48,0.16095675630382095,0.17530810086113546,0,0.025907077399847604,0.030732930227538046,0.1754930318930178,0.19274541798861644
1170,1,1169,expanding,consecutive_ge1,1169,609,0.5210891082625124,0.5287474862063631,0,0.2715338587498204,0.2795739041695482,0.7362407286525069,0.7523612059240392
1170,870,1169,rolling300,consecutive_ge1,300,159,0.5299217178878977,0.5287474862063631,0,0.2808170270892606,0.2795739041695482,0.7548560404618999,0.7523612059240392
1170,1,1169,expanding,consecutive_ge2,1169,149,0.12741491606555982,0.12481676009753151,0,0.016234560835993655,0.015579223601244734,0.13629511225669783,0.1333219975178157
1170,870,1169,rolling300,consecutive_ge2,300,36,0.12030104750609572,0.12481676009753151,0,0.014472342031063899,0.015579223601244734,0.128175529477992,0.1333219975178157
1170,1,1169,expanding,band_ge3,1169,513,0.4390735059609842,0.45291992938050796,0,0.19278554363687045,0.20513646243004433,0.5781654087126057,0.6031601058843978
1170,870,1169,rolling300,band_ge3,300,120,0.40330749558628176,0.45291992938050796,0,0.1626569359960787,0.20513646243004433,0.5163533662663363,0.6031601058843978
1170,1,1169,expanding,band_ge4,1169,70,0.059987900182117644,0.06628066582689385,0,0.00359854816825971,0.004393126662456374,0.06186253165424948,0.0685793846560867
1170,870,1169,rolling300,band_ge4,300,16,0.05414254161418086,0.06628066582689385,0,0.0029314148124433064,0.004393126662456374,0.05566339952245692,0.0685793846560867
1170,1,1169,expanding,odd_imbalance,1169,201,0.1721918048487896,0.18680279826054075,0,0.02965001765708364,0.034895285437968285,0.18897379979960818,0.20678163828224355
1170,870,1169,rolling300,odd_imbalance,300,52,0.1741751748912838,0.18680279826054075,0,0.030336991548409305,0.034895285437968285,0.19137260409205228,0.20678163828224355
1170,1,1169,expanding,low_high_imbalance,1169,229,0.19574100585804105,0.18680279826054075,0,0.03831454137431766,0.034895285437968285,0.21783392965918744,0.20678163828224355
1170,870,1169,rolling300,low_high_imbalance,300,63,0.20855017489128377,0.18680279826054075,0,0.04349317544718505,0.034895285437968285,0.23388879382619754,0.20678163828224355
1170,1,1169,expanding,repeated_end,1169,911,0.7794834325549087,0.790290065389328,1,0.0486275565177655,0.043978256674412325,0.24912384464871318,0.2353552295330889
1170,870,1169,rolling300,repeated_end,300,232,0.774393129086833,0.790290065389328,1,0.0508984602032304,0.043978256674412325,0.25567561562262164,0.2353552295330889
1170,1,1169,expanding,end_multiplicity_ge3,1169,95,0.08140424658211308,0.08948245930662266,0,0.006626651361601469,0.00800711052356138,0.0849091299860774,0.09374211509792349
1170,870,1169,rolling300,end_multiplicity_ge3,300,28,0.09309265370666392,0.08948245930662266,0,0.008666242174148847,0.00800711052356138,0.09771498811668185,0.09374211509792349
1170,1,1169,expanding,multiple_repeat_end_groups,1169,286,0.24434121958937016,0.22608550458805707,1,0.5710201924116804,0.5989436462087222,1.4091895896567657,1.4868420123767523
1170,870,1169,rolling300,multiple_repeat_end_groups,300,81,0.26725534403675355,0.22608550458805707,1,0.5369147308426964,0.5989436462087222,1.3195507328811975,1.4868420123767523
1170,1,1169,expanding,extreme_sum,1169,146,0.12471720283019452,0.11443770825506504,0,0.015554380681787881,0.01309598907067138,0.13320824807585466,0.12153247782470628
1170,870,1169,rolling300,extreme_sum,300,34,0.11340235676594157,0.11443770825506504,0,0.012860094520069894,0.01309598907067138,0.12036401488128311,0.12153247782470628
1170,1,1169,expanding,narrow_three_span_le4,1169,288,0.24668012973843456,0.26513371294993526,0,0.060851086407770906,0.07029588574261866,0.28326534687781457,0.30806671870004826
1170,870,1169,rolling300,narrow_three_span_le4,300,68,0.22907085705937097,0.26513371294993526,0,0.05247345755391477,0.07029588574261866,0.2601588124428692,0.30806671870004826
1170,1,1169,expanding,large_gap_ge15,1169,501,0.4287095981484942,0.4367856099279809,1,0.326372723247655,0.3172104491841965,0.8469755166657039,0.8283127993981904
1170,870,1169,rolling300,large_gap_ge15,300,123,0.4116741006204988,0.4367856099279809,1,0.346127363880699,0.3172104491841965,0.8875232605637697,0.8283127993981904
1170,1,1169,expanding,previous_overlap_ge2,1168,221,0.1889782508562481,0.17530810086113546,0,0.03571277929668703,0.030732930227538046,0.20946040753981135,0.19274541798861644
1170,870,1169,rolling300,previous_overlap_ge2,300,48,0.16095675630382095,0.17530810086113546,0,0.025907077399847604,0.030732930227538046,0.1754930318930178,0.19274541798861644
1171,1,1170,expanding,consecutive_ge1,1170,609,0.5206512182555691,0.5287474862063631,1,0.22977525455987,0.2220789317568219,0.652674908134641,0.6372443028525948
1171,871,1170,rolling300,consecutive_ge1,300,159,0.5299217178878977,0.5287474862063631,1,0.22097359131346528,0.2220789317568219,0.635025985443305,0.6372443028525948
1171,1,1170,expanding,consecutive_ge2,1170,149,0.12730784470752154,0.12481676009753151,1,0.7615915979090313,0.7659457034061817,2.0611471515348705,2.0809085364103663
1171,871,1170,rolling300,consecutive_ge2,300,36,0.12030104750609572,0.12481676009753151,1,0.7738702470188724,0.7659457034061817,2.117757948590571,2.0809085364103663
1171,1,1170,expanding,band_ge3,1170,513,0.4387045366282439,0.45291992938050796,1,0.31505259720171447,0.2992966036690284,0.8239291297915342,0.7920399254567645
1171,871,1170,rolling300,band_ge3,300,119,0.4001824955862817,0.45291992938050796,1,0.35978103860110094,0.2992966036690284,0.9158345969538025,0.7920399254567645
1171,1,1170,expanding,band_ge4,1170,70,0.059937490181964606,0.06628066582689385,0,0.0035925027293131034,0.004393126662456374,0.06180890612268093,0.0685793846560867
1171,871,1170,rolling300,band_ge4,300,16,0.05414254161418086,0.06628066582689385,0,0.0029314148124433064,0.004393126662456374,0.05566339952245692,0.0685793846560867
1171,1,1170,expanding,odd_imbalance,1170,201,0.17204710585311833,0.18680279826054075,0,0.029600206632434106,0.034895285437968285,0.1887990173421934,0.20678163828224355
1171,871,1170,rolling300,odd_imbalance,300,52,0.1741751748912838,0.18680279826054075,0,0.030336991548409305,0.034895285437968285,0.19137260409205228,0.20678163828224355
1171,1,1170,expanding,low_high_imbalance,1170,229,0.1955765176178242,0.18680279826054075,1,0.6470971390078666,0.6612896889168869,1.631803581666976,1.677701773318112
1171,871,1170,rolling300,low_high_imbalance,300,62,0.20542517489128378,0.18680279826054075,1,0.631349152696547,0.6612896889168869,1.5826734238020557,1.677701773318112
1171,1,1170,expanding,repeated_end,1170,912,0.7796687405947785,0.790290065389328,1,0.04854586387109099,0.043978256674412325,0.24888614105065063,0.2353552295330889
1171,871,1170,rolling300,repeated_end,300,232,0.774393129086833,0.790290065389328,1,0.0508984602032304,0.043978256674412325,0.25567561562262164,0.2353552295330889
1171,1,1170,expanding,end_multiplicity_ge3,1170,95,0.08133583965221214,0.08948245930662266,0,0.006615518811930364,0.00800711052356138,0.08483466373400274,0.09374211509792349
1171,871,1170,rolling300,end_multiplicity_ge3,300,28,0.09309265370666392,0.08948245930662266,0,0.008666242174148847,0.00800711052356138,0.09771498811668185,0.09374211509792349
1171,1,1170,expanding,multiple_repeat_end_groups,1170,287,0.2449762269678665,0.22608550458805707,0,0.06001335177941164,0.05111465538483637,0.2810060427690525,0.25629388253878654
1171,871,1170,rolling300,multiple_repeat_end_groups,300,81,0.26725534403675355,0.22608550458805707,0,0.0714254189162035,0.05111465538483637,0.31095799254192474,0.25629388253878654
1171,1,1170,expanding,extreme_sum,1170,146,0.12461239845806832,0.11443770825506504,1,0.7663034529333358,0.7842205725605412,2.082547171495171,2.167724636734186
1171,871,1170,rolling300,extreme_sum,300,33,0.11027735676594157,0.11443770825506504,1,0.7916063818833997,0.7842205725605412,2.2047566615038714,2.167724636734186
1171,1,1170,expanding,narrow_three_span_le4,1170,288,0.24647283551176363,0.26513371294993526,1,0.5678031876216817,0.5400284598427482,1.400503492335579,1.3275210030826026
1171,871,1170,rolling300,narrow_three_span_le4,300,68,0.22907085705937097,0.26513371294993526,1,0.5943317434351729,0.5400284598427482,1.4737239038149945,1.3275210030826026
1171,1,1170,expanding,large_gap_ge15,1170,502,0.42918967411643666,0.4367856099279809,0,0.1842037763681731,0.19078166904015828,0.5606983033476306,0.574094923910703
1171,871,1170,rolling300,large_gap_ge15,300,124,0.4147991006204988,0.4367856099279809,0,0.1720582938755747,0.19078166904015828,0.5358000729619194,0.574094923910703
1171,1,1170,expanding,previous_overlap_ge2,1169,221,0.18881931204139843,0.17530810086113546,0,0.03565273259978699,0.030732930227538046,0.20926445318575168,0.19274541798861644
1171,871,1170,rolling300,previous_overlap_ge2,300,48,0.16095675630382095,0.17530810086113546,0,0.025907077399847604,0.030732930227538046,0.1754930318930178,0.19274541798861644
1172,1,1171,expanding,consecutive_ge1,1171,610,0.5210536941428441,0.5287474862063631,0,0.2714969521799045,0.2795739041695482,0.7361667841861012,0.7523612059240392
1172,872,1171,rolling300,consecutive_ge1,300,160,0.5330467178878977,0.5287474862063631,0,0.28413880345106,0.2795739041695482,0.761526064621254,0.7523612059240392
1172,1,1171,expanding,consecutive_ge2,1171,150,0.1280405837128049,0.12481676009753151,0,0.016394391077515804,0.015579223601244734,0.13701239711127278,0.1333219975178157
1172,872,1171,rolling300,consecutive_ge2,300,37,0.12342604750609572,0.12481676009753151,0,0.015233989202976996,0.015579223601244734,0.1317342056826831,0.1333219975178157
1172,1,1171,expanding,band_ge3,1171,514,0.4391758174539129,0.45291992938050796,0,0.19287539863631262,0.20513646243004433,0.5783478226756154,0.6031601058843978
1172,872,1171,rolling300,band_ge3,300,120,0.40330749558628176,0.45291992938050796,0,0.1626569359960787,0.20513646243004433,0.5163533662663363,0.6031601058843978
1172,1,1171,expanding,band_ge4,1171,70,0.05988716483336514,0.06628066582689385,0,0.003586472511778646,0.004393126662456374,0.06175537351068731,0.0685793846560867
1172,872,1171,rolling300,band_ge4,300,16,0.05414254161418086,0.06628066582689385,0,0.0029314148124433064,0.004393126662456374,0.05566339952245692,0.0685793846560867
1172,1,1171,expanding,odd_imbalance,1171,201,0.17190264984484535,0.18680279826054075,0,0.02955052102367951,0.034895285437968285,0.1886245588568469,0.20678163828224355
1172,872,1171,rolling300,odd_imbalance,300,51,0.1710501748912838,0.18680279826054075,0,0.029258162330338774,0.034895285437968285,0.18759565027597674,0.20678163828224355
1172,1,1171,expanding,low_high_imbalance,1171,230,0.19625193615886719,0.18680279826054075,0,0.03851482244610408,0.034895285437968285,0.2184694123400425,0.20678163828224355
1172,872,1171,rolling300,low_high_imbalance,300,63,0.20855017489128377,0.18680279826054075,0,0.04349317544718505,0.034895285437968285,0.23388879382619754,0.20678163828224355
1172,1,1171,expanding,repeated_end,1171,913,0.7798537374540608,0.790290065389328,1,0.04846437691294558,0.043978256674412325,0.24864889296637613,0.2353552295330889
1172,872,1171,rolling300,repeated_end,300,232,0.774393129086833,0.790290065389328,1,0.0508984602032304,0.043978256674412325,0.25567561562262164,0.2353552295330889
1172,1,1171,expanding,end_multiplicity_ge3,1171,95,0.08126754759540927,0.08948245930662266,0,0.0066044142921721114,0.00800711052356138,0.0847603280610616,0.09374211509792349
1172,872,1171,rolling300,end_multiplicity_ge3,300,28,0.09309265370666392,0.08948245930662266,0,0.008666242174148847,0.00800711052356138,0.09771498811668185,0.09374211509792349
1172,1,1171,expanding,multiple_repeat_end_groups,1171,287,0.24477053744060548,0.22608550458805707,0,0.059912615998962845,0.05111465538483637,0.2807336519889034,0.25629388253878654
1172,872,1171,rolling300,multiple_repeat_end_groups,300,80,0.26413034403675356,0.22608550458805707,0,0.0697648386409738,0.05111465538483637,0.30670227381296516,0.25629388253878654
1172,1,1171,expanding,extreme_sum,1171,147,0.12534740064240243,0.11443770825506504,0,0.015711970847806952,0.01309598907067138,0.13392850076712795,0.12153247782470628
1172,872,1171,rolling300,extreme_sum,300,34,0.11340235676594157,0.11443770825506504,0,0.012860094520069894,0.01309598907067138,0.12036401488128311,0.12153247782470628
1172,1,1171,expanding,narrow_three_span_le4,1171,289,0.24710551994878144,0.26513371294993526,1,0.5668500980915947,0.5400284598427482,1.3979398273104076,1.3275210030826026
1172,872,1171,rolling300,narrow_three_span_le4,300,69,0.23219585705937096,0.26513371294993526,1,0.5895232019167939,0.5400284598427482,1.4601740519990907,1.3275210030826026
1172,1,1171,expanding,large_gap_ge15,1171,502,0.42882931334891655,0.4367856099279809,1,0.3262359532894702,0.3172104491841965,0.8466963102073263,0.8283127993981904
1172,872,1171,rolling300,large_gap_ge15,300,124,0.4147991006204988,0.4367856099279809,1,0.34246009263457716,0.3172104491841965,0.8799609708535638,0.8283127993981904
1172,1,1171,expanding,previous_overlap_ge2,1170,221,0.18866064035060734,0.17530810086113546,0,0.03559283721750121,0.030732930227538046,0.20906886646060663,0.19274541798861644
1172,872,1171,rolling300,previous_overlap_ge2,300,48,0.16095675630382095,0.17530810086113546,0,0.025907077399847604,0.030732930227538046,0.1754930318930178,0.19274541798861644
1173,1,1172,expanding,consecutive_ge1,1172,610,0.5206165685605094,0.5287474862063631,0,0.2710416114597196,0.2795739041695482,0.7352545186147886,0.7523612059240392
1173,873,1172,rolling300,consecutive_ge1,300,159,0.5299217178878977,0.5287474862063631,0,0.2808170270892606,0.2795739041695482,0.7548560404618999,0.7523612059240392
1173,1,1172,expanding,consecutive_ge2,1172,150,0.1279331671157304,0.12481676009753151,0,0.016366895248261404,0.015579223601244734,0.13688921479419316,0.1333219975178157
1173,873,1172,rolling300,consecutive_ge2,300,37,0.12342604750609572,0.12481676009753151,0,0.015233989202976996,0.015579223601244734,0.1317342056826831,0.1333219975178157
1173,1,1172,expanding,band_ge3,1172,514,0.43880738136544484,0.45291992938050796,0,0.19255191794079896,0.20513646243004433,0.5776910836654281,0.6031601058843978
1173,873,1172,rolling300,band_ge3,300,120,0.40330749558628176,0.45291992938050796,0,0.1626569359960787,0.20513646243004433,0.5163533662663363,0.6031601058843978
1173,1,1172,expanding,band_ge4,1172,70,0.05983692392327004,0.06628066582689385,0,0.003580457464599206,0.004393126662456374,0.061701933576891826,0.0685793846560867
1173,873,1172,rolling300,band_ge4,300,16,0.05414254161418086,0.06628066582689385,0,0.0029314148124433064,0.004393126662456374,0.05566339952245692,0.0685793846560867
1173,1,1172,expanding,odd_imbalance,1172,201,0.17175843621242518,0.18680279826054075,0,0.02950096041013773,0.034895285437968285,0.18845042344099608,0.20678163828224355
1173,873,1172,rolling300,odd_imbalance,300,51,0.1710501748912838,0.18680279826054075,0,0.029258162330338774,0.034895285437968285,0.18759565027597674,0.20678163828224355
1173,1,1172,expanding,low_high_imbalance,1172,230,0.19608729527282787,0.18680279826054075,0,0.03845022736741318,0.034895285437968285,0.21826459190797898,0.20678163828224355
1173,873,1172,rolling300,low_high_imbalance,300,63,0.20855017489128377,0.18680279826054075,0,0.04349317544718505,0.034895285437968285,0.23388879382619754,0.20678163828224355
1173,1,1172,expanding,repeated_end,1172,914,0.7800384239159283,0.790290065389328,1,0.04838309495338888,0.043978256674412325,0.2484120990811268,0.2353552295330889
1173,873,1172,rolling300,repeated_end,300,232,0.774393129086833,0.790290065389328,1,0.0508984602032304,0.043978256674412325,0.25567561562262164,0.2353552295330889
1173,1,1172,expanding,end_multiplicity_ge3,1172,95,0.08119937012259434,0.08948245930662266,0,0.006593337708306067,0.00800711052356138,0.08468612262388768,0.09374211509792349
1173,873,1172,rolling300,end_multiplicity_ge3,300,28,0.09309265370666392,0.08948245930662266,0,0.008666242174148847,0.00800711052356138,0.09771498811668185,0.09374211509792349
1173,1,1172,expanding,multiple_repeat_end_groups,1172,287,0.24456519303000093,0.22608550458805707,1,0.5706817475817998,0.5989436462087222,1.4082733674493337,1.4868420123767523
1173,873,1172,rolling300,multiple_repeat_end_groups,300,79,0.2610053440367536,0.22608550458805707,1,0.5461131015422369,0.5989436462087222,1.3432143966324548,1.4868420123767523
1173,1,1172,expanding,extreme_sum,1172,147,0.12524224342709842,0.11443770825506504,0,0.015685619538652575,0.01309598907067138,0.13380828058542593,0.12153247782470628
1173,873,1172,rolling300,extreme_sum,300,34,0.11340235676594157,0.11443770825506504,0,0.012860094520069894,0.01309598907067138,0.12036401488128311,0.12153247782470628
1173,1,1172,expanding,narrow_three_span_le4,1172,290,0.24773714283473044,0.26513371294993526,0,0.06137369193991563,0.07029588574261866,0.2846694720058529,0.30806671870004826
1173,873,1172,rolling300,narrow_three_span_le4,300,69,0.23219585705937096,0.26513371294993526,0,0.05391491603553583,0.07029588574261866,0.2642206005708816,0.30806671870004826
1173,1,1172,expanding,large_gap_ge15,1172,503,0.4293084833880534,0.4367856099279809,0,0.1843057739089505,0.19078166904015828,0.5609064664317759,0.574094923910703
1173,873,1172,rolling300,large_gap_ge15,300,124,0.4147991006204988,0.4367856099279809,0,0.1720582938755747,0.19078166904015828,0.5358000729619194,0.574094923910703
1173,1,1172,expanding,previous_overlap_ge2,1171,221,0.18850223511101824,0.17530810086113546,0,0.0355330926418496,0.030732930227538046,0.20887364632705535,0.19274541798861644
1173,873,1172,rolling300,previous_overlap_ge2,300,47,0.15783175630382096,0.17530810086113546,0,0.024910863297948727,0.030732930227538046,0.17177547033403354,0.19274541798861644
1174,1,1173,expanding,consecutive_ge1,1173,610,0.5201801757955803,0.5287474862063631,0,0.27058741529072083,0.2795739041695482,0.7343446117885347,0.7523612059240392
1174,874,1173,rolling300,consecutive_ge1,300,158,0.5267967178878977,0.5287474862063631,0,0.2775147819774613,0.2795739041695482,0.7482302109085056,0.7523612059240392
1174,1,1173,expanding,consecutive_ge2,1173,150,0.12782593059677338,0.12481676009753151,0,0.016339468532931126,0.015579223601244734,0.13676625411949334,0.1333219975178157
1174,874,1173,rolling300,consecutive_ge2,300,37,0.12342604750609572,0.12481676009753151,0,0.015233989202976996,0.015579223601244734,0.1317342056826831,0.1333219975178157
1174,1,1173,expanding,band_ge3,1173,514,0.43843956294015946,0.45291992938050796,1,0.3153501244708392,0.2992966036690284,0.8245333034872245,0.7920399254567645
1174,874,1173,rolling300,band_ge3,300,120,0.40330749558628176,0.45291992938050796,1,0.35604194482351514,0.2992966036690284,0.9080559916413032,0.7920399254567645
1174,1,1173,expanding,band_ge4,1173,70,0.05978676723934441,0.06628066582689385,0,0.003574457536931546,0.004393126662456374,0.061648586080753125,0.0685793846560867
1174,874,1173,rolling300,band_ge4,300,16,0.05414254161418086,0.06628066582689385,0,0.0029314148124433064,0.004393126662456374,0.05566339952245692,0.0685793846560867
1174,1,1173,expanding,odd_imbalance,1173,201,0.1716144643463628,0.18680279826054075,0,0.029451524372889025,0.034895285437968285,0.18827661019542824,0.20678163828224355
1174,874,1173,rolling300,odd_imbalance,300,50,0.1679251748912838,0.18680279826054075,0,0.028198864362268254,0.034895285437968285,0.18383290817985112,0.20678163828224355
1174,1,1173,expanding,low_high_imbalance,1173,230,0.19592293039833264,0.18680279826054075,0,0.038385794655869894,0.034895285437968285,0.2180601566837111,0.20678163828224355
1174,874,1173,rolling300,low_high_imbalance,300,63,0.20855017489128377,0.18680279826054075,0,0.04349317544718505,0.034895285437968285,0.23388879382619754,0.20678163828224355
1174,1,1173,expanding,repeated_end,1173,915,0.7802228007609275,0.790290065389328,0,0.6087476188272261,0.6245583874530684,1.5151409765195216,1.5620299668475026
1174,874,1173,rolling300,repeated_end,300,232,0.774393129086833,0.790290065389328,0,0.5996847183768964,0.6245583874530684,1.4889613036466274,1.5620299668475026
1174,1,1173,expanding,end_multiplicity_ge3,1173,95,0.08113130694562654,0.08948245930662266,0,0.006582288966705469,0.00800711052356138,0.08461204708031778,0.09374211509792349
1174,874,1173,rolling300,end_multiplicity_ge3,300,27,0.08996765370666392,0.08948245930662266,0,0.008094178713482197,0.00800711052356138,0.0942751347256709,0.09374211509792349
1174,1,1173,expanding,multiple_repeat_end_groups,1173,288,0.24519841583550805,0.22608550458805707,0,0.060122263128242724,0.05111465538483637,0.28130036670285913,0.25629388253878654
1174,874,1173,rolling300,multiple_repeat_end_groups,300,80,0.26413034403675356,0.22608550458805707,0,0.0697648386409738,0.05111465538483637,0.30670227381296516,0.25629388253878654
1174,1,1173,expanding,extreme_sum,1173,147,0.12513726250218046,0.11443770825506504,0,0.01565933446653962,0.01309598907067138,0.13368827636119593,0.12153247782470628
1174,874,1173,rolling300,extreme_sum,300,34,0.11340235676594157,0.11443770825506504,0,0.012860094520069894,0.01309598907067138,0.12036401488128311,0.12153247782470628
1174,1,1173,expanding,narrow_three_span_le4,1173,290,0.2475294838717508,0.26513371294993526,0,0.06127084538581534,0.07029588574261866,0.2843934643516285,0.30806671870004826
1174,874,1173,rolling300,narrow_three_span_le4,300,69,0.23219585705937096,0.26513371294993526,0,0.05391491603553583,0.07029588574261866,0.2642206005708816,0.30806671870004826
1174,1,1173,expanding,large_gap_ge15,1173,503,0.42894862715721677,0.4367856099279809,1,0.3260996704256275,0.3172104491841965,0.8464181174410276,0.8283127993981904
1174,874,1173,rolling300,large_gap_ge15,300,123,0.4116741006204988,0.4367856099279809,1,0.346127363880699,0.3172104491841965,0.8875232605637697,0.8283127993981904
1174,1,1173,expanding,previous_overlap_ge2,1172,221,0.18834409565203247,0.17530810086113546,0,0.03547349836698196,0.030732930227538046,0.20867879175168974,0.19274541798861644
1174,874,1173,rolling300,previous_overlap_ge2,300,47,0.15783175630382096,0.17530810086113546,0,0.024910863297948727,0.030732930227538046,0.17177547033403354,0.19274541798861644
1175,1,1174,expanding,consecutive_ge1,1174,610,0.5197445140068068,0.5287474862063631,1,0.23064533182655822,0.2220789317568219,0.6544179073611787,0.6372443028525948
1175,875,1174,rolling300,consecutive_ge1,300,158,0.5267967178878977,0.5287474862063631,1,0.22392134620166584,0.2220789317568219,0.640940539413555,0.6372443028525948
1175,1,1174,expanding,consecutive_ge2,1174,150,0.12771887370347626,0.12481676009753151,0,0.01631211070008452,0.015579223601244734,0.1366435144885811,0.1333219975178157
1175,875,1174,rolling300,consecutive_ge2,300,37,0.12342604750609572,0.12481676009753151,0,0.015233989202976996,0.015579223601244734,0.1317342056826831,0.1333219975178157
1175,1,1174,expanding,band_ge3,1174,515,0.43890988156416266,0.45291992938050796,1,0.314822121006342,0.2992966036690284,0.8234611681550582,0.7920399254567645
1175,875,1174,rolling300,band_ge3,300,121,0.40643249558628175,0.45291992938050796,1,0.3523223822959295,0.2992966036690284,0.9003374263025505,0.7920399254567645
1175,1,1174,expanding,band_ge4,1174,70,0.05973669456996473,0.06628066582689385,1,0.8840950835382158,0.8718317950086687,2.817808797990019,2.7138570408059484
1175,875,1174,rolling300,band_ge4,300,16,0.05414254161418086,0.06628066582689385,1,0.8946463315840816,0.8718317950086687,2.9161350506784274,2.7138570408059484
1175,1,1174,expanding,odd_imbalance,1174,201,0.17147073363920504,0.18680279826054075,1,0.6864607452163571,0.6612896889168869,1.7633426762724782,1.677701773318112
1175,875,1174,rolling300,odd_imbalance,300,50,0.1679251748912838,0.18680279826054075,1,0.6923485145797007,0.6612896889168869,1.7842367863452562,1.677701773318112
1175,1,1174,expanding,low_high_imbalance,1174,230,0.1957588408418851,0.18680279826054075,0,0.038321523767758506,0.034895285437968285,0.21785610557730362,0.20678163828224355
1175,875,1174,rolling300,low_high_imbalance,300,63,0.20855017489128377,0.18680279826054075,0,0.04349317544718505,0.034895285437968285,0.23388879382619754,0.20678163828224355
1175,1,1174,expanding,repeated_end,1174,915,0.7795693478289669,0.790290065389328,1,0.04858967241654697,0.043978256674412325,0.24901362993985127,0.2353552295330889
1175,875,1174,rolling300,repeated_end,300,232,0.774393129086833,0.790290065389328,1,0.0508984602032304,0.043978256674412325,0.25567561562262164,0.2353552295330889
1175,1,1174,expanding,end_multiplicity_ge3,1174,95,0.08106335777733036,0.08948245930662266,0,0.006571267974135465,0.00800711052356138,0.0845381010893873,0.09374211509792349
1175,875,1174,rolling300,end_multiplicity_ge3,300,27,0.08996765370666392,0.08948245930662266,0,0.008094178713482197,0.00800711052356138,0.0942751347256709,0.09374211509792349
1175,1,1174,expanding,multiple_repeat_end_groups,1174,288,0.24499305702827565,0.22608550458805707,0,0.06002159799205992,0.05111465538483637,0.28102833378635633,0.25629388253878654
1175,875,1174,rolling300,multiple_repeat_end_groups,300,80,0.26413034403675356,0.22608550458805707,0,0.0697648386409738,0.05111465538483637,0.30670227381296516,0.25629388253878654
1175,1,1174,expanding,extreme_sum,1174,147,0.12503245742470795,0.11443770825506504,0,0.015633115409661405,0.01309598907067138,0.13356848751219566,0.12153247782470628
1175,875,1174,rolling300,extreme_sum,300,34,0.11340235676594157,0.11443770825506504,0,0.012860094520069894,0.01309598907067138,0.12036401488128311,0.12153247782470628
1175,1,1174,expanding,narrow_three_span_le4,1174,290,0.24732217274623008,0.26513371294993526,1,0.566523911639456,0.5400284598427482,1.397063449168503,1.3275210030826026
1175,875,1174,rolling300,narrow_three_span_le4,300,69,0.23219585705937096,0.26513371294993526,1,0.5895232019167939,0.5400284598427482,1.4601740519990907,1.3275210030826026
1175,1,1174,expanding,large_gap_ge15,1174,504,0.4294268946386597,0.4367856099279809,1,0.32555366856168316,0.3172104491841965,0.8453037624325472,0.8283127993981904
1175,875,1174,rolling300,large_gap_ge15,300,124,0.4147991006204988,0.4367856099279809,1,0.34246009263457716,0.3172104491841965,0.8799609708535638,0.8283127993981904
1175,1,1174,expanding,previous_overlap_ge2,1173,221,0.18818622130529986,0.17530810086113546,0,0.035414053889167296,0.030732930227538046,0.20848430170499616,0.19274541798861644
1175,875,1174,rolling300,previous_overlap_ge2,300,47,0.15783175630382096,0.17530810086113546,0,0.024910863297948727,0.030732930227538046,0.17177547033403354,0.19274541798861644
1176,1,1175,expanding,consecutive_ge1,1175,611,0.5201464014427843,0.5287474862063631,0,0.2705522789338782,0.2795739041695482,0.7342742246088779,0.7523612059240392
1176,876,1175,rolling300,consecutive_ge1,300,159,0.5299217178878977,0.5287474862063631,0,0.2808170270892606,0.2795739041695482,0.7548560404618999,0.7523612059240392
1176,1,1175,expanding,consecutive_ge2,1175,150,0.12761199598489595,0.12481676009753151,0,0.0162848215192491,0.015579223601244734,0.13652099530502115,0.1333219975178157
1176,876,1175,rolling300,consecutive_ge2,300,37,0.12342604750609572,0.12481676009753151,0,0.015233989202976996,0.015579223601244734,0.1317342056826831,0.1333219975178157
1176,1,1175,expanding,band_ge3,1175,516,0.4393794130440253,0.45291992938050796,0,0.19305426860691216,0.20513646243004433,0.5787109178504933,0.6031601058843978
1176,876,1175,rolling300,band_ge3,300,122,0.40955749558628174,0.45291992938050796,0,0.1677373421909072,0.20513646243004433,0.526883015716554,0.6031601058843978
1176,1,1175,expanding,band_ge4,1175,71,0.06052352578789781,0.06628066582689385,0,0.0036630971737983313,0.004393126662456374,0.06243250119562547,0.0685793846560867
1176,876,1175,rolling300,band_ge4,300,17,0.057267541614180864,0.06628066582689385,0,0.003279571322531937,0.004393126662456374,0.05897274987350888,0.0685793846560867
1176,1,1175,expanding,odd_imbalance,1175,202,0.17216406356921407,0.18680279826054075,1,0.6853123376462362,0.6612896889168869,1.7593073988415606,1.677701773318112
1176,876,1175,rolling300,odd_imbalance,300,51,0.1710501748912838,0.18680279826054075,1,0.6871578125477711,0.6612896889168869,1.7657983451019645,1.677701773318112
1176,1,1175,expanding,low_high_imbalance,1175,230,0.19559502591231032,0.18680279826054075,0,0.038257414161637346,0.034895285437968285,0.21765243750294525,0.20678163828224355
1176,876,1175,rolling300,low_high_imbalance,300,63,0.20855017489128377,0.18680279826054075,0,0.04349317544718505,0.034895285437968285,0.23388879382619754,0.20678163828224355
1176,1,1175,expanding,repeated_end,1175,916,0.7797538086257628,0.790290065389328,1,0.04850838481485711,0.043978256674412325,0.24877703908709214,0.2353552295330889
1176,876,1175,rolling300,repeated_end,300,232,0.774393129086833,0.790290065389328,1,0.0508984602032304,0.043978256674412325,0.25567561562262164,0.2353552295330889
1176,1,1175,expanding,end_multiplicity_ge3,1175,95,0.08099552233149158,0.08948245930662266,0,0.006560274637751152,0.00800711052356138,0.08446428431132469,0.09374211509792349
1176,876,1175,rolling300,end_multiplicity_ge3,300,27,0.08996765370666392,0.08948245930662266,0,0.008094178713482197,0.00800711052356138,0.0942751347256709,0.09374211509792349
1176,1,1175,expanding,multiple_repeat_end_groups,1175,288,0.24478804191779174,0.22608550458805707,0,0.05992118546594657,0.05111465538483637,0.2807568299512497,0.25629388253878654
1176,876,1175,rolling300,multiple_repeat_end_groups,300,79,0.2610053440367536,0.22608550458805707,0,0.0681237896157441,0.05111465538483637,0.30246458950359184,0.25629388253878654
1176,1,1175,expanding,extreme_sum,1175,147,0.12492782775322284,0.11443770825506504,0,0.015606962147138914,0.01309598907067138,0.13344891345827728,0.12153247782470628
1176,876,1175,rolling300,extreme_sum,300,33,0.11027735676594157,0.11443770825506504,0,0.012161095415282758,0.01309598907067138,0.11684550164045943,0.12153247782470628
1176,1,1175,expanding,narrow_three_span_le4,1175,291,0.24795202866861815,0.26513371294993526,1,0.565576151183647,0.5400284598427482,1.3945199843155194,1.3275210030826026
1176,876,1175,rolling300,narrow_three_span_le4,300,70,0.23532085705937095,0.26513371294993526,1,0.5847341916484149,0.5400284598427482,1.4468053468908189,1.3275210030826026
1176,1,1175,expanding,large_gap_ge15,1175,505,0.42990436167243484,0.4367856099279809,0,0.18481776018498366,0.19078166904015828,0.5619511456885403,0.574094923910703
1176,876,1175,rolling300,large_gap_ge15,300,125,0.4179241006204988,0.4367856099279809,0,0.17466055387945278,0.19078166904015828,0.5411544284485293,0.574094923910703
1176,1,1175,expanding,previous_overlap_ge2,1174,221,0.18802861140470914,0.17530810086113546,0,0.03535475870678312,0.030732930227538046,0.20829017516133685,0.19274541798861644
1176,876,1175,rolling300,previous_overlap_ge2,300,47,0.15783175630382096,0.17530810086113546,0,0.024910863297948727,0.030732930227538046,0.17177547033403354,0.19274541798861644
1177,1,1176,expanding,consecutive_ge1,1176,611,0.5197114964248556,0.5287474862063631,1,0.2306770466664515,0.2220789317568219,0.6544814359408029,0.6372443028525948
1177,877,1176,rolling300,consecutive_ge1,300,159,0.5299217178878977,0.5287474862063631,1,0.22097359131346528,0.2220789317568219,0.635025985443305,0.6372443028525948
1177,1,1176,expanding,consecutive_ge2,1176,150,0.12750529699159752,0.12481676009753151,0,0.016257600760915487,0.015579223601244734,0.13639869597452528,0.1333219975178157
1177,877,1176,rolling300,consecutive_ge2,300,37,0.12342604750609572,0.12481676009753151,0,0.015233989202976996,0.015579223601244734,0.1317342056826831,0.1333219975178157
1177,1,1176,expanding,band_ge3,1176,516,0.43901203895285135,0.45291992938050796,1,0.3147074924398372,0.2992966036690284,0.8232284427001804,0.7920399254567645
1177,877,1176,rolling300,band_ge3,300,122,0.40955749558628174,0.45291992938050796,1,0.3486223510183437,0.2992966036690284,0.8926779811826785,0.7920399254567645
1177,1,1176,expanding,band_ge4,1176,71,0.060472920833225655,0.06628066582689385,0,0.0036569741541015773,0.004393126662456374,0.06237863758840305,0.0685793846560867
1177,877,1176,rolling300,band_ge4,300,17,0.057267541614180864,0.06628066582689385,0,0.003279571322531937,0.004393126662456374,0.05897274987350888,0.0685793846560867
1177,1,1176,expanding,odd_imbalance,1176,203,0.17285623408462444,0.18680279826054075,1,0.6841668094926695,0.6612896889168869,1.7552950468221604,1.677701773318112
1177,877,1176,rolling300,odd_imbalance,300,52,0.1741751748912838,0.18680279826054075,1,0.6819866417658416,0.6612896889168869,1.747693733954021,1.677701773318112
1177,1,1176,expanding,low_high_imbalance,1176,230,0.19543148492074483,0.18680279826054075,1,0.6473304954568377,0.6612896889168869,1.6325454217458955,1.677701773318112
1177,877,1176,rolling300,low_high_imbalance,300,63,0.20855017489128377,0.18680279826054075,1,0.6263928256646174,0.6612896889168869,1.5675756197335227,1.677701773318112
1177,1,1176,expanding,repeated_end,1176,917,0.7799379609596877,0.790290065389328,1,0.04842730102657993,0.043978256674412325,0.24854089969292253,0.2353552295330889
1177,877,1176,rolling300,repeated_end,300,232,0.774393129086833,0.790290065389328,1,0.0508984602032304,0.043978256674412325,0.25567561562262164,0.2353552295330889
1177,1,1176,expanding,end_multiplicity_ge3,1176,95,0.08092780032285322,0.08948245930662266,0,0.006549308865095602,0.00800711052356138,0.08439059640754605,0.09374211509792349
1177,877,1176,rolling300,end_multiplicity_ge3,300,27,0.08996765370666392,0.08948245930662266,0,0.008094178713482197,0.00800711052356138,0.0942751347256709,0.09374211509792349
1177,1,1176,expanding,multiple_repeat_end_groups,1176,288,0.24458336964194075,0.22608550458805707,0,0.05982102470540622,0.05111465538483637,0.28048585364553225,0.25629388253878654
1177,877,1176,rolling300,multiple_repeat_end_groups,300,79,0.2610053440367536,0.22608550458805707,0,0.0681237896157441,0.05111465538483637,0.30246458950359184,0.25629388253878654
1177,1,1176,expanding,extreme_sum,1176,147,0.12482337304774356,0.11443770825506504,0,0.015580874459016153,0.01309598907067138,0.13332955362137744,0.12153247782470628
1177,877,1176,rolling300,extreme_sum,300,33,0.11027735676594157,0.11443770825506504,0,0.012161095415282758,0.01309598907067138,0.11684550164045943,0.12153247782470628
1177,1,1176,expanding,narrow_three_span_le4,1176,292,0.24858083132023304,0.26513371294993526,1,0.5646307670593921,0.5400284598427482,1.3919872093939414,1.3275210030826026
1177,877,1176,rolling300,narrow_three_span_le4,300,71,0.23844585705937096,0.26513371294993526,1,0.5799647126300361,0.5400284598427482,1.433613008851534,1.3275210030826026
1177,1,1176,expanding,large_gap_ge15,1176,505,0.4295449098650164,0.4367856099279809,1,0.3254190098609123,0.3172104491841965,0.8450289798925836,0.8283127993981904
1177,877,1176,rolling300,large_gap_ge15,300,125,0.4179241006204988,0.4367856099279809,1,0.3388123526384552,0.3172104491841965,0.8724554404074857,0.8283127993981904
1177,1,1176,expanding,previous_overlap_ge2,1175,221,0.18787126528637885,0.17530810086113546,0,0.03529561232030494,0.030732930227538046,0.20809641109893162,0.19274541798861644
1177,877,1176,rolling300,previous_overlap_ge2,300,47,0.15783175630382096,0.17530810086113546,0,0.024910863297948727,0.030732930227538046,0.17177547033403354,0.19274541798861644
1178,1,1177,expanding,consecutive_ge1,1177,612,0.5201127399533226,0.5287474862063631,1,0.23029178235510736,0.2220789317568219,0.6537096833034922,0.6372443028525948
1178,878,1177,rolling300,consecutive_ge1,300,159,0.5299217178878977,0.5287474862063631,1,0.22097359131346528,0.2220789317568219,0.635025985443305,0.6372443028525948
1178,1,1177,expanding,consecutive_ge2,1177,150,0.127398776275648,0.12481676009753151,1,0.7614328956452366,0.7659457034061817,2.060433141261886,2.0809085364103663
1178,878,1177,rolling300,consecutive_ge2,300,36,0.12030104750609572,0.12481676009753151,1,0.7738702470188724,0.7659457034061817,2.117757948590571,2.0809085364103663
1178,1,1177,expanding,band_ge3,1177,517,0.4394807005744446,0.45291992938050796,0,0.19314328617740464,0.20513646243004433,0.5788916045461059,0.6031601058843978
1178,878,1177,rolling300,band_ge3,300,123,0.41268249558628173,0.45291992938050796,0,0.17030684216332143,0.20513646243004433,0.5321897120047192,0.6031601058843978
1178,1,1177,expanding,band_ge4,1177,71,0.06042240043152705,0.06628066582689385,0,0.0036508664739078006,0.004393126662456374,0.06232486687271861,0.0685793846560867
1178,878,1177,rolling300,band_ge4,300,17,0.057267541614180864,0.06628066582689385,0,0.003279571322531937,0.004393126662456374,0.05897274987350888,0.0685793846560867
1178,1,1177,expanding,odd_imbalance,1177,204,0.17354724809123712,0.18680279826054075,0,0.030118647320041405,0.034895285437968285,0.19061252982969942,0.20678163828224355
1178,878,1177,rolling300,odd_imbalance,300,53,0.1773001748912838,0.18680279826054075,0,0.031435352016479824,0.034895285437968285,0.19516387738936303,0.20678163828224355
1178,1,1177,expanding,low_high_imbalance,1177,231,0.19610363906868072,0.18680279826054075,0,0.0384566372559794,0.034895285437968285,0.2182849224263254,0.20678163828224355
1178,878,1177,rolling300,low_high_imbalance,300,64,0.2116751748912838,0.18680279826054075,0,0.04480637966525558,0.034895285437968285,0.2378450594563876,0.20678163828224355
1178,1,1177,expanding,repeated_end,1177,918,0.7801218056038317,0.790290065389328,0,0.6085900315785826,0.6245583874530684,1.5146815477926852,1.5620299668475026
1178,878,1177,rolling300,repeated_end,300,232,0.774393129086833,0.790290065389328,0,0.5996847183768964,0.6245583874530684,1.4889613036466274,1.5620299668475026
1178,1,1177,expanding,end_multiplicity_ge3,1177,95,0.08086019146711149,0.08948245930662266,0,0.006538370564097929,0.00800711052356138,0.08431703704065009,0.09374211509792349
1178,878,1177,rolling300,end_multiplicity_ge3,300,27,0.08996765370666392,0.08948245930662266,0,0.008094178713482197,0.00800711052356138,0.0942751347256709,0.09374211509792349
1178,1,1177,expanding,multiple_repeat_end_groups,1177,288,0.244379039341488,0.22608550458805707,0,0.05972111486946854,0.05111465538483637,0.28021540332329936,0.25629388253878654
1178,878,1177,rolling300,multiple_repeat_end_groups,300,79,0.2610053440367536,0.22608550458805707,0,0.0681237896157441,0.05111465538483637,0.30246458950359184,0.25629388253878654
1178,1,1177,expanding,extreme_sum,1177,147,0.12471909286975881,0.11443770825506504,0,0.015554852126255523,0.01309598907067138,0.13321040742550833,0.12153247782470628
1178,878,1177,rolling300,extreme_sum,300,33,0.11027735676594157,0.11443770825506504,0,0.012161095415282758,0.01309598907067138,0.11684550164045943,0.12153247782470628
1178,1,1177,expanding,narrow_three_span_le4,1177,293,0.24920858334085105,0.26513371294993526,0,0.06210491801075391,0.07029588574261866,0.2866274065951894,0.30806671870004826
1178,878,1177,rolling300,narrow_three_span_le4,300,72,0.24157085705937095,0.26513371294993526,0,0.058356478980399036,0.07029588574261866,0.2765059019064261,0.30806671870004826
1178,1,1177,expanding,large_gap_ge15,1177,506,0.4300214805334667,0.4367856099279809,1,0.3248755126532612,0.3172104491841965,0.8439201168132324,0.8283127993981904
1178,878,1177,rolling300,large_gap_ge15,300,125,0.4179241006204988,0.4367856099279809,1,0.3388123526384552,0.3172104491841965,0.8724554404074857,0.8283127993981904
1178,1,1177,expanding,previous_overlap_ge2,1176,221,0.18771418228864775,0.17530810086113546,0,0.035236614232295675,0.030732930227538046,0.20790300849983986,0.19274541798861644
1178,878,1177,rolling300,previous_overlap_ge2,300,47,0.15783175630382096,0.17530810086113546,0,0.024910863297948727,0.030732930227538046,0.17177547033403354,0.19274541798861644
1179,1,1178,expanding,consecutive_ge1,1178,613,0.5205133136261496,0.5287474862063631,0,0.2709341096620744,0.2795739041695482,0.7350391506878073,0.7523612059240392
1179,879,1178,rolling300,consecutive_ge1,300,160,0.5330467178878977,0.5287474862063631,0,0.28413880345106,0.2795739041695482,0.761526064621254,0.7523612059240392
1179,1,1178,expanding,consecutive_ge2,1178,151,0.1281271579315114,0.12481676009753151,0,0.01641656859960646,0.015579223601244734,0.13711168902236434,0.1333219975178157
1179,879,1178,rolling300,consecutive_ge2,300,37,0.12342604750609572,0.12481676009753151,0,0.015233989202976996,0.015579223601244734,0.1317342056826831,0.1333219975178157
1179,1,1178,expanding,band_ge3,1178,517,0.43911385524842256,0.45291992938050796,0,0.1928209778711326,0.20513646243004433,0.5782373445886344,0.6031601058843978
1179,879,1178,rolling300,band_ge3,300,123,0.41268249558628173,0.45291992938050796,0,0.17030684216332143,0.20513646243004433,0.5321897120047192,0.6031601058843978
1179,1,1178,expanding,band_ge4,1178,71,0.06037196437106668,0.06628066582689385,0,0.0036447740820213445,0.004393126662456374,0.062271188808404904,0.0685793846560867
1179,879,1178,rolling300,band_ge4,300,17,0.057267541614180864,0.06628066582689385,0,0.003279571322531937,0.004393126662456374,0.05897274987350888,0.0685793846560867
1179,1,1178,expanding,odd_imbalance,1178,204,0.17340238394424942,0.18680279826054075,1,0.68326361886905,0.6612896889168869,1.7521404664934692,1.677701773318112
1179,879,1178,rolling300,odd_imbalance,300,53,0.1773001748912838,0.18680279826054075,1,0.6768350022339122,0.6612896889168869,1.729911079488001,1.677701773318112
1179,1,1178,expanding,low_high_imbalance,1178,231,0.19593994654859,0.18680279826054075,0,0.03839246265346431,0.034895285437968285,0.21808131924505503,0.20678163828224355
1179,879,1178,rolling300,low_high_imbalance,300,64,0.2116751748912838,0.18680279826054075,0,0.04480637966525558,0.034895285437968285,0.2378450594563876,0.20678163828224355
1179,1,1178,expanding,repeated_end,1178,918,0.7794706187878018,0.790290065389328,1,0.04863320797783505,0.043978256674412325,0.2491402835772322,0.2353552295330889
1179,879,1178,rolling300,repeated_end,300,231,0.7712681290868331,0.790290065389328,1,0.052318268771437665,0.043978256674412325,0.2597191979294578,0.2353552295330889
1179,1,1178,expanding,end_multiplicity_ge3,1178,95,0.08079269548091189,0.08948245930662266,0,0.006527459643071361,0.00800711052356138,0.08424360587441321,0.09374211509792349
1179,879,1178,rolling300,end_multiplicity_ge3,300,27,0.08996765370666392,0.08948245930662266,0,0.008094178713482197,0.00800711052356138,0.0942751347256709,0.09374211509792349
1179,1,1178,expanding,multiple_repeat_end_groups,1178,288,0.2441750501600677,0.22608550458805707,0,0.05962145512067158,0.05111465538483637,0.2799454774447192,0.25629388253878654
1179,879,1178,rolling300,multiple_repeat_end_groups,300,78,0.25788034403675353,0.22608550458805707,0,0.06650227184051435,0.05111465538483637,0.2982447874099869,0.25629388253878654
1179,1,1178,expanding,extreme_sum,1178,147,0.12461498678222145,0.11443770825506504,0,0.015528894930733226,0.01309598907067138,0.13309147429674859,0.12153247782470628
1179,879,1178,rolling300,extreme_sum,300,33,0.11027735676594157,0.11443770825506504,0,0.012161095415282758,0.01309598907067138,0.11684550164045943,0.12153247782470628
1179,1,1178,expanding,narrow_three_span_le4,1178,293,0.24900056282053315,0.26513371294993526,0,0.06200128028494228,0.07029588574261866,0.28635037664642315,0.30806671870004826
1179,879,1178,rolling300,narrow_three_span_le4,300,72,0.24157085705937095,0.26513371294993526,0,0.058356478980399036,0.07029588574261866,0.2765059019064261,0.30806671870004826
1179,1,1178,expanding,large_gap_ge15,1178,507,0.43049725559145213,0.4367856099279809,1,0.3243333758888678,0.3172104491841965,0.8428143300674192,0.8283127993981904
1179,879,1178,rolling300,large_gap_ge15,300,126,0.4210491006204988,0.4367856099279809,1,0.3351841438923333,0.3172104491841965,0.8650058235480829,0.8283127993981904
1179,1,1178,expanding,previous_overlap_ge2,1177,221,0.18755736175206578,0.17530810086113546,0,0.03517776394739527,0.030732930227538046,0.20770996634994246,0.19274541798861644
1179,879,1178,rolling300,previous_overlap_ge2,300,47,0.15783175630382096,0.17530810086113546,0,0.024910863297948727,0.030732930227538046,0.17177547033403354,0.19274541798861644
1180,1,1179,expanding,consecutive_ge1,1179,613,0.520079190762408,0.5287474862063631,1,0.2303239831392651,0.2220789317568219,0.6537741890738901,0.6372443028525948
1180,880,1179,rolling300,consecutive_ge1,300,159,0.5299217178878977,0.5287474862063631,1,0.22097359131346528,0.2220789317568219,0.635025985443305,0.6372443028525948
1180,1,1179,expanding,consecutive_ge2,1179,151,0.12802029624849928,0.12481676009753151,0,0.01638919625155352,0.015579223601244734,0.13698913085837047,0.1333219975178157
1180,880,1179,rolling300,consecutive_ge2,300,37,0.12342604750609572,0.12481676009753151,0,0.015233989202976996,0.015579223601244734,0.1317342056826831,0.1333219975178157
1180,1,1179,expanding,band_ge3,1179,517,0.4387476218412095,0.45291992938050796,0,0.192499475671317,0.20513646243004433,0.5775846026806805,0.6031601058843978
1180,880,1179,rolling300,band_ge3,300,122,0.40955749558628174,0.45291992938050796,0,0.1677373421909072,0.20513646243004433,0.526883015716554,0.6031601058843978
1180,1,1179,expanding,band_ge4,1179,71,0.06032161244081558,0.06628066582689385,0,0.003638696927459957,0.004393126662456374,0.06221760315612177,0.0685793846560867
1180,880,1179,rolling300,band_ge4,300,17,0.057267541614180864,0.06628066582689385,0,0.003279571322531937,0.004393126662456374,0.05897274987350888,0.0685793846560867
1180,1,1179,expanding,odd_imbalance,1179,205,0.1740917897958389,0.18680279826054075,0,0.030307951274318554,0.034895285437968285,0.19127163729689467,0.20678163828224355
1180,880,1179,rolling300,odd_imbalance,300,54,0.1804251748912838,0.18680279826054075,0,0.03255324373455034,0.034895285437968285,0.19896957915952088,0.20678163828224355
1180,1,1179,expanding,low_high_imbalance,1179,231,0.19577652707690643,0.18680279826054075,0,0.038328448554294674,0.034895285437968285,0.2178780970276212,0.20678163828224355
1180,880,1179,rolling300,low_high_imbalance,300,63,0.20855017489128377,0.18680279826054075,0,0.04349317544718505,0.034895285437968285,0.23388879382619754,0.20678163828224355
1180,1,1179,expanding,repeated_end,1179,919,0.7796545465452764,0.790290065389328,0,0.6078612119487207,0.6245583874530684,1.512558721196216,1.5620299668475026
1180,880,1179,rolling300,repeated_end,300,231,0.7712681290868331,0.790290065389328,0,0.5948545269451038,0.6245583874530684,1.475204830805793,1.5620299668475026
1180,1,1179,expanding,end_multiplicity_ge3,1179,95,0.08072531208184525,0.08948245930662266,0,0.00651657601071131,0.00800711052356138,0.08417030257378354,0.09374211509792349
1180,880,1179,rolling300,end_multiplicity_ge3,300,27,0.08996765370666392,0.08948245930662266,0,0.008094178713482197,0.00800711052356138,0.0942751347256709,0.09374211509792349
1180,1,1179,expanding,multiple_repeat_end_groups,1179,288,0.24397140124417108,0.22608550458805707,0,0.05952204462504432,0.05111465538483637,0.27967607447600246,0.25629388253878654
1180,880,1179,rolling300,multiple_repeat_end_groups,300,77,0.25475534403675354,0.22608550458805707,0,0.06490028531528466,0.05111465538483637,0.2940427172470548,0.25629388253878654
1180,1,1179,expanding,extreme_sum,1179,147,0.12451105434954236,0.11443770825506504,0,0.015503002655234693,0.01309598907067138,0.1329727536632332,0.12153247782470628
1180,880,1179,rolling300,extreme_sum,300,32,0.10715235676594156,0.11443770825506504,0,0.011481627560495623,0.01309598907067138,0.11333932494145847,0.12153247782470628
1180,1,1179,expanding,narrow_three_span_le4,1179,293,0.2487928892902408,0.26513371294993526,1,0.5643121231809044,0.5400284598427482,1.3911344985486773,1.3275210030826026
1180,880,1179,rolling300,narrow_three_span_le4,300,72,0.24157085705937095,0.26513371294993526,1,0.5752147648616571,0.5400284598427482,1.4205924449514873,1.3275210030826026
1180,1,1179,expanding,large_gap_ge15,1179,508,0.43097223702965776,0.4367856099279809,1,0.3237925950310319,0.3172104491841965,0.8417116061975538,0.8283127993981904
1180,880,1179,rolling300,large_gap_ge15,300,126,0.4210491006204988,0.4367856099279809,1,0.3351841438923333,0.3172104491841965,0.8650058235480829,0.8283127993981904
1180,1,1179,expanding,previous_overlap_ge2,1178,221,0.18740080301938458,0.17530810086113546,1,0.6603174549335411,0.6801167285052672,1.674505624131582,1.7412102767071724
1180,880,1179,rolling300,previous_overlap_ge2,300,47,0.15783175630382096,0.17530810086113546,1,0.7092473506903069,0.6801167285052672,1.8462256468132863,1.7412102767071724
1181,1,1180,expanding,consecutive_ge1,1180,614,0.520479124770106,0.5287474862063631,0,0.27089851932145564,0.2795739041695482,0.7349678501946164,0.7523612059240392
1181,881,1180,rolling300,consecutive_ge1,300,159,0.5299217178878977,0.5287474862063631,0,0.2808170270892606,0.2795739041695482,0.7548560404618999,0.7523612059240392
1181,1,1180,expanding,consecutive_ge2,1180,151,0.1279136126682922,0.12481676009753151,0,0.016361892305853887,0.015579223601244734,0.1368667919391225,0.1333219975178157
1181,881,1180,rolling300,consecutive_ge2,300,37,0.12342604750609572,0.12481676009753151,0,0.015233989202976996,0.015579223601244734,0.1317342056826831,0.1333219975178157
1181,1,1180,expanding,band_ge3,1180,517,0.4383819988230085,0.45291992938050796,0,0.19217877689205623,0.20513646243004433,0.5769333734064003,0.6031601058843978
1181,881,1180,rolling300,band_ge3,300,122,0.40955749558628174,0.45291992938050796,0,0.1677373421909072,0.20513646243004433,0.526883015716554,0.6031601058843978
1181,1,1180,expanding,band_ge4,1180,71,0.06027134443044824,0.06628066582689385,0,0.0036326349594537235,0.004393126662456374,0.062164109677353446,0.0685793846560867
1181,881,1180,rolling300,band_ge4,300,17,0.057267541614180864,0.06628066582689385,0,0.003279571322531937,0.004393126662456374,0.05897274987350888,0.0685793846560867
1181,1,1180,expanding,odd_imbalance,1180,205,0.17394671330434236,0.18680279826054075,0,0.030257459069383076,0.034895285437968285,0.19109599580386744,0.20678163828224355
1181,881,1180,rolling300,odd_imbalance,300,53,0.1773001748912838,0.18680279826054075,0,0.031435352016479824,0.034895285437968285,0.19516387738936303,0.20678163828224355
1181,1,1180,expanding,low_high_imbalance,1180,231,0.19561337997100903,0.18680279826054075,0,0.03826459442368236,0.034895285437968285,0.2176752547016013,0.20678163828224355
1181,881,1180,rolling300,low_high_imbalance,300,63,0.20855017489128377,0.18680279826054075,0,0.04349317544718505,0.034895285437968285,0.23388879382619754,0.20678163828224355
1181,1,1180,expanding,repeated_end,1180,919,0.7790048344231554,0.790290065389328,1,0.04883886320833697,0.043978256674412325,0.24973802719591462,0.2353552295330889
1181,881,1180,rolling300,repeated_end,300,230,0.768143129086833,0.790290065389328,1,0.05375760858964498,0.043978256674412325,0.26377919719996973,0.2353552295330889
1181,1,1180,expanding,end_multiplicity_ge3,1180,95,0.0806580409884437,0.08948245930662266,0,0.006505719576093465,0.00800711052356138,0.08409712680487717,0.09374211509792349
1181,881,1180,rolling300,end_multiplicity_ge3,300,27,0.08996765370666392,0.08948245930662266,0,0.008094178713482197,0.00800711052356138,0.0942751347256709,0.09374211509792349
1181,1,1180,expanding,multiple_repeat_end_groups,1180,288,0.24376809174313427,0.22608550458805707,0,0.05942288255208913,0.05111465538483637,0.27940719288937255,0.25629388253878654
1181,881,1180,rolling300,multiple_repeat_end_groups,300,77,0.25475534403675354,0.22608550458805707,0,0.06490028531528466,0.05111465538483637,0.2940427172470548,0.25629388253878654
1181,1,1180,expanding,extreme_sum,1180,147,0.12440729513758442,0.11443770825506504,0,0.015477175083450036,0.01309598907067138,0.13285424495514528,0.12153247782470628
1181,881,1180,rolling300,extreme_sum,300,32,0.10715235676594156,0.11443770825506504,0,0.011481627560495623,0.01309598907067138,0.11333932494145847,0.12153247782470628
1181,1,1180,expanding,narrow_three_span_le4,1180,294,0.24941889521583224,0.26513371294993526,0,0.062209785290686305,0.07029588574261866,0.28690756608039786,0.30806671870004826
1181,881,1180,rolling300,narrow_three_span_le4,300,73,0.24469585705937097,0.26513371294993526,0,0.05987606246202011,0.07029588574261866,0.28063477251873004,0.30806671870004826
1181,1,1180,expanding,large_gap_ge15,1180,509,0.4314464268321331,0.4367856099279809,0,0.18614601922621515,0.19078166904015828,0.5646597342281956,0.574094923910703
1181,881,1180,rolling300,large_gap_ge15,300,126,0.4210491006204988,0.4367856099279809,0,0.1772823451333309,0.19078166904015828,0.546537607458439,0.574094923910703
1181,1,1180,expanding,previous_overlap_ge2,1179,222,0.1880785337925127,0.17530810086113546,0,0.035373534873541335,0.030732930227538046,0.208351659991043,0.19274541798861644
1181,881,1180,rolling300,previous_overlap_ge2,300,48,0.16095675630382095,0.17530810086113546,0,0.025907077399847604,0.030732930227538046,0.1754930318930178,0.19274541798861644
1182,1,1181,expanding,consecutive_ge1,1181,614,0.5200457533090151,0.5287474862063631,0,0.270447585534741,0.2795739041695482,0.7340644990171641,0.7523612059240392
1182,882,1181,rolling300,consecutive_ge1,300,158,0.5267967178878977,0.5287474862063631,0,0.2775147819774613,0.2795739041695482,0.7482302109085056,0.7523612059240392
1182,1,1181,expanding,consecutive_ge2,1181,151,0.12780710674600387,0.12481676009753151,0,0.016334656534784428,0.015579223601244734,0.13674467167592122,0.1333219975178157
1182,882,1181,rolling300,consecutive_ge2,300,37,0.12342604750609572,0.12481676009753151,0,0.015233989202976996,0.015579223601244734,0.1317342056826831,0.1333219975178157
1182,1,1181,expanding,band_ge3,1181,517,0.4380169846691176,0.45291992938050796,1,0.3158249095203909,0.2992966036690284,0.8254975915741563,0.7920399254567645
1182,882,1181,rolling300,band_ge3,300,122,0.40955749558628174,0.45291992938050796,1,0.3486223510183437,0.2992966036690284,0.8926779811826785,0.7920399254567645
1182,1,1181,expanding,band_ge4,1181,71,0.06022116013033962,0.06628066582689385,0,0.003626588127444006,0.004393126662456374,0.062110708134404224,0.0685793846560867
1182,882,1181,rolling300,band_ge4,300,17,0.057267541614180864,0.06628066582689385,0,0.003279571322531937,0.004393126662456374,0.05897274987350888,0.0685793846560867
1182,1,1181,expanding,odd_imbalance,1181,205,0.17380187840567096,0.18680279826054075,1,0.6826033361259977,0.6612896889168869,1.7498392583515343,1.677701773318112
1182,882,1181,rolling300,odd_imbalance,300,52,0.1741751748912838,0.18680279826054075,1,0.6819866417658416,0.6612896889168869,1.747693733954021,1.677701773318112
1182,1,1181,expanding,low_high_imbalance,1181,231,0.19545050455055024,0.18680279826054075,0,0.03820089972906466,0.034895285437968285,0.21747279119860916,0.20678163828224355
1182,882,1181,rolling300,low_high_imbalance,300,63,0.20855017489128377,0.18680279826054075,0,0.04349317544718505,0.034895285437968285,0.23388879382619754,0.20678163828224355
1182,1,1181,expanding,repeated_end,1181,920,0.7791888437200554,0.790290065389328,1,0.04875756673768613,0.043978256674412325,0.24950184436404144,0.2353552295330889
1182,882,1181,rolling300,repeated_end,300,231,0.7712681290868331,0.790290065389328,1,0.052318268771437665,0.043978256674412325,0.2597191979294578,0.2353552295330889
1182,1,1181,expanding,end_multiplicity_ge3,1181,95,0.0805908819201769,0.08948245930662266,1,0.845313126408318,0.829042191910316,2.518369763410187,2.41371265830984
1182,882,1181,rolling300,end_multiplicity_ge3,300,27,0.08996765370666392,0.08948245930662266,1,0.8281588713001543,0.829042191910316,2.408305076511992,2.41371265830984
1182,1,1181,expanding,multiple_repeat_end_groups,1181,288,0.24356512080912665,0.22608550458805707,0,0.05932396807476446,0.05111465538483637,0.2791388311630359,0.25629388253878654
1182,882,1181,rolling300,multiple_repeat_end_groups,300,77,0.25475534403675354,0.22608550458805707,0,0.06490028531528466,0.05111465538483637,0.2940427172470548,0.25629388253878654
1182,1,1181,expanding,extreme_sum,1181,147,0.12430370871365637,0.11443770825506504,0,0.01545141199996953,0.01309598907067138,0.1327359476047061,0.12153247782470628
1182,882,1181,rolling300,extreme_sum,300,32,0.10715235676594156,0.11443770825506504,0,0.011481627560495623,0.01309598907067138,0.11333932494145847,0.12153247782470628
1182,1,1181,expanding,narrow_three_span_le4,1181,294,0.24921121919983238,0.26513371294993526,0,0.062106231775066904,0.07029588574261866,0.28663091737534724,0.30806671870004826
1182,882,1181,rolling300,narrow_three_span_le4,300,73,0.24469585705937097,0.26513371294993526,0,0.05987606246202011,0.07029588574261866,0.28063477251873004,0.30806671870004826
1182,1,1181,expanding,large_gap_ge15,1181,509,0.4310871875092087,0.4367856099279809,0,0.18583616323459967,0.19078166904015828,0.5640280859625452,0.574094923910703
1182,882,1181,rolling300,large_gap_ge15,300,126,0.4210491006204988,0.4367856099279809,0,0.1772823451333309,0.19078166904015828,0.546537607458439,0.574094923910703
1182,1,1181,expanding,previous_overlap_ge2,1180,222,0.18792180168101894,0.17530810086113546,0,0.03531460354704021,0.030732930227538046,0.20815864010882998,0.19274541798861644
1182,882,1181,rolling300,previous_overlap_ge2,300,48,0.16095675630382095,0.17530810086113546,0,0.025907077399847604,0.030732930227538046,0.1754930318930178,0.19274541798861644
1183,1,1182,expanding,consecutive_ge1,1182,614,0.5196131029318862,0.5287474862063631,0,0.269997776738503,0.2795739041695482,0.7331634641938377,0.7523612059240392
1183,883,1182,rolling300,consecutive_ge1,300,157,0.5236717178878977,0.5287474862063631,0,0.2742320681156619,0.2795739041695482,0.7416479941598764,0.7523612059240392
1183,1,1182,expanding,consecutive_ge2,1182,151,0.1277007780382285,0.12481676009753151,0,0.0163074887115689,0.015579223601244734,0.1366227694821771,0.1333219975178157
1183,883,1182,rolling300,consecutive_ge2,300,36,0.12030104750609572,0.12481676009753151,0,0.014472342031063899,0.015579223601244734,0.128175529477992,0.1333219975178157
1183,1,1182,expanding,band_ge3,1182,518,0.43848452461531634,0.45291992938050796,0,0.19226867832711997,0.20513646243004433,0.5771159443914743,0.6031601058843978
1183,883,1182,rolling300,band_ge3,300,122,0.40955749558628174,0.45291992938050796,0,0.1677373421909072,0.20513646243004433,0.526883015716554,0.6031601058843978
1183,1,1182,expanding,band_ge4,1182,71,0.0601710593315623,0.06628066582689385,0,0.00362055638108239,0.004393126662456374,0.062057398290395346,0.0685793846560867
1183,883,1182,rolling300,band_ge4,300,17,0.057267541614180864,0.06628066582689385,0,0.003279571322531937,0.004393126662456374,0.05897274987350888,0.0685793846560867
1183,1,1182,expanding,odd_imbalance,1182,206,0.17448923125225527,0.18680279826054075,0,0.030446491823003016,0.034895285437968285,0.191752970585606,0.20678163828224355
1183,883,1182,rolling300,odd_imbalance,300,53,0.1773001748912838,0.18680279826054075,0,0.031435352016479824,0.034895285437968285,0.19516387738936303,0.20678163828224355
1183,1,1182,expanding,low_high_imbalance,1182,231,0.1952879001374466,0.18680279826054075,0,0.038137363940093316,0.034895285437968285,0.2172707054542768,0.20678163828224355
1183,883,1182,rolling300,low_high_imbalance,300,62,0.20542517489128378,0.18680279826054075,0,0.04219950247911453,0.034895285437968285,0.22994811857432104,0.20678163828224355
1183,1,1182,expanding,repeated_end,1182,921,0.7793725468450803,0.790290065389328,1,0.048676473085626296,0.043978256674412325,0.2492661101453091,0.2353552295330889
1183,883,1182,rolling300,repeated_end,300,231,0.7712681290868331,0.790290065389328,1,0.052318268771437665,0.043978256674412325,0.2597191979294578,0.2353552295330889
1183,1,1182,expanding,end_multiplicity_ge3,1182,96,0.08135578135285562,0.08948245930662266,0,0.006618763159533651,0.00800711052356138,0.08485637125014127,0.09374211509792349
1183,883,1182,rolling300,end_multiplicity_ge3,300,28,0.09309265370666392,0.08948245930662266,0,0.008666242174148847,0.00800711052356138,0.09771498811668185,0.09374211509792349
1183,1,1182,expanding,multiple_repeat_end_groups,1182,288,0.24336248759713905,0.22608550458805707,0,0.05922530036946766,0.05111465538483637,0.2788709877811531,0.25629388253878654
1183,883,1182,rolling300,multiple_repeat_end_groups,300,77,0.25475534403675354,0.22608550458805707,0,0.06490028531528466,0.05111465538483637,0.2940427172470548,0.25629388253878654
1183,1,1182,expanding,extreme_sum,1182,147,0.1242002946465069,0.11443770825506504,0,0.015425713190279132,0.01309598907067138,0.13261786104616644,0.12153247782470628
1183,883,1182,rolling300,extreme_sum,300,31,0.10402735676594158,0.11443770825506504,0,0.01082169095570849,0.01309598907067138,0.10984539857816626,0.12153247782470628
1183,1,1182,expanding,narrow_three_span_le4,1182,294,0.2490038887346079,0.26513371294993526,0,0.062002936604956996,0.07029588574261866,0.28635480530678525,0.30806671870004826
1183,883,1182,rolling300,narrow_three_span_le4,300,72,0.24157085705937095,0.26513371294993526,0,0.058356478980399036,0.07029588574261866,0.2765059019064261,0.30806671870004826
1183,1,1182,expanding,large_gap_ge15,1182,509,0.4307285459222626,0.4367856099279809,0,0.1855270802723067,0.19078166904015828,0.5633978864257041,0.574094923910703
1183,883,1182,rolling300,large_gap_ge15,300,125,0.4179241006204988,0.4367856099279809,0,0.17466055387945278,0.19078166904015828,0.5411544284485293,0.574094923910703
1183,1,1182,expanding,previous_overlap_ge2,1181,222,0.18776533057220876,0.17530810086113546,0,0.035255819364890834,0.030732930227538046,0.20796597881505946,0.19274541798861644
1183,883,1182,rolling300,previous_overlap_ge2,300,48,0.16095675630382095,0.17530810086113546,0,0.025907077399847604,0.030732930227538046,0.1754930318930178,0.19274541798861644
1184,1,1183,expanding,consecutive_ge1,1183,614,0.5191811718405047,0.5287474862063631,0,0.2695490891936797,0.2795739041695482,0.7322647364623686,0.7523612059240392
1184,884,1183,rolling300,consecutive_ge1,300,156,0.5205467178878977,0.5287474862063631,0,0.2709688855038626,0.2795739041695482,0.7351088198284406,0.7523612059240392
1184,1,1183,expanding,consecutive_ge2,1183,151,0.12759462610303463,0.12481676009753151,0,0.016280388610373207,0.015579223601244734,0.13650108477339976,0.1333219975178157
1184,884,1183,rolling300,consecutive_ge2,300,36,0.12030104750609572,0.12481676009753151,0,0.014472342031063899,0.015579223601244734,0.128175529477992,0.1333219975178157
1184,1,1183,expanding,band_ge3,1183,518,0.43812003207615147,0.45291992938050796,0,0.19194916250640798,0.20513646243004433,0.5764670321066216,0.6031601058843978
1184,884,1183,rolling300,band_ge3,300,121,0.40643249558628175,0.45291992938050796,0,0.16518737346849294,0.20513646243004433,0.5216043318657773,0.6031601058843978
1184,1,1183,expanding,band_ge4,1183,71,0.06012104182588353,0.06628066582689385,0,0.0036145396702296365,0.004393126662456374,0.062004179909261346,0.0685793846560867
1184,884,1183,rolling300,band_ge4,300,17,0.057267541614180864,0.06628066582689385,0,0.003279571322531937,0.004393126662456374,0.05897274987350888,0.0685793846560867
1184,1,1183,expanding,odd_imbalance,1183,206,0.17434418617224506,0.18680279826054075,0,0.030395895252062446,0.034895285437968285,0.19157728258184678,0.20678163828224355
1184,884,1183,rolling300,odd_imbalance,300,53,0.1773001748912838,0.18680279826054075,0,0.031435352016479824,0.034895285437968285,0.19516387738936303,0.20678163828224355
1184,1,1183,expanding,low_high_imbalance,1183,231,0.19512556605586934,0.18680279826054075,0,0.03807398652862343,0.034895285437968285,0.2170689964082353,0.20678163828224355
1184,884,1183,rolling300,low_high_imbalance,300,62,0.20542517489128378,0.18680279826054075,0,0.04219950247911453,0.034895285437968285,0.22994811857432104,0.20678163828224355
1184,1,1183,expanding,repeated_end,1183,922,0.779555944561751,0.790290065389328,0,0.6077074707015638,0.6245583874530684,1.5121113331201352,1.5620299668475026
1184,884,1183,rolling300,repeated_end,300,232,0.774393129086833,0.790290065389328,0,0.5996847183768964,0.6245583874530684,1.4889613036466274,1.5620299668475026
1184,1,1183,expanding,end_multiplicity_ge3,1183,96,0.08128815393693471,0.08948245930662266,0,0.006607763970474794,0.00800711052356138,0.08478275741202859,0.09374211509792349
1184,884,1183,rolling300,end_multiplicity_ge3,300,28,0.09309265370666392,0.08948245930662266,0,0.008666242174148847,0.00800711052356138,0.09771498811668185,0.09374211509792349
1184,1,1183,expanding,multiple_repeat_end_groups,1183,288,0.24316019126497185,0.22608550458805707,0,0.05912687861601769,0.05111465538483637,0.27860366123380875,0.25629388253878654
1184,884,1183,rolling300,multiple_repeat_end_groups,300,77,0.25475534403675354,0.22608550458805707,0,0.06490028531528466,0.05111465538483637,0.2940427172470548,0.25629388253878654
1184,1,1183,expanding,extreme_sum,1183,147,0.12409705250631861,0.11443770825506504,0,0.015400078440755999,0.01309598907067138,0.1324999847157972,0.12153247782470628
1184,884,1183,rolling300,extreme_sum,300,31,0.10402735676594158,0.11443770825506504,0,0.01082169095570849,0.01309598907067138,0.10984539857816626,0.12153247782470628
1184,1,1183,expanding,narrow_three_span_le4,1183,294,0.24879690295843618,0.26513371294993526,0,0.06189989892170951,0.07029588574261866,0.28607922830429844,0.30806671870004826
1184,884,1183,rolling300,narrow_three_span_le4,300,72,0.24157085705937095,0.26513371294993526,0,0.058356478980399036,0.07029588574261866,0.2765059019064261,0.30806671870004826
1184,1,1183,expanding,large_gap_ge15,1183,509,0.4303705005806813,0.4367856099279809,0,0.1852187677700662,0.19078166904015828,0.5627691305145293,0.574094923910703
1184,884,1183,rolling300,large_gap_ge15,300,125,0.4179241006204988,0.4367856099279809,0,0.17466055387945278,0.19078166904015828,0.5411544284485293,0.574094923910703
1184,1,1183,expanding,previous_overlap_ge2,1182,222,0.18760911981466116,0.17530810086113546,0,0.03519718183763189,0.030732930227538046,0.2077736751078253,0.19274541798861644
1184,884,1183,rolling300,previous_overlap_ge2,300,47,0.15783175630382096,0.17530810086113546,0,0.024910863297948727,0.030732930227538046,0.17177547033403354,0.19274541798861644
1185,1,1184,expanding,consecutive_ge1,1184,614,0.5187499582426306,0.5287474862063631,1,0.2316016026914698,0.2220789317568219,0.656333287933366,0.6372443028525948
1185,885,1184,rolling300,consecutive_ge1,300,156,0.5205467178878977,0.5287474862063631,1,0.22987544972806712,0.2220789317568219,0.652875639166455,0.6372443028525948
1185,1,1184,expanding,consecutive_ge2,1184,151,0.127488650499959,0.12481676009753151,0,0.016253356006300696,0.015579223601244734,0.13637961696718887,0.1333219975178157
1185,885,1184,rolling300,consecutive_ge2,300,36,0.12030104750609572,0.12481676009753151,0,0.014472342031063899,0.015579223601244734,0.128175529477992,0.1333219975178157
1185,1,1184,expanding,band_ge3,1184,518,0.43775614500632076,0.45291992938050796,1,0.3161181524781534,0.2992966036690284,0.8260932702075173,0.7920399254567645
1185,885,1184,rolling300,band_ge3,300,121,0.40643249558628175,0.45291992938050796,1,0.3523223822959295,0.2992966036690284,0.9003374263025505,0.7920399254567645
1185,1,1184,expanding,band_ge4,1184,71,0.06007110740576236,0.06628066582689385,0,0.0036085379449546373,0.004393126662456374,0.06195105275574673,0.0685793846560867
1185,885,1184,rolling300,band_ge4,300,17,0.057267541614180864,0.06628066582689385,0,0.003279571322531937,0.004393126662456374,0.05897274987350888,0.0685793846560867
1185,1,1184,expanding,odd_imbalance,1184,206,0.17419938203090599,0.18680279826054075,0,0.03034542469994953,0.034895285437968285,0.19140191720263114,0.20678163828224355
1185,885,1184,rolling300,odd_imbalance,300,53,0.1773001748912838,0.18680279826054075,0,0.031435352016479824,0.034895285437968285,0.19516387738936303,0.20678163828224355
1185,1,1184,expanding,low_high_imbalance,1184,231,0.19496350163223491,0.18680279826054075,0,0.03801076696870247,0.034895285437968285,0.21686766300409582,0.20678163828224355
1185,885,1184,rolling300,low_high_imbalance,300,62,0.20542517489128378,0.18680279826054075,0,0.04219950247911453,0.034895285437968285,0.22994811857432104,0.20678163828224355
1185,1,1184,expanding,repeated_end,1184,922,0.7789084728469987,0.790290065389328,1,0.04888146337884631,0.043978256674412325,0.24986173315032154,0.2353552295330889
1185,885,1184,rolling300,repeated_end,300,231,0.7712681290868331,0.790290065389328,1,0.052318268771437665,0.043978256674412325,0.2597191979294578,0.2353552295330889
1185,1,1184,expanding,end_multiplicity_ge3,1184,96,0.081220638858914,0.08948245930662266,0,0.00659679217665013,0.00800711052356138,0.08470927126114373,0.09374211509792349
1185,885,1184,rolling300,end_multiplicity_ge3,300,28,0.09309265370666392,0.08948245930662266,0,0.008666242174148847,0.00800711052356138,0.09771498811668185,0.09374211509792349
1185,1,1184,expanding,multiple_repeat_end_groups,1184,288,0.24295823097322353,0.22608550458805707,0,0.05902870199763823,0.05111465538483637,0.2783368500169829,0.25629388253878654
1185,885,1184,rolling300,multiple_repeat_end_groups,300,77,0.25475534403675354,0.22608550458805707,0,0.06490028531528466,0.05111465538483637,0.2940427172470548,0.25629388253878654
1185,1,1184,expanding,extreme_sum,1184,147,0.12399398186470208,0.11443770825506504,0,0.015374507538664067,0.01309598907067138,0.13238231805188075,0.12153247782470628
1185,885,1184,rolling300,extreme_sum,300,31,0.10402735676594158,0.11443770825506504,0,0.01082169095570849,0.01309598907067138,0.10984539857816626,0.12153247782470628
1185,1,1184,expanding,narrow_three_span_le4,1184,294,0.2485902610124574,0.26513371294993526,1,0.5646165958453269,0.5400284598427482,1.3919492760049295,1.3275210030826026
1185,885,1184,rolling300,narrow_three_span_le4,300,72,0.24157085705937095,0.26513371294993526,1,0.5752147648616571,0.5400284598427482,1.4205924449514873,1.3275210030826026
1185,1,1184,expanding,large_gap_ge15,1184,509,0.4300130499988037,0.4367856099279809,0,0.18491122316927364,0.19078166904015828,0.562141813150373,0.574094923910703
1185,885,1184,rolling300,large_gap_ge15,300,125,0.4179241006204988,0.4367856099279809,0,0.17466055387945278,0.19078166904015828,0.5411544284485293,0.574094923910703
1185,1,1184,expanding,previous_overlap_ge2,1183,222,0.18745316875912113,0.17530810086113546,0,0.03513869047783555,0.030732930227538046,0.20758172798896365,0.19274541798861644
1185,885,1184,rolling300,previous_overlap_ge2,300,47,0.15783175630382096,0.17530810086113546,0,0.024910863297948727,0.030732930227538046,0.17177547033403354,0.19274541798861644
1186,1,1185,expanding,consecutive_ge1,1185,615,0.519149335870645,0.5287474862063631,0,0.2695160329349318,0.2795739041695482,0.7321985266675761,0.7523612059240392
1186,886,1185,rolling300,consecutive_ge1,300,157,0.5236717178878977,0.5287474862063631,0,0.2742320681156619,0.2795739041695482,0.7416479941598764,0.7523612059240392
1186,1,1185,expanding,consecutive_ge2,1185,151,0.12738285079000053,0.12481676009753151,0,0.016226390675387538,0.015579223601244734,0.13625836548322498,0.1333219975178157
1186,886,1185,rolling300,consecutive_ge2,300,36,0.12030104750609572,0.12481676009753151,0,0.014472342031063899,0.015579223601244734,0.128175529477992,0.1333219975178157
1186,1,1185,expanding,band_ge3,1185,519,0.43822273741710394,0.45291992938050796,0,0.19203916758934003,0.20513646243004433,0.5766498375715803,0.6031601058843978
1186,886,1185,rolling300,band_ge3,300,122,0.40955749558628174,0.45291992938050796,0,0.1677373421909072,0.20513646243004433,0.526883015716554,0.6031601058843978
1186,1,1185,expanding,band_ge4,1185,71,0.06002125586434679,0.06628066582689385,0,0.003602551155533384,0.004393126662456374,0.0618980165954022,0.0685793846560867
1186,886,1185,rolling300,band_ge4,300,17,0.057267541614180864,0.06628066582689385,0,0.003279571322531937,0.004393126662456374,0.05897274987350888,0.0685793846560867
1186,1,1185,expanding,odd_imbalance,1185,206,0.17405481822839072,0.18680279826054075,0,0.030295079748518135,0.034895285437968285,0.1912268735574079,0.20678163828224355
1186,886,1185,rolling300,odd_imbalance,300,52,0.1741751748912838,0.18680279826054075,0,0.030336991548409305,0.034895285437968285,0.19137260409205228,0.20678163828224355
1186,1,1185,expanding,low_high_imbalance,1185,231,0.1948017061951957,0.18680279826054075,0,0.037947704736559354,0.034895285437968285,0.21666670418943076,0.20678163828224355
1186,886,1185,rolling300,low_high_imbalance,300,62,0.20542517489128378,0.18680279826054075,0,0.04219950247911453,0.034895285437968285,0.22994811857432104,0.20678163828224355
1186,1,1185,expanding,repeated_end,1185,923,0.7790919512927689,0.790290065389328,1,0.0488003659836364,0.043978256674412325,0.24962620247423759,0.2353552295330889
1186,886,1185,rolling300,repeated_end,300,232,0.774393129086833,0.790290065389328,1,0.0508984602032304,0.043978256674412325,0.25567561562262164,0.2353552295330889
1186,1,1185,expanding,end_multiplicity_ge3,1185,96,0.08115323583911406,0.08948245930662266,0,0.006585847687158867,0.00800711052356138,0.08463591246535597,0.09374211509792349
1186,886,1185,rolling300,end_multiplicity_ge3,300,28,0.09309265370666392,0.08948245930662266,0,0.008666242174148847,0.00800711052356138,0.09771498811668185,0.09374211509792349
1186,1,1185,expanding,multiple_repeat_end_groups,1185,288,0.24275660588527895,0.22608550458805707,1,0.5734175579303828,0.5989436462087222,1.4156959594712648,1.4868420123767523
1186,886,1185,rolling300,multiple_repeat_end_groups,300,77,0.25475534403675354,0.22608550458805707,1,0.5553895972417775,0.5989436462087222,1.3674516295262042,1.4868420123767523
1186,1,1185,expanding,extreme_sum,1185,147,0.12389108229468987,0.11443770825506504,1,0.7675668356827697,0.7842205725605412,2.088352467960047,2.167724636734186
1186,886,1185,rolling300,extreme_sum,300,31,0.10402735676594158,0.11443770825506504,1,0.8027669774238254,0.7842205725605412,2.263101368604891,2.167724636734186
1186,1,1185,expanding,narrow_three_span_le4,1185,295,0.24921383755933502,0.26513371294993526,0,0.06210753683105062,0.07029588574261866,0.28663440485962427,0.30806671870004826
1186,886,1185,rolling300,narrow_three_span_le4,300,73,0.24469585705937097,0.26513371294993526,0,0.05987606246202011,0.07029588574261866,0.28063477251873004,0.30806671870004826
1186,1,1185,expanding,large_gap_ge15,1185,509,0.42965619269590016,0.4367856099279809,0,0.1846044439219365,0.19078166904015828,0.5615159292789318,0.574094923910703
1186,886,1185,rolling300,large_gap_ge15,300,124,0.4147991006204988,0.4367856099279809,0,0.1720582938755747,0.19078166904015828,0.5358000729619194,0.574094923910703
1186,1,1185,expanding,previous_overlap_ge2,1184,222,0.18729747675849062,0.17530810086113546,0,0.035080344800097335,0.030732930227538046,0.2073901364640357,0.19274541798861644
1186,886,1185,rolling300,previous_overlap_ge2,300,47,0.15783175630382096,0.17530810086113546,0,0.024910863297948727,0.030732930227538046,0.17177547033403354,0.19274541798861644
1187,1,1186,expanding,consecutive_ge1,1186,615,0.5187188637845168,0.5287474862063631,0,0.2690692596459001,0.2795739041695482,0.7313036968434337,0.7523612059240392
1187,887,1186,rolling300,consecutive_ge1,300,157,0.5236717178878977,0.5287474862063631,0,0.2742320681156619,0.2795739041695482,0.7416479941598764,0.7523612059240392
1187,1,1186,expanding,consecutive_ge2,1186,151,0.12727722653561413,0.12481676009753151,0,0.016199492394598038,0.015579223601244734,0.13613732974326032,0.1333219975178157
1187,887,1186,rolling300,consecutive_ge2,300,36,0.12030104750609572,0.12481676009753151,0,0.014472342031063899,0.015579223601244734,0.128175529477992,0.1333219975178157
1187,1,1186,expanding,band_ge3,1186,519,0.437859368646443,0.45291992938050796,0,0.19172082671146165,0.20513646243004433,0.5760032266664921,0.6031601058843978
1187,887,1186,rolling300,band_ge3,300,122,0.40955749558628174,0.45291992938050796,0,0.1677373421909072,0.20513646243004433,0.526883015716554,0.6031601058843978
1187,1,1186,expanding,band_ge4,1186,71,0.059971486995470884,0.06628066582689385,0,0.003596579252447933,0.004393126662456374,0.06184507119458145,0.0685793846560867
1187,887,1186,rolling300,band_ge4,300,17,0.057267541614180864,0.06628066582689385,0,0.003279571322531937,0.004393126662456374,0.05897274987350888,0.0685793846560867
1187,1,1186,expanding,odd_imbalance,1186,206,0.17391049416684148,0.18680279826054075,0,0.030244859981355007,0.034895285437968285,0.1910521507589106,0.20678163828224355
1187,887,1186,rolling300,odd_imbalance,300,52,0.1741751748912838,0.18680279826054075,0,0.030336991548409305,0.034895285437968285,0.19137260409205228,0.20678163828224355
1187,1,1186,expanding,low_high_imbalance,1186,231,0.19464017907563086,0.18680279826054075,0,0.03788479931059365,0.034895285437968285,0.21646611891575565,0.20678163828224355
1187,887,1186,rolling300,low_high_imbalance,300,61,0.20230017489128377,0.18680279826054075,0,0.040925360761044,0.034895285437968285,0.2260229113095098,0.20678163828224355
1187,1,1186,expanding,repeated_end,1186,924,0.7792751254625095,0.790290065389328,0,0.60726972116461,0.6245583874530684,1.5108382646056142,1.5620299668475026
1187,887,1186,rolling300,repeated_end,300,233,0.777518129086833,0.790290065389328,0,0.6045344410586891,0.6245583874530684,1.5029096597373859,1.5620299668475026
1187,1,1186,expanding,end_multiplicity_ge3,1186,96,0.08108594459878313,0.08948245930662266,0,0.006574930411476927,0.00800711052356138,0.08456268069368615,0.09374211509792349
1187,887,1186,rolling300,end_multiplicity_ge3,300,28,0.09309265370666392,0.08948245930662266,0,0.008666242174148847,0.00800711052356138,0.09771498811668185,0.09374211509792349
1187,1,1186,expanding,multiple_repeat_end_groups,1186,289,0.24338450256364935,0.22608550458805707,0,0.05923601608815504,0.05111465538483637,0.27890008399489763,0.25629388253878654
1187,887,1186,rolling300,multiple_repeat_end_groups,300,78,0.25788034403675353,0.22608550458805707,0,0.06650227184051435,0.05111465538483637,0.2982447874099869,0.25629388253878654
1187,1,1186,expanding,extreme_sum,1186,148,0.12461754076708234,0.11443770825506504,0,0.015529531466835429,0.01309598907067138,0.13309439185707686,0.12153247782470628
1187,887,1186,rolling300,extreme_sum,300,31,0.10402735676594158,0.11443770825506504,0,0.01082169095570849,0.01309598907067138,0.10984539857816626,0.12153247782470628
1187,1,1186,expanding,narrow_three_span_le4,1186,295,0.2490071925862344,0.26513371294993526,0,0.062004581959678035,0.07029588574261866,0.28635920460905095,0.30806671870004826
1187,887,1186,rolling300,narrow_three_span_le4,300,73,0.24469585705937097,0.26513371294993526,0,0.05987606246202011,0.07029588574261866,0.28063477251873004,0.30806671870004826
1187,1,1186,expanding,large_gap_ge15,1186,509,0.4292999271961523,0.4367856099279809,0,0.18429842749062164,0.19078166904015828,0.5608914738700983,0.574094923910703
1187,887,1186,rolling300,large_gap_ge15,300,124,0.4147991006204988,0.4367856099279809,0,0.1720582938755747,0.19078166904015828,0.5358000729619194,0.574094923910703
1187,1,1186,expanding,previous_overlap_ge2,1185,222,0.18714204316781968,0.17530810086113546,0,0.035022144321026086,0.030732930227538046,0.20719889954230936,0.19274541798861644
1187,887,1186,rolling300,previous_overlap_ge2,300,47,0.15783175630382096,0.17530810086113546,0,0.024910863297948727,0.030732930227538046,0.17177547033403354,0.19274541798861644
1188,1,1187,expanding,consecutive_ge1,1187,615,0.5182891049909919,0.5287474862063631,1,0.23204538637037964,0.2220789317568219,0.6572220746692079,0.6372443028525948
1188,888,1187,rolling300,consecutive_ge1,300,157,0.5236717178878977,0.5287474862063631,1,0.22688863233986653,0.2220789317568219,0.6468902835699226,0.6372443028525948
1188,1,1187,expanding,consecutive_ge2,1187,151,0.12717177730070475,0.12481676009753151,0,0.016172660941820044,0.015579223601244734,0.13601650917110927,0.1333219975178157
1188,888,1187,rolling300,consecutive_ge2,300,36,0.12030104750609572,0.12481676009753151,0,0.014472342031063899,0.015579223601244734,0.128175529477992,0.1333219975178157
1188,1,1187,expanding,band_ge3,1187,519,0.43749660197813606,0.45291992938050796,0,0.1914032767424156,0.20513646243004433,0.5753581039940502,0.6031601058843978
1188,888,1187,rolling300,band_ge3,300,122,0.40955749558628174,0.45291992938050796,0,0.1677373421909072,0.20513646243004433,0.526883015716554,0.6031601058843978
1188,1,1187,expanding,band_ge4,1187,71,0.05992180059365193,0.06628066582689385,0,0.003590622186385385,0.004393126662456374,0.06179221632043789,0.0685793846560867
1188,888,1187,rolling300,band_ge4,300,17,0.057267541614180864,0.06628066582689385,0,0.003279571322531937,0.004393126662456374,0.05897274987350888,0.0685793846560867
1188,1,1187,expanding,odd_imbalance,1187,206,0.17376640925038178,0.18680279826054075,0,0.030194764983771168,0.034895285437968285,0.19087774792314213,0.20678163828224355
1188,888,1187,rolling300,odd_imbalance,300,52,0.1741751748912838,0.18680279826054075,0,0.030336991548409305,0.034895285437968285,0.19137260409205228,0.20678163828224355
1188,1,1187,expanding,low_high_imbalance,1187,231,0.19447891960663696,0.18680279826054075,1,0.6488642109580908,0.6612896889168869,1.637431504282599,1.677701773318112
1188,888,1187,rolling300,low_high_imbalance,300,61,0.20230017489128377,0.18680279826054075,1,0.6363250109784764,0.6612896889168869,1.5980026702943089,1.677701773318112
1188,1,1187,expanding,repeated_end,1187,924,0.778629495698249,0.790290065389328,1,0.04900490017481155,0.043978256674412325,0.2502199615304536,0.2353552295330889
1188,888,1187,rolling300,repeated_end,300,232,0.774393129086833,0.790290065389328,1,0.0508984602032304,0.043978256674412325,0.25567561562262164,0.2353552295330889
1188,1,1187,expanding,end_multiplicity_ge3,1187,96,0.08101876486009317,0.08948245930662266,0,0.006564040259455068,0.00800711052356138,0.08448957561630156,0.09374211509792349
1188,888,1187,rolling300,end_multiplicity_ge3,300,28,0.09309265370666392,0.08948245930662266,0,0.008666242174148847,0.00800711052356138,0.09771498811668185,0.09374211509792349
1188,1,1187,expanding,multiple_repeat_end_groups,1187,289,0.2431828584024533,0.22608550458805707,0,0.05913790262078765,0.05111465538483637,0.2786336113985117,0.25629388253878654
1188,888,1187,rolling300,multiple_repeat_end_groups,300,78,0.25788034403675353,0.22608550458805707,0,0.06650227184051435,0.05111465538483637,0.2982447874099869,0.25629388253878654
1188,1,1187,expanding,extreme_sum,1187,148,0.12451429508293396,0.11443770825506504,1,0.766475219514132,0.7842205725605412,2.0833347497254353,2.167724636734186
1188,888,1187,rolling300,extreme_sum,300,31,0.10402735676594158,0.11443770825506504,1,0.8027669774238254,0.7842205725605412,2.263101368604891,2.167724636734186
1188,1,1187,expanding,narrow_three_span_le4,1187,295,0.24880089002402545,0.26513371294993526,0,0.0619018828767472,0.07029588574261866,0.2860845358918016,0.30806671870004826
1188,888,1187,rolling300,narrow_three_span_le4,300,73,0.24469585705937097,0.26513371294993526,0,0.05987606246202011,0.07029588574261866,0.28063477251873004,0.30806671870004826
1188,1,1187,expanding,large_gap_ge15,1187,509,0.4289442520286327,0.4367856099279809,0,0.18399317134840315,0.19078166904015828,0.5602684419178139,0.574094923910703
1188,888,1187,rolling300,large_gap_ge15,300,124,0.4147991006204988,0.4367856099279809,0,0.1720582938755747,0.19078166904015828,0.5358000729619194,0.574094923910703
1188,1,1187,expanding,previous_overlap_ge2,1186,222,0.18698686734429745,0.17530810086113546,0,0.03496408855923389,0.030732930227538046,0.20700801623674267,0.19274541798861644
1188,888,1187,rolling300,previous_overlap_ge2,300,47,0.15783175630382096,0.17530810086113546,0,0.024910863297948727,0.030732930227538046,0.17177547033403354,0.19274541798861644
1189,1,1188,expanding,consecutive_ge1,1188,616,0.5186878722881848,0.5287474862063631,1,0.2316613642824747,0.2220789317568219,0.6564529788732812,0.6372443028525948
1189,889,1188,rolling300,consecutive_ge1,300,158,0.5267967178878977,0.5287474862063631,1,0.22392134620166584,0.2220789317568219,0.640940539413555,0.6372443028525948
1189,1,1188,expanding,consecutive_ge2,1188,151,0.1270665026506214,0.12481676009753151,0,0.01614589609586037,0.015579223601244734,0.13589590319263925,0.1333219975178157
1189,889,1188,rolling300,consecutive_ge2,300,36,0.12030104750609572,0.12481676009753151,0,0.014472342031063899,0.015579223601244734,0.128175529477992,0.1333219975178157
1189,1,1188,expanding,band_ge3,1188,519,0.4371344359168959,0.45291992938050796,1,0.31681764323059103,0.2992966036690284,0.8275144975189769,0.7920399254567645
1189,889,1188,rolling300,band_ge3,300,121,0.40643249558628175,0.45291992938050796,1,0.3523223822959295,0.2992966036690284,0.9003374263025505,0.7920399254567645
1189,1,1188,expanding,band_ge4,1188,71,0.05987219645408765,0.06628066582689385,0,0.003584679908236866,0.004393126662456374,0.061739451740920694,0.0685793846560867
1189,889,1188,rolling300,band_ge4,300,17,0.057267541614180864,0.06628066582689385,0,0.003279571322531937,0.004393126662456374,0.05897274987350888,0.0685793846560867
1189,1,1188,expanding,odd_imbalance,1188,206,0.1736225628851083,0.18680279826054075,1,0.6828996685725769,0.6612896889168869,1.7508715146649876,1.677701773318112
1189,889,1188,rolling300,odd_imbalance,300,52,0.1741751748912838,0.18680279826054075,1,0.6819866417658416,0.6612896889168869,1.747693733954021,1.677701773318112
1189,1,1188,expanding,low_high_imbalance,1188,232,0.19514574169305532,0.18680279826054075,0,0.03808186050093267,0.034895285437968285,0.21709406353573849,0.20678163828224355
1189,889,1188,rolling300,low_high_imbalance,300,62,0.20542517489128378,0.18680279826054075,0,0.04219950247911453,0.034895285437968285,0.22994811857432104,0.20678163828224355
1189,1,1188,expanding,repeated_end,1188,925,0.7788127494269755,0.790290065389328,1,0.04892379981605391,0.043978256674412325,0.24998463501334414,0.2353552295330889
1189,889,1188,rolling300,repeated_end,300,233,0.777518129086833,0.790290065389328,1,0.049498182885023084,0.043978256674412325,0.2516483180471054,0.2353552295330889
1189,1,1188,expanding,end_multiplicity_ge3,1188,96,0.08095169634613614,0.08948245930662266,1,0.8446497844490448,0.829042191910316,2.5139026435976835,2.41371265830984
1189,889,1188,rolling300,end_multiplicity_ge3,300,28,0.09309265370666392,0.08948245930662266,1,0.8224809347608211,0.829042191910316,2.374160005367111,2.41371265830984
1189,1,1188,expanding,multiple_repeat_end_groups,1188,289,0.24298154808920622,0.22608550458805707,0,0.059040032711827235,0.05111465538483637,0.27836765079447123,0.25629388253878654
1189,889,1188,rolling300,multiple_repeat_end_groups,300,78,0.25788034403675353,0.22608550458805707,0,0.06650227184051435,0.05111465538483637,0.2982447874099869,0.25629388253878654
1189,1,1188,expanding,extreme_sum,1188,149,0.12523903490488517,0.11443770825506504,0,0.015684815863907044,0.01309598907067138,0.13380461269416702,0.12153247782470628
1189,889,1188,rolling300,extreme_sum,300,32,0.10715235676594156,0.11443770825506504,0,0.011481627560495623,0.01309598907067138,0.11333932494145847,0.12153247782470628
1189,1,1188,expanding,narrow_three_span_le4,1188,295,0.24859492902234992,0.26513371294993526,1,0.5646095806909274,0.5400284598427482,1.3919304982537566,1.3275210030826026
1189,889,1188,rolling300,narrow_three_span_le4,300,73,0.24469585705937097,0.26513371294993526,1,0.5704843483432782,0.5400284598427482,1.4077392393700492,1.3275210030826026
1189,1,1188,expanding,large_gap_ge15,1188,509,0.4285891657272845,0.4367856099279809,0,0.18368867297880975,0.19078166904015828,0.559646828439922,0.574094923910703
1189,889,1188,rolling300,large_gap_ge15,300,123,0.4116741006204988,0.4367856099279809,0,0.16947556512169656,0.19078166904015828,0.5304742339782583,0.574094923910703
1189,1,1188,expanding,previous_overlap_ge2,1187,222,0.18683194864724334,0.17530810086113546,0,0.03490617703532617,0.030732930227538046,0.20681748556396626,0.19274541798861644
1189,889,1188,rolling300,previous_overlap_ge2,300,47,0.15783175630382096,0.17530810086113546,0,0.024910863297948727,0.030732930227538046,0.17177547033403354,0.19274541798861644
1190,1,1189,expanding,consecutive_ge1,1189,617,0.5190859799207008,0.5287474862063631,0,0.2694502545502342,0.2795739041695482,0.7320667772883858,0.7523612059240392
1190,890,1189,rolling300,consecutive_ge1,300,158,0.5267967178878977,0.5287474862063631,0,0.2775147819774613,0.2795739041695482,0.7482302109085056,0.7523612059240392
1190,1,1189,expanding,consecutive_ge2,1189,151,0.12696140215215107,0.12481676009753151,0,0.016119197636440232,0.015579223601244734,0.1357755112357616,0.1333219975178157
1190,890,1189,rolling300,consecutive_ge2,300,36,0.12030104750609572,0.12481676009753151,0,0.014472342031063899,0.015579223601244734,0.128175529477992,0.1333219975178157
1190,1,1189,expanding,band_ge3,1189,520,0.43759999883177025,0.45291992938050796,0,0.19149375897756532,0.20513646243004433,0.5755419364084597,0.6031601058843978
1190,890,1189,rolling300,band_ge3,300,122,0.40955749558628174,0.45291992938050796,0,0.1677373421909072,0.20513646243004433,0.526883015716554,0.6031601058843978
1190,1,1189,expanding,band_ge4,1189,71,0.05982267437265334,0.06628066582689385,0,0.0035787523690965144,0.004393126662456374,0.061686777224771706,0.0685793846560867
1190,890,1189,rolling300,band_ge4,300,17,0.057267541614180864,0.06628066582689385,0,0.003279571322531937,0.004393126662456374,0.05897274987350888,0.0685793846560867
1190,1,1189,expanding,odd_imbalance,1189,207,0.1743060843384705,0.18680279826054075,1,0.681770442360469,0.6612896889168869,1.7469424197878938,1.677701773318112
1190,890,1189,rolling300,odd_imbalance,300,53,0.1773001748912838,0.18680279826054075,1,0.6768350022339122,0.6612896889168869,1.729911079488001,1.677701773318112
1190,1,1189,expanding,low_high_imbalance,1189,232,0.1949843308231686,0.18680279826054075,0,0.03801888926655886,0.034895285437968285,0.21689353693707109,0.20678163828224355
1190,890,1189,rolling300,low_high_imbalance,300,62,0.20542517489128378,0.18680279826054075,0,0.04219950247911453,0.034895285437968285,0.22994811857432104,0.20678163828224355
1190,1,1189,expanding,repeated_end,1189,926,0.7789957000064405,0.790290065389328,1,0.04884290061564325,0.043978256674412325,0.24974975301566005,0.2353552295330889
1190,890,1189,rolling300,repeated_end,300,233,0.777518129086833,0.790290065389328,1,0.049498182885023084,0.043978256674412325,0.2516483180471054,0.2353552295330889
1190,1,1189,expanding,end_multiplicity_ge3,1189,97,0.08171186864030806,0.08948245930662266,0,0.006676829476690961,0.00800711052356138,0.08524406902454375,0.09374211509792349
1190,890,1189,rolling300,end_multiplicity_ge3,300,29,0.09621765370666392,0.08948245930662266,0,0.009257836884815497,0.00800711052356138,0.1011667149537063,0.09374211509792349
1190,1,1189,expanding,multiple_repeat_end_groups,1189,289,0.24278057079550133,0.22608550458805707,0,0.05894240555578943,0.05111465538483637,0.27810220069922326,0.25629388253878654
1190,890,1189,rolling300,multiple_repeat_end_groups,300,77,0.25475534403675354,0.22608550458805707,0,0.06490028531528466,0.05111465538483637,0.2940427172470548,0.25629388253878654
1190,1,1189,expanding,extreme_sum,1189,149,0.12513544595955442,0.11443770825506504,0,0.015658879835496565,0.01309598907067138,0.13368619998891224,0.12153247782470628
1190,890,1189,rolling300,extreme_sum,300,32,0.10715235676594156,0.11443770825506504,0,0.011481627560495623,0.01309598907067138,0.11333932494145847,0.12153247782470628
1190,1,1189,expanding,narrow_three_span_le4,1189,296,0.24921643859305104,0.26513371294993526,0,0.06210883326500398,0.07029588574261866,0.28663786927912444,0.30806671870004826
1190,890,1189,rolling300,narrow_three_span_le4,300,73,0.24469585705937097,0.26513371294993526,0,0.05987606246202011,0.07029588574261866,0.28063477251873004,0.30806671870004826
1190,1,1189,expanding,large_gap_ge15,1189,509,0.4282346668309013,0.4367856099279809,1,0.3269155962139705,0.3172104491841965,0.8480839466666447,0.8283127993981904
1190,890,1189,rolling300,large_gap_ge15,300,122,0.40854910062049876,0.4367856099279809,1,0.3498141663768209,0.3172104491841965,0.8951431745478009,0.8283127993981904
1190,1,1189,expanding,previous_overlap_ge2,1188,222,0.18667728643809828,0.17530810086113546,1,0.6614938363956951,0.6801167285052672,1.67837389390665,1.7412102767071724
1190,890,1189,rolling300,previous_overlap_ge2,300,46,0.15470675630382097,0.17530810086113546,1,0.714520667838408,0.6801167285052672,1.8662238487703484,1.7412102767071724
1191,1,1190,expanding,consecutive_ge1,1190,617,0.5186569832430804,0.5287474862063631,1,0.23169109978065217,0.2220789317568219,0.6565125329260127,0.6372443028525948
1191,891,1190,rolling300,consecutive_ge1,300,158,0.5267967178878977,0.5287474862063631,1,0.22392134620166584,0.2220789317568219,0.640940539413555,0.6372443028525948
1191,1,1190,expanding,consecutive_ge2,1190,151,0.12685647537351294,0.12481676009753151,0,0.016092565344190696,0.015579223601244734,0.13565533273042257,0.1333219975178157
1191,891,1190,rolling300,consecutive_ge2,300,36,0.12030104750609572,0.12481676009753151,0,0.014472342031063899,0.015579223601244734,0.128175529477992,0.1333219975178157
1191,1,1190,expanding,band_ge3,1190,520,0.43723834594017374,0.45291992938050796,1,0.31670067928015155,0.2992966036690284,0.8272768185199889,0.7920399254567645
1191,891,1190,rolling300,band_ge3,300,122,0.40955749558628174,0.45291992938050796,1,0.3486223510183437,0.2992966036690284,0.8926779811826785,0.7920399254567645
1191,1,1190,expanding,band_ge4,1190,71,0.05977323414589908,0.06628066582689385,0,0.0035728395202604757,0.004393126662456374,0.061634192541522394,0.0685793846560867
1191,891,1190,rolling300,band_ge4,300,17,0.057267541614180864,0.06628066582689385,0,0.003279571322531937,0.004393126662456374,0.05897274987350888,0.0685793846560867
1191,1,1190,expanding,odd_imbalance,1190,208,0.17498847600430648,0.18680279826054075,0,0.030620966734309744,0.034895285437968285,0.1923579242653858,0.20678163828224355
1191,891,1190,rolling300,odd_imbalance,300,54,0.1804251748912838,0.18680279826054075,0,0.03255324373455034,0.034895285437968285,0.19896957915952088,0.20678163828224355
1191,1,1190,expanding,low_high_imbalance,1190,232,0.1948231867481081,0.18680279826054075,1,0.648309700598472,0.6612896889168869,1.635662866375982,1.677701773318112
1191,891,1190,rolling300,low_high_imbalance,300,62,0.20542517489128378,0.18680279826054075,1,0.631349152696547,0.6612896889168869,1.5826734238020557,1.677701773318112
1191,1,1190,expanding,repeated_end,1190,927,0.7791783481882533,0.790290065389328,1,0.04876220190886831,0.043978256674412325,0.24951531427261853,0.2353552295330889
1191,891,1190,rolling300,repeated_end,300,233,0.777518129086833,0.790290065389328,1,0.049498182885023084,0.043978256674412325,0.2516483180471054,0.2353552295330889
1191,1,1190,expanding,end_multiplicity_ge3,1190,97,0.08164433817035739,0.08948245930662266,1,0.8433771216145608,0.829042191910316,2.5053828046477804,2.41371265830984
1191,891,1190,rolling300,end_multiplicity_ge3,300,29,0.09621765370666392,0.08948245930662266,1,0.8168225294714877,0.829042191910316,2.34114242768218,2.41371265830984
1191,1,1190,expanding,multiple_repeat_end_groups,1190,289,0.24257992569567036,0.22608550458805707,0,0.058845020350516954,0.05111465538483637,0.27783725963497685,0.25629388253878654
1191,891,1190,rolling300,multiple_repeat_end_groups,300,77,0.25475534403675354,0.22608550458805707,0,0.06490028531528466,0.05111465538483637,0.2940427172470548,0.25629388253878654
1191,1,1190,expanding,extreme_sum,1190,149,0.1250320282356209,0.11443770825506504,1,0.7655689516134714,0.7842205725605412,2.079185348615115,2.167724636734186
1191,891,1190,rolling300,extreme_sum,300,32,0.10715235676594156,0.11443770825506504,1,0.7971769140286125,0.7842205725605412,2.233503562288651,2.167724636734186
1191,1,1190,expanding,narrow_three_span_le4,1190,296,0.2490104745942138,0.26513371294993526,0,0.0620062164576356,0.07029588574261866,0.2863635748441831,0.30806671870004826
1191,891,1190,rolling300,narrow_three_span_le4,300,73,0.24469585705937097,0.26513371294993526,0,0.05987606246202011,0.07029588574261866,0.28063477251873004,0.30806671870004826
1191,1,1190,expanding,large_gap_ge15,1190,510,0.4287072001640989,0.4367856099279809,1,0.32637546314434296,0.3172104491841965,0.8469811101749517,0.8283127993981904
1191,891,1190,rolling300,large_gap_ge15,300,123,0.4116741006204988,0.4367856099279809,1,0.346127363880699,0.3172104491841965,0.8875232605637697,0.8283127993981904
1191,1,1190,expanding,previous_overlap_ge2,1189,223,0.18735000993980375,0.17530810086113546,0,0.03510002622444456,0.030732930227538046,0.20745477866429873,0.19274541798861644
1191,891,1190,rolling300,previous_overlap_ge2,300,47,0.15783175630382096,0.17530810086113546,0,0.024910863297948727,0.030732930227538046,0.17177547033403354,0.19274541798861644
1192,1,1191,expanding,consecutive_ge1,1191,618,0.5190544588968846,0.5287474862063631,1,0.23130861350696844,0.2220789317568219,0.6557464708839044,0.6372443028525948
1192,892,1191,rolling300,consecutive_ge1,300,159,0.5299217178878977,0.5287474862063631,1,0.22097359131346528,0.2220789317568219,0.635025985443305,0.6372443028525948
1192,1,1191,expanding,consecutive_ge2,1191,151,0.1267517218843523,0.12481676009753151,0,0.016065999000648194,0.015579223601244734,0.1355353671085939,0.1333219975178157
1192,892,1191,rolling300,consecutive_ge2,300,36,0.12030104750609572,0.12481676009753151,0,0.014472342031063899,0.015579223601244734,0.128175529477992,0.1333219975178157
1192,1,1191,expanding,band_ge3,1191,521,0.4377030541598763,0.45291992938050796,1,0.316177855301131,0.2992966036690284,0.8262145570625988,0.7920399254567645
1192,892,1191,rolling300,band_ge3,300,123,0.41268249558628173,0.45291992938050796,1,0.3449418509907579,0.2992966036690284,0.8850767575009166,0.7920399254567645
1192,1,1191,expanding,band_ge4,1191,71,0.05972387557104697,0.06628066582689385,0,0.003566941313225901,0.004393126662456374,0.06158169746148982,0.0685793846560867
1192,892,1191,rolling300,band_ge4,300,17,0.057267541614180864,0.06628066582689385,0,0.003279571322531937,0.004393126662456374,0.05897274987350888,0.0685793846560867
1192,1,1191,expanding,odd_imbalance,1191,208,0.17484397684988506,0.18680279826054075,0,0.030570416240683143,0.034895285437968285,0.1921827915583578,0.20678163828224355
1192,892,1191,rolling300,odd_imbalance,300,53,0.1773001748912838,0.18680279826054075,0,0.031435352016479824,0.034895285437968285,0.19516387738936303,0.20678163828224355
1192,1,1191,expanding,low_high_imbalance,1191,233,0.19548807263848952,0.18680279826054075,0,0.038215586543911356,0.034895285437968285,0.21751948685287512,0.20678163828224355
1192,892,1191,rolling300,low_high_imbalance,300,63,0.20855017489128377,0.18680279826054075,0,0.04349317544718505,0.034895285437968285,0.23388879382619754,0.20678163828224355
1192,1,1191,expanding,repeated_end,1191,928,0.7793606947215413,0.790290065389328,1,0.04868170303376087,0.043978256674412325,0.2492813175242539,0.2353552295330889
1192,892,1191,rolling300,repeated_end,300,233,0.777518129086833,0.790290065389328,1,0.049498182885023084,0.043978256674412325,0.2516483180471054,0.2353552295330889
1192,1,1191,expanding,end_multiplicity_ge3,1191,98,0.08240268306039013,0.08948245930662266,0,0.006790202175551106,0.00800711052356138,0.08599663716906064,0.09374211509792349
1192,892,1191,rolling300,end_multiplicity_ge3,300,30,0.09934265370666392,0.08948245930662266,0,0.009868962845482148,0.00800711052356138,0.10463039748860294,0.09374211509792349
1192,1,1191,expanding,multiple_repeat_end_groups,1191,289,0.24237961196677218,0.22608550458805707,1,0.5739886523636187,0.5989436462087222,1.4172501373723114,1.4868420123767523
1192,892,1191,rolling300,multiple_repeat_end_groups,300,76,0.25163034403675355,0.22608550458805707,1,0.5600571419665479,0.5989436462087222,1.3797941571483385,1.4868420123767523
1192,1,1191,expanding,extreme_sum,1191,150,0.1257545451404635,0.11443770825506504,0,0.015814205623484873,0.01309598907067138,0.13439410195461224,0.12153247782470628
1192,892,1191,rolling300,extreme_sum,300,33,0.11027735676594157,0.11443770825506504,0,0.012161095415282758,0.01309598907067138,0.11684550164045943,0.12153247782470628
1192,1,1191,expanding,narrow_three_span_le4,1191,296,0.24880485075061826,0.26513371294993526,1,0.564294152255801,0.5400284598427482,1.3910864217210823,1.3275210030826026
1192,892,1191,rolling300,narrow_three_span_le4,300,73,0.24469585705937097,0.26513371294993526,1,0.5704843483432782,0.5400284598427482,1.4077392393700492,1.3275210030826026
1192,1,1191,expanding,large_gap_ge15,1191,511,0.429178953095425,0.4367856099279809,0,0.184194573780085,0.19078166904015828,0.5606795214163214,0.574094923910703
1192,892,1191,rolling300,large_gap_ge15,300,123,0.4116741006204988,0.4367856099279809,0,0.16947556512169656,0.19078166904015828,0.5304742339782583,0.574094923910703
1192,1,1191,expanding,previous_overlap_ge2,1190,223,0.18719517522084522,0.17530810086113546,0,0.03504203362596295,0.030732930227538046,0.20726426617756163,0.19274541798861644
1192,892,1191,rolling300,previous_overlap_ge2,300,47,0.15783175630382096,0.17530810086113546,0,0.024910863297948727,0.030732930227538046,0.17177547033403354,0.19274541798861644
1193,1,1192,expanding,consecutive_ge1,1192,619,0.51945127865027,0.5287474862063631,0,0.26982963089140044,0.2795739041695482,0.7328266585222727,0.7523612059240392
1193,893,1192,rolling300,consecutive_ge1,300,159,0.5299217178878977,0.5287474862063631,0,0.2808170270892606,0.2795739041695482,0.7548560404618999,0.7523612059240392
1193,1,1192,expanding,consecutive_ge2,1192,151,0.12664714125573484,0.12481676009753151,0,0.016039498388250053,0.015579223601244734,0.1354156138042642,0.1333219975178157
1193,893,1192,rolling300,consecutive_ge2,300,36,0.12030104750609572,0.12481676009753151,0,0.014472342031063899,0.015579223601244734,0.128175529477992,0.1333219975178157
1193,1,1192,expanding,band_ge3,1192,522,0.43816699553433186,0.45291992938050796,0,0.1919903159755832,0.20513646243004433,0.5765506183236748,0.6031601058843978
1193,893,1192,rolling300,band_ge3,300,124,0.4158074955862817,0.45291992938050796,0,0.1728958733857357,0.20513646243004433,0.5375247196248132,0.6031601058843978
1193,1,1192,expanding,band_ge4,1192,71,0.05967459844598835,0.06628066582689385,0,0.0035610576996899556,0.004393126662456374,0.061529291755773756,0.0685793846560867
1193,893,1192,rolling300,band_ge4,300,17,0.057267541614180864,0.06628066582689385,0,0.003279571322531937,0.004393126662456374,0.05897274987350888,0.0685793846560867
1193,1,1192,expanding,odd_imbalance,1192,208,0.17469971614291321,0.18680279826054075,0,0.030519990820414452,0.034895285437968285,0.19200797843943218,0.20678163828224355
1193,893,1192,rolling300,odd_imbalance,300,53,0.1773001748912838,0.18680279826054075,0,0.031435352016479824,0.034895285437968285,0.19516387738936303,0.20678163828224355
1193,1,1192,expanding,low_high_imbalance,1192,233,0.19532677884918384,0.18680279826054075,0,0.03815255053559797,0.034895285437968285,0.21731902043669546,0.20678163828224355
1193,893,1192,rolling300,low_high_imbalance,300,63,0.20855017489128377,0.18680279826054075,0,0.04349317544718505,0.034895285437968285,0.23388879382619754,0.20678163828224355
1193,1,1192,expanding,repeated_end,1192,929,0.7795427403529591,0.790290065389328,1,0.0486014033310828,0.043978256674412325,0.24904776151539618,0.2353552295330889
1193,893,1192,rolling300,repeated_end,300,234,0.780643129086833,0.790290065389328,1,0.04811743681681582,0.043978256674412325,0.24763717456176906,0.2353552295330889
1193,1,1192,expanding,end_multiplicity_ge3,1192,98,0.08233469404796406,0.08948245930662266,0,0.006779001843971849,0.00800711052356138,0.08592254530710142,0.09374211509792349
1193,893,1192,rolling300,end_multiplicity_ge3,300,30,0.09934265370666392,0.08948245930662266,0,0.009868962845482148,0.00800711052356138,0.10463039748860294,0.09374211509792349
1193,1,1192,expanding,multiple_repeat_end_groups,1192,290,0.2430047112968326,0.22608550458805707,1,0.5730418671187919,0.5989436462087222,1.4146744477767255,1.4868420123767523
1193,893,1192,rolling300,multiple_repeat_end_groups,300,77,0.25475534403675354,0.22608550458805707,1,0.5553895972417775,0.5989436462087222,1.3674516295262042,1.4868420123767523
1193,1,1192,expanding,extreme_sum,1192,150,0.12565078726493506,0.11443770825506504,0,0.015788120340297966,0.01309598907067138,0.13427542622309702,0.12153247782470628
1193,893,1192,rolling300,extreme_sum,300,33,0.11027735676594157,0.11443770825506504,0,0.012161095415282758,0.01309598907067138,0.11684550164045943,0.12153247782470628
1193,1,1192,expanding,narrow_three_span_le4,1192,297,0.24942464872854678,0.26513371294993526,0,0.06221265539335895,0.07029588574261866,0.28691523152085385,0.30806671870004826
1193,893,1192,rolling300,narrow_three_span_le4,300,74,0.24782085705937096,0.26513371294993526,0,0.061415177193641174,0.07029588574261866,0.28478076140713393,0.30806671870004826
1193,1,1192,expanding,large_gap_ge15,1192,511,0.4288248450483166,0.4367856099279809,0,0.18389074773071273,0.19078166904015828,0.5600593651357981,0.574094923910703
1193,893,1192,rolling300,large_gap_ge15,300,122,0.40854910062049876,0.4367856099279809,0,0.1669123676178184,0.19078166904015828,0.5251766093566649,0.574094923910703
1193,1,1192,expanding,previous_overlap_ge2,1191,223,0.1870405962157083,0.17530810086113546,0,0.03498418463272763,0.030732930227538046,0.20707410452572195,0.19274541798861644
1193,893,1192,rolling300,previous_overlap_ge2,300,47,0.15783175630382096,0.17530810086113546,0,0.024910863297948727,0.030732930227538046,0.17177547033403354,0.19274541798861644
1194,1,1193,expanding,consecutive_ge1,1193,619,0.5190230418170876,0.5287474862063631,0,0.26938491793706226,0.2795739041695482,0.7319359140094375,0.7523612059240392
1194,894,1193,rolling300,consecutive_ge1,300,159,0.5299217178878977,0.5287474862063631,0,0.2808170270892606,0.2795739041695482,0.7548560404618999,0.7523612059240392
1194,1,1193,expanding,consecutive_ge2,1193,151,0.1265427330601407,0.12481676009753151,0,0.016013063290330025,0.015579223601244734,0.13529607225343016,0.1333219975178157
1194,894,1193,rolling300,consecutive_ge2,300,36,0.12030104750609572,0.12481676009753151,0,0.014472342031063899,0.015579223601244734,0.128175529477992,0.1333219975178157
1194,1,1193,expanding,band_ge3,1193,522,0.43780576965178086,0.45291992938050796,0,0.1916738919403882,0.20513646243004433,0.575907883194492,0.6031601058843978
1194,894,1193,rolling300,band_ge3,300,124,0.4158074955862817,0.45291992938050796,0,0.1728958733857357,0.20513646243004433,0.5375247196248132,0.6031601058843978
1194,1,1193,expanding,band_ge4,1193,71,0.059625402569281026,0.06628066582689385,0,0.0035551886315488244,0.004393126662456374,0.06147697519625332,0.0685793846560867
1194,894,1193,rolling300,band_ge4,300,17,0.057267541614180864,0.06628066582689385,0,0.003279571322531937,0.004393126662456374,0.05897274987350888,0.0685793846560867
1194,1,1193,expanding,odd_imbalance,1193,208,0.17455569329366102,0.18680279826054075,1,0.6813583034739086,0.6612896889168869,1.7455114289841482,1.677701773318112
1194,894,1193,rolling300,odd_imbalance,300,52,0.1741751748912838,0.18680279826054075,1,0.6819866417658416,0.6612896889168869,1.747693733954021,1.677701773318112
1194,1,1193,expanding,low_high_imbalance,1193,233,0.1951657510018226,0.18680279826054075,0,0.03808967036410542,0.034895285437968285,0.2171189246298911,0.20678163828224355
1194,894,1193,rolling300,low_high_imbalance,300,63,0.20855017489128377,0.18680279826054075,0,0.04349317544718505,0.034895285437968285,0.23388879382619754,0.20678163828224355
1194,1,1193,expanding,repeated_end,1193,930,0.7797244858266995,0.790290065389328,1,0.048521302144311905,0.043978256674412325,0.2488146449956464,0.2353552295330889
1194,894,1193,rolling300,repeated_end,300,234,0.780643129086833,0.790290065389328,1,0.04811743681681582,0.043978256674412325,0.24763717456176906,0.2353552295330889
1194,1,1193,expanding,end_multiplicity_ge3,1193,98,0.08226681713613557,0.08948245930662266,1,0.8422341949294392,0.829042191910316,2.4977874465752787,2.41371265830984
1194,894,1193,rolling300,end_multiplicity_ge3,300,30,0.09934265370666392,0.08948245930662266,1,0.8111836554321542,0.829042191910316,2.3091802562848147,2.41371265830984
1194,1,1193,expanding,multiple_repeat_end_groups,1193,291,0.24362877996023174,0.22608550458805707,0,0.05935498242491102,0.05111465538483637,0.2792229915206323,0.25629388253878654
1194,894,1193,rolling300,multiple_repeat_end_groups,300,77,0.25475534403675354,0.22608550458805707,0,0.06490028531528466,0.05111465538483637,0.2940427172470548,0.25629388253878654
1194,1,1193,expanding,extreme_sum,1193,150,0.1255472004658708,0.11443770825506504,0,0.015762099544817554,0.01309598907067138,0.13415696021212656,0.12153247782470628
1194,894,1193,rolling300,extreme_sum,300,33,0.11027735676594157,0.11443770825506504,0,0.012161095415282758,0.01309598907067138,0.11684550164045943,0.12153247782470628
1194,1,1193,expanding,narrow_three_span_le4,1193,297,0.24921902247238145,0.26513371294993526,0,0.062110121162089374,0.07029588574261866,0.2866413108619048,0.30806671870004826
1194,894,1193,rolling300,narrow_three_span_le4,300,74,0.24782085705937096,0.26513371294993526,0,0.061415177193641174,0.07029588574261866,0.28478076140713393,0.30806671870004826
1194,1,1193,expanding,large_gap_ge15,1193,511,0.428471320856191,0.4367856099279809,0,0.18358767279624896,0.19078166904015828,0.5594406147774705,0.574094923910703
1194,894,1193,rolling300,large_gap_ge15,300,121,0.4054241006204988,0.4367856099279809,0,0.1643687013639403,0.19078166904015828,0.5199069017328742,0.574094923910703
1194,1,1193,expanding,previous_overlap_ge2,1192,223,0.1868862722914379,0.17530810086113546,0,0.034926478770989464,0.030732930227538046,0.2068842927371317,0.19274541798861644
1194,894,1193,rolling300,previous_overlap_ge2,300,47,0.15783175630382096,0.17530810086113546,0,0.024910863297948727,0.030732930227538046,0.17177547033403354,0.19274541798861644
1195,1,1194,expanding,consecutive_ge1,1194,619,0.5185955104811591,0.5287474862063631,1,0.23175028252889576,0.2220789317568219,0.6566310629124242,0.6372443028525948
1195,895,1194,rolling300,consecutive_ge1,300,158,0.5267967178878977,0.5287474862063631,1,0.22392134620166584,0.2220789317568219,0.640940539413555,0.6372443028525948
1195,1,1194,expanding,consecutive_ge2,1194,151,0.12643849687145853,0.12481676009753151,0,0.015986693491113826,0.015579223601244734,0.13517674189408677,0.1333219975178157
1195,895,1194,rolling300,consecutive_ge2,300,36,0.12030104750609572,0.12481676009753151,0,0.014472342031063899,0.015579223601244734,0.128175529477992,0.1333219975178157
1195,1,1194,expanding,band_ge3,1194,522,0.4374451388695307,0.45291992938050796,1,0.3164679717815217,0.2992966036690284,0.8268039779169569,0.7920399254567645
1195,895,1194,rolling300,band_ge3,300,123,0.41268249558628173,0.45291992938050796,1,0.3449418509907579,0.2992966036690284,0.8850767575009166,0.7920399254567645
1195,1,1194,expanding,band_ge4,1194,71,0.059576287740146526,0.06628066582689385,0,0.0035493340608967333,0.004393126662456374,0.06142474755558329,0.0685793846560867
1195,895,1194,rolling300,band_ge4,300,17,0.057267541614180864,0.06628066582689385,0,0.003279571322531937,0.004393126662456374,0.05897274987350888,0.0685793846560867
1195,1,1194,expanding,odd_imbalance,1194,209,0.17523563094333675,0.18680279826054075,0,0.03070752635210932,0.034895285437968285,0.19265754670734306,0.20678163828224355
1195,895,1194,rolling300,odd_imbalance,300,53,0.1773001748912838,0.18680279826054075,0,0.031435352016479824,0.034895285437968285,0.19516387738936303,0.20678163828224355
1195,1,1194,expanding,low_high_imbalance,1194,233,0.19500498843921815,0.18680279826054075,0,0.038026945516179605,0.034895285437968285,0.21691919840167864,0.20678163828224355
1195,895,1194,rolling300,low_high_imbalance,300,62,0.20542517489128378,0.18680279826054075,0,0.04219950247911453,0.034895285437968285,0.22994811857432104,0.20678163828224355
1195,1,1194,expanding,repeated_end,1194,931,0.7799059318845029,0.790290065389328,1,0.0484413988196291,0.043978256674412325,0.24858196671935548,0.2353552295330889
1195,895,1194,rolling300,repeated_end,300,235,0.783768129086833,0.790290065389328,1,0.04675622199860851,0.043978256674412325,0.24364205609125875,0.2353552295330889
1195,1,1194,expanding,end_multiplicity_ge3,1194,99,0.08302277527688011,0.08948245930662266,0,0.006892781214675335,0.00800711052356138,0.08667264375916882,0.09374211509792349
1195,895,1194,rolling300,end_multiplicity_ge3,300,31,0.10246765370666391,0.08948245930662266,0,0.010499620056148795,0.00800711052356138,0.1081061188308866,0.09374211509792349
1195,1,1194,expanding,multiple_repeat_end_groups,1194,291,0.24342809727492679,0.22608550458805707,0,0.059257238542891215,0.05111465538483637,0.2789577037071484,0.25629388253878654
1195,895,1194,rolling300,multiple_repeat_end_groups,300,77,0.25475534403675354,0.22608550458805707,0,0.06490028531528466,0.05111465538483637,0.2940427172470548,0.25629388253878654
1195,1,1194,expanding,extreme_sum,1194,150,0.1254437843205118,0.11443770825506504,0,0.015736143024651077,0.01309598907067138,0.13403870336544366,0.12153247782470628
1195,895,1194,rolling300,extreme_sum,300,32,0.10715235676594156,0.11443770825506504,0,0.011481627560495623,0.01309598907067138,0.11333932494145847,0.12153247782470628
1195,1,1194,expanding,narrow_three_span_le4,1194,297,0.24901373497446352,0.26513371294993526,1,0.5639803702570053,0.5400284598427482,1.390247223498702,1.3275210030826026
1195,895,1194,rolling300,narrow_three_span_le4,300,73,0.24469585705937097,0.26513371294993526,1,0.5704843483432782,0.5400284598427482,1.4077392393700492,1.3275210030826026
1195,1,1194,expanding,large_gap_ge15,1194,511,0.42811837907624356,0.4367856099279809,0,0.18328534650287018,0.19078166904015828,0.5588232654477748,0.574094923910703
1195,895,1194,rolling300,large_gap_ge15,300,121,0.4054241006204988,0.4367856099279809,0,0.1643687013639403,0.19078166904015828,0.5199069017328742,0.574094923910703
1195,1,1194,expanding,previous_overlap_ge2,1193,223,0.1867322028171663,0.17530810086113546,1,0.6614045099346187,0.6801167285052672,1.6780797590169692,1.7412102767071724
1195,895,1194,rolling300,previous_overlap_ge2,300,47,0.15783175630382096,0.17530810086113546,1,0.7092473506903069,0.6801167285052672,1.8462256468132863,1.7412102767071724
1196,1,1195,expanding,consecutive_ge1,1195,620,0.518991728168006,0.5287474862063631,0,0.2693524139068134,0.2795739041695482,0.7318708118683326,0.7523612059240392
1196,896,1195,rolling300,consecutive_ge1,300,158,0.5267967178878977,0.5287474862063631,0,0.2775147819774613,0.2795739041695482,0.7482302109085056,0.7523612059240392
1196,1,1195,expanding,consecutive_ge2,1195,151,0.12633443226497995,0.12481676009753151,0,0.015960388775714807,0.015579223601244734,0.13505762216621978,0.1333219975178157
1196,896,1195,rolling300,consecutive_ge2,300,36,0.12030104750609572,0.12481676009753151,0,0.014472342031063899,0.015579223601244734,0.128175529477992,0.1333219975178157
1196,1,1195,expanding,band_ge3,1195,523,0.4379081469856874,0.45291992938050796,0,0.19176354519643843,0.20513646243004433,0.5760900029159837,0.6031601058843978
1196,896,1195,rolling300,band_ge3,300,123,0.41268249558628173,0.45291992938050796,0,0.17030684216332143,0.20513646243004433,0.5321897120047192,0.6031601058843978
1196,1,1195,expanding,band_ge4,1195,71,0.059527253758467395,0.06628066582689385,0,0.0035434939400249706,0.004393126662456374,0.06137260860719121,0.0685793846560867
1196,896,1195,rolling300,band_ge4,300,17,0.057267541614180864,0.06628066582689385,0,0.003279571322531937,0.004393126662456374,0.05897274987350888,0.0685793846560867
1196,1,1195,expanding,odd_imbalance,1195,209,0.17509140408659327,0.18680279826054075,0,0.03065699978501469,0.034895285437968285,0.19248269161766957,0.20678163828224355
1196,896,1195,rolling300,odd_imbalance,300,53,0.1773001748912838,0.18680279826054075,0,0.031435352016479824,0.034895285437968285,0.19516387738936303,0.20678163828224355
1196,1,1195,expanding,low_high_imbalance,1195,233,0.19484449050634636,0.18680279826054075,0,0.0379643754806777,0.034895285437968285,0.21671984072510772,0.20678163828224355
1196,896,1195,rolling300,low_high_imbalance,300,61,0.20230017489128377,0.18680279826054075,0,0.040925360761044,0.034895285437968285,0.2260229113095098,0.20678163828224355
1196,1,1195,expanding,repeated_end,1195,932,0.7800870792656679,0.790290065389328,1,0.04836169270590464,0.043978256674412325,0.24834972544560047,0.2353552295330889
1196,896,1195,rolling300,repeated_end,300,235,0.783768129086833,0.790290065389328,1,0.04675622199860851,0.043978256674412325,0.24364205609125875,0.2353552295330889
1196,1,1195,expanding,end_multiplicity_ge3,1195,99,0.08295444377459461,0.08948245930662266,0,0.006881439741952379,0.00800711052356138,0.08659812832454401,0.09374211509792349
1196,896,1195,rolling300,end_multiplicity_ge3,300,31,0.10246765370666391,0.08948245930662266,0,0.010499620056148795,0.00800711052356138,0.1081061188308866,0.09374211509792349
1196,1,1195,expanding,multiple_repeat_end_groups,1195,291,0.24322774493149063,0.22608550458805707,0,0.05915973590445826,0.05111465538483637,0.27869292276677216,0.25629388253878654
1196,896,1195,rolling300,multiple_repeat_end_groups,300,76,0.25163034403675355,0.22608550458805707,0,0.06331783004005495,0.05111465538483637,0.2898582306163058,0.25629388253878654
1196,1,1195,expanding,extreme_sum,1195,150,0.12534053840749076,0.11443770825506504,0,0.01571025056827967,0.01309598907067138,0.13392065512875975,0.12153247782470628
1196,896,1195,rolling300,extreme_sum,300,31,0.10402735676594158,0.11443770825506504,0,0.01082169095570849,0.01309598907067138,0.10984539857816626,0.12153247782470628
1196,1,1195,expanding,narrow_three_span_le4,1195,298,0.24963183066584255,0.26513371294993526,0,0.06231605088157989,0.07029588574261866,0.28719130045451763,0.30806671870004826
1196,896,1195,rolling300,narrow_three_span_le4,300,73,0.24469585705937097,0.26513371294993526,0,0.05987606246202011,0.07029588574261866,0.28063477251873004,0.30806671870004826
1196,1,1195,expanding,large_gap_ge15,1195,511,0.4277660182704195,0.4367856099279809,0,0.18298376638692887,0.19078166904015828,0.5582073122763518,0.574094923910703
1196,896,1195,rolling300,large_gap_ge15,300,121,0.4054241006204988,0.4367856099279809,0,0.1643687013639403,0.19078166904015828,0.5199069017328742,0.574094923910703
1196,1,1195,expanding,previous_overlap_ge2,1194,224,0.18740211039309945,0.17530810086113546,0,0.03511955097978743,0.030732930227538046,0.20751889251913316,0.19274541798861644
1196,896,1195,rolling300,previous_overlap_ge2,300,48,0.16095675630382095,0.17530810086113546,0,0.025907077399847604,0.030732930227538046,0.1754930318930178,0.19274541798861644
1197,1,1196,expanding,consecutive_ge1,1196,620,0.518564925759973,0.5287474862063631,0,0.26890958222844635,0.2795739041695482,0.7309838974587679,0.7523612059240392
1197,897,1196,rolling300,consecutive_ge1,300,157,0.5236717178878977,0.5287474862063631,0,0.2742320681156619,0.2795739041695482,0.7416479941598764,0.7523612059240392
1197,1,1196,expanding,consecutive_ge2,1196,151,0.12623053881739363,0.12481676009753151,0,0.01593414893012952,0.015579223601244734,0.1349387125117955,0.1333219975178157
1197,897,1196,rolling300,consecutive_ge2,300,36,0.12030104750609572,0.12481676009753151,0,0.014472342031063899,0.015579223601244734,0.128175529477992,0.1333219975178157
1197,1,1196,expanding,band_ge3,1196,523,0.4375480251542847,0.45291992938050796,1,0.31635222400784513,0.2992966036690284,0.8265688074277269,0.7920399254567645
1197,897,1196,rolling300,band_ge3,300,123,0.41268249558628173,0.45291992938050796,1,0.3449418509907579,0.2992966036690284,0.8850767575009166,0.7920399254567645
1197,1,1196,expanding,band_ge4,1196,71,0.05947830042478444,0.06628066582689385,0,0.003537668221420913,0.004393126662456374,0.061320558125274205,0.0685793846560867
1197,897,1196,rolling300,band_ge4,300,17,0.057267541614180864,0.06628066582689385,0,0.003279571322531937,0.004393126662456374,0.05897274987350888,0.0685793846560867
1197,1,1196,expanding,odd_imbalance,1196,209,0.1749474144450747,0.18680279826054075,0,0.03060659782101673,0.034895285437968285,0.19230815461219164,0.20678163828224355
1197,897,1196,rolling300,odd_imbalance,300,53,0.1773001748912838,0.18680279826054075,0,0.031435352016479824,0.034895285437968285,0.19516387738936303,0.20678163828224355
1197,1,1196,expanding,low_high_imbalance,1196,233,0.19468425655033786,0.18680279826054075,0,0.03790195974855777,0.034895285437968285,0.21652085057704468,0.20678163828224355
1197,897,1196,rolling300,low_high_imbalance,300,61,0.20230017489128377,0.18680279826054075,0,0.040925360761044,0.034895285437968285,0.2260229113095098,0.20678163828224355
1197,1,1196,expanding,repeated_end,1196,933,0.7802679287070613,0.790290065389328,0,0.6088180405688077,0.6245583874530684,1.5153463325805563,1.5620299668475026
1197,897,1196,rolling300,repeated_end,300,235,0.783768129086833,0.790290065389328,0,0.6142924801722746,0.6245583874530684,1.53140397061196,1.5620299668475026
1197,1,1196,expanding,end_multiplicity_ge3,1196,99,0.0828862246596484,0.08948245930662266,0,0.0068701262383297065,0.00800711052356138,0.08652374098664642,0.09374211509792349
1197,897,1196,rolling300,end_multiplicity_ge3,300,30,0.09934265370666392,0.08948245930662266,0,0.009868962845482148,0.00800711052356138,0.10463039748860294,0.09374211509792349
1197,1,1196,expanding,multiple_repeat_end_groups,1196,291,0.24302772211493515,0.22608550458805707,0,0.05906247371637414,0.05111465538483637,0.2784286472389468,0.25629388253878654
1197,897,1196,rolling300,multiple_repeat_end_groups,300,76,0.25163034403675355,0.22608550458805707,0,0.06331783004005495,0.05111465538483637,0.2898582306163058,0.25629388253878654
1197,1,1196,expanding,extreme_sum,1196,150,0.12523746230682672,0.11443770825506504,0,0.015684421965053846,0.01309598907067138,0.13380281494974583,0.12153247782470628
1197,897,1196,rolling300,extreme_sum,300,31,0.10402735676594158,0.11443770825506504,0,0.01082169095570849,0.01309598907067138,0.10984539857816626,0.12153247782470628
1197,1,1196,expanding,narrow_three_span_le4,1196,298,0.2494265413314134,0.26513371294993526,0,0.06221359952055128,0.07029588574261866,0.2869177530601631,0.30806671870004826
1197,897,1196,rolling300,narrow_three_span_le4,300,73,0.24469585705937097,0.26513371294993526,0,0.05987606246202011,0.07029588574261866,0.28063477251873004,0.30806671870004826
1197,1,1196,expanding,large_gap_ge15,1196,511,0.42741423700539444,0.4367856099279809,1,0.32785445598411467,0.3172104491841965,0.8500016259233013,0.8283127993981904
1197,897,1196,rolling300,large_gap_ge15,300,121,0.4054241006204988,0.4367856099279809,1,0.3535205001229427,0.3172104491841965,0.902821597741375,0.8283127993981904
1197,1,1196,expanding,previous_overlap_ge2,1195,224,0.1872478699730228,0.17530810086113546,0,0.03506176480943406,0.030732930227538046,0.20732909903628158,0.19274541798861644
1197,897,1196,rolling300,previous_overlap_ge2,300,47,0.15783175630382096,0.17530810086113546,0,0.024910863297948727,0.030732930227538046,0.17177547033403354,0.19274541798861644
1198,1,1197,expanding,consecutive_ge1,1197,620,0.5181388247527751,0.5287474862063631,1,0.23219019221063683,0.2220789317568219,0.6575120711753947,0.6372443028525948
1198,898,1197,rolling300,consecutive_ge1,300,156,0.5205467178878977,0.5287474862063631,1,0.22987544972806712,0.2220789317568219,0.652875639166455,0.6372443028525948
1198,1,1197,expanding,consecutive_ge2,1197,151,0.1261268161067795,0.12481676009753151,0,0.015907973741233372,0.015579223601244734,0.1348200123747529,0.1333219975178157
1198,898,1197,rolling300,consecutive_ge2,300,36,0.12030104750609572,0.12481676009753151,0,0.014472342031063899,0.015579223601244734,0.128175529477992,0.1333219975178157
1198,1,1197,expanding,band_ge3,1197,524,0.43801018782876766,0.45291992938050796,1,0.315832548984257,0.2992966036690284,0.8255131089931667,0.7920399254567645
1198,898,1197,rolling300,band_ge3,300,124,0.4158074955862817,0.45291992938050796,1,0.34128088221317227,0.2992966036690284,0.8775328768176728,0.7920399254567645
1198,1,1197,expanding,band_ge4,1197,71,0.059429427540294066,0.06628066582689385,0,0.003531856857767063,0.004393126662456374,0.061268595884795135,0.0685793846560867
1198,898,1197,rolling300,band_ge4,300,17,0.057267541614180864,0.06628066582689385,0,0.003279571322531937,0.004393126662456374,0.05897274987350888,0.0685793846560867
1198,1,1197,expanding,odd_imbalance,1197,209,0.17480366143402698,0.18680279826054075,0,0.030556320050741933,0.034895285437968285,0.19213393482109203,0.20678163828224355
1198,898,1197,rolling300,odd_imbalance,300,52,0.1741751748912838,0.18680279826054075,0,0.030336991548409305,0.034895285437968285,0.19137260409205228,0.20678163828224355
1198,1,1197,expanding,low_high_imbalance,1197,233,0.19452428592046905,0.18680279826054075,1,0.6487911259719303,0.6612896889168869,1.6371982603741007,1.677701773318112
1198,898,1197,rolling300,low_high_imbalance,300,61,0.20230017489128377,0.18680279826054075,1,0.6363250109784764,0.6612896889168869,1.5980026702943089,1.677701773318112
1198,1,1197,expanding,repeated_end,1197,933,0.7796267882561927,0.790290065389328,0,0.6078179289666663,0.6245583874530684,1.5124327529025519,1.5620299668475026
1198,898,1197,rolling300,repeated_end,300,234,0.780643129086833,0.790290065389328,0,0.6094036949904817,0.6245583874530684,1.5170553278889152,1.5620299668475026
1198,1,1197,expanding,end_multiplicity_ge3,1197,99,0.0828181176549979,0.08948245930662266,0,0.006858840611917075,0.00800711052356138,0.08644948141524474,0.09374211509792349
1198,898,1197,rolling300,end_multiplicity_ge3,300,29,0.09621765370666392,0.08948245930662266,0,0.009257836884815497,0.00800711052356138,0.1011667149537063,0.09374211509792349
1198,1,1197,expanding,multiple_repeat_end_groups,1197,291,0.2428280280129508,0.22608550458805707,0,0.058965451188658424,0.05111465538483637,0.2781648756687558,0.25629388253878654
1198,898,1197,rolling300,multiple_repeat_end_groups,300,75,0.24850534403675356,0.22608550458805707,0,0.06175490601482525,0.05111465538483637,0.28569118097441026,0.25629388253878654
1198,1,1197,expanding,extreme_sum,1197,150,0.1251345555999189,0.11443770825506504,1,0.7653895458053513,0.7842205725605412,2.078365675831752,2.167724636734186
1198,898,1197,rolling300,extreme_sum,300,31,0.10402735676594158,0.11443770825506504,1,0.8027669774238254,0.7842205725605412,2.263101368604891,2.167724636734186
1198,1,1197,expanding,narrow_three_span_le4,1197,298,0.24922158936647387,0.26513371294993526,1,0.5636682218734036,0.5400284598427482,1.389412861124482,1.3275210030826026
1198,898,1197,rolling300,narrow_three_span_le4,300,73,0.24469585705937097,0.26513371294993526,1,0.5704843483432782,0.5400284598427482,1.4077392393700492,1.3275210030826026
1198,1,1197,expanding,large_gap_ge15,1197,512,0.4278847265394903,0.4367856099279809,0,0.18308533920577438,0.19078166904015828,0.5584147808773199,0.574094923910703
1198,898,1197,rolling300,large_gap_ge15,300,122,0.40854910062049876,0.4367856099279809,0,0.1669123676178184,0.19078166904015828,0.5251766093566649,0.574094923910703
1198,1,1197,expanding,previous_overlap_ge2,1196,224,0.18709388323784762,0.17530810086113546,0,0.03500412114501736,0.030732930227538046,0.20713965363969852,0.19274541798861644
1198,898,1197,rolling300,previous_overlap_ge2,300,46,0.15470675630382097,0.17530810086113546,0,0.02393418044604985,0.030732930227538046,0.16807167786734487,0.19274541798861644
1199,1,1198,expanding,consecutive_ge1,1198,621,0.5185344414812211,0.5287474862063631,1,0.23180908403979975,0.2220789317568219,0.6567488282896426,0.6372443028525948
1199,899,1198,rolling300,consecutive_ge1,300,157,0.5236717178878977,0.5287474862063631,1,0.22688863233986653,0.2220789317568219,0.6468902835699226,0.6372443028525948
1199,1,1198,expanding,consecutive_ge2,1198,151,0.12602326371260317,0.12481676009753151,1,0.7638353355715699,0.7659457034061817,2.0712887564334594,2.0809085364103663
1199,899,1198,rolling300,consecutive_ge2,300,36,0.12030104750609572,0.12481676009753151,1,0.7738702470188724,0.7659457034061817,2.117757948590571,2.0809085364103663
1199,1,1198,expanding,band_ge3,1198,525,0.4384715916154435,0.45291992938050796,1,0.31531415342289315,0.2992966036690284,0.8244602546381321,0.7920399254567645
1199,899,1198,rolling300,band_ge3,300,125,0.41893249558628176,0.45291992938050796,1,0.3376394446855865,0.2992966036690284,0.8700454804253118,0.7920399254567645
1199,1,1198,expanding,band_ge4,1198,71,0.05938063490684555,0.06628066582689385,0,0.0035260598019400844,0.004393126662456374,0.06121672166147998,0.0685793846560867
1199,899,1198,rolling300,band_ge4,300,17,0.057267541614180864,0.06628066582689385,0,0.003279571322531937,0.004393126662456374,0.05897274987350888,0.0685793846560867
1199,1,1198,expanding,odd_imbalance,1198,209,0.17466014447061645,0.18680279826054075,0,0.03050616606649661,0.034895285437968285,0.19196003137773146,0.20678163828224355
1199,899,1198,rolling300,odd_imbalance,300,52,0.1741751748912838,0.18680279826054075,0,0.030336991548409305,0.034895285437968285,0.19137260409205228,0.20678163828224355
1199,1,1198,expanding,low_high_imbalance,1198,234,0.19518559603055075,0.18680279826054075,1,0.6477262248366998,0.6612896889168869,1.6338043985529185,1.677701773318112
1199,899,1198,rolling300,low_high_imbalance,300,62,0.20542517489128378,0.18680279826054075,1,0.631349152696547,0.6612896889168869,1.5826734238020557,1.677701773318112
1199,1,1198,expanding,repeated_end,1198,933,0.7789867005811055,0.790290065389328,0,0.606820279682237,0.6245583874530684,1.5095324009089912,1.5620299668475026
1199,899,1198,rolling300,repeated_end,300,233,0.777518129086833,0.790290065389328,0,0.6045344410586891,0.6245583874530684,1.5029096597373859,1.5620299668475026
1199,1,1198,expanding,end_multiplicity_ge3,1198,99,0.0827501224845094,0.08948245930662266,0,0.006847582771201308,0.00800711052356138,0.08637534928124287,0.09374211509792349
1199,899,1198,rolling300,end_multiplicity_ge3,300,29,0.09621765370666392,0.08948245930662266,0,0.009257836884815497,0.00800711052356138,0.1011667149537063,0.09374211509792349
1199,1,1198,expanding,multiple_repeat_end_groups,1198,291,0.24262866181589582,0.22608550458805707,0,0.058868667534572344,0.05111465538483637,0.2779016066068972,0.25629388253878654
1199,899,1198,rolling300,multiple_repeat_end_groups,300,75,0.24850534403675356,0.22608550458805707,0,0.06175490601482525,0.05111465538483637,0.28569118097441026,0.25629388253878654
1199,1,1198,expanding,extreme_sum,1198,151,0.12585283593193866,0.11443770825506504,0,0.01583893631211147,0.01309598907067138,0.13450653756033906,0.12153247782470628
1199,899,1198,rolling300,extreme_sum,300,32,0.10715235676594156,0.11443770825506504,0,0.011481627560495623,0.01309598907067138,0.11333932494145847,0.12153247782470628
1199,1,1198,expanding,narrow_three_span_le4,1198,299,0.24983799200246198,0.26513371294993526,1,0.5627430382428982,0.5400284598427482,1.3869426031735297,1.3275210030826026
1199,899,1198,rolling300,narrow_three_span_le4,300,74,0.24782085705937096,0.26513371294993526,1,0.5657734630748993,0.5400284598427482,1.395049144405085,1.3275210030826026
1199,1,1198,expanding,large_gap_ge15,1198,512,0.42753342545037737,0.4367856099279809,0,0.18278482987733338,0.19078166904015828,0.5578009303243779,0.574094923910703
1199,899,1198,rolling300,large_gap_ge15,300,122,0.40854910062049876,0.4367856099279809,0,0.1669123676178184,0.19078166904015828,0.5251766093566649,0.574094923910703
1199,1,1198,expanding,previous_overlap_ge2,1197,224,0.1869401495622208,0.17530810086113546,0,0.03494661951834548,0.030732930227538046,0.2069505553692721,0.19274541798861644
1199,899,1198,rolling300,previous_overlap_ge2,300,46,0.15470675630382097,0.17530810086113546,0,0.02393418044604985,0.030732930227538046,0.16807167786734487,0.19274541798861644
1200,1,1199,expanding,consecutive_ge1,1199,622,0.5189294091256171,0.5287474862063631,1,0.23142891340422786,0.2220789317568219,0.6559874183123278,0.6372443028525948
1200,900,1199,rolling300,consecutive_ge1,300,157,0.5236717178878977,0.5287474862063631,1,0.22688863233986653,0.2220789317568219,0.6468902835699226,0.6372443028525948
1200,1,1199,expanding,consecutive_ge2,1199,152,0.1267402257604189,0.12481676009753151,0,0.016063084825801953,0.015579223601244734,0.13552220241242413,0.1333219975178157
1200,900,1199,rolling300,consecutive_ge2,300,36,0.12030104750609572,0.12481676009753151,0,0.014472342031063899,0.015579223601244734,0.128175529477992,0.1333219975178157
1200,1,1199,expanding,band_ge3,1199,526,0.43893223838196077,0.45291992938050796,1,0.31479703312707696,0.2992966036690284,0.82341023230385,0.7920399254567645
1200,900,1199,rolling300,band_ge3,300,126,0.42205749558628175,0.45291992938050796,1,0.3340175384080008,0.2992966036690284,0.862613728761573,0.7920399254567645
1200,1,1199,expanding,band_ge4,1199,71,0.05933192232693838,0.06628066582689385,0,0.0035202770070098493,0.004393126662456374,0.06116493523181414,0.0685793846560867
1200,900,1199,rolling300,band_ge4,300,17,0.057267541614180864,0.06628066582689385,0,0.003279571322531937,0.004393126662456374,0.05897274987350888,0.0685793846560867
1200,1,1199,expanding,odd_imbalance,1199,209,0.1745168629739219,0.18680279826054075,1,0.6814224095144149,0.6612896889168869,1.7457339060549009,1.677701773318112
1200,900,1199,rolling300,odd_imbalance,300,52,0.1741751748912838,0.18680279826054075,1,0.6819866417658416,0.6612896889168869,1.747693733954021,1.677701773318112
1200,1,1199,expanding,low_high_imbalance,1199,235,0.19584582113635013,0.18680279826054075,1,0.6466639433838711,0.6612896889168869,1.630427556160227,1.677701773318112
1200,900,1199,rolling300,low_high_imbalance,300,63,0.20855017489128377,0.18680279826054075,1,0.6263928256646174,0.6612896889168869,1.5675756197335227,1.677701773318112
1200,1,1199,expanding,repeated_end,1199,933,0.7783476630908831,0.790290065389328,1,0.04912975845727267,0.043978256674412325,0.2505819868933218,0.2353552295330889
1200,900,1199,rolling300,repeated_end,300,232,0.774393129086833,0.790290065389328,1,0.0508984602032304,0.043978256674412325,0.25567561562262164,0.2353552295330889
1200,1,1199,expanding,end_multiplicity_ge3,1199,99,0.08268223887295525,0.08948245930662266,0,0.006836352625044433,0.00800711052356138,0.08630134425667435,0.09374211509792349
1200,900,1199,rolling300,end_multiplicity_ge3,300,29,0.09621765370666392,0.08948245930662266,0,0.009257836884815497,0.00800711052356138,0.1011667149537063,0.09374211509792349
1200,1,1199,expanding,multiple_repeat_end_groups,1199,291,0.24242962271678517,0.22608550458805707,0,0.0587721219706028,0.05111465538483637,0.2776388386096551,0.25629388253878654
1200,900,1199,rolling300,multiple_repeat_end_groups,300,75,0.24850534403675356,0.22608550458805707,0,0.06175490601482525,0.05111465538483637,0.28569118097441026,0.25629388253878654
1200,1,1199,expanding,extreme_sum,1199,151,0.12574959324454577,0.11443770825506504,1,0.7643137737120771,0.7842205725605412,2.073462704643339,2.167724636734186
1200,900,1199,rolling300,extreme_sum,300,32,0.10715235676594156,0.11443770825506504,1,0.7971769140286125,0.7842205725605412,2.233503562288651,2.167724636734186
1200,1,1199,expanding,narrow_three_span_le4,1199,300,0.2504533833133706,0.26513371294993526,1,0.5618201305863729,0.5400284598427482,1.384482470332361,1.3275210030826026
1200,900,1199,rolling300,narrow_three_span_le4,300,74,0.24782085705937096,0.26513371294993526,1,0.5657734630748993,0.5400284598427482,1.395049144405085,1.3275210030826026
1200,1,1199,expanding,large_gap_ge15,1199,512,0.4271827007371285,0.4367856099279809,0,0.1824850598090671,0.19078166904015828,0.5571884625646689,0.574094923910703
1200,900,1199,rolling300,large_gap_ge15,300,122,0.40854910062049876,0.4367856099279809,0,0.1669123676178184,0.19078166904015828,0.5251766093566649,0.574094923910703
1200,1,1199,expanding,previous_overlap_ge2,1198,224,0.18678666832284296,0.17530810086113546,1,0.6613159228174618,0.6801167285052672,1.6777881244556605,1.7412102767071724
1200,900,1199,rolling300,previous_overlap_ge2,300,46,0.15470675630382097,0.17530810086113546,1,0.714520667838408,0.6801167285052672,1.8662238487703484,1.7412102767071724
1201,1,1200,expanding,consecutive_ge1,1200,623,0.5193237292820715,0.5287474862063631,1,0.2310496772312953,0.2220789317568219,0.6552278344289247,0.6372443028525948
1201,901,1200,rolling300,consecutive_ge1,300,158,0.5267967178878977,0.5287474862063631,1,0.22392134620166584,0.2220789317568219,0.640940539413555,0.6372443028525948
1201,1,1200,expanding,consecutive_ge2,1200,152,0.12663634032946774,0.12481676009753151,0,0.01603676269204078,0.015579223601244734,0.13540324668440998,0.1333219975178157
1201,901,1200,rolling300,consecutive_ge2,300,36,0.12030104750609572,0.12481676009753151,0,0.014472342031063899,0.015579223601244734,0.128175529477992,0.1333219975178157
1201,1,1200,expanding,band_ge3,1200,527,0.43939212998984445,0.45291992938050796,0,0.19306544389701236,0.20513646243004433,0.5787336018017268,0.6031601058843978
1201,901,1200,rolling300,band_ge3,300,126,0.42205749558628175,0.45291992938050796,0,0.17813252958056425,0.20513646243004433,0.548280888590227,0.6031601058843978
1201,1,1200,expanding,band_ge4,1200,71,0.05928328960371958,0.06628066582689385,0,0.003514508426238486,0.004393126662456374,0.06111323637303937,0.0685793846560867
1201,901,1200,rolling300,band_ge4,300,17,0.057267541614180864,0.06628066582689385,0,0.003279571322531937,0.004393126662456374,0.05897274987350888,0.0685793846560867
1201,1,1200,expanding,odd_imbalance,1200,210,0.17519348849607444,0.18680279826054075,0,0.030692758411424166,0.034895285437968285,0.19260645166466486,0.20678163828224355
1201,901,1200,rolling300,odd_imbalance,300,53,0.1773001748912838,0.18680279826054075,0,0.031435352016479824,0.034895285437968285,0.19516387738936303,0.20678163828224355
1201,1,1200,expanding,low_high_imbalance,1200,236,0.19650496390591052,0.18680279826054075,0,0.038614200839663194,0.034895285437968285,0.21878427167792852,0.20678163828224355
1201,901,1200,rolling300,low_high_imbalance,300,64,0.2116751748912838,0.18680279826054075,0,0.04480637966525558,0.034895285437968285,0.2378450594563876,0.20678163828224355
1201,1,1200,expanding,repeated_end,1200,934,0.7785293453342512,0.790290065389328,1,0.04904925087807535,0.043978256674412325,0.25034859370527973,0.2353552295330889
1201,901,1200,rolling300,repeated_end,300,232,0.774393129086833,0.790290065389328,1,0.0508984602032304,0.043978256674412325,0.25567561562262164,0.2353552295330889
1201,1,1200,expanding,end_multiplicity_ge3,1200,99,0.0826144665460102,0.08948245930662266,0,0.00682515008268184,0.00800711052356138,0.08622746601469812,0.09374211509792349
1201,901,1200,rolling300,end_multiplicity_ge3,300,29,0.09621765370666392,0.08948245930662266,0,0.009257836884815497,0.00800711052356138,0.1011667149537063,0.09374211509792349
1201,1,1200,expanding,multiple_repeat_end_groups,1200,291,0.2422309099112796,0.22608550458805707,0,0.05867581371644645,0.05111465538483637,0.2773765702388732,0.25629388253878654
1201,901,1200,rolling300,multiple_repeat_end_groups,300,75,0.24850534403675356,0.22608550458805707,0,0.06175490601482525,0.05111465538483637,0.28569118097441026,0.25629388253878654
1201,1,1200,expanding,extreme_sum,1200,152,0.1264661919386076,0.11443770825506504,0,0.01599369770345274,0.01309598907067138,0.1352084460226184,0.12153247782470628
1201,901,1200,rolling300,extreme_sum,300,33,0.11027735676594157,0.11443770825506504,0,0.012161095415282758,0.01309598907067138,0.11684550164045943,0.12153247782470628
1201,1,1200,expanding,narrow_three_span_le4,1200,301,0.2510677657860645,0.26513371294993526,0,0.06303502301680614,0.07029588574261866,0.289106774572801,0.30806671870004826
1201,901,1200,rolling300,narrow_three_span_le4,300,75,0.25094585705937095,0.26513371294993526,0,0.06297382317526223,0.07029588574261866,0.2889440111073625,0.30806671870004826
1201,1,1200,expanding,large_gap_ge15,1200,512,0.42683255098242595,0.4367856099279809,1,0.3285209246133133,0.3172104491841965,0.8513634949313018,0.8283127993981904
1201,901,1200,rolling300,large_gap_ge15,300,121,0.4054241006204988,0.4367856099279809,1,0.3535205001229427,0.3172104491841965,0.902821597741375,0.8283127993981904
1201,1,1200,expanding,previous_overlap_ge2,1199,225,0.18745378344316876,0.17530810086113546,0,0.03513892092715841,0.030732930227538046,0.20758248447985936,0.19274541798861644
1201,901,1200,rolling300,previous_overlap_ge2,300,47,0.15783175630382096,0.17530810086113546,0,0.024910863297948727,0.030732930227538046,0.17177547033403354,0.19274541798861644
1202,1,1201,expanding,consecutive_ge1,1201,624,0.5197174035414638,0.5287474862063631,0,0.2701061795438807,0.2795739041695482,0.7333806056991946,0.7523612059240392
1202,902,1201,rolling300,consecutive_ge1,300,159,0.5299217178878977,0.5287474862063631,0,0.2808170270892606,0.2795739041695482,0.7548560404618999,0.7523612059240392
1202,1,1201,expanding,consecutive_ge2,1201,152,0.12653262506302265,0.12481676009753151,0,0.01601050520533947,0.015579223601244734,0.13528449992011263,0.1333219975178157
1202,902,1201,rolling300,consecutive_ge2,300,36,0.12030104750609572,0.12481676009753151,0,0.014472342031063899,0.015579223601244734,0.128175529477992,0.1333219975178157
1202,1,1201,expanding,band_ge3,1201,527,0.43903226747552027,0.45291992938050796,1,0.31468479693365625,0.2992966036690284,0.8231823663859799,0.7920399254567645
1202,902,1201,rolling300,band_ge3,300,126,0.42205749558628175,0.45291992938050796,1,0.3340175384080008,0.2992966036690284,0.862613728761573,0.7920399254567645
1202,1,1201,expanding,band_ge4,1201,71,0.05923473654098107,0.06628066582689385,0,0.003508754013079438,0.004393126662456374,0.061061624863151004,0.0685793846560867
1202,902,1201,rolling300,band_ge4,300,17,0.057267541614180864,0.06628066582689385,0,0.003279571322531937,0.004393126662456374,0.05897274987350888,0.0685793846560867
1202,1,1201,expanding,odd_imbalance,1201,210,0.17505000488551256,0.18680279826054075,0,0.030642504210417972,0.034895285437968285,0.192432506466876,0.20678163828224355
1202,902,1201,rolling300,odd_imbalance,300,53,0.1773001748912838,0.18680279826054075,0,0.031435352016479824,0.034895285437968285,0.19516387738936303,0.20678163828224355
1202,1,1201,expanding,low_high_imbalance,1201,236,0.19634402617953384,0.18680279826054075,0,0.03855097661638947,0.034895285437968285,0.21858399463374062,0.20678163828224355
1202,902,1201,rolling300,low_high_imbalance,300,64,0.2116751748912838,0.18680279826054075,0,0.04480637966525558,0.034895285437968285,0.2378450594563876,0.20678163828224355
1202,1,1201,expanding,repeated_end,1201,935,0.7787107299818071,0.790290065389328,0,0.6063904009887989,0.6245583874530684,1.5082845192362184,1.5620299668475026
1202,902,1201,rolling300,repeated_end,300,232,0.774393129086833,0.790290065389328,0,0.5996847183768964,0.6245583874530684,1.4889613036466274,1.5620299668475026
1202,1,1201,expanding,end_multiplicity_ge3,1201,99,0.08254680523024771,0.08948245930662266,0,0.006813975053720451,0.00800711052356138,0.08615371422959307,0.09374211509792349
1202,902,1201,rolling300,end_multiplicity_ge3,300,29,0.09621765370666392,0.08948245930662266,0,0.009257836884815497,0.00800711052356138,0.1011667149537063,0.09374211509792349
1202,1,1201,expanding,multiple_repeat_end_groups,1201,291,0.24203252259767497,0.22608550458805707,0,0.05857974199499404,0.05111465538483637,0.2771148000619276,0.25629388253878654
1202,902,1201,rolling300,multiple_repeat_end_groups,300,75,0.24850534403675356,0.22608550458805707,0,0.06175490601482525,0.05111465538483637,0.28569118097441026,0.25629388253878654
1202,1,1201,expanding,extreme_sum,1201,152,0.12636261602383397,0.11443770825506504,0,0.015967510728386904,0.01309598907067138,0.13508988189408083,0.12153247782470628
1202,902,1201,rolling300,extreme_sum,300,33,0.11027735676594157,0.11443770825506504,0,0.012161095415282758,0.01309598907067138,0.11684550164045943,0.12153247782470628
1202,1,1201,expanding,narrow_three_span_le4,1201,301,0.250862141080261,0.26513371294993526,0,0.06293181382737277,0.07029588574261866,0.2888322550986624,0.30806671870004826
1202,902,1201,rolling300,narrow_three_span_le4,300,75,0.25094585705937095,0.26513371294993526,0,0.06297382317526223,0.07029588574261866,0.2889440111073625,0.30806671870004826
1202,1,1201,expanding,large_gap_ge15,1201,513,0.427301975592596,0.4367856099279809,0,0.1825869783453355,0.19078166904015828,0.5573967091999323,0.574094923910703
1202,902,1201,rolling300,large_gap_ge15,300,122,0.40854910062049876,0.4367856099279809,0,0.1669123676178184,0.19078166904015828,0.5251766093566649,0.574094923910703
1202,1,1201,expanding,previous_overlap_ge2,1200,225,0.18730013280100222,0.17530810086113546,0,0.035081339747273066,0.030732930227538046,0.20739340463015532,0.19274541798861644
1202,902,1201,rolling300,previous_overlap_ge2,300,47,0.15783175630382096,0.17530810086113546,0,0.024910863297948727,0.030732930227538046,0.17177547033403354,0.19274541798861644
1203,1,1202,expanding,consecutive_ge1,1202,624,0.5192921028839012,0.5287474862063631,0,0.2696642881175842,0.2795739041695482,0.7324954758499957,0.7523612059240392
1203,903,1202,rolling300,consecutive_ge1,300,158,0.5267967178878977,0.5287474862063631,0,0.2775147819774613,0.2795739041695482,0.7482302109085056,0.7523612059240392
1203,1,1202,expanding,consecutive_ge2,1202,152,0.12642907954333113,0.12481676009753151,0,0.01598431215417395,0.015579223601244734,0.1351659615685656,0.1333219975178157
1203,903,1202,rolling300,consecutive_ge2,300,36,0.12030104750609572,0.12481676009753151,0,0.014472342031063899,0.015579223601244734,0.128175529477992,0.1333219975178157
1203,1,1202,expanding,band_ge3,1202,528,0.43949132453977924,0.45291992938050796,0,0.19315262434572955,0.20513646243004433,0.5789105585161638,0.6031601058843978
1203,903,1202,rolling300,band_ge3,300,127,0.42518249558628174,0.45291992938050796,0,0.1807801545529785,0.20513646243004433,0.553702672189946,0.6031601058843978
1203,1,1202,expanding,band_ge4,1202,71,0.05918626294315702,0.06628066582689385,0,0.003503013721176522,0.004393126662456374,0.061010100480893815,0.0685793846560867
1203,903,1202,rolling300,band_ge4,300,17,0.057267541614180864,0.06628066582689385,0,0.003279571322531937,0.004393126662456374,0.05897274987350888,0.0685793846560867
1203,1,1202,expanding,odd_imbalance,1202,210,0.1749067561090105,0.18680279826054075,0,0.03059237333257688,0.034895285437968285,0.19225887613589354,0.20678163828224355
1203,903,1202,rolling300,odd_imbalance,300,53,0.1773001748912838,0.18680279826054075,0,0.031435352016479824,0.034895285437968285,0.19516387738936303,0.20678163828224355
1203,1,1202,expanding,low_high_imbalance,1202,236,0.19618335185369135,0.18680279826054075,0,0.03848790754454926,0.034895285437968285,0.2183840853796955,0.20678163828224355
1203,903,1202,rolling300,low_high_imbalance,300,64,0.2116751748912838,0.18680279826054075,0,0.04480637966525558,0.034895285437968285,0.2378450594563876,0.20678163828224355
1203,1,1202,expanding,repeated_end,1202,935,0.7780734871585814,0.790290065389328,1,0.04925137710195234,0.043978256674412325,0.2509343027624473,0.2353552295330889
1203,903,1202,rolling300,repeated_end,300,231,0.7712681290868331,0.790290065389328,1,0.052318268771437665,0.043978256674412325,0.2597191979294578,0.2353552295330889
1203,1,1202,expanding,end_multiplicity_ge3,1202,99,0.08247925465313621,0.08948245930662266,0,0.006802827448136891,0.00800711052356138,0.08608008857675387,0.09374211509792349
1203,903,1202,rolling300,end_multiplicity_ge3,300,29,0.09621765370666392,0.08948245930662266,0,0.009257836884815497,0.00800711052356138,0.1011667149537063,0.09374211509792349
1203,1,1202,expanding,multiple_repeat_end_groups,1202,291,0.24183445997689126,0.22608550458805707,0,0.058483906032314625,0.05111465538483637,0.2768535266517004,0.25629388253878654
1203,903,1202,rolling300,multiple_repeat_end_groups,300,75,0.24850534403675356,0.22608550458805707,0,0.06175490601482525,0.05111465538483637,0.28569118097441026,0.25629388253878654
1203,1,1202,expanding,extreme_sum,1202,152,0.12625920962774248,0.11443770825506504,0,0.01594138801582222,0.01309598907067138,0.1349715258361533,0.12153247782470628
1203,903,1202,rolling300,extreme_sum,300,33,0.11027735676594157,0.11443770825506504,0,0.012161095415282758,0.01309598907067138,0.11684550164045943,0.12153247782470628
1203,1,1202,expanding,narrow_three_span_le4,1202,301,0.25065685291243756,0.26513371294993526,0,0.06282885791196735,0.07029588574261866,0.2885582600753225,0.30806671870004826
1203,903,1202,rolling300,narrow_three_span_le4,300,75,0.25094585705937095,0.26513371294993526,0,0.06297382317526223,0.07029588574261866,0.2889440111073625,0.30806671870004826
1203,1,1202,expanding,large_gap_ge15,1202,513,0.4269523013081503,0.4367856099279809,0,0.18228826759232558,0.19078166904015828,0.556786321941656,0.574094923910703
1203,903,1202,rolling300,large_gap_ge15,300,122,0.40854910062049876,0.4367856099279809,0,0.1669123676178184,0.19078166904015828,0.5251766093566649,0.574094923910703
1203,1,1202,expanding,previous_overlap_ge2,1201,225,0.18714673383883926,0.17530810086113546,0,0.03502389998654534,0.030732930227538046,0.20720467015021718,0.19274541798861644
1203,903,1202,rolling300,previous_overlap_ge2,300,47,0.15783175630382096,0.17530810086113546,0,0.024910863297948727,0.030732930227538046,0.17177547033403354,0.19274541798861644
1204,1,1203,expanding,consecutive_ge1,1203,624,0.5188674977302757,0.5287474862063631,1,0.2314884847403262,0.2220789317568219,0.6561067314361304,0.6372443028525948
1204,904,1203,rolling300,consecutive_ge1,300,157,0.5236717178878977,0.5287474862063631,1,0.22688863233986653,0.2220789317568219,0.6468902835699226,0.6372443028525948
1204,1,1203,expanding,consecutive_ge2,1203,152,0.12632570335400706,0.12481676009753151,0,0.01595818332788459,0.015579223601244734,0.13504763108074072,0.1333219975178157
1204,904,1203,rolling300,consecutive_ge2,300,35,0.11717604750609571,0.12481676009753151,0,0.0137302261091508,0.015579223601244734,0.12462947255496382,0.1333219975178157
1204,1,1203,expanding,band_ge3,1203,528,0.4391319694093297,0.45291992938050796,0,0.19283688655731646,0.20513646243004433,0.5782696407214356,0.6031601058843978
1204,904,1203,rolling300,band_ge3,300,126,0.42205749558628175,0.45291992938050796,0,0.17813252958056425,0.20513646243004433,0.548280888590227,0.6031601058843978
1204,1,1203,expanding,band_ge4,1203,71,0.05913786861532125,0.06628066582689385,0,0.003497287504362998,0.004393126662456374,0.06095866300575999,0.0685793846560867
1204,904,1203,rolling300,band_ge4,300,17,0.057267541614180864,0.06628066582689385,0,0.003279571322531937,0.004393126662456374,0.05897274987350888,0.0685793846560867
1204,1,1203,expanding,odd_imbalance,1203,210,0.17476374159052396,0.18680279826054075,1,0.6810148821936715,0.6612896889168869,1.74432026524869,1.677701773318112
1204,904,1203,rolling300,odd_imbalance,300,53,0.1773001748912838,0.18680279826054075,1,0.6768350022339122,0.6612896889168869,1.729911079488001,1.677701773318112
1204,1,1203,expanding,low_high_imbalance,1203,236,0.1960229402822656,0.18680279826054075,0,0.03842499311690467,0.034895285437968285,0.21818454289962072,0.20678163828224355
1204,904,1203,rolling300,low_high_imbalance,300,63,0.20855017489128377,0.18680279826054075,0,0.04349317544718505,0.034895285437968285,0.23388879382619754,0.20678163828224355
1204,1,1203,expanding,repeated_end,1203,936,0.77825494792133,0.790290065389328,1,0.04917086812137208,0.043978256674412325,0.25070111192755573,0.2353552295330889
1204,904,1203,rolling300,repeated_end,300,231,0.7712681290868331,0.790290065389328,1,0.052318268771437665,0.043978256674412325,0.2597191979294578,0.2353552295330889
1204,1,1203,expanding,end_multiplicity_ge3,1203,99,0.08241181454303553,0.08948245930662266,0,0.006791707176275683,0.00800711052356138,0.08600658873268568,0.09374211509792349
1204,904,1203,rolling300,end_multiplicity_ge3,300,29,0.09621765370666392,0.08948245930662266,0,0.009257836884815497,0.00800711052356138,0.1011667149537063,0.09374211509792349
1204,1,1203,expanding,multiple_repeat_end_groups,1203,291,0.24163672125246208,0.22608550458805707,0,0.05838830505764006,0.05111465538483637,0.2765927485865528,0.25629388253878654
1204,904,1203,rolling300,multiple_repeat_end_groups,300,75,0.24850534403675356,0.22608550458805707,0,0.06175490601482525,0.05111465538483637,0.28569118097441026,0.25629388253878654
1204,1,1203,expanding,extreme_sum,1203,152,0.12615597233450637,0.11443770825506504,0,0.015915329355664736,0.01309598907067138,0.13485337730076816,0.12153247782470628
1204,904,1203,rolling300,extreme_sum,300,33,0.11027735676594157,0.11443770825506504,0,0.012161095415282758,0.01309598907067138,0.11684550164045943,0.12153247782470628
1204,1,1203,expanding,narrow_three_span_le4,1203,301,0.2504519004570717,0.26513371294993526,1,0.5618223535284155,0.5400284598427482,1.3844883910377197,1.3275210030826026
1204,904,1203,rolling300,narrow_three_span_le4,300,75,0.25094585705937095,0.26513371294993526,1,0.5610821090565202,0.5400284598427482,1.382518072045679,1.3275210030826026
1204,1,1203,expanding,large_gap_ge15,1203,513,0.4266031988540962,0.4367856099279809,0,0.18199028927254754,0.19078166904015828,0.5561773042964165,0.574094923910703
1204,904,1203,rolling300,large_gap_ge15,300,122,0.40854910062049876,0.4367856099279809,0,0.1669123676178184,0.19078166904015828,0.5251766093566649,0.574094923910703
1204,1,1203,expanding,previous_overlap_ge2,1202,225,0.18699358593880747,0.17530810086113546,0,0.03496660118225417,0.030732930227538046,0.2070162800912868,0.19274541798861644
1204,904,1203,rolling300,previous_overlap_ge2,300,47,0.15783175630382096,0.17530810086113546,0,0.024910863297948727,0.030732930227538046,0.17177547033403354,0.19274541798861644
1205,1,1204,expanding,consecutive_ge1,1204,625,0.5192605798399732,0.5287474862063631,0,0.26963154977574516,0.2795739041695482,0.7324299017028265,0.7523612059240392
1205,905,1204,rolling300,consecutive_ge1,300,158,0.5267967178878977,0.5287474862063631,0,0.2775147819774613,0.2795739041695482,0.7482302109085056,0.7523612059240392
1205,1,1204,expanding,consecutive_ge2,1204,152,0.12622249608002503,0.12481676009753151,0,0.015932118516671933,0.015579223601244734,0.13492950790953953,0.1333219975178157
1205,905,1204,rolling300,consecutive_ge2,300,35,0.11717604750609571,0.12481676009753151,0,0.0137302261091508,0.015579223601244734,0.12462947255496382,0.1333219975178157
1205,1,1204,expanding,band_ge3,1204,528,0.43877320146046583,0.45291992938050796,0,0.19252192231986653,0.20513646243004433,0.5776301796852107,0.6031601058843978
1205,905,1204,rolling300,band_ge3,300,125,0.41893249558628176,0.45291992938050796,0,0.17550443585814998,0.20513646243004433,0.5428883422808836,0.6031601058843978
1205,1,1204,expanding,band_ge4,1204,71,0.05908955336318455,0.06628066582689385,0,0.003491575316660634,0.004393126662456374,0.060907312217985114,0.0685793846560867
1205,905,1204,rolling300,band_ge4,300,17,0.057267541614180864,0.06628066582689385,0,0.003279571322531937,0.004393126662456374,0.05897274987350888,0.0685793846560867
1205,1,1204,expanding,odd_imbalance,1204,211,0.1754379542199435,0.18680279826054075,0,0.030778475780878986,0.034895285437968285,0.1929028872000455,0.20678163828224355
1205,905,1204,rolling300,odd_imbalance,300,54,0.1804251748912838,0.18680279826054075,0,0.03255324373455034,0.034895285437968285,0.19896957915952088,0.20678163828224355
1205,1,1204,expanding,low_high_imbalance,1204,236,0.19586279082125066,0.18680279826054075,0,0.03836223282828899,0.034895285437968285,0.21798536618109773,0.20678163828224355
1205,905,1204,rolling300,low_high_imbalance,300,63,0.20855017489128377,0.18680279826054075,0,0.04349317544718505,0.034895285437968285,0.23388879382619754,0.20678163828224355
1205,1,1204,expanding,repeated_end,1204,937,0.7784361121795641,0.790290065389328,1,0.0490905563861067,0.043978256674412325,0.2504683563555667,0.2353552295330889
1205,905,1204,rolling300,repeated_end,300,231,0.7712681290868331,0.790290065389328,1,0.052318268771437665,0.043978256674412325,0.2597191979294578,0.2353552295330889
1205,1,1204,expanding,end_multiplicity_ge3,1204,99,0.08234448462919318,0.08948245930662266,1,0.8420916448904611,0.829042191910316,2.496843799353149,2.41371265830984
1205,905,1204,rolling300,end_multiplicity_ge3,300,29,0.09621765370666392,0.08948245930662266,1,0.8168225294714877,0.829042191910316,2.34114242768218,2.41371265830984
1205,1,1204,expanding,multiple_repeat_end_groups,1204,291,0.2414393056305238,0.22608550458805707,0,0.05829293830334948,0.05111465538483637,0.2763324644502988,0.25629388253878654
1205,905,1204,rolling300,multiple_repeat_end_groups,300,75,0.24850534403675356,0.22608550458805707,0,0.06175490601482525,0.05111465538483637,0.28569118097441026,0.25629388253878654
1205,1,1204,expanding,extreme_sum,1204,152,0.1260529037296579,0.11443770825506504,0,0.015889334538678405,0.01309598907067138,0.13473543574178393,0.12153247782470628
1205,905,1204,rolling300,extreme_sum,300,33,0.11027735676594157,0.11443770825506504,0,0.012161095415282758,0.01309598907067138,0.11684550164045943,0.12153247782470628
1205,1,1204,expanding,narrow_three_span_le4,1204,302,0.2510642763553911,0.26513371294993526,0,0.06303327086185619,0.07029588574261866,0.28910211537616737,0.30806671870004826
1205,905,1204,rolling300,narrow_three_span_le4,300,76,0.25407085705937094,0.26513371294993526,0,0.0645520004068833,0.07029588574261866,0.2931246659428263,0.30806671870004826
1205,1,1204,expanding,large_gap_ge15,1204,513,0.42625466682888863,0.4367856099279809,0,0.18169304099340686,0.19078166904015828,0.5555696515470223,0.574094923910703
1205,905,1204,rolling300,large_gap_ge15,300,121,0.4054241006204988,0.4367856099279809,0,0.1643687013639403,0.19078166904015828,0.5199069017328742,0.574094923910703
1205,1,1204,expanding,previous_overlap_ge2,1203,225,0.18684068848505536,0.17530810086113546,1,0.6612280659034588,0.6801167285052672,1.677498958463907,1.7412102767071724
1205,905,1204,rolling300,previous_overlap_ge2,300,47,0.15783175630382096,0.17530810086113546,1,0.7092473506903069,0.6801167285052672,1.8462256468132863,1.7412102767071724
1206,1,1205,expanding,consecutive_ge1,1205,625,0.5188366936523487,0.5287474862063631,1,0.2315181273754037,0.2220789317568219,0.6561661011065854,0.6372443028525948
1206,906,1205,rolling300,consecutive_ge1,300,157,0.5236717178878977,0.5287474862063631,1,0.22688863233986653,0.2220789317568219,0.6468902835699226,0.6372443028525948
1206,1,1205,expanding,consecutive_ge2,1205,152,0.12611945730771482,0.12481676009753151,0,0.015906117511592502,0.015579223601244734,0.1348115915097846,0.1333219975178157
1206,906,1205,rolling300,consecutive_ge2,300,35,0.11717604750609571,0.12481676009753151,0,0.0137302261091508,0.015579223601244734,0.12462947255496382,0.1333219975178157
1206,1,1205,expanding,band_ge3,1205,528,0.438415019255192,0.45291992938050796,0,0.19220772910853037,0.20513646243004433,0.5769921703161744,0.6031601058843978
1206,906,1205,rolling300,band_ge3,300,125,0.41893249558628176,0.45291992938050796,0,0.17550443585814998,0.20513646243004433,0.5428883422808836,0.6031601058843978
1206,1,1205,expanding,band_ge4,1205,71,0.05904131699309215,0.06628066582689385,0,0.0034858771122787914,0.004393126662456374,0.06085604789854529,0.0685793846560867
1206,906,1205,rolling300,band_ge4,300,17,0.057267541614180864,0.06628066582689385,0,0.003279571322531937,0.004393126662456374,0.05897274987350888,0.0685793846560867
1206,1,1205,expanding,odd_imbalance,1205,211,0.1752947395634374,0.18680279826054075,0,0.03072824571861335,0.034895285437968285,0.19272921655693487,0.20678163828224355
1206,906,1205,rolling300,odd_imbalance,300,54,0.1804251748912838,0.18680279826054075,0,0.03255324373455034,0.034895285437968285,0.19896957915952088,0.20678163828224355
1206,1,1205,expanding,low_high_imbalance,1205,236,0.19570290282874353,0.18680279826054075,0,0.03829962617559663,0.034895285437968285,0.21778655421544577,0.20678163828224355
1206,906,1205,rolling300,low_high_imbalance,300,63,0.20855017489128377,0.18680279826054075,0,0.04349317544718505,0.034895285437968285,0.23388879382619754,0.20678163828224355
1206,1,1205,expanding,repeated_end,1205,938,0.7786169806594175,0.790290065389328,1,0.04901044125235271,0.043978256674412325,0.25023603482266743,0.2353552295330889
1206,906,1205,rolling300,repeated_end,300,232,0.774393129086833,0.790290065389328,1,0.0508984602032304,0.043978256674412325,0.25567561562262164,0.2353552295330889
1206,1,1205,expanding,end_multiplicity_ge3,1205,100,0.08309359117235302,0.08948245930662266,0,0.006904544893918143,0.00800711052356138,0.08674987428155595,0.09374211509792349
1206,906,1205,rolling300,end_multiplicity_ge3,300,30,0.09934265370666392,0.08948245930662266,0,0.009868962845482148,0.00800711052356138,0.10463039748860294,0.09374211509792349
1206,1,1205,expanding,multiple_repeat_end_groups,1205,291,0.241242212319805,0.22608550458805707,0,0.058197805004953876,0.05111465538483637,0.27607267283217923,0.25629388253878654
1206,906,1205,rolling300,multiple_repeat_end_groups,300,75,0.24850534403675356,0.22608550458805707,0,0.06175490601482525,0.05111465538483637,0.28569118097441026,0.25629388253878654
1206,1,1205,expanding,extreme_sum,1205,152,0.1259500034000827,0.11443770825506504,0,0.015863403356480843,0.01309598907067138,0.13461770061497638,0.12153247782470628
1206,906,1205,rolling300,extreme_sum,300,33,0.11027735676594157,0.11443770825506504,0,0.012161095415282758,0.01309598907067138,0.11684550164045943,0.12153247782470628
1206,1,1205,expanding,narrow_three_span_le4,1205,302,0.25085932592571325,0.26513371294993526,0,0.06293040140390323,0.07029588574261866,0.28882849724658655,0.30806671870004826
1206,906,1205,rolling300,narrow_three_span_le4,300,76,0.25407085705937094,0.26513371294993526,0,0.0645520004068833,0.07029588574261866,0.2931246659428263,0.30806671870004826
1206,1,1205,expanding,large_gap_ge15,1205,513,0.4259067038355589,0.4367856099279809,1,0.32958311270095275,0.3172104491841965,0.853534961778729,0.8283127993981904
1206,906,1205,rolling300,large_gap_ge15,300,121,0.4054241006204988,0.4367856099279809,1,0.3535205001229427,0.3172104491841965,0.902821597741375,0.8283127993981904
1206,1,1205,expanding,previous_overlap_ge2,1204,226,0.18750503432779633,0.17530810086113546,0,0.035158137898268084,0.030732930227538046,0.20764556089318967,0.19274541798861644
1206,906,1205,rolling300,previous_overlap_ge2,300,48,0.16095675630382095,0.17530810086113546,0,0.025907077399847604,0.030732930227538046,0.1754930318930178,0.19274541798861644
1207,1,1206,expanding,consecutive_ge1,1206,626,0.5192291596444757,0.5287474862063631,0,0.2695989202251084,0.2795739041695482,0.7323645457793404,0.7523612059240392
1207,907,1206,rolling300,consecutive_ge1,300,157,0.5236717178878977,0.5287474862063631,0,0.2742320681156619,0.2795739041695482,0.7416479941598764,0.7523612059240392
1207,1,1206,expanding,consecutive_ge2,1206,152,0.12601658662475582,0.12481676009753151,0,0.015880180104554588,0.015579223601244734,0.13469388133821128,0.1333219975178157
1207,907,1206,rolling300,consecutive_ge2,300,35,0.11717604750609571,0.12481676009753151,0,0.0137302261091508,0.015579223601244734,0.12462947255496382,0.1333219975178157
1207,1,1206,expanding,band_ge3,1206,528,0.4380574213602041,0.45291992938050796,1,0.3157794616883432,0.2992966036690284,0.8254052782025135,0.7920399254567645
1207,907,1206,rolling300,band_ge3,300,125,0.41893249558628176,0.45291992938050796,1,0.3376394446855865,0.2992966036690284,0.8700454804253118,0.7920399254567645
1207,1,1206,expanding,band_ge4,1206,71,0.058993159312021114,0.06628066582689385,0,0.0034801928456135033,0.004393126662456374,0.06080486982915432,0.0685793846560867
1207,907,1206,rolling300,band_ge4,300,17,0.057267541614180864,0.06628066582689385,0,0.003279571322531937,0.004393126662456374,0.05897274987350888,0.0685793846560867
1207,1,1206,expanding,odd_imbalance,1206,211,0.17515175853606102,0.18680279826054075,0,0.030678138518274625,0.034895285437968285,0.19255585930896474,0.20678163828224355
1207,907,1206,rolling300,odd_imbalance,300,54,0.1804251748912838,0.18680279826054075,0,0.03255324373455034,0.034895285437968285,0.19896957915952088,0.20678163828224355
1207,1,1206,expanding,low_high_imbalance,1206,236,0.19554327566493543,0.18680279826054075,0,0.038237172657772926,0.034895285437968285,0.2175881059977035,0.20678163828224355
1207,907,1206,rolling300,low_high_imbalance,300,63,0.20855017489128377,0.18680279826054075,0,0.04349317544718505,0.034895285437968285,0.23388879382619754,0.20678163828224355
1207,1,1206,expanding,repeated_end,1206,939,0.7787975540846546,0.790290065389328,0,0.6065256302482405,0.6245583874530684,1.5086769519116123,1.5620299668475026
1207,907,1206,rolling300,repeated_end,300,232,0.774393129086833,0.790290065389328,0,0.5996847183768964,0.6245583874530684,1.4889613036466274,1.5620299668475026
1207,1,1206,expanding,end_multiplicity_ge3,1206,100,0.08302581499684539,0.08948245930662266,0,0.006893285955890396,0.00800711052356138,0.08667595869973832,0.09374211509792349
1207,907,1206,rolling300,end_multiplicity_ge3,300,30,0.09934265370666392,0.08948245930662266,0,0.009868962845482148,0.00800711052356138,0.10463039748860294,0.09374211509792349
1207,1,1206,expanding,multiple_repeat_end_groups,1206,291,0.24104544053161592,0.22608550458805707,0,0.058102904401080784,0.05111465538483637,0.27581337232683467,0.25629388253878654
1207,907,1206,rolling300,multiple_repeat_end_groups,300,75,0.24850534403675356,0.22608550458805707,0,0.06175490601482525,0.05111465538483637,0.28569118097441026,0.25629388253878654
1207,1,1206,expanding,extreme_sum,1206,152,0.1258472709340141,0.11443770825506504,0,0.01583753560153915,0.01309598907067138,0.1345001713780309,0.12153247782470628
1207,907,1206,rolling300,extreme_sum,300,33,0.11027735676594157,0.11443770825506504,0,0.012161095415282758,0.01309598907067138,0.11684550164045943,0.12153247782470628
1207,1,1206,expanding,narrow_three_span_le4,1206,302,0.25065470983605115,0.26513371294993526,0,0.062827783562995,0.07029588574261866,0.2885554001394838,0.30806671870004826
1207,907,1206,rolling300,narrow_three_span_le4,300,75,0.25094585705937095,0.26513371294993526,0,0.06297382317526223,0.07029588574261866,0.2889440111073625,0.30806671870004826
1207,1,1206,expanding,large_gap_ge15,1206,514,0.4263749691668513,0.4367856099279809,0,0.1817956143320334,0.19078166904015828,0.5557793525157375,0.574094923910703
1207,907,1206,rolling300,large_gap_ge15,300,122,0.40854910062049876,0.4367856099279809,0,0.1669123676178184,0.19078166904015828,0.5251766093566649,0.574094923910703
1207,1,1206,expanding,previous_overlap_ge2,1205,226,0.1873519689936512,0.17530810086113546,0,0.03510076028579804,0.030732930227538046,0.20745718936537877,0.19274541798861644
1207,907,1206,rolling300,previous_overlap_ge2,300,48,0.16095675630382095,0.17530810086113546,0,0.025907077399847604,0.030732930227538046,0.1754930318930178,0.19274541798861644
1208,1,1207,expanding,consecutive_ge1,1207,626,0.5188059899952138,0.5287474862063631,0,0.26915965525491387,0.2795739041695482,0.7314847429956945,0.7523612059240392
1208,908,1207,rolling300,consecutive_ge1,300,157,0.5236717178878977,0.5287474862063631,0,0.2742320681156619,0.2795739041695482,0.7416479941598764,0.7523612059240392
1208,1,1207,expanding,consecutive_ge2,1207,152,0.12591388362017167,0.12481676009753151,0,0.015854306088314136,0.015579223601244734,0.13457637685345922,0.1333219975178157
1208,908,1207,rolling300,consecutive_ge2,300,35,0.11717604750609571,0.12481676009753151,0,0.0137302261091508,0.015579223601244734,0.12462947255496382,0.1333219975178157
1208,1,1207,expanding,band_ge3,1207,529,0.43851540227189095,0.45291992938050796,0,0.19229575802967835,0.20513646243004433,0.5771709357620388,0.6031601058843978
1208,908,1207,rolling300,band_ge3,300,125,0.41893249558628176,0.45291992938050796,0,0.17550443585814998,0.20513646243004433,0.5428883422808836,0.6031601058843978
1208,1,1207,expanding,band_ge4,1207,71,0.05894508012757774,0.06628066582689385,0,0.00347452247124656,0.004393126662456374,0.060753777792260134,0.0685793846560867
1208,908,1207,rolling300,band_ge4,300,17,0.057267541614180864,0.06628066582689385,0,0.003279571322531937,0.004393126662456374,0.05897274987350888,0.0685793846560867
1208,1,1207,expanding,odd_imbalance,1207,211,0.175009010566594,0.18680279826054075,1,0.6806101326463102,0.6612896889168869,1.742917817432168,1.677701773318112
1208,908,1207,rolling300,odd_imbalance,300,54,0.1804251748912838,0.18680279826054075,1,0.6717028939519829,0.6612896889168869,1.7124391306947213,1.677701773318112
1208,1,1207,expanding,low_high_imbalance,1207,236,0.19538390869210337,0.18680279826054075,1,0.6474070543915974,0.6612896889168869,1.6327888933678123,1.677701773318112
1208,908,1207,rolling300,low_high_imbalance,300,62,0.20542517489128378,0.18680279826054075,1,0.631349152696547,0.6612896889168869,1.5826734238020557,1.677701773318112
1208,1,1207,expanding,repeated_end,1207,939,0.7781628372516598,0.790290065389328,1,0.049211726776233575,0.043978256674412325,0.25081947432440727,0.2353552295330889
1208,908,1207,rolling300,repeated_end,300,232,0.774393129086833,0.790290065389328,1,0.0508984602032304,0.043978256674412325,0.25567561562262164,0.2353552295330889
1208,1,1207,expanding,end_multiplicity_ge3,1207,100,0.08295814929595147,0.08948245930662266,0,0.006882054534609373,0.00800711052356138,0.08660216904947661,0.09374211509792349
1208,908,1207,rolling300,end_multiplicity_ge3,300,30,0.09934265370666392,0.08948245930662266,0,0.009868962845482148,0.00800711052356138,0.10463039748860294,0.09374211509792349
1208,1,1207,expanding,multiple_repeat_end_groups,1207,291,0.2408489894798379,0.22608550458805707,0,0.05800823573345907,0.05111465538483637,0.2755545615342808,0.25629388253878654
1208,908,1207,rolling300,multiple_repeat_end_groups,300,75,0.24850534403675356,0.22608550458805707,0,0.06175490601482525,0.05111465538483637,0.28569118097441026,0.25629388253878654
1208,1,1207,expanding,extreme_sum,1207,152,0.12574470592102796,0.11443770825506504,0,0.015811731067165803,0.01309598907067138,0.13438284749053309,0.12153247782470628
1208,908,1207,rolling300,extreme_sum,300,32,0.10715235676594156,0.11443770825506504,0,0.011481627560495623,0.01309598907067138,0.11333932494145847,0.12153247782470628
1208,1,1207,expanding,narrow_three_span_le4,1207,302,0.2504504272689476,0.26513371294993526,0,0.06272541651919843,0.07029588574261866,0.28828282255792637,0.30806671870004826
1208,908,1207,rolling300,narrow_three_span_le4,300,75,0.25094585705937095,0.26513371294993526,0,0.06297382317526223,0.07029588574261866,0.2889440111073625,0.30806671870004826
1208,1,1207,expanding,large_gap_ge15,1207,514,0.4260274753044496,0.4367856099279809,1,0.32944445910538417,0.3172104491841965,0.8532514387727107,0.8283127993981904
1208,908,1207,rolling300,large_gap_ge15,300,122,0.40854910062049876,0.4367856099279809,1,0.3498141663768209,0.3172104491841965,0.8951431745478009,0.8283127993981904
1208,1,1207,expanding,previous_overlap_ge2,1206,226,0.1871991533582567,0.17530810086113546,1,0.6606452163015348,0.6801167285052672,1.6755822376077578,1.7412102767071724
1208,908,1207,rolling300,previous_overlap_ge2,300,48,0.16095675630382095,0.17530810086113546,1,0.7039935647922057,0.6801167285052672,1.8266195444618119,1.7412102767071724
1209,1,1208,expanding,consecutive_ge1,1208,626,0.5183835095473349,0.5287474862063631,0,0.2687214629706119,0.2795739041695482,0.7306071446005927,0.7523612059240392
1209,909,1208,rolling300,consecutive_ge1,300,156,0.5205467178878977,0.5287474862063631,0,0.2709688855038626,0.2795739041695482,0.7351088198284406,0.7523612059240392
1209,1,1208,expanding,consecutive_ge2,1208,152,0.12581134788432463,0.12481676009753151,0,0.015828495256470555,0.015579223601244734,0.13445907751606404,0.1333219975178157
1209,909,1208,rolling300,consecutive_ge2,300,34,0.11405104750609571,0.12481676009753151,0,0.013007641437237701,0.015579223601244734,0.12109594573227168,0.1333219975178157
1209,1,1208,expanding,band_ge3,1208,529,0.4381583050387705,0.45291992938050796,1,0.3156660901969072,0.2992966036690284,0.8251750068755498,0.7920399254567645
1209,909,1208,rolling300,band_ge3,300,124,0.4158074955862817,0.45291992938050796,1,0.34128088221317227,0.2992966036690284,0.8775328768176728,0.7920399254567645
1209,1,1208,expanding,band_ge4,1208,71,0.05889707924799502,0.06628066582689385,0,0.0034688659439446054,0.004393126662456374,0.06070277157104209,0.0685793846560867
1209,909,1208,rolling300,band_ge4,300,17,0.057267541614180864,0.06628066582689385,0,0.003279571322531937,0.004393126662456374,0.05897274987350888,0.0685793846560867
1209,1,1208,expanding,odd_imbalance,1208,212,0.17568082733323356,0.18680279826054075,0,0.030863753092489427,0.034895285437968285,0.19319747860217854,0.20678163828224355
1209,909,1208,rolling300,odd_imbalance,300,55,0.1835501748912838,0.18680279826054075,0,0.03369066670262087,0.034895285437968285,0.20278981964326473,0.20678163828224355
1209,1,1208,expanding,low_high_imbalance,1208,237,0.19603913352215865,0.18680279826054075,0,0.038431341872118746,0.034895285437968285,0.2182046845227888,0.20678163828224355
1209,909,1208,rolling300,low_high_imbalance,300,63,0.20855017489128377,0.18680279826054075,0,0.04349317544718505,0.034895285437968285,0.23388879382619754,0.20678163828224355
1209,1,1208,expanding,repeated_end,1208,940,0.7783434864069922,0.790290065389328,1,0.049131610018207234,0.043978256674412325,0.25058735299807827,0.2353552295330889
1209,909,1208,rolling300,repeated_end,300,232,0.774393129086833,0.790290065389328,1,0.0508984602032304,0.043978256674412325,0.25567561562262164,0.2353552295330889
1209,1,1208,expanding,end_multiplicity_ge3,1208,100,0.08289059379978213,0.08948245930662266,0,0.006870850540480479,0.00800711052356138,0.08652850500901585,0.09374211509792349
1209,909,1208,rolling300,end_multiplicity_ge3,300,30,0.09934265370666392,0.08948245930662266,0,0.009868962845482148,0.00800711052356138,0.10463039748860294,0.09374211509792349
1209,1,1208,expanding,multiple_repeat_end_groups,1208,291,0.24065285838091297,0.22608550458805707,0,0.05791379824690375,0.05111465538483637,0.2752962390598817,0.25629388253878654
1209,909,1208,rolling300,multiple_repeat_end_groups,300,75,0.24850534403675356,0.22608550458805707,0,0.06175490601482525,0.05111465538483637,0.28569118097441026,0.25629388253878654
1209,1,1208,expanding,extreme_sum,1208,152,0.12564230795203687,0.11443770825506504,0,0.015785989547514468,0.01309598907067138,0.13426572841396156,0.12153247782470628
1209,909,1208,rolling300,extreme_sum,300,32,0.10715235676594156,0.11443770825506504,0,0.011481627560495623,0.01309598907067138,0.11333932494145847,0.12153247782470628
1209,1,1208,expanding,narrow_three_span_le4,1208,302,0.2502464774096081,0.26513371294993526,1,0.5621303446367014,0.5400284598427482,1.3853089371711613,1.3275210030826026
1209,909,1208,rolling300,narrow_three_span_le4,300,74,0.24782085705937096,0.26513371294993526,1,0.5657734630748993,0.5400284598427482,1.395049144405085,1.3275210030826026
1209,1,1208,expanding,large_gap_ge15,1208,515,0.4264948796405209,0.4367856099279809,1,0.3289081230785406,0.3172104491841965,0.8521549176546603,0.8283127993981904
1209,909,1208,rolling300,large_gap_ge15,300,122,0.40854910062049876,0.4367856099279809,1,0.3498141663768209,0.3172104491841965,0.8951431745478009,0.8283127993981904
1209,1,1208,expanding,previous_overlap_ge2,1207,227,0.18786158273612283,0.17530810086113546,0,0.03529197426812112,0.030732930227538046,0.2080844887372138,0.19274541798861644
1209,909,1208,rolling300,previous_overlap_ge2,300,48,0.16095675630382095,0.17530810086113546,0,0.025907077399847604,0.030732930227538046,0.1754930318930178,0.19274541798861644
1210,1,1209,expanding,consecutive_ge1,1209,626,0.5179617166184924,0.5287474862063631,0,0.2682843398823755,0.2795739041695482,0.7297317419829099,0.7523612059240392
1210,910,1209,rolling300,consecutive_ge1,300,155,0.5174217178878977,0.5287474862063631,0,0.2677252341420632,0.2795739041695482,0.72861212864364,0.7523612059240392
1210,1,1209,expanding,consecutive_ge2,1209,152,0.1257089790089102,0.12481676009753151,0,0.015802747403462627,0.015579223601244734,0.1343419827884491,0.1333219975178157
1210,910,1209,rolling300,consecutive_ge2,300,33,0.11092604750609572,0.12481676009753151,0,0.012304588015324604,0.015579223601244734,0.11757486077063632,0.1333219975178157
1210,1,1209,expanding,band_ge3,1209,530,0.43861545857413364,0.45291992938050796,1,0.31515260335193024,0.2992966036690284,0.8241321983523865,0.7920399254567645
1210,910,1209,rolling300,band_ge3,300,124,0.4158074955862817,0.45291992938050796,1,0.34128088221317227,0.2992966036690284,0.8775328768176728,0.7920399254567645
1210,1,1209,expanding,band_ge4,1209,71,0.05884915648213009,0.06628066582689385,0,0.0034632232186582344,0.004393126662456374,0.06065185094940752,0.0685793846560867
1210,910,1209,rolling300,band_ge4,300,17,0.057267541614180864,0.06628066582689385,0,0.003279571322531937,0.004393126662456374,0.05897274987350888,0.0685793846560867
1210,1,1209,expanding,odd_imbalance,1209,212,0.1755378811759242,0.18680279826054075,1,0.6797377853758846,0.6612896889168869,1.739900412211599,1.677701773318112
1210,910,1209,rolling300,odd_imbalance,300,55,0.1835501748912838,0.18680279826054075,1,0.6665903169200533,0.6612896889168869,1.6952672162133582,1.677701773318112
1210,1,1209,expanding,low_high_imbalance,1209,237,0.19587962242897544,0.18680279826054075,0,0.03836882648291798,0.034895285437968285,0.21800629766354682,0.20678163828224355
1210,910,1209,rolling300,low_high_imbalance,300,62,0.20542517489128378,0.18680279826054075,0,0.04219950247911453,0.034895285437968285,0.22994811857432104,0.20678163828224355
1210,1,1209,expanding,repeated_end,1209,941,0.7785238415848548,0.790290065389328,1,0.04905168874633051,0.043978256674412325,0.2503556631483055,0.2353552295330889
1210,910,1209,rolling300,repeated_end,300,232,0.774393129086833,0.790290065389328,1,0.0508984602032304,0.043978256674412325,0.25567561562262164,0.2353552295330889
1210,1,1209,expanding,end_multiplicity_ge3,1209,100,0.08282314823932665,0.08948245930662266,1,0.8412133774056201,0.829042191910316,2.491047688554995,2.41371265830984
1210,910,1209,rolling300,end_multiplicity_ge3,300,30,0.09934265370666392,0.08948245930662266,1,0.8111836554321542,0.829042191910316,2.3091802562848147,2.41371265830984
1210,1,1209,expanding,multiple_repeat_end_groups,1209,291,0.24045704645383328,0.22608550458805707,0,0.05781959118930094,0.05111465538483637,0.275038403514324,0.25629388253878654
1210,910,1209,rolling300,multiple_repeat_end_groups,300,75,0.24850534403675356,0.22608550458805707,0,0.06175490601482525,0.05111465538483637,0.28569118097441026,0.25629388253878654
1210,1,1209,expanding,extreme_sum,1209,152,0.125540076619285,0.11443770825506504,0,0.015760310837575953,0.01309598907067138,0.13414881361167869,0.12153247782470628
1210,910,1209,rolling300,extreme_sum,300,32,0.10715235676594156,0.11443770825506504,0,0.011481627560495623,0.01309598907067138,0.11333932494145847,0.12153247782470628
1210,1,1209,expanding,narrow_three_span_le4,1209,303,0.25085652909601197,0.26513371294993526,0,0.0629289981900983,0.07029588574261866,0.28882476386969586,0.30806671870004826
1210,910,1209,rolling300,narrow_three_span_le4,300,75,0.25094585705937095,0.26513371294993526,0,0.06297382317526223,0.07029588574261866,0.2889440111073625,0.30806671870004826
1210,1,1209,expanding,large_gap_ge15,1209,516,0.426961523351147,0.4367856099279809,0,0.18229614242233205,0.19078166904015828,0.5568024150473845,0.574094923910703
1210,910,1209,rolling300,large_gap_ge15,300,122,0.40854910062049876,0.4367856099279809,0,0.1669123676178184,0.19078166904015828,0.5251766093566649,0.574094923910703
1210,1,1209,expanding,previous_overlap_ge2,1208,227,0.18770860099122372,0.17530810086113546,0,0.035234518886082436,0.030732930227538046,0.20789613742302468,0.19274541798861644
1210,910,1209,rolling300,previous_overlap_ge2,300,48,0.16095675630382095,0.17530810086113546,0,0.025907077399847604,0.030732930227538046,0.1754930318930178,0.19274541798861644
1211,1,1210,expanding,consecutive_ge1,1210,626,0.5175406095318108,0.5287474862063631,1,0.23276706345093665,0.2220789317568219,0.6586672843961822,0.6372443028525948
1211,911,1210,rolling300,consecutive_ge1,300,155,0.5174217178878977,0.5287474862063631,1,0.2328817983662678,0.2220789317568219,0.6588970350668805,0.6372443028525948
1211,1,1210,expanding,consecutive_ge2,1210,152,0.12560677658695174,0.12481676009753151,0,0.015777062324564408,0.015579223601244734,0.134225092134917,0.1333219975178157
1211,911,1210,rolling300,consecutive_ge2,300,33,0.11092604750609572,0.12481676009753151,0,0.012304588015324604,0.015579223601244734,0.11757486077063632,0.1333219975178157
1211,1,1210,expanding,band_ge3,1210,531,0.4390718687704148,0.45291992938050796,1,0.3146403684047147,0.2992966036690284,0.8230921691228381,0.7920399254567645
1211,911,1210,rolling300,band_ge3,300,125,0.41893249558628176,0.45291992938050796,1,0.3376394446855865,0.2992966036690284,0.8700454804253118,0.7920399254567645
1211,1,1210,expanding,band_ge4,1210,71,0.058801311639461694,0.06628066582689385,0,0.0034575942505210935,0.004393126662456374,0.06060101571198915,0.0685793846560867
1211,911,1210,rolling300,band_ge4,300,17,0.057267541614180864,0.06628066582689385,0,0.003279571322531937,0.004393126662456374,0.05897274987350888,0.0685793846560867
1211,1,1210,expanding,odd_imbalance,1210,213,0.17620817558147223,0.18680279826054075,0,0.031049321141750946,0.034895285437968285,0.19383742126037107,0.20678163828224355
1211,911,1210,rolling300,odd_imbalance,300,55,0.1835501748912838,0.18680279826054075,0,0.03369066670262087,0.034895285437968285,0.20278981964326473,0.20678163828224355
1211,1,1210,expanding,low_high_imbalance,1210,237,0.19572037070342344,0.18680279826054075,1,0.6468657221014387,0.6612896889168869,1.6310683185132255,1.677701773318112
1211,911,1210,rolling300,low_high_imbalance,300,62,0.20542517489128378,0.18680279826054075,1,0.631349152696547,0.6612896889168869,1.5826734238020557,1.677701773318112
1211,1,1210,expanding,repeated_end,1210,942,0.7787039035022655,0.790290065389328,0,0.6063797693296656,0.6245583874530684,1.5082536710425878,1.5620299668475026
1211,911,1210,rolling300,repeated_end,300,232,0.774393129086833,0.790290065389328,0,0.5996847183768964,0.6245583874530684,1.4889613036466274,1.5620299668475026
1211,1,1210,expanding,end_multiplicity_ge3,1210,101,0.08356882047653044,0.08948245930662266,0,0.006983747755838573,0.00800711052356138,0.08726830505812538,0.09374211509792349
1211,911,1210,rolling300,end_multiplicity_ge3,300,31,0.10246765370666391,0.08948245930662266,0,0.010499620056148795,0.00800711052356138,0.1081061188308866,0.09374211509792349
1211,1,1210,expanding,multiple_repeat_end_groups,1210,291,0.240261552920131,0.22608550458805707,0,0.057725613811592906,0.05111465538483637,0.2747810535135925,0.25629388253878654
1211,911,1210,rolling300,multiple_repeat_end_groups,300,74,0.24538034403675354,0.22608550458805707,0,0.06021151323959553,0.05111465538483637,0.28154142360240436,0.25629388253878654
1211,1,1210,expanding,extreme_sum,1210,152,0.1254380115163425,0.11443770825506504,1,0.764858671700489,0.7842205725605412,2.0759435745756583,2.167724636734186
1211,911,1210,rolling300,extreme_sum,300,32,0.10715235676594156,0.11443770825506504,1,0.7971769140286125,0.7842205725605412,2.233503562288651,2.167724636734186
1211,1,1210,expanding,narrow_three_span_le4,1210,303,0.25065258069837293,0.26513371294993526,1,0.5615215548140085,0.5400284598427482,1.3836874393017986,1.3275210030826026
1211,911,1210,rolling300,narrow_three_span_le4,300,75,0.25094585705937095,0.26513371294993526,1,0.5610821090565202,0.5400284598427482,1.382518072045679,1.3275210030826026
1211,1,1210,expanding,large_gap_ge15,1210,516,0.42661440016143065,0.4367856099279809,0,0.18199984642509728,0.19078166904015828,0.5561968394886645,0.574094923910703
1211,911,1210,rolling300,large_gap_ge15,300,122,0.40854910062049876,0.4367856099279809,0,0.1669123676178184,0.19078166904015828,0.5251766093566649,0.574094923910703
1211,1,1210,expanding,previous_overlap_ge2,1209,227,0.1875558681995303,0.17530810086113546,1,0.660065467297019,0.6801167285052672,1.6736785142232198,1.7412102767071724
1211,911,1210,rolling300,previous_overlap_ge2,300,48,0.16095675630382095,0.17530810086113546,1,0.7039935647922057,0.6801167285052672,1.8266195444618119,1.7412102767071724
1212,1,1211,expanding,consecutive_ge1,1211,627,0.517932534300672,0.5287474862063631,0,0.26825411008711675,0.2795739041695482,0.7296712043959135,0.7523612059240392
1212,912,1211,rolling300,consecutive_ge1,300,155,0.5174217178878977,0.5287474862063631,0,0.2677252341420632,0.2795739041695482,0.72861212864364,0.7523612059240392
1212,1,1211,expanding,consecutive_ge2,1211,152,0.125504740212795,0.12481676009753151,0,0.015751439815881164,0.015579223601244734,0.13410840502164173,0.1333219975178157
1212,912,1211,rolling300,consecutive_ge2,300,33,0.11092604750609572,0.12481676009753151,0,0.012304588015324604,0.015579223601244734,0.11757486077063632,0.1333219975178157
1212,1,1211,expanding,band_ge3,1211,532,0.43952753743916345,0.45291992938050796,0,0.19318445616733523,0.20513646243004433,0.5789751678091635,0.6031601058843978
1212,912,1211,rolling300,band_ge3,300,126,0.42205749558628175,0.45291992938050796,0,0.17813252958056425,0.20513646243004433,0.548280888590227,0.6031601058843978
1212,1,1211,expanding,band_ge4,1211,71,0.05875354453008764,0.06628066582689385,0,0.003451978994848991,0.004393126662456374,0.06055026564414165,0.0685793846560867
1212,912,1211,rolling300,band_ge4,300,17,0.057267541614180864,0.06628066582689385,0,0.003279571322531937,0.004393126662456374,0.05897274987350888,0.0685793846560867
1212,1,1211,expanding,odd_imbalance,1211,213,0.17606503327799417,0.18680279826054075,0,0.03099889594318119,0.034895285437968285,0.19366367606837961,0.20678163828224355
1212,912,1211,rolling300,odd_imbalance,300,54,0.1804251748912838,0.18680279826054075,0,0.03255324373455034,0.034895285437968285,0.19896957915952088,0.20678163828224355
1212,1,1211,expanding,low_high_imbalance,1211,238,0.19637372539822162,0.18680279826054075,0,0.03856264002677615,0.034895285437968285,0.21862095045617977,0.20678163828224355
1212,912,1211,rolling300,low_high_imbalance,300,63,0.20855017489128377,0.18680279826054075,0,0.04349317544718505,0.034895285437968285,0.23388879382619754,0.20678163828224355
1212,1,1211,expanding,repeated_end,1211,942,0.7780713251891036,0.790290065389328,1,0.049252336703320604,0.043978256674412325,0.25093708138492593,0.2353552295330889
1212,912,1211,rolling300,repeated_end,300,231,0.7712681290868331,0.790290065389328,1,0.052318268771437665,0.043978256674412325,0.2597191979294578,0.2353552295330889
1212,1,1211,expanding,end_multiplicity_ge3,1211,101,0.08350093353869412,0.08948245930662266,0,0.006972405901833412,0.00800711052356138,0.08719423029394265,0.09374211509792349
1212,912,1211,rolling300,end_multiplicity_ge3,300,30,0.09934265370666392,0.08948245930662266,0,0.009868962845482148,0.00800711052356138,0.10463039748860294,0.09374211509792349
1212,1,1211,expanding,multiple_repeat_end_groups,1211,291,0.24006637700386768,0.22608550458805707,1,0.5774991113600277,0.5989436462087222,1.4268398230293642,1.4868420123767523
1212,912,1211,rolling300,multiple_repeat_end_groups,300,73,0.24225534403675356,0.22608550458805707,1,0.5741769636408588,0.5989436462087222,1.4177629684473412,1.4868420123767523
1212,1,1211,expanding,extreme_sum,1211,153,0.12614845992290927,0.11443770825506504,0,0.015913433940921845,0.01309598907067138,0.13484478036691327,0.12153247782470628
1212,912,1211,rolling300,extreme_sum,300,33,0.11027735676594157,0.11443770825506504,0,0.012161095415282758,0.01309598907067138,0.11684550164045943,0.12153247782470628
1212,1,1211,expanding,narrow_three_span_le4,1211,304,0.25126131133956026,0.26513371294993526,0,0.06313224657607543,0.07029588574261866,0.2893652366309436,0.30806671870004826
1212,912,1211,rolling300,narrow_three_span_le4,300,76,0.25407085705937094,0.26513371294993526,0,0.0645520004068833,0.07029588574261866,0.2931246659428263,0.30806671870004826
1212,1,1211,expanding,large_gap_ge15,1211,516,0.4262678409411533,0.4367856099279809,1,0.32916859033832574,0.3172104491841965,0.8526873956799126,0.8283127993981904
1212,912,1211,rolling300,large_gap_ge15,300,121,0.4054241006204988,0.4367856099279809,1,0.3535205001229427,0.3172104491841965,0.902821597741375,0.8283127993981904
1212,1,1211,expanding,previous_overlap_ge2,1210,228,0.18821639188392092,0.17530810086113546,0,0.03542541017380169,0.030732930227538046,0.2085214668037696,0.19274541798861644
1212,912,1211,rolling300,previous_overlap_ge2,300,49,0.16408175630382096,0.17530810086113546,0,0.02692282275174649,0.030732930227538046,0.17922446530143663,0.19274541798861644
1213,1,1212,expanding,consecutive_ge1,1212,627,0.517512134516337,0.5287474862063631,0,0.2678188093716553,0.2795739041695482,0.7287995077760013,0.7523612059240392
1213,913,1212,rolling300,consecutive_ge1,300,154,0.5142967178878977,0.5287474862063631,0,0.2645011140302638,0.2795739041695482,0.7221573721648975,0.7523612059240392
1213,1,1212,expanding,consecutive_ge2,1212,152,0.1254028694821028,0.12481676009753151,0,0.01572587967434531,0.015579223601244734,0.13399192091666012,0.1333219975178157
1213,913,1212,rolling300,consecutive_ge2,300,33,0.11092604750609572,0.12481676009753151,0,0.012304588015324604,0.015579223601244734,0.11757486077063632,0.1333219975178157
1213,1,1212,expanding,band_ge3,1212,532,0.43917077807435895,0.45291992938050796,0,0.19287097231443784,0.20513646243004433,0.5783388370486225,0.6031601058843978
1213,913,1212,rolling300,band_ge3,300,126,0.42205749558628175,0.45291992938050796,0,0.17813252958056425,0.20513646243004433,0.548280888590227,0.6031601058843978
1213,1,1212,expanding,band_ge4,1212,71,0.05870585496472231,0.06628066582689385,0,0.0034463774071390113,0.004393126662456374,0.060499600531938834,0.0685793846560867
1213,913,1212,rolling300,band_ge4,300,17,0.057267541614180864,0.06628066582689385,0,0.003279571322531937,0.004393126662456374,0.05897274987350888,0.0685793846560867
1213,1,1212,expanding,odd_imbalance,1212,213,0.17592212334838542,0.18680279826054075,0,0.030948593483404535,0.034895285437968285,0.19349024303896897,0.20678163828224355
1213,913,1212,rolling300,odd_imbalance,300,54,0.1804251748912838,0.18680279826054075,0,0.03255324373455034,0.034895285437968285,0.19896957915952088,0.20678163828224355
1213,1,1212,expanding,low_high_imbalance,1212,238,0.1962143311405932,0.18680279826054075,0,0.03850006374495036,0.034895285437968285,0.2184226263628454,0.20678163828224355
1213,913,1212,rolling300,low_high_imbalance,300,62,0.20542517489128378,0.18680279826054075,0,0.04219950247911453,0.034895285437968285,0.22994811857432104,0.20678163828224355
1213,1,1212,expanding,repeated_end,1212,943,0.778251462100476,0.790290065389328,1,0.049172414060576625,0.043978256674412325,0.2507055909593561,0.2353552295330889
1213,913,1212,rolling300,repeated_end,300,231,0.7712681290868331,0.790290065389328,1,0.052318268771437665,0.043978256674412325,0.2597191979294578,0.2353552295330889
1213,1,1212,expanding,end_multiplicity_ge3,1212,101,0.08343315680692569,0.08948245930662266,0,0.006961091654769051,0.00800711052356138,0.08712028125431191,0.09374211509792349
1213,913,1212,rolling300,end_multiplicity_ge3,300,29,0.09621765370666392,0.08948245930662266,0,0.009257836884815497,0.00800711052356138,0.1011667149537063,0.09374211509792349
1213,1,1212,expanding,multiple_repeat_end_groups,1212,292,0.2406832062433126,0.22608550458805707,0,0.05792840576756095,0.05111465538483637,0.27533620558795513,0.25629388253878654
1213,913,1212,rolling300,multiple_repeat_end_groups,300,74,0.24538034403675354,0.22608550458805707,0,0.06021151323959553,0.05111465538483637,0.28154142360240436,0.25629388253878654
1213,1,1212,expanding,extreme_sum,1212,153,0.12604606669245236,0.11443770825506504,0,0.01588761092863815,0.01309598907067138,0.1347276126018121,0.12153247782470628
1213,913,1212,rolling300,extreme_sum,300,33,0.11027735676594157,0.11443770825506504,0,0.012161095415282758,0.01309598907067138,0.11684550164045943,0.12153247782470628
1213,1,1212,expanding,narrow_three_span_le4,1212,304,0.2510573654699665,0.26513371294993526,0,0.06302980075672032,0.07029588574261866,0.2890928878105417,0.30806671870004826
1213,913,1212,rolling300,narrow_three_span_le4,300,75,0.25094585705937095,0.26513371294993526,0,0.06297382317526223,0.07029588574261866,0.2889440111073625,0.30806671870004826
1213,1,1212,expanding,large_gap_ge15,1212,517,0.426733532628701,0.4367856099279809,0,0.18210150786977064,0.19078166904015828,0.5564046313221346,0.574094923910703
1213,913,1212,rolling300,large_gap_ge15,300,121,0.4054241006204988,0.4367856099279809,0,0.1643687013639403,0.19078166904015828,0.5199069017328742,0.574094923910703
1213,1,1212,expanding,previous_overlap_ge2,1211,228,0.18806349473373088,0.17530810086113546,1,0.6592408885840023,0.6801167285052672,1.6709756352274323,1.7412102767071724
1213,913,1212,rolling300,previous_overlap_ge2,300,49,0.16408175630382096,0.17530810086113546,1,0.6987593101441046,0.6801167285052672,1.8073904613270968,1.7412102767071724
1214,1,1213,expanding,consecutive_ge1,1213,627,0.5170924166456831,0.5287474862063631,0,0.2673845673524727,0.2795739041695482,0.727929982448108,0.7523612059240392
1214,914,1213,rolling300,consecutive_ge1,300,154,0.5142967178878977,0.5287474862063631,0,0.2645011140302638,0.2795739041695482,0.7221573721648975,0.7523612059240392
1214,1,1213,expanding,consecutive_ge2,1213,152,0.12530116399184968,0.12481676009753151,0,0.015700381697712408,0.015579223601244734,0.13387563928986404,0.1333219975178157
1214,914,1213,rolling300,consecutive_ge2,300,33,0.11092604750609572,0.12481676009753151,0,0.012304588015324604,0.015579223601244734,0.11757486077063632,0.1333219975178157
1214,1,1213,expanding,band_ge3,1213,532,0.4388145973946555,0.45291992938050796,0,0.19255825088663361,0.20513646243004433,0.5777039421303557,0.6031601058843978
1214,914,1213,rolling300,band_ge3,300,126,0.42205749558628175,0.45291992938050796,0,0.17813252958056425,0.20513646243004433,0.548280888590227,0.6031601058843978
1214,1,1213,expanding,band_ge4,1213,71,0.05865824275469415,0.06628066582689385,0,0.0034407894430686283,0.004393126662456374,0.06044902016217034,0.0685793846560867
1214,914,1213,rolling300,band_ge4,300,17,0.057267541614180864,0.06628066582689385,0,0.003279571322531937,0.004393126662456374,0.05897274987350888,0.0685793846560867
1214,1,1213,expanding,odd_imbalance,1213,213,0.17577944522725938,0.18680279826054075,0,0.030898413364403084,0.034895285437968285,0.19331712132901374,0.20678163828224355
1214,914,1213,rolling300,odd_imbalance,300,54,0.1804251748912838,0.18680279826054075,0,0.03255324373455034,0.034895285437968285,0.19896957915952088,0.20678163828224355
1214,1,1213,expanding,low_high_imbalance,1213,238,0.1960551954300169,0.18680279826054075,0,0.03843763965510212,0.034895285437968285,0.21822466319212003,0.20678163828224355
1214,914,1213,rolling300,low_high_imbalance,300,62,0.20542517489128378,0.18680279826054075,0,0.04219950247911453,0.034895285437968285,0.22994811857432104,0.20678163828224355
1214,1,1213,expanding,repeated_end,1213,944,0.7784313068189671,0.790290065389328,1,0.049092685797950696,0.043978256674412325,0.25047452947029486,0.2353552295330889
1214,914,1213,rolling300,repeated_end,300,231,0.7712681290868331,0.790290065389328,1,0.052318268771437665,0.043978256674412325,0.2597191979294578,0.2353552295330889
1214,1,1213,expanding,end_multiplicity_ge3,1213,101,0.0833654900130839,0.08948245930662266,0,0.006949804925121591,0.00800711052356138,0.08704645761922121,0.09374211509792349
1214,914,1213,rolling300,end_multiplicity_ge3,300,29,0.09621765370666392,0.08948245930662266,0,0.009257836884815497,0.00800711052356138,0.1011667149537063,0.09374211509792349
1214,1,1213,expanding,multiple_repeat_end_groups,1213,292,0.24048800494060107,0.22608550458805707,0,0.057834480520310566,0.05111465538483637,0.2750791637077595,0.25629388253878654
1214,914,1213,rolling300,multiple_repeat_end_groups,300,73,0.24225534403675356,0.22608550458805707,0,0.058687651714365824,0.05111465538483637,0.2774088155755317,0.25629388253878654
1214,1,1213,expanding,extreme_sum,1213,153,0.1259438395499605,0.11443770825506504,0,0.015861850720586195,0.01309598907067138,0.13461064858315627,0.12153247782470628
1214,914,1213,rolling300,extreme_sum,300,33,0.11027735676594157,0.11443770825506504,0,0.012161095415282758,0.01309598907067138,0.11684550164045943,0.12153247782470628
1214,1,1213,expanding,narrow_three_span_le4,1213,304,0.2508537504128132,0.26513371294993526,0,0.06292760409617398,0.07029588574261866,0.28882105472965336,0.30806671870004826
1214,914,1213,rolling300,narrow_three_span_le4,300,75,0.25094585705937095,0.26513371294993526,0,0.06297382317526223,0.07029588574261866,0.2889440111073625,0.30806671870004826
1214,1,1213,expanding,large_gap_ge15,1213,517,0.42638743892827224,0.4367856099279809,0,0.18180624807581108,0.19078166904015828,0.5558010912758854,0.574094923910703
1214,914,1213,rolling300,large_gap_ge15,300,121,0.4054241006204988,0.4367856099279809,0,0.1643687013639403,0.19078166904015828,0.5199069017328742,0.574094923910703
1214,1,1213,expanding,previous_overlap_ge2,1212,229,0.18872253410488857,0.17530810086113546,0,0.03561619487897083,0.030732930227538046,0.2091451552717873,0.19274541798861644
1214,914,1213,rolling300,previous_overlap_ge2,300,50,0.16720675630382095,0.17530810086113546,0,0.027958099353645367,0.030732930227538046,0.18296987447103602,0.19274541798861644
1215,1,1214,expanding,consecutive_ge1,1214,627,0.5166733790308973,0.5287474862063631,1,0.23360462253741068,0.2220789317568219,0.6603443661486411,0.6372443028525948
1215,915,1214,rolling300,consecutive_ge1,300,154,0.5142967178878977,0.5287474862063631,1,0.23590767825446848,0.2220789317568219,0.6649549079290035,0.6372443028525948
1215,1,1214,expanding,consecutive_ge2,1214,152,0.12519962334031656,0.12481676009753151,0,0.01567494568455714,0.015579223601244734,0.13375955961299207,0.1333219975178157
1215,915,1214,rolling300,consecutive_ge2,300,33,0.11092604750609572,0.12481676009753151,0,0.012304588015324604,0.015579223601244734,0.11757486077063632,0.1333219975178157
1215,1,1214,expanding,band_ge3,1214,532,0.43845899399320115,0.45291992938050796,1,0.31532830142712776,0.2992966036690284,0.8244889858112716,0.7920399254567645
1215,915,1214,rolling300,band_ge3,300,126,0.42205749558628175,0.45291992938050796,1,0.3340175384080008,0.2992966036690284,0.862613728761573,0.7920399254567645
1215,1,1214,expanding,band_ge4,1214,71,0.058610707711943176,0.06628066582689385,0,0.0034352150584948354,0.004393126662456374,0.060398524322339386,0.0685793846560867
1215,915,1214,rolling300,band_ge4,300,17,0.057267541614180864,0.06628066582689385,0,0.003279571322531937,0.004393126662456374,0.05897274987350888,0.0685793846560867
1215,1,1214,expanding,odd_imbalance,1214,213,0.17563699835106225,0.18680279826054075,1,0.6795743584876465,0.6612896889168869,1.7393359232145302,1.677701773318112
1215,915,1214,rolling300,odd_imbalance,300,54,0.1804251748912838,0.18680279826054075,1,0.6717028939519829,0.6612896889168869,1.7124391306947213,1.677701773318112
1215,1,1214,expanding,low_high_imbalance,1214,238,0.19589631763793422,0.18680279826054075,0,0.03837536726410242,0.034895285437968285,0.2180270599557863,0.20678163828224355
1215,915,1214,rolling300,low_high_imbalance,300,62,0.20542517489128378,0.18680279826054075,0,0.04219950247911453,0.034895285437968285,0.22994811857432104,0.20678163828224355
1215,1,1214,expanding,repeated_end,1214,945,0.7786108600549323,0.790290065389328,1,0.04901315128561677,0.043978256674412325,0.25024389572050815,0.2353552295330889
1215,915,1214,rolling300,repeated_end,300,231,0.7712681290868331,0.790290065389328,1,0.052318268771437665,0.043978256674412325,0.2597191979294578,0.2353552295330889
1215,1,1214,expanding,end_multiplicity_ge3,1214,101,0.08329793288989663,0.08948245930662266,0,0.006938545623729723,0.00800711052356138,0.08697275906974392,0.09374211509792349
1215,915,1214,rolling300,end_multiplicity_ge3,300,29,0.09621765370666392,0.08948245930662266,0,0.009257836884815497,0.00800711052356138,0.1011667149537063,0.09374211509792349
1215,1,1214,expanding,multiple_repeat_end_groups,1214,292,0.2402931200095309,0.22608550458805707,0,0.05774078352391482,0.05111465538483637,0.2748226043201165,0.25629388253878654
1215,915,1214,rolling300,multiple_repeat_end_groups,300,73,0.24225534403675356,0.22608550458805707,0,0.058687651714365824,0.05111465538483637,0.2774088155755317,0.25629388253878654
1215,1,1214,expanding,extreme_sum,1214,153,0.1258417780916542,0.11443770825506504,0,0.01583615311326914,0.01309598907067138,0.13449388777915863,0.12153247782470628
1215,915,1214,rolling300,extreme_sum,300,33,0.11027735676594157,0.11443770825506504,0,0.012161095415282758,0.01309598907067138,0.11684550164045943,0.12153247782470628
1215,1,1214,expanding,narrow_three_span_le4,1214,304,0.2506504653638563,0.26513371294993526,0,0.06282565578711774,0.07029588574261866,0.28854973591468686,0.30806671870004826
1215,915,1214,rolling300,narrow_three_span_le4,300,75,0.25094585705937095,0.26513371294993526,0,0.06297382317526223,0.07029588574261866,0.2889440111073625,0.30806671870004826
1215,1,1214,expanding,large_gap_ge15,1214,517,0.42604190615766585,0.4367856099279809,1,0.3294278934871256,0.3172104491841965,0.8532175662887755,0.8283127993981904
1215,915,1214,rolling300,large_gap_ge15,300,121,0.4054241006204988,0.4367856099279809,1,0.3535205001229427,0.3172104491841965,0.902821597741375,0.8283127993981904
1215,1,1214,expanding,previous_overlap_ge2,1213,229,0.1885694744665229,0.17530810086113546,1,0.6584194977675347,0.6801167285052672,1.668288775188257,1.7412102767071724
1215,915,1214,rolling300,previous_overlap_ge2,300,50,0.16720675630382095,0.17530810086113546,1,0.6935445867460034,0.6801167285052672,1.7885241706322623,1.7412102767071724
1216,1,1215,expanding,consecutive_ge1,1215,628,0.5170647366187265,0.5287474862063631,1,0.23322646861713997,0.2220789317568219,0.6595871964156075,0.6372443028525948
1216,916,1215,rolling300,consecutive_ge1,300,155,0.5174217178878977,0.5287474862063631,1,0.2328817983662678,0.2220789317568219,0.6588970350668805,0.6372443028525948
1216,1,1215,expanding,consecutive_ge2,1215,152,0.12509824712708553,0.12481676009753151,1,0.7654530771800984,0.7659457034061817,2.078655873381334,2.0809085364103663
1216,916,1215,rolling300,consecutive_ge2,300,33,0.11092604750609572,0.12481676009753151,1,0.7904524930031332,0.7659457034061817,2.198891538389242,2.0809085364103663
1216,1,1215,expanding,band_ge3,1215,533,0.4389136830668909,0.45291992938050796,0,0.19264522118334312,0.20513646243004433,0.5778805226692176,0.6031601058843978
1216,916,1215,rolling300,band_ge3,300,127,0.42518249558628174,0.45291992938050796,0,0.1807801545529785,0.20513646243004433,0.553702672189946,0.6031601058843978
1216,1,1215,expanding,band_ge4,1215,71,0.05856324964901853,0.06628066582689385,0,0.0034296542094532693,0.004393126662456374,0.06034811280065865,0.0685793846560867
1216,916,1215,rolling300,band_ge4,300,17,0.057267541614180864,0.06628066582689385,0,0.003279571322531937,0.004393126662456374,0.05897274987350888,0.0685793846560867
1216,1,1215,expanding,odd_imbalance,1215,214,0.17630449875725573,0.18680279826054075,0,0.031083276282047188,0.034895285437968285,0.1939543546951757,0.20678163828224355
1216,916,1215,rolling300,odd_imbalance,300,55,0.1835501748912838,0.18680279826054075,0,0.03369066670262087,0.034895285437968285,0.20278981964326473,0.20678163828224355
1216,1,1215,expanding,low_high_imbalance,1215,238,0.19573769713782252,0.18680279826054075,0,0.03831324608081793,0.034895285437968285,0.21782981566924553,0.20678163828224355
1216,916,1215,rolling300,low_high_imbalance,300,61,0.20230017489128377,0.18680279826054075,0,0.040925360761044,0.034895285437968285,0.2260229113095098,0.20678163828224355
1216,1,1215,expanding,repeated_end,1215,946,0.7787901225164263,0.790290065389328,1,0.04893380989629768,0.043978256674412325,0.25001368851723577,0.2353552295330889
1216,916,1215,rolling300,repeated_end,300,231,0.7712681290868331,0.790290065389328,1,0.052318268771437665,0.043978256674412325,0.2597191979294578,0.2353552295330889
1216,1,1215,expanding,end_multiplicity_ge3,1215,101,0.08323048517095745,0.08948245930662266,0,0.006927313661792968,0.00800711052356138,0.08689918528803492,0.09374211509792349
1216,916,1215,rolling300,end_multiplicity_ge3,300,29,0.09621765370666392,0.08948245930662266,0,0.009257836884815497,0.00800711052356138,0.1011667149537063,0.09374211509792349
1216,1,1215,expanding,multiple_repeat_end_groups,1215,292,0.24009855068158795,0.22608550458805707,1,0.5774502126762232,0.5989436462087222,1.4267058120847351,1.4868420123767523
1216,916,1215,rolling300,multiple_repeat_end_groups,300,73,0.24225534403675356,0.22608550458805707,1,0.5741769636408588,0.5989436462087222,1.4177629684473412,1.4868420123767523
1216,1,1215,expanding,extreme_sum,1215,153,0.12573988191506177,0.11443770825506504,1,0.7643307540738901,0.7842205725605412,2.0735399351475787,2.167724636734186
1216,916,1215,rolling300,extreme_sum,300,33,0.11027735676594157,0.11443770825506504,1,0.7916063818833997,0.7842205725605412,2.2047566615038714,2.167724636734186
1216,1,1215,expanding,narrow_three_span_le4,1215,304,0.25044750952145645,0.26513371294993526,0,0.06272395502550002,0.07029588574261866,0.2882789298976962,0.30806671870004826
1216,916,1215,rolling300,narrow_three_span_le4,300,75,0.25094585705937095,0.26513371294993526,0,0.06297382317526223,0.07029588574261866,0.2889440111073625,0.30806671870004826
1216,1,1215,expanding,large_gap_ge15,1215,518,0.4265066495534896,0.4367856099279809,0,0.1819079221133432,0.19078166904015828,0.5560089371677939,0.574094923910703
1216,916,1215,rolling300,large_gap_ge15,300,121,0.4054241006204988,0.4367856099279809,0,0.1643687013639403,0.19078166904015828,0.5199069017328742,0.574094923910703
1216,1,1215,expanding,previous_overlap_ge2,1214,230,0.18922703567035876,0.17530810086113546,0,0.035806871028591224,0.030732930227538046,0.20976720939826513,0.19274541798861644
1216,916,1215,rolling300,previous_overlap_ge2,300,51,0.17033175630382097,0.17530810086113546,0,0.029012907205544256,0.030732930227538046,0.18672936448553107,0.19274541798861644
1217,1,1216,expanding,consecutive_ge1,1216,629,0.5174554609418505,0.5287474862063631,0,0.2677601540585429,0.2795739041695482,0.7286820535344961,0.7523612059240392
1217,917,1216,rolling300,consecutive_ge1,300,155,0.5174217178878977,0.5287474862063631,0,0.2677252341420632,0.2795739041695482,0.72861212864364,0.7523612059240392
1217,1,1216,expanding,consecutive_ge2,1216,153,0.12580609644170765,0.12481676009753151,0,0.015827173901900245,0.015579223601244734,0.13445307031518003,0.1333219975178157
1217,917,1216,rolling300,consecutive_ge2,300,33,0.11092604750609572,0.12481676009753151,0,0.012304588015324604,0.015579223601244734,0.11757486077063632,0.1333219975178157
1217,1,1216,expanding,band_ge3,1216,533,0.43855857490906974,0.45291992938050796,0,0.19233362362627413,0.20513646243004433,0.5772478288722219,0.6031601058843978
1217,917,1216,rolling300,band_ge3,300,126,0.42205749558628175,0.45291992938050796,0,0.17813252958056425,0.20513646243004433,0.548280888590227,0.6031601058843978
1217,1,1216,expanding,band_ge4,1216,71,0.05851586837907596,0.06628066582689385,0,0.0034241068521573413,0.004393126662456374,0.06029778538604853,0.0685793846560867
1217,917,1216,rolling300,band_ge4,300,17,0.057267541614180864,0.06628066582689385,0,0.003279571322531937,0.004393126662456374,0.05897274987350888,0.0685793846560867
1217,1,1216,expanding,odd_imbalance,1216,214,0.1761618575770314,0.18680279826054075,0,0.031033000064990296,0.034895285437968285,0.1937811974657265,0.20678163828224355
1217,917,1216,rolling300,odd_imbalance,300,55,0.1835501748912838,0.18680279826054075,0,0.03369066670262087,0.034895285437968285,0.20278981964326473,0.20678163828224355
1217,1,1216,expanding,low_high_imbalance,1216,238,0.19557933330518676,0.18680279826054075,0,0.03825127561610134,0.034895285437968285,0.21763292935150083,0.20678163828224355
1217,917,1216,rolling300,low_high_imbalance,300,61,0.20230017489128377,0.18680279826054075,0,0.040925360761044,0.034895285437968285,0.2260229113095098,0.20678163828224355
1217,1,1216,expanding,repeated_end,1216,947,0.7789690949092124,0.790290065389328,1,0.04885466100525276,0.043978256674412325,0.24978390667217076,0.2353552295330889
1217,917,1216,rolling300,repeated_end,300,231,0.7712681290868331,0.790290065389328,1,0.052318268771437665,0.043978256674412325,0.2597191979294578,0.2353552295330889
1217,1,1216,expanding,end_multiplicity_ge3,1216,101,0.08316314659072205,0.08948245930662266,0,0.006916108950869924,0.00800711052356138,0.08682573595732573,0.09374211509792349
1217,917,1216,rolling300,end_multiplicity_ge3,300,29,0.09621765370666392,0.08948245930662266,0,0.009257836884815497,0.00800711052356138,0.1011667149537063,0.09374211509792349
1217,1,1216,expanding,multiple_repeat_end_groups,1216,293,0.24071335767941837,0.22608550458805707,0,0.0579429205652996,0.05111465538483637,0.2753759150149107,0.25629388253878654
1217,917,1216,rolling300,multiple_repeat_end_groups,300,73,0.24225534403675356,0.22608550458805707,0,0.058687651714365824,0.05111465538483637,0.2774088155755317,0.25629388253878654
1217,1,1216,expanding,extreme_sum,1216,154,0.12644721210768714,0.11443770825506504,0,0.01598889744980642,0.01309598907067138,0.13518671861544215,0.12153247782470628
1217,917,1216,rolling300,extreme_sum,300,34,0.11340235676594157,0.11443770825506504,0,0.012860094520069894,0.01309598907067138,0.12036401488128311,0.12153247782470628
1217,1,1216,expanding,narrow_three_span_le4,1216,304,0.25024488208656853,0.26513371294993526,0,0.06262250101052058,0.07029588574261866,0.28800863521635484,0.30806671870004826
1217,917,1216,rolling300,narrow_three_span_le4,300,74,0.24782085705937096,0.26513371294993526,0,0.061415177193641174,0.07029588574261866,0.28478076140713393,0.30806671870004826
1217,1,1216,expanding,large_gap_ge15,1216,518,0.4261615794486729,0.4367856099279809,0,0.18161369179818754,0.19078166904015828,0.5554074195877112,0.574094923910703
1217,917,1216,rolling300,large_gap_ge15,300,120,0.4022991006204988,0.4367856099279809,0,0.1618445663600622,0.19078166904015828,0.5146648184190784,0.574094923910703
1217,1,1216,expanding,previous_overlap_ge2,1215,230,0.1890738153985609,0.17530810086113546,1,0.6576012768722472,0.6801167285052672,1.6656177825059437,1.7412102767071724
1217,917,1216,rolling300,previous_overlap_ge2,300,50,0.16720675630382095,0.17530810086113546,1,0.6935445867460034,0.6801167285052672,1.7885241706322623,1.7412102767071724
1218,1,1217,expanding,consecutive_ge1,1217,629,0.5170371460987285,0.5287474862063631,1,0.2332531182484609,0.2220789317568219,0.6596405577341886,0.6372443028525948
1218,918,1217,rolling300,consecutive_ge1,300,154,0.5142967178878977,0.5287474862063631,1,0.23590767825446848,0.2220789317568219,0.6649549079290035,0.6372443028525948
1218,1,1217,expanding,consecutive_ge2,1217,153,0.1257043938576804,0.12481676009753151,0,0.01580159463512684,0.015579223601244734,0.1343367383800124,0.1333219975178157
1218,918,1217,rolling300,consecutive_ge2,300,33,0.11092604750609572,0.12481676009753151,0,0.012304588015324604,0.015579223601244734,0.11757486077063632,0.1333219975178157
1218,1,1217,expanding,band_ge3,1217,533,0.4382040408954003,0.45291992938050796,0,0.19202278145705767,0.20513646243004433,0.5766165571029034,0.6031601058843978
1218,918,1217,rolling300,band_ge3,300,125,0.41893249558628176,0.45291992938050796,0,0.17550443585814998,0.20513646243004433,0.5428883422808836,0.6031601058843978
1218,1,1217,expanding,band_ge4,1217,71,0.05846856371587541,0.06628066582689385,0,0.0034185729429973824,0.004393126662456374,0.06024754186813311,0.0685793846560867
1218,918,1217,rolling300,band_ge4,300,17,0.057267541614180864,0.06628066582689385,0,0.003279571322531937,0.004393126662456374,0.05897274987350888,0.0685793846560867
1218,1,1217,expanding,odd_imbalance,1217,214,0.17601944702118902,0.18680279826054075,0,0.03098284572964517,0.034895285437968285,0.19360835010503766,0.20678163828224355
1218,918,1217,rolling300,odd_imbalance,300,54,0.1804251748912838,0.18680279826054075,0,0.03255324373455034,0.034895285437968285,0.19896957915952088,0.20678163828224355
1218,1,1217,expanding,low_high_imbalance,1217,238,0.1954212255175512,0.18680279826054075,1,0.6473470043476793,0.6612896889168869,1.6325979192874092,1.677701773318112
1218,918,1217,rolling300,low_high_imbalance,300,61,0.20230017489128377,0.18680279826054075,1,0.6363250109784764,0.6612896889168869,1.5980026702943089,1.677701773318112
1218,1,1217,expanding,repeated_end,1217,948,0.7791477779367716,0.790290065389328,1,0.048775703990265554,0.043978256674412325,0.24955454900143825,0.2353552295330889
1218,918,1217,rolling300,repeated_end,300,231,0.7712681290868331,0.790290065389328,1,0.052318268771437665,0.043978256674412325,0.2597191979294578,0.2353552295330889
1218,1,1217,expanding,end_multiplicity_ge3,1217,101,0.08309591688450481,0.08948245930662266,0,0.006904931402876531,0.00800711052356138,0.08675241076191963,0.09374211509792349
1218,918,1217,rolling300,end_multiplicity_ge3,300,28,0.09309265370666392,0.08948245930662266,0,0.008666242174148847,0.00800711052356138,0.09771498811668185,0.09374211509792349
1218,1,1217,expanding,multiple_repeat_end_groups,1217,293,0.24051876321080123,0.22608550458805707,0,0.05784927545645347,0.05111465538483637,0.27511966193982457,0.25629388253878654
1218,918,1217,rolling300,multiple_repeat_end_groups,300,73,0.24225534403675356,0.22608550458805707,0,0.058687651714365824,0.05111465538483637,0.2774088155755317,0.25629388253878654
1218,1,1217,expanding,extreme_sum,1217,154,0.1263449912409873,0.11443770825506504,0,0.01596305681168516,0.01309598907067138,0.13506970807209132,0.12153247782470628
1218,918,1217,rolling300,extreme_sum,300,34,0.11340235676594157,0.11443770825506504,0,0.012860094520069894,0.01309598907067138,0.12036401488128311,0.12153247782470628
1218,1,1217,expanding,narrow_three_span_le4,1217,304,0.25004258226273135,0.26513371294993526,1,0.562436128419152,0.5400284598427482,1.3861240465733111,1.3275210030826026
1218,918,1217,rolling300,narrow_three_span_le4,300,73,0.24469585705937097,0.26513371294993526,1,0.5704843483432782,0.5400284598427482,1.4077392393700492,1.3275210030826026
1218,1,1217,expanding,large_gap_ge15,1217,518,0.4258170672583344,0.4367856099279809,1,0.32968604025182013,0.3172104491841965,0.8537454445211333,0.8283127993981904
1218,918,1217,rolling300,large_gap_ge15,300,119,0.3991741006204988,0.4367856099279809,1,0.36099176136518657,0.3172104491841965,0.9183576148546733,0.8283127993981904
1218,1,1217,expanding,previous_overlap_ge2,1216,231,0.18972990454467858,0.17530810086113546,0,0.03599743667853285,0.030732930227538046,0.21038763571873223,0.19274541798861644
1218,918,1217,rolling300,previous_overlap_ge2,300,51,0.17033175630382097,0.17530810086113546,0,0.029012907205544256,0.030732930227538046,0.18672936448553107,0.19274541798861644
1219,1,1218,expanding,consecutive_ge1,1218,630,0.5174272614896019,0.5287474862063631,1,0.23287644795342502,0.2220789317568219,0.6588863212297608,0.6372443028525948
1219,919,1218,rolling300,consecutive_ge1,300,154,0.5142967178878977,0.5287474862063631,1,0.23590767825446848,0.2220789317568219,0.6649549079290035,0.6372443028525948
1219,1,1218,expanding,consecutive_ge2,1218,153,0.1256028555750813,0.12481676009753151,0,0.015776077328614732,0.015579223601244734,0.1342206078788935,0.1333219975178157
1219,919,1218,rolling300,consecutive_ge2,300,33,0.11092604750609572,0.12481676009753151,0,0.012304588015324604,0.015579223601244734,0.11757486077063632,0.1333219975178157
1219,1,1218,expanding,band_ge3,1218,533,0.4378500796345801,0.45291992938050796,0,0.19171269223600815,0.20513646243004433,0.5759867024471098,0.6031601058843978
1219,919,1218,rolling300,band_ge3,300,124,0.4158074955862817,0.45291992938050796,0,0.1728958733857357,0.20513646243004433,0.5375247196248132,0.6031601058843978
1219,1,1218,expanding,band_ge4,1218,71,0.058421335473778584,0.06628066582689385,0,0.0034130524385397798,0.004393126662456374,0.06019738203723807,0.0685793846560867
1219,919,1218,rolling300,band_ge4,300,17,0.057267541614180864,0.06628066582689385,0,0.003279571322531937,0.004393126662456374,0.05897274987350888,0.0685793846560867
1219,1,1218,expanding,odd_imbalance,1218,214,0.17587726653086497,0.18680279826054075,0,0.030932812882368915,0.034895285437968285,0.19343581177950206,0.20678163828224355
1219,919,1218,rolling300,odd_imbalance,300,54,0.1804251748912838,0.18680279826054075,0,0.03255324373455034,0.034895285437968285,0.19896957915952088,0.20678163828224355
1219,1,1218,expanding,low_high_imbalance,1218,239,0.19607112759710082,0.18680279826054075,0,0.03844388707719859,0.034895285437968285,0.21824448087719384,0.20678163828224355
1219,919,1218,rolling300,low_high_imbalance,300,62,0.20542517489128378,0.18680279826054075,0,0.04219950247911453,0.034895285437968285,0.22994811857432104,0.20678163828224355
1219,1,1218,expanding,repeated_end,1218,949,0.7793261723003122,0.790290065389328,1,0.048696938231631494,0.043978256674412325,0.24932561432557454,0.2353552295330889
1219,919,1218,rolling300,repeated_end,300,231,0.7712681290868331,0.790290065389328,1,0.052318268771437665,0.043978256674412325,0.2597191979294578,0.2353552295330889
1219,1,1218,expanding,end_multiplicity_ge3,1218,101,0.08302879578847533,0.08948245930662266,0,0.006893780930084339,0.00800711052356138,0.0866792093871879,0.09374211509792349
1219,919,1218,rolling300,end_multiplicity_ge3,300,28,0.09309265370666392,0.08948245930662266,0,0.008666242174148847,0.00800711052356138,0.09771498811668185,0.09374211509792349
1219,1,1218,expanding,multiple_repeat_end_groups,1218,293,0.24032448311127716,0.22608550458805707,0,0.05775585718270254,0.05111465538483637,0.27486388833369363,0.25629388253878654
1219,919,1218,rolling300,multiple_repeat_end_groups,300,73,0.24225534403675356,0.22608550458805707,0,0.058687651714365824,0.05111465538483637,0.2774088155755317,0.25629388253878654
1219,1,1218,expanding,extreme_sum,1218,154,0.1262429355130059,0.11443770825506504,0,0.015937278766940965,0.01309598907067138,0.13495290021702386,0.12153247782470628
1219,919,1218,rolling300,extreme_sum,300,34,0.11340235676594157,0.11443770825506504,0,0.012860094520069894,0.01309598907067138,0.12036401488128311,0.12153247782470628
1219,1,1218,expanding,narrow_three_span_le4,1218,305,0.2506483636987065,0.26513371294993526,0,0.06282460222483906,0.07029588574261866,0.2885469312659808,0.30806671870004826
1219,919,1218,rolling300,narrow_three_span_le4,300,74,0.24782085705937096,0.26513371294993526,0,0.061415177193641174,0.07029588574261866,0.28478076140713393,0.30806671870004826
1219,1,1218,expanding,large_gap_ge15,1218,519,0.42628086607314997,0.4367856099279809,0,0.18171537678007482,0.19078166904015828,0.5556153161318824,0.574094923910703
1219,919,1218,rolling300,large_gap_ge15,300,119,0.3991741006204988,0.4367856099279809,0,0.1593399626061841,0.19078166904015828,0.5094500713063798,0.574094923910703
1219,1,1218,expanding,previous_overlap_ge2,1217,231,0.18957652547875725,0.17530810086113546,1,0.6567862080550834,0.6801167285052672,1.6629625075924495,1.7412102767071724
1219,919,1218,rolling300,previous_overlap_ge2,300,51,0.17033175630382097,0.17530810086113546,1,0.6883493945979025,0.6801167285052672,1.7700072359796903,1.7412102767071724
1220,1,1219,expanding,consecutive_ge1,1219,631,0.5178167471542593,0.5287474862063631,0,0.2681341836334181,0.2795739041695482,0.7294310445604218,0.7523612059240392
1220,920,1219,rolling300,consecutive_ge1,300,154,0.5142967178878977,0.5287474862063631,0,0.2645011140302638,0.2795739041695482,0.7221573721648975,0.7523612059240392
1220,1,1219,expanding,consecutive_ge2,1219,153,0.12550148119608606,0.12481676009753151,0,0.015750621782411545,0.015579223601244734,0.13410467828830644,0.1333219975178157
1220,920,1219,rolling300,consecutive_ge2,300,33,0.11092604750609572,0.12481676009753151,0,0.012304588015324604,0.015579223601244734,0.11757486077063632,0.1333219975178157
1220,1,1219,expanding,band_ge3,1219,533,0.4374966897397984,0.45291992938050796,1,0.31640997405368465,0.2992966036690284,0.8266861395221249,0.7920399254567645
1220,920,1219,rolling300,band_ge3,300,123,0.41268249558628173,0.45291992938050796,1,0.3449418509907579,0.2992966036690284,0.8850767575009166,0.7920399254567645
1220,1,1219,expanding,band_ge4,1219,71,0.05837418346774648,0.06628066582689385,0,0.0034075452955261262,0.004393126662456374,0.060147305684387135,0.0685793846560867
1220,920,1219,rolling300,band_ge4,300,17,0.057267541614180864,0.06628066582689385,0,0.003279571322531937,0.004393126662456374,0.05897274987350888,0.0685793846560867
1220,1,1219,expanding,odd_imbalance,1219,214,0.17573531554899985,0.18680279826054075,0,0.030882901131106547,0.034895285437968285,0.1932635816585088,0.20678163828224355
1220,920,1219,rolling300,odd_imbalance,300,54,0.1804251748912838,0.18680279826054075,0,0.03255324373455034,0.034895285437968285,0.19896957915952088,0.20678163828224355
1220,1,1219,expanding,low_high_imbalance,1219,239,0.19591287809944377,0.18680279826054075,0,0.03838185580520752,0.034895285437968285,0.21804765510092236,0.20678163828224355
1220,920,1219,rolling300,low_high_imbalance,300,62,0.20542517489128378,0.18680279826054075,0,0.04219950247911453,0.034895285437968285,0.22994811857432104,0.20678163828224355
1220,1,1219,expanding,repeated_end,1219,950,0.7795042786987785,0.790290065389328,1,0.04861836311214596,0.043978256674412325,0.24909710146950717,0.2353552295330889
1220,920,1219,rolling300,repeated_end,300,231,0.7712681290868331,0.790290065389328,1,0.052318268771437665,0.043978256674412325,0.2597191979294578,0.2353552295330889
1220,1,1219,expanding,end_multiplicity_ge3,1219,101,0.08296178303965493,0.08948245930662266,0,0.006882657445118776,0.00800711052356138,0.08660613151956455,0.09374211509792349
1220,920,1219,rolling300,end_multiplicity_ge3,300,28,0.09309265370666392,0.08948245930662266,0,0.008666242174148847,0.00800711052356138,0.09771498811668185,0.09374211509792349
1220,1,1219,expanding,multiple_repeat_end_groups,1219,293,0.24013051661966192,0.22608550458805707,0,0.05766266501202573,0.05111465538483637,0.27460859284374833,0.25629388253878654
1220,920,1219,rolling300,multiple_repeat_end_groups,300,73,0.24225534403675356,0.22608550458805707,0,0.058687651714365824,0.05111465538483637,0.2774088155755317,0.25629388253878654
1220,1,1219,expanding,extreme_sum,1219,154,0.12614104452389127,0.11443770825506504,0,0.01591156311357832,0.01309598907067138,0.13483629452324883,0.12153247782470628
1220,920,1219,rolling300,extreme_sum,300,34,0.11340235676594157,0.11443770825506504,0,0.012860094520069894,0.01309598907067138,0.12036401488128311,0.12153247782470628
1220,1,1219,expanding,narrow_three_span_le4,1219,305,0.2504460647772387,0.26513371294993526,0,0.06272323136240483,0.07029588574261866,0.2882770024238451,0.30806671870004826
1220,920,1219,rolling300,narrow_three_span_le4,300,73,0.24469585705937097,0.26513371294993526,0,0.05987606246202011,0.07029588574261866,0.28063477251873004,0.30806671870004826
1220,1,1219,expanding,large_gap_ge15,1219,519,0.42593681371958003,0.4367856099279809,1,0.32954854184242816,0.3172104491841965,0.8534642683158731,0.8283127993981904
1220,920,1219,rolling300,large_gap_ge15,300,118,0.3960491006204988,0.4367856099279809,1,0.36475668886130835,0.3172104491841965,0.9262170839480569,0.8283127993981904
1220,1,1219,expanding,previous_overlap_ge2,1218,232,0.19023114864072918,0.17530810086113546,1,0.6557255926317128,0.6801167285052672,1.6595153744521562,1.7412102767071724
1220,920,1219,rolling300,previous_overlap_ge2,300,52,0.17345675630382096,0.17530810086113546,1,0.6831737336998012,0.6801167285052672,1.751826953867116,1.7412102767071724
1221,1,1220,expanding,consecutive_ge1,1220,631,0.5173991530033284,0.5287474862063631,0,0.2677018835285616,0.2795739041695482,0.7285653707229746,0.7523612059240392
1221,921,1220,rolling300,consecutive_ge1,300,153,0.5111717178878977,0.5287474862063631,0,0.2612965251684645,0.2795739041695482,0.7157440125037855,0.7523612059240392
1221,1,1220,expanding,consecutive_ge2,1220,153,0.12540027032415374,0.12481676009753151,0,0.015725227797370834,0.015579223601244734,0.13398894908654968,0.1333219975178157
1221,921,1220,rolling300,consecutive_ge2,300,32,0.10780104750609572,0.12481676009753151,0,0.011621065843411505,0.015579223601244734,0.11406613035960535,0.1333219975178157
1221,1,1220,expanding,band_ge3,1220,534,0.43795032144162116,0.45291992938050796,0,0.1918004840508193,0.20513646243004433,0.576165036983793,0.6031601058843978
1221,921,1220,rolling300,band_ge3,300,124,0.4158074955862817,0.45291992938050796,0,0.1728958733857357,0.20513646243004433,0.5375247196248132,0.6031601058843978
1221,1,1220,expanding,band_ge4,1220,71,0.058327107513337,0.06628066582689385,0,0.0034020514708723738,0.004393126662456374,0.06009731260129967,0.0685793846560867
1221,921,1220,rolling300,band_ge4,300,17,0.057267541614180864,0.06628066582689385,0,0.003279571322531937,0.004393126662456374,0.05897274987350888,0.0685793846560867
1221,1,1220,expanding,odd_imbalance,1220,214,0.1755935935203313,0.18680279826054075,1,0.6796459230447207,0.6612896889168869,1.739583081816067,1.677701773318112
1221,921,1220,rolling300,odd_imbalance,300,54,0.1804251748912838,0.18680279826054075,1,0.6717028939519829,0.6612896889168869,1.7124391306947213,1.677701773318112
1221,1,1220,expanding,low_high_imbalance,1220,239,0.19575488384291195,0.18680279826054075,0,0.038319974548351954,0.034895285437968285,0.2178511854246932,0.20678163828224355
1221,921,1220,rolling300,low_high_imbalance,300,62,0.20542517489128378,0.18680279826054075,0,0.04219950247911453,0.034895285437968285,0.22994811857432104,0.20678163828224355
1221,1,1220,expanding,repeated_end,1220,951,0.7796820978288601,0.790290065389328,1,0.048539978017091964,0.043978256674412325,0.24886900926253372,0.2353552295330889
1221,921,1220,rolling300,repeated_end,300,231,0.7712681290868331,0.790290065389328,1,0.052318268771437665,0.043978256674412325,0.2597191979294578,0.2353552295330889
1221,1,1220,expanding,end_multiplicity_ge3,1220,101,0.08289487837591326,0.08948245930662266,0,0.0068715608609574525,0.00800711052356138,0.08653317684654208,0.09374211509792349
1221,921,1220,rolling300,end_multiplicity_ge3,300,27,0.08996765370666392,0.08948245930662266,0,0.008094178713482197,0.00800711052356138,0.0942751347256709,0.09374211509792349
1221,1,1220,expanding,multiple_repeat_end_groups,1220,293,0.23993686297722672,0.22608550458805707,1,0.5776959722608991,0.5989436462087222,1.4273794611775943,1.4868420123767523
1221,921,1220,rolling300,multiple_repeat_end_groups,300,73,0.24225534403675356,0.22608550458805707,1,0.5741769636408588,0.5989436462087222,1.4177629684473412,1.4868420123767523
1221,1,1220,expanding,extreme_sum,1220,154,0.12603931787508169,0.11443770825506504,0,0.015885909650415884,0.01309598907067138,0.13471989046560354,0.12153247782470628
1221,921,1220,rolling300,extreme_sum,300,34,0.11340235676594157,0.11443770825506504,0,0.012860094520069894,0.01309598907067138,0.12036401488128311,0.12153247782470628
1221,1,1220,expanding,narrow_three_span_le4,1220,305,0.2502440921443538,0.26513371294993526,0,0.06262210565315182,0.07029588574261866,0.2880075816166131,0.30806671870004826
1221,921,1220,rolling300,narrow_three_span_le4,300,73,0.24469585705937097,0.26513371294993526,0,0.05987606246202011,0.07029588574261866,0.28063477251873004,0.30806671870004826
1221,1,1220,expanding,large_gap_ge15,1220,520,0.42639976790206424,0.4367856099279809,0,0.18181676206693426,0.19078166904015828,0.5558225850630291,0.574094923910703
1221,921,1220,rolling300,large_gap_ge15,300,118,0.3960491006204988,0.4367856099279809,0,0.156854890102306,0.19078166904015828,0.5042623767697741,0.574094923910703
1221,1,1220,expanding,previous_overlap_ge2,1219,233,0.19088471510671728,0.17530810086113546,0,0.036436974461372625,0.030732930227538046,0.2118138691179051,0.19274541798861644
1221,921,1220,rolling300,previous_overlap_ge2,300,53,0.17658175630382095,0.17530810086113546,0,0.03118111665934201,0.030732930227538046,0.19429101335039714,0.19274541798861644
1222,1,1221,expanding,consecutive_ge1,1221,631,0.5169822318486118,0.5287474862063631,0,0.26727062804717183,0.2795739041695482,0.7277018389432762,0.7523612059240392
1222,922,1221,rolling300,consecutive_ge1,300,153,0.5111717178878977,0.5287474862063631,0,0.2612965251684645,0.2795739041695482,0.7157440125037855,0.7523612059240392
1222,1,1221,expanding,consecutive_ge2,1221,153,0.12529922256402146,0.12481676009753151,0,0.015699895175148183,0.015579223601244734,0.13387341975372918,0.1333219975178157
1222,922,1221,rolling300,consecutive_ge2,300,32,0.10780104750609572,0.12481676009753151,0,0.011621065843411505,0.015579223601244734,0.11406613035960535,0.1333219975178157
1222,1,1221,expanding,band_ge3,1221,534,0.43759742029622095,0.45291992938050796,0,0.19149150224990744,0.20513646243004433,0.5755373515406915,0.6031601058843978
1222,922,1221,rolling300,band_ge3,300,124,0.4158074955862817,0.45291992938050796,0,0.1728958733857357,0.20513646243004433,0.5375247196248132,0.6031601058843978
1222,1,1221,expanding,band_ge4,1221,71,0.05828010742670257,0.06628066582689385,0,0.0033965709216679917,0.004393126662456374,0.06004740258038732,0.0685793846560867
1222,922,1221,rolling300,band_ge4,300,17,0.057267541614180864,0.06628066582689385,0,0.003279571322531937,0.004393126662456374,0.05897274987350888,0.0685793846560867
1222,1,1221,expanding,odd_imbalance,1221,215,0.17625790166415053,0.18680279826054075,0,0.03106684789904936,0.034895285437968285,0.19389778551995532,0.20678163828224355
1222,922,1221,rolling300,odd_imbalance,300,55,0.1835501748912838,0.18680279826054075,0,0.03369066670262087,0.034895285437968285,0.20278981964326473,0.20678163828224355
1222,1,1221,expanding,low_high_imbalance,1221,239,0.19559714421048416,0.18680279826054075,0,0.038258242823296935,0.034895285437968285,0.21765507087920627,0.20678163828224355
1222,922,1221,rolling300,low_high_imbalance,300,62,0.20542517489128378,0.18680279826054075,0,0.04219950247911453,0.034895285437968285,0.22994811857432104,0.20678163828224355
1222,1,1221,expanding,repeated_end,1221,952,0.7798596303850012,0.790290065389328,1,0.0484617823342283,0.043978256674412325,0.24864133653830175,0.2353552295330889
1222,922,1221,rolling300,repeated_end,300,231,0.7712681290868331,0.790290065389328,1,0.052318268771437665,0.043978256674412325,0.2597191979294578,0.2353552295330889
1222,1,1221,expanding,end_multiplicity_ge3,1221,101,0.08282808153596491,0.08948245930662266,0,0.006860491090928451,0.00800711052356138,0.08646034505666732,0.09374211509792349
1222,922,1221,rolling300,end_multiplicity_ge3,300,27,0.08996765370666392,0.08948245930662266,0,0.008094178713482197,0.00800711052356138,0.0942751347256709,0.09374211509792349
1222,1,1221,expanding,multiple_repeat_end_groups,1221,294,0.24054932320045216,0.22608550458805707,1,0.5767653304912912,0.5989436462087222,1.4248301243910286,1.4868420123767523
1222,922,1221,rolling300,multiple_repeat_end_groups,300,74,0.24538034403675354,0.22608550458805707,1,0.5694508251660884,0.5989436462087222,1.4049458475630552,1.4868420123767523
1222,1,1221,expanding,extreme_sum,1221,154,0.1259377551693,0.11443770825506504,0,0.015860318177082548,0.01309598907067138,0.13460368752074522,0.12153247782470628
1222,922,1221,rolling300,extreme_sum,300,34,0.11340235676594157,0.11443770825506504,0,0.012860094520069894,0.01309598907067138,0.12036401488128311,0.12153247782470628
1222,1,1221,expanding,narrow_three_span_le4,1221,305,0.2500424450112802,0.26513371294993526,0,0.06252122430721908,0.07029588574261866,0.2877386674016184,0.30806671870004826
1222,922,1221,rolling300,narrow_three_span_le4,300,73,0.24469585705937097,0.26513371294993526,0,0.05987606246202011,0.07029588574261866,0.28063477251873004,0.30806671870004826
1222,1,1221,expanding,large_gap_ge15,1221,520,0.42605617421318265,0.4367856099279809,0,0.18152386358517383,0.19078166904015828,0.5552237519345082,0.574094923910703
1222,922,1221,rolling300,large_gap_ge15,300,118,0.3960491006204988,0.4367856099279809,0,0.156854890102306,0.19078166904015828,0.5042623767697741,0.574094923910703
1222,1,1221,expanding,previous_overlap_ge2,1220,233,0.1907307758203409,0.17530810086113546,0,0.036378228845029136,0.030732930227538046,0.21162363090692674,0.19274541798861644
1222,922,1221,rolling300,previous_overlap_ge2,300,53,0.17658175630382095,0.17530810086113546,0,0.03118111665934201,0.030732930227538046,0.19429101335039714,0.19274541798861644
1223,1,1222,expanding,consecutive_ge1,1222,631,0.5165659820645147,0.5287474862063631,1,0.23370844969724716,0.2220789317568219,0.6605522501507672,0.6372443028525948
1223,923,1222,rolling300,consecutive_ge1,300,153,0.5111717178878977,0.5287474862063631,1,0.23895308939266904,0.2220789317568219,0.6710497023947203,0.6372443028525948
1223,1,1222,expanding,consecutive_ge2,1222,153,0.1251983375216994,0.12481676009753151,0,0.015674623718197365,0.015579223601244734,0.13375808977175002,0.1333219975178157
1223,923,1222,rolling300,consecutive_ge2,300,32,0.10780104750609572,0.12481676009753151,0,0.011621065843411505,0.015579223601244734,0.11406613035960535,0.1333219975178157
1223,1,1222,expanding,band_ge3,1222,534,0.43724508742963786,0.45291992938050796,1,0.31669309162207593,0.2992966036690284,0.8272614002988837,0.7920399254567645
1223,923,1222,rolling300,band_ge3,300,124,0.4158074955862817,0.45291992938050796,1,0.34128088221317227,0.2992966036690284,0.8775328768176728,0.7920399254567645
1223,1,1222,expanding,band_ge4,1222,71,0.058233183024587666,0.06628066582689385,0,0.003391103605175125,0.004393126662456374,0.05999757541475174,0.0685793846560867
1223,923,1222,rolling300,band_ge4,300,17,0.057267541614180864,0.06628066582689385,0,0.003279571322531937,0.004393126662456374,0.05897274987350888,0.0685793846560867
1223,1,1222,expanding,odd_imbalance,1222,215,0.17611598708954174,0.18680279826054075,0,0.03101684090852363,0.034895285437968285,0.19372552001142623,0.20678163828224355
1223,923,1222,rolling300,odd_imbalance,300,55,0.1835501748912838,0.18680279826054075,0,0.03369066670262087,0.034895285437968285,0.20278981964326473,0.20678163828224355
1223,1,1222,expanding,low_high_imbalance,1222,239,0.19543965858712628,0.18680279826054075,0,0.038196660148652486,0.034895285437968285,0.2174593104986897,0.20678163828224355
1223,923,1222,rolling300,low_high_imbalance,300,62,0.20542517489128378,0.18680279826054075,0,0.04219950247911453,0.034895285437968285,0.22994811857432104,0.20678163828224355
1223,1,1222,expanding,repeated_end,1222,953,0.7800368770594094,0.790290065389328,0,0.6084575295725961,0.6245583874530684,1.5142953696773955,1.5620299668475026
1223,923,1222,rolling300,repeated_end,300,231,0.7712681290868331,0.790290065389328,0,0.5948545269451038,0.6245583874530684,1.475204830805793,1.5620299668475026
1223,1,1222,expanding,end_multiplicity_ge3,1222,101,0.0827613922593659,0.08948245930662266,0,0.006849448048708631,0.00800711052356138,0.08638763583953665,0.09374211509792349
1223,923,1222,rolling300,end_multiplicity_ge3,300,27,0.08996765370666392,0.08948245930662266,0,0.008094178713482197,0.00800711052356138,0.0942751347256709,0.09374211509792349
1223,1,1222,expanding,multiple_repeat_end_groups,1222,295,0.241160797175331,0.22608550458805707,0,0.05815853009424114,0.05111465538483637,0.27596537801667614,0.25629388253878654
1223,923,1222,rolling300,multiple_repeat_end_groups,300,74,0.24538034403675354,0.22608550458805707,0,0.06021151323959553,0.05111465538483637,0.28154142360240436,0.25629388253878654
1223,1,1222,expanding,extreme_sum,1222,154,0.12583635601054854,0.11443770825506504,0,0.015834788494013517,0.01309598907067138,0.1344876851671437,0.12153247782470628
1223,923,1222,rolling300,extreme_sum,300,34,0.11340235676594157,0.11443770825506504,0,0.012860094520069894,0.01309598907067138,0.12036401488128311,0.12153247782470628
1223,1,1222,expanding,narrow_three_span_le4,1222,305,0.2498411225917864,0.26513371294993526,1,0.5627383413543513,0.5400284598427482,1.3869300727745875,1.3275210030826026
1223,923,1222,rolling300,narrow_three_span_le4,300,73,0.24469585705937097,0.26513371294993526,1,0.5704843483432782,0.5400284598427482,1.4077392393700492,1.3275210030826026
1223,1,1222,expanding,large_gap_ge15,1222,520,0.42571313381526543,0.4367856099279809,0,0.1812316723028141,0.19078166904015828,0.5546262406320813,0.574094923910703
1223,923,1222,rolling300,large_gap_ge15,300,117,0.39292410062049876,0.4367856099279809,0,0.15438934884842784,0.19078166904015828,0.4991014555755855,0.574094923910703
1223,1,1222,expanding,previous_overlap_ge2,1221,233,0.19057708462306425,0.17530810086113546,0,0.03631962518342659,0.030732930227538046,0.21143373538080074,0.19274541798861644
1223,923,1222,rolling300,previous_overlap_ge2,300,53,0.17658175630382095,0.17530810086113546,0,0.03118111665934201,0.030732930227538046,0.19429101335039714,0.19274541798861644
1224,1,1223,expanding,consecutive_ge1,1223,632,0.5169549072599575,0.5287474862063631,1,0.23333256162023625,0.2220789317568219,0.6597996282776755,0.6372443028525948
1224,924,1223,rolling300,consecutive_ge1,300,153,0.5111717178878977,0.5287474862063631,1,0.23895308939266904,0.2220789317568219,0.6710497023947203,0.6372443028525948
1224,1,1223,expanding,consecutive_ge2,1223,153,0.12509761480446552,0.12481676009753151,0,0.01564941322976643,0.015579223601244734,0.13364295862430942,0.1333219975178157
1224,924,1223,rolling300,consecutive_ge2,300,32,0.10780104750609572,0.12481676009753151,0,0.011621065843411505,0.015579223601244734,0.11406613035960535,0.1333219975178157
1224,1,1223,expanding,band_ge3,1223,535,0.43769782669960594,0.45291992938050796,0,0.19157938749755826,0.20513646243004433,0.575715898672076,0.6031601058843978
1224,924,1223,rolling300,band_ge3,300,125,0.41893249558628176,0.45291992938050796,0,0.17550443585814998,0.20513646243004433,0.5428883422808836,0.6031601058843978
1224,1,1223,expanding,band_ge4,1223,71,0.058186334124326534,0.06628066582689385,0,0.0033856494788277666,0.004393126662456374,0.0599478308981809,0.0685793846560867
1224,924,1223,rolling300,band_ge4,300,17,0.057267541614180864,0.06628066582689385,0,0.003279571322531937,0.004393126662456374,0.05897274987350888,0.0685793846560867
1224,1,1223,expanding,odd_imbalance,1223,215,0.1759743008569677,0.18680279826054075,0,0.03096695456209858,0.034895285437968285,0.19355356127863058,0.20678163828224355
1224,924,1223,rolling300,odd_imbalance,300,55,0.1835501748912838,0.18680279826054075,0,0.03369066670262087,0.034895285437968285,0.20278981964326473,0.20678163828224355
1224,1,1223,expanding,low_high_imbalance,1223,239,0.19528242635978343,0.18680279826054075,0,0.03813522604496424,0.034895285437968285,0.2172639033208835,0.20678163828224355
1224,924,1223,rolling300,low_high_imbalance,300,62,0.20542517489128378,0.18680279826054075,0,0.04219950247911453,0.034895285437968285,0.22994811857432104,0.20678163828224355
1224,1,1223,expanding,repeated_end,1223,953,0.7794093333127807,0.790290065389328,0,0.6074789088550733,0.6245583874530684,1.511446481819248,1.5620299668475026
1224,924,1223,rolling300,repeated_end,300,230,0.768143129086833,0.790290065389328,0,0.590043866763311,0.6245583874530684,1.4616350334180825,1.5620299668475026
1224,1,1223,expanding,end_multiplicity_ge3,1223,101,0.08269481028651042,0.08948245930662266,0,0.00683843164832195,0.00800711052356138,0.08631504888579129,0.09374211509792349
1224,924,1223,rolling300,end_multiplicity_ge3,300,27,0.08996765370666392,0.08948245930662266,0,0.008094178713482197,0.00800711052356138,0.0942751347256709,0.09374211509792349
1224,1,1223,expanding,multiple_repeat_end_groups,1223,295,0.24096678205290517,0.22608550458805707,0,0.0580649900529323,0.05111465538483637,0.27570973713299257,0.25629388253878654
1224,924,1223,rolling300,multiple_repeat_end_groups,300,74,0.24538034403675354,0.22608550458805707,0,0.06021151323959553,0.05111465538483637,0.28154142360240436,0.25629388253878654
1224,1,1223,expanding,extreme_sum,1223,154,0.12573512000410403,0.11443770825506504,0,0.015809320402446442,0.01309598907067138,0.13437188288507285,0.12153247782470628
1224,924,1223,rolling300,extreme_sum,300,34,0.11340235676594157,0.11443770825506504,0,0.012860094520069894,0.01309598907067138,0.12036401488128311,0.12153247782470628
1224,1,1223,expanding,narrow_three_span_le4,1223,306,0.2504446293314551,0.26513371294993526,0,0.06272251236096994,0.07029588574261866,0.2882750873589756,0.30806671870004826
1224,924,1223,rolling300,narrow_three_span_le4,300,74,0.24782085705937096,0.26513371294993526,0,0.061415177193641174,0.07029588574261866,0.28478076140713393,0.30806671870004826
1224,1,1223,expanding,large_gap_ge15,1223,520,0.4253706453729362,0.4367856099279809,1,0.3301988951991158,0.3172104491841965,0.8547943833620157,0.8283127993981904
1224,924,1223,rolling300,large_gap_ge15,300,117,0.39292410062049876,0.4367856099279809,1,0.3685411476074303,0.3172104491841965,0.9341388139566417,0.8283127993981904
1224,1,1223,expanding,previous_overlap_ge2,1222,233,0.19042364091563826,0.17530810086113546,0,0.036261163019567944,0.030732930227538046,0.21124418161100492,0.19274541798861644
1224,924,1223,rolling300,previous_overlap_ge2,300,53,0.17658175630382095,0.17530810086113546,0,0.03118111665934201,0.030732930227538046,0.19429101335039714,0.19274541798861644
1225,1,1224,expanding,consecutive_ge1,1224,633,0.5173432071737357,0.5287474862063631,1,0.2329575796613354,0.2220789317568219,0.6590487810575131,0.6372443028525948
1225,925,1224,rolling300,consecutive_ge1,300,153,0.5111717178878977,0.5287474862063631,1,0.23895308939266904,0.2220789317568219,0.6710497023947203,0.6372443028525948
1225,1,1224,expanding,consecutive_ge2,1224,153,0.12499705402086064,0.12481676009753151,1,0.7656301554721726,0.7659457034061817,2.0794651097906764,2.0809085364103663
1225,925,1224,rolling300,consecutive_ge2,300,31,0.10467604750609572,0.12481676009753151,1,0.801604979909307,0.7659457034061817,2.256884959903733,2.0809085364103663
1225,1,1224,expanding,band_ge3,1224,535,0.4373459795720339,0.45291992938050796,0,0.1912715058478219,0.20513646243004433,0.5750903682896374,0.6031601058843978
1225,925,1224,rolling300,band_ge3,300,124,0.4158074955862817,0.45291992938050796,0,0.1728958733857357,0.20513646243004433,0.5375247196248132,0.6031601058843978
1225,1,1224,expanding,band_ge4,1224,71,0.05813956054384074,0.06628066582689385,0,0.0033802085002309235,0.004393126662456374,0.05989816882514715,0.0685793846560867
1225,925,1224,rolling300,band_ge4,300,17,0.057267541614180864,0.06628066582689385,0,0.003279571322531937,0.004393126662456374,0.05897274987350888,0.0685793846560867
1225,1,1224,expanding,odd_imbalance,1224,215,0.17583284241576433,0.18680279826054075,0,0.03091718847200701,0.034895285437968285,0.19338190850028825,0.20678163828224355
1225,925,1224,rolling300,odd_imbalance,300,55,0.1835501748912838,0.18680279826054075,0,0.03369066670262087,0.034895285437968285,0.20278981964326473,0.20678163828224355
1225,1,1224,expanding,low_high_imbalance,1224,239,0.19512544691737205,0.18680279826054075,0,0.03807394003470418,0.034895285437968285,0.21706884838702423,0.20678163828224355
1225,925,1224,rolling300,low_high_imbalance,300,62,0.20542517489128378,0.18680279826054075,0,0.04219950247911453,0.034895285437968285,0.22994811857432104,0.20678163828224355
1225,1,1224,expanding,repeated_end,1224,953,0.7787827984789281,0.790290065389328,1,0.048937050248814555,0.043978256674412325,0.2500230929404889,0.2353552295330889
1225,925,1224,rolling300,repeated_end,300,229,0.765018129086833,0.790290065389328,1,0.05521647965785229,0.043978256674412325,0.26785574728367517,0.2353552295330889
1225,1,1224,expanding,end_multiplicity_ge3,1224,101,0.08262833535862737,0.08948245930662266,0,0.006827441804137791,0.00800711052356138,0.08624258388711391,0.09374211509792349
1225,925,1224,rolling300,end_multiplicity_ge3,300,27,0.08996765370666392,0.08948245930662266,0,0.008094178713482197,0.00800711052356138,0.0942751347256709,0.09374211509792349
1225,1,1224,expanding,multiple_repeat_end_groups,1224,295,0.240773078851898,0.22608550458805707,0,0.05797167549982229,0.05111465538483637,0.27545457242561444,0.25629388253878654
1225,925,1224,rolling300,multiple_repeat_end_groups,300,73,0.24225534403675356,0.22608550458805707,0,0.058687651714365824,0.05111465538483637,0.2774088155755317,0.25629388253878654
1225,1,1224,expanding,extreme_sum,1224,154,0.1256340467565123,0.11443770825506504,0,0.015783913704417517,0.01309598907067138,0.13425628015660315,0.12153247782470628
1225,925,1224,rolling300,extreme_sum,300,34,0.11340235676594157,0.11443770825506504,0,0.012860094520069894,0.01309598907067138,0.12036401488128311,0.12153247782470628
1225,1,1224,expanding,narrow_three_span_le4,1224,306,0.2502433072821533,0.26513371294993526,0,0.06262171283951021,0.07029588574261866,0.28800653479353167,0.30806671870004826
1225,925,1224,rolling300,narrow_three_span_le4,300,73,0.24469585705937097,0.26513371294993526,0,0.05987606246202011,0.07029588574261866,0.28063477251873004,0.30806671870004826
1225,1,1224,expanding,large_gap_ge15,1224,521,0.4258325660760126,0.4367856099279809,1,0.32966824217885643,0.3172104491841965,0.8537090473524545,0.8283127993981904
1225,925,1224,rolling300,large_gap_ge15,300,117,0.39292410062049876,0.4367856099279809,1,0.3685411476074303,0.3172104491841965,0.9341388139566417,0.8283127993981904
1225,1,1224,expanding,previous_overlap_ge2,1223,233,0.19027044410074234,0.17530810086113546,0,0.03620284189829372,0.030732930227538046,0.21105496867238052,0.19274541798861644
1225,925,1224,rolling300,previous_overlap_ge2,300,53,0.17658175630382095,0.17530810086113546,0,0.03118111665934201,0.030732930227538046,0.19429101335039714,0.19274541798861644
1226,1,1225,expanding,consecutive_ge1,1225,634,0.517730883312552,0.5287474862063631,0,0.2680452675355954,0.2795739041695482,0.729252987365175,0.7523612059240392
1226,926,1225,rolling300,consecutive_ge1,300,154,0.5142967178878977,0.5287474862063631,0,0.2645011140302638,0.2795739041695482,0.7221573721648975,0.7523612059240392
1226,1,1225,expanding,consecutive_ge2,1225,154,0.12569986763208887,0.12481676009753151,0,0.015800456722724666,0.015579223601244734,0.13433156139657149,0.1333219975178157
1226,926,1225,rolling300,consecutive_ge2,300,32,0.10780104750609572,0.12481676009753151,0,0.011621065843411505,0.015579223601244734,0.11406613035960535,0.1333219975178157
1226,1,1225,expanding,band_ge3,1225,535,0.43699469766073107,0.45291992938050796,0,0.19096436578359374,0.20513646243004433,0.5744662328774371,0.6031601058843978
1226,926,1225,rolling300,band_ge3,300,123,0.41268249558628173,0.45291992938050796,0,0.17030684216332143,0.20513646243004433,0.5321897120047192,0.6031601058843978
1226,1,1225,expanding,band_ge4,1225,71,0.058092862101636854,0.06628066582689385,0,0.0033747806271597954,0.004393126662456374,0.05984858899080369,0.0685793846560867
1226,926,1225,rolling300,band_ge4,300,17,0.057267541614180864,0.06628066582689385,0,0.003279571322531937,0.004393126662456374,0.05897274987350888,0.0685793846560867
1226,1,1225,expanding,odd_imbalance,1225,215,0.1756916112170368,0.18680279826054075,0,0.030867542252038412,0.034895285437968285,0.1932105608580568,0.20678163828224355
1226,926,1225,rolling300,odd_imbalance,300,55,0.1835501748912838,0.18680279826054075,0,0.03369066670262087,0.034895285437968285,0.20278981964326473,0.20678163828224355
1226,1,1225,expanding,low_high_imbalance,1225,239,0.19496871965077175,0.18680279826054075,0,0.03801280164226123,0.034895285437968285,0.21687414474182873,0.20678163828224355
1226,926,1225,rolling300,low_high_imbalance,300,61,0.20230017489128377,0.18680279826054075,0,0.040925360761044,0.034895285437968285,0.2260229113095098,0.20678163828224355
1226,1,1225,expanding,repeated_end,1225,954,0.7789604829781418,0.790290065389328,1,0.04885846808525634,0.043978256674412325,0.24979496228237666,0.2353552295330889
1226,926,1225,rolling300,repeated_end,300,229,0.765018129086833,0.790290065389328,1,0.05521647965785229,0.043978256674412325,0.26785574728367517,0.2353552295330889
1226,1,1225,expanding,end_multiplicity_ge3,1225,101,0.08256196721777707,0.08948245930662266,0,0.006816478430869296,0.00800711052356138,0.0861702405362232,0.09374211509792349
1226,926,1225,rolling300,end_multiplicity_ge3,300,27,0.08996765370666392,0.08948245930662266,0,0.008094178713482197,0.00800711052356138,0.0942751347256709,0.09374211509792349
1226,1,1225,expanding,multiple_repeat_end_groups,1225,295,0.24057968682069167,0.22608550458805707,0,0.057878585710742086,0.05111465538483637,0.27519988255705197,0.25629388253878654
1226,926,1225,rolling300,multiple_repeat_end_groups,300,72,0.23913034403675354,0.22608550458805707,0,0.05718332143913611,0.05111465538483637,0.27329321573370746,0.25629388253878654
1226,1,1225,expanding,extreme_sum,1225,154,0.12553313587558337,0.11443770825506504,0,0.015758568202757676,0.01309598907067138,0.13414087646559425,0.12153247782470628
1226,926,1225,rolling300,extreme_sum,300,34,0.11340235676594157,0.11443770825506504,0,0.012860094520069894,0.01309598907067138,0.12036401488128311,0.12153247782470628
1226,1,1225,expanding,narrow_three_span_le4,1225,306,0.250042308641766,0.26513371294993526,0,0.06252115611090418,0.07029588574261866,0.2877384855653254,0.30806671870004826
1226,926,1225,rolling300,narrow_three_span_le4,300,73,0.24469585705937097,0.26513371294993526,0,0.05987606246202011,0.07029588574261866,0.28063477251873004,0.30806671870004826
1226,1,1225,expanding,large_gap_ge15,1225,522,0.4262937447377989,0.4367856099279809,0,0.18172635680257565,0.19078166904015828,0.5556377640657887,0.574094923910703
1226,926,1225,rolling300,large_gap_ge15,300,118,0.3960491006204988,0.4367856099279809,0,0.156854890102306,0.19078166904015828,0.5042623767697741,0.574094923910703
1226,1,1225,expanding,previous_overlap_ge2,1224,233,0.19011749358297647,0.17530810086113546,0,0.0361446613662731,0.030732930227538046,0.21086609564311717,0.19274541798861644
1226,926,1225,rolling300,previous_overlap_ge2,300,52,0.17345675630382096,0.17530810086113546,0,0.03008724630744313,0.030732930227538046,0.19050304161829765,0.19274541798861644
1227,1,1226,expanding,consecutive_ge1,1226,634,0.5173153689599737,0.5287474862063631,0,0.26761519096219366,0.2795739041695482,0.7283917763916157,0.7523612059240392
1227,927,1226,rolling300,consecutive_ge1,300,154,0.5142967178878977,0.5287474862063631,0,0.2645011140302638,0.2795739041695482,0.7221573721648975,0.7523612059240392
1227,1,1226,expanding,consecutive_ge2,1226,154,0.12559898491328303,0.12481676009753151,0,0.015775105011247098,0.015579223601244734,0.1342161812253346,0.1333219975178157
1227,927,1226,rolling300,consecutive_ge2,300,32,0.10780104750609572,0.12481676009753151,0,0.011621065843411505,0.015579223601244734,0.11406613035960535,0.1333219975178157
1227,1,1226,expanding,band_ge3,1226,535,0.4366439796048236,0.45291992938050796,0,0.1906579649251376,0.20513646243004433,0.573843487653213,0.6031601058843978
1227,927,1226,rolling300,band_ge3,300,122,0.40955749558628174,0.45291992938050796,0,0.1677373421909072,0.20513646243004433,0.526883015716554,0.6031601058843978
1227,1,1226,expanding,band_ge4,1226,71,0.05804623861680408,0.06628066582689385,0,0.003369365817558957,0.004393126662456374,0.05979909119098201,0.0685793846560867
1227,927,1226,rolling300,band_ge4,300,17,0.057267541614180864,0.06628066582689385,0,0.003279571322531937,0.004393126662456374,0.05897274987350888,0.0685793846560867
1227,1,1226,expanding,odd_imbalance,1226,215,0.17555060671365236,0.18680279826054075,0,0.030818015517531445,0.034895285437968285,0.19303951753651893,0.20678163828224355
1227,927,1226,rolling300,odd_imbalance,300,55,0.1835501748912838,0.18680279826054075,0,0.03369066670262087,0.034895285437968285,0.20278981964326473,0.20678163828224355
1227,1,1226,expanding,low_high_imbalance,1226,239,0.19481224395281768,0.18680279826054075,0,0.037951810393932146,0.034895285437968285,0.21667979143347785,0.20678163828224355
1227,927,1226,rolling300,low_high_imbalance,300,61,0.20230017489128377,0.18680279826054075,0,0.040925360761044,0.034895285437968285,0.2260229113095098,0.20678163828224355
1227,1,1226,expanding,repeated_end,1226,955,0.7791378822694915,0.790290065389328,1,0.04878007504840498,0.043978256674412325,0.24956724971162622,0.2353552295330889
1227,927,1226,rolling300,repeated_end,300,229,0.765018129086833,0.790290065389328,1,0.05521647965785229,0.043978256674412325,0.26785574728367517,0.2353552295330889
1227,1,1226,expanding,end_multiplicity_ge3,1226,101,0.08249570560684788,0.08948245930662266,1,0.8418141302298761,0.829042191910316,2.495009040246648,2.41371265830984
1227,927,1226,rolling300,end_multiplicity_ge3,300,27,0.08996765370666392,0.08948245930662266,1,0.8281588713001543,0.829042191910316,2.408305076511992,2.41371265830984
1227,1,1226,expanding,multiple_repeat_end_groups,1226,295,0.24038660521008115,0.22608550458805707,1,0.5770125095442651,0.5989436462087222,1.425506796633494,1.4868420123767523
1227,927,1226,rolling300,multiple_repeat_end_groups,300,72,0.23913034403675354,0.22608550458805707,1,0.578922633365629,0.5989436462087222,1.4307465031734634,1.4868420123767523
1227,1,1226,expanding,extreme_sum,1226,154,0.12543238697038628,0.11443770825506504,0,0.01573328370108873,0.01309598907067138,0.13402567129768647,0.12153247782470628
1227,927,1226,rolling300,extreme_sum,300,34,0.11340235676594157,0.11443770825506504,0,0.012860094520069894,0.01309598907067138,0.12036401488128311,0.12153247782470628
1227,1,1226,expanding,narrow_three_span_le4,1226,306,0.24984163263162015,0.26513371294993526,0,0.06242084139603345,0.07029588574261866,0.28747093825100195,0.30806671870004826
1227,927,1226,rolling300,narrow_three_span_le4,300,72,0.24157085705937095,0.26513371294993526,0,0.058356478980399036,0.07029588574261866,0.2765059019064261,0.30806671870004826
1227,1,1226,expanding,large_gap_ge15,1226,522,0.4259516149266129,0.4367856099279809,1,0.3295315484053637,0.3172104491841965,0.8534295191479383,0.8283127993981904
1227,927,1226,rolling300,large_gap_ge15,300,118,0.3960491006204988,0.4367856099279809,1,0.36475668886130835,0.3172104491841965,0.9262170839480569,0.8283127993981904
1227,1,1226,expanding,previous_overlap_ge2,1225,233,0.1899647887688536,0.17530810086113546,0,0.036086620971995165,0.030732930227538046,0.21067756160473786,0.19274541798861644
1227,927,1226,rolling300,previous_overlap_ge2,300,52,0.17345675630382096,0.17530810086113546,0,0.03008724630744313,0.030732930227538046,0.19050304161829765,0.19274541798861644
1228,1,1227,expanding,consecutive_ge1,1227,634,0.5169005210297732,0.5287474862063631,1,0.23338510658130457,0.2220789317568219,0.6599048387911501,0.6372443028525948
1228,928,1227,rolling300,consecutive_ge1,300,154,0.5142967178878977,0.5287474862063631,1,0.23590767825446848,0.2220789317568219,0.6649549079290035,0.6372443028525948
1228,1,1227,expanding,consecutive_ge2,1227,154,0.12549826399514888,0.12481676009753151,1,0.7647532862754983,0.7659457034061817,2.0754633532139484,2.0809085364103663
1228,928,1227,rolling300,consecutive_ge2,300,32,0.10780104750609572,0.12481676009753151,1,0.79601897083122,0.7659457034061817,2.227467903429259,2.0809085364103663
1228,1,1227,expanding,band_ge3,1227,535,0.4362938240478029,0.45291992938050796,1,0.3177646528066494,0.2992966036690284,0.829439354240858,0.7920399254567645
1228,928,1227,rolling300,band_ge3,300,122,0.40955749558628174,0.45291992938050796,1,0.3486223510183437,0.2992966036690284,0.8926779811826785,0.7920399254567645
1228,1,1227,expanding,band_ge4,1227,71,0.057999689909011935,0.06628066582689385,0,0.0033639640295415408,0.004393126662456374,0.05974967522218905,0.0685793846560867
1228,928,1227,rolling300,band_ge4,300,17,0.057267541614180864,0.06628066582689385,0,0.003279571322531937,0.004393126662456374,0.05897274987350888,0.0685793846560867
1228,1,1227,expanding,odd_imbalance,1227,215,0.17540982836023322,0.18680279826054075,0,0.030768607885366478,0.034895285437968285,0.192868777723169,0.20678163828224355
1228,928,1227,rolling300,odd_imbalance,300,55,0.1835501748912838,0.18680279826054075,0,0.03369066670262087,0.034895285437968285,0.20278981964326473,0.20678163828224355
1228,1,1227,expanding,low_high_imbalance,1227,239,0.19465601921829256,0.18680279826054075,1,0.6485789273813272,0.6612896889168869,1.6365212821143316,1.677701773318112
1228,928,1227,rolling300,low_high_imbalance,300,61,0.20230017489128377,0.18680279826054075,1,0.6363250109784764,0.6612896889168869,1.5980026702943089,1.677701773318112
1228,1,1227,expanding,repeated_end,1227,956,0.7793149970391231,0.790290065389328,1,0.048701870531842245,0.043978256674412325,0.24933995407408002,0.2353552295330889
1228,928,1227,rolling300,repeated_end,300,230,0.768143129086833,0.790290065389328,1,0.05375760858964498,0.043978256674412325,0.26377919719996973,0.2353552295330889
1228,1,1227,expanding,end_multiplicity_ge3,1227,102,0.08323147488863869,0.08948245930662266,0,0.006927478412138093,0.00800711052356138,0.08690026485950789,0.09374211509792349
1228,928,1227,rolling300,end_multiplicity_ge3,300,28,0.09309265370666392,0.08948245930662266,0,0.008666242174148847,0.00800711052356138,0.09771498811668185,0.09374211509792349
1228,1,1227,expanding,multiple_repeat_end_groups,1227,296,0.24099575789235053,0.22608550458805707,0,0.05807895532210843,0.05111465538483637,0.2757479125274889,0.25629388253878654
1228,928,1227,rolling300,multiple_repeat_end_groups,300,73,0.24225534403675356,0.22608550458805707,0,0.058687651714365824,0.05111465538483637,0.2774088155755317,0.25629388253878654
1228,1,1227,expanding,extreme_sum,1227,154,0.12533179965124402,0.11443770825506504,1,0.7650444607013316,0.7842205725605412,2.0767906611604032,2.167724636734186
1228,928,1227,rolling300,extreme_sum,300,34,0.11340235676594157,0.11443770825506504,1,0.7860553809881867,0.7842205725605412,2.176813105136,2.167724636734186
1228,1,1227,expanding,narrow_three_span_le4,1227,306,0.24964127847554027,0.26513371294993526,1,0.5630382109678217,0.5400284598427482,1.3877302776526088,1.3275210030826026
1228,928,1227,rolling300,narrow_three_span_le4,300,72,0.24157085705937095,0.26513371294993526,1,0.5752147648616571,0.5400284598427482,1.4205924449514873,1.3275210030826026
1228,1,1227,expanding,large_gap_ge15,1227,523,0.4264119584591497,0.4367856099279809,0,0.1818271583169676,0.19078166904015828,0.5558438379948556,0.574094923910703
1228,928,1227,rolling300,large_gap_ge15,300,118,0.3960491006204988,0.4367856099279809,0,0.156854890102306,0.19078166904015828,0.5042623767697741,0.574094923910703
1228,1,1227,expanding,previous_overlap_ge2,1226,233,0.1898123290667919,0.17530810086113546,0,0.036028720265760095,0.030732930227538046,0.21048936564208365,0.19274541798861644
1228,928,1227,rolling300,previous_overlap_ge2,300,52,0.17345675630382096,0.17530810086113546,0,0.03008724630744313,0.030732930227538046,0.19050304161829765,0.19274541798861644
1229,1,1228,expanding,consecutive_ge1,1228,635,0.5172876199712558,0.5287474862063631,1,0.23301124183301472,0.2220789317568219,0.6591562342689871,0.6372443028525948
1229,929,1228,rolling300,consecutive_ge1,300,154,0.5142967178878977,0.5287474862063631,1,0.23590767825446848,0.2220789317568219,0.6649549079290035,0.6372443028525948
1229,1,1228,expanding,consecutive_ge2,1228,155,0.12619898654002457,0.12481676009753151,0,0.0159261842037293,0.015579223601244734,0.13490260263487744,0.1333219975178157
1229,929,1228,rolling300,consecutive_ge2,300,33,0.11092604750609572,0.12481676009753151,0,0.012304588015324604,0.015579223601244734,0.11757486077063632,0.1333219975178157
1229,1,1228,expanding,band_ge3,1228,536,0.4367455116887902,0.45291992938050796,0,0.1907466419803032,0.20513646243004433,0.5740237311063973,0.6031601058843978
1229,929,1228,rolling300,band_ge3,300,122,0.40955749558628174,0.45291992938050796,0,0.1677373421909072,0.20513646243004433,0.526883015716554,0.6031601058843978
1229,1,1228,expanding,band_ge4,1228,71,0.05795321579850792,0.06628066582689385,0,0.0033585752213884284,0.004393126662456374,0.059700340881604586,0.0685793846560867
1229,929,1228,rolling300,band_ge4,300,17,0.057267541614180864,0.06628066582689385,0,0.003279571322531937,0.004393126662456374,0.05897274987350888,0.0685793846560867
1229,1,1228,expanding,odd_imbalance,1228,215,0.1752692756131497,0.18680279826054075,0,0.030719318973958232,0.034895285437968285,0.19269834060839974,0.20678163828224355
1229,929,1228,rolling300,odd_imbalance,300,54,0.1804251748912838,0.18680279826054075,0,0.03255324373455034,0.034895285437968285,0.19896957915952088,0.20678163828224355
1229,1,1228,expanding,low_high_imbalance,1228,240,0.195301326895201,0.18680279826054075,0,0.03814260828702616,0.034895285437968285,0.21728739076293788,0.20678163828224355
1229,929,1228,rolling300,low_high_imbalance,300,62,0.20542517489128378,0.18680279826054075,0,0.04219950247911453,0.034895285437968285,0.22994811857432104,0.20678163828224355
1229,1,1228,expanding,repeated_end,1228,957,0.7794918279709828,0.790290065389328,1,0.048623853931578635,0.043978256674412325,0.24911307421984652,0.2353552295330889
1229,929,1228,rolling300,repeated_end,300,230,0.768143129086833,0.790290065389328,1,0.05375760858964498,0.043978256674412325,0.26377919719996973,0.2353552295330889
1229,1,1228,expanding,end_multiplicity_ge3,1228,102,0.0831647830017087,0.08948245930662266,0,0.006916381131721295,0.00800711052356138,0.08682752080316923,0.09374211509792349
1229,929,1228,rolling300,end_multiplicity_ge3,300,28,0.09309265370666392,0.08948245930662266,0,0.008666242174148847,0.00800711052356138,0.09771498811668185,0.09374211509792349
1229,1,1228,expanding,multiple_repeat_end_groups,1228,296,0.24080265231711628,0.22608550458805707,0,0.05798591736295799,0.05111465538483637,0.27549352526090437,0.25629388253878654
1229,929,1228,rolling300,multiple_repeat_end_groups,300,72,0.23913034403675354,0.22608550458805707,0,0.05718332143913611,0.05111465538483637,0.27329321573370746,0.25629388253878654
1229,1,1228,expanding,extreme_sum,1228,155,0.12603265558101065,0.11443770825506504,0,0.015884230272801655,0.01309598907067138,0.1347122673896302,0.12153247782470628
1229,929,1228,rolling300,extreme_sum,300,35,0.11652735676594157,0.11443770825506504,0,0.01357862487485703,0.01309598907067138,0.123894951783211,0.12153247782470628
1229,1,1228,expanding,narrow_three_span_le4,1228,307,0.25024252745112074,0.26513371294993526,0,0.06262132254512492,0.07029588574261866,0.2880054946819401,0.30806671870004826
1229,929,1228,rolling300,narrow_three_span_le4,300,73,0.24469585705937097,0.26513371294993526,0,0.05987606246202011,0.07029588574261866,0.28063477251873004,0.30806671870004826
1229,1,1228,expanding,large_gap_ge15,1228,523,0.42607028221038434,0.4367856099279809,1,0.32939532096206786,0.3172104491841965,0.8531509646062357,0.8283127993981904
1229,929,1228,rolling300,large_gap_ge15,300,117,0.39292410062049876,0.4367856099279809,1,0.3685411476074303,0.3172104491841965,0.9341388139566417,0.8283127993981904
1229,1,1228,expanding,previous_overlap_ge2,1227,233,0.18966011388710724,0.17530810086113546,0,0.03597095879967049,0.030732930227538046,0.21030150684329865,0.19274541798861644
1229,929,1228,rolling300,previous_overlap_ge2,300,52,0.17345675630382096,0.17530810086113546,0,0.03008724630744313,0.030732930227538046,0.19050304161829765,0.19274541798861644
1230,1,1229,expanding,consecutive_ge1,1229,636,0.5176740990585487,0.5287474862063631,1,0.2326382747189827,0.2220789317568219,0.6584093871186996,0.6372443028525948
1230,930,1229,rolling300,consecutive_ge1,300,155,0.5174217178878977,0.5287474862063631,1,0.2328817983662678,0.2220789317568219,0.6588970350668805,0.6372443028525948
1230,1,1229,expanding,consecutive_ge2,1229,155,0.12609794651877554,0.12481676009753151,0,0.015900692116251974,0.015579223601244734,0.1347869765616927,0.1333219975178157
1230,930,1229,rolling300,consecutive_ge2,300,33,0.11092604750609572,0.12481676009753151,0,0.012304588015324604,0.015579223601244734,0.11757486077063632,0.1333219975178157
1230,1,1229,expanding,band_ge3,1229,536,0.43639583553851896,0.45291992938050796,1,0.31764965419832425,0.2992966036690284,0.8292055678310842,0.7920399254567645
1230,930,1229,rolling300,band_ge3,300,121,0.40643249558628175,0.45291992938050796,1,0.3523223822959295,0.2992966036690284,0.9003374263025505,0.7920399254567645
1230,1,1229,expanding,band_ge4,1229,71,0.0579068161061152,0.06628066582689385,0,0.003353199351547443,0.004393126662456374,0.05965108796707827,0.0685793846560867
1230,930,1229,rolling300,band_ge4,300,17,0.057267541614180864,0.06628066582689385,0,0.003279571322531937,0.004393126662456374,0.05897274987350888,0.0685793846560867
1230,1,1229,expanding,odd_imbalance,1229,215,0.17512894793051306,0.18680279826054075,0,0.030670148403248356,0.034895285437968285,0.19252820538548956,0.20678163828224355
1230,930,1229,rolling300,odd_imbalance,300,53,0.1773001748912838,0.18680279826054075,0,0.031435352016479824,0.034895285437968285,0.19516387738936303,0.20678163828224355
1230,1,1229,expanding,low_high_imbalance,1229,240,0.19514496074076126,0.18680279826054075,0,0.03808155570251325,0.034895285437968285,0.21709309323346684,0.20678163828224355
1230,930,1229,rolling300,low_high_imbalance,300,61,0.20230017489128377,0.18680279826054075,0,0.040925360761044,0.034895285437968285,0.2260229113095098,0.20678163828224355
1230,1,1229,expanding,repeated_end,1229,958,0.7796683757468267,0.790290065389328,1,0.048546024646041554,0.043978256674412325,0.24888660900328002,0.2353552295330889
1230,930,1229,rolling300,repeated_end,300,230,0.768143129086833,0.790290065389328,1,0.05375760858964498,0.043978256674412325,0.26377919719996973,0.2353552295330889
1230,1,1229,expanding,end_multiplicity_ge3,1229,102,0.08309819790723175,0.08948245930662266,0,0.006905310495429455,0.00800711052356138,0.0867548985091183,0.09374211509792349
1230,930,1229,rolling300,end_multiplicity_ge3,300,28,0.09309265370666392,0.08948245930662266,0,0.008666242174148847,0.00800711052356138,0.09771498811668185,0.09374211509792349
1230,1,1229,expanding,multiple_repeat_end_groups,1229,296,0.24060985595817544,0.22608550458805707,1,0.5766733908678631,0.5989436462087222,1.4245785121983714,1.4868420123767523
1230,930,1229,rolling300,multiple_repeat_end_groups,300,72,0.23913034403675354,0.22608550458805707,1,0.578922633365629,0.5989436462087222,1.4307465031734634,1.4868420123767523
1230,1,1229,expanding,extreme_sum,1229,155,0.12593174873106588,0.11443770825506504,0,0.015858805338464316,0.01309598907067138,0.1345968156788003,0.12153247782470628
1230,930,1229,rolling300,extreme_sum,300,34,0.11340235676594157,0.11443770825506504,0,0.012860094520069894,0.01309598907067138,0.12036401488128311,0.12153247782470628
1230,1,1229,expanding,narrow_three_span_le4,1229,307,0.25004217314571553,0.26513371294993526,0,0.06252108835143198,0.07029588574261866,0.2877383048937491,0.30806671870004826
1230,930,1229,rolling300,narrow_three_span_le4,300,73,0.24469585705937097,0.26513371294993526,0,0.05987606246202011,0.07029588574261866,0.28063477251873004,0.30806671870004826
1230,1,1229,expanding,large_gap_ge15,1229,524,0.42652979359372273,0.4367856099279809,0,0.1819276648231037,0.19078166904015828,0.5560492942307501,0.574094923910703
1230,930,1229,rolling300,large_gap_ge15,300,118,0.3960491006204988,0.4367856099279809,0,0.156854890102306,0.19078166904015828,0.5042623767697741,0.574094923910703
1230,1,1229,expanding,previous_overlap_ge2,1228,233,0.18950814264200538,0.17530810086113546,0,0.03591333612762266,0.030732930227538046,0.21011398429981515,0.19274541798861644
1230,930,1229,rolling300,previous_overlap_ge2,300,52,0.17345675630382096,0.17530810086113546,0,0.03008724630744313,0.030732930227538046,0.19050304161829765,0.19274541798861644
1231,1,1230,expanding,consecutive_ge1,1230,637,0.5180599597793017,0.5287474862063631,1,0.23226620236792825,0.2220789317568219,0.6576642909517597,0.6372443028525948
1231,931,1230,rolling300,consecutive_ge1,300,155,0.5174217178878977,0.5287474862063631,1,0.2328817983662678,0.2220789317568219,0.6588970350668805,0.6372443028525948
1231,1,1230,expanding,consecutive_ge2,1230,155,0.1259970681615605,0.12481676009753151,0,0.015875261185308923,0.015579223601244734,0.1346715488260043,0.1333219975178157
1231,931,1230,rolling300,consecutive_ge2,300,33,0.11092604750609572,0.12481676009753151,0,0.012304588015324604,0.015579223601244734,0.11757486077063632,0.1333219975178157
1231,1,1230,expanding,band_ge3,1230,537,0.4368467188700882,0.45291992938050796,1,0.3171416180473855,0.2992966036690284,0.8281729031507814,0.7920399254567645
1231,931,1230,rolling300,band_ge3,300,122,0.40955749558628174,0.45291992938050796,1,0.3486223510183437,0.2992966036690284,0.8926779811826785,0.7920399254567645
1231,1,1230,expanding,band_ge4,1230,71,0.057860490653230304,0.06628066582689385,0,0.0033478363786325514,0.004393126662456374,0.05960191627712684,0.0685793846560867
1231,931,1230,rolling300,band_ge4,300,17,0.057267541614180864,0.06628066582689385,0,0.003279571322531937,0.004393126662456374,0.05897274987350888,0.0685793846560867
1231,1,1230,expanding,odd_imbalance,1230,215,0.17498884477216867,0.18680279826054075,0,0.03062109579469814,0.034895285437968285,0.1923583712505902,0.20678163828224355
1231,931,1230,rolling300,odd_imbalance,300,53,0.1773001748912838,0.18680279826054075,0,0.031435352016479824,0.034895285437968285,0.19516387738936303,0.20678163828224355
1231,1,1230,expanding,low_high_imbalance,1230,240,0.19498884477216866,0.18680279826054075,0,0.03802064958558488,0.034895285437968285,0.2168991442337094,0.20678163828224355
1231,931,1230,rolling300,low_high_imbalance,300,61,0.20230017489128377,0.18680279826054075,0,0.040925360761044,0.034895285437968285,0.2260229113095098,0.20678163828224355
1231,1,1230,expanding,repeated_end,1230,959,0.7798446410462292,0.790290065389328,1,0.048468382076063674,0.043978256674412325,0.24866055728296085,0.2353552295330889
1231,931,1230,rolling300,repeated_end,300,230,0.768143129086833,0.790290065389328,1,0.05375760858964498,0.043978256674412325,0.26377919719996973,0.2353552295330889
1231,1,1230,expanding,end_multiplicity_ge3,1230,102,0.08303171934890596,0.08948245930662266,0,0.006894266418035485,0.00800711052356138,0.08668239767170303,0.09374211509792349
1231,931,1230,rolling300,end_multiplicity_ge3,300,28,0.09309265370666392,0.08948245930662266,0,0.008666242174148847,0.00800711052356138,0.09771498811668185,0.09374211509792349
1231,1,1230,expanding,multiple_repeat_end_groups,1230,297,0.2412173680734089,0.22608550458805707,1,0.5757510825134446,0.5989436462087222,1.422056809783634,1.4868420123767523
1231,931,1230,rolling300,multiple_repeat_end_groups,300,73,0.24225534403675356,0.22608550458805707,1,0.5741769636408588,0.5989436462087222,1.4177629684473412,1.4868420123767523
1231,1,1230,expanding,extreme_sum,1230,155,0.12583100333208103,0.11443770825506504,0,0.015833441399558185,0.01309598907067138,0.1344815619862993,0.12153247782470628
1231,931,1230,rolling300,extreme_sum,300,34,0.11340235676594157,0.11443770825506504,0,0.012860094520069894,0.01309598907067138,0.12036401488128311,0.12153247782470628
1231,1,1230,expanding,narrow_three_span_le4,1230,307,0.24984213940719896,0.26513371294993526,0,0.06242109462356624,0.07029588574261866,0.28747161380935343,0.30806671870004826
1231,931,1230,rolling300,narrow_three_span_le4,300,73,0.24469585705937097,0.26513371294993526,0,0.05987606246202011,0.07029588574261866,0.28063477251873004,0.30806671870004826
1231,1,1230,expanding,large_gap_ge15,1230,524,0.4261885697588477,0.4367856099279809,0,0.1816366969930922,0.19078166904015828,0.5554544553803115,0.574094923910703
1231,931,1230,rolling300,large_gap_ge15,300,118,0.3960491006204988,0.4367856099279809,0,0.156854890102306,0.19078166904015828,0.5042623767697741,0.574094923910703
1231,1,1230,expanding,previous_overlap_ge2,1229,233,0.18935641474557463,0.17530810086113546,0,0.03585585180529807,0.030732930227538046,0.2099267971063389,0.19274541798861644
1231,931,1230,rolling300,previous_overlap_ge2,300,52,0.17345675630382096,0.17530810086113546,0,0.03008724630744313,0.030732930227538046,0.19050304161829765,0.19274541798861644
1232,1,1231,expanding,consecutive_ge1,1231,638,0.5184452036164087,0.5287474862063631,0,0.26878542915285947,0.2795739041695482,0.7307352507225282,0.7523612059240392
1232,932,1231,rolling300,consecutive_ge1,300,155,0.5174217178878977,0.5287474862063631,0,0.2677252341420632,0.2795739041695482,0.72861212864364,0.7523612059240392
1232,1,1231,expanding,consecutive_ge2,1231,155,0.12589635108069597,0.12481676009753151,0,0.015849891215433856,0.015579223601244734,0.1345563189171593,0.1333219975178157
1232,932,1231,rolling300,consecutive_ge2,300,33,0.11092604750609572,0.12481676009753151,0,0.012304588015324604,0.015579223601244734,0.11757486077063632,0.1333219975178157
1232,1,1231,expanding,band_ge3,1231,538,0.43729688136499617,0.45291992938050796,1,0.3166347997215591,0.2992966036690284,0.8271429521574177,0.7920399254567645
1232,932,1231,rolling300,band_ge3,300,123,0.41268249558628173,0.45291992938050796,1,0.3449418509907579,0.2992966036690284,0.8850767575009166,0.7920399254567645
1232,1,1231,expanding,band_ge4,1231,71,0.057814239261820846,0.06628066582689385,0,0.003342486261423067,0.004393126662456374,0.05955282561093134,0.0685793846560867
1232,932,1231,rolling300,band_ge4,300,17,0.057267541614180864,0.06628066582689385,0,0.003279571322531937,0.004393126662456374,0.05897274987350888,0.0685793846560867
1232,1,1231,expanding,odd_imbalance,1231,215,0.1748489655996889,0.18680279826054075,0,0.030572160771281193,0.034895285437968285,0.19218883740271264,0.20678163828224355
1232,932,1231,rolling300,odd_imbalance,300,52,0.1741751748912838,0.18680279826054075,0,0.030336991548409305,0.034895285437968285,0.19137260409205228,0.20678163828224355
1232,1,1231,expanding,low_high_imbalance,1231,240,0.1948329783894571,0.18680279826054075,0,0.037959889468106654,0.034895285437968285,0.21670554282308246,0.20678163828224355
1232,932,1231,rolling300,low_high_imbalance,300,61,0.20230017489128377,0.18680279826054075,0,0.040925360761044,0.034895285437968285,0.2260229113095098,0.20678163828224355
1232,1,1231,expanding,repeated_end,1231,960,0.7800206245465919,0.790290065389328,1,0.04839092562487147,0.043978256674412325,0.248434917921676,0.2353552295330889
1232,932,1231,rolling300,repeated_end,300,230,0.768143129086833,0.790290065389328,1,0.05375760858964498,0.043978256674412325,0.26377919719996973,0.2353552295330889
1232,1,1231,expanding,end_multiplicity_ge3,1231,102,0.08296534707124896,0.08948245930662266,0,0.006883248814652798,0.00800711052356138,0.08661001798629384,0.09374211509792349
1232,932,1231,rolling300,end_multiplicity_ge3,300,27,0.08996765370666392,0.08948245930662266,0,0.008094178713482197,0.00800711052356138,0.0942751347256709,0.09374211509792349
1232,1,1231,expanding,multiple_repeat_end_groups,1231,298,0.2418239089462519,0.22608550458805707,0,0.058478802938045124,0.05111465538483637,0.2768396102222847,0.25629388253878654
1232,932,1231,rolling300,multiple_repeat_end_groups,300,73,0.24225534403675356,0.22608550458805707,0,0.058687651714365824,0.05111465538483637,0.2774088155755317,0.25629388253878654
1232,1,1231,expanding,extreme_sum,1231,155,0.12573041899688353,0.11443770825506504,0,0.01580813826113189,0.01309598907067138,0.13436650580234974,0.12153247782470628
1232,932,1231,rolling300,extreme_sum,300,34,0.11340235676594157,0.11443770825506504,0,0.012860094520069894,0.01309598907067138,0.12036401488128311,0.12153247782470628
1232,1,1231,expanding,narrow_three_span_le4,1231,307,0.2496424254668255,0.26513371294993526,0,0.062321340592959525,0.07029588574261866,0.2872054200243677,0.30806671870004826
1232,932,1231,rolling300,narrow_three_span_le4,300,73,0.24469585705937097,0.26513371294993526,0,0.05987606246202011,0.07029588574261866,0.28063477251873004,0.30806671870004826
1232,1,1231,expanding,large_gap_ge15,1231,524,0.4258478914456912,0.4367856099279809,0,0.18134642664874118,0.19078166904015828,0.5548609202868271,0.574094923910703
1232,932,1231,rolling300,large_gap_ge15,300,118,0.3960491006204988,0.4367856099279809,0,0.156854890102306,0.19078166904015828,0.5042623767697741,0.574094923910703
1232,1,1231,expanding,previous_overlap_ge2,1230,233,0.1892049296137782,0.17530810086113546,0,0.03579850539015476,0.030732930227538046,0.20973994436083396,0.19274541798861644
1232,932,1231,rolling300,previous_overlap_ge2,300,52,0.17345675630382096,0.17530810086113546,0,0.03008724630744313,0.030732930227538046,0.19050304161829765,0.19274541798861644
1233,1,1232,expanding,consecutive_ge1,1232,638,0.5180311100032965,0.5287474862063631,0,0.2683562309312475,0.2795739041695482,0.7298757105898669,0.7523612059240392
1233,933,1232,rolling300,consecutive_ge1,300,154,0.5142967178878977,0.5287474862063631,0,0.2645011140302638,0.2795739041695482,0.7221573721648975,0.7523612059240392
1233,1,1232,expanding,consecutive_ge2,1232,155,0.12579579488973694,0.12481676009753151,0,0.015824582011940765,0.015579223601244734,0.1344412863262593,0.1333219975178157
1233,933,1232,rolling300,consecutive_ge2,300,32,0.10780104750609572,0.12481676009753151,0,0.011621065843411505,0.015579223601244734,0.11406613035960535,0.1333219975178157
1233,1,1232,expanding,band_ge3,1232,539,0.4377463247504874,0.45291992938050796,0,0.1916218448325592,0.20513646243004433,0.5758021514819726,0.6031601058843978
1233,933,1232,rolling300,band_ge3,300,123,0.41268249558628173,0.45291992938050796,0,0.17030684216332143,0.20513646243004433,0.5321897120047192,0.6031601058843978
1233,1,1232,expanding,band_ge4,1232,71,0.05776806175442323,0.06628066582689385,0,0.0033371489588628557,0.004393126662456374,0.05950381576833454,0.0685793846560867
1233,933,1232,rolling300,band_ge4,300,17,0.057267541614180864,0.06628066582689385,0,0.003279571322531937,0.004393126662456374,0.05897274987350888,0.0685793846560867
1233,1,1232,expanding,odd_imbalance,1232,215,0.17470930987636646,0.18680279826054075,0,0.03052334295747624,0.034895285437968285,0.1920196030437158,0.20678163828224355
1233,933,1232,rolling300,odd_imbalance,300,52,0.1741751748912838,0.18680279826054075,0,0.030336991548409305,0.034895285437968285,0.19137260409205228,0.20678163828224355
1233,1,1232,expanding,low_high_imbalance,1232,240,0.19467736099457733,0.18680279826054075,0,0.03789927488381298,0.034895285437968285,0.2165122880643967,0.20678163828224355
1233,933,1232,rolling300,low_high_imbalance,300,61,0.20230017489128377,0.18680279826054075,0,0.040925360761044,0.034895285437968285,0.2260229113095098,0.20678163828224355
1233,1,1232,expanding,repeated_end,1232,961,0.7801963269231522,0.790290065389328,1,0.04831365469807378,0.043978256674412325,0.24820968978639965,0.2353552295330889
1233,933,1232,rolling300,repeated_end,300,230,0.768143129086833,0.790290065389328,1,0.05375760858964498,0.043978256674412325,0.26377919719996973,0.2353552295330889
1233,1,1232,expanding,end_multiplicity_ge3,1232,102,0.08289908081959461,0.08948245930662266,0,0.0068722576007336795,0.00800711052356138,0.08653775914928004,0.09374211509792349
1233,933,1232,rolling300,end_multiplicity_ge3,300,27,0.08996765370666392,0.08948245930662266,0,0.008094178713482197,0.00800711052356138,0.0942751347256709,0.09374211509792349
1233,1,1232,expanding,multiple_repeat_end_groups,1232,298,0.24163075885923413,0.22608550458805707,1,0.5751239059084211,0.5989436462087222,1.420344507866028,1.4868420123767523
1233,933,1232,rolling300,multiple_repeat_end_groups,300,73,0.24225534403675356,0.22608550458805707,1,0.5741769636408588,0.5989436462087222,1.4177629684473412,1.4868420123767523
1233,1,1232,expanding,extreme_sum,1232,155,0.12562999533953778,0.11443770825506504,0,0.015782895729012286,0.01309598907067138,0.13425164661892566,0.12153247782470628
1233,933,1232,rolling300,extreme_sum,300,34,0.11340235676594157,0.11443770825506504,0,0.012860094520069894,0.01309598907067138,0.12036401488128311,0.12153247782470628
1233,1,1232,expanding,narrow_three_span_le4,1232,307,0.2494430305583057,0.26513371294993526,0,0.06222182549411183,0.07029588574261866,0.28693972213971036,0.30806671870004826
1233,933,1232,rolling300,narrow_three_span_le4,300,72,0.24157085705937095,0.26513371294993526,0,0.058356478980399036,0.07029588574261866,0.2765059019064261,0.30806671870004826
1233,1,1232,expanding,large_gap_ge15,1232,524,0.4255077573470924,0.4367856099279809,0,0.18105685156255205,0.19078166904015828,0.5542686845644594,0.574094923910703
1233,933,1232,rolling300,large_gap_ge15,300,117,0.39292410062049876,0.4367856099279809,0,0.15438934884842784,0.19078166904015828,0.4991014555755855,0.574094923910703
1233,1,1232,expanding,previous_overlap_ge2,1231,233,0.1890536866644466,0.17530810086113546,0,0.035741296441418755,0.030732930227538046,0.20955342516450803,0.19274541798861644
1233,933,1232,rolling300,previous_overlap_ge2,300,52,0.17345675630382096,0.17530810086113546,0,0.03008724630744313,0.030732930227538046,0.19050304161829765,0.19274541798861644
1234,1,1233,expanding,consecutive_ge1,1233,638,0.517617677353653,0.5287474862063631,0,0.2679280599089905,0.2795739041695482,0.7290182788377159,0.7523612059240392
1234,934,1233,rolling300,consecutive_ge1,300,154,0.5142967178878977,0.5287474862063631,0,0.2645011140302638,0.2795739041695482,0.7221573721648975,0.7523612059240392
1234,1,1233,expanding,consecutive_ge2,1233,155,0.12569539920347217,0.12481676009753151,0,0.01579933338092023,0.015579223601244734,0.13432645054615236,0.1333219975178157
1234,934,1233,rolling300,consecutive_ge2,300,32,0.10780104750609572,0.12481676009753151,0,0.011621065843411505,0.015579223601244734,0.11406613035960535,0.1333219975178157
1234,1,1233,expanding,band_ge3,1233,539,0.437396966151325,0.45291992938050796,0,0.19131610599838336,0.20513646243004433,0.5751809903908405,0.6031601058843978
1234,934,1233,rolling300,band_ge3,300,122,0.40955749558628174,0.45291992938050796,0,0.1677373421909072,0.20513646243004433,0.526883015716554,0.6031601058843978
1234,1,1233,expanding,band_ge4,1233,71,0.05772195795414037,0.06628066582689385,0,0.0033318244300595485,0.004393126662456374,0.05945488654983831,0.0685793846560867
1234,934,1233,rolling300,band_ge4,300,17,0.057267541614180864,0.06628066582689385,0,0.003279571322531937,0.004393126662456374,0.05897274987350888,0.0685793846560867
1234,1,1233,expanding,odd_imbalance,1233,215,0.17456987706720736,0.18680279826054075,1,0.6813348878448451,0.6612896889168869,1.745430175849126,1.677701773318112
1234,934,1233,rolling300,odd_imbalance,300,51,0.1710501748912838,0.18680279826054075,1,0.6871578125477711,0.6612896889168869,1.7657983451019645,1.677701773318112
1234,1,1233,expanding,low_high_imbalance,1233,240,0.19452199199138934,0.18680279826054075,0,0.03783880536829814,0.034895285437968285,0.21631937902384243,0.20678163828224355
1234,934,1233,rolling300,low_high_imbalance,300,60,0.1991751748912838,0.18680279826054075,0,0.03967075029297349,0.034895285437968285,0.22211305107611848,0.20678163828224355
1234,1,1233,expanding,repeated_end,1233,962,0.7803717488489916,0.790290065389328,1,0.04823656870365041,0.043978256674412325,0.24798487174827405,0.2353552295330889
1234,934,1233,rolling300,repeated_end,300,231,0.7712681290868331,0.790290065389328,1,0.052318268771437665,0.043978256674412325,0.2597191979294578,0.2353552295330889
1234,1,1233,expanding,end_multiplicity_ge3,1233,102,0.08283292034008974,0.08948245930662266,0,0.006861292692067652,0.00800711052356138,0.08646562085806475,0.09374211509792349
1234,934,1233,rolling300,end_multiplicity_ge3,300,27,0.08996765370666392,0.08948245930662266,0,0.008094178713482197,0.00800711052356138,0.0942751347256709,0.09374211509792349
1234,1,1233,expanding,multiple_repeat_end_groups,1233,299,0.24223600166940235,0.22608550458805707,1,0.574206277165974,0.5989436462087222,1.4178428145272883,1.4868420123767523
1234,934,1233,rolling300,multiple_repeat_end_groups,300,74,0.24538034403675354,0.22608550458805707,1,0.5694508251660884,0.5989436462087222,1.4049458475630552,1.4868420123767523
1234,1,1233,expanding,extreme_sum,1233,155,0.12552973197534023,0.11443770825506504,0,0.015757713609800755,0.01309598907067138,0.13413698392974427,0.12153247782470628
1234,934,1233,rolling300,extreme_sum,300,33,0.11027735676594157,0.11443770825506504,0,0.012161095415282758,0.01309598907067138,0.11684550164045943,0.12153247782470628
1234,1,1233,expanding,narrow_three_span_le4,1233,307,0.24924395391779625,0.26513371294993526,0,0.06212254856457654,0.07029588574261866,0.2866745187615769,0.30806671870004826
1234,934,1233,rolling300,narrow_three_span_le4,300,71,0.23844585705937096,0.26513371294993526,0,0.05685642674877797,0.07029588574261866,0.2723940087927795,0.30806671870004826
1234,1,1233,expanding,large_gap_ge15,1233,524,0.4251681661600636,0.4367856099279809,0,0.18076796951591145,0.19078166904015828,0.5536777438474643,0.574094923910703
1234,934,1233,rolling300,large_gap_ge15,300,117,0.39292410062049876,0.4367856099279809,0,0.15438934884842784,0.19078166904015828,0.4991014555755855,0.574094923910703
1234,1,1233,expanding,previous_overlap_ge2,1232,233,0.18890268531727053,0.17530810086113546,0,0.03568422452007573,0.030732930227538046,0.20936723862179865,0.19274541798861644
1234,934,1233,rolling300,previous_overlap_ge2,300,52,0.17345675630382096,0.17530810086113546,0,0.03008724630744313,0.030732930227538046,0.19050304161829765,0.19274541798861644
1235,1,1234,expanding,consecutive_ge1,1234,638,0.5172049040862259,0.5287474862063631,1,0.23309110463839036,0.2220789317568219,0.659316150137459,0.6372443028525948
1235,935,1234,rolling300,consecutive_ge1,300,154,0.5142967178878977,0.5287474862063631,1,0.23590767825446848,0.2220789317568219,0.6649549079290035,0.6372443028525948
1235,1,1234,expanding,consecutive_ge2,1234,155,0.12559516363791917,0.12481676009753151,0,0.015774145129235695,0.015579223601244734,0.13421181107142557,0.1333219975178157
1235,935,1234,rolling300,consecutive_ge2,300,32,0.10780104750609572,0.12481676009753151,0,0.011621065843411505,0.015579223601244734,0.11406613035960535,0.1333219975178157
1235,1,1234,expanding,band_ge3,1234,539,0.43704816474291086,0.45291992938050796,0,0.19101109830514656,0.20513646243004433,0.5745612046670989,0.6031601058843978
1235,935,1234,rolling300,band_ge3,300,121,0.40643249558628175,0.45291992938050796,0,0.16518737346849294,0.20513646243004433,0.5216043318657773,0.6031601058843978
1235,1,1234,expanding,band_ge4,1234,71,0.05767592768463946,0.06628066582689385,0,0.0033265126342837603,0.004393126662456374,0.05940603775660044,0.0685793846560867
1235,935,1234,rolling300,band_ge4,300,17,0.057267541614180864,0.06628066582689385,0,0.003279571322531937,0.004393126662456374,0.05897274987350888,0.0685793846560867
1235,1,1234,expanding,odd_imbalance,1234,216,0.17522811480479333,0.18680279826054075,1,0.6802486626084551,0.6612896889168869,1.7416666407241022,1.677701773318112
1235,935,1234,rolling300,odd_imbalance,300,52,0.1741751748912838,0.18680279826054075,1,0.6819866417658416,0.6612896889168869,1.747693733954021,1.677701773318112
1235,1,1234,expanding,low_high_imbalance,1234,240,0.19436687078565457,0.18680279826054075,0,0.037778480459007335,0.034895285437968285,0.21612681477097342,0.20678163828224355
1235,935,1234,rolling300,low_high_imbalance,300,60,0.1991751748912838,0.18680279826054075,0,0.03967075029297349,0.034895285437968285,0.22211305107611848,0.20678163828224355
1235,1,1234,expanding,repeated_end,1234,963,0.780546890995045,0.790290065389328,0,0.6092534490420307,0.6245583874530684,1.5166166956893972,1.5620299668475026
1235,935,1234,rolling300,repeated_end,300,231,0.7712681290868331,0.790290065389328,0,0.5948545269451038,0.6245583874530684,1.475204830805793,1.5620299668475026
1235,1,1234,expanding,end_multiplicity_ge3,1234,102,0.08276686537969095,0.08948245930662266,0,0.006850354004779885,0.00800711052356138,0.08639360281106157,0.09374211509792349
1235,935,1234,rolling300,end_multiplicity_ge3,300,27,0.08996765370666392,0.08948245930662266,0,0.008094178713482197,0.00800711052356138,0.0942751347256709,0.09374211509792349
1235,1,1234,expanding,multiple_repeat_end_groups,1234,300,0.2428402791800328,0.22608550458805707,0,0.05897140119223627,0.05111465538483637,0.27818105596418313,0.25629388253878654
1235,935,1234,rolling300,multiple_repeat_end_groups,300,75,0.24850534403675356,0.22608550458805707,0,0.06175490601482525,0.05111465538483637,0.28569118097441026,0.25629388253878654
1235,1,1234,expanding,extreme_sum,1234,155,0.12542962852081443,0.11443770825506504,0,0.015732591710869506,0.01309598907067138,0.13402251723025863,0.12153247782470628
1235,935,1234,rolling300,extreme_sum,300,33,0.11027735676594157,0.11443770825506504,0,0.012161095415282758,0.01309598907067138,0.11684550164045943,0.12153247782470628
1235,1,1234,expanding,narrow_three_span_le4,1234,307,0.2490451947838905,0.26513371294993526,0,0.06202350904494596,0.07029588574261866,0.28640980850141673,0.30806671870004826
1235,935,1234,rolling300,narrow_three_span_le4,300,71,0.23844585705937096,0.26513371294993526,0,0.05685642674877797,0.07029588574261866,0.2723940087927795,0.30806671870004826
1235,1,1234,expanding,large_gap_ge15,1234,524,0.42482911658577327,0.4367856099279809,1,0.330821545127502,0.3172104491841965,0.8560682695347134,0.8283127993981904
1235,935,1234,rolling300,large_gap_ge15,300,116,0.3897991006204988,0.4367856099279809,1,0.3723451376035521,0.3172104491841965,0.9421237991958464,0.8283127993981904
1235,1,1234,expanding,previous_overlap_ge2,1233,233,0.18875192499379306,0.17530810086113546,1,0.6581234392012765,0.6801167285052672,1.6673216922623966,1.7412102767071724
1235,935,1234,rolling300,previous_overlap_ge2,300,52,0.17345675630382096,0.17530810086113546,1,0.6831737336998012,0.6801167285052672,1.751826953867116,1.7412102767071724
1236,1,1235,expanding,consecutive_ge1,1235,639,0.5175896013738066,0.5287474862063631,0,0.26789899545029605,0.2795739041695482,0.7289600777770417,0.7523612059240392
1236,936,1235,rolling300,consecutive_ge1,300,155,0.5174217178878977,0.5287474862063631,0,0.2677252341420632,0.2795739041695482,0.72861212864364,0.7523612059240392
1236,1,1235,expanding,consecutive_ge2,1235,155,0.12549508781031923,0.12481676009753151,0,0.015749017064519734,0.015579223601244734,0.1340973673983979,0.1333219975178157
1236,936,1235,rolling300,consecutive_ge2,300,32,0.10780104750609572,0.12481676009753151,0,0.011621065843411505,0.015579223601244734,0.11406613035960535,0.1333219975178157
1236,1,1235,expanding,band_ge3,1235,539,0.4366999191933149,0.45291992938050796,0,0.19070681942344778,0.20513646243004433,0.5739427896291712,0.6031601058843978
1236,936,1235,rolling300,band_ge3,300,121,0.40643249558628175,0.45291992938050796,0,0.16518737346849294,0.20513646243004433,0.5216043318657773,0.6031601058843978
1236,1,1235,expanding,band_ge4,1235,71,0.05762997077014971,0.06628066582689385,0,0.00332121353096831,0.004393126662456374,0.05935726919043243,0.0685793846560867
1236,936,1235,rolling300,band_ge4,300,17,0.057267541614180864,0.06628066582689385,0,0.003279571322531937,0.004393126662456374,0.05897274987350888,0.0685793846560867
1236,1,1235,expanding,odd_imbalance,1235,217,0.1758853035579369,0.18680279826054075,0,0.030935640007667613,0.034895285437968285,0.19344556404810861,0.20678163828224355
1236,936,1235,rolling300,odd_imbalance,300,52,0.1741751748912838,0.18680279826054075,0,0.030336991548409305,0.034895285437968285,0.19137260409205228,0.20678163828224355
1236,1,1235,expanding,low_high_imbalance,1235,240,0.19421199678502854,0.18680279826054075,0,0.037718299695227935,0.034895285437968285,0.21593459437869228,0.20678163828224355
1236,936,1235,rolling300,low_high_imbalance,300,60,0.1991751748912838,0.18680279826054075,0,0.03967075029297349,0.034895285437968285,0.22211305107611848,0.20678163828224355
1236,1,1235,expanding,repeated_end,1235,963,0.7799249412811048,0.790290065389328,1,0.048433031470125176,0.043978256674412325,0.24855759305560785,0.2353552295330889
1236,936,1235,rolling300,repeated_end,300,230,0.768143129086833,0.790290065389328,1,0.05375760858964498,0.043978256674412325,0.26377919719996973,0.2353552295330889
1236,1,1235,expanding,end_multiplicity_ge3,1235,102,0.08270091568616132,0.08948245930662266,0,0.006839441455329564,0.00800711052356138,0.08632170470768968,0.09374211509792349
1236,936,1235,rolling300,end_multiplicity_ge3,300,27,0.08996765370666392,0.08948245930662266,0,0.008094178713482197,0.00800711052356138,0.0942751347256709,0.09374211509792349
1236,1,1235,expanding,multiple_repeat_end_groups,1235,300,0.24264678094961045,0.22608550458805707,0,0.05887746030520824,0.05111465538483637,0.2779255306049983,0.25629388253878654
1236,936,1235,rolling300,multiple_repeat_end_groups,300,74,0.24538034403675354,0.22608550458805707,0,0.06021151323959553,0.05111465538483637,0.28154142360240436,0.25629388253878654
1236,1,1235,expanding,extreme_sum,1235,155,0.12532968459370622,0.11443770825506504,0,0.015707529840357882,0.01309598907067138,0.13390824601765047,0.12153247782470628
1236,936,1235,rolling300,extreme_sum,300,33,0.11027735676594157,0.11443770825506504,0,0.012161095415282758,0.01309598907067138,0.11684550164045943,0.12153247782470628
1236,1,1235,expanding,narrow_three_span_le4,1235,307,0.24884675239760853,0.26513371294993526,0,0.06192470617883669,0.07029588574261866,0.2861455899759064,0.30806671870004826
1236,936,1235,rolling300,narrow_three_span_le4,300,71,0.23844585705937096,0.26513371294993526,0,0.05685642674877797,0.07029588574261866,0.2723940087927795,0.30806671870004826
1236,1,1235,expanding,large_gap_ge15,1235,525,0.4252874200785336,0.4367856099279809,0,0.1808693896770551,0.19078166904015828,0.5538852241630923,0.574094923910703
1236,936,1235,rolling300,large_gap_ge15,300,117,0.39292410062049876,0.4367856099279809,0,0.15438934884842784,0.19078166904015828,0.4991014555755855,0.574094923910703
1236,1,1235,expanding,previous_overlap_ge2,1234,234,0.18939885328327172,0.17530810086113546,0,0.035871925625018286,0.030732930227538046,0.20997915013715523,0.19274541798861644
1236,936,1235,rolling300,previous_overlap_ge2,300,53,0.17658175630382095,0.17530810086113546,0,0.03118111665934201,0.030732930227538046,0.19429101335039714,0.19274541798861644
1237,1,1236,expanding,consecutive_ge1,1236,639,0.5171775077421396,0.5287474862063631,0,0.26747257451437084,0.2795739041695482,0.7281062037315195,0.7523612059240392
1237,937,1236,rolling300,consecutive_ge1,300,154,0.5142967178878977,0.5287474862063631,0,0.2645011140302638,0.2795739041695482,0.7221573721648975,0.7523612059240392
1237,1,1236,expanding,consecutive_ge2,1236,155,0.12539517133913267,0.12481676009753151,0,0.015723948995170437,0.015579223601244734,0.13398311902511212,0.1333219975178157
1237,937,1236,rolling300,consecutive_ge2,300,32,0.10780104750609572,0.12481676009753151,0,0.011621065843411505,0.015579223601244734,0.11406613035960535,0.1333219975178157
1237,1,1236,expanding,band_ge3,1236,539,0.4363522281748489,0.45291992938050796,1,0.3176988106834576,0.2992966036690284,0.8293054989922507,0.7920399254567645
1237,937,1236,rolling300,band_ge3,300,120,0.40330749558628176,0.45291992938050796,1,0.35604194482351514,0.2992966036690284,0.9080559916413032,0.7920399254567645
1237,1,1236,expanding,band_ge4,1236,71,0.0575840870354601,0.06628066582689385,0,0.003315927079707444,0.004393126662456374,0.05930858065379654,0.0685793846560867
1237,937,1236,rolling300,band_ge4,300,16,0.05414254161418086,0.06628066582689385,0,0.0029314148124433064,0.004393126662456374,0.05566339952245692,0.0685793846560867
1237,1,1236,expanding,odd_imbalance,1236,217,0.17574526748822517,0.18680279826054075,0,0.030886399044507813,0.034895285437968285,0.1932756554492365,0.20678163828224355
1237,937,1236,rolling300,odd_imbalance,300,51,0.1710501748912838,0.18680279826054075,0,0.029258162330338774,0.034895285437968285,0.18759565027597674,0.20678163828224355
1237,1,1236,expanding,low_high_imbalance,1236,240,0.19405736939905321,0.18680279826054075,0,0.03765826261808059,0.034895285437968285,0.21574271692323488,0.20678163828224355
1237,937,1236,rolling300,low_high_imbalance,300,59,0.1960501748912838,0.18680279826054075,0,0.03843567107490296,0.034895285437968285,0.21821841833174108,0.20678163828224355
1237,1,1236,expanding,repeated_end,1236,964,0.7801001602769001,0.790290065389328,1,0.04835593951024503,0.043978256674412325,0.24833295693102608,0.2353552295330889
1237,937,1236,rolling300,repeated_end,300,230,0.768143129086833,0.790290065389328,1,0.05375760858964498,0.043978256674412325,0.26377919719996973,0.2353552295330889
1237,1,1236,expanding,end_multiplicity_ge3,1236,102,0.08263507100806723,0.08948245930662266,1,0.8415584129443738,0.829042191910316,2.493321100091995,2.41371265830984
1237,937,1236,rolling300,end_multiplicity_ge3,300,27,0.08996765370666392,0.08948245930662266,1,0.8281588713001543,0.829042191910316,2.408305076511992,2.41371265830984
1237,1,1236,expanding,multiple_repeat_end_groups,1236,300,0.24245359083738943,0.22608550458805707,0,0.05878374370994425,0.05111465538483637,0.27767047725404315,0.25629388253878654
1237,937,1236,rolling300,multiple_repeat_end_groups,300,74,0.24538034403675354,0.22608550458805707,0,0.06021151323959553,0.05111465538483637,0.28154142360240436,0.25629388253878654
1237,1,1236,expanding,extreme_sum,1236,155,0.12522989981297875,0.11443770825506504,0,0.015682527807168695,0.01309598907067138,0.13379416979082243,0.12153247782470628
1237,937,1236,rolling300,extreme_sum,300,33,0.11027735676594157,0.11443770825506504,0,0.012161095415282758,0.01309598907067138,0.11684550164045943,0.12153247782470628
1237,1,1236,expanding,narrow_three_span_le4,1236,307,0.24864862600238752,0.26513371294993526,0,0.061826139212875185,0.07029588574261866,0.2858818618069262,0.30806671870004826
1237,937,1236,rolling300,narrow_three_span_le4,300,71,0.23844585705937096,0.26513371294993526,0,0.05685642674877797,0.07029588574261866,0.2723940087927795,0.30806671870004826
1237,1,1236,expanding,large_gap_ge15,1236,525,0.42494881544471313,0.4367856099279809,0,0.18058149574786486,0.19078166904015828,0.5532962255286406,0.574094923910703
1237,937,1236,rolling300,large_gap_ge15,300,117,0.39292410062049876,0.4367856099279809,0,0.15438934884842784,0.19078166904015828,0.4991014555755855,0.574094923910703
1237,1,1236,expanding,previous_overlap_ge2,1235,234,0.18924793786232885,0.17530810086113546,0,0.03581478198514388,0.030732930227538046,0.2097929903040546,0.19274541798861644
1237,937,1236,rolling300,previous_overlap_ge2,300,53,0.17658175630382095,0.17530810086113546,0,0.03118111665934201,0.030732930227538046,0.19429101335039714,0.19274541798861644
1238,1,1237,expanding,consecutive_ge1,1237,639,0.5167660697884863,0.5287474862063631,0,0.26704717088463864,0.2795739041695482,0.727254415018231,0.7523612059240392
1238,938,1237,rolling300,consecutive_ge1,300,154,0.5142967178878977,0.5287474862063631,0,0.2645011140302638,0.2795739041695482,0.7221573721648975,0.7523612059240392
1238,1,1237,expanding,consecutive_ge2,1237,155,0.12529541384403392,0.12481676009753151,0,0.015698940730347728,0.015579223601244734,0.13386906545132807,0.1333219975178157
1238,938,1237,rolling300,consecutive_ge2,300,32,0.10780104750609572,0.12481676009753151,0,0.011621065843411505,0.015579223601244734,0.11406613035960535,0.1333219975178157
1238,1,1237,expanding,band_ge3,1237,540,0.4368006353123391,0.45291992938050796,0,0.19079479500926305,0.20513646243004433,0.5741216021793154,0.6031601058843978
1238,938,1237,rolling300,band_ge3,300,121,0.40643249558628175,0.45291992938050796,0,0.16518737346849294,0.20513646243004433,0.5216043318657773,0.6031601058843978
1238,1,1237,expanding,band_ge4,1237,71,0.05753827630591717,0.06628066582689385,0,0.0033106532402560696,0.004393126662456374,0.05925997194980316,0.0685793846560867
1238,938,1237,rolling300,band_ge4,300,16,0.05414254161418086,0.06628066582689385,0,0.0029314148124433064,0.004393126662456374,0.05566339952245692,0.0685793846560867
1238,1,1237,expanding,odd_imbalance,1237,217,0.1756054542284891,0.18680279826054075,1,0.6796263670978159,0.6612896889168869,1.7395155377367855,1.677701773318112
1238,938,1237,rolling300,odd_imbalance,300,51,0.1710501748912838,0.18680279826054075,1,0.6871578125477711,0.6612896889168869,1.7657983451019645,1.677701773318112
1238,1,1237,expanding,low_high_imbalance,1237,240,0.19390298803914943,0.18680279826054075,0,0.03759836877051053,0.034895285437968285,0.21555118148415536,0.20678163828224355
1238,938,1237,rolling300,low_high_imbalance,300,59,0.1960501748912838,0.18680279826054075,0,0.03843567107490296,0.034895285437968285,0.21821841833174108,0.20678163828224355
1238,1,1237,expanding,repeated_end,1237,965,0.7802751004835214,0.790290065389328,1,0.0482790314675266,0.043978256674412325,0.2481087285524384,0.2353552295330889
1238,938,1237,rolling300,repeated_end,300,230,0.768143129086833,0.790290065389328,1,0.05375760858964498,0.043978256674412325,0.26377919719996973,0.2353552295330889
1238,1,1237,expanding,end_multiplicity_ge3,1237,103,0.08336487604306479,0.08948245930662266,1,0.8402199504715461,0.829042191910316,2.4845282088890137,2.41371265830984
1238,938,1237,rolling300,end_multiplicity_ge3,300,28,0.09309265370666392,0.08948245930662266,1,0.8224809347608211,0.829042191910316,2.374160005367111,2.41371265830984
1238,1,1237,expanding,multiple_repeat_end_groups,1237,300,0.24226070810800407,0.22608550458805707,1,0.5741688344769834,0.5989436462087222,1.4177408264719535,1.4868420123767523
1238,938,1237,rolling300,multiple_repeat_end_groups,300,73,0.24225534403675356,0.22608550458805707,1,0.5741769636408588,0.5989436462087222,1.4177629684473412,1.4868420123767523
1238,1,1237,expanding,extreme_sum,1237,155,0.1251302737988077,0.11443770825506504,0,0.01565758542096458,0.01309598907067138,0.13368028805039092,0.12153247782470628
1238,938,1237,rolling300,extreme_sum,300,33,0.11027735676594157,0.11443770825506504,0,0.012161095415282758,0.01309598907067138,0.11684550164045943,0.12153247782470628
1238,1,1237,expanding,narrow_three_span_le4,1237,307,0.24845081484407217,0.26513371294993526,0,0.06172780739668343,0.07029588574261866,0.28561862262153526,0.30806671870004826
1238,938,1237,rolling300,narrow_three_span_le4,300,71,0.23844585705937096,0.26513371294993526,0,0.05685642674877797,0.07029588574261866,0.2723940087927795,0.30806671870004826
1238,1,1237,expanding,large_gap_ge15,1237,525,0.42461074956130446,0.4367856099279809,0,0.1802942886430128,0.19078166904015828,0.5527085099323239,0.574094923910703
1238,938,1237,rolling300,large_gap_ge15,300,117,0.39292410062049876,0.4367856099279809,0,0.15438934884842784,0.19078166904015828,0.4991014555755855,0.574094923910703
1238,1,1237,expanding,previous_overlap_ge2,1236,234,0.18909726275256586,0.17530810086113546,0,0.03575777478051293,0.030732930227538046,0.20960716147013297,0.19274541798861644
1238,938,1237,rolling300,previous_overlap_ge2,300,52,0.17345675630382096,0.17530810086113546,0,0.03008724630744313,0.030732930227538046,0.19050304161829765,0.19274541798861644
1239,1,1238,expanding,consecutive_ge1,1238,639,0.5163552859492267,0.5287474862063631,1,0.23391220942925423,0.2220789317568219,0.6609602117732737,0.6372443028525948
1239,939,1238,rolling300,consecutive_ge1,300,154,0.5142967178878977,0.5287474862063631,1,0.23590767825446848,0.2220789317568219,0.6649549079290035,0.6372443028525948
1239,1,1238,expanding,consecutive_ge2,1238,155,0.1251958149459067,0.12481676009753151,0,0.015673992079969716,0.015579223601244734,0.1337552061785153,0.1333219975178157
1239,939,1238,rolling300,consecutive_ge2,300,32,0.10780104750609572,0.12481676009753151,0,0.011621065843411505,0.015579223601244734,0.11406613035960535,0.1333219975178157
1239,1,1238,expanding,band_ge3,1238,540,0.43645341700128,0.45291992938050796,1,0.3175847512095333,0.2992966036690284,0.8290736287529972,0.7920399254567645
1239,939,1238,rolling300,band_ge3,300,120,0.40330749558628176,0.45291992938050796,1,0.35604194482351514,0.2992966036690284,0.9080559916413032,0.7920399254567645
1239,1,1238,expanding,band_ge4,1238,71,0.0574925384074228,0.06628066582689385,0,0.0033053919725289857,0.004393126662456374,0.059211442882208455,0.0685793846560867
1239,939,1238,rolling300,band_ge4,300,16,0.05414254161418086,0.06628066582689385,0,0.0029314148124433064,0.004393126662456374,0.05566339952245692,0.0685793846560867
1239,1,1238,expanding,odd_imbalance,1238,218,0.17626077580700383,0.18680279826054075,0,0.031067861088086866,0.034895285437968285,0.1939012746555394,0.20678163828224355
1239,939,1238,rolling300,odd_imbalance,300,51,0.1710501748912838,0.18680279826054075,0,0.029258162330338774,0.034895285437968285,0.18759565027597674,0.20678163828224355
1239,1,1238,expanding,low_high_imbalance,1238,240,0.19374885211860957,0.18680279826054075,0,0.037538617697278835,0.034895285437968285,0.21535998714431198,0.20678163828224355
1239,939,1238,rolling300,low_high_imbalance,300,59,0.1960501748912838,0.18680279826054075,0,0.03843567107490296,0.034895285437968285,0.21821841833174108,0.20678163828224355
1239,1,1238,expanding,repeated_end,1238,966,0.780449762565808,0.790290065389328,1,0.04820230675741008,0.043978256674412325,0.24788490680505562,0.2353552295330889
1239,939,1238,rolling300,repeated_end,300,230,0.768143129086833,0.790290065389328,1,0.05375760858964498,0.043978256674412325,0.26377919719996973,0.2353552295330889
1239,1,1238,expanding,end_multiplicity_ge3,1238,104,0.08409352081568558,0.08948245930662266,0,0.0070717202431781435,0.00800711052356138,0.08784101648061161,0.09374211509792349
1239,939,1238,rolling300,end_multiplicity_ge3,300,29,0.09621765370666392,0.08948245930662266,0,0.009257836884815497,0.00800711052356138,0.1011667149537063,0.09374211509792349
1239,1,1238,expanding,multiple_repeat_end_groups,1238,301,0.24286304458804542,0.22608550458805707,1,0.5732563692504841,0.5989436462087222,1.4152575970435204,1.4868420123767523
1239,939,1238,rolling300,multiple_repeat_end_groups,300,74,0.24538034403675354,0.22608550458805707,1,0.5694508251660884,0.5989436462087222,1.4049458475630552,1.4868420123767523
1239,1,1238,expanding,extreme_sum,1238,155,0.12503080617257656,0.11443770825506504,0,0.015632702492164408,0.01309598907067138,0.13356660029867873,0.12153247782470628
1239,939,1238,rolling300,extreme_sum,300,33,0.11027735676594157,0.11443770825506504,0,0.012161095415282758,0.01309598907067138,0.11684550164045943,0.12153247782470628
1239,1,1238,expanding,narrow_three_span_le4,1238,307,0.24825331817090518,0.26513371294993526,1,0.5651230736410542,0.5400284598427482,1.3933056098988303,1.3275210030826026
1239,939,1238,rolling300,narrow_three_span_le4,300,71,0.23844585705937096,0.26513371294993526,1,0.5799647126300361,0.5400284598427482,1.433613008851534,1.3275210030826026
1239,1,1238,expanding,large_gap_ge15,1238,525,0.42427322114352917,0.4367856099279809,0,0.180007766179506,0.19078166904015828,0.552122073085197,0.574094923910703
1239,939,1238,rolling300,large_gap_ge15,300,116,0.3897991006204988,0.4367856099279809,0,0.15194333884454972,0.19078166904015828,0.49396703279127807,0.574094923910703
1239,1,1238,expanding,previous_overlap_ge2,1237,234,0.18894682738044766,0.17530810086113546,1,0.6578072488162414,0.6801167285052672,1.6662896401164513,1.7412102767071724
1239,939,1238,rolling300,previous_overlap_ge2,300,52,0.17345675630382096,0.17530810086113546,1,0.6831737336998012,0.6801167285052672,1.751826953867116,1.7412102767071724
1240,1,1239,expanding,consecutive_ge1,1239,640,0.5167394358412448,0.5287474862063631,1,0.23354077287103833,0.2220789317568219,0.6602165240907784,0.6372443028525948
1240,940,1239,rolling300,consecutive_ge1,300,155,0.5174217178878977,0.5287474862063631,1,0.2328817983662678,0.2220789317568219,0.6588970350668805,0.6372443028525948
1240,1,1239,expanding,consecutive_ge2,1239,155,0.12509637426683928,0.12481676009753151,0,0.015649102854709128,0.015579223601244734,0.13364154070984513,0.1333219975178157
1240,940,1239,rolling300,consecutive_ge2,300,32,0.10780104750609572,0.12481676009753151,0,0.011621065843411505,0.015579223601244734,0.11406613035960535,0.1333219975178157
1240,1,1239,expanding,band_ge3,1239,541,0.4369010314436936,0.45291992938050796,1,0.3170804483891761,0.2992966036690284,0.8280485822042478,0.7920399254567645
1240,940,1239,rolling300,band_ge3,300,121,0.40643249558628175,0.45291992938050796,1,0.3523223822959295,0.2992966036690284,0.9003374263025505,0.7920399254567645
1240,1,1239,expanding,band_ge4,1239,71,0.057446873166431996,0.06628066582689385,1,0.888406396903736,0.8718317950086687,2.8568947032106666,2.7138570408059484
1240,940,1239,rolling300,band_ge4,300,16,0.05414254161418086,0.06628066582689385,1,0.8946463315840816,0.8718317950086687,2.9161350506784274,2.7138570408059484
1240,1,1239,expanding,odd_imbalance,1239,218,0.17612077519079494,0.18680279826054075,0,0.03101852745380653,0.034895285437968285,0.19373133164885528,0.20678163828224355
1240,940,1239,rolling300,odd_imbalance,300,51,0.1710501748912838,0.18680279826054075,0,0.029258162330338774,0.034895285437968285,0.18759565027597674,0.20678163828224355
1240,1,1239,expanding,low_high_imbalance,1239,240,0.19359496105259,0.18680279826054075,0,0.03747900894495384,0.034895285437968285,0.21516913298985102,0.20678163828224355
1240,940,1239,rolling300,low_high_imbalance,300,59,0.1960501748912838,0.18680279826054075,0,0.03843567107490296,0.034895285437968285,0.21821841833174108,0.20678163828224355
1240,1,1239,expanding,repeated_end,1239,967,0.7806241471864865,0.790290065389328,1,0.048125764797656324,0.043978256674412325,0.24766149057816914,0.2353552295330889
1240,940,1239,rolling300,repeated_end,300,231,0.7712681290868331,0.790290065389328,1,0.052318268771437665,0.043978256674412325,0.2597191979294578,0.2353552295330889
1240,1,1239,expanding,end_multiplicity_ge3,1239,104,0.08402672691511712,0.08948245930662266,0,0.007060490836067667,0.00800711052356138,0.08776809258862006,0.09374211509792349
1240,940,1239,rolling300,end_multiplicity_ge3,300,29,0.09621765370666392,0.08948245930662266,0,0.009257836884815497,0.00800711052356138,0.1011667149537063,0.09374211509792349
1240,1,1239,expanding,multiple_repeat_end_groups,1239,302,0.24346442421903186,0.22608550458805707,0,0.05927492586030471,0.05111465538483637,0.27900572005050545,0.25629388253878654
1240,940,1239,rolling300,multiple_repeat_end_groups,300,75,0.24850534403675356,0.22608550458805707,0,0.06175490601482525,0.05111465538483637,0.28569118097441026,0.25629388253878654
1240,1,1239,expanding,extreme_sum,1239,155,0.12493149655687157,0.11443770825506504,0,0.015607878831939611,0.01309598907067138,0.1334531060397076,0.12153247782470628
1240,940,1239,rolling300,extreme_sum,300,33,0.11027735676594157,0.11443770825506504,0,0.012161095415282758,0.01309598907067138,0.11684550164045943,0.12153247782470628
1240,1,1239,expanding,narrow_three_span_le4,1239,308,0.24885041640905378,0.26513371294993526,0,0.06192652974695946,0.07029588574261866,0.286150467835908,0.30806671870004826
1240,940,1239,rolling300,narrow_three_span_le4,300,72,0.24157085705937095,0.26513371294993526,0,0.058356478980399036,0.07029588574261866,0.2765059019064261,0.30806671870004826
1240,1,1239,expanding,large_gap_ge15,1239,525,0.42393622891069077,0.4367856099279809,0,0.1797219261830176,0.19078166904015828,0.5515369107178373,0.574094923910703
1240,940,1239,rolling300,large_gap_ge15,300,115,0.3866741006204988,0.4367856099279809,0,0.1495168600906716,0.19078166904015828,0.48885883769757044,0.574094923910703
1240,1,1239,expanding,previous_overlap_ge2,1238,235,0.18959154373388135,0.17530810086113546,1,0.6567618659876336,0.6801167285052672,1.6628832907155477,1.7412102767071724
1240,940,1239,rolling300,previous_overlap_ge2,300,53,0.17658175630382095,0.17530810086113546,1,0.6780176040517,0.6801167285052672,1.7339713013365028,1.7412102767071724
1241,1,1240,expanding,consecutive_ge1,1240,641,0.5171229759715296,0.5287474862063631,1,0.233170220334592,0.2220789317568219,0.6594745682105813,0.6372443028525948
1241,941,1240,rolling300,consecutive_ge1,300,156,0.5205467178878977,0.5287474862063631,1,0.22987544972806712,0.2220789317568219,0.652875639166455,0.6372443028525948
1241,1,1240,expanding,consecutive_ge2,1240,155,0.12499709143011956,0.12481676009753151,0,0.015624272865989667,0.015579223601244734,0.13352806855018393,0.1333219975178157
1241,941,1240,rolling300,consecutive_ge2,300,32,0.10780104750609572,0.12481676009753151,0,0.011621065843411505,0.015579223601244734,0.11406613035960535,0.1333219975178157
1241,1,1240,expanding,band_ge3,1240,542,0.43734793538699224,0.45291992938050796,0,0.19127321658726473,0.20513646243004433,0.575093844348257,0.6031601058843978
1241,941,1240,rolling300,band_ge3,300,122,0.40955749558628174,0.45291992938050796,0,0.1677373421909072,0.20513646243004433,0.526883015716554,0.6031601058843978
1241,1,1240,expanding,band_ge4,1240,72,0.058194931203601495,0.06628066582689385,0,0.003386650017791911,0.004393126662456374,0.0599569591565878,0.0685793846560867
1241,941,1240,rolling300,band_ge4,300,17,0.057267541614180864,0.06628066582689385,0,0.003279571322531937,0.004393126662456374,0.05897274987350888,0.0685793846560867
1241,1,1240,expanding,odd_imbalance,1240,218,0.17598099679778637,0.18680279826054075,0,0.030969311233942497,0.034895285437968285,0.19356168719998357,0.20678163828224355
1241,941,1240,rolling300,odd_imbalance,300,51,0.1710501748912838,0.18680279826054075,0,0.029258162330338774,0.034895285437968285,0.18759565027597674,0.20678163828224355
1241,1,1240,expanding,low_high_imbalance,1240,240,0.19344131425810382,0.18680279826054075,0,0.03741954206190248,0.034895285437968285,0.21497861811019311,0.20678163828224355
1241,941,1240,rolling300,low_high_imbalance,300,59,0.1960501748912838,0.18680279826054075,0,0.03843567107490296,0.034895285437968285,0.21821841833174108,0.20678163828224355
1241,1,1240,expanding,repeated_end,1240,968,0.7807982550061797,0.790290065389328,1,0.048049405008335815,0.043978256674412325,0.24743847876513214,0.2353552295330889
1241,941,1240,rolling300,repeated_end,300,232,0.774393129086833,0.790290065389328,1,0.0508984602032304,0.043978256674412325,0.25567561562262164,0.2353552295330889
1241,1,1240,expanding,end_multiplicity_ge3,1240,104,0.08396003903661306,0.08948245930662266,1,0.8391292100818034,0.829042191910316,2.4774143190868276,2.41371265830984
1241,941,1240,rolling300,end_multiplicity_ge3,300,29,0.09621765370666392,0.08948245930662266,1,0.8168225294714877,0.829042191910316,2.34114242768218,2.41371265830984
1241,1,1240,expanding,multiple_repeat_end_groups,1240,302,0.2432711984855247,0.22608550458805707,0,0.05918087601258355,0.05111465538483637,0.27875034400722265,0.25629388253878654
1241,941,1240,rolling300,multiple_repeat_end_groups,300,75,0.24850534403675356,0.22608550458805707,0,0.06175490601482525,0.05111465538483637,0.28569118097441026,0.25629388253878654
1241,1,1240,expanding,extreme_sum,1240,155,0.12483234457547722,0.11443770825506504,0,0.015583114252210676,0.01309598907067138,0.13333980477919136,0.12153247782470628
1241,941,1240,rolling300,extreme_sum,300,33,0.11027735676594157,0.11443770825506504,0,0.012161095415282758,0.01309598907067138,0.11684550164045943,0.12153247782470628
1241,1,1240,expanding,narrow_three_span_le4,1240,308,0.2486529160785704,0.26513371294993526,0,0.06182827267437657,0.07029588574261866,0.28588757163667994,0.30806671870004826
1241,941,1240,rolling300,narrow_three_span_le4,300,71,0.23844585705937096,0.26513371294993526,0,0.05685642674877797,0.07029588574261866,0.2723940087927795,0.30806671870004826
1241,1,1240,expanding,large_gap_ge15,1240,525,0.42359977158615847,0.4367856099279809,1,0.3322372233155287,0.3172104491841965,0.8589662044756201,0.8283127993981904
1241,941,1240,rolling300,large_gap_ge15,300,114,0.3835491006204988,0.4367856099279809,1,0.380011711345796,0.3172104491841965,0.9582876334616073,0.8283127993981904
1241,1,1240,expanding,previous_overlap_ge2,1239,236,0.19023523591518882,0.17530810086113546,0,0.03618944498370755,0.030732930227538046,0.21101148820428062,0.19274541798861644
1241,941,1240,rolling300,previous_overlap_ge2,300,54,0.17970675630382096,0.17530810086113546,0,0.0322945182612409,0.030732930227538046,0.19809338838894527,0.19274541798861644
1242,1,1241,expanding,consecutive_ge1,1241,642,0.5175059077907432,0.5287474862063631,0,0.26781236459832125,0.2795739041695482,0.7287866024039491,0.7523612059240392
1242,942,1241,rolling300,consecutive_ge1,300,156,0.5205467178878977,0.5287474862063631,0,0.2709688855038626,0.2795739041695482,0.7351088198284406,0.7523612059240392
1242,1,1241,expanding,consecutive_ge2,1241,155,0.12489796606023049,0.12481676009753151,0,0.015599501925982487,0.015579223601244734,0.13341478920608604,0.1333219975178157
1242,942,1241,rolling300,consecutive_ge2,300,32,0.10780104750609572,0.12481676009753151,0,0.011621065843411505,0.015579223601244734,0.11406613035960535,0.1333219975178157
1242,1,1241,expanding,band_ge3,1241,542,0.43700110910992085,0.45291992938050796,1,0.31696775114345926,0.2992966036690284,0.8278195458807954,0.7920399254567645
1242,942,1241,rolling300,band_ge3,300,122,0.40955749558628174,0.45291992938050796,1,0.3486223510183437,0.2992966036690284,0.8926779811826785,0.7920399254567645
1242,1,1241,expanding,band_ge4,1241,72,0.05814878137711172,0.06628066582689385,0,0.0033812807756431348,0.004393126662456374,0.05990795889384643,0.0685793846560867
1242,942,1241,rolling300,band_ge4,300,17,0.057267541614180864,0.06628066582689385,0,0.003279571322531937,0.004393126662456374,0.05897274987350888,0.0685793846560867
1242,1,1241,expanding,odd_imbalance,1241,218,0.17584144009929487,0.18680279826054075,0,0.030920212056193903,0.034895285437968285,0.19339234052041562,0.20678163828224355
1242,942,1241,rolling300,odd_imbalance,300,51,0.1710501748912838,0.18680279826054075,0,0.029258162330338774,0.034895285437968285,0.18759565027597674,0.20678163828224355
1242,1,1241,expanding,low_high_imbalance,1241,240,0.19328791115401334,0.18680279826054075,0,0.03736021659828175,0.034895285437968285,0.21478844159801766,0.20678163828224355
1242,942,1241,rolling300,low_high_imbalance,300,59,0.1960501748912838,0.18680279826054075,0,0.03843567107490296,0.034895285437968285,0.21821841833174108,0.20678163828224355
1242,1,1241,expanding,repeated_end,1241,969,0.7809720866834151,0.790290065389328,1,0.04797322681181743,0.043978256674412325,0.2472158702633403,0.2353552295330889
1242,942,1241,rolling300,repeated_end,300,233,0.777518129086833,0.790290065389328,1,0.049498182885023084,0.043978256674412325,0.2516483180471054,0.2353552295330889
1242,1,1241,expanding,end_multiplicity_ge3,1241,105,0.0846864783395182,0.08948245930662266,0,0.007171799613549685,0.00800711052356138,0.08848862577308649,0.09374211509792349
1242,942,1241,rolling300,end_multiplicity_ge3,300,30,0.09934265370666392,0.08948245930662266,0,0.009868962845482148,0.00800711052356138,0.10463039748860294,0.09374211509792349
1242,1,1241,expanding,multiple_repeat_end_groups,1241,302,0.2430782792163054,0.22608550458805707,0,0.05908704982676013,0.05111465538483637,0.27849543804653765,0.25629388253878654
1242,942,1241,rolling300,multiple_repeat_end_groups,300,75,0.24850534403675356,0.22608550458805707,0,0.06175490601482525,0.05111465538483637,0.28569118097441026,0.25629388253878654
1242,1,1241,expanding,extreme_sum,1241,155,0.12473334985337137,0.11443770825506504,0,0.015558408565643538,0.01309598907067138,0.13322669602452825,0.12153247782470628
1242,942,1241,rolling300,extreme_sum,300,33,0.11027735676594157,0.11443770825506504,0,0.012161095415282758,0.01309598907067138,0.11684550164045943,0.12153247782470628
1242,1,1241,expanding,narrow_three_span_le4,1241,308,0.24845572899206875,0.26513371294993526,0,0.06173024926898031,0.07029588574261866,0.2856251613340504,0.30806671870004826
1242,942,1241,rolling300,narrow_three_span_le4,300,71,0.23844585705937096,0.26513371294993526,0,0.05685642674877797,0.07029588574261866,0.2723940087927795,0.30806671870004826
1242,1,1241,expanding,large_gap_ge15,1241,526,0.42405686930892916,0.4367856099279809,1,0.3317104897902319,0.3172104491841965,0.8578877070156241,0.8283127993981904
1242,942,1241,rolling300,large_gap_ge15,300,115,0.3866741006204988,0.4367856099279809,1,0.37616865884967404,0.3172104491841965,0.9501730579919794,0.8283127993981904
1242,1,1241,expanding,previous_overlap_ge2,1240,236,0.19008425556922437,0.17530810086113546,0,0.03613202421530621,0.030732930227538046,0.21082505594729165,0.19274541798861644
1242,942,1241,rolling300,previous_overlap_ge2,300,54,0.17970675630382096,0.17530810086113546,0,0.0322945182612409,0.030732930227538046,0.19809338838894527,0.19274541798861644
1243,1,1242,expanding,consecutive_ge1,1242,642,0.5170958397180089,0.5287474862063631,1,0.23319642801765497,0.2220789317568219,0.6595270450232542,0.6372443028525948
1243,943,1242,rolling300,consecutive_ge1,300,155,0.5174217178878977,0.5287474862063631,1,0.2328817983662678,0.2220789317568219,0.6588970350668805,0.6372443028525948
1243,1,1242,expanding,consecutive_ge2,1242,155,0.1247989977828452,0.12481676009753151,0,0.015574789847602601,0.015579223601244734,0.13330170218578574,0.1333219975178157
1243,943,1242,rolling300,consecutive_ge2,300,32,0.10780104750609572,0.12481676009753151,0,0.011621065843411505,0.015579223601244734,0.11406613035960535,0.1333219975178157
1243,1,1242,expanding,band_ge3,1242,543,0.4374472255052379,0.45291992938050796,0,0.19136007510223046,0.20513646243004433,0.5752703279804856,0.6031601058843978
1243,943,1242,rolling300,band_ge3,300,123,0.41268249558628173,0.45291992938050796,0,0.17030684216332143,0.20513646243004433,0.5321897120047192,0.6031601058843978
1243,1,1242,expanding,band_ge4,1242,72,0.058102704688223365,0.06628066582689385,0,0.0033759242920868935,0.004393126662456374,0.05985903868124183,0.0685793846560867
1243,943,1242,rolling300,band_ge4,300,17,0.057267541614180864,0.06628066582689385,0,0.003279571322531937,0.004393126662456374,0.05897274987350888,0.0685793846560867
1243,1,1242,expanding,odd_imbalance,1242,218,0.17570210456831287,0.18680279826054075,0,0.03087122954973435,0.034895285437968285,0.19322329082442505,0.20678163828224355
1243,943,1242,rolling300,odd_imbalance,300,51,0.1710501748912838,0.18680279826054075,0,0.029258162330338774,0.034895285437968285,0.18759565027597674,0.20678163828224355
1243,1,1242,expanding,low_high_imbalance,1242,240,0.19313475116102283,0.18680279826054075,0,0.03730103210603021,0.034895285437968285,0.21459860254924892,0.20678163828224355
1243,943,1242,rolling300,low_high_imbalance,300,59,0.1960501748912838,0.18680279826054075,0,0.03843567107490296,0.034895285437968285,0.21821841833174108,0.20678163828224355
1243,1,1242,expanding,repeated_end,1242,970,0.7811456428746327,0.790290065389328,1,0.0478972296327578,0.043978256674412325,0.24699366397421402,0.2353552295330889
1243,943,1242,rolling300,repeated_end,300,233,0.777518129086833,0.790290065389328,1,0.049498182885023084,0.043978256674412325,0.2516483180471054,0.2353552295330889
1243,1,1242,expanding,end_multiplicity_ge3,1242,105,0.08461937336460575,0.08948245930662266,0,0.007160438348618548,0.00800711052356138,0.08841531481067916,0.09374211509792349
1243,943,1242,rolling300,end_multiplicity_ge3,300,30,0.09934265370666392,0.08948245930662266,0,0.009868962845482148,0.00800711052356138,0.10463039748860294,0.09374211509792349
1243,1,1242,expanding,multiple_repeat_end_groups,1242,302,0.2428856656828535,0.22608550458805707,1,0.5732221152284959,0.5989436462087222,1.4151644579600968,1.4868420123767523
1243,943,1242,rolling300,multiple_repeat_end_groups,300,75,0.24850534403675356,0.22608550458805707,1,0.5647442179413182,0.5989436462087222,1.392290928498604,1.4868420123767523
1243,1,1242,expanding,extreme_sum,1242,155,0.12463451201672052,0.11443770825506504,0,0.01553376158564605,0.01309598907067138,0.1331137792847939,0.12153247782470628
1243,943,1242,rolling300,extreme_sum,300,33,0.11027735676594157,0.11443770825506504,0,0.012161095415282758,0.01309598907067138,0.11684550164045943,0.12153247782470628
1243,1,1242,expanding,narrow_three_span_le4,1242,308,0.2482588544049118,0.26513371294993526,0,0.061632458790439194,0.07029588574261866,0.2853632355731694,0.30806671870004826
1243,943,1242,rolling300,narrow_three_span_le4,300,71,0.23844585705937096,0.26513371294993526,0,0.05685642674877797,0.07029588574261866,0.2723940087927795,0.30806671870004826
1243,1,1242,expanding,large_gap_ge15,1242,527,0.42451324262960355,0.4367856099279809,0,0.18021149316790064,0.19078166904015828,0.5525390617358672,0.574094923910703
1243,943,1242,rolling300,large_gap_ge15,300,115,0.3866741006204988,0.4367856099279809,0,0.1495168600906716,0.19078166904015828,0.48885883769757044,0.574094923910703
1243,1,1242,expanding,previous_overlap_ge2,1241,236,0.1899335146845541,0.17530810086113546,0,0.03607474000042773,0.030732930227538046,0.21063895404773075,0.19274541798861644
1243,943,1242,rolling300,previous_overlap_ge2,300,54,0.17970675630382096,0.17530810086113546,0,0.0322945182612409,0.030732930227538046,0.19809338838894527,0.19274541798861644
1244,1,1243,expanding,consecutive_ge1,1243,643,0.5174781866382638,0.5287474862063631,0,0.2677836736464258,0.2795739041695482,0.7287291501851266,0.7523612059240392
1244,944,1243,rolling300,consecutive_ge1,300,155,0.5174217178878977,0.5287474862063631,0,0.2677252341420632,0.2795739041695482,0.72861212864364,0.7523612059240392
1244,1,1243,expanding,consecutive_ge2,1243,155,0.12470018622482236,0.12481676009753151,0,0.015550136444505376,0.015579223601244734,0.13318880699919108,0.1333219975178157
1244,944,1243,rolling300,consecutive_ge2,300,32,0.10780104750609572,0.12481676009753151,0,0.011621065843411505,0.015579223601244734,0.11406613035960535,0.1333219975178157
1244,1,1243,expanding,band_ge3,1243,543,0.43710086982391944,0.45291992938050796,0,0.19105717040082695,0.20513646243004433,0.5746548317681367,0.6031601058843978
1244,944,1243,rolling300,band_ge3,300,123,0.41268249558628173,0.45291992938050796,0,0.17030684216332143,0.20513646243004433,0.5321897120047192,0.6031601058843978
1244,1,1243,expanding,band_ge4,1243,72,0.058056700963212894,0.06628066582689385,0,0.003370580526731925,0.004393126662456374,0.059810198322713025,0.0685793846560867
1244,944,1243,rolling300,band_ge4,300,17,0.057267541614180864,0.06628066582689385,0,0.003279571322531937,0.004393126662456374,0.05897274987350888,0.0685793846560867
1244,1,1243,expanding,odd_imbalance,1243,218,0.17556298967950185,0.18680279826054075,0,0.03082236334520487,0.034895285437968285,0.1930545373290562,0.20678163828224355
1244,944,1243,rolling300,odd_imbalance,300,51,0.1710501748912838,0.18680279826054075,0,0.029258162330338774,0.034895285437968285,0.18759565027597674,0.20678163828224355
1244,1,1243,expanding,low_high_imbalance,1243,240,0.19298183370167127,0.18680279826054075,0,0.037241988138859504,0.034895285437968285,0.21440910006304098,0.20678163828224355
1244,944,1243,rolling300,low_high_imbalance,300,59,0.1960501748912838,0.18680279826054075,0,0.03843567107490296,0.034895285437968285,0.21821841833174108,0.20678163828224355
1244,1,1243,expanding,repeated_end,1243,971,0.7813189242341936,0.790290065389328,1,0.04782141289809037,0.043978256674412325,0.24677185880317976,0.2353552295330889
1244,944,1243,rolling300,repeated_end,300,234,0.780643129086833,0.790290065389328,1,0.04811743681681582,0.043978256674412325,0.24763717456176906,0.2353552295330889
1244,1,1243,expanding,end_multiplicity_ge3,1243,105,0.08455237465251976,0.08948245930662266,0,0.007149104059380066,0.00800711052356138,0.08834212529981882,0.09374211509792349
1244,944,1243,rolling300,end_multiplicity_ge3,300,30,0.09934265370666392,0.08948245930662266,0,0.009868962845482148,0.00800711052356138,0.10463039748860294,0.09374211509792349
1244,1,1243,expanding,multiple_repeat_end_groups,1243,303,0.24348512279632709,0.22608550458805707,0,0.05928500502314248,0.05111465538483637,0.2790330801127634,0.25629388253878654
1244,944,1243,rolling300,multiple_repeat_end_groups,300,76,0.25163034403675355,0.22608550458805707,0,0.06331783004005495,0.05111465538483637,0.2898582306163058,0.25629388253878654
1244,1,1243,expanding,extreme_sum,1243,155,0.12453583069287513,0.11443770825506504,0,0.01550917312636446,0.01309598907067138,0.13300105407073443,0.12153247782470628
1244,944,1243,rolling300,extreme_sum,300,33,0.11027735676594157,0.11443770825506504,0,0.012161095415282758,0.01309598907067138,0.11684550164045943,0.12153247782470628
1244,1,1243,expanding,narrow_three_span_le4,1243,308,0.24806229157482082,0.26513371294993526,0,0.06153490050135142,0.07029588574261866,0.2851017930042525,0.30806671870004826
1244,944,1243,rolling300,narrow_three_span_le4,300,71,0.23844585705937096,0.26513371294993526,0,0.05685642674877797,0.07029588574261866,0.2723940087927795,0.30806671870004826
1244,1,1243,expanding,large_gap_ge15,1243,527,0.42417712763148036,0.4367856099279809,0,0.17992623560569318,0.19078166904015828,0.5519551788272382,0.574094923910703
1244,944,1243,rolling300,large_gap_ge15,300,114,0.3835491006204988,0.4367856099279809,0,0.1471099125867935,0.19078166904015828,0.4837766037027847,0.574094923910703
1244,1,1243,expanding,previous_overlap_ge2,1242,236,0.1897830126919356,0.17530810086113546,1,0.6564515665225563,0.6801167285052672,1.6618738979080014,1.7412102767071724
1244,944,1243,rolling300,previous_overlap_ge2,300,54,0.17970675630382096,0.17530810086113546,1,0.672881005653599,0.6801167285052672,1.7164288882153647,1.7412102767071724
