target,training_cutoff,version,status,raw_data_sha256,freeze_commit,freeze_seal_sha256,mode,model_id,candidate_id,candidate_rank,no1,no2,no3,no4,no5,no6,ticket_score,score_kind,bank_rank,selected_portfolio_line
1245,1244,prospective_v4,REGISTERED_UNEVALUATED,243cd17e6b97a2d96709ddfc689a068038669341a52dcc0743c141d309e43b9f,746efc843d53dff4e61394e26d458ea3f50c93e4,6a018e3036187a26ac9bcffda9fd7379d65d86cde84514faa08f4ea349b0f4bb,expanding,V4_U,expanding:V4_U:01,1,6,16,18,21,31,40,,uniform_generation_order_no_learned_score,,
1245,1244,prospective_v4,REGISTERED_UNEVALUATED,243cd17e6b97a2d96709ddfc689a068038669341a52dcc0743c141d309e43b9f,746efc843d53dff4e61394e26d458ea3f50c93e4,6a018e3036187a26ac9bcffda9fd7379d65d86cde84514faa08f4ea349b0f4bb,expanding,V4_U,expanding:V4_U:02,2,5,11,16,24,33,37,,uniform_generation_order_no_learned_score,,
1245,1244,prospective_v4,REGISTERED_UNEVALUATED,243cd17e6b97a2d96709ddfc689a068038669341a52dcc0743c141d309e43b9f,746efc843d53dff4e61394e26d458ea3f50c93e4,6a018e3036187a26ac9bcffda9fd7379d65d86cde84514faa08f4ea349b0f4bb,expanding,V4_U,expanding:V4_U:03,3,16,21,24,25,28,30,,uniform_generation_order_no_learned_score,,
1245,1244,prospective_v4,REGISTERED_UNEVALUATED,243cd17e6b97a2d96709ddfc689a068038669341a52dcc0743c141d309e43b9f,746efc843d53dff4e61394e26d458ea3f50c93e4,6a018e3036187a26ac9bcffda9fd7379d65d86cde84514faa08f4ea349b0f4bb,expanding,V4_U,expanding:V4_U:04,4,3,10,17,21,23,32,,uniform_generation_order_no_learned_score,,
1245,1244,prospective_v4,REGISTERED_UNEVALUATED,243cd17e6b97a2d96709ddfc689a068038669341a52dcc0743c141d309e43b9f,746efc843d53dff4e61394e26d458ea3f50c93e4,6a018e3036187a26ac9bcffda9fd7379d65d86cde84514faa08f4ea349b0f4bb,expanding,V4_U,expanding:V4_U:05,5,15,19,34,37,40,41,,uniform_generation_order_no_learned_score,,
1245,1244,prospective_v4,REGISTERED_UNEVALUATED,243cd17e6b97a2d96709ddfc689a068038669341a52dcc0743c141d309e43b9f,746efc843d53dff4e61394e26d458ea3f50c93e4,6a018e3036187a26ac9bcffda9fd7379d65d86cde84514faa08f4ea349b0f4bb,expanding,V4_U,expanding:V4_U:06,6,13,16,18,23,31,39,,uniform_generation_order_no_learned_score,,
1245,1244,prospective_v4,REGISTERED_UNEVALUATED,243cd17e6b97a2d96709ddfc689a068038669341a52dcc0743c141d309e43b9f,746efc843d53dff4e61394e26d458ea3f50c93e4,6a018e3036187a26ac9bcffda9fd7379d65d86cde84514faa08f4ea349b0f4bb,expanding,V4_U,expanding:V4_U:07,7,2,9,30,34,40,42,,uniform_generation_order_no_learned_score,,
1245,1244,prospective_v4,REGISTERED_UNEVALUATED,243cd17e6b97a2d96709ddfc689a068038669341a52dcc0743c141d309e43b9f,746efc843d53dff4e61394e26d458ea3f50c93e4,6a018e3036187a26ac9bcffda9fd7379d65d86cde84514faa08f4ea349b0f4bb,expanding,V4_U,expanding:V4_U:08,8,5,7,13,21,32,45,,uniform_generation_order_no_learned_score,,
1245,1244,prospective_v4,REGISTERED_UNEVALUATED,243cd17e6b97a2d96709ddfc689a068038669341a52dcc0743c141d309e43b9f,746efc843d53dff4e61394e26d458ea3f50c93e4,6a018e3036187a26ac9bcffda9fd7379d65d86cde84514faa08f4ea349b0f4bb,expanding,V4_U,expanding:V4_U:09,9,1,19,22,26,29,32,,uniform_generation_order_no_learned_score,,
1245,1244,prospective_v4,REGISTERED_UNEVALUATED,243cd17e6b97a2d96709ddfc689a068038669341a52dcc0743c141d309e43b9f,746efc843d53dff4e61394e26d458ea3f50c93e4,6a018e3036187a26ac9bcffda9fd7379d65d86cde84514faa08f4ea349b0f4bb,expanding,V4_U,expanding:V4_U:10,10,3,10,13,16,28,35,,uniform_generation_order_no_learned_score,,
1245,1244,prospective_v4,REGISTERED_UNEVALUATED,243cd17e6b97a2d96709ddfc689a068038669341a52dcc0743c141d309e43b9f,746efc843d53dff4e61394e26d458ea3f50c93e4,6a018e3036187a26ac9bcffda9fd7379d65d86cde84514faa08f4ea349b0f4bb,expanding,V4_U,expanding:V4_U:11,11,6,20,28,34,36,43,,uniform_generation_order_no_learned_score,,
1245,1244,prospective_v4,REGISTERED_UNEVALUATED,243cd17e6b97a2d96709ddfc689a068038669341a52dcc0743c141d309e43b9f,746efc843d53dff4e61394e26d458ea3f50c93e4,6a018e3036187a26ac9bcffda9fd7379d65d86cde84514faa08f4ea349b0f4bb,expanding,V4_U,expanding:V4_U:12,12,7,14,19,34,39,44,,uniform_generation_order_no_learned_score,,
1245,1244,prospective_v4,REGISTERED_UNEVALUATED,243cd17e6b97a2d96709ddfc689a068038669341a52dcc0743c141d309e43b9f,746efc843d53dff4e61394e26d458ea3f50c93e4,6a018e3036187a26ac9bcffda9fd7379d65d86cde84514faa08f4ea349b0f4bb,expanding,V4_U,expanding:V4_U:13,13,10,13,14,28,37,45,,uniform_generation_order_no_learned_score,,
1245,1244,prospective_v4,REGISTERED_UNEVALUATED,243cd17e6b97a2d96709ddfc689a068038669341a52dcc0743c141d309e43b9f,746efc843d53dff4e61394e26d458ea3f50c93e4,6a018e3036187a26ac9bcffda9fd7379d65d86cde84514faa08f4ea349b0f4bb,expanding,V4_U,expanding:V4_U:14,14,2,17,28,29,32,36,,uniform_generation_order_no_learned_score,,
1245,1244,prospective_v4,REGISTERED_UNEVALUATED,243cd17e6b97a2d96709ddfc689a068038669341a52dcc0743c141d309e43b9f,746efc843d53dff4e61394e26d458ea3f50c93e4,6a018e3036187a26ac9bcffda9fd7379d65d86cde84514faa08f4ea349b0f4bb,expanding,V4_U,expanding:V4_U:15,15,11,20,33,34,36,37,,uniform_generation_order_no_learned_score,,
1245,1244,prospective_v4,REGISTERED_UNEVALUATED,243cd17e6b97a2d96709ddfc689a068038669341a52dcc0743c141d309e43b9f,746efc843d53dff4e61394e26d458ea3f50c93e4,6a018e3036187a26ac9bcffda9fd7379d65d86cde84514faa08f4ea349b0f4bb,expanding,V4_U,expanding:V4_U:16,16,3,8,10,12,34,40,,uniform_generation_order_no_learned_score,,
1245,1244,prospective_v4,REGISTERED_UNEVALUATED,243cd17e6b97a2d96709ddfc689a068038669341a52dcc0743c141d309e43b9f,746efc843d53dff4e61394e26d458ea3f50c93e4,6a018e3036187a26ac9bcffda9fd7379d65d86cde84514faa08f4ea349b0f4bb,expanding,V4_U,expanding:V4_U:17,17,5,18,21,33,36,37,,uniform_generation_order_no_learned_score,,
1245,1244,prospective_v4,REGISTERED_UNEVALUATED,243cd17e6b97a2d96709ddfc689a068038669341a52dcc0743c141d309e43b9f,746efc843d53dff4e61394e26d458ea3f50c93e4,6a018e3036187a26ac9bcffda9fd7379d65d86cde84514faa08f4ea349b0f4bb,expanding,V4_U,expanding:V4_U:18,18,3,10,23,26,38,42,,uniform_generation_order_no_learned_score,,
1245,1244,prospective_v4,REGISTERED_UNEVALUATED,243cd17e6b97a2d96709ddfc689a068038669341a52dcc0743c141d309e43b9f,746efc843d53dff4e61394e26d458ea3f50c93e4,6a018e3036187a26ac9bcffda9fd7379d65d86cde84514faa08f4ea349b0f4bb,expanding,V4_U,expanding:V4_U:19,19,10,15,20,33,39,44,,uniform_generation_order_no_learned_score,,
1245,1244,prospective_v4,REGISTERED_UNEVALUATED,243cd17e6b97a2d96709ddfc689a068038669341a52dcc0743c141d309e43b9f,746efc843d53dff4e61394e26d458ea3f50c93e4,6a018e3036187a26ac9bcffda9fd7379d65d86cde84514faa08f4ea349b0f4bb,expanding,V4_U,expanding:V4_U:20,20,2,10,11,14,28,39,,uniform_generation_order_no_learned_score,,
1245,1244,prospective_v4,REGISTERED_UNEVALUATED,243cd17e6b97a2d96709ddfc689a068038669341a52dcc0743c141d309e43b9f,746efc843d53dff4e61394e26d458ea3f50c93e4,6a018e3036187a26ac9bcffda9fd7379d65d86cde84514faa08f4ea349b0f4bb,expanding,V4_U,expanding:V4_U:21,21,4,8,24,32,34,35,,uniform_generation_order_no_learned_score,,
1245,1244,prospective_v4,REGISTERED_UNEVALUATED,243cd17e6b97a2d96709ddfc689a068038669341a52dcc0743c141d309e43b9f,746efc843d53dff4e61394e26d458ea3f50c93e4,6a018e3036187a26ac9bcffda9fd7379d65d86cde84514faa08f4ea349b0f4bb,expanding,V4_U,expanding:V4_U:22,22,3,7,11,26,30,42,,uniform_generation_order_no_learned_score,,
1245,1244,prospective_v4,REGISTERED_UNEVALUATED,243cd17e6b97a2d96709ddfc689a068038669341a52dcc0743c141d309e43b9f,746efc843d53dff4e61394e26d458ea3f50c93e4,6a018e3036187a26ac9bcffda9fd7379d65d86cde84514faa08f4ea349b0f4bb,expanding,V4_U,expanding:V4_U:23,23,11,21,23,26,27,29,,uniform_generation_order_no_learned_score,,
1245,1244,prospective_v4,REGISTERED_UNEVALUATED,243cd17e6b97a2d96709ddfc689a068038669341a52dcc0743c141d309e43b9f,746efc843d53dff4e61394e26d458ea3f50c93e4,6a018e3036187a26ac9bcffda9fd7379d65d86cde84514faa08f4ea349b0f4bb,expanding,V4_U,expanding:V4_U:24,24,11,12,13,27,34,39,,uniform_generation_order_no_learned_score,,
1245,1244,prospective_v4,REGISTERED_UNEVALUATED,243cd17e6b97a2d96709ddfc689a068038669341a52dcc0743c141d309e43b9f,746efc843d53dff4e61394e26d458ea3f50c93e4,6a018e3036187a26ac9bcffda9fd7379d65d86cde84514faa08f4ea349b0f4bb,expanding,V4_U,expanding:V4_U:25,25,5,26,27,33,40,44,,uniform_generation_order_no_learned_score,,
1245,1244,prospective_v4,REGISTERED_UNEVALUATED,243cd17e6b97a2d96709ddfc689a068038669341a52dcc0743c141d309e43b9f,746efc843d53dff4e61394e26d458ea3f50c93e4,6a018e3036187a26ac9bcffda9fd7379d65d86cde84514faa08f4ea349b0f4bb,expanding,V4_U,expanding:V4_U:26,26,11,14,15,22,27,33,,uniform_generation_order_no_learned_score,,
1245,1244,prospective_v4,REGISTERED_UNEVALUATED,243cd17e6b97a2d96709ddfc689a068038669341a52dcc0743c141d309e43b9f,746efc843d53dff4e61394e26d458ea3f50c93e4,6a018e3036187a26ac9bcffda9fd7379d65d86cde84514faa08f4ea349b0f4bb,expanding,V4_U,expanding:V4_U:27,27,7,12,16,27,32,39,,uniform_generation_order_no_learned_score,,
1245,1244,prospective_v4,REGISTERED_UNEVALUATED,243cd17e6b97a2d96709ddfc689a068038669341a52dcc0743c141d309e43b9f,746efc843d53dff4e61394e26d458ea3f50c93e4,6a018e3036187a26ac9bcffda9fd7379d65d86cde84514faa08f4ea349b0f4bb,expanding,V4_U,expanding:V4_U:28,28,3,14,16,19,28,43,,uniform_generation_order_no_learned_score,,
1245,1244,prospective_v4,REGISTERED_UNEVALUATED,243cd17e6b97a2d96709ddfc689a068038669341a52dcc0743c141d309e43b9f,746efc843d53dff4e61394e26d458ea3f50c93e4,6a018e3036187a26ac9bcffda9fd7379d65d86cde84514faa08f4ea349b0f4bb,expanding,V4_U,expanding:V4_U:29,29,1,7,13,15,27,32,,uniform_generation_order_no_learned_score,,
1245,1244,prospective_v4,REGISTERED_UNEVALUATED,243cd17e6b97a2d96709ddfc689a068038669341a52dcc0743c141d309e43b9f,746efc843d53dff4e61394e26d458ea3f50c93e4,6a018e3036187a26ac9bcffda9fd7379d65d86cde84514faa08f4ea349b0f4bb,expanding,V4_U,expanding:V4_U:30,30,8,11,18,26,42,45,,uniform_generation_order_no_learned_score,,
1245,1244,prospective_v4,REGISTERED_UNEVALUATED,243cd17e6b97a2d96709ddfc689a068038669341a52dcc0743c141d309e43b9f,746efc843d53dff4e61394e26d458ea3f50c93e4,6a018e3036187a26ac9bcffda9fd7379d65d86cde84514faa08f4ea349b0f4bb,expanding,V4_U,expanding:V4_U:31,31,4,6,16,21,38,42,,uniform_generation_order_no_learned_score,,
1245,1244,prospective_v4,REGISTERED_UNEVALUATED,243cd17e6b97a2d96709ddfc689a068038669341a52dcc0743c141d309e43b9f,746efc843d53dff4e61394e26d458ea3f50c93e4,6a018e3036187a26ac9bcffda9fd7379d65d86cde84514faa08f4ea349b0f4bb,expanding,V4_U,expanding:V4_U:32,32,4,9,29,33,36,43,,uniform_generation_order_no_learned_score,,
1245,1244,prospective_v4,REGISTERED_UNEVALUATED,243cd17e6b97a2d96709ddfc689a068038669341a52dcc0743c141d309e43b9f,746efc843d53dff4e61394e26d458ea3f50c93e4,6a018e3036187a26ac9bcffda9fd7379d65d86cde84514faa08f4ea349b0f4bb,expanding,V4_U,expanding:V4_U:33,33,2,5,9,20,22,45,,uniform_generation_order_no_learned_score,,
1245,1244,prospective_v4,REGISTERED_UNEVALUATED,243cd17e6b97a2d96709ddfc689a068038669341a52dcc0743c141d309e43b9f,746efc843d53dff4e61394e26d458ea3f50c93e4,6a018e3036187a26ac9bcffda9fd7379d65d86cde84514faa08f4ea349b0f4bb,expanding,V4_U,expanding:V4_U:34,34,7,15,21,22,29,43,,uniform_generation_order_no_learned_score,,
1245,1244,prospective_v4,REGISTERED_UNEVALUATED,243cd17e6b97a2d96709ddfc689a068038669341a52dcc0743c141d309e43b9f,746efc843d53dff4e61394e26d458ea3f50c93e4,6a018e3036187a26ac9bcffda9fd7379d65d86cde84514faa08f4ea349b0f4bb,expanding,V4_U,expanding:V4_U:35,35,18,23,27,28,32,34,,uniform_generation_order_no_learned_score,,
1245,1244,prospective_v4,REGISTERED_UNEVALUATED,243cd17e6b97a2d96709ddfc689a068038669341a52dcc0743c141d309e43b9f,746efc843d53dff4e61394e26d458ea3f50c93e4,6a018e3036187a26ac9bcffda9fd7379d65d86cde84514faa08f4ea349b0f4bb,expanding,V4_U,expanding:V4_U:36,36,6,10,20,24,28,30,,uniform_generation_order_no_learned_score,,
1245,1244,prospective_v4,REGISTERED_UNEVALUATED,243cd17e6b97a2d96709ddfc689a068038669341a52dcc0743c141d309e43b9f,746efc843d53dff4e61394e26d458ea3f50c93e4,6a018e3036187a26ac9bcffda9fd7379d65d86cde84514faa08f4ea349b0f4bb,expanding,V4_U,expanding:V4_U:37,37,5,13,18,24,37,42,,uniform_generation_order_no_learned_score,,
1245,1244,prospective_v4,REGISTERED_UNEVALUATED,243cd17e6b97a2d96709ddfc689a068038669341a52dcc0743c141d309e43b9f,746efc843d53dff4e61394e26d458ea3f50c93e4,6a018e3036187a26ac9bcffda9fd7379d65d86cde84514faa08f4ea349b0f4bb,expanding,V4_F,expanding:V4_F:01,1,12,13,18,27,33,34,1087,sum_node_scores,,
1245,1244,prospective_v4,REGISTERED_UNEVALUATED,243cd17e6b97a2d96709ddfc689a068038669341a52dcc0743c141d309e43b9f,746efc843d53dff4e61394e26d458ea3f50c93e4,6a018e3036187a26ac9bcffda9fd7379d65d86cde84514faa08f4ea349b0f4bb,expanding,V4_F,expanding:V4_F:02,2,12,13,18,27,34,45,1087,sum_node_scores,,
1245,1244,prospective_v4,REGISTERED_UNEVALUATED,243cd17e6b97a2d96709ddfc689a068038669341a52dcc0743c141d309e43b9f,746efc843d53dff4e61394e26d458ea3f50c93e4,6a018e3036187a26ac9bcffda9fd7379d65d86cde84514faa08f4ea349b0f4bb,expanding,V4_F,expanding:V4_F:03,3,12,13,18,27,34,37,1086,sum_node_scores,,
1245,1244,prospective_v4,REGISTERED_UNEVALUATED,243cd17e6b97a2d96709ddfc689a068038669341a52dcc0743c141d309e43b9f,746efc843d53dff4e61394e26d458ea3f50c93e4,6a018e3036187a26ac9bcffda9fd7379d65d86cde84514faa08f4ea349b0f4bb,expanding,V4_F,expanding:V4_F:04,4,12,13,18,27,34,38,1086,sum_node_scores,,
1245,1244,prospective_v4,REGISTERED_UNEVALUATED,243cd17e6b97a2d96709ddfc689a068038669341a52dcc0743c141d309e43b9f,746efc843d53dff4e61394e26d458ea3f50c93e4,6a018e3036187a26ac9bcffda9fd7379d65d86cde84514faa08f4ea349b0f4bb,expanding,V4_F,expanding:V4_F:05,5,12,13,18,27,34,40,1086,sum_node_scores,,
1245,1244,prospective_v4,REGISTERED_UNEVALUATED,243cd17e6b97a2d96709ddfc689a068038669341a52dcc0743c141d309e43b9f,746efc843d53dff4e61394e26d458ea3f50c93e4,6a018e3036187a26ac9bcffda9fd7379d65d86cde84514faa08f4ea349b0f4bb,expanding,V4_F,expanding:V4_F:06,6,3,12,13,18,27,34,1084,sum_node_scores,,
1245,1244,prospective_v4,REGISTERED_UNEVALUATED,243cd17e6b97a2d96709ddfc689a068038669341a52dcc0743c141d309e43b9f,746efc843d53dff4e61394e26d458ea3f50c93e4,6a018e3036187a26ac9bcffda9fd7379d65d86cde84514faa08f4ea349b0f4bb,expanding,V4_F,expanding:V4_F:07,7,12,13,14,18,27,34,1084,sum_node_scores,,
1245,1244,prospective_v4,REGISTERED_UNEVALUATED,243cd17e6b97a2d96709ddfc689a068038669341a52dcc0743c141d309e43b9f,746efc843d53dff4e61394e26d458ea3f50c93e4,6a018e3036187a26ac9bcffda9fd7379d65d86cde84514faa08f4ea349b0f4bb,expanding,V4_F,expanding:V4_F:08,8,12,13,27,33,34,45,1082,sum_node_scores,,
1245,1244,prospective_v4,REGISTERED_UNEVALUATED,243cd17e6b97a2d96709ddfc689a068038669341a52dcc0743c141d309e43b9f,746efc843d53dff4e61394e26d458ea3f50c93e4,6a018e3036187a26ac9bcffda9fd7379d65d86cde84514faa08f4ea349b0f4bb,expanding,V4_F,expanding:V4_F:09,9,13,18,27,33,34,45,1082,sum_node_scores,,
1245,1244,prospective_v4,REGISTERED_UNEVALUATED,243cd17e6b97a2d96709ddfc689a068038669341a52dcc0743c141d309e43b9f,746efc843d53dff4e61394e26d458ea3f50c93e4,6a018e3036187a26ac9bcffda9fd7379d65d86cde84514faa08f4ea349b0f4bb,expanding,V4_F,expanding:V4_F:10,10,12,13,18,33,34,45,1081,sum_node_scores,,
1245,1244,prospective_v4,REGISTERED_UNEVALUATED,243cd17e6b97a2d96709ddfc689a068038669341a52dcc0743c141d309e43b9f,746efc843d53dff4e61394e26d458ea3f50c93e4,6a018e3036187a26ac9bcffda9fd7379d65d86cde84514faa08f4ea349b0f4bb,expanding,V4_F,expanding:V4_F:11,11,12,13,27,33,34,37,1081,sum_node_scores,,
1245,1244,prospective_v4,REGISTERED_UNEVALUATED,243cd17e6b97a2d96709ddfc689a068038669341a52dcc0743c141d309e43b9f,746efc843d53dff4e61394e26d458ea3f50c93e4,6a018e3036187a26ac9bcffda9fd7379d65d86cde84514faa08f4ea349b0f4bb,expanding,V4_F,expanding:V4_F:12,12,12,13,27,33,34,38,1081,sum_node_scores,,
1245,1244,prospective_v4,REGISTERED_UNEVALUATED,243cd17e6b97a2d96709ddfc689a068038669341a52dcc0743c141d309e43b9f,746efc843d53dff4e61394e26d458ea3f50c93e4,6a018e3036187a26ac9bcffda9fd7379d65d86cde84514faa08f4ea349b0f4bb,expanding,V4_F,expanding:V4_F:13,13,12,13,27,33,34,40,1081,sum_node_scores,,
1245,1244,prospective_v4,REGISTERED_UNEVALUATED,243cd17e6b97a2d96709ddfc689a068038669341a52dcc0743c141d309e43b9f,746efc843d53dff4e61394e26d458ea3f50c93e4,6a018e3036187a26ac9bcffda9fd7379d65d86cde84514faa08f4ea349b0f4bb,expanding,V4_F,expanding:V4_F:14,14,13,18,27,33,34,37,1081,sum_node_scores,,
1245,1244,prospective_v4,REGISTERED_UNEVALUATED,243cd17e6b97a2d96709ddfc689a068038669341a52dcc0743c141d309e43b9f,746efc843d53dff4e61394e26d458ea3f50c93e4,6a018e3036187a26ac9bcffda9fd7379d65d86cde84514faa08f4ea349b0f4bb,expanding,V4_F,expanding:V4_F:15,15,13,18,27,33,34,38,1081,sum_node_scores,,
1245,1244,prospective_v4,REGISTERED_UNEVALUATED,243cd17e6b97a2d96709ddfc689a068038669341a52dcc0743c141d309e43b9f,746efc843d53dff4e61394e26d458ea3f50c93e4,6a018e3036187a26ac9bcffda9fd7379d65d86cde84514faa08f4ea349b0f4bb,expanding,V4_F,expanding:V4_F:16,16,13,18,27,33,34,40,1081,sum_node_scores,,
1245,1244,prospective_v4,REGISTERED_UNEVALUATED,243cd17e6b97a2d96709ddfc689a068038669341a52dcc0743c141d309e43b9f,746efc843d53dff4e61394e26d458ea3f50c93e4,6a018e3036187a26ac9bcffda9fd7379d65d86cde84514faa08f4ea349b0f4bb,expanding,V4_F,expanding:V4_F:17,17,12,13,18,33,34,37,1080,sum_node_scores,,
1245,1244,prospective_v4,REGISTERED_UNEVALUATED,243cd17e6b97a2d96709ddfc689a068038669341a52dcc0743c141d309e43b9f,746efc843d53dff4e61394e26d458ea3f50c93e4,6a018e3036187a26ac9bcffda9fd7379d65d86cde84514faa08f4ea349b0f4bb,expanding,V4_F,expanding:V4_F:18,18,12,13,18,33,34,38,1080,sum_node_scores,,
1245,1244,prospective_v4,REGISTERED_UNEVALUATED,243cd17e6b97a2d96709ddfc689a068038669341a52dcc0743c141d309e43b9f,746efc843d53dff4e61394e26d458ea3f50c93e4,6a018e3036187a26ac9bcffda9fd7379d65d86cde84514faa08f4ea349b0f4bb,expanding,V4_F,expanding:V4_F:19,19,12,13,18,33,34,40,1080,sum_node_scores,,
1245,1244,prospective_v4,REGISTERED_UNEVALUATED,243cd17e6b97a2d96709ddfc689a068038669341a52dcc0743c141d309e43b9f,746efc843d53dff4e61394e26d458ea3f50c93e4,6a018e3036187a26ac9bcffda9fd7379d65d86cde84514faa08f4ea349b0f4bb,expanding,V4_F,expanding:V4_F:20,20,3,12,13,27,33,34,1079,sum_node_scores,,
1245,1244,prospective_v4,REGISTERED_UNEVALUATED,243cd17e6b97a2d96709ddfc689a068038669341a52dcc0743c141d309e43b9f,746efc843d53dff4e61394e26d458ea3f50c93e4,6a018e3036187a26ac9bcffda9fd7379d65d86cde84514faa08f4ea349b0f4bb,expanding,V4_F,expanding:V4_F:21,21,3,13,18,27,33,34,1079,sum_node_scores,,
1245,1244,prospective_v4,REGISTERED_UNEVALUATED,243cd17e6b97a2d96709ddfc689a068038669341a52dcc0743c141d309e43b9f,746efc843d53dff4e61394e26d458ea3f50c93e4,6a018e3036187a26ac9bcffda9fd7379d65d86cde84514faa08f4ea349b0f4bb,expanding,V4_F,expanding:V4_F:22,22,12,13,14,27,33,34,1079,sum_node_scores,,
1245,1244,prospective_v4,REGISTERED_UNEVALUATED,243cd17e6b97a2d96709ddfc689a068038669341a52dcc0743c141d309e43b9f,746efc843d53dff4e61394e26d458ea3f50c93e4,6a018e3036187a26ac9bcffda9fd7379d65d86cde84514faa08f4ea349b0f4bb,expanding,V4_F,expanding:V4_F:23,23,13,14,18,27,33,34,1079,sum_node_scores,,
1245,1244,prospective_v4,REGISTERED_UNEVALUATED,243cd17e6b97a2d96709ddfc689a068038669341a52dcc0743c141d309e43b9f,746efc843d53dff4e61394e26d458ea3f50c93e4,6a018e3036187a26ac9bcffda9fd7379d65d86cde84514faa08f4ea349b0f4bb,expanding,V4_F,expanding:V4_F:24,24,3,12,13,18,33,34,1078,sum_node_scores,,
1245,1244,prospective_v4,REGISTERED_UNEVALUATED,243cd17e6b97a2d96709ddfc689a068038669341a52dcc0743c141d309e43b9f,746efc843d53dff4e61394e26d458ea3f50c93e4,6a018e3036187a26ac9bcffda9fd7379d65d86cde84514faa08f4ea349b0f4bb,expanding,V4_F,expanding:V4_F:25,25,12,13,14,18,33,34,1078,sum_node_scores,,
1245,1244,prospective_v4,REGISTERED_UNEVALUATED,243cd17e6b97a2d96709ddfc689a068038669341a52dcc0743c141d309e43b9f,746efc843d53dff4e61394e26d458ea3f50c93e4,6a018e3036187a26ac9bcffda9fd7379d65d86cde84514faa08f4ea349b0f4bb,expanding,V4_F,expanding:V4_F:26,26,12,18,27,33,34,45,1078,sum_node_scores,,
1245,1244,prospective_v4,REGISTERED_UNEVALUATED,243cd17e6b97a2d96709ddfc689a068038669341a52dcc0743c141d309e43b9f,746efc843d53dff4e61394e26d458ea3f50c93e4,6a018e3036187a26ac9bcffda9fd7379d65d86cde84514faa08f4ea349b0f4bb,expanding,V4_F,expanding:V4_F:27,27,12,18,27,33,34,37,1077,sum_node_scores,,
1245,1244,prospective_v4,REGISTERED_UNEVALUATED,243cd17e6b97a2d96709ddfc689a068038669341a52dcc0743c141d309e43b9f,746efc843d53dff4e61394e26d458ea3f50c93e4,6a018e3036187a26ac9bcffda9fd7379d65d86cde84514faa08f4ea349b0f4bb,expanding,V4_F,expanding:V4_F:28,28,12,18,27,33,34,38,1077,sum_node_scores,,
1245,1244,prospective_v4,REGISTERED_UNEVALUATED,243cd17e6b97a2d96709ddfc689a068038669341a52dcc0743c141d309e43b9f,746efc843d53dff4e61394e26d458ea3f50c93e4,6a018e3036187a26ac9bcffda9fd7379d65d86cde84514faa08f4ea349b0f4bb,expanding,V4_F,expanding:V4_F:29,29,12,18,27,33,34,40,1077,sum_node_scores,,
1245,1244,prospective_v4,REGISTERED_UNEVALUATED,243cd17e6b97a2d96709ddfc689a068038669341a52dcc0743c141d309e43b9f,746efc843d53dff4e61394e26d458ea3f50c93e4,6a018e3036187a26ac9bcffda9fd7379d65d86cde84514faa08f4ea349b0f4bb,expanding,V4_F,expanding:V4_F:30,30,3,12,18,27,33,34,1075,sum_node_scores,,
1245,1244,prospective_v4,REGISTERED_UNEVALUATED,243cd17e6b97a2d96709ddfc689a068038669341a52dcc0743c141d309e43b9f,746efc843d53dff4e61394e26d458ea3f50c93e4,6a018e3036187a26ac9bcffda9fd7379d65d86cde84514faa08f4ea349b0f4bb,expanding,V4_F,expanding:V4_F:31,31,12,13,18,27,33,45,1075,sum_node_scores,,
1245,1244,prospective_v4,REGISTERED_UNEVALUATED,243cd17e6b97a2d96709ddfc689a068038669341a52dcc0743c141d309e43b9f,746efc843d53dff4e61394e26d458ea3f50c93e4,6a018e3036187a26ac9bcffda9fd7379d65d86cde84514faa08f4ea349b0f4bb,expanding,V4_F,expanding:V4_F:32,32,12,14,18,27,33,34,1075,sum_node_scores,,
1245,1244,prospective_v4,REGISTERED_UNEVALUATED,243cd17e6b97a2d96709ddfc689a068038669341a52dcc0743c141d309e43b9f,746efc843d53dff4e61394e26d458ea3f50c93e4,6a018e3036187a26ac9bcffda9fd7379d65d86cde84514faa08f4ea349b0f4bb,expanding,V4_F,expanding:V4_F:33,33,12,13,18,27,33,37,1074,sum_node_scores,,
1245,1244,prospective_v4,REGISTERED_UNEVALUATED,243cd17e6b97a2d96709ddfc689a068038669341a52dcc0743c141d309e43b9f,746efc843d53dff4e61394e26d458ea3f50c93e4,6a018e3036187a26ac9bcffda9fd7379d65d86cde84514faa08f4ea349b0f4bb,expanding,V4_F,expanding:V4_F:34,34,12,13,18,27,33,38,1074,sum_node_scores,,
1245,1244,prospective_v4,REGISTERED_UNEVALUATED,243cd17e6b97a2d96709ddfc689a068038669341a52dcc0743c141d309e43b9f,746efc843d53dff4e61394e26d458ea3f50c93e4,6a018e3036187a26ac9bcffda9fd7379d65d86cde84514faa08f4ea349b0f4bb,expanding,V4_F,expanding:V4_F:35,35,12,13,18,27,33,40,1074,sum_node_scores,,
1245,1244,prospective_v4,REGISTERED_UNEVALUATED,243cd17e6b97a2d96709ddfc689a068038669341a52dcc0743c141d309e43b9f,746efc843d53dff4e61394e26d458ea3f50c93e4,6a018e3036187a26ac9bcffda9fd7379d65d86cde84514faa08f4ea349b0f4bb,expanding,V4_F,expanding:V4_F:36,36,3,12,13,18,27,33,1072,sum_node_scores,,
1245,1244,prospective_v4,REGISTERED_UNEVALUATED,243cd17e6b97a2d96709ddfc689a068038669341a52dcc0743c141d309e43b9f,746efc843d53dff4e61394e26d458ea3f50c93e4,6a018e3036187a26ac9bcffda9fd7379d65d86cde84514faa08f4ea349b0f4bb,expanding,V4_F,expanding:V4_F:37,37,12,13,14,18,27,33,1072,sum_node_scores,,
1245,1244,prospective_v4,REGISTERED_UNEVALUATED,243cd17e6b97a2d96709ddfc689a068038669341a52dcc0743c141d309e43b9f,746efc843d53dff4e61394e26d458ea3f50c93e4,6a018e3036187a26ac9bcffda9fd7379d65d86cde84514faa08f4ea349b0f4bb,expanding,V4_G,expanding:V4_G:01,1,1,9,13,24,43,44,0.8370347620991374,sum_node_scores,,1
1245,1244,prospective_v4,REGISTERED_UNEVALUATED,243cd17e6b97a2d96709ddfc689a068038669341a52dcc0743c141d309e43b9f,746efc843d53dff4e61394e26d458ea3f50c93e4,6a018e3036187a26ac9bcffda9fd7379d65d86cde84514faa08f4ea349b0f4bb,expanding,V4_G,expanding:V4_G:02,2,1,9,18,24,43,44,0.8370347620991374,sum_node_scores,,
1245,1244,prospective_v4,REGISTERED_UNEVALUATED,243cd17e6b97a2d96709ddfc689a068038669341a52dcc0743c141d309e43b9f,746efc843d53dff4e61394e26d458ea3f50c93e4,6a018e3036187a26ac9bcffda9fd7379d65d86cde84514faa08f4ea349b0f4bb,expanding,V4_G,expanding:V4_G:03,3,1,9,24,26,43,44,0.8370347620991374,sum_node_scores,,
1245,1244,prospective_v4,REGISTERED_UNEVALUATED,243cd17e6b97a2d96709ddfc689a068038669341a52dcc0743c141d309e43b9f,746efc843d53dff4e61394e26d458ea3f50c93e4,6a018e3036187a26ac9bcffda9fd7379d65d86cde84514faa08f4ea349b0f4bb,expanding,V4_G,expanding:V4_G:04,4,1,9,24,34,43,44,0.8370347620991374,sum_node_scores,,
1245,1244,prospective_v4,REGISTERED_UNEVALUATED,243cd17e6b97a2d96709ddfc689a068038669341a52dcc0743c141d309e43b9f,746efc843d53dff4e61394e26d458ea3f50c93e4,6a018e3036187a26ac9bcffda9fd7379d65d86cde84514faa08f4ea349b0f4bb,expanding,V4_G,expanding:V4_G:05,5,1,9,24,38,43,44,0.8370347620991374,sum_node_scores,,
1245,1244,prospective_v4,REGISTERED_UNEVALUATED,243cd17e6b97a2d96709ddfc689a068038669341a52dcc0743c141d309e43b9f,746efc843d53dff4e61394e26d458ea3f50c93e4,6a018e3036187a26ac9bcffda9fd7379d65d86cde84514faa08f4ea349b0f4bb,expanding,V4_G,expanding:V4_G:06,6,9,13,18,24,43,44,0.8370347620991374,sum_node_scores,,
1245,1244,prospective_v4,REGISTERED_UNEVALUATED,243cd17e6b97a2d96709ddfc689a068038669341a52dcc0743c141d309e43b9f,746efc843d53dff4e61394e26d458ea3f50c93e4,6a018e3036187a26ac9bcffda9fd7379d65d86cde84514faa08f4ea349b0f4bb,expanding,V4_G,expanding:V4_G:07,7,9,13,24,26,43,44,0.8370347620991374,sum_node_scores,,
1245,1244,prospective_v4,REGISTERED_UNEVALUATED,243cd17e6b97a2d96709ddfc689a068038669341a52dcc0743c141d309e43b9f,746efc843d53dff4e61394e26d458ea3f50c93e4,6a018e3036187a26ac9bcffda9fd7379d65d86cde84514faa08f4ea349b0f4bb,expanding,V4_G,expanding:V4_G:08,8,9,13,24,34,43,44,0.8370347620991374,sum_node_scores,,
1245,1244,prospective_v4,REGISTERED_UNEVALUATED,243cd17e6b97a2d96709ddfc689a068038669341a52dcc0743c141d309e43b9f,746efc843d53dff4e61394e26d458ea3f50c93e4,6a018e3036187a26ac9bcffda9fd7379d65d86cde84514faa08f4ea349b0f4bb,expanding,V4_G,expanding:V4_G:09,9,9,13,24,38,43,44,0.8370347620991374,sum_node_scores,,
1245,1244,prospective_v4,REGISTERED_UNEVALUATED,243cd17e6b97a2d96709ddfc689a068038669341a52dcc0743c141d309e43b9f,746efc843d53dff4e61394e26d458ea3f50c93e4,6a018e3036187a26ac9bcffda9fd7379d65d86cde84514faa08f4ea349b0f4bb,expanding,V4_G,expanding:V4_G:10,10,1,9,13,18,24,43,0.8345158415663296,sum_node_scores,,
1245,1244,prospective_v4,REGISTERED_UNEVALUATED,243cd17e6b97a2d96709ddfc689a068038669341a52dcc0743c141d309e43b9f,746efc843d53dff4e61394e26d458ea3f50c93e4,6a018e3036187a26ac9bcffda9fd7379d65d86cde84514faa08f4ea349b0f4bb,expanding,V4_G,expanding:V4_G:11,11,1,9,13,18,24,44,0.8345158415663296,sum_node_scores,,
1245,1244,prospective_v4,REGISTERED_UNEVALUATED,243cd17e6b97a2d96709ddfc689a068038669341a52dcc0743c141d309e43b9f,746efc843d53dff4e61394e26d458ea3f50c93e4,6a018e3036187a26ac9bcffda9fd7379d65d86cde84514faa08f4ea349b0f4bb,expanding,V4_G,expanding:V4_G:12,12,1,9,13,18,43,44,0.8345158415663296,sum_node_scores,,
1245,1244,prospective_v4,REGISTERED_UNEVALUATED,243cd17e6b97a2d96709ddfc689a068038669341a52dcc0743c141d309e43b9f,746efc843d53dff4e61394e26d458ea3f50c93e4,6a018e3036187a26ac9bcffda9fd7379d65d86cde84514faa08f4ea349b0f4bb,expanding,V4_G,expanding:V4_G:13,13,1,9,13,24,26,43,0.8345158415663296,sum_node_scores,,
1245,1244,prospective_v4,REGISTERED_UNEVALUATED,243cd17e6b97a2d96709ddfc689a068038669341a52dcc0743c141d309e43b9f,746efc843d53dff4e61394e26d458ea3f50c93e4,6a018e3036187a26ac9bcffda9fd7379d65d86cde84514faa08f4ea349b0f4bb,expanding,V4_G,expanding:V4_G:14,14,1,9,13,24,26,44,0.8345158415663296,sum_node_scores,,
1245,1244,prospective_v4,REGISTERED_UNEVALUATED,243cd17e6b97a2d96709ddfc689a068038669341a52dcc0743c141d309e43b9f,746efc843d53dff4e61394e26d458ea3f50c93e4,6a018e3036187a26ac9bcffda9fd7379d65d86cde84514faa08f4ea349b0f4bb,expanding,V4_G,expanding:V4_G:15,15,1,9,13,24,34,43,0.8345158415663296,sum_node_scores,,
1245,1244,prospective_v4,REGISTERED_UNEVALUATED,243cd17e6b97a2d96709ddfc689a068038669341a52dcc0743c141d309e43b9f,746efc843d53dff4e61394e26d458ea3f50c93e4,6a018e3036187a26ac9bcffda9fd7379d65d86cde84514faa08f4ea349b0f4bb,expanding,V4_G,expanding:V4_G:16,16,1,9,13,24,34,44,0.8345158415663296,sum_node_scores,,
1245,1244,prospective_v4,REGISTERED_UNEVALUATED,243cd17e6b97a2d96709ddfc689a068038669341a52dcc0743c141d309e43b9f,746efc843d53dff4e61394e26d458ea3f50c93e4,6a018e3036187a26ac9bcffda9fd7379d65d86cde84514faa08f4ea349b0f4bb,expanding,V4_G,expanding:V4_G:17,17,1,9,13,24,38,43,0.8345158415663296,sum_node_scores,,
1245,1244,prospective_v4,REGISTERED_UNEVALUATED,243cd17e6b97a2d96709ddfc689a068038669341a52dcc0743c141d309e43b9f,746efc843d53dff4e61394e26d458ea3f50c93e4,6a018e3036187a26ac9bcffda9fd7379d65d86cde84514faa08f4ea349b0f4bb,expanding,V4_G,expanding:V4_G:18,18,1,9,13,24,38,44,0.8345158415663296,sum_node_scores,,
1245,1244,prospective_v4,REGISTERED_UNEVALUATED,243cd17e6b97a2d96709ddfc689a068038669341a52dcc0743c141d309e43b9f,746efc843d53dff4e61394e26d458ea3f50c93e4,6a018e3036187a26ac9bcffda9fd7379d65d86cde84514faa08f4ea349b0f4bb,expanding,V4_G,expanding:V4_G:19,19,1,9,13,26,43,44,0.8345158415663296,sum_node_scores,,
1245,1244,prospective_v4,REGISTERED_UNEVALUATED,243cd17e6b97a2d96709ddfc689a068038669341a52dcc0743c141d309e43b9f,746efc843d53dff4e61394e26d458ea3f50c93e4,6a018e3036187a26ac9bcffda9fd7379d65d86cde84514faa08f4ea349b0f4bb,expanding,V4_G,expanding:V4_G:20,20,1,9,13,34,43,44,0.8345158415663296,sum_node_scores,,
1245,1244,prospective_v4,REGISTERED_UNEVALUATED,243cd17e6b97a2d96709ddfc689a068038669341a52dcc0743c141d309e43b9f,746efc843d53dff4e61394e26d458ea3f50c93e4,6a018e3036187a26ac9bcffda9fd7379d65d86cde84514faa08f4ea349b0f4bb,expanding,V4_G,expanding:V4_G:21,21,1,9,13,38,43,44,0.8345158415663296,sum_node_scores,,
1245,1244,prospective_v4,REGISTERED_UNEVALUATED,243cd17e6b97a2d96709ddfc689a068038669341a52dcc0743c141d309e43b9f,746efc843d53dff4e61394e26d458ea3f50c93e4,6a018e3036187a26ac9bcffda9fd7379d65d86cde84514faa08f4ea349b0f4bb,expanding,V4_G,expanding:V4_G:22,22,1,13,18,24,43,44,0.8345158415663296,sum_node_scores,,
1245,1244,prospective_v4,REGISTERED_UNEVALUATED,243cd17e6b97a2d96709ddfc689a068038669341a52dcc0743c141d309e43b9f,746efc843d53dff4e61394e26d458ea3f50c93e4,6a018e3036187a26ac9bcffda9fd7379d65d86cde84514faa08f4ea349b0f4bb,expanding,V4_G,expanding:V4_G:23,23,1,13,24,26,43,44,0.8345158415663296,sum_node_scores,,
1245,1244,prospective_v4,REGISTERED_UNEVALUATED,243cd17e6b97a2d96709ddfc689a068038669341a52dcc0743c141d309e43b9f,746efc843d53dff4e61394e26d458ea3f50c93e4,6a018e3036187a26ac9bcffda9fd7379d65d86cde84514faa08f4ea349b0f4bb,expanding,V4_G,expanding:V4_G:24,24,1,13,24,34,43,44,0.8345158415663296,sum_node_scores,,
1245,1244,prospective_v4,REGISTERED_UNEVALUATED,243cd17e6b97a2d96709ddfc689a068038669341a52dcc0743c141d309e43b9f,746efc843d53dff4e61394e26d458ea3f50c93e4,6a018e3036187a26ac9bcffda9fd7379d65d86cde84514faa08f4ea349b0f4bb,expanding,V4_G,expanding:V4_G:25,25,1,13,24,38,43,44,0.8345158415663296,sum_node_scores,,
1245,1244,prospective_v4,REGISTERED_UNEVALUATED,243cd17e6b97a2d96709ddfc689a068038669341a52dcc0743c141d309e43b9f,746efc843d53dff4e61394e26d458ea3f50c93e4,6a018e3036187a26ac9bcffda9fd7379d65d86cde84514faa08f4ea349b0f4bb,expanding,V4_G,expanding:V4_G:26,26,1,6,9,24,43,44,0.8341005836800732,sum_node_scores,,
1245,1244,prospective_v4,REGISTERED_UNEVALUATED,243cd17e6b97a2d96709ddfc689a068038669341a52dcc0743c141d309e43b9f,746efc843d53dff4e61394e26d458ea3f50c93e4,6a018e3036187a26ac9bcffda9fd7379d65d86cde84514faa08f4ea349b0f4bb,expanding,V4_G,expanding:V4_G:27,27,1,9,12,24,43,44,0.8341005836800732,sum_node_scores,,
1245,1244,prospective_v4,REGISTERED_UNEVALUATED,243cd17e6b97a2d96709ddfc689a068038669341a52dcc0743c141d309e43b9f,746efc843d53dff4e61394e26d458ea3f50c93e4,6a018e3036187a26ac9bcffda9fd7379d65d86cde84514faa08f4ea349b0f4bb,expanding,V4_G,expanding:V4_G:28,28,6,9,13,24,43,44,0.8341005836800732,sum_node_scores,,
1245,1244,prospective_v4,REGISTERED_UNEVALUATED,243cd17e6b97a2d96709ddfc689a068038669341a52dcc0743c141d309e43b9f,746efc843d53dff4e61394e26d458ea3f50c93e4,6a018e3036187a26ac9bcffda9fd7379d65d86cde84514faa08f4ea349b0f4bb,expanding,V4_G,expanding:V4_G:29,29,9,12,13,24,43,44,0.8341005836800732,sum_node_scores,,
1245,1244,prospective_v4,REGISTERED_UNEVALUATED,243cd17e6b97a2d96709ddfc689a068038669341a52dcc0743c141d309e43b9f,746efc843d53dff4e61394e26d458ea3f50c93e4,6a018e3036187a26ac9bcffda9fd7379d65d86cde84514faa08f4ea349b0f4bb,expanding,V4_G,expanding:V4_G:30,30,1,6,9,13,24,43,0.8315816631472652,sum_node_scores,,
1245,1244,prospective_v4,REGISTERED_UNEVALUATED,243cd17e6b97a2d96709ddfc689a068038669341a52dcc0743c141d309e43b9f,746efc843d53dff4e61394e26d458ea3f50c93e4,6a018e3036187a26ac9bcffda9fd7379d65d86cde84514faa08f4ea349b0f4bb,expanding,V4_G,expanding:V4_G:31,31,1,6,9,13,24,44,0.8315816631472652,sum_node_scores,,
1245,1244,prospective_v4,REGISTERED_UNEVALUATED,243cd17e6b97a2d96709ddfc689a068038669341a52dcc0743c141d309e43b9f,746efc843d53dff4e61394e26d458ea3f50c93e4,6a018e3036187a26ac9bcffda9fd7379d65d86cde84514faa08f4ea349b0f4bb,expanding,V4_G,expanding:V4_G:32,32,1,6,9,13,43,44,0.8315816631472652,sum_node_scores,,
1245,1244,prospective_v4,REGISTERED_UNEVALUATED,243cd17e6b97a2d96709ddfc689a068038669341a52dcc0743c141d309e43b9f,746efc843d53dff4e61394e26d458ea3f50c93e4,6a018e3036187a26ac9bcffda9fd7379d65d86cde84514faa08f4ea349b0f4bb,expanding,V4_G,expanding:V4_G:33,33,1,6,13,24,43,44,0.8315816631472652,sum_node_scores,,
1245,1244,prospective_v4,REGISTERED_UNEVALUATED,243cd17e6b97a2d96709ddfc689a068038669341a52dcc0743c141d309e43b9f,746efc843d53dff4e61394e26d458ea3f50c93e4,6a018e3036187a26ac9bcffda9fd7379d65d86cde84514faa08f4ea349b0f4bb,expanding,V4_G,expanding:V4_G:34,34,1,9,12,13,24,43,0.8315816631472652,sum_node_scores,,
1245,1244,prospective_v4,REGISTERED_UNEVALUATED,243cd17e6b97a2d96709ddfc689a068038669341a52dcc0743c141d309e43b9f,746efc843d53dff4e61394e26d458ea3f50c93e4,6a018e3036187a26ac9bcffda9fd7379d65d86cde84514faa08f4ea349b0f4bb,expanding,V4_G,expanding:V4_G:35,35,1,9,12,13,24,44,0.8315816631472652,sum_node_scores,,
1245,1244,prospective_v4,REGISTERED_UNEVALUATED,243cd17e6b97a2d96709ddfc689a068038669341a52dcc0743c141d309e43b9f,746efc843d53dff4e61394e26d458ea3f50c93e4,6a018e3036187a26ac9bcffda9fd7379d65d86cde84514faa08f4ea349b0f4bb,expanding,V4_G,expanding:V4_G:36,36,1,9,12,13,43,44,0.8315816631472652,sum_node_scores,,
1245,1244,prospective_v4,REGISTERED_UNEVALUATED,243cd17e6b97a2d96709ddfc689a068038669341a52dcc0743c141d309e43b9f,746efc843d53dff4e61394e26d458ea3f50c93e4,6a018e3036187a26ac9bcffda9fd7379d65d86cde84514faa08f4ea349b0f4bb,expanding,V4_G,expanding:V4_G:37,37,1,12,13,24,43,44,0.8315816631472652,sum_node_scores,,
1245,1244,prospective_v4,REGISTERED_UNEVALUATED,243cd17e6b97a2d96709ddfc689a068038669341a52dcc0743c141d309e43b9f,746efc843d53dff4e61394e26d458ea3f50c93e4,6a018e3036187a26ac9bcffda9fd7379d65d86cde84514faa08f4ea349b0f4bb,expanding,V4_C,expanding:V4_C:01,1,11,13,18,34,38,43,0.819978031623839,sum_node_scores,,2
1245,1244,prospective_v4,REGISTERED_UNEVALUATED,243cd17e6b97a2d96709ddfc689a068038669341a52dcc0743c141d309e43b9f,746efc843d53dff4e61394e26d458ea3f50c93e4,6a018e3036187a26ac9bcffda9fd7379d65d86cde84514faa08f4ea349b0f4bb,expanding,V4_C,expanding:V4_C:02,2,2,11,13,18,34,43,0.819307782790029,sum_node_scores,,
1245,1244,prospective_v4,REGISTERED_UNEVALUATED,243cd17e6b97a2d96709ddfc689a068038669341a52dcc0743c141d309e43b9f,746efc843d53dff4e61394e26d458ea3f50c93e4,6a018e3036187a26ac9bcffda9fd7379d65d86cde84514faa08f4ea349b0f4bb,expanding,V4_C,expanding:V4_C:03,3,2,11,13,34,38,43,0.819307782790029,sum_node_scores,,
1245,1244,prospective_v4,REGISTERED_UNEVALUATED,243cd17e6b97a2d96709ddfc689a068038669341a52dcc0743c141d309e43b9f,746efc843d53dff4e61394e26d458ea3f50c93e4,6a018e3036187a26ac9bcffda9fd7379d65d86cde84514faa08f4ea349b0f4bb,expanding,V4_C,expanding:V4_C:04,4,7,11,13,18,34,43,0.819307782790029,sum_node_scores,,
1245,1244,prospective_v4,REGISTERED_UNEVALUATED,243cd17e6b97a2d96709ddfc689a068038669341a52dcc0743c141d309e43b9f,746efc843d53dff4e61394e26d458ea3f50c93e4,6a018e3036187a26ac9bcffda9fd7379d65d86cde84514faa08f4ea349b0f4bb,expanding,V4_C,expanding:V4_C:05,5,7,11,13,34,38,43,0.819307782790029,sum_node_scores,,
1245,1244,prospective_v4,REGISTERED_UNEVALUATED,243cd17e6b97a2d96709ddfc689a068038669341a52dcc0743c141d309e43b9f,746efc843d53dff4e61394e26d458ea3f50c93e4,6a018e3036187a26ac9bcffda9fd7379d65d86cde84514faa08f4ea349b0f4bb,expanding,V4_C,expanding:V4_C:06,6,10,11,13,18,34,43,0.819307782790029,sum_node_scores,,
1245,1244,prospective_v4,REGISTERED_UNEVALUATED,243cd17e6b97a2d96709ddfc689a068038669341a52dcc0743c141d309e43b9f,746efc843d53dff4e61394e26d458ea3f50c93e4,6a018e3036187a26ac9bcffda9fd7379d65d86cde84514faa08f4ea349b0f4bb,expanding,V4_C,expanding:V4_C:07,7,10,11,13,34,38,43,0.819307782790029,sum_node_scores,,
1245,1244,prospective_v4,REGISTERED_UNEVALUATED,243cd17e6b97a2d96709ddfc689a068038669341a52dcc0743c141d309e43b9f,746efc843d53dff4e61394e26d458ea3f50c93e4,6a018e3036187a26ac9bcffda9fd7379d65d86cde84514faa08f4ea349b0f4bb,expanding,V4_C,expanding:V4_C:08,8,11,13,16,18,34,43,0.819307782790029,sum_node_scores,,
1245,1244,prospective_v4,REGISTERED_UNEVALUATED,243cd17e6b97a2d96709ddfc689a068038669341a52dcc0743c141d309e43b9f,746efc843d53dff4e61394e26d458ea3f50c93e4,6a018e3036187a26ac9bcffda9fd7379d65d86cde84514faa08f4ea349b0f4bb,expanding,V4_C,expanding:V4_C:09,9,11,13,16,34,38,43,0.819307782790029,sum_node_scores,,
1245,1244,prospective_v4,REGISTERED_UNEVALUATED,243cd17e6b97a2d96709ddfc689a068038669341a52dcc0743c141d309e43b9f,746efc843d53dff4e61394e26d458ea3f50c93e4,6a018e3036187a26ac9bcffda9fd7379d65d86cde84514faa08f4ea349b0f4bb,expanding,V4_C,expanding:V4_C:10,10,11,13,18,20,34,43,0.819307782790029,sum_node_scores,,
1245,1244,prospective_v4,REGISTERED_UNEVALUATED,243cd17e6b97a2d96709ddfc689a068038669341a52dcc0743c141d309e43b9f,746efc843d53dff4e61394e26d458ea3f50c93e4,6a018e3036187a26ac9bcffda9fd7379d65d86cde84514faa08f4ea349b0f4bb,expanding,V4_C,expanding:V4_C:11,11,11,13,18,23,34,43,0.819307782790029,sum_node_scores,,
1245,1244,prospective_v4,REGISTERED_UNEVALUATED,243cd17e6b97a2d96709ddfc689a068038669341a52dcc0743c141d309e43b9f,746efc843d53dff4e61394e26d458ea3f50c93e4,6a018e3036187a26ac9bcffda9fd7379d65d86cde84514faa08f4ea349b0f4bb,expanding,V4_C,expanding:V4_C:12,12,11,13,20,34,38,43,0.819307782790029,sum_node_scores,,
1245,1244,prospective_v4,REGISTERED_UNEVALUATED,243cd17e6b97a2d96709ddfc689a068038669341a52dcc0743c141d309e43b9f,746efc843d53dff4e61394e26d458ea3f50c93e4,6a018e3036187a26ac9bcffda9fd7379d65d86cde84514faa08f4ea349b0f4bb,expanding,V4_C,expanding:V4_C:13,13,11,13,23,34,38,43,0.819307782790029,sum_node_scores,,
1245,1244,prospective_v4,REGISTERED_UNEVALUATED,243cd17e6b97a2d96709ddfc689a068038669341a52dcc0743c141d309e43b9f,746efc843d53dff4e61394e26d458ea3f50c93e4,6a018e3036187a26ac9bcffda9fd7379d65d86cde84514faa08f4ea349b0f4bb,expanding,V4_C,expanding:V4_C:14,14,2,11,13,18,34,38,0.8159128536747682,sum_node_scores,,
1245,1244,prospective_v4,REGISTERED_UNEVALUATED,243cd17e6b97a2d96709ddfc689a068038669341a52dcc0743c141d309e43b9f,746efc843d53dff4e61394e26d458ea3f50c93e4,6a018e3036187a26ac9bcffda9fd7379d65d86cde84514faa08f4ea349b0f4bb,expanding,V4_C,expanding:V4_C:15,15,2,11,13,18,38,43,0.8159128536747682,sum_node_scores,,
1245,1244,prospective_v4,REGISTERED_UNEVALUATED,243cd17e6b97a2d96709ddfc689a068038669341a52dcc0743c141d309e43b9f,746efc843d53dff4e61394e26d458ea3f50c93e4,6a018e3036187a26ac9bcffda9fd7379d65d86cde84514faa08f4ea349b0f4bb,expanding,V4_C,expanding:V4_C:16,16,2,13,18,34,38,43,0.8159128536747682,sum_node_scores,,
1245,1244,prospective_v4,REGISTERED_UNEVALUATED,243cd17e6b97a2d96709ddfc689a068038669341a52dcc0743c141d309e43b9f,746efc843d53dff4e61394e26d458ea3f50c93e4,6a018e3036187a26ac9bcffda9fd7379d65d86cde84514faa08f4ea349b0f4bb,expanding,V4_C,expanding:V4_C:17,17,7,11,13,18,34,38,0.8159128536747682,sum_node_scores,,
1245,1244,prospective_v4,REGISTERED_UNEVALUATED,243cd17e6b97a2d96709ddfc689a068038669341a52dcc0743c141d309e43b9f,746efc843d53dff4e61394e26d458ea3f50c93e4,6a018e3036187a26ac9bcffda9fd7379d65d86cde84514faa08f4ea349b0f4bb,expanding,V4_C,expanding:V4_C:18,18,7,11,13,18,38,43,0.8159128536747682,sum_node_scores,,
1245,1244,prospective_v4,REGISTERED_UNEVALUATED,243cd17e6b97a2d96709ddfc689a068038669341a52dcc0743c141d309e43b9f,746efc843d53dff4e61394e26d458ea3f50c93e4,6a018e3036187a26ac9bcffda9fd7379d65d86cde84514faa08f4ea349b0f4bb,expanding,V4_C,expanding:V4_C:19,19,7,13,18,34,38,43,0.8159128536747682,sum_node_scores,,
1245,1244,prospective_v4,REGISTERED_UNEVALUATED,243cd17e6b97a2d96709ddfc689a068038669341a52dcc0743c141d309e43b9f,746efc843d53dff4e61394e26d458ea3f50c93e4,6a018e3036187a26ac9bcffda9fd7379d65d86cde84514faa08f4ea349b0f4bb,expanding,V4_C,expanding:V4_C:20,20,10,11,13,18,34,38,0.8159128536747682,sum_node_scores,,
1245,1244,prospective_v4,REGISTERED_UNEVALUATED,243cd17e6b97a2d96709ddfc689a068038669341a52dcc0743c141d309e43b9f,746efc843d53dff4e61394e26d458ea3f50c93e4,6a018e3036187a26ac9bcffda9fd7379d65d86cde84514faa08f4ea349b0f4bb,expanding,V4_C,expanding:V4_C:21,21,10,11,13,18,38,43,0.8159128536747682,sum_node_scores,,
1245,1244,prospective_v4,REGISTERED_UNEVALUATED,243cd17e6b97a2d96709ddfc689a068038669341a52dcc0743c141d309e43b9f,746efc843d53dff4e61394e26d458ea3f50c93e4,6a018e3036187a26ac9bcffda9fd7379d65d86cde84514faa08f4ea349b0f4bb,expanding,V4_C,expanding:V4_C:22,22,10,13,18,34,38,43,0.8159128536747682,sum_node_scores,,
1245,1244,prospective_v4,REGISTERED_UNEVALUATED,243cd17e6b97a2d96709ddfc689a068038669341a52dcc0743c141d309e43b9f,746efc843d53dff4e61394e26d458ea3f50c93e4,6a018e3036187a26ac9bcffda9fd7379d65d86cde84514faa08f4ea349b0f4bb,expanding,V4_C,expanding:V4_C:23,23,11,13,16,18,34,38,0.8159128536747682,sum_node_scores,,
1245,1244,prospective_v4,REGISTERED_UNEVALUATED,243cd17e6b97a2d96709ddfc689a068038669341a52dcc0743c141d309e43b9f,746efc843d53dff4e61394e26d458ea3f50c93e4,6a018e3036187a26ac9bcffda9fd7379d65d86cde84514faa08f4ea349b0f4bb,expanding,V4_C,expanding:V4_C:24,24,11,13,16,18,38,43,0.8159128536747682,sum_node_scores,,
1245,1244,prospective_v4,REGISTERED_UNEVALUATED,243cd17e6b97a2d96709ddfc689a068038669341a52dcc0743c141d309e43b9f,746efc843d53dff4e61394e26d458ea3f50c93e4,6a018e3036187a26ac9bcffda9fd7379d65d86cde84514faa08f4ea349b0f4bb,expanding,V4_C,expanding:V4_C:25,25,11,13,18,20,34,38,0.8159128536747682,sum_node_scores,,
1245,1244,prospective_v4,REGISTERED_UNEVALUATED,243cd17e6b97a2d96709ddfc689a068038669341a52dcc0743c141d309e43b9f,746efc843d53dff4e61394e26d458ea3f50c93e4,6a018e3036187a26ac9bcffda9fd7379d65d86cde84514faa08f4ea349b0f4bb,expanding,V4_C,expanding:V4_C:26,26,11,13,18,20,38,43,0.8159128536747682,sum_node_scores,,
1245,1244,prospective_v4,REGISTERED_UNEVALUATED,243cd17e6b97a2d96709ddfc689a068038669341a52dcc0743c141d309e43b9f,746efc843d53dff4e61394e26d458ea3f50c93e4,6a018e3036187a26ac9bcffda9fd7379d65d86cde84514faa08f4ea349b0f4bb,expanding,V4_C,expanding:V4_C:27,27,11,13,18,23,34,38,0.8159128536747682,sum_node_scores,,
1245,1244,prospective_v4,REGISTERED_UNEVALUATED,243cd17e6b97a2d96709ddfc689a068038669341a52dcc0743c141d309e43b9f,746efc843d53dff4e61394e26d458ea3f50c93e4,6a018e3036187a26ac9bcffda9fd7379d65d86cde84514faa08f4ea349b0f4bb,expanding,V4_C,expanding:V4_C:28,28,11,13,18,23,38,43,0.8159128536747682,sum_node_scores,,
1245,1244,prospective_v4,REGISTERED_UNEVALUATED,243cd17e6b97a2d96709ddfc689a068038669341a52dcc0743c141d309e43b9f,746efc843d53dff4e61394e26d458ea3f50c93e4,6a018e3036187a26ac9bcffda9fd7379d65d86cde84514faa08f4ea349b0f4bb,expanding,V4_C,expanding:V4_C:29,29,13,16,18,34,38,43,0.8159128536747682,sum_node_scores,,
1245,1244,prospective_v4,REGISTERED_UNEVALUATED,243cd17e6b97a2d96709ddfc689a068038669341a52dcc0743c141d309e43b9f,746efc843d53dff4e61394e26d458ea3f50c93e4,6a018e3036187a26ac9bcffda9fd7379d65d86cde84514faa08f4ea349b0f4bb,expanding,V4_C,expanding:V4_C:30,30,13,18,20,34,38,43,0.8159128536747682,sum_node_scores,,
1245,1244,prospective_v4,REGISTERED_UNEVALUATED,243cd17e6b97a2d96709ddfc689a068038669341a52dcc0743c141d309e43b9f,746efc843d53dff4e61394e26d458ea3f50c93e4,6a018e3036187a26ac9bcffda9fd7379d65d86cde84514faa08f4ea349b0f4bb,expanding,V4_C,expanding:V4_C:31,31,13,18,23,34,38,43,0.8159128536747682,sum_node_scores,,
1245,1244,prospective_v4,REGISTERED_UNEVALUATED,243cd17e6b97a2d96709ddfc689a068038669341a52dcc0743c141d309e43b9f,746efc843d53dff4e61394e26d458ea3f50c93e4,6a018e3036187a26ac9bcffda9fd7379d65d86cde84514faa08f4ea349b0f4bb,expanding,V4_C,expanding:V4_C:32,32,2,11,18,34,38,43,0.8135645682916031,sum_node_scores,,
1245,1244,prospective_v4,REGISTERED_UNEVALUATED,243cd17e6b97a2d96709ddfc689a068038669341a52dcc0743c141d309e43b9f,746efc843d53dff4e61394e26d458ea3f50c93e4,6a018e3036187a26ac9bcffda9fd7379d65d86cde84514faa08f4ea349b0f4bb,expanding,V4_C,expanding:V4_C:33,33,7,11,18,34,38,43,0.8135645682916031,sum_node_scores,,
1245,1244,prospective_v4,REGISTERED_UNEVALUATED,243cd17e6b97a2d96709ddfc689a068038669341a52dcc0743c141d309e43b9f,746efc843d53dff4e61394e26d458ea3f50c93e4,6a018e3036187a26ac9bcffda9fd7379d65d86cde84514faa08f4ea349b0f4bb,expanding,V4_C,expanding:V4_C:34,34,10,11,18,34,38,43,0.8135645682916031,sum_node_scores,,
1245,1244,prospective_v4,REGISTERED_UNEVALUATED,243cd17e6b97a2d96709ddfc689a068038669341a52dcc0743c141d309e43b9f,746efc843d53dff4e61394e26d458ea3f50c93e4,6a018e3036187a26ac9bcffda9fd7379d65d86cde84514faa08f4ea349b0f4bb,expanding,V4_C,expanding:V4_C:35,35,11,16,18,34,38,43,0.8135645682916031,sum_node_scores,,
1245,1244,prospective_v4,REGISTERED_UNEVALUATED,243cd17e6b97a2d96709ddfc689a068038669341a52dcc0743c141d309e43b9f,746efc843d53dff4e61394e26d458ea3f50c93e4,6a018e3036187a26ac9bcffda9fd7379d65d86cde84514faa08f4ea349b0f4bb,expanding,V4_C,expanding:V4_C:36,36,11,18,20,34,38,43,0.8135645682916031,sum_node_scores,,
1245,1244,prospective_v4,REGISTERED_UNEVALUATED,243cd17e6b97a2d96709ddfc689a068038669341a52dcc0743c141d309e43b9f,746efc843d53dff4e61394e26d458ea3f50c93e4,6a018e3036187a26ac9bcffda9fd7379d65d86cde84514faa08f4ea349b0f4bb,expanding,V4_C,expanding:V4_C:37,37,11,18,23,34,38,43,0.8135645682916031,sum_node_scores,,
1245,1244,prospective_v4,REGISTERED_UNEVALUATED,243cd17e6b97a2d96709ddfc689a068038669341a52dcc0743c141d309e43b9f,746efc843d53dff4e61394e26d458ea3f50c93e4,6a018e3036187a26ac9bcffda9fd7379d65d86cde84514faa08f4ea349b0f4bb,expanding,V4_M,expanding:V4_M:01,1,3,10,17,23,25,27,0.809457170214333,sum_node_scores,,
1245,1244,prospective_v4,REGISTERED_UNEVALUATED,243cd17e6b97a2d96709ddfc689a068038669341a52dcc0743c141d309e43b9f,746efc843d53dff4e61394e26d458ea3f50c93e4,6a018e3036187a26ac9bcffda9fd7379d65d86cde84514faa08f4ea349b0f4bb,expanding,V4_M,expanding:V4_M:02,2,3,10,17,23,25,28,0.809457170214333,sum_node_scores,,
1245,1244,prospective_v4,REGISTERED_UNEVALUATED,243cd17e6b97a2d96709ddfc689a068038669341a52dcc0743c141d309e43b9f,746efc843d53dff4e61394e26d458ea3f50c93e4,6a018e3036187a26ac9bcffda9fd7379d65d86cde84514faa08f4ea349b0f4bb,expanding,V4_M,expanding:V4_M:03,3,3,10,17,23,25,30,0.809457170214333,sum_node_scores,,
1245,1244,prospective_v4,REGISTERED_UNEVALUATED,243cd17e6b97a2d96709ddfc689a068038669341a52dcc0743c141d309e43b9f,746efc843d53dff4e61394e26d458ea3f50c93e4,6a018e3036187a26ac9bcffda9fd7379d65d86cde84514faa08f4ea349b0f4bb,expanding,V4_M,expanding:V4_M:04,4,3,10,17,23,25,32,0.809457170214333,sum_node_scores,,
1245,1244,prospective_v4,REGISTERED_UNEVALUATED,243cd17e6b97a2d96709ddfc689a068038669341a52dcc0743c141d309e43b9f,746efc843d53dff4e61394e26d458ea3f50c93e4,6a018e3036187a26ac9bcffda9fd7379d65d86cde84514faa08f4ea349b0f4bb,expanding,V4_M,expanding:V4_M:05,5,3,10,17,23,25,36,0.809457170214333,sum_node_scores,,
1245,1244,prospective_v4,REGISTERED_UNEVALUATED,243cd17e6b97a2d96709ddfc689a068038669341a52dcc0743c141d309e43b9f,746efc843d53dff4e61394e26d458ea3f50c93e4,6a018e3036187a26ac9bcffda9fd7379d65d86cde84514faa08f4ea349b0f4bb,expanding,V4_M,expanding:V4_M:06,6,3,10,17,23,25,39,0.809457170214333,sum_node_scores,,
1245,1244,prospective_v4,REGISTERED_UNEVALUATED,243cd17e6b97a2d96709ddfc689a068038669341a52dcc0743c141d309e43b9f,746efc843d53dff4e61394e26d458ea3f50c93e4,6a018e3036187a26ac9bcffda9fd7379d65d86cde84514faa08f4ea349b0f4bb,expanding,V4_M,expanding:V4_M:07,7,3,10,17,23,25,45,0.809457170214333,sum_node_scores,,
1245,1244,prospective_v4,REGISTERED_UNEVALUATED,243cd17e6b97a2d96709ddfc689a068038669341a52dcc0743c141d309e43b9f,746efc843d53dff4e61394e26d458ea3f50c93e4,6a018e3036187a26ac9bcffda9fd7379d65d86cde84514faa08f4ea349b0f4bb,expanding,V4_M,expanding:V4_M:08,8,3,10,17,23,27,28,0.809457170214333,sum_node_scores,,
1245,1244,prospective_v4,REGISTERED_UNEVALUATED,243cd17e6b97a2d96709ddfc689a068038669341a52dcc0743c141d309e43b9f,746efc843d53dff4e61394e26d458ea3f50c93e4,6a018e3036187a26ac9bcffda9fd7379d65d86cde84514faa08f4ea349b0f4bb,expanding,V4_M,expanding:V4_M:09,9,3,10,17,23,27,30,0.809457170214333,sum_node_scores,,
1245,1244,prospective_v4,REGISTERED_UNEVALUATED,243cd17e6b97a2d96709ddfc689a068038669341a52dcc0743c141d309e43b9f,746efc843d53dff4e61394e26d458ea3f50c93e4,6a018e3036187a26ac9bcffda9fd7379d65d86cde84514faa08f4ea349b0f4bb,expanding,V4_M,expanding:V4_M:10,10,3,10,17,23,27,32,0.809457170214333,sum_node_scores,,
1245,1244,prospective_v4,REGISTERED_UNEVALUATED,243cd17e6b97a2d96709ddfc689a068038669341a52dcc0743c141d309e43b9f,746efc843d53dff4e61394e26d458ea3f50c93e4,6a018e3036187a26ac9bcffda9fd7379d65d86cde84514faa08f4ea349b0f4bb,expanding,V4_M,expanding:V4_M:11,11,3,10,17,23,27,36,0.809457170214333,sum_node_scores,,
1245,1244,prospective_v4,REGISTERED_UNEVALUATED,243cd17e6b97a2d96709ddfc689a068038669341a52dcc0743c141d309e43b9f,746efc843d53dff4e61394e26d458ea3f50c93e4,6a018e3036187a26ac9bcffda9fd7379d65d86cde84514faa08f4ea349b0f4bb,expanding,V4_M,expanding:V4_M:12,12,3,10,17,23,27,39,0.809457170214333,sum_node_scores,,
1245,1244,prospective_v4,REGISTERED_UNEVALUATED,243cd17e6b97a2d96709ddfc689a068038669341a52dcc0743c141d309e43b9f,746efc843d53dff4e61394e26d458ea3f50c93e4,6a018e3036187a26ac9bcffda9fd7379d65d86cde84514faa08f4ea349b0f4bb,expanding,V4_M,expanding:V4_M:13,13,3,10,17,23,27,45,0.809457170214333,sum_node_scores,,
1245,1244,prospective_v4,REGISTERED_UNEVALUATED,243cd17e6b97a2d96709ddfc689a068038669341a52dcc0743c141d309e43b9f,746efc843d53dff4e61394e26d458ea3f50c93e4,6a018e3036187a26ac9bcffda9fd7379d65d86cde84514faa08f4ea349b0f4bb,expanding,V4_M,expanding:V4_M:14,14,3,10,17,25,27,28,0.809457170214333,sum_node_scores,,
1245,1244,prospective_v4,REGISTERED_UNEVALUATED,243cd17e6b97a2d96709ddfc689a068038669341a52dcc0743c141d309e43b9f,746efc843d53dff4e61394e26d458ea3f50c93e4,6a018e3036187a26ac9bcffda9fd7379d65d86cde84514faa08f4ea349b0f4bb,expanding,V4_M,expanding:V4_M:15,15,3,10,17,25,27,30,0.809457170214333,sum_node_scores,,
1245,1244,prospective_v4,REGISTERED_UNEVALUATED,243cd17e6b97a2d96709ddfc689a068038669341a52dcc0743c141d309e43b9f,746efc843d53dff4e61394e26d458ea3f50c93e4,6a018e3036187a26ac9bcffda9fd7379d65d86cde84514faa08f4ea349b0f4bb,expanding,V4_M,expanding:V4_M:16,16,3,10,17,25,27,32,0.809457170214333,sum_node_scores,,
1245,1244,prospective_v4,REGISTERED_UNEVALUATED,243cd17e6b97a2d96709ddfc689a068038669341a52dcc0743c141d309e43b9f,746efc843d53dff4e61394e26d458ea3f50c93e4,6a018e3036187a26ac9bcffda9fd7379d65d86cde84514faa08f4ea349b0f4bb,expanding,V4_M,expanding:V4_M:17,17,3,10,17,25,27,36,0.809457170214333,sum_node_scores,,
1245,1244,prospective_v4,REGISTERED_UNEVALUATED,243cd17e6b97a2d96709ddfc689a068038669341a52dcc0743c141d309e43b9f,746efc843d53dff4e61394e26d458ea3f50c93e4,6a018e3036187a26ac9bcffda9fd7379d65d86cde84514faa08f4ea349b0f4bb,expanding,V4_M,expanding:V4_M:18,18,3,10,17,25,27,39,0.809457170214333,sum_node_scores,,
1245,1244,prospective_v4,REGISTERED_UNEVALUATED,243cd17e6b97a2d96709ddfc689a068038669341a52dcc0743c141d309e43b9f,746efc843d53dff4e61394e26d458ea3f50c93e4,6a018e3036187a26ac9bcffda9fd7379d65d86cde84514faa08f4ea349b0f4bb,expanding,V4_M,expanding:V4_M:19,19,3,10,17,25,27,45,0.809457170214333,sum_node_scores,,
1245,1244,prospective_v4,REGISTERED_UNEVALUATED,243cd17e6b97a2d96709ddfc689a068038669341a52dcc0743c141d309e43b9f,746efc843d53dff4e61394e26d458ea3f50c93e4,6a018e3036187a26ac9bcffda9fd7379d65d86cde84514faa08f4ea349b0f4bb,expanding,V4_M,expanding:V4_M:20,20,3,10,23,25,27,28,0.809457170214333,sum_node_scores,,
1245,1244,prospective_v4,REGISTERED_UNEVALUATED,243cd17e6b97a2d96709ddfc689a068038669341a52dcc0743c141d309e43b9f,746efc843d53dff4e61394e26d458ea3f50c93e4,6a018e3036187a26ac9bcffda9fd7379d65d86cde84514faa08f4ea349b0f4bb,expanding,V4_M,expanding:V4_M:21,21,3,10,23,25,27,30,0.809457170214333,sum_node_scores,,
1245,1244,prospective_v4,REGISTERED_UNEVALUATED,243cd17e6b97a2d96709ddfc689a068038669341a52dcc0743c141d309e43b9f,746efc843d53dff4e61394e26d458ea3f50c93e4,6a018e3036187a26ac9bcffda9fd7379d65d86cde84514faa08f4ea349b0f4bb,expanding,V4_M,expanding:V4_M:22,22,3,10,23,25,27,32,0.809457170214333,sum_node_scores,,
1245,1244,prospective_v4,REGISTERED_UNEVALUATED,243cd17e6b97a2d96709ddfc689a068038669341a52dcc0743c141d309e43b9f,746efc843d53dff4e61394e26d458ea3f50c93e4,6a018e3036187a26ac9bcffda9fd7379d65d86cde84514faa08f4ea349b0f4bb,expanding,V4_M,expanding:V4_M:23,23,3,10,23,25,27,36,0.809457170214333,sum_node_scores,,
1245,1244,prospective_v4,REGISTERED_UNEVALUATED,243cd17e6b97a2d96709ddfc689a068038669341a52dcc0743c141d309e43b9f,746efc843d53dff4e61394e26d458ea3f50c93e4,6a018e3036187a26ac9bcffda9fd7379d65d86cde84514faa08f4ea349b0f4bb,expanding,V4_M,expanding:V4_M:24,24,3,10,23,25,27,39,0.809457170214333,sum_node_scores,,
1245,1244,prospective_v4,REGISTERED_UNEVALUATED,243cd17e6b97a2d96709ddfc689a068038669341a52dcc0743c141d309e43b9f,746efc843d53dff4e61394e26d458ea3f50c93e4,6a018e3036187a26ac9bcffda9fd7379d65d86cde84514faa08f4ea349b0f4bb,expanding,V4_M,expanding:V4_M:25,25,3,10,23,25,27,45,0.809457170214333,sum_node_scores,,
1245,1244,prospective_v4,REGISTERED_UNEVALUATED,243cd17e6b97a2d96709ddfc689a068038669341a52dcc0743c141d309e43b9f,746efc843d53dff4e61394e26d458ea3f50c93e4,6a018e3036187a26ac9bcffda9fd7379d65d86cde84514faa08f4ea349b0f4bb,expanding,V4_M,expanding:V4_M:26,26,3,17,23,25,27,28,0.809457170214333,sum_node_scores,,
1245,1244,prospective_v4,REGISTERED_UNEVALUATED,243cd17e6b97a2d96709ddfc689a068038669341a52dcc0743c141d309e43b9f,746efc843d53dff4e61394e26d458ea3f50c93e4,6a018e3036187a26ac9bcffda9fd7379d65d86cde84514faa08f4ea349b0f4bb,expanding,V4_M,expanding:V4_M:27,27,3,17,23,25,27,30,0.809457170214333,sum_node_scores,,
1245,1244,prospective_v4,REGISTERED_UNEVALUATED,243cd17e6b97a2d96709ddfc689a068038669341a52dcc0743c141d309e43b9f,746efc843d53dff4e61394e26d458ea3f50c93e4,6a018e3036187a26ac9bcffda9fd7379d65d86cde84514faa08f4ea349b0f4bb,expanding,V4_M,expanding:V4_M:28,28,3,17,23,25,27,32,0.809457170214333,sum_node_scores,,
1245,1244,prospective_v4,REGISTERED_UNEVALUATED,243cd17e6b97a2d96709ddfc689a068038669341a52dcc0743c141d309e43b9f,746efc843d53dff4e61394e26d458ea3f50c93e4,6a018e3036187a26ac9bcffda9fd7379d65d86cde84514faa08f4ea349b0f4bb,expanding,V4_M,expanding:V4_M:29,29,3,17,23,25,27,36,0.809457170214333,sum_node_scores,,
1245,1244,prospective_v4,REGISTERED_UNEVALUATED,243cd17e6b97a2d96709ddfc689a068038669341a52dcc0743c141d309e43b9f,746efc843d53dff4e61394e26d458ea3f50c93e4,6a018e3036187a26ac9bcffda9fd7379d65d86cde84514faa08f4ea349b0f4bb,expanding,V4_M,expanding:V4_M:30,30,3,17,23,25,27,39,0.809457170214333,sum_node_scores,,
1245,1244,prospective_v4,REGISTERED_UNEVALUATED,243cd17e6b97a2d96709ddfc689a068038669341a52dcc0743c141d309e43b9f,746efc843d53dff4e61394e26d458ea3f50c93e4,6a018e3036187a26ac9bcffda9fd7379d65d86cde84514faa08f4ea349b0f4bb,expanding,V4_M,expanding:V4_M:31,31,3,17,23,25,27,45,0.809457170214333,sum_node_scores,,
1245,1244,prospective_v4,REGISTERED_UNEVALUATED,243cd17e6b97a2d96709ddfc689a068038669341a52dcc0743c141d309e43b9f,746efc843d53dff4e61394e26d458ea3f50c93e4,6a018e3036187a26ac9bcffda9fd7379d65d86cde84514faa08f4ea349b0f4bb,expanding,V4_M,expanding:V4_M:32,32,10,17,23,25,27,28,0.809457170214333,sum_node_scores,,
1245,1244,prospective_v4,REGISTERED_UNEVALUATED,243cd17e6b97a2d96709ddfc689a068038669341a52dcc0743c141d309e43b9f,746efc843d53dff4e61394e26d458ea3f50c93e4,6a018e3036187a26ac9bcffda9fd7379d65d86cde84514faa08f4ea349b0f4bb,expanding,V4_M,expanding:V4_M:33,33,10,17,23,25,27,30,0.809457170214333,sum_node_scores,,
1245,1244,prospective_v4,REGISTERED_UNEVALUATED,243cd17e6b97a2d96709ddfc689a068038669341a52dcc0743c141d309e43b9f,746efc843d53dff4e61394e26d458ea3f50c93e4,6a018e3036187a26ac9bcffda9fd7379d65d86cde84514faa08f4ea349b0f4bb,expanding,V4_M,expanding:V4_M:34,34,10,17,23,25,27,32,0.809457170214333,sum_node_scores,,
1245,1244,prospective_v4,REGISTERED_UNEVALUATED,243cd17e6b97a2d96709ddfc689a068038669341a52dcc0743c141d309e43b9f,746efc843d53dff4e61394e26d458ea3f50c93e4,6a018e3036187a26ac9bcffda9fd7379d65d86cde84514faa08f4ea349b0f4bb,expanding,V4_M,expanding:V4_M:35,35,10,17,23,25,27,36,0.809457170214333,sum_node_scores,,
1245,1244,prospective_v4,REGISTERED_UNEVALUATED,243cd17e6b97a2d96709ddfc689a068038669341a52dcc0743c141d309e43b9f,746efc843d53dff4e61394e26d458ea3f50c93e4,6a018e3036187a26ac9bcffda9fd7379d65d86cde84514faa08f4ea349b0f4bb,expanding,V4_M,expanding:V4_M:36,36,10,17,23,25,27,39,0.809457170214333,sum_node_scores,,
1245,1244,prospective_v4,REGISTERED_UNEVALUATED,243cd17e6b97a2d96709ddfc689a068038669341a52dcc0743c141d309e43b9f,746efc843d53dff4e61394e26d458ea3f50c93e4,6a018e3036187a26ac9bcffda9fd7379d65d86cde84514faa08f4ea349b0f4bb,expanding,V4_M,expanding:V4_M:37,37,10,17,23,25,27,45,0.809457170214333,sum_node_scores,,
1245,1244,prospective_v4,REGISTERED_UNEVALUATED,243cd17e6b97a2d96709ddfc689a068038669341a52dcc0743c141d309e43b9f,746efc843d53dff4e61394e26d458ea3f50c93e4,6a018e3036187a26ac9bcffda9fd7379d65d86cde84514faa08f4ea349b0f4bb,expanding,V4_P,expanding:V4_P:01,1,12,13,18,27,33,34,3.080175568380525,sum_node_scores,,
1245,1244,prospective_v4,REGISTERED_UNEVALUATED,243cd17e6b97a2d96709ddfc689a068038669341a52dcc0743c141d309e43b9f,746efc843d53dff4e61394e26d458ea3f50c93e4,6a018e3036187a26ac9bcffda9fd7379d65d86cde84514faa08f4ea349b0f4bb,expanding,V4_P,expanding:V4_P:02,2,12,13,16,27,33,34,3.05407743630922,sum_node_scores,,
1245,1244,prospective_v4,REGISTERED_UNEVALUATED,243cd17e6b97a2d96709ddfc689a068038669341a52dcc0743c141d309e43b9f,746efc843d53dff4e61394e26d458ea3f50c93e4,6a018e3036187a26ac9bcffda9fd7379d65d86cde84514faa08f4ea349b0f4bb,expanding,V4_P,expanding:V4_P:03,3,12,13,16,18,27,34,3.035863266282725,sum_node_scores,,
1245,1244,prospective_v4,REGISTERED_UNEVALUATED,243cd17e6b97a2d96709ddfc689a068038669341a52dcc0743c141d309e43b9f,746efc843d53dff4e61394e26d458ea3f50c93e4,6a018e3036187a26ac9bcffda9fd7379d65d86cde84514faa08f4ea349b0f4bb,expanding,V4_P,expanding:V4_P:04,4,12,13,27,33,34,37,3.01434586666117,sum_node_scores,,
1245,1244,prospective_v4,REGISTERED_UNEVALUATED,243cd17e6b97a2d96709ddfc689a068038669341a52dcc0743c141d309e43b9f,746efc843d53dff4e61394e26d458ea3f50c93e4,6a018e3036187a26ac9bcffda9fd7379d65d86cde84514faa08f4ea349b0f4bb,expanding,V4_P,expanding:V4_P:05,5,12,13,18,27,34,37,2.996131696634675,sum_node_scores,,
1245,1244,prospective_v4,REGISTERED_UNEVALUATED,243cd17e6b97a2d96709ddfc689a068038669341a52dcc0743c141d309e43b9f,746efc843d53dff4e61394e26d458ea3f50c93e4,6a018e3036187a26ac9bcffda9fd7379d65d86cde84514faa08f4ea349b0f4bb,expanding,V4_P,expanding:V4_P:06,6,11,12,13,27,33,34,2.9954601877260845,sum_node_scores,,
1245,1244,prospective_v4,REGISTERED_UNEVALUATED,243cd17e6b97a2d96709ddfc689a068038669341a52dcc0743c141d309e43b9f,746efc843d53dff4e61394e26d458ea3f50c93e4,6a018e3036187a26ac9bcffda9fd7379d65d86cde84514faa08f4ea349b0f4bb,expanding,V4_P,expanding:V4_P:07,7,12,16,18,27,33,34,2.986248725719201,sum_node_scores,,
1245,1244,prospective_v4,REGISTERED_UNEVALUATED,243cd17e6b97a2d96709ddfc689a068038669341a52dcc0743c141d309e43b9f,746efc843d53dff4e61394e26d458ea3f50c93e4,6a018e3036187a26ac9bcffda9fd7379d65d86cde84514faa08f4ea349b0f4bb,expanding,V4_P,expanding:V4_P:08,8,13,16,18,27,33,34,2.978153044476997,sum_node_scores,,
1245,1244,prospective_v4,REGISTERED_UNEVALUATED,243cd17e6b97a2d96709ddfc689a068038669341a52dcc0743c141d309e43b9f,746efc843d53dff4e61394e26d458ea3f50c93e4,6a018e3036187a26ac9bcffda9fd7379d65d86cde84514faa08f4ea349b0f4bb,expanding,V4_P,expanding:V4_P:09,9,11,12,13,18,27,34,2.9772460176995894,sum_node_scores,,
1245,1244,prospective_v4,REGISTERED_UNEVALUATED,243cd17e6b97a2d96709ddfc689a068038669341a52dcc0743c141d309e43b9f,746efc843d53dff4e61394e26d458ea3f50c93e4,6a018e3036187a26ac9bcffda9fd7379d65d86cde84514faa08f4ea349b0f4bb,expanding,V4_P,expanding:V4_P:10,10,1,12,13,27,33,34,2.9657919484794486,sum_node_scores,,
1245,1244,prospective_v4,REGISTERED_UNEVALUATED,243cd17e6b97a2d96709ddfc689a068038669341a52dcc0743c141d309e43b9f,746efc843d53dff4e61394e26d458ea3f50c93e4,6a018e3036187a26ac9bcffda9fd7379d65d86cde84514faa08f4ea349b0f4bb,expanding,V4_P,expanding:V4_P:11,11,12,13,19,27,33,34,2.9655678292270973,sum_node_scores,,
1245,1244,prospective_v4,REGISTERED_UNEVALUATED,243cd17e6b97a2d96709ddfc689a068038669341a52dcc0743c141d309e43b9f,746efc843d53dff4e61394e26d458ea3f50c93e4,6a018e3036187a26ac9bcffda9fd7379d65d86cde84514faa08f4ea349b0f4bb,expanding,V4_P,expanding:V4_P:12,12,1,12,13,18,27,34,2.947577778452954,sum_node_scores,,
1245,1244,prospective_v4,REGISTERED_UNEVALUATED,243cd17e6b97a2d96709ddfc689a068038669341a52dcc0743c141d309e43b9f,746efc843d53dff4e61394e26d458ea3f50c93e4,6a018e3036187a26ac9bcffda9fd7379d65d86cde84514faa08f4ea349b0f4bb,expanding,V4_P,expanding:V4_P:13,13,12,13,18,19,27,34,2.947353659200602,sum_node_scores,,
1245,1244,prospective_v4,REGISTERED_UNEVALUATED,243cd17e6b97a2d96709ddfc689a068038669341a52dcc0743c141d309e43b9f,746efc843d53dff4e61394e26d458ea3f50c93e4,6a018e3036187a26ac9bcffda9fd7379d65d86cde84514faa08f4ea349b0f4bb,expanding,V4_P,expanding:V4_P:14,14,12,18,27,33,34,37,2.946517156071151,sum_node_scores,,
1245,1244,prospective_v4,REGISTERED_UNEVALUATED,243cd17e6b97a2d96709ddfc689a068038669341a52dcc0743c141d309e43b9f,746efc843d53dff4e61394e26d458ea3f50c93e4,6a018e3036187a26ac9bcffda9fd7379d65d86cde84514faa08f4ea349b0f4bb,expanding,V4_P,expanding:V4_P:15,15,12,13,14,27,33,34,2.944916531694155,sum_node_scores,,
1245,1244,prospective_v4,REGISTERED_UNEVALUATED,243cd17e6b97a2d96709ddfc689a068038669341a52dcc0743c141d309e43b9f,746efc843d53dff4e61394e26d458ea3f50c93e4,6a018e3036187a26ac9bcffda9fd7379d65d86cde84514faa08f4ea349b0f4bb,expanding,V4_P,expanding:V4_P:16,16,13,18,27,33,34,37,2.938421474828947,sum_node_scores,,
1245,1244,prospective_v4,REGISTERED_UNEVALUATED,243cd17e6b97a2d96709ddfc689a068038669341a52dcc0743c141d309e43b9f,746efc843d53dff4e61394e26d458ea3f50c93e4,6a018e3036187a26ac9bcffda9fd7379d65d86cde84514faa08f4ea349b0f4bb,expanding,V4_P,expanding:V4_P:17,17,11,12,18,27,33,34,2.9276314771360656,sum_node_scores,,
1245,1244,prospective_v4,REGISTERED_UNEVALUATED,243cd17e6b97a2d96709ddfc689a068038669341a52dcc0743c141d309e43b9f,746efc843d53dff4e61394e26d458ea3f50c93e4,6a018e3036187a26ac9bcffda9fd7379d65d86cde84514faa08f4ea349b0f4bb,expanding,V4_P,expanding:V4_P:18,18,12,13,14,18,27,34,2.92670236166766,sum_node_scores,,
1245,1244,prospective_v4,REGISTERED_UNEVALUATED,243cd17e6b97a2d96709ddfc689a068038669341a52dcc0743c141d309e43b9f,746efc843d53dff4e61394e26d458ea3f50c93e4,6a018e3036187a26ac9bcffda9fd7379d65d86cde84514faa08f4ea349b0f4bb,expanding,V4_P,expanding:V4_P:19,19,11,13,18,27,33,34,2.9195357958938617,sum_node_scores,,
1245,1244,prospective_v4,REGISTERED_UNEVALUATED,243cd17e6b97a2d96709ddfc689a068038669341a52dcc0743c141d309e43b9f,746efc843d53dff4e61394e26d458ea3f50c93e4,6a018e3036187a26ac9bcffda9fd7379d65d86cde84514faa08f4ea349b0f4bb,expanding,V4_P,expanding:V4_P:20,20,1,12,18,27,33,34,2.8979632378894298,sum_node_scores,,
1245,1244,prospective_v4,REGISTERED_UNEVALUATED,243cd17e6b97a2d96709ddfc689a068038669341a52dcc0743c141d309e43b9f,746efc843d53dff4e61394e26d458ea3f50c93e4,6a018e3036187a26ac9bcffda9fd7379d65d86cde84514faa08f4ea349b0f4bb,expanding,V4_P,expanding:V4_P:21,21,12,18,19,27,33,34,2.8977391186370784,sum_node_scores,,
1245,1244,prospective_v4,REGISTERED_UNEVALUATED,243cd17e6b97a2d96709ddfc689a068038669341a52dcc0743c141d309e43b9f,746efc843d53dff4e61394e26d458ea3f50c93e4,6a018e3036187a26ac9bcffda9fd7379d65d86cde84514faa08f4ea349b0f4bb,expanding,V4_P,expanding:V4_P:22,22,1,13,18,27,33,34,2.889867556647226,sum_node_scores,,
1245,1244,prospective_v4,REGISTERED_UNEVALUATED,243cd17e6b97a2d96709ddfc689a068038669341a52dcc0743c141d309e43b9f,746efc843d53dff4e61394e26d458ea3f50c93e4,6a018e3036187a26ac9bcffda9fd7379d65d86cde84514faa08f4ea349b0f4bb,expanding,V4_P,expanding:V4_P:23,23,13,18,19,27,33,34,2.8896434373948745,sum_node_scores,,
1245,1244,prospective_v4,REGISTERED_UNEVALUATED,243cd17e6b97a2d96709ddfc689a068038669341a52dcc0743c141d309e43b9f,746efc843d53dff4e61394e26d458ea3f50c93e4,6a018e3036187a26ac9bcffda9fd7379d65d86cde84514faa08f4ea349b0f4bb,expanding,V4_P,expanding:V4_P:24,24,12,14,18,27,33,34,2.877087821104136,sum_node_scores,,
1245,1244,prospective_v4,REGISTERED_UNEVALUATED,243cd17e6b97a2d96709ddfc689a068038669341a52dcc0743c141d309e43b9f,746efc843d53dff4e61394e26d458ea3f50c93e4,6a018e3036187a26ac9bcffda9fd7379d65d86cde84514faa08f4ea349b0f4bb,expanding,V4_P,expanding:V4_P:25,25,13,14,18,27,33,34,2.8689921398619322,sum_node_scores,,
1245,1244,prospective_v4,REGISTERED_UNEVALUATED,243cd17e6b97a2d96709ddfc689a068038669341a52dcc0743c141d309e43b9f,746efc843d53dff4e61394e26d458ea3f50c93e4,6a018e3036187a26ac9bcffda9fd7379d65d86cde84514faa08f4ea349b0f4bb,expanding,V4_P,expanding:V4_P:26,26,12,13,16,18,33,34,2.8494506972292095,sum_node_scores,,
1245,1244,prospective_v4,REGISTERED_UNEVALUATED,243cd17e6b97a2d96709ddfc689a068038669341a52dcc0743c141d309e43b9f,746efc843d53dff4e61394e26d458ea3f50c93e4,6a018e3036187a26ac9bcffda9fd7379d65d86cde84514faa08f4ea349b0f4bb,expanding,V4_P,expanding:V4_P:27,27,12,13,18,33,34,37,2.8097191275811597,sum_node_scores,,
1245,1244,prospective_v4,REGISTERED_UNEVALUATED,243cd17e6b97a2d96709ddfc689a068038669341a52dcc0743c141d309e43b9f,746efc843d53dff4e61394e26d458ea3f50c93e4,6a018e3036187a26ac9bcffda9fd7379d65d86cde84514faa08f4ea349b0f4bb,expanding,V4_P,expanding:V4_P:28,28,11,12,13,18,33,34,2.790833448646074,sum_node_scores,,
1245,1244,prospective_v4,REGISTERED_UNEVALUATED,243cd17e6b97a2d96709ddfc689a068038669341a52dcc0743c141d309e43b9f,746efc843d53dff4e61394e26d458ea3f50c93e4,6a018e3036187a26ac9bcffda9fd7379d65d86cde84514faa08f4ea349b0f4bb,expanding,V4_P,expanding:V4_P:29,29,1,12,13,18,33,34,2.7611652093994383,sum_node_scores,,
1245,1244,prospective_v4,REGISTERED_UNEVALUATED,243cd17e6b97a2d96709ddfc689a068038669341a52dcc0743c141d309e43b9f,746efc843d53dff4e61394e26d458ea3f50c93e4,6a018e3036187a26ac9bcffda9fd7379d65d86cde84514faa08f4ea349b0f4bb,expanding,V4_P,expanding:V4_P:30,30,12,13,18,19,33,34,2.760941090147087,sum_node_scores,,
1245,1244,prospective_v4,REGISTERED_UNEVALUATED,243cd17e6b97a2d96709ddfc689a068038669341a52dcc0743c141d309e43b9f,746efc843d53dff4e61394e26d458ea3f50c93e4,6a018e3036187a26ac9bcffda9fd7379d65d86cde84514faa08f4ea349b0f4bb,expanding,V4_P,expanding:V4_P:31,31,12,13,14,18,33,34,2.7402897926141447,sum_node_scores,,
1245,1244,prospective_v4,REGISTERED_UNEVALUATED,243cd17e6b97a2d96709ddfc689a068038669341a52dcc0743c141d309e43b9f,746efc843d53dff4e61394e26d458ea3f50c93e4,6a018e3036187a26ac9bcffda9fd7379d65d86cde84514faa08f4ea349b0f4bb,expanding,V4_P,expanding:V4_P:32,32,12,13,16,18,27,33,2.549885571950029,sum_node_scores,,
1245,1244,prospective_v4,REGISTERED_UNEVALUATED,243cd17e6b97a2d96709ddfc689a068038669341a52dcc0743c141d309e43b9f,746efc843d53dff4e61394e26d458ea3f50c93e4,6a018e3036187a26ac9bcffda9fd7379d65d86cde84514faa08f4ea349b0f4bb,expanding,V4_P,expanding:V4_P:33,33,12,13,18,27,33,37,2.5101540023019786,sum_node_scores,,
1245,1244,prospective_v4,REGISTERED_UNEVALUATED,243cd17e6b97a2d96709ddfc689a068038669341a52dcc0743c141d309e43b9f,746efc843d53dff4e61394e26d458ea3f50c93e4,6a018e3036187a26ac9bcffda9fd7379d65d86cde84514faa08f4ea349b0f4bb,expanding,V4_P,expanding:V4_P:34,34,11,12,13,18,27,33,2.491268323366893,sum_node_scores,,
1245,1244,prospective_v4,REGISTERED_UNEVALUATED,243cd17e6b97a2d96709ddfc689a068038669341a52dcc0743c141d309e43b9f,746efc843d53dff4e61394e26d458ea3f50c93e4,6a018e3036187a26ac9bcffda9fd7379d65d86cde84514faa08f4ea349b0f4bb,expanding,V4_P,expanding:V4_P:35,35,1,12,13,18,27,33,2.4616000841202577,sum_node_scores,,
1245,1244,prospective_v4,REGISTERED_UNEVALUATED,243cd17e6b97a2d96709ddfc689a068038669341a52dcc0743c141d309e43b9f,746efc843d53dff4e61394e26d458ea3f50c93e4,6a018e3036187a26ac9bcffda9fd7379d65d86cde84514faa08f4ea349b0f4bb,expanding,V4_P,expanding:V4_P:36,36,12,13,18,19,27,33,2.4613759648679063,sum_node_scores,,
1245,1244,prospective_v4,REGISTERED_UNEVALUATED,243cd17e6b97a2d96709ddfc689a068038669341a52dcc0743c141d309e43b9f,746efc843d53dff4e61394e26d458ea3f50c93e4,6a018e3036187a26ac9bcffda9fd7379d65d86cde84514faa08f4ea349b0f4bb,expanding,V4_P,expanding:V4_P:37,37,12,13,14,18,27,33,2.4407246673349636,sum_node_scores,,
1245,1244,prospective_v4,REGISTERED_UNEVALUATED,243cd17e6b97a2d96709ddfc689a068038669341a52dcc0743c141d309e43b9f,746efc843d53dff4e61394e26d458ea3f50c93e4,6a018e3036187a26ac9bcffda9fd7379d65d86cde84514faa08f4ea349b0f4bb,expanding,V4_T,expanding:V4_T:01,1,12,13,18,27,33,34,40.285907595270324,sum_node_scores,,
1245,1244,prospective_v4,REGISTERED_UNEVALUATED,243cd17e6b97a2d96709ddfc689a068038669341a52dcc0743c141d309e43b9f,746efc843d53dff4e61394e26d458ea3f50c93e4,6a018e3036187a26ac9bcffda9fd7379d65d86cde84514faa08f4ea349b0f4bb,expanding,V4_T,expanding:V4_T:02,2,12,13,16,27,33,34,39.998823202133245,sum_node_scores,,
1245,1244,prospective_v4,REGISTERED_UNEVALUATED,243cd17e6b97a2d96709ddfc689a068038669341a52dcc0743c141d309e43b9f,746efc843d53dff4e61394e26d458ea3f50c93e4,6a018e3036187a26ac9bcffda9fd7379d65d86cde84514faa08f4ea349b0f4bb,expanding,V4_T,expanding:V4_T:03,3,12,13,16,18,27,34,39.73620394672113,sum_node_scores,,
1245,1244,prospective_v4,REGISTERED_UNEVALUATED,243cd17e6b97a2d96709ddfc689a068038669341a52dcc0743c141d309e43b9f,746efc843d53dff4e61394e26d458ea3f50c93e4,6a018e3036187a26ac9bcffda9fd7379d65d86cde84514faa08f4ea349b0f4bb,expanding,V4_T,expanding:V4_T:04,4,12,13,27,33,34,37,39.40966926536883,sum_node_scores,,
1245,1244,prospective_v4,REGISTERED_UNEVALUATED,243cd17e6b97a2d96709ddfc689a068038669341a52dcc0743c141d309e43b9f,746efc843d53dff4e61394e26d458ea3f50c93e4,6a018e3036187a26ac9bcffda9fd7379d65d86cde84514faa08f4ea349b0f4bb,expanding,V4_T,expanding:V4_T:05,5,11,12,13,27,33,34,39.22208361521322,sum_node_scores,,
1245,1244,prospective_v4,REGISTERED_UNEVALUATED,243cd17e6b97a2d96709ddfc689a068038669341a52dcc0743c141d309e43b9f,746efc843d53dff4e61394e26d458ea3f50c93e4,6a018e3036187a26ac9bcffda9fd7379d65d86cde84514faa08f4ea349b0f4bb,expanding,V4_T,expanding:V4_T:06,6,12,13,18,27,34,37,39.14705000995671,sum_node_scores,,
1245,1244,prospective_v4,REGISTERED_UNEVALUATED,243cd17e6b97a2d96709ddfc689a068038669341a52dcc0743c141d309e43b9f,746efc843d53dff4e61394e26d458ea3f50c93e4,6a018e3036187a26ac9bcffda9fd7379d65d86cde84514faa08f4ea349b0f4bb,expanding,V4_T,expanding:V4_T:07,7,12,16,18,27,33,34,39.13594107303161,sum_node_scores,,
1245,1244,prospective_v4,REGISTERED_UNEVALUATED,243cd17e6b97a2d96709ddfc689a068038669341a52dcc0743c141d309e43b9f,746efc843d53dff4e61394e26d458ea3f50c93e4,6a018e3036187a26ac9bcffda9fd7379d65d86cde84514faa08f4ea349b0f4bb,expanding,V4_T,expanding:V4_T:08,8,13,16,18,27,33,34,39.05231675954595,sum_node_scores,,
1245,1244,prospective_v4,REGISTERED_UNEVALUATED,243cd17e6b97a2d96709ddfc689a068038669341a52dcc0743c141d309e43b9f,746efc843d53dff4e61394e26d458ea3f50c93e4,6a018e3036187a26ac9bcffda9fd7379d65d86cde84514faa08f4ea349b0f4bb,expanding,V4_T,expanding:V4_T:09,9,11,12,13,18,27,34,38.9594643598011,sum_node_scores,,
1245,1244,prospective_v4,REGISTERED_UNEVALUATED,243cd17e6b97a2d96709ddfc689a068038669341a52dcc0743c141d309e43b9f,746efc843d53dff4e61394e26d458ea3f50c93e4,6a018e3036187a26ac9bcffda9fd7379d65d86cde84514faa08f4ea349b0f4bb,expanding,V4_T,expanding:V4_T:10,10,12,13,19,27,33,34,38.78525248043472,sum_node_scores,,
1245,1244,prospective_v4,REGISTERED_UNEVALUATED,243cd17e6b97a2d96709ddfc689a068038669341a52dcc0743c141d309e43b9f,746efc843d53dff4e61394e26d458ea3f50c93e4,6a018e3036187a26ac9bcffda9fd7379d65d86cde84514faa08f4ea349b0f4bb,expanding,V4_T,expanding:V4_T:11,11,1,12,13,27,33,34,38.764630924456135,sum_node_scores,,
1245,1244,prospective_v4,REGISTERED_UNEVALUATED,243cd17e6b97a2d96709ddfc689a068038669341a52dcc0743c141d309e43b9f,746efc843d53dff4e61394e26d458ea3f50c93e4,6a018e3036187a26ac9bcffda9fd7379d65d86cde84514faa08f4ea349b0f4bb,expanding,V4_T,expanding:V4_T:12,12,12,18,27,33,34,37,38.54678713626719,sum_node_scores,,
1245,1244,prospective_v4,REGISTERED_UNEVALUATED,243cd17e6b97a2d96709ddfc689a068038669341a52dcc0743c141d309e43b9f,746efc843d53dff4e61394e26d458ea3f50c93e4,6a018e3036187a26ac9bcffda9fd7379d65d86cde84514faa08f4ea349b0f4bb,expanding,V4_T,expanding:V4_T:13,13,12,13,18,19,27,34,38.5226332250226,sum_node_scores,,
1245,1244,prospective_v4,REGISTERED_UNEVALUATED,243cd17e6b97a2d96709ddfc689a068038669341a52dcc0743c141d309e43b9f,746efc843d53dff4e61394e26d458ea3f50c93e4,6a018e3036187a26ac9bcffda9fd7379d65d86cde84514faa08f4ea349b0f4bb,expanding,V4_T,expanding:V4_T:14,14,12,13,14,27,33,34,38.513286235978995,sum_node_scores,,
1245,1244,prospective_v4,REGISTERED_UNEVALUATED,243cd17e6b97a2d96709ddfc689a068038669341a52dcc0743c141d309e43b9f,746efc843d53dff4e61394e26d458ea3f50c93e4,6a018e3036187a26ac9bcffda9fd7379d65d86cde84514faa08f4ea349b0f4bb,expanding,V4_T,expanding:V4_T:15,15,1,12,13,18,27,34,38.50201166904402,sum_node_scores,,
1245,1244,prospective_v4,REGISTERED_UNEVALUATED,243cd17e6b97a2d96709ddfc689a068038669341a52dcc0743c141d309e43b9f,746efc843d53dff4e61394e26d458ea3f50c93e4,6a018e3036187a26ac9bcffda9fd7379d65d86cde84514faa08f4ea349b0f4bb,expanding,V4_T,expanding:V4_T:16,16,13,18,27,33,34,37,38.46316282278153,sum_node_scores,,
1245,1244,prospective_v4,REGISTERED_UNEVALUATED,243cd17e6b97a2d96709ddfc689a068038669341a52dcc0743c141d309e43b9f,746efc843d53dff4e61394e26d458ea3f50c93e4,6a018e3036187a26ac9bcffda9fd7379d65d86cde84514faa08f4ea349b0f4bb,expanding,V4_T,expanding:V4_T:17,17,11,12,18,27,33,34,38.35920148611159,sum_node_scores,,
1245,1244,prospective_v4,REGISTERED_UNEVALUATED,243cd17e6b97a2d96709ddfc689a068038669341a52dcc0743c141d309e43b9f,746efc843d53dff4e61394e26d458ea3f50c93e4,6a018e3036187a26ac9bcffda9fd7379d65d86cde84514faa08f4ea349b0f4bb,expanding,V4_T,expanding:V4_T:18,18,11,13,18,27,33,34,38.27557717262593,sum_node_scores,,
1245,1244,prospective_v4,REGISTERED_UNEVALUATED,243cd17e6b97a2d96709ddfc689a068038669341a52dcc0743c141d309e43b9f,746efc843d53dff4e61394e26d458ea3f50c93e4,6a018e3036187a26ac9bcffda9fd7379d65d86cde84514faa08f4ea349b0f4bb,expanding,V4_T,expanding:V4_T:19,19,12,13,14,18,27,34,38.25066698056688,sum_node_scores,,
1245,1244,prospective_v4,REGISTERED_UNEVALUATED,243cd17e6b97a2d96709ddfc689a068038669341a52dcc0743c141d309e43b9f,746efc843d53dff4e61394e26d458ea3f50c93e4,6a018e3036187a26ac9bcffda9fd7379d65d86cde84514faa08f4ea349b0f4bb,expanding,V4_T,expanding:V4_T:20,20,12,18,19,27,33,34,37.922370351333086,sum_node_scores,,
1245,1244,prospective_v4,REGISTERED_UNEVALUATED,243cd17e6b97a2d96709ddfc689a068038669341a52dcc0743c141d309e43b9f,746efc843d53dff4e61394e26d458ea3f50c93e4,6a018e3036187a26ac9bcffda9fd7379d65d86cde84514faa08f4ea349b0f4bb,expanding,V4_T,expanding:V4_T:21,21,1,12,18,27,33,34,37.90174879535451,sum_node_scores,,
1245,1244,prospective_v4,REGISTERED_UNEVALUATED,243cd17e6b97a2d96709ddfc689a068038669341a52dcc0743c141d309e43b9f,746efc843d53dff4e61394e26d458ea3f50c93e4,6a018e3036187a26ac9bcffda9fd7379d65d86cde84514faa08f4ea349b0f4bb,expanding,V4_T,expanding:V4_T:22,22,13,18,19,27,33,34,37.83874603784743,sum_node_scores,,
1245,1244,prospective_v4,REGISTERED_UNEVALUATED,243cd17e6b97a2d96709ddfc689a068038669341a52dcc0743c141d309e43b9f,746efc843d53dff4e61394e26d458ea3f50c93e4,6a018e3036187a26ac9bcffda9fd7379d65d86cde84514faa08f4ea349b0f4bb,expanding,V4_T,expanding:V4_T:23,23,1,13,18,27,33,34,37.81812448186884,sum_node_scores,,
1245,1244,prospective_v4,REGISTERED_UNEVALUATED,243cd17e6b97a2d96709ddfc689a068038669341a52dcc0743c141d309e43b9f,746efc843d53dff4e61394e26d458ea3f50c93e4,6a018e3036187a26ac9bcffda9fd7379d65d86cde84514faa08f4ea349b0f4bb,expanding,V4_T,expanding:V4_T:24,24,12,14,18,27,33,34,37.65040410687737,sum_node_scores,,
1245,1244,prospective_v4,REGISTERED_UNEVALUATED,243cd17e6b97a2d96709ddfc689a068038669341a52dcc0743c141d309e43b9f,746efc843d53dff4e61394e26d458ea3f50c93e4,6a018e3036187a26ac9bcffda9fd7379d65d86cde84514faa08f4ea349b0f4bb,expanding,V4_T,expanding:V4_T:25,25,13,14,18,27,33,34,37.5667797933917,sum_node_scores,,
1245,1244,prospective_v4,REGISTERED_UNEVALUATED,243cd17e6b97a2d96709ddfc689a068038669341a52dcc0743c141d309e43b9f,746efc843d53dff4e61394e26d458ea3f50c93e4,6a018e3036187a26ac9bcffda9fd7379d65d86cde84514faa08f4ea349b0f4bb,expanding,V4_T,expanding:V4_T:26,26,12,13,16,18,33,34,37.37234719539426,sum_node_scores,,
1245,1244,prospective_v4,REGISTERED_UNEVALUATED,243cd17e6b97a2d96709ddfc689a068038669341a52dcc0743c141d309e43b9f,746efc843d53dff4e61394e26d458ea3f50c93e4,6a018e3036187a26ac9bcffda9fd7379d65d86cde84514faa08f4ea349b0f4bb,expanding,V4_T,expanding:V4_T:27,27,12,13,18,33,34,37,36.783193258629844,sum_node_scores,,
1245,1244,prospective_v4,REGISTERED_UNEVALUATED,243cd17e6b97a2d96709ddfc689a068038669341a52dcc0743c141d309e43b9f,746efc843d53dff4e61394e26d458ea3f50c93e4,6a018e3036187a26ac9bcffda9fd7379d65d86cde84514faa08f4ea349b0f4bb,expanding,V4_T,expanding:V4_T:28,28,11,12,13,18,33,34,36.59560760847424,sum_node_scores,,
1245,1244,prospective_v4,REGISTERED_UNEVALUATED,243cd17e6b97a2d96709ddfc689a068038669341a52dcc0743c141d309e43b9f,746efc843d53dff4e61394e26d458ea3f50c93e4,6a018e3036187a26ac9bcffda9fd7379d65d86cde84514faa08f4ea349b0f4bb,expanding,V4_T,expanding:V4_T:29,29,12,13,18,19,33,34,36.15877647369574,sum_node_scores,,
1245,1244,prospective_v4,REGISTERED_UNEVALUATED,243cd17e6b97a2d96709ddfc689a068038669341a52dcc0743c141d309e43b9f,746efc843d53dff4e61394e26d458ea3f50c93e4,6a018e3036187a26ac9bcffda9fd7379d65d86cde84514faa08f4ea349b0f4bb,expanding,V4_T,expanding:V4_T:30,30,1,12,13,18,33,34,36.13815491771716,sum_node_scores,,
1245,1244,prospective_v4,REGISTERED_UNEVALUATED,243cd17e6b97a2d96709ddfc689a068038669341a52dcc0743c141d309e43b9f,746efc843d53dff4e61394e26d458ea3f50c93e4,6a018e3036187a26ac9bcffda9fd7379d65d86cde84514faa08f4ea349b0f4bb,expanding,V4_T,expanding:V4_T:31,31,12,13,14,18,33,34,35.88681022924001,sum_node_scores,,
1245,1244,prospective_v4,REGISTERED_UNEVALUATED,243cd17e6b97a2d96709ddfc689a068038669341a52dcc0743c141d309e43b9f,746efc843d53dff4e61394e26d458ea3f50c93e4,6a018e3036187a26ac9bcffda9fd7379d65d86cde84514faa08f4ea349b0f4bb,expanding,V4_T,expanding:V4_T:32,32,12,13,16,18,27,33,33.388909089143056,sum_node_scores,,
1245,1244,prospective_v4,REGISTERED_UNEVALUATED,243cd17e6b97a2d96709ddfc689a068038669341a52dcc0743c141d309e43b9f,746efc843d53dff4e61394e26d458ea3f50c93e4,6a018e3036187a26ac9bcffda9fd7379d65d86cde84514faa08f4ea349b0f4bb,expanding,V4_T,expanding:V4_T:33,33,12,13,18,27,33,37,32.79975515237864,sum_node_scores,,
1245,1244,prospective_v4,REGISTERED_UNEVALUATED,243cd17e6b97a2d96709ddfc689a068038669341a52dcc0743c141d309e43b9f,746efc843d53dff4e61394e26d458ea3f50c93e4,6a018e3036187a26ac9bcffda9fd7379d65d86cde84514faa08f4ea349b0f4bb,expanding,V4_T,expanding:V4_T:34,34,11,12,13,18,27,33,32.61216950222303,sum_node_scores,,
1245,1244,prospective_v4,REGISTERED_UNEVALUATED,243cd17e6b97a2d96709ddfc689a068038669341a52dcc0743c141d309e43b9f,746efc843d53dff4e61394e26d458ea3f50c93e4,6a018e3036187a26ac9bcffda9fd7379d65d86cde84514faa08f4ea349b0f4bb,expanding,V4_T,expanding:V4_T:35,35,12,13,18,19,27,33,32.17533836744453,sum_node_scores,,
1245,1244,prospective_v4,REGISTERED_UNEVALUATED,243cd17e6b97a2d96709ddfc689a068038669341a52dcc0743c141d309e43b9f,746efc843d53dff4e61394e26d458ea3f50c93e4,6a018e3036187a26ac9bcffda9fd7379d65d86cde84514faa08f4ea349b0f4bb,expanding,V4_T,expanding:V4_T:36,36,1,12,13,18,27,33,32.15471681146595,sum_node_scores,,
1245,1244,prospective_v4,REGISTERED_UNEVALUATED,243cd17e6b97a2d96709ddfc689a068038669341a52dcc0743c141d309e43b9f,746efc843d53dff4e61394e26d458ea3f50c93e4,6a018e3036187a26ac9bcffda9fd7379d65d86cde84514faa08f4ea349b0f4bb,expanding,V4_T,expanding:V4_T:37,37,12,13,14,18,27,33,31.90337212298881,sum_node_scores,,
1245,1244,prospective_v4,REGISTERED_UNEVALUATED,243cd17e6b97a2d96709ddfc689a068038669341a52dcc0743c141d309e43b9f,746efc843d53dff4e61394e26d458ea3f50c93e4,6a018e3036187a26ac9bcffda9fd7379d65d86cde84514faa08f4ea349b0f4bb,expanding,V4_S,expanding:V4_S:01,1,1,20,22,25,36,41,-11.3255967206026,eight_feature_log_likelihood,1,3
1245,1244,prospective_v4,REGISTERED_UNEVALUATED,243cd17e6b97a2d96709ddfc689a068038669341a52dcc0743c141d309e43b9f,746efc843d53dff4e61394e26d458ea3f50c93e4,6a018e3036187a26ac9bcffda9fd7379d65d86cde84514faa08f4ea349b0f4bb,expanding,V4_S,expanding:V4_S:02,2,4,9,14,25,33,38,-11.3255967206026,eight_feature_log_likelihood,2,
1245,1244,prospective_v4,REGISTERED_UNEVALUATED,243cd17e6b97a2d96709ddfc689a068038669341a52dcc0743c141d309e43b9f,746efc843d53dff4e61394e26d458ea3f50c93e4,6a018e3036187a26ac9bcffda9fd7379d65d86cde84514faa08f4ea349b0f4bb,expanding,V4_S,expanding:V4_S:03,3,5,10,15,32,34,43,-11.3255967206026,eight_feature_log_likelihood,3,
1245,1244,prospective_v4,REGISTERED_UNEVALUATED,243cd17e6b97a2d96709ddfc689a068038669341a52dcc0743c141d309e43b9f,746efc843d53dff4e61394e26d458ea3f50c93e4,6a018e3036187a26ac9bcffda9fd7379d65d86cde84514faa08f4ea349b0f4bb,expanding,V4_S,expanding:V4_S:04,4,7,9,22,30,34,39,-11.3255967206026,eight_feature_log_likelihood,4,
1245,1244,prospective_v4,REGISTERED_UNEVALUATED,243cd17e6b97a2d96709ddfc689a068038669341a52dcc0743c141d309e43b9f,746efc843d53dff4e61394e26d458ea3f50c93e4,6a018e3036187a26ac9bcffda9fd7379d65d86cde84514faa08f4ea349b0f4bb,expanding,V4_S,expanding:V4_S:05,5,7,12,17,30,38,43,-11.3255967206026,eight_feature_log_likelihood,5,
1245,1244,prospective_v4,REGISTERED_UNEVALUATED,243cd17e6b97a2d96709ddfc689a068038669341a52dcc0743c141d309e43b9f,746efc843d53dff4e61394e26d458ea3f50c93e4,6a018e3036187a26ac9bcffda9fd7379d65d86cde84514faa08f4ea349b0f4bb,expanding,V4_S,expanding:V4_S:06,6,7,19,21,26,32,36,-11.3255967206026,eight_feature_log_likelihood,6,
1245,1244,prospective_v4,REGISTERED_UNEVALUATED,243cd17e6b97a2d96709ddfc689a068038669341a52dcc0743c141d309e43b9f,746efc843d53dff4e61394e26d458ea3f50c93e4,6a018e3036187a26ac9bcffda9fd7379d65d86cde84514faa08f4ea349b0f4bb,expanding,V4_S,expanding:V4_S:07,7,8,18,21,30,33,37,-11.3255967206026,eight_feature_log_likelihood,7,
1245,1244,prospective_v4,REGISTERED_UNEVALUATED,243cd17e6b97a2d96709ddfc689a068038669341a52dcc0743c141d309e43b9f,746efc843d53dff4e61394e26d458ea3f50c93e4,6a018e3036187a26ac9bcffda9fd7379d65d86cde84514faa08f4ea349b0f4bb,expanding,V4_S,expanding:V4_S:08,8,2,6,19,38,39,41,-11.457059860163064,eight_feature_log_likelihood,8,
1245,1244,prospective_v4,REGISTERED_UNEVALUATED,243cd17e6b97a2d96709ddfc689a068038669341a52dcc0743c141d309e43b9f,746efc843d53dff4e61394e26d458ea3f50c93e4,6a018e3036187a26ac9bcffda9fd7379d65d86cde84514faa08f4ea349b0f4bb,expanding,V4_S,expanding:V4_S:09,9,3,6,22,27,33,34,-11.457059860163064,eight_feature_log_likelihood,9,
1245,1244,prospective_v4,REGISTERED_UNEVALUATED,243cd17e6b97a2d96709ddfc689a068038669341a52dcc0743c141d309e43b9f,746efc843d53dff4e61394e26d458ea3f50c93e4,6a018e3036187a26ac9bcffda9fd7379d65d86cde84514faa08f4ea349b0f4bb,expanding,V4_S,expanding:V4_S:10,10,3,10,11,30,35,38,-11.457059860163064,eight_feature_log_likelihood,10,
1245,1244,prospective_v4,REGISTERED_UNEVALUATED,243cd17e6b97a2d96709ddfc689a068038669341a52dcc0743c141d309e43b9f,746efc843d53dff4e61394e26d458ea3f50c93e4,6a018e3036187a26ac9bcffda9fd7379d65d86cde84514faa08f4ea349b0f4bb,expanding,V4_S,expanding:V4_S:11,11,4,17,18,27,30,35,-11.457059860163064,eight_feature_log_likelihood,11,
1245,1244,prospective_v4,REGISTERED_UNEVALUATED,243cd17e6b97a2d96709ddfc689a068038669341a52dcc0743c141d309e43b9f,746efc843d53dff4e61394e26d458ea3f50c93e4,6a018e3036187a26ac9bcffda9fd7379d65d86cde84514faa08f4ea349b0f4bb,expanding,V4_S,expanding:V4_S:12,12,5,8,11,26,36,37,-11.457059860163064,eight_feature_log_likelihood,12,
1245,1244,prospective_v4,REGISTERED_UNEVALUATED,243cd17e6b97a2d96709ddfc689a068038669341a52dcc0743c141d309e43b9f,746efc843d53dff4e61394e26d458ea3f50c93e4,6a018e3036187a26ac9bcffda9fd7379d65d86cde84514faa08f4ea349b0f4bb,expanding,V4_S,expanding:V4_S:13,13,5,16,19,29,30,34,-11.457059860163064,eight_feature_log_likelihood,13,
1245,1244,prospective_v4,REGISTERED_UNEVALUATED,243cd17e6b97a2d96709ddfc689a068038669341a52dcc0743c141d309e43b9f,746efc843d53dff4e61394e26d458ea3f50c93e4,6a018e3036187a26ac9bcffda9fd7379d65d86cde84514faa08f4ea349b0f4bb,expanding,V4_S,expanding:V4_S:14,14,5,19,20,26,29,32,-11.457059860163064,eight_feature_log_likelihood,14,
1245,1244,prospective_v4,REGISTERED_UNEVALUATED,243cd17e6b97a2d96709ddfc689a068038669341a52dcc0743c141d309e43b9f,746efc843d53dff4e61394e26d458ea3f50c93e4,6a018e3036187a26ac9bcffda9fd7379d65d86cde84514faa08f4ea349b0f4bb,expanding,V4_S,expanding:V4_S:15,15,12,13,15,28,39,42,-11.457059860163064,eight_feature_log_likelihood,15,
1245,1244,prospective_v4,REGISTERED_UNEVALUATED,243cd17e6b97a2d96709ddfc689a068038669341a52dcc0743c141d309e43b9f,746efc843d53dff4e61394e26d458ea3f50c93e4,6a018e3036187a26ac9bcffda9fd7379d65d86cde84514faa08f4ea349b0f4bb,expanding,V4_S,expanding:V4_S:16,16,13,14,16,28,31,41,-11.457059860163064,eight_feature_log_likelihood,16,
1245,1244,prospective_v4,REGISTERED_UNEVALUATED,243cd17e6b97a2d96709ddfc689a068038669341a52dcc0743c141d309e43b9f,746efc843d53dff4e61394e26d458ea3f50c93e4,6a018e3036187a26ac9bcffda9fd7379d65d86cde84514faa08f4ea349b0f4bb,expanding,V4_S,expanding:V4_S:17,17,2,8,13,31,40,43,-11.462455903319798,eight_feature_log_likelihood,17,
1245,1244,prospective_v4,REGISTERED_UNEVALUATED,243cd17e6b97a2d96709ddfc689a068038669341a52dcc0743c141d309e43b9f,746efc843d53dff4e61394e26d458ea3f50c93e4,6a018e3036187a26ac9bcffda9fd7379d65d86cde84514faa08f4ea349b0f4bb,expanding,V4_S,expanding:V4_S:18,18,2,9,13,28,36,39,-11.462455903319798,eight_feature_log_likelihood,18,
1245,1244,prospective_v4,REGISTERED_UNEVALUATED,243cd17e6b97a2d96709ddfc689a068038669341a52dcc0743c141d309e43b9f,746efc843d53dff4e61394e26d458ea3f50c93e4,6a018e3036187a26ac9bcffda9fd7379d65d86cde84514faa08f4ea349b0f4bb,expanding,V4_S,expanding:V4_S:19,19,2,15,18,25,27,40,-11.462455903319798,eight_feature_log_likelihood,19,
1245,1244,prospective_v4,REGISTERED_UNEVALUATED,243cd17e6b97a2d96709ddfc689a068038669341a52dcc0743c141d309e43b9f,746efc843d53dff4e61394e26d458ea3f50c93e4,6a018e3036187a26ac9bcffda9fd7379d65d86cde84514faa08f4ea349b0f4bb,expanding,V4_S,expanding:V4_S:20,20,3,9,14,27,34,36,-11.462455903319798,eight_feature_log_likelihood,20,
1245,1244,prospective_v4,REGISTERED_UNEVALUATED,243cd17e6b97a2d96709ddfc689a068038669341a52dcc0743c141d309e43b9f,746efc843d53dff4e61394e26d458ea3f50c93e4,6a018e3036187a26ac9bcffda9fd7379d65d86cde84514faa08f4ea349b0f4bb,expanding,V4_S,expanding:V4_S:21,21,3,12,18,23,25,40,-11.462455903319798,eight_feature_log_likelihood,21,
1245,1244,prospective_v4,REGISTERED_UNEVALUATED,243cd17e6b97a2d96709ddfc689a068038669341a52dcc0743c141d309e43b9f,746efc843d53dff4e61394e26d458ea3f50c93e4,6a018e3036187a26ac9bcffda9fd7379d65d86cde84514faa08f4ea349b0f4bb,expanding,V4_S,expanding:V4_S:22,22,3,14,21,27,32,34,-11.462455903319798,eight_feature_log_likelihood,22,
1245,1244,prospective_v4,REGISTERED_UNEVALUATED,243cd17e6b97a2d96709ddfc689a068038669341a52dcc0743c141d309e43b9f,746efc843d53dff4e61394e26d458ea3f50c93e4,6a018e3036187a26ac9bcffda9fd7379d65d86cde84514faa08f4ea349b0f4bb,expanding,V4_S,expanding:V4_S:23,23,3,15,18,30,33,42,-11.462455903319798,eight_feature_log_likelihood,23,
1245,1244,prospective_v4,REGISTERED_UNEVALUATED,243cd17e6b97a2d96709ddfc689a068038669341a52dcc0743c141d309e43b9f,746efc843d53dff4e61394e26d458ea3f50c93e4,6a018e3036187a26ac9bcffda9fd7379d65d86cde84514faa08f4ea349b0f4bb,expanding,V4_S,expanding:V4_S:24,24,3,15,22,26,35,40,-11.462455903319798,eight_feature_log_likelihood,24,
1245,1244,prospective_v4,REGISTERED_UNEVALUATED,243cd17e6b97a2d96709ddfc689a068038669341a52dcc0743c141d309e43b9f,746efc843d53dff4e61394e26d458ea3f50c93e4,6a018e3036187a26ac9bcffda9fd7379d65d86cde84514faa08f4ea349b0f4bb,expanding,V4_S,expanding:V4_S:25,25,4,7,18,25,35,40,-11.462455903319798,eight_feature_log_likelihood,25,
1245,1244,prospective_v4,REGISTERED_UNEVALUATED,243cd17e6b97a2d96709ddfc689a068038669341a52dcc0743c141d309e43b9f,746efc843d53dff4e61394e26d458ea3f50c93e4,6a018e3036187a26ac9bcffda9fd7379d65d86cde84514faa08f4ea349b0f4bb,expanding,V4_S,expanding:V4_S:26,26,4,11,20,26,29,31,-11.462455903319798,eight_feature_log_likelihood,26,
1245,1244,prospective_v4,REGISTERED_UNEVALUATED,243cd17e6b97a2d96709ddfc689a068038669341a52dcc0743c141d309e43b9f,746efc843d53dff4e61394e26d458ea3f50c93e4,6a018e3036187a26ac9bcffda9fd7379d65d86cde84514faa08f4ea349b0f4bb,expanding,V4_S,expanding:V4_S:27,27,9,11,22,25,34,42,-11.462455903319798,eight_feature_log_likelihood,27,
1245,1244,prospective_v4,REGISTERED_UNEVALUATED,243cd17e6b97a2d96709ddfc689a068038669341a52dcc0743c141d309e43b9f,746efc843d53dff4e61394e26d458ea3f50c93e4,6a018e3036187a26ac9bcffda9fd7379d65d86cde84514faa08f4ea349b0f4bb,expanding,V4_S,expanding:V4_S:28,28,1,5,20,24,35,37,-11.551553213293424,eight_feature_log_likelihood,28,
1245,1244,prospective_v4,REGISTERED_UNEVALUATED,243cd17e6b97a2d96709ddfc689a068038669341a52dcc0743c141d309e43b9f,746efc843d53dff4e61394e26d458ea3f50c93e4,6a018e3036187a26ac9bcffda9fd7379d65d86cde84514faa08f4ea349b0f4bb,expanding,V4_S,expanding:V4_S:29,29,5,19,22,29,33,38,-11.551553213293424,eight_feature_log_likelihood,29,
1245,1244,prospective_v4,REGISTERED_UNEVALUATED,243cd17e6b97a2d96709ddfc689a068038669341a52dcc0743c141d309e43b9f,746efc843d53dff4e61394e26d458ea3f50c93e4,6a018e3036187a26ac9bcffda9fd7379d65d86cde84514faa08f4ea349b0f4bb,expanding,V4_S,expanding:V4_S:30,30,7,17,21,23,38,40,-11.551553213293424,eight_feature_log_likelihood,30,
1245,1244,prospective_v4,REGISTERED_UNEVALUATED,243cd17e6b97a2d96709ddfc689a068038669341a52dcc0743c141d309e43b9f,746efc843d53dff4e61394e26d458ea3f50c93e4,6a018e3036187a26ac9bcffda9fd7379d65d86cde84514faa08f4ea349b0f4bb,expanding,V4_S,expanding:V4_S:31,31,13,15,20,24,31,41,-11.551553213293424,eight_feature_log_likelihood,31,
1245,1244,prospective_v4,REGISTERED_UNEVALUATED,243cd17e6b97a2d96709ddfc689a068038669341a52dcc0743c141d309e43b9f,746efc843d53dff4e61394e26d458ea3f50c93e4,6a018e3036187a26ac9bcffda9fd7379d65d86cde84514faa08f4ea349b0f4bb,expanding,V4_S,expanding:V4_S:32,32,4,9,26,29,35,40,-11.59386070719728,eight_feature_log_likelihood,32,
1245,1244,prospective_v4,REGISTERED_UNEVALUATED,243cd17e6b97a2d96709ddfc689a068038669341a52dcc0743c141d309e43b9f,746efc843d53dff4e61394e26d458ea3f50c93e4,6a018e3036187a26ac9bcffda9fd7379d65d86cde84514faa08f4ea349b0f4bb,expanding,V4_S,expanding:V4_S:33,33,7,11,25,30,34,40,-11.59386070719728,eight_feature_log_likelihood,33,
1245,1244,prospective_v4,REGISTERED_UNEVALUATED,243cd17e6b97a2d96709ddfc689a068038669341a52dcc0743c141d309e43b9f,746efc843d53dff4e61394e26d458ea3f50c93e4,6a018e3036187a26ac9bcffda9fd7379d65d86cde84514faa08f4ea349b0f4bb,expanding,V4_S,expanding:V4_S:34,34,7,14,26,30,33,37,-11.59386070719728,eight_feature_log_likelihood,34,
1245,1244,prospective_v4,REGISTERED_UNEVALUATED,243cd17e6b97a2d96709ddfc689a068038669341a52dcc0743c141d309e43b9f,746efc843d53dff4e61394e26d458ea3f50c93e4,6a018e3036187a26ac9bcffda9fd7379d65d86cde84514faa08f4ea349b0f4bb,expanding,V4_S,expanding:V4_S:35,35,1,19,20,30,33,44,-11.59391904288026,eight_feature_log_likelihood,35,
1245,1244,prospective_v4,REGISTERED_UNEVALUATED,243cd17e6b97a2d96709ddfc689a068038669341a52dcc0743c141d309e43b9f,746efc843d53dff4e61394e26d458ea3f50c93e4,6a018e3036187a26ac9bcffda9fd7379d65d86cde84514faa08f4ea349b0f4bb,expanding,V4_S,expanding:V4_S:36,36,2,9,15,37,38,42,-11.59391904288026,eight_feature_log_likelihood,36,
1245,1244,prospective_v4,REGISTERED_UNEVALUATED,243cd17e6b97a2d96709ddfc689a068038669341a52dcc0743c141d309e43b9f,746efc843d53dff4e61394e26d458ea3f50c93e4,6a018e3036187a26ac9bcffda9fd7379d65d86cde84514faa08f4ea349b0f4bb,expanding,V4_S,expanding:V4_S:37,37,4,13,22,23,35,40,-11.59391904288026,eight_feature_log_likelihood,37,
1245,1244,prospective_v4,REGISTERED_UNEVALUATED,243cd17e6b97a2d96709ddfc689a068038669341a52dcc0743c141d309e43b9f,746efc843d53dff4e61394e26d458ea3f50c93e4,6a018e3036187a26ac9bcffda9fd7379d65d86cde84514faa08f4ea349b0f4bb,rolling300,V4_U,rolling300:V4_U:01,1,5,9,15,20,38,39,,uniform_generation_order_no_learned_score,,
1245,1244,prospective_v4,REGISTERED_UNEVALUATED,243cd17e6b97a2d96709ddfc689a068038669341a52dcc0743c141d309e43b9f,746efc843d53dff4e61394e26d458ea3f50c93e4,6a018e3036187a26ac9bcffda9fd7379d65d86cde84514faa08f4ea349b0f4bb,rolling300,V4_U,rolling300:V4_U:02,2,1,4,17,21,26,41,,uniform_generation_order_no_learned_score,,
1245,1244,prospective_v4,REGISTERED_UNEVALUATED,243cd17e6b97a2d96709ddfc689a068038669341a52dcc0743c141d309e43b9f,746efc843d53dff4e61394e26d458ea3f50c93e4,6a018e3036187a26ac9bcffda9fd7379d65d86cde84514faa08f4ea349b0f4bb,rolling300,V4_U,rolling300:V4_U:03,3,10,32,33,39,41,43,,uniform_generation_order_no_learned_score,,
1245,1244,prospective_v4,REGISTERED_UNEVALUATED,243cd17e6b97a2d96709ddfc689a068038669341a52dcc0743c141d309e43b9f,746efc843d53dff4e61394e26d458ea3f50c93e4,6a018e3036187a26ac9bcffda9fd7379d65d86cde84514faa08f4ea349b0f4bb,rolling300,V4_U,rolling300:V4_U:04,4,1,9,14,15,37,39,,uniform_generation_order_no_learned_score,,
1245,1244,prospective_v4,REGISTERED_UNEVALUATED,243cd17e6b97a2d96709ddfc689a068038669341a52dcc0743c141d309e43b9f,746efc843d53dff4e61394e26d458ea3f50c93e4,6a018e3036187a26ac9bcffda9fd7379d65d86cde84514faa08f4ea349b0f4bb,rolling300,V4_U,rolling300:V4_U:05,5,3,8,9,32,34,44,,uniform_generation_order_no_learned_score,,
1245,1244,prospective_v4,REGISTERED_UNEVALUATED,243cd17e6b97a2d96709ddfc689a068038669341a52dcc0743c141d309e43b9f,746efc843d53dff4e61394e26d458ea3f50c93e4,6a018e3036187a26ac9bcffda9fd7379d65d86cde84514faa08f4ea349b0f4bb,rolling300,V4_U,rolling300:V4_U:06,6,4,22,34,38,40,42,,uniform_generation_order_no_learned_score,,
1245,1244,prospective_v4,REGISTERED_UNEVALUATED,243cd17e6b97a2d96709ddfc689a068038669341a52dcc0743c141d309e43b9f,746efc843d53dff4e61394e26d458ea3f50c93e4,6a018e3036187a26ac9bcffda9fd7379d65d86cde84514faa08f4ea349b0f4bb,rolling300,V4_U,rolling300:V4_U:07,7,10,17,26,28,41,44,,uniform_generation_order_no_learned_score,,
1245,1244,prospective_v4,REGISTERED_UNEVALUATED,243cd17e6b97a2d96709ddfc689a068038669341a52dcc0743c141d309e43b9f,746efc843d53dff4e61394e26d458ea3f50c93e4,6a018e3036187a26ac9bcffda9fd7379d65d86cde84514faa08f4ea349b0f4bb,rolling300,V4_U,rolling300:V4_U:08,8,1,5,18,31,42,43,,uniform_generation_order_no_learned_score,,
1245,1244,prospective_v4,REGISTERED_UNEVALUATED,243cd17e6b97a2d96709ddfc689a068038669341a52dcc0743c141d309e43b9f,746efc843d53dff4e61394e26d458ea3f50c93e4,6a018e3036187a26ac9bcffda9fd7379d65d86cde84514faa08f4ea349b0f4bb,rolling300,V4_U,rolling300:V4_U:09,9,1,7,11,22,25,45,,uniform_generation_order_no_learned_score,,
1245,1244,prospective_v4,REGISTERED_UNEVALUATED,243cd17e6b97a2d96709ddfc689a068038669341a52dcc0743c141d309e43b9f,746efc843d53dff4e61394e26d458ea3f50c93e4,6a018e3036187a26ac9bcffda9fd7379d65d86cde84514faa08f4ea349b0f4bb,rolling300,V4_U,rolling300:V4_U:10,10,7,9,10,13,17,20,,uniform_generation_order_no_learned_score,,
1245,1244,prospective_v4,REGISTERED_UNEVALUATED,243cd17e6b97a2d96709ddfc689a068038669341a52dcc0743c141d309e43b9f,746efc843d53dff4e61394e26d458ea3f50c93e4,6a018e3036187a26ac9bcffda9fd7379d65d86cde84514faa08f4ea349b0f4bb,rolling300,V4_U,rolling300:V4_U:11,11,11,17,20,22,27,45,,uniform_generation_order_no_learned_score,,
1245,1244,prospective_v4,REGISTERED_UNEVALUATED,243cd17e6b97a2d96709ddfc689a068038669341a52dcc0743c141d309e43b9f,746efc843d53dff4e61394e26d458ea3f50c93e4,6a018e3036187a26ac9bcffda9fd7379d65d86cde84514faa08f4ea349b0f4bb,rolling300,V4_U,rolling300:V4_U:12,12,17,23,24,31,33,42,,uniform_generation_order_no_learned_score,,
1245,1244,prospective_v4,REGISTERED_UNEVALUATED,243cd17e6b97a2d96709ddfc689a068038669341a52dcc0743c141d309e43b9f,746efc843d53dff4e61394e26d458ea3f50c93e4,6a018e3036187a26ac9bcffda9fd7379d65d86cde84514faa08f4ea349b0f4bb,rolling300,V4_U,rolling300:V4_U:13,13,5,8,22,35,41,44,,uniform_generation_order_no_learned_score,,
1245,1244,prospective_v4,REGISTERED_UNEVALUATED,243cd17e6b97a2d96709ddfc689a068038669341a52dcc0743c141d309e43b9f,746efc843d53dff4e61394e26d458ea3f50c93e4,6a018e3036187a26ac9bcffda9fd7379d65d86cde84514faa08f4ea349b0f4bb,rolling300,V4_U,rolling300:V4_U:14,14,2,12,13,24,31,42,,uniform_generation_order_no_learned_score,,
1245,1244,prospective_v4,REGISTERED_UNEVALUATED,243cd17e6b97a2d96709ddfc689a068038669341a52dcc0743c141d309e43b9f,746efc843d53dff4e61394e26d458ea3f50c93e4,6a018e3036187a26ac9bcffda9fd7379d65d86cde84514faa08f4ea349b0f4bb,rolling300,V4_U,rolling300:V4_U:15,15,7,8,21,32,36,42,,uniform_generation_order_no_learned_score,,
1245,1244,prospective_v4,REGISTERED_UNEVALUATED,243cd17e6b97a2d96709ddfc689a068038669341a52dcc0743c141d309e43b9f,746efc843d53dff4e61394e26d458ea3f50c93e4,6a018e3036187a26ac9bcffda9fd7379d65d86cde84514faa08f4ea349b0f4bb,rolling300,V4_U,rolling300:V4_U:16,16,2,3,8,19,23,42,,uniform_generation_order_no_learned_score,,
1245,1244,prospective_v4,REGISTERED_UNEVALUATED,243cd17e6b97a2d96709ddfc689a068038669341a52dcc0743c141d309e43b9f,746efc843d53dff4e61394e26d458ea3f50c93e4,6a018e3036187a26ac9bcffda9fd7379d65d86cde84514faa08f4ea349b0f4bb,rolling300,V4_U,rolling300:V4_U:17,17,11,14,31,34,42,44,,uniform_generation_order_no_learned_score,,
1245,1244,prospective_v4,REGISTERED_UNEVALUATED,243cd17e6b97a2d96709ddfc689a068038669341a52dcc0743c141d309e43b9f,746efc843d53dff4e61394e26d458ea3f50c93e4,6a018e3036187a26ac9bcffda9fd7379d65d86cde84514faa08f4ea349b0f4bb,rolling300,V4_U,rolling300:V4_U:18,18,23,28,31,35,41,44,,uniform_generation_order_no_learned_score,,
1245,1244,prospective_v4,REGISTERED_UNEVALUATED,243cd17e6b97a2d96709ddfc689a068038669341a52dcc0743c141d309e43b9f,746efc843d53dff4e61394e26d458ea3f50c93e4,6a018e3036187a26ac9bcffda9fd7379d65d86cde84514faa08f4ea349b0f4bb,rolling300,V4_U,rolling300:V4_U:19,19,8,11,14,25,29,31,,uniform_generation_order_no_learned_score,,
1245,1244,prospective_v4,REGISTERED_UNEVALUATED,243cd17e6b97a2d96709ddfc689a068038669341a52dcc0743c141d309e43b9f,746efc843d53dff4e61394e26d458ea3f50c93e4,6a018e3036187a26ac9bcffda9fd7379d65d86cde84514faa08f4ea349b0f4bb,rolling300,V4_U,rolling300:V4_U:20,20,3,8,14,23,29,40,,uniform_generation_order_no_learned_score,,
1245,1244,prospective_v4,REGISTERED_UNEVALUATED,243cd17e6b97a2d96709ddfc689a068038669341a52dcc0743c141d309e43b9f,746efc843d53dff4e61394e26d458ea3f50c93e4,6a018e3036187a26ac9bcffda9fd7379d65d86cde84514faa08f4ea349b0f4bb,rolling300,V4_U,rolling300:V4_U:21,21,1,13,22,30,31,43,,uniform_generation_order_no_learned_score,,
1245,1244,prospective_v4,REGISTERED_UNEVALUATED,243cd17e6b97a2d96709ddfc689a068038669341a52dcc0743c141d309e43b9f,746efc843d53dff4e61394e26d458ea3f50c93e4,6a018e3036187a26ac9bcffda9fd7379d65d86cde84514faa08f4ea349b0f4bb,rolling300,V4_U,rolling300:V4_U:22,22,7,12,14,24,31,37,,uniform_generation_order_no_learned_score,,
1245,1244,prospective_v4,REGISTERED_UNEVALUATED,243cd17e6b97a2d96709ddfc689a068038669341a52dcc0743c141d309e43b9f,746efc843d53dff4e61394e26d458ea3f50c93e4,6a018e3036187a26ac9bcffda9fd7379d65d86cde84514faa08f4ea349b0f4bb,rolling300,V4_U,rolling300:V4_U:23,23,1,12,23,34,41,45,,uniform_generation_order_no_learned_score,,
1245,1244,prospective_v4,REGISTERED_UNEVALUATED,243cd17e6b97a2d96709ddfc689a068038669341a52dcc0743c141d309e43b9f,746efc843d53dff4e61394e26d458ea3f50c93e4,6a018e3036187a26ac9bcffda9fd7379d65d86cde84514faa08f4ea349b0f4bb,rolling300,V4_U,rolling300:V4_U:24,24,6,11,14,19,24,29,,uniform_generation_order_no_learned_score,,
1245,1244,prospective_v4,REGISTERED_UNEVALUATED,243cd17e6b97a2d96709ddfc689a068038669341a52dcc0743c141d309e43b9f,746efc843d53dff4e61394e26d458ea3f50c93e4,6a018e3036187a26ac9bcffda9fd7379d65d86cde84514faa08f4ea349b0f4bb,rolling300,V4_U,rolling300:V4_U:25,25,1,5,12,29,37,44,,uniform_generation_order_no_learned_score,,
1245,1244,prospective_v4,REGISTERED_UNEVALUATED,243cd17e6b97a2d96709ddfc689a068038669341a52dcc0743c141d309e43b9f,746efc843d53dff4e61394e26d458ea3f50c93e4,6a018e3036187a26ac9bcffda9fd7379d65d86cde84514faa08f4ea349b0f4bb,rolling300,V4_U,rolling300:V4_U:26,26,10,17,22,39,40,41,,uniform_generation_order_no_learned_score,,
1245,1244,prospective_v4,REGISTERED_UNEVALUATED,243cd17e6b97a2d96709ddfc689a068038669341a52dcc0743c141d309e43b9f,746efc843d53dff4e61394e26d458ea3f50c93e4,6a018e3036187a26ac9bcffda9fd7379d65d86cde84514faa08f4ea349b0f4bb,rolling300,V4_U,rolling300:V4_U:27,27,7,16,18,20,29,45,,uniform_generation_order_no_learned_score,,
1245,1244,prospective_v4,REGISTERED_UNEVALUATED,243cd17e6b97a2d96709ddfc689a068038669341a52dcc0743c141d309e43b9f,746efc843d53dff4e61394e26d458ea3f50c93e4,6a018e3036187a26ac9bcffda9fd7379d65d86cde84514faa08f4ea349b0f4bb,rolling300,V4_U,rolling300:V4_U:28,28,8,11,16,19,43,45,,uniform_generation_order_no_learned_score,,
1245,1244,prospective_v4,REGISTERED_UNEVALUATED,243cd17e6b97a2d96709ddfc689a068038669341a52dcc0743c141d309e43b9f,746efc843d53dff4e61394e26d458ea3f50c93e4,6a018e3036187a26ac9bcffda9fd7379d65d86cde84514faa08f4ea349b0f4bb,rolling300,V4_U,rolling300:V4_U:29,29,8,16,25,36,39,42,,uniform_generation_order_no_learned_score,,
1245,1244,prospective_v4,REGISTERED_UNEVALUATED,243cd17e6b97a2d96709ddfc689a068038669341a52dcc0743c141d309e43b9f,746efc843d53dff4e61394e26d458ea3f50c93e4,6a018e3036187a26ac9bcffda9fd7379d65d86cde84514faa08f4ea349b0f4bb,rolling300,V4_U,rolling300:V4_U:30,30,6,19,24,36,38,44,,uniform_generation_order_no_learned_score,,
1245,1244,prospective_v4,REGISTERED_UNEVALUATED,243cd17e6b97a2d96709ddfc689a068038669341a52dcc0743c141d309e43b9f,746efc843d53dff4e61394e26d458ea3f50c93e4,6a018e3036187a26ac9bcffda9fd7379d65d86cde84514faa08f4ea349b0f4bb,rolling300,V4_U,rolling300:V4_U:31,31,5,9,10,13,27,30,,uniform_generation_order_no_learned_score,,
1245,1244,prospective_v4,REGISTERED_UNEVALUATED,243cd17e6b97a2d96709ddfc689a068038669341a52dcc0743c141d309e43b9f,746efc843d53dff4e61394e26d458ea3f50c93e4,6a018e3036187a26ac9bcffda9fd7379d65d86cde84514faa08f4ea349b0f4bb,rolling300,V4_U,rolling300:V4_U:32,32,12,20,27,32,33,45,,uniform_generation_order_no_learned_score,,
1245,1244,prospective_v4,REGISTERED_UNEVALUATED,243cd17e6b97a2d96709ddfc689a068038669341a52dcc0743c141d309e43b9f,746efc843d53dff4e61394e26d458ea3f50c93e4,6a018e3036187a26ac9bcffda9fd7379d65d86cde84514faa08f4ea349b0f4bb,rolling300,V4_U,rolling300:V4_U:33,33,1,2,7,14,40,44,,uniform_generation_order_no_learned_score,,
1245,1244,prospective_v4,REGISTERED_UNEVALUATED,243cd17e6b97a2d96709ddfc689a068038669341a52dcc0743c141d309e43b9f,746efc843d53dff4e61394e26d458ea3f50c93e4,6a018e3036187a26ac9bcffda9fd7379d65d86cde84514faa08f4ea349b0f4bb,rolling300,V4_U,rolling300:V4_U:34,34,1,5,15,19,38,39,,uniform_generation_order_no_learned_score,,
1245,1244,prospective_v4,REGISTERED_UNEVALUATED,243cd17e6b97a2d96709ddfc689a068038669341a52dcc0743c141d309e43b9f,746efc843d53dff4e61394e26d458ea3f50c93e4,6a018e3036187a26ac9bcffda9fd7379d65d86cde84514faa08f4ea349b0f4bb,rolling300,V4_U,rolling300:V4_U:35,35,7,9,17,25,27,31,,uniform_generation_order_no_learned_score,,
1245,1244,prospective_v4,REGISTERED_UNEVALUATED,243cd17e6b97a2d96709ddfc689a068038669341a52dcc0743c141d309e43b9f,746efc843d53dff4e61394e26d458ea3f50c93e4,6a018e3036187a26ac9bcffda9fd7379d65d86cde84514faa08f4ea349b0f4bb,rolling300,V4_U,rolling300:V4_U:36,36,5,6,7,16,37,39,,uniform_generation_order_no_learned_score,,
1245,1244,prospective_v4,REGISTERED_UNEVALUATED,243cd17e6b97a2d96709ddfc689a068038669341a52dcc0743c141d309e43b9f,746efc843d53dff4e61394e26d458ea3f50c93e4,6a018e3036187a26ac9bcffda9fd7379d65d86cde84514faa08f4ea349b0f4bb,rolling300,V4_U,rolling300:V4_U:37,37,19,24,26,28,29,30,,uniform_generation_order_no_learned_score,,
1245,1244,prospective_v4,REGISTERED_UNEVALUATED,243cd17e6b97a2d96709ddfc689a068038669341a52dcc0743c141d309e43b9f,746efc843d53dff4e61394e26d458ea3f50c93e4,6a018e3036187a26ac9bcffda9fd7379d65d86cde84514faa08f4ea349b0f4bb,rolling300,V4_F,rolling300:V4_F:01,1,3,6,13,16,35,38,286,sum_node_scores,,
1245,1244,prospective_v4,REGISTERED_UNEVALUATED,243cd17e6b97a2d96709ddfc689a068038669341a52dcc0743c141d309e43b9f,746efc843d53dff4e61394e26d458ea3f50c93e4,6a018e3036187a26ac9bcffda9fd7379d65d86cde84514faa08f4ea349b0f4bb,rolling300,V4_F,rolling300:V4_F:02,2,6,7,13,16,35,38,286,sum_node_scores,,
1245,1244,prospective_v4,REGISTERED_UNEVALUATED,243cd17e6b97a2d96709ddfc689a068038669341a52dcc0743c141d309e43b9f,746efc843d53dff4e61394e26d458ea3f50c93e4,6a018e3036187a26ac9bcffda9fd7379d65d86cde84514faa08f4ea349b0f4bb,rolling300,V4_F,rolling300:V4_F:03,3,6,13,16,30,35,38,286,sum_node_scores,,
1245,1244,prospective_v4,REGISTERED_UNEVALUATED,243cd17e6b97a2d96709ddfc689a068038669341a52dcc0743c141d309e43b9f,746efc843d53dff4e61394e26d458ea3f50c93e4,6a018e3036187a26ac9bcffda9fd7379d65d86cde84514faa08f4ea349b0f4bb,rolling300,V4_F,rolling300:V4_F:04,4,6,13,16,35,37,38,286,sum_node_scores,,
1245,1244,prospective_v4,REGISTERED_UNEVALUATED,243cd17e6b97a2d96709ddfc689a068038669341a52dcc0743c141d309e43b9f,746efc843d53dff4e61394e26d458ea3f50c93e4,6a018e3036187a26ac9bcffda9fd7379d65d86cde84514faa08f4ea349b0f4bb,rolling300,V4_F,rolling300:V4_F:05,5,3,6,7,13,16,35,285,sum_node_scores,,
1245,1244,prospective_v4,REGISTERED_UNEVALUATED,243cd17e6b97a2d96709ddfc689a068038669341a52dcc0743c141d309e43b9f,746efc843d53dff4e61394e26d458ea3f50c93e4,6a018e3036187a26ac9bcffda9fd7379d65d86cde84514faa08f4ea349b0f4bb,rolling300,V4_F,rolling300:V4_F:06,6,3,6,7,13,35,38,285,sum_node_scores,,
1245,1244,prospective_v4,REGISTERED_UNEVALUATED,243cd17e6b97a2d96709ddfc689a068038669341a52dcc0743c141d309e43b9f,746efc843d53dff4e61394e26d458ea3f50c93e4,6a018e3036187a26ac9bcffda9fd7379d65d86cde84514faa08f4ea349b0f4bb,rolling300,V4_F,rolling300:V4_F:07,7,3,6,13,16,30,35,285,sum_node_scores,,
1245,1244,prospective_v4,REGISTERED_UNEVALUATED,243cd17e6b97a2d96709ddfc689a068038669341a52dcc0743c141d309e43b9f,746efc843d53dff4e61394e26d458ea3f50c93e4,6a018e3036187a26ac9bcffda9fd7379d65d86cde84514faa08f4ea349b0f4bb,rolling300,V4_F,rolling300:V4_F:08,8,3,6,13,16,35,37,285,sum_node_scores,,
1245,1244,prospective_v4,REGISTERED_UNEVALUATED,243cd17e6b97a2d96709ddfc689a068038669341a52dcc0743c141d309e43b9f,746efc843d53dff4e61394e26d458ea3f50c93e4,6a018e3036187a26ac9bcffda9fd7379d65d86cde84514faa08f4ea349b0f4bb,rolling300,V4_F,rolling300:V4_F:09,9,3,6,13,30,35,38,285,sum_node_scores,,
1245,1244,prospective_v4,REGISTERED_UNEVALUATED,243cd17e6b97a2d96709ddfc689a068038669341a52dcc0743c141d309e43b9f,746efc843d53dff4e61394e26d458ea3f50c93e4,6a018e3036187a26ac9bcffda9fd7379d65d86cde84514faa08f4ea349b0f4bb,rolling300,V4_F,rolling300:V4_F:10,10,3,6,13,35,37,38,285,sum_node_scores,,
1245,1244,prospective_v4,REGISTERED_UNEVALUATED,243cd17e6b97a2d96709ddfc689a068038669341a52dcc0743c141d309e43b9f,746efc843d53dff4e61394e26d458ea3f50c93e4,6a018e3036187a26ac9bcffda9fd7379d65d86cde84514faa08f4ea349b0f4bb,rolling300,V4_F,rolling300:V4_F:11,11,6,12,13,16,35,38,285,sum_node_scores,,
1245,1244,prospective_v4,REGISTERED_UNEVALUATED,243cd17e6b97a2d96709ddfc689a068038669341a52dcc0743c141d309e43b9f,746efc843d53dff4e61394e26d458ea3f50c93e4,6a018e3036187a26ac9bcffda9fd7379d65d86cde84514faa08f4ea349b0f4bb,rolling300,V4_F,rolling300:V4_F:12,12,3,6,7,13,16,38,284,sum_node_scores,,
1245,1244,prospective_v4,REGISTERED_UNEVALUATED,243cd17e6b97a2d96709ddfc689a068038669341a52dcc0743c141d309e43b9f,746efc843d53dff4e61394e26d458ea3f50c93e4,6a018e3036187a26ac9bcffda9fd7379d65d86cde84514faa08f4ea349b0f4bb,rolling300,V4_F,rolling300:V4_F:13,13,3,6,12,13,16,35,284,sum_node_scores,,
1245,1244,prospective_v4,REGISTERED_UNEVALUATED,243cd17e6b97a2d96709ddfc689a068038669341a52dcc0743c141d309e43b9f,746efc843d53dff4e61394e26d458ea3f50c93e4,6a018e3036187a26ac9bcffda9fd7379d65d86cde84514faa08f4ea349b0f4bb,rolling300,V4_F,rolling300:V4_F:14,14,3,6,12,13,35,38,284,sum_node_scores,,
1245,1244,prospective_v4,REGISTERED_UNEVALUATED,243cd17e6b97a2d96709ddfc689a068038669341a52dcc0743c141d309e43b9f,746efc843d53dff4e61394e26d458ea3f50c93e4,6a018e3036187a26ac9bcffda9fd7379d65d86cde84514faa08f4ea349b0f4bb,rolling300,V4_F,rolling300:V4_F:15,15,3,6,13,16,30,38,284,sum_node_scores,,
1245,1244,prospective_v4,REGISTERED_UNEVALUATED,243cd17e6b97a2d96709ddfc689a068038669341a52dcc0743c141d309e43b9f,746efc843d53dff4e61394e26d458ea3f50c93e4,6a018e3036187a26ac9bcffda9fd7379d65d86cde84514faa08f4ea349b0f4bb,rolling300,V4_F,rolling300:V4_F:16,16,3,6,13,16,37,38,284,sum_node_scores,,
1245,1244,prospective_v4,REGISTERED_UNEVALUATED,243cd17e6b97a2d96709ddfc689a068038669341a52dcc0743c141d309e43b9f,746efc843d53dff4e61394e26d458ea3f50c93e4,6a018e3036187a26ac9bcffda9fd7379d65d86cde84514faa08f4ea349b0f4bb,rolling300,V4_F,rolling300:V4_F:17,17,3,7,13,16,35,38,284,sum_node_scores,,
1245,1244,prospective_v4,REGISTERED_UNEVALUATED,243cd17e6b97a2d96709ddfc689a068038669341a52dcc0743c141d309e43b9f,746efc843d53dff4e61394e26d458ea3f50c93e4,6a018e3036187a26ac9bcffda9fd7379d65d86cde84514faa08f4ea349b0f4bb,rolling300,V4_F,rolling300:V4_F:18,18,3,13,16,30,35,38,284,sum_node_scores,,
1245,1244,prospective_v4,REGISTERED_UNEVALUATED,243cd17e6b97a2d96709ddfc689a068038669341a52dcc0743c141d309e43b9f,746efc843d53dff4e61394e26d458ea3f50c93e4,6a018e3036187a26ac9bcffda9fd7379d65d86cde84514faa08f4ea349b0f4bb,rolling300,V4_F,rolling300:V4_F:19,19,3,13,16,35,37,38,284,sum_node_scores,,
1245,1244,prospective_v4,REGISTERED_UNEVALUATED,243cd17e6b97a2d96709ddfc689a068038669341a52dcc0743c141d309e43b9f,746efc843d53dff4e61394e26d458ea3f50c93e4,6a018e3036187a26ac9bcffda9fd7379d65d86cde84514faa08f4ea349b0f4bb,rolling300,V4_F,rolling300:V4_F:20,20,6,13,16,24,35,38,284,sum_node_scores,,
1245,1244,prospective_v4,REGISTERED_UNEVALUATED,243cd17e6b97a2d96709ddfc689a068038669341a52dcc0743c141d309e43b9f,746efc843d53dff4e61394e26d458ea3f50c93e4,6a018e3036187a26ac9bcffda9fd7379d65d86cde84514faa08f4ea349b0f4bb,rolling300,V4_F,rolling300:V4_F:21,21,6,13,16,31,35,38,284,sum_node_scores,,
1245,1244,prospective_v4,REGISTERED_UNEVALUATED,243cd17e6b97a2d96709ddfc689a068038669341a52dcc0743c141d309e43b9f,746efc843d53dff4e61394e26d458ea3f50c93e4,6a018e3036187a26ac9bcffda9fd7379d65d86cde84514faa08f4ea349b0f4bb,rolling300,V4_F,rolling300:V4_F:22,22,3,6,12,13,16,38,283,sum_node_scores,,
1245,1244,prospective_v4,REGISTERED_UNEVALUATED,243cd17e6b97a2d96709ddfc689a068038669341a52dcc0743c141d309e43b9f,746efc843d53dff4e61394e26d458ea3f50c93e4,6a018e3036187a26ac9bcffda9fd7379d65d86cde84514faa08f4ea349b0f4bb,rolling300,V4_F,rolling300:V4_F:23,23,3,6,13,16,24,35,283,sum_node_scores,,
1245,1244,prospective_v4,REGISTERED_UNEVALUATED,243cd17e6b97a2d96709ddfc689a068038669341a52dcc0743c141d309e43b9f,746efc843d53dff4e61394e26d458ea3f50c93e4,6a018e3036187a26ac9bcffda9fd7379d65d86cde84514faa08f4ea349b0f4bb,rolling300,V4_F,rolling300:V4_F:24,24,3,6,13,16,31,35,283,sum_node_scores,,
1245,1244,prospective_v4,REGISTERED_UNEVALUATED,243cd17e6b97a2d96709ddfc689a068038669341a52dcc0743c141d309e43b9f,746efc843d53dff4e61394e26d458ea3f50c93e4,6a018e3036187a26ac9bcffda9fd7379d65d86cde84514faa08f4ea349b0f4bb,rolling300,V4_F,rolling300:V4_F:25,25,3,6,13,24,35,38,283,sum_node_scores,,
1245,1244,prospective_v4,REGISTERED_UNEVALUATED,243cd17e6b97a2d96709ddfc689a068038669341a52dcc0743c141d309e43b9f,746efc843d53dff4e61394e26d458ea3f50c93e4,6a018e3036187a26ac9bcffda9fd7379d65d86cde84514faa08f4ea349b0f4bb,rolling300,V4_F,rolling300:V4_F:26,26,3,6,13,31,35,38,283,sum_node_scores,,
1245,1244,prospective_v4,REGISTERED_UNEVALUATED,243cd17e6b97a2d96709ddfc689a068038669341a52dcc0743c141d309e43b9f,746efc843d53dff4e61394e26d458ea3f50c93e4,6a018e3036187a26ac9bcffda9fd7379d65d86cde84514faa08f4ea349b0f4bb,rolling300,V4_F,rolling300:V4_F:27,27,3,12,13,16,35,38,283,sum_node_scores,,
1245,1244,prospective_v4,REGISTERED_UNEVALUATED,243cd17e6b97a2d96709ddfc689a068038669341a52dcc0743c141d309e43b9f,746efc843d53dff4e61394e26d458ea3f50c93e4,6a018e3036187a26ac9bcffda9fd7379d65d86cde84514faa08f4ea349b0f4bb,rolling300,V4_F,rolling300:V4_F:28,28,3,6,7,16,35,38,282,sum_node_scores,,
1245,1244,prospective_v4,REGISTERED_UNEVALUATED,243cd17e6b97a2d96709ddfc689a068038669341a52dcc0743c141d309e43b9f,746efc843d53dff4e61394e26d458ea3f50c93e4,6a018e3036187a26ac9bcffda9fd7379d65d86cde84514faa08f4ea349b0f4bb,rolling300,V4_F,rolling300:V4_F:29,29,3,6,13,16,24,38,282,sum_node_scores,,
1245,1244,prospective_v4,REGISTERED_UNEVALUATED,243cd17e6b97a2d96709ddfc689a068038669341a52dcc0743c141d309e43b9f,746efc843d53dff4e61394e26d458ea3f50c93e4,6a018e3036187a26ac9bcffda9fd7379d65d86cde84514faa08f4ea349b0f4bb,rolling300,V4_F,rolling300:V4_F:30,30,3,6,13,16,31,38,282,sum_node_scores,,
1245,1244,prospective_v4,REGISTERED_UNEVALUATED,243cd17e6b97a2d96709ddfc689a068038669341a52dcc0743c141d309e43b9f,746efc843d53dff4e61394e26d458ea3f50c93e4,6a018e3036187a26ac9bcffda9fd7379d65d86cde84514faa08f4ea349b0f4bb,rolling300,V4_F,rolling300:V4_F:31,31,3,6,16,30,35,38,282,sum_node_scores,,
1245,1244,prospective_v4,REGISTERED_UNEVALUATED,243cd17e6b97a2d96709ddfc689a068038669341a52dcc0743c141d309e43b9f,746efc843d53dff4e61394e26d458ea3f50c93e4,6a018e3036187a26ac9bcffda9fd7379d65d86cde84514faa08f4ea349b0f4bb,rolling300,V4_F,rolling300:V4_F:32,32,3,6,16,35,37,38,282,sum_node_scores,,
1245,1244,prospective_v4,REGISTERED_UNEVALUATED,243cd17e6b97a2d96709ddfc689a068038669341a52dcc0743c141d309e43b9f,746efc843d53dff4e61394e26d458ea3f50c93e4,6a018e3036187a26ac9bcffda9fd7379d65d86cde84514faa08f4ea349b0f4bb,rolling300,V4_F,rolling300:V4_F:33,33,3,13,16,24,35,38,282,sum_node_scores,,
1245,1244,prospective_v4,REGISTERED_UNEVALUATED,243cd17e6b97a2d96709ddfc689a068038669341a52dcc0743c141d309e43b9f,746efc843d53dff4e61394e26d458ea3f50c93e4,6a018e3036187a26ac9bcffda9fd7379d65d86cde84514faa08f4ea349b0f4bb,rolling300,V4_F,rolling300:V4_F:34,34,3,13,16,31,35,38,282,sum_node_scores,,
1245,1244,prospective_v4,REGISTERED_UNEVALUATED,243cd17e6b97a2d96709ddfc689a068038669341a52dcc0743c141d309e43b9f,746efc843d53dff4e61394e26d458ea3f50c93e4,6a018e3036187a26ac9bcffda9fd7379d65d86cde84514faa08f4ea349b0f4bb,rolling300,V4_F,rolling300:V4_F:35,35,3,6,12,16,35,38,281,sum_node_scores,,
1245,1244,prospective_v4,REGISTERED_UNEVALUATED,243cd17e6b97a2d96709ddfc689a068038669341a52dcc0743c141d309e43b9f,746efc843d53dff4e61394e26d458ea3f50c93e4,6a018e3036187a26ac9bcffda9fd7379d65d86cde84514faa08f4ea349b0f4bb,rolling300,V4_F,rolling300:V4_F:36,36,3,6,16,24,35,38,280,sum_node_scores,,
1245,1244,prospective_v4,REGISTERED_UNEVALUATED,243cd17e6b97a2d96709ddfc689a068038669341a52dcc0743c141d309e43b9f,746efc843d53dff4e61394e26d458ea3f50c93e4,6a018e3036187a26ac9bcffda9fd7379d65d86cde84514faa08f4ea349b0f4bb,rolling300,V4_F,rolling300:V4_F:37,37,3,6,16,31,35,38,280,sum_node_scores,,
1245,1244,prospective_v4,REGISTERED_UNEVALUATED,243cd17e6b97a2d96709ddfc689a068038669341a52dcc0743c141d309e43b9f,746efc843d53dff4e61394e26d458ea3f50c93e4,6a018e3036187a26ac9bcffda9fd7379d65d86cde84514faa08f4ea349b0f4bb,rolling300,V4_G,rolling300:V4_G:01,1,6,12,15,21,29,35,0.8814035087719299,sum_node_scores,,1
1245,1244,prospective_v4,REGISTERED_UNEVALUATED,243cd17e6b97a2d96709ddfc689a068038669341a52dcc0743c141d309e43b9f,746efc843d53dff4e61394e26d458ea3f50c93e4,6a018e3036187a26ac9bcffda9fd7379d65d86cde84514faa08f4ea349b0f4bb,rolling300,V4_G,rolling300:V4_G:02,2,6,12,15,21,29,37,0.8814035087719299,sum_node_scores,,
1245,1244,prospective_v4,REGISTERED_UNEVALUATED,243cd17e6b97a2d96709ddfc689a068038669341a52dcc0743c141d309e43b9f,746efc843d53dff4e61394e26d458ea3f50c93e4,6a018e3036187a26ac9bcffda9fd7379d65d86cde84514faa08f4ea349b0f4bb,rolling300,V4_G,rolling300:V4_G:03,3,6,12,15,21,29,39,0.8814035087719299,sum_node_scores,,
1245,1244,prospective_v4,REGISTERED_UNEVALUATED,243cd17e6b97a2d96709ddfc689a068038669341a52dcc0743c141d309e43b9f,746efc843d53dff4e61394e26d458ea3f50c93e4,6a018e3036187a26ac9bcffda9fd7379d65d86cde84514faa08f4ea349b0f4bb,rolling300,V4_G,rolling300:V4_G:04,4,6,12,15,21,29,40,0.8814035087719299,sum_node_scores,,
1245,1244,prospective_v4,REGISTERED_UNEVALUATED,243cd17e6b97a2d96709ddfc689a068038669341a52dcc0743c141d309e43b9f,746efc843d53dff4e61394e26d458ea3f50c93e4,6a018e3036187a26ac9bcffda9fd7379d65d86cde84514faa08f4ea349b0f4bb,rolling300,V4_G,rolling300:V4_G:05,5,6,12,15,21,29,42,0.8814035087719299,sum_node_scores,,
1245,1244,prospective_v4,REGISTERED_UNEVALUATED,243cd17e6b97a2d96709ddfc689a068038669341a52dcc0743c141d309e43b9f,746efc843d53dff4e61394e26d458ea3f50c93e4,6a018e3036187a26ac9bcffda9fd7379d65d86cde84514faa08f4ea349b0f4bb,rolling300,V4_G,rolling300:V4_G:06,6,6,12,15,21,35,37,0.8814035087719299,sum_node_scores,,
1245,1244,prospective_v4,REGISTERED_UNEVALUATED,243cd17e6b97a2d96709ddfc689a068038669341a52dcc0743c141d309e43b9f,746efc843d53dff4e61394e26d458ea3f50c93e4,6a018e3036187a26ac9bcffda9fd7379d65d86cde84514faa08f4ea349b0f4bb,rolling300,V4_G,rolling300:V4_G:07,7,6,12,15,21,35,39,0.8814035087719299,sum_node_scores,,
1245,1244,prospective_v4,REGISTERED_UNEVALUATED,243cd17e6b97a2d96709ddfc689a068038669341a52dcc0743c141d309e43b9f,746efc843d53dff4e61394e26d458ea3f50c93e4,6a018e3036187a26ac9bcffda9fd7379d65d86cde84514faa08f4ea349b0f4bb,rolling300,V4_G,rolling300:V4_G:08,8,6,12,15,21,35,40,0.8814035087719299,sum_node_scores,,
1245,1244,prospective_v4,REGISTERED_UNEVALUATED,243cd17e6b97a2d96709ddfc689a068038669341a52dcc0743c141d309e43b9f,746efc843d53dff4e61394e26d458ea3f50c93e4,6a018e3036187a26ac9bcffda9fd7379d65d86cde84514faa08f4ea349b0f4bb,rolling300,V4_G,rolling300:V4_G:09,9,6,12,15,21,35,42,0.8814035087719299,sum_node_scores,,
1245,1244,prospective_v4,REGISTERED_UNEVALUATED,243cd17e6b97a2d96709ddfc689a068038669341a52dcc0743c141d309e43b9f,746efc843d53dff4e61394e26d458ea3f50c93e4,6a018e3036187a26ac9bcffda9fd7379d65d86cde84514faa08f4ea349b0f4bb,rolling300,V4_G,rolling300:V4_G:10,10,6,12,15,29,35,37,0.8814035087719299,sum_node_scores,,
1245,1244,prospective_v4,REGISTERED_UNEVALUATED,243cd17e6b97a2d96709ddfc689a068038669341a52dcc0743c141d309e43b9f,746efc843d53dff4e61394e26d458ea3f50c93e4,6a018e3036187a26ac9bcffda9fd7379d65d86cde84514faa08f4ea349b0f4bb,rolling300,V4_G,rolling300:V4_G:11,11,6,12,15,29,35,39,0.8814035087719299,sum_node_scores,,
1245,1244,prospective_v4,REGISTERED_UNEVALUATED,243cd17e6b97a2d96709ddfc689a068038669341a52dcc0743c141d309e43b9f,746efc843d53dff4e61394e26d458ea3f50c93e4,6a018e3036187a26ac9bcffda9fd7379d65d86cde84514faa08f4ea349b0f4bb,rolling300,V4_G,rolling300:V4_G:12,12,6,12,15,29,35,40,0.8814035087719299,sum_node_scores,,
1245,1244,prospective_v4,REGISTERED_UNEVALUATED,243cd17e6b97a2d96709ddfc689a068038669341a52dcc0743c141d309e43b9f,746efc843d53dff4e61394e26d458ea3f50c93e4,6a018e3036187a26ac9bcffda9fd7379d65d86cde84514faa08f4ea349b0f4bb,rolling300,V4_G,rolling300:V4_G:13,13,6,12,15,29,35,42,0.8814035087719299,sum_node_scores,,
1245,1244,prospective_v4,REGISTERED_UNEVALUATED,243cd17e6b97a2d96709ddfc689a068038669341a52dcc0743c141d309e43b9f,746efc843d53dff4e61394e26d458ea3f50c93e4,6a018e3036187a26ac9bcffda9fd7379d65d86cde84514faa08f4ea349b0f4bb,rolling300,V4_G,rolling300:V4_G:14,14,6,12,21,29,35,37,0.8814035087719299,sum_node_scores,,
1245,1244,prospective_v4,REGISTERED_UNEVALUATED,243cd17e6b97a2d96709ddfc689a068038669341a52dcc0743c141d309e43b9f,746efc843d53dff4e61394e26d458ea3f50c93e4,6a018e3036187a26ac9bcffda9fd7379d65d86cde84514faa08f4ea349b0f4bb,rolling300,V4_G,rolling300:V4_G:15,15,6,12,21,29,35,39,0.8814035087719299,sum_node_scores,,
1245,1244,prospective_v4,REGISTERED_UNEVALUATED,243cd17e6b97a2d96709ddfc689a068038669341a52dcc0743c141d309e43b9f,746efc843d53dff4e61394e26d458ea3f50c93e4,6a018e3036187a26ac9bcffda9fd7379d65d86cde84514faa08f4ea349b0f4bb,rolling300,V4_G,rolling300:V4_G:16,16,6,12,21,29,35,40,0.8814035087719299,sum_node_scores,,
1245,1244,prospective_v4,REGISTERED_UNEVALUATED,243cd17e6b97a2d96709ddfc689a068038669341a52dcc0743c141d309e43b9f,746efc843d53dff4e61394e26d458ea3f50c93e4,6a018e3036187a26ac9bcffda9fd7379d65d86cde84514faa08f4ea349b0f4bb,rolling300,V4_G,rolling300:V4_G:17,17,6,12,21,29,35,42,0.8814035087719299,sum_node_scores,,
1245,1244,prospective_v4,REGISTERED_UNEVALUATED,243cd17e6b97a2d96709ddfc689a068038669341a52dcc0743c141d309e43b9f,746efc843d53dff4e61394e26d458ea3f50c93e4,6a018e3036187a26ac9bcffda9fd7379d65d86cde84514faa08f4ea349b0f4bb,rolling300,V4_G,rolling300:V4_G:18,18,6,15,21,29,35,37,0.8814035087719299,sum_node_scores,,
1245,1244,prospective_v4,REGISTERED_UNEVALUATED,243cd17e6b97a2d96709ddfc689a068038669341a52dcc0743c141d309e43b9f,746efc843d53dff4e61394e26d458ea3f50c93e4,6a018e3036187a26ac9bcffda9fd7379d65d86cde84514faa08f4ea349b0f4bb,rolling300,V4_G,rolling300:V4_G:19,19,6,15,21,29,35,39,0.8814035087719299,sum_node_scores,,
1245,1244,prospective_v4,REGISTERED_UNEVALUATED,243cd17e6b97a2d96709ddfc689a068038669341a52dcc0743c141d309e43b9f,746efc843d53dff4e61394e26d458ea3f50c93e4,6a018e3036187a26ac9bcffda9fd7379d65d86cde84514faa08f4ea349b0f4bb,rolling300,V4_G,rolling300:V4_G:20,20,6,15,21,29,35,40,0.8814035087719299,sum_node_scores,,
1245,1244,prospective_v4,REGISTERED_UNEVALUATED,243cd17e6b97a2d96709ddfc689a068038669341a52dcc0743c141d309e43b9f,746efc843d53dff4e61394e26d458ea3f50c93e4,6a018e3036187a26ac9bcffda9fd7379d65d86cde84514faa08f4ea349b0f4bb,rolling300,V4_G,rolling300:V4_G:21,21,6,15,21,29,35,42,0.8814035087719299,sum_node_scores,,
1245,1244,prospective_v4,REGISTERED_UNEVALUATED,243cd17e6b97a2d96709ddfc689a068038669341a52dcc0743c141d309e43b9f,746efc843d53dff4e61394e26d458ea3f50c93e4,6a018e3036187a26ac9bcffda9fd7379d65d86cde84514faa08f4ea349b0f4bb,rolling300,V4_G,rolling300:V4_G:22,22,12,15,21,29,35,37,0.8814035087719299,sum_node_scores,,
1245,1244,prospective_v4,REGISTERED_UNEVALUATED,243cd17e6b97a2d96709ddfc689a068038669341a52dcc0743c141d309e43b9f,746efc843d53dff4e61394e26d458ea3f50c93e4,6a018e3036187a26ac9bcffda9fd7379d65d86cde84514faa08f4ea349b0f4bb,rolling300,V4_G,rolling300:V4_G:23,23,12,15,21,29,35,39,0.8814035087719299,sum_node_scores,,
1245,1244,prospective_v4,REGISTERED_UNEVALUATED,243cd17e6b97a2d96709ddfc689a068038669341a52dcc0743c141d309e43b9f,746efc843d53dff4e61394e26d458ea3f50c93e4,6a018e3036187a26ac9bcffda9fd7379d65d86cde84514faa08f4ea349b0f4bb,rolling300,V4_G,rolling300:V4_G:24,24,12,15,21,29,35,40,0.8814035087719299,sum_node_scores,,
1245,1244,prospective_v4,REGISTERED_UNEVALUATED,243cd17e6b97a2d96709ddfc689a068038669341a52dcc0743c141d309e43b9f,746efc843d53dff4e61394e26d458ea3f50c93e4,6a018e3036187a26ac9bcffda9fd7379d65d86cde84514faa08f4ea349b0f4bb,rolling300,V4_G,rolling300:V4_G:25,25,12,15,21,29,35,42,0.8814035087719299,sum_node_scores,,
1245,1244,prospective_v4,REGISTERED_UNEVALUATED,243cd17e6b97a2d96709ddfc689a068038669341a52dcc0743c141d309e43b9f,746efc843d53dff4e61394e26d458ea3f50c93e4,6a018e3036187a26ac9bcffda9fd7379d65d86cde84514faa08f4ea349b0f4bb,rolling300,V4_G,rolling300:V4_G:26,26,1,6,12,15,21,29,0.8671747358104929,sum_node_scores,,
1245,1244,prospective_v4,REGISTERED_UNEVALUATED,243cd17e6b97a2d96709ddfc689a068038669341a52dcc0743c141d309e43b9f,746efc843d53dff4e61394e26d458ea3f50c93e4,6a018e3036187a26ac9bcffda9fd7379d65d86cde84514faa08f4ea349b0f4bb,rolling300,V4_G,rolling300:V4_G:27,27,1,6,12,15,21,35,0.8671747358104929,sum_node_scores,,
1245,1244,prospective_v4,REGISTERED_UNEVALUATED,243cd17e6b97a2d96709ddfc689a068038669341a52dcc0743c141d309e43b9f,746efc843d53dff4e61394e26d458ea3f50c93e4,6a018e3036187a26ac9bcffda9fd7379d65d86cde84514faa08f4ea349b0f4bb,rolling300,V4_G,rolling300:V4_G:28,28,1,6,12,15,29,35,0.8671747358104929,sum_node_scores,,
1245,1244,prospective_v4,REGISTERED_UNEVALUATED,243cd17e6b97a2d96709ddfc689a068038669341a52dcc0743c141d309e43b9f,746efc843d53dff4e61394e26d458ea3f50c93e4,6a018e3036187a26ac9bcffda9fd7379d65d86cde84514faa08f4ea349b0f4bb,rolling300,V4_G,rolling300:V4_G:29,29,1,6,12,21,29,35,0.8671747358104929,sum_node_scores,,
1245,1244,prospective_v4,REGISTERED_UNEVALUATED,243cd17e6b97a2d96709ddfc689a068038669341a52dcc0743c141d309e43b9f,746efc843d53dff4e61394e26d458ea3f50c93e4,6a018e3036187a26ac9bcffda9fd7379d65d86cde84514faa08f4ea349b0f4bb,rolling300,V4_G,rolling300:V4_G:30,30,1,6,15,21,29,35,0.8671747358104929,sum_node_scores,,
1245,1244,prospective_v4,REGISTERED_UNEVALUATED,243cd17e6b97a2d96709ddfc689a068038669341a52dcc0743c141d309e43b9f,746efc843d53dff4e61394e26d458ea3f50c93e4,6a018e3036187a26ac9bcffda9fd7379d65d86cde84514faa08f4ea349b0f4bb,rolling300,V4_G,rolling300:V4_G:31,31,1,12,15,21,29,35,0.8671747358104929,sum_node_scores,,
1245,1244,prospective_v4,REGISTERED_UNEVALUATED,243cd17e6b97a2d96709ddfc689a068038669341a52dcc0743c141d309e43b9f,746efc843d53dff4e61394e26d458ea3f50c93e4,6a018e3036187a26ac9bcffda9fd7379d65d86cde84514faa08f4ea349b0f4bb,rolling300,V4_G,rolling300:V4_G:32,32,6,12,13,15,21,29,0.8671747358104929,sum_node_scores,,
1245,1244,prospective_v4,REGISTERED_UNEVALUATED,243cd17e6b97a2d96709ddfc689a068038669341a52dcc0743c141d309e43b9f,746efc843d53dff4e61394e26d458ea3f50c93e4,6a018e3036187a26ac9bcffda9fd7379d65d86cde84514faa08f4ea349b0f4bb,rolling300,V4_G,rolling300:V4_G:33,33,6,12,13,15,21,35,0.8671747358104929,sum_node_scores,,
1245,1244,prospective_v4,REGISTERED_UNEVALUATED,243cd17e6b97a2d96709ddfc689a068038669341a52dcc0743c141d309e43b9f,746efc843d53dff4e61394e26d458ea3f50c93e4,6a018e3036187a26ac9bcffda9fd7379d65d86cde84514faa08f4ea349b0f4bb,rolling300,V4_G,rolling300:V4_G:34,34,6,12,13,15,29,35,0.8671747358104929,sum_node_scores,,
1245,1244,prospective_v4,REGISTERED_UNEVALUATED,243cd17e6b97a2d96709ddfc689a068038669341a52dcc0743c141d309e43b9f,746efc843d53dff4e61394e26d458ea3f50c93e4,6a018e3036187a26ac9bcffda9fd7379d65d86cde84514faa08f4ea349b0f4bb,rolling300,V4_G,rolling300:V4_G:35,35,6,12,13,21,29,35,0.8671747358104929,sum_node_scores,,
1245,1244,prospective_v4,REGISTERED_UNEVALUATED,243cd17e6b97a2d96709ddfc689a068038669341a52dcc0743c141d309e43b9f,746efc843d53dff4e61394e26d458ea3f50c93e4,6a018e3036187a26ac9bcffda9fd7379d65d86cde84514faa08f4ea349b0f4bb,rolling300,V4_G,rolling300:V4_G:36,36,6,13,15,21,29,35,0.8671747358104929,sum_node_scores,,
1245,1244,prospective_v4,REGISTERED_UNEVALUATED,243cd17e6b97a2d96709ddfc689a068038669341a52dcc0743c141d309e43b9f,746efc843d53dff4e61394e26d458ea3f50c93e4,6a018e3036187a26ac9bcffda9fd7379d65d86cde84514faa08f4ea349b0f4bb,rolling300,V4_G,rolling300:V4_G:37,37,12,13,15,21,29,35,0.8671747358104929,sum_node_scores,,
1245,1244,prospective_v4,REGISTERED_UNEVALUATED,243cd17e6b97a2d96709ddfc689a068038669341a52dcc0743c141d309e43b9f,746efc843d53dff4e61394e26d458ea3f50c93e4,6a018e3036187a26ac9bcffda9fd7379d65d86cde84514faa08f4ea349b0f4bb,rolling300,V4_C,rolling300:V4_C:01,1,1,4,6,9,12,15,0.8401471790678658,sum_node_scores,,
1245,1244,prospective_v4,REGISTERED_UNEVALUATED,243cd17e6b97a2d96709ddfc689a068038669341a52dcc0743c141d309e43b9f,746efc843d53dff4e61394e26d458ea3f50c93e4,6a018e3036187a26ac9bcffda9fd7379d65d86cde84514faa08f4ea349b0f4bb,rolling300,V4_C,rolling300:V4_C:02,2,1,4,6,9,12,19,0.8401471790678658,sum_node_scores,,2
1245,1244,prospective_v4,REGISTERED_UNEVALUATED,243cd17e6b97a2d96709ddfc689a068038669341a52dcc0743c141d309e43b9f,746efc843d53dff4e61394e26d458ea3f50c93e4,6a018e3036187a26ac9bcffda9fd7379d65d86cde84514faa08f4ea349b0f4bb,rolling300,V4_C,rolling300:V4_C:03,3,1,4,6,9,12,21,0.8401471790678658,sum_node_scores,,
1245,1244,prospective_v4,REGISTERED_UNEVALUATED,243cd17e6b97a2d96709ddfc689a068038669341a52dcc0743c141d309e43b9f,746efc843d53dff4e61394e26d458ea3f50c93e4,6a018e3036187a26ac9bcffda9fd7379d65d86cde84514faa08f4ea349b0f4bb,rolling300,V4_C,rolling300:V4_C:04,4,1,4,6,9,12,22,0.8401471790678658,sum_node_scores,,
1245,1244,prospective_v4,REGISTERED_UNEVALUATED,243cd17e6b97a2d96709ddfc689a068038669341a52dcc0743c141d309e43b9f,746efc843d53dff4e61394e26d458ea3f50c93e4,6a018e3036187a26ac9bcffda9fd7379d65d86cde84514faa08f4ea349b0f4bb,rolling300,V4_C,rolling300:V4_C:05,5,1,4,6,9,12,26,0.8401471790678658,sum_node_scores,,
1245,1244,prospective_v4,REGISTERED_UNEVALUATED,243cd17e6b97a2d96709ddfc689a068038669341a52dcc0743c141d309e43b9f,746efc843d53dff4e61394e26d458ea3f50c93e4,6a018e3036187a26ac9bcffda9fd7379d65d86cde84514faa08f4ea349b0f4bb,rolling300,V4_C,rolling300:V4_C:06,6,1,4,6,9,12,29,0.8401471790678658,sum_node_scores,,
1245,1244,prospective_v4,REGISTERED_UNEVALUATED,243cd17e6b97a2d96709ddfc689a068038669341a52dcc0743c141d309e43b9f,746efc843d53dff4e61394e26d458ea3f50c93e4,6a018e3036187a26ac9bcffda9fd7379d65d86cde84514faa08f4ea349b0f4bb,rolling300,V4_C,rolling300:V4_C:07,7,1,4,6,9,12,33,0.8401471790678658,sum_node_scores,,
1245,1244,prospective_v4,REGISTERED_UNEVALUATED,243cd17e6b97a2d96709ddfc689a068038669341a52dcc0743c141d309e43b9f,746efc843d53dff4e61394e26d458ea3f50c93e4,6a018e3036187a26ac9bcffda9fd7379d65d86cde84514faa08f4ea349b0f4bb,rolling300,V4_C,rolling300:V4_C:08,8,1,4,6,9,15,19,0.8401471790678658,sum_node_scores,,
1245,1244,prospective_v4,REGISTERED_UNEVALUATED,243cd17e6b97a2d96709ddfc689a068038669341a52dcc0743c141d309e43b9f,746efc843d53dff4e61394e26d458ea3f50c93e4,6a018e3036187a26ac9bcffda9fd7379d65d86cde84514faa08f4ea349b0f4bb,rolling300,V4_C,rolling300:V4_C:09,9,1,4,6,9,15,21,0.8401471790678658,sum_node_scores,,
1245,1244,prospective_v4,REGISTERED_UNEVALUATED,243cd17e6b97a2d96709ddfc689a068038669341a52dcc0743c141d309e43b9f,746efc843d53dff4e61394e26d458ea3f50c93e4,6a018e3036187a26ac9bcffda9fd7379d65d86cde84514faa08f4ea349b0f4bb,rolling300,V4_C,rolling300:V4_C:10,10,1,4,6,9,15,22,0.8401471790678658,sum_node_scores,,
1245,1244,prospective_v4,REGISTERED_UNEVALUATED,243cd17e6b97a2d96709ddfc689a068038669341a52dcc0743c141d309e43b9f,746efc843d53dff4e61394e26d458ea3f50c93e4,6a018e3036187a26ac9bcffda9fd7379d65d86cde84514faa08f4ea349b0f4bb,rolling300,V4_C,rolling300:V4_C:11,11,1,4,6,9,15,26,0.8401471790678658,sum_node_scores,,
1245,1244,prospective_v4,REGISTERED_UNEVALUATED,243cd17e6b97a2d96709ddfc689a068038669341a52dcc0743c141d309e43b9f,746efc843d53dff4e61394e26d458ea3f50c93e4,6a018e3036187a26ac9bcffda9fd7379d65d86cde84514faa08f4ea349b0f4bb,rolling300,V4_C,rolling300:V4_C:12,12,1,4,6,9,15,29,0.8401471790678658,sum_node_scores,,
1245,1244,prospective_v4,REGISTERED_UNEVALUATED,243cd17e6b97a2d96709ddfc689a068038669341a52dcc0743c141d309e43b9f,746efc843d53dff4e61394e26d458ea3f50c93e4,6a018e3036187a26ac9bcffda9fd7379d65d86cde84514faa08f4ea349b0f4bb,rolling300,V4_C,rolling300:V4_C:13,13,1,4,6,9,15,33,0.8401471790678658,sum_node_scores,,
1245,1244,prospective_v4,REGISTERED_UNEVALUATED,243cd17e6b97a2d96709ddfc689a068038669341a52dcc0743c141d309e43b9f,746efc843d53dff4e61394e26d458ea3f50c93e4,6a018e3036187a26ac9bcffda9fd7379d65d86cde84514faa08f4ea349b0f4bb,rolling300,V4_C,rolling300:V4_C:14,14,1,4,6,12,15,19,0.8401471790678658,sum_node_scores,,
1245,1244,prospective_v4,REGISTERED_UNEVALUATED,243cd17e6b97a2d96709ddfc689a068038669341a52dcc0743c141d309e43b9f,746efc843d53dff4e61394e26d458ea3f50c93e4,6a018e3036187a26ac9bcffda9fd7379d65d86cde84514faa08f4ea349b0f4bb,rolling300,V4_C,rolling300:V4_C:15,15,1,4,6,12,15,21,0.8401471790678658,sum_node_scores,,
1245,1244,prospective_v4,REGISTERED_UNEVALUATED,243cd17e6b97a2d96709ddfc689a068038669341a52dcc0743c141d309e43b9f,746efc843d53dff4e61394e26d458ea3f50c93e4,6a018e3036187a26ac9bcffda9fd7379d65d86cde84514faa08f4ea349b0f4bb,rolling300,V4_C,rolling300:V4_C:16,16,1,4,6,12,15,22,0.8401471790678658,sum_node_scores,,
1245,1244,prospective_v4,REGISTERED_UNEVALUATED,243cd17e6b97a2d96709ddfc689a068038669341a52dcc0743c141d309e43b9f,746efc843d53dff4e61394e26d458ea3f50c93e4,6a018e3036187a26ac9bcffda9fd7379d65d86cde84514faa08f4ea349b0f4bb,rolling300,V4_C,rolling300:V4_C:17,17,1,4,6,12,15,26,0.8401471790678658,sum_node_scores,,
1245,1244,prospective_v4,REGISTERED_UNEVALUATED,243cd17e6b97a2d96709ddfc689a068038669341a52dcc0743c141d309e43b9f,746efc843d53dff4e61394e26d458ea3f50c93e4,6a018e3036187a26ac9bcffda9fd7379d65d86cde84514faa08f4ea349b0f4bb,rolling300,V4_C,rolling300:V4_C:18,18,1,4,6,12,15,29,0.8401471790678658,sum_node_scores,,
1245,1244,prospective_v4,REGISTERED_UNEVALUATED,243cd17e6b97a2d96709ddfc689a068038669341a52dcc0743c141d309e43b9f,746efc843d53dff4e61394e26d458ea3f50c93e4,6a018e3036187a26ac9bcffda9fd7379d65d86cde84514faa08f4ea349b0f4bb,rolling300,V4_C,rolling300:V4_C:19,19,1,4,6,12,15,33,0.8401471790678658,sum_node_scores,,
1245,1244,prospective_v4,REGISTERED_UNEVALUATED,243cd17e6b97a2d96709ddfc689a068038669341a52dcc0743c141d309e43b9f,746efc843d53dff4e61394e26d458ea3f50c93e4,6a018e3036187a26ac9bcffda9fd7379d65d86cde84514faa08f4ea349b0f4bb,rolling300,V4_C,rolling300:V4_C:20,20,1,4,9,12,15,19,0.8401471790678658,sum_node_scores,,
1245,1244,prospective_v4,REGISTERED_UNEVALUATED,243cd17e6b97a2d96709ddfc689a068038669341a52dcc0743c141d309e43b9f,746efc843d53dff4e61394e26d458ea3f50c93e4,6a018e3036187a26ac9bcffda9fd7379d65d86cde84514faa08f4ea349b0f4bb,rolling300,V4_C,rolling300:V4_C:21,21,1,4,9,12,15,21,0.8401471790678658,sum_node_scores,,
1245,1244,prospective_v4,REGISTERED_UNEVALUATED,243cd17e6b97a2d96709ddfc689a068038669341a52dcc0743c141d309e43b9f,746efc843d53dff4e61394e26d458ea3f50c93e4,6a018e3036187a26ac9bcffda9fd7379d65d86cde84514faa08f4ea349b0f4bb,rolling300,V4_C,rolling300:V4_C:22,22,1,4,9,12,15,22,0.8401471790678658,sum_node_scores,,
1245,1244,prospective_v4,REGISTERED_UNEVALUATED,243cd17e6b97a2d96709ddfc689a068038669341a52dcc0743c141d309e43b9f,746efc843d53dff4e61394e26d458ea3f50c93e4,6a018e3036187a26ac9bcffda9fd7379d65d86cde84514faa08f4ea349b0f4bb,rolling300,V4_C,rolling300:V4_C:23,23,1,4,9,12,15,26,0.8401471790678658,sum_node_scores,,
1245,1244,prospective_v4,REGISTERED_UNEVALUATED,243cd17e6b97a2d96709ddfc689a068038669341a52dcc0743c141d309e43b9f,746efc843d53dff4e61394e26d458ea3f50c93e4,6a018e3036187a26ac9bcffda9fd7379d65d86cde84514faa08f4ea349b0f4bb,rolling300,V4_C,rolling300:V4_C:24,24,1,4,9,12,15,29,0.8401471790678658,sum_node_scores,,
1245,1244,prospective_v4,REGISTERED_UNEVALUATED,243cd17e6b97a2d96709ddfc689a068038669341a52dcc0743c141d309e43b9f,746efc843d53dff4e61394e26d458ea3f50c93e4,6a018e3036187a26ac9bcffda9fd7379d65d86cde84514faa08f4ea349b0f4bb,rolling300,V4_C,rolling300:V4_C:25,25,1,4,9,12,15,33,0.8401471790678658,sum_node_scores,,
1245,1244,prospective_v4,REGISTERED_UNEVALUATED,243cd17e6b97a2d96709ddfc689a068038669341a52dcc0743c141d309e43b9f,746efc843d53dff4e61394e26d458ea3f50c93e4,6a018e3036187a26ac9bcffda9fd7379d65d86cde84514faa08f4ea349b0f4bb,rolling300,V4_C,rolling300:V4_C:26,26,1,6,9,12,15,19,0.8401471790678658,sum_node_scores,,
1245,1244,prospective_v4,REGISTERED_UNEVALUATED,243cd17e6b97a2d96709ddfc689a068038669341a52dcc0743c141d309e43b9f,746efc843d53dff4e61394e26d458ea3f50c93e4,6a018e3036187a26ac9bcffda9fd7379d65d86cde84514faa08f4ea349b0f4bb,rolling300,V4_C,rolling300:V4_C:27,27,1,6,9,12,15,21,0.8401471790678658,sum_node_scores,,
1245,1244,prospective_v4,REGISTERED_UNEVALUATED,243cd17e6b97a2d96709ddfc689a068038669341a52dcc0743c141d309e43b9f,746efc843d53dff4e61394e26d458ea3f50c93e4,6a018e3036187a26ac9bcffda9fd7379d65d86cde84514faa08f4ea349b0f4bb,rolling300,V4_C,rolling300:V4_C:28,28,1,6,9,12,15,22,0.8401471790678658,sum_node_scores,,
1245,1244,prospective_v4,REGISTERED_UNEVALUATED,243cd17e6b97a2d96709ddfc689a068038669341a52dcc0743c141d309e43b9f,746efc843d53dff4e61394e26d458ea3f50c93e4,6a018e3036187a26ac9bcffda9fd7379d65d86cde84514faa08f4ea349b0f4bb,rolling300,V4_C,rolling300:V4_C:29,29,1,6,9,12,15,26,0.8401471790678658,sum_node_scores,,
1245,1244,prospective_v4,REGISTERED_UNEVALUATED,243cd17e6b97a2d96709ddfc689a068038669341a52dcc0743c141d309e43b9f,746efc843d53dff4e61394e26d458ea3f50c93e4,6a018e3036187a26ac9bcffda9fd7379d65d86cde84514faa08f4ea349b0f4bb,rolling300,V4_C,rolling300:V4_C:30,30,1,6,9,12,15,29,0.8401471790678658,sum_node_scores,,
1245,1244,prospective_v4,REGISTERED_UNEVALUATED,243cd17e6b97a2d96709ddfc689a068038669341a52dcc0743c141d309e43b9f,746efc843d53dff4e61394e26d458ea3f50c93e4,6a018e3036187a26ac9bcffda9fd7379d65d86cde84514faa08f4ea349b0f4bb,rolling300,V4_C,rolling300:V4_C:31,31,1,6,9,12,15,33,0.8401471790678658,sum_node_scores,,
1245,1244,prospective_v4,REGISTERED_UNEVALUATED,243cd17e6b97a2d96709ddfc689a068038669341a52dcc0743c141d309e43b9f,746efc843d53dff4e61394e26d458ea3f50c93e4,6a018e3036187a26ac9bcffda9fd7379d65d86cde84514faa08f4ea349b0f4bb,rolling300,V4_C,rolling300:V4_C:32,32,4,6,9,12,15,19,0.8401471790678658,sum_node_scores,,
1245,1244,prospective_v4,REGISTERED_UNEVALUATED,243cd17e6b97a2d96709ddfc689a068038669341a52dcc0743c141d309e43b9f,746efc843d53dff4e61394e26d458ea3f50c93e4,6a018e3036187a26ac9bcffda9fd7379d65d86cde84514faa08f4ea349b0f4bb,rolling300,V4_C,rolling300:V4_C:33,33,4,6,9,12,15,21,0.8401471790678658,sum_node_scores,,
1245,1244,prospective_v4,REGISTERED_UNEVALUATED,243cd17e6b97a2d96709ddfc689a068038669341a52dcc0743c141d309e43b9f,746efc843d53dff4e61394e26d458ea3f50c93e4,6a018e3036187a26ac9bcffda9fd7379d65d86cde84514faa08f4ea349b0f4bb,rolling300,V4_C,rolling300:V4_C:34,34,4,6,9,12,15,22,0.8401471790678658,sum_node_scores,,
1245,1244,prospective_v4,REGISTERED_UNEVALUATED,243cd17e6b97a2d96709ddfc689a068038669341a52dcc0743c141d309e43b9f,746efc843d53dff4e61394e26d458ea3f50c93e4,6a018e3036187a26ac9bcffda9fd7379d65d86cde84514faa08f4ea349b0f4bb,rolling300,V4_C,rolling300:V4_C:35,35,4,6,9,12,15,26,0.8401471790678658,sum_node_scores,,
1245,1244,prospective_v4,REGISTERED_UNEVALUATED,243cd17e6b97a2d96709ddfc689a068038669341a52dcc0743c141d309e43b9f,746efc843d53dff4e61394e26d458ea3f50c93e4,6a018e3036187a26ac9bcffda9fd7379d65d86cde84514faa08f4ea349b0f4bb,rolling300,V4_C,rolling300:V4_C:36,36,4,6,9,12,15,29,0.8401471790678658,sum_node_scores,,
1245,1244,prospective_v4,REGISTERED_UNEVALUATED,243cd17e6b97a2d96709ddfc689a068038669341a52dcc0743c141d309e43b9f,746efc843d53dff4e61394e26d458ea3f50c93e4,6a018e3036187a26ac9bcffda9fd7379d65d86cde84514faa08f4ea349b0f4bb,rolling300,V4_C,rolling300:V4_C:37,37,4,6,9,12,15,33,0.8401471790678658,sum_node_scores,,
1245,1244,prospective_v4,REGISTERED_UNEVALUATED,243cd17e6b97a2d96709ddfc689a068038669341a52dcc0743c141d309e43b9f,746efc843d53dff4e61394e26d458ea3f50c93e4,6a018e3036187a26ac9bcffda9fd7379d65d86cde84514faa08f4ea349b0f4bb,rolling300,V4_M,rolling300:V4_M:01,1,3,10,17,23,25,27,0.8363636363636364,sum_node_scores,,
1245,1244,prospective_v4,REGISTERED_UNEVALUATED,243cd17e6b97a2d96709ddfc689a068038669341a52dcc0743c141d309e43b9f,746efc843d53dff4e61394e26d458ea3f50c93e4,6a018e3036187a26ac9bcffda9fd7379d65d86cde84514faa08f4ea349b0f4bb,rolling300,V4_M,rolling300:V4_M:02,2,3,10,17,23,25,28,0.8363636363636364,sum_node_scores,,
1245,1244,prospective_v4,REGISTERED_UNEVALUATED,243cd17e6b97a2d96709ddfc689a068038669341a52dcc0743c141d309e43b9f,746efc843d53dff4e61394e26d458ea3f50c93e4,6a018e3036187a26ac9bcffda9fd7379d65d86cde84514faa08f4ea349b0f4bb,rolling300,V4_M,rolling300:V4_M:03,3,3,10,17,23,25,30,0.8363636363636364,sum_node_scores,,
1245,1244,prospective_v4,REGISTERED_UNEVALUATED,243cd17e6b97a2d96709ddfc689a068038669341a52dcc0743c141d309e43b9f,746efc843d53dff4e61394e26d458ea3f50c93e4,6a018e3036187a26ac9bcffda9fd7379d65d86cde84514faa08f4ea349b0f4bb,rolling300,V4_M,rolling300:V4_M:04,4,3,10,17,23,25,32,0.8363636363636364,sum_node_scores,,
1245,1244,prospective_v4,REGISTERED_UNEVALUATED,243cd17e6b97a2d96709ddfc689a068038669341a52dcc0743c141d309e43b9f,746efc843d53dff4e61394e26d458ea3f50c93e4,6a018e3036187a26ac9bcffda9fd7379d65d86cde84514faa08f4ea349b0f4bb,rolling300,V4_M,rolling300:V4_M:05,5,3,10,17,23,25,36,0.8363636363636364,sum_node_scores,,
1245,1244,prospective_v4,REGISTERED_UNEVALUATED,243cd17e6b97a2d96709ddfc689a068038669341a52dcc0743c141d309e43b9f,746efc843d53dff4e61394e26d458ea3f50c93e4,6a018e3036187a26ac9bcffda9fd7379d65d86cde84514faa08f4ea349b0f4bb,rolling300,V4_M,rolling300:V4_M:06,6,3,10,17,23,25,39,0.8363636363636364,sum_node_scores,,
1245,1244,prospective_v4,REGISTERED_UNEVALUATED,243cd17e6b97a2d96709ddfc689a068038669341a52dcc0743c141d309e43b9f,746efc843d53dff4e61394e26d458ea3f50c93e4,6a018e3036187a26ac9bcffda9fd7379d65d86cde84514faa08f4ea349b0f4bb,rolling300,V4_M,rolling300:V4_M:07,7,3,10,17,23,25,45,0.8363636363636364,sum_node_scores,,
1245,1244,prospective_v4,REGISTERED_UNEVALUATED,243cd17e6b97a2d96709ddfc689a068038669341a52dcc0743c141d309e43b9f,746efc843d53dff4e61394e26d458ea3f50c93e4,6a018e3036187a26ac9bcffda9fd7379d65d86cde84514faa08f4ea349b0f4bb,rolling300,V4_M,rolling300:V4_M:08,8,3,10,17,23,27,28,0.8363636363636364,sum_node_scores,,
1245,1244,prospective_v4,REGISTERED_UNEVALUATED,243cd17e6b97a2d96709ddfc689a068038669341a52dcc0743c141d309e43b9f,746efc843d53dff4e61394e26d458ea3f50c93e4,6a018e3036187a26ac9bcffda9fd7379d65d86cde84514faa08f4ea349b0f4bb,rolling300,V4_M,rolling300:V4_M:09,9,3,10,17,23,27,30,0.8363636363636364,sum_node_scores,,
1245,1244,prospective_v4,REGISTERED_UNEVALUATED,243cd17e6b97a2d96709ddfc689a068038669341a52dcc0743c141d309e43b9f,746efc843d53dff4e61394e26d458ea3f50c93e4,6a018e3036187a26ac9bcffda9fd7379d65d86cde84514faa08f4ea349b0f4bb,rolling300,V4_M,rolling300:V4_M:10,10,3,10,17,23,27,32,0.8363636363636364,sum_node_scores,,
1245,1244,prospective_v4,REGISTERED_UNEVALUATED,243cd17e6b97a2d96709ddfc689a068038669341a52dcc0743c141d309e43b9f,746efc843d53dff4e61394e26d458ea3f50c93e4,6a018e3036187a26ac9bcffda9fd7379d65d86cde84514faa08f4ea349b0f4bb,rolling300,V4_M,rolling300:V4_M:11,11,3,10,17,23,27,36,0.8363636363636364,sum_node_scores,,
1245,1244,prospective_v4,REGISTERED_UNEVALUATED,243cd17e6b97a2d96709ddfc689a068038669341a52dcc0743c141d309e43b9f,746efc843d53dff4e61394e26d458ea3f50c93e4,6a018e3036187a26ac9bcffda9fd7379d65d86cde84514faa08f4ea349b0f4bb,rolling300,V4_M,rolling300:V4_M:12,12,3,10,17,23,27,39,0.8363636363636364,sum_node_scores,,
1245,1244,prospective_v4,REGISTERED_UNEVALUATED,243cd17e6b97a2d96709ddfc689a068038669341a52dcc0743c141d309e43b9f,746efc843d53dff4e61394e26d458ea3f50c93e4,6a018e3036187a26ac9bcffda9fd7379d65d86cde84514faa08f4ea349b0f4bb,rolling300,V4_M,rolling300:V4_M:13,13,3,10,17,23,27,45,0.8363636363636364,sum_node_scores,,
1245,1244,prospective_v4,REGISTERED_UNEVALUATED,243cd17e6b97a2d96709ddfc689a068038669341a52dcc0743c141d309e43b9f,746efc843d53dff4e61394e26d458ea3f50c93e4,6a018e3036187a26ac9bcffda9fd7379d65d86cde84514faa08f4ea349b0f4bb,rolling300,V4_M,rolling300:V4_M:14,14,3,10,17,25,27,28,0.8363636363636364,sum_node_scores,,
1245,1244,prospective_v4,REGISTERED_UNEVALUATED,243cd17e6b97a2d96709ddfc689a068038669341a52dcc0743c141d309e43b9f,746efc843d53dff4e61394e26d458ea3f50c93e4,6a018e3036187a26ac9bcffda9fd7379d65d86cde84514faa08f4ea349b0f4bb,rolling300,V4_M,rolling300:V4_M:15,15,3,10,17,25,27,30,0.8363636363636364,sum_node_scores,,
1245,1244,prospective_v4,REGISTERED_UNEVALUATED,243cd17e6b97a2d96709ddfc689a068038669341a52dcc0743c141d309e43b9f,746efc843d53dff4e61394e26d458ea3f50c93e4,6a018e3036187a26ac9bcffda9fd7379d65d86cde84514faa08f4ea349b0f4bb,rolling300,V4_M,rolling300:V4_M:16,16,3,10,17,25,27,32,0.8363636363636364,sum_node_scores,,
1245,1244,prospective_v4,REGISTERED_UNEVALUATED,243cd17e6b97a2d96709ddfc689a068038669341a52dcc0743c141d309e43b9f,746efc843d53dff4e61394e26d458ea3f50c93e4,6a018e3036187a26ac9bcffda9fd7379d65d86cde84514faa08f4ea349b0f4bb,rolling300,V4_M,rolling300:V4_M:17,17,3,10,17,25,27,36,0.8363636363636364,sum_node_scores,,
1245,1244,prospective_v4,REGISTERED_UNEVALUATED,243cd17e6b97a2d96709ddfc689a068038669341a52dcc0743c141d309e43b9f,746efc843d53dff4e61394e26d458ea3f50c93e4,6a018e3036187a26ac9bcffda9fd7379d65d86cde84514faa08f4ea349b0f4bb,rolling300,V4_M,rolling300:V4_M:18,18,3,10,17,25,27,39,0.8363636363636364,sum_node_scores,,
1245,1244,prospective_v4,REGISTERED_UNEVALUATED,243cd17e6b97a2d96709ddfc689a068038669341a52dcc0743c141d309e43b9f,746efc843d53dff4e61394e26d458ea3f50c93e4,6a018e3036187a26ac9bcffda9fd7379d65d86cde84514faa08f4ea349b0f4bb,rolling300,V4_M,rolling300:V4_M:19,19,3,10,17,25,27,45,0.8363636363636364,sum_node_scores,,
1245,1244,prospective_v4,REGISTERED_UNEVALUATED,243cd17e6b97a2d96709ddfc689a068038669341a52dcc0743c141d309e43b9f,746efc843d53dff4e61394e26d458ea3f50c93e4,6a018e3036187a26ac9bcffda9fd7379d65d86cde84514faa08f4ea349b0f4bb,rolling300,V4_M,rolling300:V4_M:20,20,3,10,23,25,27,28,0.8363636363636364,sum_node_scores,,
1245,1244,prospective_v4,REGISTERED_UNEVALUATED,243cd17e6b97a2d96709ddfc689a068038669341a52dcc0743c141d309e43b9f,746efc843d53dff4e61394e26d458ea3f50c93e4,6a018e3036187a26ac9bcffda9fd7379d65d86cde84514faa08f4ea349b0f4bb,rolling300,V4_M,rolling300:V4_M:21,21,3,10,23,25,27,30,0.8363636363636364,sum_node_scores,,
1245,1244,prospective_v4,REGISTERED_UNEVALUATED,243cd17e6b97a2d96709ddfc689a068038669341a52dcc0743c141d309e43b9f,746efc843d53dff4e61394e26d458ea3f50c93e4,6a018e3036187a26ac9bcffda9fd7379d65d86cde84514faa08f4ea349b0f4bb,rolling300,V4_M,rolling300:V4_M:22,22,3,10,23,25,27,32,0.8363636363636364,sum_node_scores,,
1245,1244,prospective_v4,REGISTERED_UNEVALUATED,243cd17e6b97a2d96709ddfc689a068038669341a52dcc0743c141d309e43b9f,746efc843d53dff4e61394e26d458ea3f50c93e4,6a018e3036187a26ac9bcffda9fd7379d65d86cde84514faa08f4ea349b0f4bb,rolling300,V4_M,rolling300:V4_M:23,23,3,10,23,25,27,36,0.8363636363636364,sum_node_scores,,
1245,1244,prospective_v4,REGISTERED_UNEVALUATED,243cd17e6b97a2d96709ddfc689a068038669341a52dcc0743c141d309e43b9f,746efc843d53dff4e61394e26d458ea3f50c93e4,6a018e3036187a26ac9bcffda9fd7379d65d86cde84514faa08f4ea349b0f4bb,rolling300,V4_M,rolling300:V4_M:24,24,3,10,23,25,27,39,0.8363636363636364,sum_node_scores,,
1245,1244,prospective_v4,REGISTERED_UNEVALUATED,243cd17e6b97a2d96709ddfc689a068038669341a52dcc0743c141d309e43b9f,746efc843d53dff4e61394e26d458ea3f50c93e4,6a018e3036187a26ac9bcffda9fd7379d65d86cde84514faa08f4ea349b0f4bb,rolling300,V4_M,rolling300:V4_M:25,25,3,10,23,25,27,45,0.8363636363636364,sum_node_scores,,
1245,1244,prospective_v4,REGISTERED_UNEVALUATED,243cd17e6b97a2d96709ddfc689a068038669341a52dcc0743c141d309e43b9f,746efc843d53dff4e61394e26d458ea3f50c93e4,6a018e3036187a26ac9bcffda9fd7379d65d86cde84514faa08f4ea349b0f4bb,rolling300,V4_M,rolling300:V4_M:26,26,3,17,23,25,27,28,0.8363636363636364,sum_node_scores,,
1245,1244,prospective_v4,REGISTERED_UNEVALUATED,243cd17e6b97a2d96709ddfc689a068038669341a52dcc0743c141d309e43b9f,746efc843d53dff4e61394e26d458ea3f50c93e4,6a018e3036187a26ac9bcffda9fd7379d65d86cde84514faa08f4ea349b0f4bb,rolling300,V4_M,rolling300:V4_M:27,27,3,17,23,25,27,30,0.8363636363636364,sum_node_scores,,
1245,1244,prospective_v4,REGISTERED_UNEVALUATED,243cd17e6b97a2d96709ddfc689a068038669341a52dcc0743c141d309e43b9f,746efc843d53dff4e61394e26d458ea3f50c93e4,6a018e3036187a26ac9bcffda9fd7379d65d86cde84514faa08f4ea349b0f4bb,rolling300,V4_M,rolling300:V4_M:28,28,3,17,23,25,27,32,0.8363636363636364,sum_node_scores,,
1245,1244,prospective_v4,REGISTERED_UNEVALUATED,243cd17e6b97a2d96709ddfc689a068038669341a52dcc0743c141d309e43b9f,746efc843d53dff4e61394e26d458ea3f50c93e4,6a018e3036187a26ac9bcffda9fd7379d65d86cde84514faa08f4ea349b0f4bb,rolling300,V4_M,rolling300:V4_M:29,29,3,17,23,25,27,36,0.8363636363636364,sum_node_scores,,
1245,1244,prospective_v4,REGISTERED_UNEVALUATED,243cd17e6b97a2d96709ddfc689a068038669341a52dcc0743c141d309e43b9f,746efc843d53dff4e61394e26d458ea3f50c93e4,6a018e3036187a26ac9bcffda9fd7379d65d86cde84514faa08f4ea349b0f4bb,rolling300,V4_M,rolling300:V4_M:30,30,3,17,23,25,27,39,0.8363636363636364,sum_node_scores,,
1245,1244,prospective_v4,REGISTERED_UNEVALUATED,243cd17e6b97a2d96709ddfc689a068038669341a52dcc0743c141d309e43b9f,746efc843d53dff4e61394e26d458ea3f50c93e4,6a018e3036187a26ac9bcffda9fd7379d65d86cde84514faa08f4ea349b0f4bb,rolling300,V4_M,rolling300:V4_M:31,31,3,17,23,25,27,45,0.8363636363636364,sum_node_scores,,
1245,1244,prospective_v4,REGISTERED_UNEVALUATED,243cd17e6b97a2d96709ddfc689a068038669341a52dcc0743c141d309e43b9f,746efc843d53dff4e61394e26d458ea3f50c93e4,6a018e3036187a26ac9bcffda9fd7379d65d86cde84514faa08f4ea349b0f4bb,rolling300,V4_M,rolling300:V4_M:32,32,10,17,23,25,27,28,0.8363636363636364,sum_node_scores,,
1245,1244,prospective_v4,REGISTERED_UNEVALUATED,243cd17e6b97a2d96709ddfc689a068038669341a52dcc0743c141d309e43b9f,746efc843d53dff4e61394e26d458ea3f50c93e4,6a018e3036187a26ac9bcffda9fd7379d65d86cde84514faa08f4ea349b0f4bb,rolling300,V4_M,rolling300:V4_M:33,33,10,17,23,25,27,30,0.8363636363636364,sum_node_scores,,
1245,1244,prospective_v4,REGISTERED_UNEVALUATED,243cd17e6b97a2d96709ddfc689a068038669341a52dcc0743c141d309e43b9f,746efc843d53dff4e61394e26d458ea3f50c93e4,6a018e3036187a26ac9bcffda9fd7379d65d86cde84514faa08f4ea349b0f4bb,rolling300,V4_M,rolling300:V4_M:34,34,10,17,23,25,27,32,0.8363636363636364,sum_node_scores,,
1245,1244,prospective_v4,REGISTERED_UNEVALUATED,243cd17e6b97a2d96709ddfc689a068038669341a52dcc0743c141d309e43b9f,746efc843d53dff4e61394e26d458ea3f50c93e4,6a018e3036187a26ac9bcffda9fd7379d65d86cde84514faa08f4ea349b0f4bb,rolling300,V4_M,rolling300:V4_M:35,35,10,17,23,25,27,36,0.8363636363636364,sum_node_scores,,
1245,1244,prospective_v4,REGISTERED_UNEVALUATED,243cd17e6b97a2d96709ddfc689a068038669341a52dcc0743c141d309e43b9f,746efc843d53dff4e61394e26d458ea3f50c93e4,6a018e3036187a26ac9bcffda9fd7379d65d86cde84514faa08f4ea349b0f4bb,rolling300,V4_M,rolling300:V4_M:36,36,10,17,23,25,27,39,0.8363636363636364,sum_node_scores,,
1245,1244,prospective_v4,REGISTERED_UNEVALUATED,243cd17e6b97a2d96709ddfc689a068038669341a52dcc0743c141d309e43b9f,746efc843d53dff4e61394e26d458ea3f50c93e4,6a018e3036187a26ac9bcffda9fd7379d65d86cde84514faa08f4ea349b0f4bb,rolling300,V4_M,rolling300:V4_M:37,37,10,17,23,25,27,45,0.8363636363636364,sum_node_scores,,
1245,1244,prospective_v4,REGISTERED_UNEVALUATED,243cd17e6b97a2d96709ddfc689a068038669341a52dcc0743c141d309e43b9f,746efc843d53dff4e61394e26d458ea3f50c93e4,6a018e3036187a26ac9bcffda9fd7379d65d86cde84514faa08f4ea349b0f4bb,rolling300,V4_P,rolling300:V4_P:01,1,11,12,16,20,28,31,5.616745784378329,sum_node_scores,,
1245,1244,prospective_v4,REGISTERED_UNEVALUATED,243cd17e6b97a2d96709ddfc689a068038669341a52dcc0743c141d309e43b9f,746efc843d53dff4e61394e26d458ea3f50c93e4,6a018e3036187a26ac9bcffda9fd7379d65d86cde84514faa08f4ea349b0f4bb,rolling300,V4_P,rolling300:V4_P:02,2,11,12,16,20,31,37,5.580738588378919,sum_node_scores,,
1245,1244,prospective_v4,REGISTERED_UNEVALUATED,243cd17e6b97a2d96709ddfc689a068038669341a52dcc0743c141d309e43b9f,746efc843d53dff4e61394e26d458ea3f50c93e4,6a018e3036187a26ac9bcffda9fd7379d65d86cde84514faa08f4ea349b0f4bb,rolling300,V4_P,rolling300:V4_P:03,3,11,12,16,28,31,37,5.546234721218561,sum_node_scores,,
1245,1244,prospective_v4,REGISTERED_UNEVALUATED,243cd17e6b97a2d96709ddfc689a068038669341a52dcc0743c141d309e43b9f,746efc843d53dff4e61394e26d458ea3f50c93e4,6a018e3036187a26ac9bcffda9fd7379d65d86cde84514faa08f4ea349b0f4bb,rolling300,V4_P,rolling300:V4_P:04,4,12,16,20,28,31,37,5.513351836502186,sum_node_scores,,
1245,1244,prospective_v4,REGISTERED_UNEVALUATED,243cd17e6b97a2d96709ddfc689a068038669341a52dcc0743c141d309e43b9f,746efc843d53dff4e61394e26d458ea3f50c93e4,6a018e3036187a26ac9bcffda9fd7379d65d86cde84514faa08f4ea349b0f4bb,rolling300,V4_P,rolling300:V4_P:05,5,11,12,16,20,29,31,5.3953172693969425,sum_node_scores,,
1245,1244,prospective_v4,REGISTERED_UNEVALUATED,243cd17e6b97a2d96709ddfc689a068038669341a52dcc0743c141d309e43b9f,746efc843d53dff4e61394e26d458ea3f50c93e4,6a018e3036187a26ac9bcffda9fd7379d65d86cde84514faa08f4ea349b0f4bb,rolling300,V4_P,rolling300:V4_P:06,6,2,11,12,16,20,31,5.372904054903328,sum_node_scores,,
1245,1244,prospective_v4,REGISTERED_UNEVALUATED,243cd17e6b97a2d96709ddfc689a068038669341a52dcc0743c141d309e43b9f,746efc843d53dff4e61394e26d458ea3f50c93e4,6a018e3036187a26ac9bcffda9fd7379d65d86cde84514faa08f4ea349b0f4bb,rolling300,V4_P,rolling300:V4_P:07,7,11,12,16,28,29,31,5.360813402236585,sum_node_scores,,
1245,1244,prospective_v4,REGISTERED_UNEVALUATED,243cd17e6b97a2d96709ddfc689a068038669341a52dcc0743c141d309e43b9f,746efc843d53dff4e61394e26d458ea3f50c93e4,6a018e3036187a26ac9bcffda9fd7379d65d86cde84514faa08f4ea349b0f4bb,rolling300,V4_P,rolling300:V4_P:08,8,2,11,12,16,28,31,5.33840018774297,sum_node_scores,,
1245,1244,prospective_v4,REGISTERED_UNEVALUATED,243cd17e6b97a2d96709ddfc689a068038669341a52dcc0743c141d309e43b9f,746efc843d53dff4e61394e26d458ea3f50c93e4,6a018e3036187a26ac9bcffda9fd7379d65d86cde84514faa08f4ea349b0f4bb,rolling300,V4_P,rolling300:V4_P:09,9,12,16,20,28,29,31,5.327930517520209,sum_node_scores,,
1245,1244,prospective_v4,REGISTERED_UNEVALUATED,243cd17e6b97a2d96709ddfc689a068038669341a52dcc0743c141d309e43b9f,746efc843d53dff4e61394e26d458ea3f50c93e4,6a018e3036187a26ac9bcffda9fd7379d65d86cde84514faa08f4ea349b0f4bb,rolling300,V4_P,rolling300:V4_P:10,10,11,12,13,16,20,31,5.315702151401517,sum_node_scores,,
1245,1244,prospective_v4,REGISTERED_UNEVALUATED,243cd17e6b97a2d96709ddfc689a068038669341a52dcc0743c141d309e43b9f,746efc843d53dff4e61394e26d458ea3f50c93e4,6a018e3036187a26ac9bcffda9fd7379d65d86cde84514faa08f4ea349b0f4bb,rolling300,V4_P,rolling300:V4_P:11,11,2,12,16,20,28,31,5.305517303026594,sum_node_scores,,
1245,1244,prospective_v4,REGISTERED_UNEVALUATED,243cd17e6b97a2d96709ddfc689a068038669341a52dcc0743c141d309e43b9f,746efc843d53dff4e61394e26d458ea3f50c93e4,6a018e3036187a26ac9bcffda9fd7379d65d86cde84514faa08f4ea349b0f4bb,rolling300,V4_P,rolling300:V4_P:12,12,11,12,16,20,30,31,5.304074727788123,sum_node_scores,,
1245,1244,prospective_v4,REGISTERED_UNEVALUATED,243cd17e6b97a2d96709ddfc689a068038669341a52dcc0743c141d309e43b9f,746efc843d53dff4e61394e26d458ea3f50c93e4,6a018e3036187a26ac9bcffda9fd7379d65d86cde84514faa08f4ea349b0f4bb,rolling300,V4_P,rolling300:V4_P:13,13,11,12,15,16,20,31,5.302036652824525,sum_node_scores,,
1245,1244,prospective_v4,REGISTERED_UNEVALUATED,243cd17e6b97a2d96709ddfc689a068038669341a52dcc0743c141d309e43b9f,746efc843d53dff4e61394e26d458ea3f50c93e4,6a018e3036187a26ac9bcffda9fd7379d65d86cde84514faa08f4ea349b0f4bb,rolling300,V4_P,rolling300:V4_P:14,14,11,12,13,16,28,31,5.281198284241159,sum_node_scores,,
1245,1244,prospective_v4,REGISTERED_UNEVALUATED,243cd17e6b97a2d96709ddfc689a068038669341a52dcc0743c141d309e43b9f,746efc843d53dff4e61394e26d458ea3f50c93e4,6a018e3036187a26ac9bcffda9fd7379d65d86cde84514faa08f4ea349b0f4bb,rolling300,V4_P,rolling300:V4_P:15,15,11,12,16,28,30,31,5.2695708606277645,sum_node_scores,,
1245,1244,prospective_v4,REGISTERED_UNEVALUATED,243cd17e6b97a2d96709ddfc689a068038669341a52dcc0743c141d309e43b9f,746efc843d53dff4e61394e26d458ea3f50c93e4,6a018e3036187a26ac9bcffda9fd7379d65d86cde84514faa08f4ea349b0f4bb,rolling300,V4_P,rolling300:V4_P:16,16,11,12,15,16,28,31,5.267532785664168,sum_node_scores,,
1245,1244,prospective_v4,REGISTERED_UNEVALUATED,243cd17e6b97a2d96709ddfc689a068038669341a52dcc0743c141d309e43b9f,746efc843d53dff4e61394e26d458ea3f50c93e4,6a018e3036187a26ac9bcffda9fd7379d65d86cde84514faa08f4ea349b0f4bb,rolling300,V4_P,rolling300:V4_P:17,17,12,13,16,20,28,31,5.248315399524784,sum_node_scores,,
1245,1244,prospective_v4,REGISTERED_UNEVALUATED,243cd17e6b97a2d96709ddfc689a068038669341a52dcc0743c141d309e43b9f,746efc843d53dff4e61394e26d458ea3f50c93e4,6a018e3036187a26ac9bcffda9fd7379d65d86cde84514faa08f4ea349b0f4bb,rolling300,V4_P,rolling300:V4_P:18,18,12,16,20,28,30,31,5.236687975911389,sum_node_scores,,
1245,1244,prospective_v4,REGISTERED_UNEVALUATED,243cd17e6b97a2d96709ddfc689a068038669341a52dcc0743c141d309e43b9f,746efc843d53dff4e61394e26d458ea3f50c93e4,6a018e3036187a26ac9bcffda9fd7379d65d86cde84514faa08f4ea349b0f4bb,rolling300,V4_P,rolling300:V4_P:19,19,12,15,16,20,28,31,5.234649900947792,sum_node_scores,,
1245,1244,prospective_v4,REGISTERED_UNEVALUATED,243cd17e6b97a2d96709ddfc689a068038669341a52dcc0743c141d309e43b9f,746efc843d53dff4e61394e26d458ea3f50c93e4,6a018e3036187a26ac9bcffda9fd7379d65d86cde84514faa08f4ea349b0f4bb,rolling300,V4_P,rolling300:V4_P:20,20,11,12,16,20,28,37,5.17874475067362,sum_node_scores,,
1245,1244,prospective_v4,REGISTERED_UNEVALUATED,243cd17e6b97a2d96709ddfc689a068038669341a52dcc0743c141d309e43b9f,746efc843d53dff4e61394e26d458ea3f50c93e4,6a018e3036187a26ac9bcffda9fd7379d65d86cde84514faa08f4ea349b0f4bb,rolling300,V4_P,rolling300:V4_P:21,21,11,16,20,28,31,37,5.172256604449056,sum_node_scores,,
1245,1244,prospective_v4,REGISTERED_UNEVALUATED,243cd17e6b97a2d96709ddfc689a068038669341a52dcc0743c141d309e43b9f,746efc843d53dff4e61394e26d458ea3f50c93e4,6a018e3036187a26ac9bcffda9fd7379d65d86cde84514faa08f4ea349b0f4bb,rolling300,V4_P,rolling300:V4_P:22,22,11,12,16,20,28,29,4.9933234316916435,sum_node_scores,,
1245,1244,prospective_v4,REGISTERED_UNEVALUATED,243cd17e6b97a2d96709ddfc689a068038669341a52dcc0743c141d309e43b9f,746efc843d53dff4e61394e26d458ea3f50c93e4,6a018e3036187a26ac9bcffda9fd7379d65d86cde84514faa08f4ea349b0f4bb,rolling300,V4_P,rolling300:V4_P:23,23,11,16,20,28,29,31,4.986835285467079,sum_node_scores,,
1245,1244,prospective_v4,REGISTERED_UNEVALUATED,243cd17e6b97a2d96709ddfc689a068038669341a52dcc0743c141d309e43b9f,746efc843d53dff4e61394e26d458ea3f50c93e4,6a018e3036187a26ac9bcffda9fd7379d65d86cde84514faa08f4ea349b0f4bb,rolling300,V4_P,rolling300:V4_P:24,24,2,11,12,16,20,28,4.970910217198028,sum_node_scores,,
1245,1244,prospective_v4,REGISTERED_UNEVALUATED,243cd17e6b97a2d96709ddfc689a068038669341a52dcc0743c141d309e43b9f,746efc843d53dff4e61394e26d458ea3f50c93e4,6a018e3036187a26ac9bcffda9fd7379d65d86cde84514faa08f4ea349b0f4bb,rolling300,V4_P,rolling300:V4_P:25,25,2,11,16,20,28,31,4.964422070973464,sum_node_scores,,
1245,1244,prospective_v4,REGISTERED_UNEVALUATED,243cd17e6b97a2d96709ddfc689a068038669341a52dcc0743c141d309e43b9f,746efc843d53dff4e61394e26d458ea3f50c93e4,6a018e3036187a26ac9bcffda9fd7379d65d86cde84514faa08f4ea349b0f4bb,rolling300,V4_P,rolling300:V4_P:26,26,11,12,20,28,31,37,4.946427137641943,sum_node_scores,,
1245,1244,prospective_v4,REGISTERED_UNEVALUATED,243cd17e6b97a2d96709ddfc689a068038669341a52dcc0743c141d309e43b9f,746efc843d53dff4e61394e26d458ea3f50c93e4,6a018e3036187a26ac9bcffda9fd7379d65d86cde84514faa08f4ea349b0f4bb,rolling300,V4_P,rolling300:V4_P:27,27,11,12,13,16,20,28,4.913708313696218,sum_node_scores,,
1245,1244,prospective_v4,REGISTERED_UNEVALUATED,243cd17e6b97a2d96709ddfc689a068038669341a52dcc0743c141d309e43b9f,746efc843d53dff4e61394e26d458ea3f50c93e4,6a018e3036187a26ac9bcffda9fd7379d65d86cde84514faa08f4ea349b0f4bb,rolling300,V4_P,rolling300:V4_P:28,28,11,13,16,20,28,31,4.907220167471654,sum_node_scores,,
1245,1244,prospective_v4,REGISTERED_UNEVALUATED,243cd17e6b97a2d96709ddfc689a068038669341a52dcc0743c141d309e43b9f,746efc843d53dff4e61394e26d458ea3f50c93e4,6a018e3036187a26ac9bcffda9fd7379d65d86cde84514faa08f4ea349b0f4bb,rolling300,V4_P,rolling300:V4_P:29,29,11,12,16,20,28,30,4.902080890082823,sum_node_scores,,
1245,1244,prospective_v4,REGISTERED_UNEVALUATED,243cd17e6b97a2d96709ddfc689a068038669341a52dcc0743c141d309e43b9f,746efc843d53dff4e61394e26d458ea3f50c93e4,6a018e3036187a26ac9bcffda9fd7379d65d86cde84514faa08f4ea349b0f4bb,rolling300,V4_P,rolling300:V4_P:30,30,11,12,15,16,20,28,4.900042815119226,sum_node_scores,,
1245,1244,prospective_v4,REGISTERED_UNEVALUATED,243cd17e6b97a2d96709ddfc689a068038669341a52dcc0743c141d309e43b9f,746efc843d53dff4e61394e26d458ea3f50c93e4,6a018e3036187a26ac9bcffda9fd7379d65d86cde84514faa08f4ea349b0f4bb,rolling300,V4_P,rolling300:V4_P:31,31,11,16,20,28,30,31,4.895592743858259,sum_node_scores,,
1245,1244,prospective_v4,REGISTERED_UNEVALUATED,243cd17e6b97a2d96709ddfc689a068038669341a52dcc0743c141d309e43b9f,746efc843d53dff4e61394e26d458ea3f50c93e4,6a018e3036187a26ac9bcffda9fd7379d65d86cde84514faa08f4ea349b0f4bb,rolling300,V4_P,rolling300:V4_P:32,32,11,15,16,20,28,31,4.893554668894662,sum_node_scores,,
1245,1244,prospective_v4,REGISTERED_UNEVALUATED,243cd17e6b97a2d96709ddfc689a068038669341a52dcc0743c141d309e43b9f,746efc843d53dff4e61394e26d458ea3f50c93e4,6a018e3036187a26ac9bcffda9fd7379d65d86cde84514faa08f4ea349b0f4bb,rolling300,V4_P,rolling300:V4_P:33,33,11,12,20,28,29,31,4.761005818659966,sum_node_scores,,
1245,1244,prospective_v4,REGISTERED_UNEVALUATED,243cd17e6b97a2d96709ddfc689a068038669341a52dcc0743c141d309e43b9f,746efc843d53dff4e61394e26d458ea3f50c93e4,6a018e3036187a26ac9bcffda9fd7379d65d86cde84514faa08f4ea349b0f4bb,rolling300,V4_P,rolling300:V4_P:34,34,2,11,12,20,28,31,4.738592604166351,sum_node_scores,,
1245,1244,prospective_v4,REGISTERED_UNEVALUATED,243cd17e6b97a2d96709ddfc689a068038669341a52dcc0743c141d309e43b9f,746efc843d53dff4e61394e26d458ea3f50c93e4,6a018e3036187a26ac9bcffda9fd7379d65d86cde84514faa08f4ea349b0f4bb,rolling300,V4_P,rolling300:V4_P:35,35,11,12,13,20,28,31,4.681390700664541,sum_node_scores,,
1245,1244,prospective_v4,REGISTERED_UNEVALUATED,243cd17e6b97a2d96709ddfc689a068038669341a52dcc0743c141d309e43b9f,746efc843d53dff4e61394e26d458ea3f50c93e4,6a018e3036187a26ac9bcffda9fd7379d65d86cde84514faa08f4ea349b0f4bb,rolling300,V4_P,rolling300:V4_P:36,36,11,12,20,28,30,31,4.669763277051146,sum_node_scores,,
1245,1244,prospective_v4,REGISTERED_UNEVALUATED,243cd17e6b97a2d96709ddfc689a068038669341a52dcc0743c141d309e43b9f,746efc843d53dff4e61394e26d458ea3f50c93e4,6a018e3036187a26ac9bcffda9fd7379d65d86cde84514faa08f4ea349b0f4bb,rolling300,V4_P,rolling300:V4_P:37,37,11,12,15,20,28,31,4.667725202087549,sum_node_scores,,
1245,1244,prospective_v4,REGISTERED_UNEVALUATED,243cd17e6b97a2d96709ddfc689a068038669341a52dcc0743c141d309e43b9f,746efc843d53dff4e61394e26d458ea3f50c93e4,6a018e3036187a26ac9bcffda9fd7379d65d86cde84514faa08f4ea349b0f4bb,rolling300,V4_T,rolling300:V4_T:01,1,11,12,16,20,28,31,73.09340963858116,sum_node_scores,,
1245,1244,prospective_v4,REGISTERED_UNEVALUATED,243cd17e6b97a2d96709ddfc689a068038669341a52dcc0743c141d309e43b9f,746efc843d53dff4e61394e26d458ea3f50c93e4,6a018e3036187a26ac9bcffda9fd7379d65d86cde84514faa08f4ea349b0f4bb,rolling300,V4_T,rolling300:V4_T:02,2,11,12,16,20,31,37,72.42348145540373,sum_node_scores,,
1245,1244,prospective_v4,REGISTERED_UNEVALUATED,243cd17e6b97a2d96709ddfc689a068038669341a52dcc0743c141d309e43b9f,746efc843d53dff4e61394e26d458ea3f50c93e4,6a018e3036187a26ac9bcffda9fd7379d65d86cde84514faa08f4ea349b0f4bb,rolling300,V4_T,rolling300:V4_T:03,3,11,12,16,28,31,37,72.37819193107343,sum_node_scores,,
1245,1244,prospective_v4,REGISTERED_UNEVALUATED,243cd17e6b97a2d96709ddfc689a068038669341a52dcc0743c141d309e43b9f,746efc843d53dff4e61394e26d458ea3f50c93e4,6a018e3036187a26ac9bcffda9fd7379d65d86cde84514faa08f4ea349b0f4bb,rolling300,V4_T,rolling300:V4_T:04,4,12,16,20,28,31,37,71.3751560380201,sum_node_scores,,
1245,1244,prospective_v4,REGISTERED_UNEVALUATED,243cd17e6b97a2d96709ddfc689a068038669341a52dcc0743c141d309e43b9f,746efc843d53dff4e61394e26d458ea3f50c93e4,6a018e3036187a26ac9bcffda9fd7379d65d86cde84514faa08f4ea349b0f4bb,rolling300,V4_T,rolling300:V4_T:05,5,11,12,16,20,29,31,70.098173017243,sum_node_scores,,
1245,1244,prospective_v4,REGISTERED_UNEVALUATED,243cd17e6b97a2d96709ddfc689a068038669341a52dcc0743c141d309e43b9f,746efc843d53dff4e61394e26d458ea3f50c93e4,6a018e3036187a26ac9bcffda9fd7379d65d86cde84514faa08f4ea349b0f4bb,rolling300,V4_T,rolling300:V4_T:06,6,11,12,16,28,29,31,70.0528834929127,sum_node_scores,,
1245,1244,prospective_v4,REGISTERED_UNEVALUATED,243cd17e6b97a2d96709ddfc689a068038669341a52dcc0743c141d309e43b9f,746efc843d53dff4e61394e26d458ea3f50c93e4,6a018e3036187a26ac9bcffda9fd7379d65d86cde84514faa08f4ea349b0f4bb,rolling300,V4_T,rolling300:V4_T:07,7,2,11,12,16,20,31,69.71058773471226,sum_node_scores,,
1245,1244,prospective_v4,REGISTERED_UNEVALUATED,243cd17e6b97a2d96709ddfc689a068038669341a52dcc0743c141d309e43b9f,746efc843d53dff4e61394e26d458ea3f50c93e4,6a018e3036187a26ac9bcffda9fd7379d65d86cde84514faa08f4ea349b0f4bb,rolling300,V4_T,rolling300:V4_T:08,8,2,11,12,16,28,31,69.66529821038196,sum_node_scores,,
1245,1244,prospective_v4,REGISTERED_UNEVALUATED,243cd17e6b97a2d96709ddfc689a068038669341a52dcc0743c141d309e43b9f,746efc843d53dff4e61394e26d458ea3f50c93e4,6a018e3036187a26ac9bcffda9fd7379d65d86cde84514faa08f4ea349b0f4bb,rolling300,V4_T,rolling300:V4_T:09,9,11,12,16,20,31,34,69.16211770439381,sum_node_scores,,
1245,1244,prospective_v4,REGISTERED_UNEVALUATED,243cd17e6b97a2d96709ddfc689a068038669341a52dcc0743c141d309e43b9f,746efc843d53dff4e61394e26d458ea3f50c93e4,6a018e3036187a26ac9bcffda9fd7379d65d86cde84514faa08f4ea349b0f4bb,rolling300,V4_T,rolling300:V4_T:10,10,11,12,16,28,31,34,69.11682818006351,sum_node_scores,,
1245,1244,prospective_v4,REGISTERED_UNEVALUATED,243cd17e6b97a2d96709ddfc689a068038669341a52dcc0743c141d309e43b9f,746efc843d53dff4e61394e26d458ea3f50c93e4,6a018e3036187a26ac9bcffda9fd7379d65d86cde84514faa08f4ea349b0f4bb,rolling300,V4_T,rolling300:V4_T:11,11,12,16,20,28,29,31,69.04984759985936,sum_node_scores,,
1245,1244,prospective_v4,REGISTERED_UNEVALUATED,243cd17e6b97a2d96709ddfc689a068038669341a52dcc0743c141d309e43b9f,746efc843d53dff4e61394e26d458ea3f50c93e4,6a018e3036187a26ac9bcffda9fd7379d65d86cde84514faa08f4ea349b0f4bb,rolling300,V4_T,rolling300:V4_T:12,12,11,12,16,20,30,31,68.99853068747304,sum_node_scores,,
1245,1244,prospective_v4,REGISTERED_UNEVALUATED,243cd17e6b97a2d96709ddfc689a068038669341a52dcc0743c141d309e43b9f,746efc843d53dff4e61394e26d458ea3f50c93e4,6a018e3036187a26ac9bcffda9fd7379d65d86cde84514faa08f4ea349b0f4bb,rolling300,V4_T,rolling300:V4_T:13,13,11,12,16,28,30,31,68.95324116314274,sum_node_scores,,
1245,1244,prospective_v4,REGISTERED_UNEVALUATED,243cd17e6b97a2d96709ddfc689a068038669341a52dcc0743c141d309e43b9f,746efc843d53dff4e61394e26d458ea3f50c93e4,6a018e3036187a26ac9bcffda9fd7379d65d86cde84514faa08f4ea349b0f4bb,rolling300,V4_T,rolling300:V4_T:14,14,11,12,13,16,20,31,68.89389865013236,sum_node_scores,,
1245,1244,prospective_v4,REGISTERED_UNEVALUATED,243cd17e6b97a2d96709ddfc689a068038669341a52dcc0743c141d309e43b9f,746efc843d53dff4e61394e26d458ea3f50c93e4,6a018e3036187a26ac9bcffda9fd7379d65d86cde84514faa08f4ea349b0f4bb,rolling300,V4_T,rolling300:V4_T:15,15,11,12,13,16,28,31,68.84860912580206,sum_node_scores,,
1245,1244,prospective_v4,REGISTERED_UNEVALUATED,243cd17e6b97a2d96709ddfc689a068038669341a52dcc0743c141d309e43b9f,746efc843d53dff4e61394e26d458ea3f50c93e4,6a018e3036187a26ac9bcffda9fd7379d65d86cde84514faa08f4ea349b0f4bb,rolling300,V4_T,rolling300:V4_T:16,16,2,12,16,20,28,31,68.66226231732863,sum_node_scores,,
1245,1244,prospective_v4,REGISTERED_UNEVALUATED,243cd17e6b97a2d96709ddfc689a068038669341a52dcc0743c141d309e43b9f,746efc843d53dff4e61394e26d458ea3f50c93e4,6a018e3036187a26ac9bcffda9fd7379d65d86cde84514faa08f4ea349b0f4bb,rolling300,V4_T,rolling300:V4_T:17,17,12,16,20,28,31,34,68.11379228701017,sum_node_scores,,
1245,1244,prospective_v4,REGISTERED_UNEVALUATED,243cd17e6b97a2d96709ddfc689a068038669341a52dcc0743c141d309e43b9f,746efc843d53dff4e61394e26d458ea3f50c93e4,6a018e3036187a26ac9bcffda9fd7379d65d86cde84514faa08f4ea349b0f4bb,rolling300,V4_T,rolling300:V4_T:18,18,12,16,20,28,30,31,67.9502052700894,sum_node_scores,,
1245,1244,prospective_v4,REGISTERED_UNEVALUATED,243cd17e6b97a2d96709ddfc689a068038669341a52dcc0743c141d309e43b9f,746efc843d53dff4e61394e26d458ea3f50c93e4,6a018e3036187a26ac9bcffda9fd7379d65d86cde84514faa08f4ea349b0f4bb,rolling300,V4_T,rolling300:V4_T:19,19,12,13,16,20,28,31,67.84557323274872,sum_node_scores,,
1245,1244,prospective_v4,REGISTERED_UNEVALUATED,243cd17e6b97a2d96709ddfc689a068038669341a52dcc0743c141d309e43b9f,746efc843d53dff4e61394e26d458ea3f50c93e4,6a018e3036187a26ac9bcffda9fd7379d65d86cde84514faa08f4ea349b0f4bb,rolling300,V4_T,rolling300:V4_T:20,20,11,12,16,20,28,37,67.40630304967215,sum_node_scores,,
1245,1244,prospective_v4,REGISTERED_UNEVALUATED,243cd17e6b97a2d96709ddfc689a068038669341a52dcc0743c141d309e43b9f,746efc843d53dff4e61394e26d458ea3f50c93e4,6a018e3036187a26ac9bcffda9fd7379d65d86cde84514faa08f4ea349b0f4bb,rolling300,V4_T,rolling300:V4_T:21,21,11,16,20,28,31,37,67.37622931393918,sum_node_scores,,
1245,1244,prospective_v4,REGISTERED_UNEVALUATED,243cd17e6b97a2d96709ddfc689a068038669341a52dcc0743c141d309e43b9f,746efc843d53dff4e61394e26d458ea3f50c93e4,6a018e3036187a26ac9bcffda9fd7379d65d86cde84514faa08f4ea349b0f4bb,rolling300,V4_T,rolling300:V4_T:22,22,11,12,16,20,28,29,65.08099461151141,sum_node_scores,,
1245,1244,prospective_v4,REGISTERED_UNEVALUATED,243cd17e6b97a2d96709ddfc689a068038669341a52dcc0743c141d309e43b9f,746efc843d53dff4e61394e26d458ea3f50c93e4,6a018e3036187a26ac9bcffda9fd7379d65d86cde84514faa08f4ea349b0f4bb,rolling300,V4_T,rolling300:V4_T:23,23,11,16,20,28,29,31,65.05092087577846,sum_node_scores,,
1245,1244,prospective_v4,REGISTERED_UNEVALUATED,243cd17e6b97a2d96709ddfc689a068038669341a52dcc0743c141d309e43b9f,746efc843d53dff4e61394e26d458ea3f50c93e4,6a018e3036187a26ac9bcffda9fd7379d65d86cde84514faa08f4ea349b0f4bb,rolling300,V4_T,rolling300:V4_T:24,24,2,11,12,16,20,28,64.69340932898068,sum_node_scores,,
1245,1244,prospective_v4,REGISTERED_UNEVALUATED,243cd17e6b97a2d96709ddfc689a068038669341a52dcc0743c141d309e43b9f,746efc843d53dff4e61394e26d458ea3f50c93e4,6a018e3036187a26ac9bcffda9fd7379d65d86cde84514faa08f4ea349b0f4bb,rolling300,V4_T,rolling300:V4_T:25,25,2,11,16,20,28,31,64.66333559324772,sum_node_scores,,
1245,1244,prospective_v4,REGISTERED_UNEVALUATED,243cd17e6b97a2d96709ddfc689a068038669341a52dcc0743c141d309e43b9f,746efc843d53dff4e61394e26d458ea3f50c93e4,6a018e3036187a26ac9bcffda9fd7379d65d86cde84514faa08f4ea349b0f4bb,rolling300,V4_T,rolling300:V4_T:26,26,11,12,20,28,31,37,64.19905388695815,sum_node_scores,,
1245,1244,prospective_v4,REGISTERED_UNEVALUATED,243cd17e6b97a2d96709ddfc689a068038669341a52dcc0743c141d309e43b9f,746efc843d53dff4e61394e26d458ea3f50c93e4,6a018e3036187a26ac9bcffda9fd7379d65d86cde84514faa08f4ea349b0f4bb,rolling300,V4_T,rolling300:V4_T:27,27,11,12,16,20,28,34,64.14493929866222,sum_node_scores,,
1245,1244,prospective_v4,REGISTERED_UNEVALUATED,243cd17e6b97a2d96709ddfc689a068038669341a52dcc0743c141d309e43b9f,746efc843d53dff4e61394e26d458ea3f50c93e4,6a018e3036187a26ac9bcffda9fd7379d65d86cde84514faa08f4ea349b0f4bb,rolling300,V4_T,rolling300:V4_T:28,28,11,16,20,28,31,34,64.11486556292927,sum_node_scores,,
1245,1244,prospective_v4,REGISTERED_UNEVALUATED,243cd17e6b97a2d96709ddfc689a068038669341a52dcc0743c141d309e43b9f,746efc843d53dff4e61394e26d458ea3f50c93e4,6a018e3036187a26ac9bcffda9fd7379d65d86cde84514faa08f4ea349b0f4bb,rolling300,V4_T,rolling300:V4_T:29,29,11,12,16,20,28,30,63.98135228174146,sum_node_scores,,
1245,1244,prospective_v4,REGISTERED_UNEVALUATED,243cd17e6b97a2d96709ddfc689a068038669341a52dcc0743c141d309e43b9f,746efc843d53dff4e61394e26d458ea3f50c93e4,6a018e3036187a26ac9bcffda9fd7379d65d86cde84514faa08f4ea349b0f4bb,rolling300,V4_T,rolling300:V4_T:30,30,11,16,20,28,30,31,63.951278546008496,sum_node_scores,,
1245,1244,prospective_v4,REGISTERED_UNEVALUATED,243cd17e6b97a2d96709ddfc689a068038669341a52dcc0743c141d309e43b9f,746efc843d53dff4e61394e26d458ea3f50c93e4,6a018e3036187a26ac9bcffda9fd7379d65d86cde84514faa08f4ea349b0f4bb,rolling300,V4_T,rolling300:V4_T:31,31,11,12,13,16,20,28,63.87672024440077,sum_node_scores,,
1245,1244,prospective_v4,REGISTERED_UNEVALUATED,243cd17e6b97a2d96709ddfc689a068038669341a52dcc0743c141d309e43b9f,746efc843d53dff4e61394e26d458ea3f50c93e4,6a018e3036187a26ac9bcffda9fd7379d65d86cde84514faa08f4ea349b0f4bb,rolling300,V4_T,rolling300:V4_T:32,32,11,13,16,20,28,31,63.84664650866781,sum_node_scores,,
1245,1244,prospective_v4,REGISTERED_UNEVALUATED,243cd17e6b97a2d96709ddfc689a068038669341a52dcc0743c141d309e43b9f,746efc843d53dff4e61394e26d458ea3f50c93e4,6a018e3036187a26ac9bcffda9fd7379d65d86cde84514faa08f4ea349b0f4bb,rolling300,V4_T,rolling300:V4_T:33,33,11,12,20,28,29,31,61.87374544879743,sum_node_scores,,
1245,1244,prospective_v4,REGISTERED_UNEVALUATED,243cd17e6b97a2d96709ddfc689a068038669341a52dcc0743c141d309e43b9f,746efc843d53dff4e61394e26d458ea3f50c93e4,6a018e3036187a26ac9bcffda9fd7379d65d86cde84514faa08f4ea349b0f4bb,rolling300,V4_T,rolling300:V4_T:34,34,2,11,12,20,28,31,61.48616016626669,sum_node_scores,,
1245,1244,prospective_v4,REGISTERED_UNEVALUATED,243cd17e6b97a2d96709ddfc689a068038669341a52dcc0743c141d309e43b9f,746efc843d53dff4e61394e26d458ea3f50c93e4,6a018e3036187a26ac9bcffda9fd7379d65d86cde84514faa08f4ea349b0f4bb,rolling300,V4_T,rolling300:V4_T:35,35,11,12,20,28,31,34,60.937690135948245,sum_node_scores,,
1245,1244,prospective_v4,REGISTERED_UNEVALUATED,243cd17e6b97a2d96709ddfc689a068038669341a52dcc0743c141d309e43b9f,746efc843d53dff4e61394e26d458ea3f50c93e4,6a018e3036187a26ac9bcffda9fd7379d65d86cde84514faa08f4ea349b0f4bb,rolling300,V4_T,rolling300:V4_T:36,36,11,12,20,28,30,31,60.77410311902747,sum_node_scores,,
1245,1244,prospective_v4,REGISTERED_UNEVALUATED,243cd17e6b97a2d96709ddfc689a068038669341a52dcc0743c141d309e43b9f,746efc843d53dff4e61394e26d458ea3f50c93e4,6a018e3036187a26ac9bcffda9fd7379d65d86cde84514faa08f4ea349b0f4bb,rolling300,V4_T,rolling300:V4_T:37,37,11,12,13,20,28,31,60.66947108168678,sum_node_scores,,
1245,1244,prospective_v4,REGISTERED_UNEVALUATED,243cd17e6b97a2d96709ddfc689a068038669341a52dcc0743c141d309e43b9f,746efc843d53dff4e61394e26d458ea3f50c93e4,6a018e3036187a26ac9bcffda9fd7379d65d86cde84514faa08f4ea349b0f4bb,rolling300,V4_S,rolling300:V4_S:01,1,1,6,12,33,35,41,-11.463680052656619,eight_feature_log_likelihood,1,
1245,1244,prospective_v4,REGISTERED_UNEVALUATED,243cd17e6b97a2d96709ddfc689a068038669341a52dcc0743c141d309e43b9f,746efc843d53dff4e61394e26d458ea3f50c93e4,6a018e3036187a26ac9bcffda9fd7379d65d86cde84514faa08f4ea349b0f4bb,rolling300,V4_S,rolling300:V4_S:02,2,1,9,12,32,35,43,-11.463680052656619,eight_feature_log_likelihood,2,
1245,1244,prospective_v4,REGISTERED_UNEVALUATED,243cd17e6b97a2d96709ddfc689a068038669341a52dcc0743c141d309e43b9f,746efc843d53dff4e61394e26d458ea3f50c93e4,6a018e3036187a26ac9bcffda9fd7379d65d86cde84514faa08f4ea349b0f4bb,rolling300,V4_S,rolling300:V4_S:03,3,1,9,14,28,37,39,-11.463680052656619,eight_feature_log_likelihood,3,3
1245,1244,prospective_v4,REGISTERED_UNEVALUATED,243cd17e6b97a2d96709ddfc689a068038669341a52dcc0743c141d309e43b9f,746efc843d53dff4e61394e26d458ea3f50c93e4,6a018e3036187a26ac9bcffda9fd7379d65d86cde84514faa08f4ea349b0f4bb,rolling300,V4_S,rolling300:V4_S:04,4,1,10,12,27,36,40,-11.463680052656619,eight_feature_log_likelihood,4,
1245,1244,prospective_v4,REGISTERED_UNEVALUATED,243cd17e6b97a2d96709ddfc689a068038669341a52dcc0743c141d309e43b9f,746efc843d53dff4e61394e26d458ea3f50c93e4,6a018e3036187a26ac9bcffda9fd7379d65d86cde84514faa08f4ea349b0f4bb,rolling300,V4_S,rolling300:V4_S:05,5,2,10,13,23,37,39,-11.463680052656619,eight_feature_log_likelihood,5,
1245,1244,prospective_v4,REGISTERED_UNEVALUATED,243cd17e6b97a2d96709ddfc689a068038669341a52dcc0743c141d309e43b9f,746efc843d53dff4e61394e26d458ea3f50c93e4,6a018e3036187a26ac9bcffda9fd7379d65d86cde84514faa08f4ea349b0f4bb,rolling300,V4_S,rolling300:V4_S:06,6,3,8,15,32,34,44,-11.463680052656619,eight_feature_log_likelihood,6,
1245,1244,prospective_v4,REGISTERED_UNEVALUATED,243cd17e6b97a2d96709ddfc689a068038669341a52dcc0743c141d309e43b9f,746efc843d53dff4e61394e26d458ea3f50c93e4,6a018e3036187a26ac9bcffda9fd7379d65d86cde84514faa08f4ea349b0f4bb,rolling300,V4_S,rolling300:V4_S:07,7,3,9,11,33,38,44,-11.463680052656619,eight_feature_log_likelihood,7,
1245,1244,prospective_v4,REGISTERED_UNEVALUATED,243cd17e6b97a2d96709ddfc689a068038669341a52dcc0743c141d309e43b9f,746efc843d53dff4e61394e26d458ea3f50c93e4,6a018e3036187a26ac9bcffda9fd7379d65d86cde84514faa08f4ea349b0f4bb,rolling300,V4_S,rolling300:V4_S:08,8,3,9,22,25,34,39,-11.463680052656619,eight_feature_log_likelihood,8,
1245,1244,prospective_v4,REGISTERED_UNEVALUATED,243cd17e6b97a2d96709ddfc689a068038669341a52dcc0743c141d309e43b9f,746efc843d53dff4e61394e26d458ea3f50c93e4,6a018e3036187a26ac9bcffda9fd7379d65d86cde84514faa08f4ea349b0f4bb,rolling300,V4_S,rolling300:V4_S:09,9,4,10,14,27,35,38,-11.463680052656619,eight_feature_log_likelihood,9,
1245,1244,prospective_v4,REGISTERED_UNEVALUATED,243cd17e6b97a2d96709ddfc689a068038669341a52dcc0743c141d309e43b9f,746efc843d53dff4e61394e26d458ea3f50c93e4,6a018e3036187a26ac9bcffda9fd7379d65d86cde84514faa08f4ea349b0f4bb,rolling300,V4_S,rolling300:V4_S:10,10,2,8,13,31,40,43,-11.514973347044169,eight_feature_log_likelihood,10,
1245,1244,prospective_v4,REGISTERED_UNEVALUATED,243cd17e6b97a2d96709ddfc689a068038669341a52dcc0743c141d309e43b9f,746efc843d53dff4e61394e26d458ea3f50c93e4,6a018e3036187a26ac9bcffda9fd7379d65d86cde84514faa08f4ea349b0f4bb,rolling300,V4_S,rolling300:V4_S:11,11,2,9,13,28,36,39,-11.514973347044169,eight_feature_log_likelihood,11,
1245,1244,prospective_v4,REGISTERED_UNEVALUATED,243cd17e6b97a2d96709ddfc689a068038669341a52dcc0743c141d309e43b9f,746efc843d53dff4e61394e26d458ea3f50c93e4,6a018e3036187a26ac9bcffda9fd7379d65d86cde84514faa08f4ea349b0f4bb,rolling300,V4_S,rolling300:V4_S:12,12,3,9,14,27,34,36,-11.514973347044169,eight_feature_log_likelihood,12,
1245,1244,prospective_v4,REGISTERED_UNEVALUATED,243cd17e6b97a2d96709ddfc689a068038669341a52dcc0743c141d309e43b9f,746efc843d53dff4e61394e26d458ea3f50c93e4,6a018e3036187a26ac9bcffda9fd7379d65d86cde84514faa08f4ea349b0f4bb,rolling300,V4_S,rolling300:V4_S:13,13,4,7,18,25,35,40,-11.514973347044169,eight_feature_log_likelihood,13,
1245,1244,prospective_v4,REGISTERED_UNEVALUATED,243cd17e6b97a2d96709ddfc689a068038669341a52dcc0743c141d309e43b9f,746efc843d53dff4e61394e26d458ea3f50c93e4,6a018e3036187a26ac9bcffda9fd7379d65d86cde84514faa08f4ea349b0f4bb,rolling300,V4_S,rolling300:V4_S:14,14,1,3,20,31,32,45,-11.629472307499363,eight_feature_log_likelihood,14,
1245,1244,prospective_v4,REGISTERED_UNEVALUATED,243cd17e6b97a2d96709ddfc689a068038669341a52dcc0743c141d309e43b9f,746efc843d53dff4e61394e26d458ea3f50c93e4,6a018e3036187a26ac9bcffda9fd7379d65d86cde84514faa08f4ea349b0f4bb,rolling300,V4_S,rolling300:V4_S:15,15,1,5,21,28,39,40,-11.629472307499363,eight_feature_log_likelihood,15,
1245,1244,prospective_v4,REGISTERED_UNEVALUATED,243cd17e6b97a2d96709ddfc689a068038669341a52dcc0743c141d309e43b9f,746efc843d53dff4e61394e26d458ea3f50c93e4,6a018e3036187a26ac9bcffda9fd7379d65d86cde84514faa08f4ea349b0f4bb,rolling300,V4_S,rolling300:V4_S:16,16,1,6,19,36,37,43,-11.629472307499363,eight_feature_log_likelihood,16,
1245,1244,prospective_v4,REGISTERED_UNEVALUATED,243cd17e6b97a2d96709ddfc689a068038669341a52dcc0743c141d309e43b9f,746efc843d53dff4e61394e26d458ea3f50c93e4,6a018e3036187a26ac9bcffda9fd7379d65d86cde84514faa08f4ea349b0f4bb,rolling300,V4_S,rolling300:V4_S:17,17,5,7,18,31,40,41,-11.629472307499363,eight_feature_log_likelihood,17,
1245,1244,prospective_v4,REGISTERED_UNEVALUATED,243cd17e6b97a2d96709ddfc689a068038669341a52dcc0743c141d309e43b9f,746efc843d53dff4e61394e26d458ea3f50c93e4,6a018e3036187a26ac9bcffda9fd7379d65d86cde84514faa08f4ea349b0f4bb,rolling300,V4_S,rolling300:V4_S:18,18,2,9,15,37,38,42,-11.680765601886913,eight_feature_log_likelihood,18,
1245,1244,prospective_v4,REGISTERED_UNEVALUATED,243cd17e6b97a2d96709ddfc689a068038669341a52dcc0743c141d309e43b9f,746efc843d53dff4e61394e26d458ea3f50c93e4,6a018e3036187a26ac9bcffda9fd7379d65d86cde84514faa08f4ea349b0f4bb,rolling300,V4_S,rolling300:V4_S:19,19,5,7,20,30,38,39,-11.680765601886913,eight_feature_log_likelihood,19,
1245,1244,prospective_v4,REGISTERED_UNEVALUATED,243cd17e6b97a2d96709ddfc689a068038669341a52dcc0743c141d309e43b9f,746efc843d53dff4e61394e26d458ea3f50c93e4,6a018e3036187a26ac9bcffda9fd7379d65d86cde84514faa08f4ea349b0f4bb,rolling300,V4_S,rolling300:V4_S:20,20,5,8,16,34,35,43,-11.680765601886913,eight_feature_log_likelihood,20,
1245,1244,prospective_v4,REGISTERED_UNEVALUATED,243cd17e6b97a2d96709ddfc689a068038669341a52dcc0743c141d309e43b9f,746efc843d53dff4e61394e26d458ea3f50c93e4,6a018e3036187a26ac9bcffda9fd7379d65d86cde84514faa08f4ea349b0f4bb,rolling300,V4_S,rolling300:V4_S:21,21,1,3,12,14,25,35,-11.692521625085465,eight_feature_log_likelihood,21,
1245,1244,prospective_v4,REGISTERED_UNEVALUATED,243cd17e6b97a2d96709ddfc689a068038669341a52dcc0743c141d309e43b9f,746efc843d53dff4e61394e26d458ea3f50c93e4,6a018e3036187a26ac9bcffda9fd7379d65d86cde84514faa08f4ea349b0f4bb,rolling300,V4_S,rolling300:V4_S:22,22,1,9,14,17,27,40,-11.692521625085465,eight_feature_log_likelihood,22,
1245,1244,prospective_v4,REGISTERED_UNEVALUATED,243cd17e6b97a2d96709ddfc689a068038669341a52dcc0743c141d309e43b9f,746efc843d53dff4e61394e26d458ea3f50c93e4,6a018e3036187a26ac9bcffda9fd7379d65d86cde84514faa08f4ea349b0f4bb,rolling300,V4_S,rolling300:V4_S:23,23,3,10,14,16,27,34,-11.692521625085465,eight_feature_log_likelihood,23,
1245,1244,prospective_v4,REGISTERED_UNEVALUATED,243cd17e6b97a2d96709ddfc689a068038669341a52dcc0743c141d309e43b9f,746efc843d53dff4e61394e26d458ea3f50c93e4,6a018e3036187a26ac9bcffda9fd7379d65d86cde84514faa08f4ea349b0f4bb,rolling300,V4_S,rolling300:V4_S:24,24,6,8,13,20,29,36,-11.692521625085465,eight_feature_log_likelihood,24,
1245,1244,prospective_v4,REGISTERED_UNEVALUATED,243cd17e6b97a2d96709ddfc689a068038669341a52dcc0743c141d309e43b9f,746efc843d53dff4e61394e26d458ea3f50c93e4,6a018e3036187a26ac9bcffda9fd7379d65d86cde84514faa08f4ea349b0f4bb,rolling300,V4_S,rolling300:V4_S:25,25,5,10,18,19,30,42,-11.724782487303688,eight_feature_log_likelihood,25,
1245,1244,prospective_v4,REGISTERED_UNEVALUATED,243cd17e6b97a2d96709ddfc689a068038669341a52dcc0743c141d309e43b9f,746efc843d53dff4e61394e26d458ea3f50c93e4,6a018e3036187a26ac9bcffda9fd7379d65d86cde84514faa08f4ea349b0f4bb,rolling300,V4_S,rolling300:V4_S:26,26,8,9,18,22,31,40,-11.724782487303688,eight_feature_log_likelihood,26,
1245,1244,prospective_v4,REGISTERED_UNEVALUATED,243cd17e6b97a2d96709ddfc689a068038669341a52dcc0743c141d309e43b9f,746efc843d53dff4e61394e26d458ea3f50c93e4,6a018e3036187a26ac9bcffda9fd7379d65d86cde84514faa08f4ea349b0f4bb,rolling300,V4_S,rolling300:V4_S:27,27,1,8,11,16,24,33,-11.743814919473015,eight_feature_log_likelihood,27,
1245,1244,prospective_v4,REGISTERED_UNEVALUATED,243cd17e6b97a2d96709ddfc689a068038669341a52dcc0743c141d309e43b9f,746efc843d53dff4e61394e26d458ea3f50c93e4,6a018e3036187a26ac9bcffda9fd7379d65d86cde84514faa08f4ea349b0f4bb,rolling300,V4_S,rolling300:V4_S:28,28,1,10,14,17,27,36,-11.743814919473015,eight_feature_log_likelihood,28,
1245,1244,prospective_v4,REGISTERED_UNEVALUATED,243cd17e6b97a2d96709ddfc689a068038669341a52dcc0743c141d309e43b9f,746efc843d53dff4e61394e26d458ea3f50c93e4,6a018e3036187a26ac9bcffda9fd7379d65d86cde84514faa08f4ea349b0f4bb,rolling300,V4_S,rolling300:V4_S:29,29,2,5,11,14,27,34,-11.743814919473015,eight_feature_log_likelihood,29,
1245,1244,prospective_v4,REGISTERED_UNEVALUATED,243cd17e6b97a2d96709ddfc689a068038669341a52dcc0743c141d309e43b9f,746efc843d53dff4e61394e26d458ea3f50c93e4,6a018e3036187a26ac9bcffda9fd7379d65d86cde84514faa08f4ea349b0f4bb,rolling300,V4_S,rolling300:V4_S:30,30,2,5,12,18,27,31,-11.743814919473015,eight_feature_log_likelihood,30,
1245,1244,prospective_v4,REGISTERED_UNEVALUATED,243cd17e6b97a2d96709ddfc689a068038669341a52dcc0743c141d309e43b9f,746efc843d53dff4e61394e26d458ea3f50c93e4,6a018e3036187a26ac9bcffda9fd7379d65d86cde84514faa08f4ea349b0f4bb,rolling300,V4_S,rolling300:V4_S:31,31,2,6,15,18,25,33,-11.743814919473015,eight_feature_log_likelihood,31,
1245,1244,prospective_v4,REGISTERED_UNEVALUATED,243cd17e6b97a2d96709ddfc689a068038669341a52dcc0743c141d309e43b9f,746efc843d53dff4e61394e26d458ea3f50c93e4,6a018e3036187a26ac9bcffda9fd7379d65d86cde84514faa08f4ea349b0f4bb,rolling300,V4_S,rolling300:V4_S:32,32,3,5,16,19,26,40,-11.743814919473015,eight_feature_log_likelihood,32,
1245,1244,prospective_v4,REGISTERED_UNEVALUATED,243cd17e6b97a2d96709ddfc689a068038669341a52dcc0743c141d309e43b9f,746efc843d53dff4e61394e26d458ea3f50c93e4,6a018e3036187a26ac9bcffda9fd7379d65d86cde84514faa08f4ea349b0f4bb,rolling300,V4_S,rolling300:V4_S:33,33,4,6,13,20,23,37,-11.743814919473015,eight_feature_log_likelihood,33,
1245,1244,prospective_v4,REGISTERED_UNEVALUATED,243cd17e6b97a2d96709ddfc689a068038669341a52dcc0743c141d309e43b9f,746efc843d53dff4e61394e26d458ea3f50c93e4,6a018e3036187a26ac9bcffda9fd7379d65d86cde84514faa08f4ea349b0f4bb,rolling300,V4_S,rolling300:V4_S:34,34,2,11,23,32,36,38,-11.824693398193949,eight_feature_log_likelihood,34,
1245,1244,prospective_v4,REGISTERED_UNEVALUATED,243cd17e6b97a2d96709ddfc689a068038669341a52dcc0743c141d309e43b9f,746efc843d53dff4e61394e26d458ea3f50c93e4,6a018e3036187a26ac9bcffda9fd7379d65d86cde84514faa08f4ea349b0f4bb,rolling300,V4_S,rolling300:V4_S:35,35,5,8,23,30,36,38,-11.824693398193949,eight_feature_log_likelihood,35,
1245,1244,prospective_v4,REGISTERED_UNEVALUATED,243cd17e6b97a2d96709ddfc689a068038669341a52dcc0743c141d309e43b9f,746efc843d53dff4e61394e26d458ea3f50c93e4,6a018e3036187a26ac9bcffda9fd7379d65d86cde84514faa08f4ea349b0f4bb,rolling300,V4_S,rolling300:V4_S:36,36,1,5,20,24,35,37,-11.849342533468603,eight_feature_log_likelihood,36,
1245,1244,prospective_v4,REGISTERED_UNEVALUATED,243cd17e6b97a2d96709ddfc689a068038669341a52dcc0743c141d309e43b9f,746efc843d53dff4e61394e26d458ea3f50c93e4,6a018e3036187a26ac9bcffda9fd7379d65d86cde84514faa08f4ea349b0f4bb,rolling300,V4_S,rolling300:V4_S:37,37,2,5,20,38,40,43,-11.849342533468603,eight_feature_log_likelihood,37,
