target,training_cutoff,version,status,raw_data_sha256,freeze_commit,freeze_seal_sha256,mode,model_id,model_version,number,score,number_rank,score_kind,in_model_prediction
1245,1244,prospective_v4,REGISTERED_UNEVALUATED,243cd17e6b97a2d96709ddfc689a068038669341a52dcc0743c141d309e43b9f,746efc843d53dff4e61394e26d458ea3f50c93e4,6a018e3036187a26ac9bcffda9fd7379d65d86cde84514faa08f4ea349b0f4bb,expanding,V4_U,V4_NEW_PROSPECTIVE,1,0.13333333333333333,,uniform_inclusion_probability_not_rank,0
1245,1244,prospective_v4,REGISTERED_UNEVALUATED,243cd17e6b97a2d96709ddfc689a068038669341a52dcc0743c141d309e43b9f,746efc843d53dff4e61394e26d458ea3f50c93e4,6a018e3036187a26ac9bcffda9fd7379d65d86cde84514faa08f4ea349b0f4bb,expanding,V4_U,V4_NEW_PROSPECTIVE,2,0.13333333333333333,,uniform_inclusion_probability_not_rank,0
1245,1244,prospective_v4,REGISTERED_UNEVALUATED,243cd17e6b97a2d96709ddfc689a068038669341a52dcc0743c141d309e43b9f,746efc843d53dff4e61394e26d458ea3f50c93e4,6a018e3036187a26ac9bcffda9fd7379d65d86cde84514faa08f4ea349b0f4bb,expanding,V4_U,V4_NEW_PROSPECTIVE,3,0.13333333333333333,,uniform_inclusion_probability_not_rank,0
1245,1244,prospective_v4,REGISTERED_UNEVALUATED,243cd17e6b97a2d96709ddfc689a068038669341a52dcc0743c141d309e43b9f,746efc843d53dff4e61394e26d458ea3f50c93e4,6a018e3036187a26ac9bcffda9fd7379d65d86cde84514faa08f4ea349b0f4bb,expanding,V4_U,V4_NEW_PROSPECTIVE,4,0.13333333333333333,,uniform_inclusion_probability_not_rank,0
1245,1244,prospective_v4,REGISTERED_UNEVALUATED,243cd17e6b97a2d96709ddfc689a068038669341a52dcc0743c141d309e43b9f,746efc843d53dff4e61394e26d458ea3f50c93e4,6a018e3036187a26ac9bcffda9fd7379d65d86cde84514faa08f4ea349b0f4bb,expanding,V4_U,V4_NEW_PROSPECTIVE,5,0.13333333333333333,,uniform_inclusion_probability_not_rank,0
1245,1244,prospective_v4,REGISTERED_UNEVALUATED,243cd17e6b97a2d96709ddfc689a068038669341a52dcc0743c141d309e43b9f,746efc843d53dff4e61394e26d458ea3f50c93e4,6a018e3036187a26ac9bcffda9fd7379d65d86cde84514faa08f4ea349b0f4bb,expanding,V4_U,V4_NEW_PROSPECTIVE,6,0.13333333333333333,,uniform_inclusion_probability_not_rank,1
1245,1244,prospective_v4,REGISTERED_UNEVALUATED,243cd17e6b97a2d96709ddfc689a068038669341a52dcc0743c141d309e43b9f,746efc843d53dff4e61394e26d458ea3f50c93e4,6a018e3036187a26ac9bcffda9fd7379d65d86cde84514faa08f4ea349b0f4bb,expanding,V4_U,V4_NEW_PROSPECTIVE,7,0.13333333333333333,,uniform_inclusion_probability_not_rank,0
1245,1244,prospective_v4,REGISTERED_UNEVALUATED,243cd17e6b97a2d96709ddfc689a068038669341a52dcc0743c141d309e43b9f,746efc843d53dff4e61394e26d458ea3f50c93e4,6a018e3036187a26ac9bcffda9fd7379d65d86cde84514faa08f4ea349b0f4bb,expanding,V4_U,V4_NEW_PROSPECTIVE,8,0.13333333333333333,,uniform_inclusion_probability_not_rank,0
1245,1244,prospective_v4,REGISTERED_UNEVALUATED,243cd17e6b97a2d96709ddfc689a068038669341a52dcc0743c141d309e43b9f,746efc843d53dff4e61394e26d458ea3f50c93e4,6a018e3036187a26ac9bcffda9fd7379d65d86cde84514faa08f4ea349b0f4bb,expanding,V4_U,V4_NEW_PROSPECTIVE,9,0.13333333333333333,,uniform_inclusion_probability_not_rank,0
1245,1244,prospective_v4,REGISTERED_UNEVALUATED,243cd17e6b97a2d96709ddfc689a068038669341a52dcc0743c141d309e43b9f,746efc843d53dff4e61394e26d458ea3f50c93e4,6a018e3036187a26ac9bcffda9fd7379d65d86cde84514faa08f4ea349b0f4bb,expanding,V4_U,V4_NEW_PROSPECTIVE,10,0.13333333333333333,,uniform_inclusion_probability_not_rank,0
1245,1244,prospective_v4,REGISTERED_UNEVALUATED,243cd17e6b97a2d96709ddfc689a068038669341a52dcc0743c141d309e43b9f,746efc843d53dff4e61394e26d458ea3f50c93e4,6a018e3036187a26ac9bcffda9fd7379d65d86cde84514faa08f4ea349b0f4bb,expanding,V4_U,V4_NEW_PROSPECTIVE,11,0.13333333333333333,,uniform_inclusion_probability_not_rank,0
1245,1244,prospective_v4,REGISTERED_UNEVALUATED,243cd17e6b97a2d96709ddfc689a068038669341a52dcc0743c141d309e43b9f,746efc843d53dff4e61394e26d458ea3f50c93e4,6a018e3036187a26ac9bcffda9fd7379d65d86cde84514faa08f4ea349b0f4bb,expanding,V4_U,V4_NEW_PROSPECTIVE,12,0.13333333333333333,,uniform_inclusion_probability_not_rank,0
1245,1244,prospective_v4,REGISTERED_UNEVALUATED,243cd17e6b97a2d96709ddfc689a068038669341a52dcc0743c141d309e43b9f,746efc843d53dff4e61394e26d458ea3f50c93e4,6a018e3036187a26ac9bcffda9fd7379d65d86cde84514faa08f4ea349b0f4bb,expanding,V4_U,V4_NEW_PROSPECTIVE,13,0.13333333333333333,,uniform_inclusion_probability_not_rank,0
1245,1244,prospective_v4,REGISTERED_UNEVALUATED,243cd17e6b97a2d96709ddfc689a068038669341a52dcc0743c141d309e43b9f,746efc843d53dff4e61394e26d458ea3f50c93e4,6a018e3036187a26ac9bcffda9fd7379d65d86cde84514faa08f4ea349b0f4bb,expanding,V4_U,V4_NEW_PROSPECTIVE,14,0.13333333333333333,,uniform_inclusion_probability_not_rank,0
1245,1244,prospective_v4,REGISTERED_UNEVALUATED,243cd17e6b97a2d96709ddfc689a068038669341a52dcc0743c141d309e43b9f,746efc843d53dff4e61394e26d458ea3f50c93e4,6a018e3036187a26ac9bcffda9fd7379d65d86cde84514faa08f4ea349b0f4bb,expanding,V4_U,V4_NEW_PROSPECTIVE,15,0.13333333333333333,,uniform_inclusion_probability_not_rank,0
1245,1244,prospective_v4,REGISTERED_UNEVALUATED,243cd17e6b97a2d96709ddfc689a068038669341a52dcc0743c141d309e43b9f,746efc843d53dff4e61394e26d458ea3f50c93e4,6a018e3036187a26ac9bcffda9fd7379d65d86cde84514faa08f4ea349b0f4bb,expanding,V4_U,V4_NEW_PROSPECTIVE,16,0.13333333333333333,,uniform_inclusion_probability_not_rank,1
1245,1244,prospective_v4,REGISTERED_UNEVALUATED,243cd17e6b97a2d96709ddfc689a068038669341a52dcc0743c141d309e43b9f,746efc843d53dff4e61394e26d458ea3f50c93e4,6a018e3036187a26ac9bcffda9fd7379d65d86cde84514faa08f4ea349b0f4bb,expanding,V4_U,V4_NEW_PROSPECTIVE,17,0.13333333333333333,,uniform_inclusion_probability_not_rank,0
1245,1244,prospective_v4,REGISTERED_UNEVALUATED,243cd17e6b97a2d96709ddfc689a068038669341a52dcc0743c141d309e43b9f,746efc843d53dff4e61394e26d458ea3f50c93e4,6a018e3036187a26ac9bcffda9fd7379d65d86cde84514faa08f4ea349b0f4bb,expanding,V4_U,V4_NEW_PROSPECTIVE,18,0.13333333333333333,,uniform_inclusion_probability_not_rank,1
1245,1244,prospective_v4,REGISTERED_UNEVALUATED,243cd17e6b97a2d96709ddfc689a068038669341a52dcc0743c141d309e43b9f,746efc843d53dff4e61394e26d458ea3f50c93e4,6a018e3036187a26ac9bcffda9fd7379d65d86cde84514faa08f4ea349b0f4bb,expanding,V4_U,V4_NEW_PROSPECTIVE,19,0.13333333333333333,,uniform_inclusion_probability_not_rank,0
1245,1244,prospective_v4,REGISTERED_UNEVALUATED,243cd17e6b97a2d96709ddfc689a068038669341a52dcc0743c141d309e43b9f,746efc843d53dff4e61394e26d458ea3f50c93e4,6a018e3036187a26ac9bcffda9fd7379d65d86cde84514faa08f4ea349b0f4bb,expanding,V4_U,V4_NEW_PROSPECTIVE,20,0.13333333333333333,,uniform_inclusion_probability_not_rank,0
1245,1244,prospective_v4,REGISTERED_UNEVALUATED,243cd17e6b97a2d96709ddfc689a068038669341a52dcc0743c141d309e43b9f,746efc843d53dff4e61394e26d458ea3f50c93e4,6a018e3036187a26ac9bcffda9fd7379d65d86cde84514faa08f4ea349b0f4bb,expanding,V4_U,V4_NEW_PROSPECTIVE,21,0.13333333333333333,,uniform_inclusion_probability_not_rank,1
1245,1244,prospective_v4,REGISTERED_UNEVALUATED,243cd17e6b97a2d96709ddfc689a068038669341a52dcc0743c141d309e43b9f,746efc843d53dff4e61394e26d458ea3f50c93e4,6a018e3036187a26ac9bcffda9fd7379d65d86cde84514faa08f4ea349b0f4bb,expanding,V4_U,V4_NEW_PROSPECTIVE,22,0.13333333333333333,,uniform_inclusion_probability_not_rank,0
1245,1244,prospective_v4,REGISTERED_UNEVALUATED,243cd17e6b97a2d96709ddfc689a068038669341a52dcc0743c141d309e43b9f,746efc843d53dff4e61394e26d458ea3f50c93e4,6a018e3036187a26ac9bcffda9fd7379d65d86cde84514faa08f4ea349b0f4bb,expanding,V4_U,V4_NEW_PROSPECTIVE,23,0.13333333333333333,,uniform_inclusion_probability_not_rank,0
1245,1244,prospective_v4,REGISTERED_UNEVALUATED,243cd17e6b97a2d96709ddfc689a068038669341a52dcc0743c141d309e43b9f,746efc843d53dff4e61394e26d458ea3f50c93e4,6a018e3036187a26ac9bcffda9fd7379d65d86cde84514faa08f4ea349b0f4bb,expanding,V4_U,V4_NEW_PROSPECTIVE,24,0.13333333333333333,,uniform_inclusion_probability_not_rank,0
1245,1244,prospective_v4,REGISTERED_UNEVALUATED,243cd17e6b97a2d96709ddfc689a068038669341a52dcc0743c141d309e43b9f,746efc843d53dff4e61394e26d458ea3f50c93e4,6a018e3036187a26ac9bcffda9fd7379d65d86cde84514faa08f4ea349b0f4bb,expanding,V4_U,V4_NEW_PROSPECTIVE,25,0.13333333333333333,,uniform_inclusion_probability_not_rank,0
1245,1244,prospective_v4,REGISTERED_UNEVALUATED,243cd17e6b97a2d96709ddfc689a068038669341a52dcc0743c141d309e43b9f,746efc843d53dff4e61394e26d458ea3f50c93e4,6a018e3036187a26ac9bcffda9fd7379d65d86cde84514faa08f4ea349b0f4bb,expanding,V4_U,V4_NEW_PROSPECTIVE,26,0.13333333333333333,,uniform_inclusion_probability_not_rank,0
1245,1244,prospective_v4,REGISTERED_UNEVALUATED,243cd17e6b97a2d96709ddfc689a068038669341a52dcc0743c141d309e43b9f,746efc843d53dff4e61394e26d458ea3f50c93e4,6a018e3036187a26ac9bcffda9fd7379d65d86cde84514faa08f4ea349b0f4bb,expanding,V4_U,V4_NEW_PROSPECTIVE,27,0.13333333333333333,,uniform_inclusion_probability_not_rank,0
1245,1244,prospective_v4,REGISTERED_UNEVALUATED,243cd17e6b97a2d96709ddfc689a068038669341a52dcc0743c141d309e43b9f,746efc843d53dff4e61394e26d458ea3f50c93e4,6a018e3036187a26ac9bcffda9fd7379d65d86cde84514faa08f4ea349b0f4bb,expanding,V4_U,V4_NEW_PROSPECTIVE,28,0.13333333333333333,,uniform_inclusion_probability_not_rank,0
1245,1244,prospective_v4,REGISTERED_UNEVALUATED,243cd17e6b97a2d96709ddfc689a068038669341a52dcc0743c141d309e43b9f,746efc843d53dff4e61394e26d458ea3f50c93e4,6a018e3036187a26ac9bcffda9fd7379d65d86cde84514faa08f4ea349b0f4bb,expanding,V4_U,V4_NEW_PROSPECTIVE,29,0.13333333333333333,,uniform_inclusion_probability_not_rank,0
1245,1244,prospective_v4,REGISTERED_UNEVALUATED,243cd17e6b97a2d96709ddfc689a068038669341a52dcc0743c141d309e43b9f,746efc843d53dff4e61394e26d458ea3f50c93e4,6a018e3036187a26ac9bcffda9fd7379d65d86cde84514faa08f4ea349b0f4bb,expanding,V4_U,V4_NEW_PROSPECTIVE,30,0.13333333333333333,,uniform_inclusion_probability_not_rank,0
1245,1244,prospective_v4,REGISTERED_UNEVALUATED,243cd17e6b97a2d96709ddfc689a068038669341a52dcc0743c141d309e43b9f,746efc843d53dff4e61394e26d458ea3f50c93e4,6a018e3036187a26ac9bcffda9fd7379d65d86cde84514faa08f4ea349b0f4bb,expanding,V4_U,V4_NEW_PROSPECTIVE,31,0.13333333333333333,,uniform_inclusion_probability_not_rank,1
1245,1244,prospective_v4,REGISTERED_UNEVALUATED,243cd17e6b97a2d96709ddfc689a068038669341a52dcc0743c141d309e43b9f,746efc843d53dff4e61394e26d458ea3f50c93e4,6a018e3036187a26ac9bcffda9fd7379d65d86cde84514faa08f4ea349b0f4bb,expanding,V4_U,V4_NEW_PROSPECTIVE,32,0.13333333333333333,,uniform_inclusion_probability_not_rank,0
1245,1244,prospective_v4,REGISTERED_UNEVALUATED,243cd17e6b97a2d96709ddfc689a068038669341a52dcc0743c141d309e43b9f,746efc843d53dff4e61394e26d458ea3f50c93e4,6a018e3036187a26ac9bcffda9fd7379d65d86cde84514faa08f4ea349b0f4bb,expanding,V4_U,V4_NEW_PROSPECTIVE,33,0.13333333333333333,,uniform_inclusion_probability_not_rank,0
1245,1244,prospective_v4,REGISTERED_UNEVALUATED,243cd17e6b97a2d96709ddfc689a068038669341a52dcc0743c141d309e43b9f,746efc843d53dff4e61394e26d458ea3f50c93e4,6a018e3036187a26ac9bcffda9fd7379d65d86cde84514faa08f4ea349b0f4bb,expanding,V4_U,V4_NEW_PROSPECTIVE,34,0.13333333333333333,,uniform_inclusion_probability_not_rank,0
1245,1244,prospective_v4,REGISTERED_UNEVALUATED,243cd17e6b97a2d96709ddfc689a068038669341a52dcc0743c141d309e43b9f,746efc843d53dff4e61394e26d458ea3f50c93e4,6a018e3036187a26ac9bcffda9fd7379d65d86cde84514faa08f4ea349b0f4bb,expanding,V4_U,V4_NEW_PROSPECTIVE,35,0.13333333333333333,,uniform_inclusion_probability_not_rank,0
1245,1244,prospective_v4,REGISTERED_UNEVALUATED,243cd17e6b97a2d96709ddfc689a068038669341a52dcc0743c141d309e43b9f,746efc843d53dff4e61394e26d458ea3f50c93e4,6a018e3036187a26ac9bcffda9fd7379d65d86cde84514faa08f4ea349b0f4bb,expanding,V4_U,V4_NEW_PROSPECTIVE,36,0.13333333333333333,,uniform_inclusion_probability_not_rank,0
1245,1244,prospective_v4,REGISTERED_UNEVALUATED,243cd17e6b97a2d96709ddfc689a068038669341a52dcc0743c141d309e43b9f,746efc843d53dff4e61394e26d458ea3f50c93e4,6a018e3036187a26ac9bcffda9fd7379d65d86cde84514faa08f4ea349b0f4bb,expanding,V4_U,V4_NEW_PROSPECTIVE,37,0.13333333333333333,,uniform_inclusion_probability_not_rank,0
1245,1244,prospective_v4,REGISTERED_UNEVALUATED,243cd17e6b97a2d96709ddfc689a068038669341a52dcc0743c141d309e43b9f,746efc843d53dff4e61394e26d458ea3f50c93e4,6a018e3036187a26ac9bcffda9fd7379d65d86cde84514faa08f4ea349b0f4bb,expanding,V4_U,V4_NEW_PROSPECTIVE,38,0.13333333333333333,,uniform_inclusion_probability_not_rank,0
1245,1244,prospective_v4,REGISTERED_UNEVALUATED,243cd17e6b97a2d96709ddfc689a068038669341a52dcc0743c141d309e43b9f,746efc843d53dff4e61394e26d458ea3f50c93e4,6a018e3036187a26ac9bcffda9fd7379d65d86cde84514faa08f4ea349b0f4bb,expanding,V4_U,V4_NEW_PROSPECTIVE,39,0.13333333333333333,,uniform_inclusion_probability_not_rank,0
1245,1244,prospective_v4,REGISTERED_UNEVALUATED,243cd17e6b97a2d96709ddfc689a068038669341a52dcc0743c141d309e43b9f,746efc843d53dff4e61394e26d458ea3f50c93e4,6a018e3036187a26ac9bcffda9fd7379d65d86cde84514faa08f4ea349b0f4bb,expanding,V4_U,V4_NEW_PROSPECTIVE,40,0.13333333333333333,,uniform_inclusion_probability_not_rank,1
1245,1244,prospective_v4,REGISTERED_UNEVALUATED,243cd17e6b97a2d96709ddfc689a068038669341a52dcc0743c141d309e43b9f,746efc843d53dff4e61394e26d458ea3f50c93e4,6a018e3036187a26ac9bcffda9fd7379d65d86cde84514faa08f4ea349b0f4bb,expanding,V4_U,V4_NEW_PROSPECTIVE,41,0.13333333333333333,,uniform_inclusion_probability_not_rank,0
1245,1244,prospective_v4,REGISTERED_UNEVALUATED,243cd17e6b97a2d96709ddfc689a068038669341a52dcc0743c141d309e43b9f,746efc843d53dff4e61394e26d458ea3f50c93e4,6a018e3036187a26ac9bcffda9fd7379d65d86cde84514faa08f4ea349b0f4bb,expanding,V4_U,V4_NEW_PROSPECTIVE,42,0.13333333333333333,,uniform_inclusion_probability_not_rank,0
1245,1244,prospective_v4,REGISTERED_UNEVALUATED,243cd17e6b97a2d96709ddfc689a068038669341a52dcc0743c141d309e43b9f,746efc843d53dff4e61394e26d458ea3f50c93e4,6a018e3036187a26ac9bcffda9fd7379d65d86cde84514faa08f4ea349b0f4bb,expanding,V4_U,V4_NEW_PROSPECTIVE,43,0.13333333333333333,,uniform_inclusion_probability_not_rank,0
1245,1244,prospective_v4,REGISTERED_UNEVALUATED,243cd17e6b97a2d96709ddfc689a068038669341a52dcc0743c141d309e43b9f,746efc843d53dff4e61394e26d458ea3f50c93e4,6a018e3036187a26ac9bcffda9fd7379d65d86cde84514faa08f4ea349b0f4bb,expanding,V4_U,V4_NEW_PROSPECTIVE,44,0.13333333333333333,,uniform_inclusion_probability_not_rank,0
1245,1244,prospective_v4,REGISTERED_UNEVALUATED,243cd17e6b97a2d96709ddfc689a068038669341a52dcc0743c141d309e43b9f,746efc843d53dff4e61394e26d458ea3f50c93e4,6a018e3036187a26ac9bcffda9fd7379d65d86cde84514faa08f4ea349b0f4bb,expanding,V4_U,V4_NEW_PROSPECTIVE,45,0.13333333333333333,,uniform_inclusion_probability_not_rank,0
1245,1244,prospective_v4,REGISTERED_UNEVALUATED,243cd17e6b97a2d96709ddfc689a068038669341a52dcc0743c141d309e43b9f,746efc843d53dff4e61394e26d458ea3f50c93e4,6a018e3036187a26ac9bcffda9fd7379d65d86cde84514faa08f4ea349b0f4bb,expanding,V4_F,V4_NEW_PROSPECTIVE,1,171,14,frozen_learned_node_score,0
1245,1244,prospective_v4,REGISTERED_UNEVALUATED,243cd17e6b97a2d96709ddfc689a068038669341a52dcc0743c141d309e43b9f,746efc843d53dff4e61394e26d458ea3f50c93e4,6a018e3036187a26ac9bcffda9fd7379d65d86cde84514faa08f4ea349b0f4bb,expanding,V4_F,V4_NEW_PROSPECTIVE,2,157,36,frozen_learned_node_score,0
1245,1244,prospective_v4,REGISTERED_UNEVALUATED,243cd17e6b97a2d96709ddfc689a068038669341a52dcc0743c141d309e43b9f,746efc843d53dff4e61394e26d458ea3f50c93e4,6a018e3036187a26ac9bcffda9fd7379d65d86cde84514faa08f4ea349b0f4bb,expanding,V4_F,V4_NEW_PROSPECTIVE,3,172,11,frozen_learned_node_score,0
1245,1244,prospective_v4,REGISTERED_UNEVALUATED,243cd17e6b97a2d96709ddfc689a068038669341a52dcc0743c141d309e43b9f,746efc843d53dff4e61394e26d458ea3f50c93e4,6a018e3036187a26ac9bcffda9fd7379d65d86cde84514faa08f4ea349b0f4bb,expanding,V4_F,V4_NEW_PROSPECTIVE,4,163,30,frozen_learned_node_score,0
1245,1244,prospective_v4,REGISTERED_UNEVALUATED,243cd17e6b97a2d96709ddfc689a068038669341a52dcc0743c141d309e43b9f,746efc843d53dff4e61394e26d458ea3f50c93e4,6a018e3036187a26ac9bcffda9fd7379d65d86cde84514faa08f4ea349b0f4bb,expanding,V4_F,V4_NEW_PROSPECTIVE,5,153,39,frozen_learned_node_score,0
1245,1244,prospective_v4,REGISTERED_UNEVALUATED,243cd17e6b97a2d96709ddfc689a068038669341a52dcc0743c141d309e43b9f,746efc843d53dff4e61394e26d458ea3f50c93e4,6a018e3036187a26ac9bcffda9fd7379d65d86cde84514faa08f4ea349b0f4bb,expanding,V4_F,V4_NEW_PROSPECTIVE,6,166,26,frozen_learned_node_score,0
1245,1244,prospective_v4,REGISTERED_UNEVALUATED,243cd17e6b97a2d96709ddfc689a068038669341a52dcc0743c141d309e43b9f,746efc843d53dff4e61394e26d458ea3f50c93e4,6a018e3036187a26ac9bcffda9fd7379d65d86cde84514faa08f4ea349b0f4bb,expanding,V4_F,V4_NEW_PROSPECTIVE,7,171,15,frozen_learned_node_score,0
1245,1244,prospective_v4,REGISTERED_UNEVALUATED,243cd17e6b97a2d96709ddfc689a068038669341a52dcc0743c141d309e43b9f,746efc843d53dff4e61394e26d458ea3f50c93e4,6a018e3036187a26ac9bcffda9fd7379d65d86cde84514faa08f4ea349b0f4bb,expanding,V4_F,V4_NEW_PROSPECTIVE,8,158,33,frozen_learned_node_score,0
1245,1244,prospective_v4,REGISTERED_UNEVALUATED,243cd17e6b97a2d96709ddfc689a068038669341a52dcc0743c141d309e43b9f,746efc843d53dff4e61394e26d458ea3f50c93e4,6a018e3036187a26ac9bcffda9fd7379d65d86cde84514faa08f4ea349b0f4bb,expanding,V4_F,V4_NEW_PROSPECTIVE,9,137,45,frozen_learned_node_score,0
1245,1244,prospective_v4,REGISTERED_UNEVALUATED,243cd17e6b97a2d96709ddfc689a068038669341a52dcc0743c141d309e43b9f,746efc843d53dff4e61394e26d458ea3f50c93e4,6a018e3036187a26ac9bcffda9fd7379d65d86cde84514faa08f4ea349b0f4bb,expanding,V4_F,V4_NEW_PROSPECTIVE,10,163,31,frozen_learned_node_score,0
1245,1244,prospective_v4,REGISTERED_UNEVALUATED,243cd17e6b97a2d96709ddfc689a068038669341a52dcc0743c141d309e43b9f,746efc843d53dff4e61394e26d458ea3f50c93e4,6a018e3036187a26ac9bcffda9fd7379d65d86cde84514faa08f4ea349b0f4bb,expanding,V4_F,V4_NEW_PROSPECTIVE,11,168,21,frozen_learned_node_score,0
1245,1244,prospective_v4,REGISTERED_UNEVALUATED,243cd17e6b97a2d96709ddfc689a068038669341a52dcc0743c141d309e43b9f,746efc843d53dff4e61394e26d458ea3f50c93e4,6a018e3036187a26ac9bcffda9fd7379d65d86cde84514faa08f4ea349b0f4bb,expanding,V4_F,V4_NEW_PROSPECTIVE,12,180,4,frozen_learned_node_score,1
1245,1244,prospective_v4,REGISTERED_UNEVALUATED,243cd17e6b97a2d96709ddfc689a068038669341a52dcc0743c141d309e43b9f,746efc843d53dff4e61394e26d458ea3f50c93e4,6a018e3036187a26ac9bcffda9fd7379d65d86cde84514faa08f4ea349b0f4bb,expanding,V4_F,V4_NEW_PROSPECTIVE,13,184,2,frozen_learned_node_score,1
1245,1244,prospective_v4,REGISTERED_UNEVALUATED,243cd17e6b97a2d96709ddfc689a068038669341a52dcc0743c141d309e43b9f,746efc843d53dff4e61394e26d458ea3f50c93e4,6a018e3036187a26ac9bcffda9fd7379d65d86cde84514faa08f4ea349b0f4bb,expanding,V4_F,V4_NEW_PROSPECTIVE,14,172,12,frozen_learned_node_score,0
1245,1244,prospective_v4,REGISTERED_UNEVALUATED,243cd17e6b97a2d96709ddfc689a068038669341a52dcc0743c141d309e43b9f,746efc843d53dff4e61394e26d458ea3f50c93e4,6a018e3036187a26ac9bcffda9fd7379d65d86cde84514faa08f4ea349b0f4bb,expanding,V4_F,V4_NEW_PROSPECTIVE,15,170,19,frozen_learned_node_score,0
1245,1244,prospective_v4,REGISTERED_UNEVALUATED,243cd17e6b97a2d96709ddfc689a068038669341a52dcc0743c141d309e43b9f,746efc843d53dff4e61394e26d458ea3f50c93e4,6a018e3036187a26ac9bcffda9fd7379d65d86cde84514faa08f4ea349b0f4bb,expanding,V4_F,V4_NEW_PROSPECTIVE,16,170,20,frozen_learned_node_score,0
1245,1244,prospective_v4,REGISTERED_UNEVALUATED,243cd17e6b97a2d96709ddfc689a068038669341a52dcc0743c141d309e43b9f,746efc843d53dff4e61394e26d458ea3f50c93e4,6a018e3036187a26ac9bcffda9fd7379d65d86cde84514faa08f4ea349b0f4bb,expanding,V4_F,V4_NEW_PROSPECTIVE,17,171,16,frozen_learned_node_score,0
1245,1244,prospective_v4,REGISTERED_UNEVALUATED,243cd17e6b97a2d96709ddfc689a068038669341a52dcc0743c141d309e43b9f,746efc843d53dff4e61394e26d458ea3f50c93e4,6a018e3036187a26ac9bcffda9fd7379d65d86cde84514faa08f4ea349b0f4bb,expanding,V4_F,V4_NEW_PROSPECTIVE,18,180,5,frozen_learned_node_score,1
1245,1244,prospective_v4,REGISTERED_UNEVALUATED,243cd17e6b97a2d96709ddfc689a068038669341a52dcc0743c141d309e43b9f,746efc843d53dff4e61394e26d458ea3f50c93e4,6a018e3036187a26ac9bcffda9fd7379d65d86cde84514faa08f4ea349b0f4bb,expanding,V4_F,V4_NEW_PROSPECTIVE,19,171,17,frozen_learned_node_score,0
1245,1244,prospective_v4,REGISTERED_UNEVALUATED,243cd17e6b97a2d96709ddfc689a068038669341a52dcc0743c141d309e43b9f,746efc843d53dff4e61394e26d458ea3f50c93e4,6a018e3036187a26ac9bcffda9fd7379d65d86cde84514faa08f4ea349b0f4bb,expanding,V4_F,V4_NEW_PROSPECTIVE,20,172,13,frozen_learned_node_score,0
1245,1244,prospective_v4,REGISTERED_UNEVALUATED,243cd17e6b97a2d96709ddfc689a068038669341a52dcc0743c141d309e43b9f,746efc843d53dff4e61394e26d458ea3f50c93e4,6a018e3036187a26ac9bcffda9fd7379d65d86cde84514faa08f4ea349b0f4bb,expanding,V4_F,V4_NEW_PROSPECTIVE,21,167,24,frozen_learned_node_score,0
1245,1244,prospective_v4,REGISTERED_UNEVALUATED,243cd17e6b97a2d96709ddfc689a068038669341a52dcc0743c141d309e43b9f,746efc843d53dff4e61394e26d458ea3f50c93e4,6a018e3036187a26ac9bcffda9fd7379d65d86cde84514faa08f4ea349b0f4bb,expanding,V4_F,V4_NEW_PROSPECTIVE,22,146,43,frozen_learned_node_score,0
1245,1244,prospective_v4,REGISTERED_UNEVALUATED,243cd17e6b97a2d96709ddfc689a068038669341a52dcc0743c141d309e43b9f,746efc843d53dff4e61394e26d458ea3f50c93e4,6a018e3036187a26ac9bcffda9fd7379d65d86cde84514faa08f4ea349b0f4bb,expanding,V4_F,V4_NEW_PROSPECTIVE,23,149,42,frozen_learned_node_score,0
1245,1244,prospective_v4,REGISTERED_UNEVALUATED,243cd17e6b97a2d96709ddfc689a068038669341a52dcc0743c141d309e43b9f,746efc843d53dff4e61394e26d458ea3f50c93e4,6a018e3036187a26ac9bcffda9fd7379d65d86cde84514faa08f4ea349b0f4bb,expanding,V4_F,V4_NEW_PROSPECTIVE,24,168,22,frozen_learned_node_score,0
1245,1244,prospective_v4,REGISTERED_UNEVALUATED,243cd17e6b97a2d96709ddfc689a068038669341a52dcc0743c141d309e43b9f,746efc843d53dff4e61394e26d458ea3f50c93e4,6a018e3036187a26ac9bcffda9fd7379d65d86cde84514faa08f4ea349b0f4bb,expanding,V4_F,V4_NEW_PROSPECTIVE,25,153,40,frozen_learned_node_score,0
1245,1244,prospective_v4,REGISTERED_UNEVALUATED,243cd17e6b97a2d96709ddfc689a068038669341a52dcc0743c141d309e43b9f,746efc843d53dff4e61394e26d458ea3f50c93e4,6a018e3036187a26ac9bcffda9fd7379d65d86cde84514faa08f4ea349b0f4bb,expanding,V4_F,V4_NEW_PROSPECTIVE,26,166,27,frozen_learned_node_score,0
1245,1244,prospective_v4,REGISTERED_UNEVALUATED,243cd17e6b97a2d96709ddfc689a068038669341a52dcc0743c141d309e43b9f,746efc843d53dff4e61394e26d458ea3f50c93e4,6a018e3036187a26ac9bcffda9fd7379d65d86cde84514faa08f4ea349b0f4bb,expanding,V4_F,V4_NEW_PROSPECTIVE,27,181,3,frozen_learned_node_score,1
1245,1244,prospective_v4,REGISTERED_UNEVALUATED,243cd17e6b97a2d96709ddfc689a068038669341a52dcc0743c141d309e43b9f,746efc843d53dff4e61394e26d458ea3f50c93e4,6a018e3036187a26ac9bcffda9fd7379d65d86cde84514faa08f4ea349b0f4bb,expanding,V4_F,V4_NEW_PROSPECTIVE,28,157,37,frozen_learned_node_score,0
1245,1244,prospective_v4,REGISTERED_UNEVALUATED,243cd17e6b97a2d96709ddfc689a068038669341a52dcc0743c141d309e43b9f,746efc843d53dff4e61394e26d458ea3f50c93e4,6a018e3036187a26ac9bcffda9fd7379d65d86cde84514faa08f4ea349b0f4bb,expanding,V4_F,V4_NEW_PROSPECTIVE,29,156,38,frozen_learned_node_score,0
1245,1244,prospective_v4,REGISTERED_UNEVALUATED,243cd17e6b97a2d96709ddfc689a068038669341a52dcc0743c141d309e43b9f,746efc843d53dff4e61394e26d458ea3f50c93e4,6a018e3036187a26ac9bcffda9fd7379d65d86cde84514faa08f4ea349b0f4bb,expanding,V4_F,V4_NEW_PROSPECTIVE,30,158,34,frozen_learned_node_score,0
1245,1244,prospective_v4,REGISTERED_UNEVALUATED,243cd17e6b97a2d96709ddfc689a068038669341a52dcc0743c141d309e43b9f,746efc843d53dff4e61394e26d458ea3f50c93e4,6a018e3036187a26ac9bcffda9fd7379d65d86cde84514faa08f4ea349b0f4bb,expanding,V4_F,V4_NEW_PROSPECTIVE,31,171,18,frozen_learned_node_score,0
1245,1244,prospective_v4,REGISTERED_UNEVALUATED,243cd17e6b97a2d96709ddfc689a068038669341a52dcc0743c141d309e43b9f,746efc843d53dff4e61394e26d458ea3f50c93e4,6a018e3036187a26ac9bcffda9fd7379d65d86cde84514faa08f4ea349b0f4bb,expanding,V4_F,V4_NEW_PROSPECTIVE,32,146,44,frozen_learned_node_score,0
1245,1244,prospective_v4,REGISTERED_UNEVALUATED,243cd17e6b97a2d96709ddfc689a068038669341a52dcc0743c141d309e43b9f,746efc843d53dff4e61394e26d458ea3f50c93e4,6a018e3036187a26ac9bcffda9fd7379d65d86cde84514faa08f4ea349b0f4bb,expanding,V4_F,V4_NEW_PROSPECTIVE,33,175,6,frozen_learned_node_score,1
1245,1244,prospective_v4,REGISTERED_UNEVALUATED,243cd17e6b97a2d96709ddfc689a068038669341a52dcc0743c141d309e43b9f,746efc843d53dff4e61394e26d458ea3f50c93e4,6a018e3036187a26ac9bcffda9fd7379d65d86cde84514faa08f4ea349b0f4bb,expanding,V4_F,V4_NEW_PROSPECTIVE,34,187,1,frozen_learned_node_score,1
1245,1244,prospective_v4,REGISTERED_UNEVALUATED,243cd17e6b97a2d96709ddfc689a068038669341a52dcc0743c141d309e43b9f,746efc843d53dff4e61394e26d458ea3f50c93e4,6a018e3036187a26ac9bcffda9fd7379d65d86cde84514faa08f4ea349b0f4bb,expanding,V4_F,V4_NEW_PROSPECTIVE,35,163,32,frozen_learned_node_score,0
1245,1244,prospective_v4,REGISTERED_UNEVALUATED,243cd17e6b97a2d96709ddfc689a068038669341a52dcc0743c141d309e43b9f,746efc843d53dff4e61394e26d458ea3f50c93e4,6a018e3036187a26ac9bcffda9fd7379d65d86cde84514faa08f4ea349b0f4bb,expanding,V4_F,V4_NEW_PROSPECTIVE,36,165,29,frozen_learned_node_score,0
1245,1244,prospective_v4,REGISTERED_UNEVALUATED,243cd17e6b97a2d96709ddfc689a068038669341a52dcc0743c141d309e43b9f,746efc843d53dff4e61394e26d458ea3f50c93e4,6a018e3036187a26ac9bcffda9fd7379d65d86cde84514faa08f4ea349b0f4bb,expanding,V4_F,V4_NEW_PROSPECTIVE,37,174,8,frozen_learned_node_score,0
1245,1244,prospective_v4,REGISTERED_UNEVALUATED,243cd17e6b97a2d96709ddfc689a068038669341a52dcc0743c141d309e43b9f,746efc843d53dff4e61394e26d458ea3f50c93e4,6a018e3036187a26ac9bcffda9fd7379d65d86cde84514faa08f4ea349b0f4bb,expanding,V4_F,V4_NEW_PROSPECTIVE,38,174,9,frozen_learned_node_score,0
1245,1244,prospective_v4,REGISTERED_UNEVALUATED,243cd17e6b97a2d96709ddfc689a068038669341a52dcc0743c141d309e43b9f,746efc843d53dff4e61394e26d458ea3f50c93e4,6a018e3036187a26ac9bcffda9fd7379d65d86cde84514faa08f4ea349b0f4bb,expanding,V4_F,V4_NEW_PROSPECTIVE,39,168,23,frozen_learned_node_score,0
1245,1244,prospective_v4,REGISTERED_UNEVALUATED,243cd17e6b97a2d96709ddfc689a068038669341a52dcc0743c141d309e43b9f,746efc843d53dff4e61394e26d458ea3f50c93e4,6a018e3036187a26ac9bcffda9fd7379d65d86cde84514faa08f4ea349b0f4bb,expanding,V4_F,V4_NEW_PROSPECTIVE,40,174,10,frozen_learned_node_score,0
1245,1244,prospective_v4,REGISTERED_UNEVALUATED,243cd17e6b97a2d96709ddfc689a068038669341a52dcc0743c141d309e43b9f,746efc843d53dff4e61394e26d458ea3f50c93e4,6a018e3036187a26ac9bcffda9fd7379d65d86cde84514faa08f4ea349b0f4bb,expanding,V4_F,V4_NEW_PROSPECTIVE,41,151,41,frozen_learned_node_score,0
1245,1244,prospective_v4,REGISTERED_UNEVALUATED,243cd17e6b97a2d96709ddfc689a068038669341a52dcc0743c141d309e43b9f,746efc843d53dff4e61394e26d458ea3f50c93e4,6a018e3036187a26ac9bcffda9fd7379d65d86cde84514faa08f4ea349b0f4bb,expanding,V4_F,V4_NEW_PROSPECTIVE,42,158,35,frozen_learned_node_score,0
1245,1244,prospective_v4,REGISTERED_UNEVALUATED,243cd17e6b97a2d96709ddfc689a068038669341a52dcc0743c141d309e43b9f,746efc843d53dff4e61394e26d458ea3f50c93e4,6a018e3036187a26ac9bcffda9fd7379d65d86cde84514faa08f4ea349b0f4bb,expanding,V4_F,V4_NEW_PROSPECTIVE,43,167,25,frozen_learned_node_score,0
1245,1244,prospective_v4,REGISTERED_UNEVALUATED,243cd17e6b97a2d96709ddfc689a068038669341a52dcc0743c141d309e43b9f,746efc843d53dff4e61394e26d458ea3f50c93e4,6a018e3036187a26ac9bcffda9fd7379d65d86cde84514faa08f4ea349b0f4bb,expanding,V4_F,V4_NEW_PROSPECTIVE,44,166,28,frozen_learned_node_score,0
1245,1244,prospective_v4,REGISTERED_UNEVALUATED,243cd17e6b97a2d96709ddfc689a068038669341a52dcc0743c141d309e43b9f,746efc843d53dff4e61394e26d458ea3f50c93e4,6a018e3036187a26ac9bcffda9fd7379d65d86cde84514faa08f4ea349b0f4bb,expanding,V4_F,V4_NEW_PROSPECTIVE,45,175,7,frozen_learned_node_score,0
1245,1244,prospective_v4,REGISTERED_UNEVALUATED,243cd17e6b97a2d96709ddfc689a068038669341a52dcc0743c141d309e43b9f,746efc843d53dff4e61394e26d458ea3f50c93e4,6a018e3036187a26ac9bcffda9fd7379d65d86cde84514faa08f4ea349b0f4bb,expanding,V4_G,V4_NEW_PROSPECTIVE,1,0.13782651332798432,5,frozen_learned_node_score,1
1245,1244,prospective_v4,REGISTERED_UNEVALUATED,243cd17e6b97a2d96709ddfc689a068038669341a52dcc0743c141d309e43b9f,746efc843d53dff4e61394e26d458ea3f50c93e4,6a018e3036187a26ac9bcffda9fd7379d65d86cde84514faa08f4ea349b0f4bb,expanding,V4_G,V4_NEW_PROSPECTIVE,2,0.12724208498856385,40,frozen_learned_node_score,0
1245,1244,prospective_v4,REGISTERED_UNEVALUATED,243cd17e6b97a2d96709ddfc689a068038669341a52dcc0743c141d309e43b9f,746efc843d53dff4e61394e26d458ea3f50c93e4,6a018e3036187a26ac9bcffda9fd7379d65d86cde84514faa08f4ea349b0f4bb,expanding,V4_G,V4_NEW_PROSPECTIVE,3,0.13146800646800647,21,frozen_learned_node_score,0
1245,1244,prospective_v4,REGISTERED_UNEVALUATED,243cd17e6b97a2d96709ddfc689a068038669341a52dcc0743c141d309e43b9f,746efc843d53dff4e61394e26d458ea3f50c93e4,6a018e3036187a26ac9bcffda9fd7379d65d86cde84514faa08f4ea349b0f4bb,expanding,V4_G,V4_NEW_PROSPECTIVE,4,0.12724208498856385,41,frozen_learned_node_score,0
1245,1244,prospective_v4,REGISTERED_UNEVALUATED,243cd17e6b97a2d96709ddfc689a068038669341a52dcc0743c141d309e43b9f,746efc843d53dff4e61394e26d458ea3f50c93e4,6a018e3036187a26ac9bcffda9fd7379d65d86cde84514faa08f4ea349b0f4bb,expanding,V4_G,V4_NEW_PROSPECTIVE,5,0.13146800646800647,22,frozen_learned_node_score,0
1245,1244,prospective_v4,REGISTERED_UNEVALUATED,243cd17e6b97a2d96709ddfc689a068038669341a52dcc0743c141d309e43b9f,746efc843d53dff4e61394e26d458ea3f50c93e4,6a018e3036187a26ac9bcffda9fd7379d65d86cde84514faa08f4ea349b0f4bb,expanding,V4_G,V4_NEW_PROSPECTIVE,6,0.13489233490892003,11,frozen_learned_node_score,0
1245,1244,prospective_v4,REGISTERED_UNEVALUATED,243cd17e6b97a2d96709ddfc689a068038669341a52dcc0743c141d309e43b9f,746efc843d53dff4e61394e26d458ea3f50c93e4,6a018e3036187a26ac9bcffda9fd7379d65d86cde84514faa08f4ea349b0f4bb,expanding,V4_G,V4_NEW_PROSPECTIVE,7,0.13023011176857333,31,frozen_learned_node_score,0
1245,1244,prospective_v4,REGISTERED_UNEVALUATED,243cd17e6b97a2d96709ddfc689a068038669341a52dcc0743c141d309e43b9f,746efc843d53dff4e61394e26d458ea3f50c93e4,6a018e3036187a26ac9bcffda9fd7379d65d86cde84514faa08f4ea349b0f4bb,expanding,V4_G,V4_NEW_PROSPECTIVE,8,0.13146800646800647,23,frozen_learned_node_score,0
1245,1244,prospective_v4,REGISTERED_UNEVALUATED,243cd17e6b97a2d96709ddfc689a068038669341a52dcc0743c141d309e43b9f,746efc843d53dff4e61394e26d458ea3f50c93e4,6a018e3036187a26ac9bcffda9fd7379d65d86cde84514faa08f4ea349b0f4bb,expanding,V4_G,V4_NEW_PROSPECTIVE,9,0.1403454338607922,1,frozen_learned_node_score,1
1245,1244,prospective_v4,REGISTERED_UNEVALUATED,243cd17e6b97a2d96709ddfc689a068038669341a52dcc0743c141d309e43b9f,746efc843d53dff4e61394e26d458ea3f50c93e4,6a018e3036187a26ac9bcffda9fd7379d65d86cde84514faa08f4ea349b0f4bb,expanding,V4_G,V4_NEW_PROSPECTIVE,10,0.12724208498856385,42,frozen_learned_node_score,0
1245,1244,prospective_v4,REGISTERED_UNEVALUATED,243cd17e6b97a2d96709ddfc689a068038669341a52dcc0743c141d309e43b9f,746efc843d53dff4e61394e26d458ea3f50c93e4,6a018e3036187a26ac9bcffda9fd7379d65d86cde84514faa08f4ea349b0f4bb,expanding,V4_G,V4_NEW_PROSPECTIVE,11,0.13023011176857333,32,frozen_learned_node_score,0
1245,1244,prospective_v4,REGISTERED_UNEVALUATED,243cd17e6b97a2d96709ddfc689a068038669341a52dcc0743c141d309e43b9f,746efc843d53dff4e61394e26d458ea3f50c93e4,6a018e3036187a26ac9bcffda9fd7379d65d86cde84514faa08f4ea349b0f4bb,expanding,V4_G,V4_NEW_PROSPECTIVE,12,0.13489233490892003,12,frozen_learned_node_score,0
1245,1244,prospective_v4,REGISTERED_UNEVALUATED,243cd17e6b97a2d96709ddfc689a068038669341a52dcc0743c141d309e43b9f,746efc843d53dff4e61394e26d458ea3f50c93e4,6a018e3036187a26ac9bcffda9fd7379d65d86cde84514faa08f4ea349b0f4bb,expanding,V4_G,V4_NEW_PROSPECTIVE,13,0.13782651332798432,6,frozen_learned_node_score,1
1245,1244,prospective_v4,REGISTERED_UNEVALUATED,243cd17e6b97a2d96709ddfc689a068038669341a52dcc0743c141d309e43b9f,746efc843d53dff4e61394e26d458ea3f50c93e4,6a018e3036187a26ac9bcffda9fd7379d65d86cde84514faa08f4ea349b0f4bb,expanding,V4_G,V4_NEW_PROSPECTIVE,14,0.13146800646800647,24,frozen_learned_node_score,0
1245,1244,prospective_v4,REGISTERED_UNEVALUATED,243cd17e6b97a2d96709ddfc689a068038669341a52dcc0743c141d309e43b9f,746efc843d53dff4e61394e26d458ea3f50c93e4,6a018e3036187a26ac9bcffda9fd7379d65d86cde84514faa08f4ea349b0f4bb,expanding,V4_G,V4_NEW_PROSPECTIVE,15,0.13489233490892003,13,frozen_learned_node_score,0
1245,1244,prospective_v4,REGISTERED_UNEVALUATED,243cd17e6b97a2d96709ddfc689a068038669341a52dcc0743c141d309e43b9f,746efc843d53dff4e61394e26d458ea3f50c93e4,6a018e3036187a26ac9bcffda9fd7379d65d86cde84514faa08f4ea349b0f4bb,expanding,V4_G,V4_NEW_PROSPECTIVE,16,0.12724208498856385,43,frozen_learned_node_score,0
1245,1244,prospective_v4,REGISTERED_UNEVALUATED,243cd17e6b97a2d96709ddfc689a068038669341a52dcc0743c141d309e43b9f,746efc843d53dff4e61394e26d458ea3f50c93e4,6a018e3036187a26ac9bcffda9fd7379d65d86cde84514faa08f4ea349b0f4bb,expanding,V4_G,V4_NEW_PROSPECTIVE,17,0.13146800646800647,25,frozen_learned_node_score,0
1245,1244,prospective_v4,REGISTERED_UNEVALUATED,243cd17e6b97a2d96709ddfc689a068038669341a52dcc0743c141d309e43b9f,746efc843d53dff4e61394e26d458ea3f50c93e4,6a018e3036187a26ac9bcffda9fd7379d65d86cde84514faa08f4ea349b0f4bb,expanding,V4_G,V4_NEW_PROSPECTIVE,18,0.13782651332798432,7,frozen_learned_node_score,0
1245,1244,prospective_v4,REGISTERED_UNEVALUATED,243cd17e6b97a2d96709ddfc689a068038669341a52dcc0743c141d309e43b9f,746efc843d53dff4e61394e26d458ea3f50c93e4,6a018e3036187a26ac9bcffda9fd7379d65d86cde84514faa08f4ea349b0f4bb,expanding,V4_G,V4_NEW_PROSPECTIVE,19,0.13023011176857333,33,frozen_learned_node_score,0
1245,1244,prospective_v4,REGISTERED_UNEVALUATED,243cd17e6b97a2d96709ddfc689a068038669341a52dcc0743c141d309e43b9f,746efc843d53dff4e61394e26d458ea3f50c93e4,6a018e3036187a26ac9bcffda9fd7379d65d86cde84514faa08f4ea349b0f4bb,expanding,V4_G,V4_NEW_PROSPECTIVE,20,0.13023011176857333,34,frozen_learned_node_score,0
1245,1244,prospective_v4,REGISTERED_UNEVALUATED,243cd17e6b97a2d96709ddfc689a068038669341a52dcc0743c141d309e43b9f,746efc843d53dff4e61394e26d458ea3f50c93e4,6a018e3036187a26ac9bcffda9fd7379d65d86cde84514faa08f4ea349b0f4bb,expanding,V4_G,V4_NEW_PROSPECTIVE,21,0.13489233490892003,14,frozen_learned_node_score,0
1245,1244,prospective_v4,REGISTERED_UNEVALUATED,243cd17e6b97a2d96709ddfc689a068038669341a52dcc0743c141d309e43b9f,746efc843d53dff4e61394e26d458ea3f50c93e4,6a018e3036187a26ac9bcffda9fd7379d65d86cde84514faa08f4ea349b0f4bb,expanding,V4_G,V4_NEW_PROSPECTIVE,22,0.13023011176857333,35,frozen_learned_node_score,0
1245,1244,prospective_v4,REGISTERED_UNEVALUATED,243cd17e6b97a2d96709ddfc689a068038669341a52dcc0743c141d309e43b9f,746efc843d53dff4e61394e26d458ea3f50c93e4,6a018e3036187a26ac9bcffda9fd7379d65d86cde84514faa08f4ea349b0f4bb,expanding,V4_G,V4_NEW_PROSPECTIVE,23,0.13023011176857333,36,frozen_learned_node_score,0
1245,1244,prospective_v4,REGISTERED_UNEVALUATED,243cd17e6b97a2d96709ddfc689a068038669341a52dcc0743c141d309e43b9f,746efc843d53dff4e61394e26d458ea3f50c93e4,6a018e3036187a26ac9bcffda9fd7379d65d86cde84514faa08f4ea349b0f4bb,expanding,V4_G,V4_NEW_PROSPECTIVE,24,0.1403454338607922,2,frozen_learned_node_score,1
1245,1244,prospective_v4,REGISTERED_UNEVALUATED,243cd17e6b97a2d96709ddfc689a068038669341a52dcc0743c141d309e43b9f,746efc843d53dff4e61394e26d458ea3f50c93e4,6a018e3036187a26ac9bcffda9fd7379d65d86cde84514faa08f4ea349b0f4bb,expanding,V4_G,V4_NEW_PROSPECTIVE,25,0.13146800646800647,26,frozen_learned_node_score,0
1245,1244,prospective_v4,REGISTERED_UNEVALUATED,243cd17e6b97a2d96709ddfc689a068038669341a52dcc0743c141d309e43b9f,746efc843d53dff4e61394e26d458ea3f50c93e4,6a018e3036187a26ac9bcffda9fd7379d65d86cde84514faa08f4ea349b0f4bb,expanding,V4_G,V4_NEW_PROSPECTIVE,26,0.13782651332798432,8,frozen_learned_node_score,0
1245,1244,prospective_v4,REGISTERED_UNEVALUATED,243cd17e6b97a2d96709ddfc689a068038669341a52dcc0743c141d309e43b9f,746efc843d53dff4e61394e26d458ea3f50c93e4,6a018e3036187a26ac9bcffda9fd7379d65d86cde84514faa08f4ea349b0f4bb,expanding,V4_G,V4_NEW_PROSPECTIVE,27,0.13146800646800647,27,frozen_learned_node_score,0
1245,1244,prospective_v4,REGISTERED_UNEVALUATED,243cd17e6b97a2d96709ddfc689a068038669341a52dcc0743c141d309e43b9f,746efc843d53dff4e61394e26d458ea3f50c93e4,6a018e3036187a26ac9bcffda9fd7379d65d86cde84514faa08f4ea349b0f4bb,expanding,V4_G,V4_NEW_PROSPECTIVE,28,0.13146800646800647,28,frozen_learned_node_score,0
1245,1244,prospective_v4,REGISTERED_UNEVALUATED,243cd17e6b97a2d96709ddfc689a068038669341a52dcc0743c141d309e43b9f,746efc843d53dff4e61394e26d458ea3f50c93e4,6a018e3036187a26ac9bcffda9fd7379d65d86cde84514faa08f4ea349b0f4bb,expanding,V4_G,V4_NEW_PROSPECTIVE,29,0.13489233490892003,15,frozen_learned_node_score,0
1245,1244,prospective_v4,REGISTERED_UNEVALUATED,243cd17e6b97a2d96709ddfc689a068038669341a52dcc0743c141d309e43b9f,746efc843d53dff4e61394e26d458ea3f50c93e4,6a018e3036187a26ac9bcffda9fd7379d65d86cde84514faa08f4ea349b0f4bb,expanding,V4_G,V4_NEW_PROSPECTIVE,30,0.13146800646800647,29,frozen_learned_node_score,0
1245,1244,prospective_v4,REGISTERED_UNEVALUATED,243cd17e6b97a2d96709ddfc689a068038669341a52dcc0743c141d309e43b9f,746efc843d53dff4e61394e26d458ea3f50c93e4,6a018e3036187a26ac9bcffda9fd7379d65d86cde84514faa08f4ea349b0f4bb,expanding,V4_G,V4_NEW_PROSPECTIVE,31,0.12724208498856385,44,frozen_learned_node_score,0
1245,1244,prospective_v4,REGISTERED_UNEVALUATED,243cd17e6b97a2d96709ddfc689a068038669341a52dcc0743c141d309e43b9f,746efc843d53dff4e61394e26d458ea3f50c93e4,6a018e3036187a26ac9bcffda9fd7379d65d86cde84514faa08f4ea349b0f4bb,expanding,V4_G,V4_NEW_PROSPECTIVE,32,0.13023011176857333,37,frozen_learned_node_score,0
1245,1244,prospective_v4,REGISTERED_UNEVALUATED,243cd17e6b97a2d96709ddfc689a068038669341a52dcc0743c141d309e43b9f,746efc843d53dff4e61394e26d458ea3f50c93e4,6a018e3036187a26ac9bcffda9fd7379d65d86cde84514faa08f4ea349b0f4bb,expanding,V4_G,V4_NEW_PROSPECTIVE,33,0.13023011176857333,38,frozen_learned_node_score,0
1245,1244,prospective_v4,REGISTERED_UNEVALUATED,243cd17e6b97a2d96709ddfc689a068038669341a52dcc0743c141d309e43b9f,746efc843d53dff4e61394e26d458ea3f50c93e4,6a018e3036187a26ac9bcffda9fd7379d65d86cde84514faa08f4ea349b0f4bb,expanding,V4_G,V4_NEW_PROSPECTIVE,34,0.13782651332798432,9,frozen_learned_node_score,0
1245,1244,prospective_v4,REGISTERED_UNEVALUATED,243cd17e6b97a2d96709ddfc689a068038669341a52dcc0743c141d309e43b9f,746efc843d53dff4e61394e26d458ea3f50c93e4,6a018e3036187a26ac9bcffda9fd7379d65d86cde84514faa08f4ea349b0f4bb,expanding,V4_G,V4_NEW_PROSPECTIVE,35,0.13489233490892003,16,frozen_learned_node_score,0
1245,1244,prospective_v4,REGISTERED_UNEVALUATED,243cd17e6b97a2d96709ddfc689a068038669341a52dcc0743c141d309e43b9f,746efc843d53dff4e61394e26d458ea3f50c93e4,6a018e3036187a26ac9bcffda9fd7379d65d86cde84514faa08f4ea349b0f4bb,expanding,V4_G,V4_NEW_PROSPECTIVE,36,0.13023011176857333,39,frozen_learned_node_score,0
1245,1244,prospective_v4,REGISTERED_UNEVALUATED,243cd17e6b97a2d96709ddfc689a068038669341a52dcc0743c141d309e43b9f,746efc843d53dff4e61394e26d458ea3f50c93e4,6a018e3036187a26ac9bcffda9fd7379d65d86cde84514faa08f4ea349b0f4bb,expanding,V4_G,V4_NEW_PROSPECTIVE,37,0.13489233490892003,17,frozen_learned_node_score,0
1245,1244,prospective_v4,REGISTERED_UNEVALUATED,243cd17e6b97a2d96709ddfc689a068038669341a52dcc0743c141d309e43b9f,746efc843d53dff4e61394e26d458ea3f50c93e4,6a018e3036187a26ac9bcffda9fd7379d65d86cde84514faa08f4ea349b0f4bb,expanding,V4_G,V4_NEW_PROSPECTIVE,38,0.13782651332798432,10,frozen_learned_node_score,0
1245,1244,prospective_v4,REGISTERED_UNEVALUATED,243cd17e6b97a2d96709ddfc689a068038669341a52dcc0743c141d309e43b9f,746efc843d53dff4e61394e26d458ea3f50c93e4,6a018e3036187a26ac9bcffda9fd7379d65d86cde84514faa08f4ea349b0f4bb,expanding,V4_G,V4_NEW_PROSPECTIVE,39,0.13489233490892003,18,frozen_learned_node_score,0
1245,1244,prospective_v4,REGISTERED_UNEVALUATED,243cd17e6b97a2d96709ddfc689a068038669341a52dcc0743c141d309e43b9f,746efc843d53dff4e61394e26d458ea3f50c93e4,6a018e3036187a26ac9bcffda9fd7379d65d86cde84514faa08f4ea349b0f4bb,expanding,V4_G,V4_NEW_PROSPECTIVE,40,0.13489233490892003,19,frozen_learned_node_score,0
1245,1244,prospective_v4,REGISTERED_UNEVALUATED,243cd17e6b97a2d96709ddfc689a068038669341a52dcc0743c141d309e43b9f,746efc843d53dff4e61394e26d458ea3f50c93e4,6a018e3036187a26ac9bcffda9fd7379d65d86cde84514faa08f4ea349b0f4bb,expanding,V4_G,V4_NEW_PROSPECTIVE,41,0.12724208498856385,45,frozen_learned_node_score,0
1245,1244,prospective_v4,REGISTERED_UNEVALUATED,243cd17e6b97a2d96709ddfc689a068038669341a52dcc0743c141d309e43b9f,746efc843d53dff4e61394e26d458ea3f50c93e4,6a018e3036187a26ac9bcffda9fd7379d65d86cde84514faa08f4ea349b0f4bb,expanding,V4_G,V4_NEW_PROSPECTIVE,42,0.13489233490892003,20,frozen_learned_node_score,0
1245,1244,prospective_v4,REGISTERED_UNEVALUATED,243cd17e6b97a2d96709ddfc689a068038669341a52dcc0743c141d309e43b9f,746efc843d53dff4e61394e26d458ea3f50c93e4,6a018e3036187a26ac9bcffda9fd7379d65d86cde84514faa08f4ea349b0f4bb,expanding,V4_G,V4_NEW_PROSPECTIVE,43,0.1403454338607922,3,frozen_learned_node_score,1
1245,1244,prospective_v4,REGISTERED_UNEVALUATED,243cd17e6b97a2d96709ddfc689a068038669341a52dcc0743c141d309e43b9f,746efc843d53dff4e61394e26d458ea3f50c93e4,6a018e3036187a26ac9bcffda9fd7379d65d86cde84514faa08f4ea349b0f4bb,expanding,V4_G,V4_NEW_PROSPECTIVE,44,0.1403454338607922,4,frozen_learned_node_score,1
1245,1244,prospective_v4,REGISTERED_UNEVALUATED,243cd17e6b97a2d96709ddfc689a068038669341a52dcc0743c141d309e43b9f,746efc843d53dff4e61394e26d458ea3f50c93e4,6a018e3036187a26ac9bcffda9fd7379d65d86cde84514faa08f4ea349b0f4bb,expanding,V4_G,V4_NEW_PROSPECTIVE,45,0.13146800646800647,30,frozen_learned_node_score,0
1245,1244,prospective_v4,REGISTERED_UNEVALUATED,243cd17e6b97a2d96709ddfc689a068038669341a52dcc0743c141d309e43b9f,746efc843d53dff4e61394e26d458ea3f50c93e4,6a018e3036187a26ac9bcffda9fd7379d65d86cde84514faa08f4ea349b0f4bb,expanding,V4_C,V4_NEW_PROSPECTIVE,1,0.13228161285581305,28,frozen_learned_node_score,0
1245,1244,prospective_v4,REGISTERED_UNEVALUATED,243cd17e6b97a2d96709ddfc689a068038669341a52dcc0743c141d309e43b9f,746efc843d53dff4e61394e26d458ea3f50c93e4,6a018e3036187a26ac9bcffda9fd7379d65d86cde84514faa08f4ea349b0f4bb,expanding,V4_C,V4_NEW_PROSPECTIVE,2,0.13333808946279518,7,frozen_learned_node_score,0
1245,1244,prospective_v4,REGISTERED_UNEVALUATED,243cd17e6b97a2d96709ddfc689a068038669341a52dcc0743c141d309e43b9f,746efc843d53dff4e61394e26d458ea3f50c93e4,6a018e3036187a26ac9bcffda9fd7379d65d86cde84514faa08f4ea349b0f4bb,expanding,V4_C,V4_NEW_PROSPECTIVE,3,0.13307503166679086,17,frozen_learned_node_score,0
1245,1244,prospective_v4,REGISTERED_UNEVALUATED,243cd17e6b97a2d96709ddfc689a068038669341a52dcc0743c141d309e43b9f,746efc843d53dff4e61394e26d458ea3f50c93e4,6a018e3036187a26ac9bcffda9fd7379d65d86cde84514faa08f4ea349b0f4bb,expanding,V4_C,V4_NEW_PROSPECTIVE,4,0.13228161285581305,29,frozen_learned_node_score,0
1245,1244,prospective_v4,REGISTERED_UNEVALUATED,243cd17e6b97a2d96709ddfc689a068038669341a52dcc0743c141d309e43b9f,746efc843d53dff4e61394e26d458ea3f50c93e4,6a018e3036187a26ac9bcffda9fd7379d65d86cde84514faa08f4ea349b0f4bb,expanding,V4_C,V4_NEW_PROSPECTIVE,5,0.13307503166679086,18,frozen_learned_node_score,0
1245,1244,prospective_v4,REGISTERED_UNEVALUATED,243cd17e6b97a2d96709ddfc689a068038669341a52dcc0743c141d309e43b9f,746efc843d53dff4e61394e26d458ea3f50c93e4,6a018e3036187a26ac9bcffda9fd7379d65d86cde84514faa08f4ea349b0f4bb,expanding,V4_C,V4_NEW_PROSPECTIVE,6,0.13228161285581305,30,frozen_learned_node_score,0
1245,1244,prospective_v4,REGISTERED_UNEVALUATED,243cd17e6b97a2d96709ddfc689a068038669341a52dcc0743c141d309e43b9f,746efc843d53dff4e61394e26d458ea3f50c93e4,6a018e3036187a26ac9bcffda9fd7379d65d86cde84514faa08f4ea349b0f4bb,expanding,V4_C,V4_NEW_PROSPECTIVE,7,0.13333808946279518,8,frozen_learned_node_score,0
1245,1244,prospective_v4,REGISTERED_UNEVALUATED,243cd17e6b97a2d96709ddfc689a068038669341a52dcc0743c141d309e43b9f,746efc843d53dff4e61394e26d458ea3f50c93e4,6a018e3036187a26ac9bcffda9fd7379d65d86cde84514faa08f4ea349b0f4bb,expanding,V4_C,V4_NEW_PROSPECTIVE,8,0.13307503166679086,19,frozen_learned_node_score,0
1245,1244,prospective_v4,REGISTERED_UNEVALUATED,243cd17e6b97a2d96709ddfc689a068038669341a52dcc0743c141d309e43b9f,746efc843d53dff4e61394e26d458ea3f50c93e4,6a018e3036187a26ac9bcffda9fd7379d65d86cde84514faa08f4ea349b0f4bb,expanding,V4_C,V4_NEW_PROSPECTIVE,9,0.13228161285581305,31,frozen_learned_node_score,0
1245,1244,prospective_v4,REGISTERED_UNEVALUATED,243cd17e6b97a2d96709ddfc689a068038669341a52dcc0743c141d309e43b9f,746efc843d53dff4e61394e26d458ea3f50c93e4,6a018e3036187a26ac9bcffda9fd7379d65d86cde84514faa08f4ea349b0f4bb,expanding,V4_C,V4_NEW_PROSPECTIVE,10,0.13333808946279518,9,frozen_learned_node_score,0
1245,1244,prospective_v4,REGISTERED_UNEVALUATED,243cd17e6b97a2d96709ddfc689a068038669341a52dcc0743c141d309e43b9f,746efc843d53dff4e61394e26d458ea3f50c93e4,6a018e3036187a26ac9bcffda9fd7379d65d86cde84514faa08f4ea349b0f4bb,expanding,V4_C,V4_NEW_PROSPECTIVE,11,0.13740326741186587,2,frozen_learned_node_score,1
1245,1244,prospective_v4,REGISTERED_UNEVALUATED,243cd17e6b97a2d96709ddfc689a068038669341a52dcc0743c141d309e43b9f,746efc843d53dff4e61394e26d458ea3f50c93e4,6a018e3036187a26ac9bcffda9fd7379d65d86cde84514faa08f4ea349b0f4bb,expanding,V4_C,V4_NEW_PROSPECTIVE,12,0.13228161285581305,32,frozen_learned_node_score,0
1245,1244,prospective_v4,REGISTERED_UNEVALUATED,243cd17e6b97a2d96709ddfc689a068038669341a52dcc0743c141d309e43b9f,746efc843d53dff4e61394e26d458ea3f50c93e4,6a018e3036187a26ac9bcffda9fd7379d65d86cde84514faa08f4ea349b0f4bb,expanding,V4_C,V4_NEW_PROSPECTIVE,13,0.13975155279503104,1,frozen_learned_node_score,1
1245,1244,prospective_v4,REGISTERED_UNEVALUATED,243cd17e6b97a2d96709ddfc689a068038669341a52dcc0743c141d309e43b9f,746efc843d53dff4e61394e26d458ea3f50c93e4,6a018e3036187a26ac9bcffda9fd7379d65d86cde84514faa08f4ea349b0f4bb,expanding,V4_C,V4_NEW_PROSPECTIVE,14,0.13307503166679086,20,frozen_learned_node_score,0
1245,1244,prospective_v4,REGISTERED_UNEVALUATED,243cd17e6b97a2d96709ddfc689a068038669341a52dcc0743c141d309e43b9f,746efc843d53dff4e61394e26d458ea3f50c93e4,6a018e3036187a26ac9bcffda9fd7379d65d86cde84514faa08f4ea349b0f4bb,expanding,V4_C,V4_NEW_PROSPECTIVE,15,0.13228161285581305,33,frozen_learned_node_score,0
1245,1244,prospective_v4,REGISTERED_UNEVALUATED,243cd17e6b97a2d96709ddfc689a068038669341a52dcc0743c141d309e43b9f,746efc843d53dff4e61394e26d458ea3f50c93e4,6a018e3036187a26ac9bcffda9fd7379d65d86cde84514faa08f4ea349b0f4bb,expanding,V4_C,V4_NEW_PROSPECTIVE,16,0.13333808946279518,10,frozen_learned_node_score,0
1245,1244,prospective_v4,REGISTERED_UNEVALUATED,243cd17e6b97a2d96709ddfc689a068038669341a52dcc0743c141d309e43b9f,746efc843d53dff4e61394e26d458ea3f50c93e4,6a018e3036187a26ac9bcffda9fd7379d65d86cde84514faa08f4ea349b0f4bb,expanding,V4_C,V4_NEW_PROSPECTIVE,17,0.13307503166679086,21,frozen_learned_node_score,0
1245,1244,prospective_v4,REGISTERED_UNEVALUATED,243cd17e6b97a2d96709ddfc689a068038669341a52dcc0743c141d309e43b9f,746efc843d53dff4e61394e26d458ea3f50c93e4,6a018e3036187a26ac9bcffda9fd7379d65d86cde84514faa08f4ea349b0f4bb,expanding,V4_C,V4_NEW_PROSPECTIVE,18,0.13400833829660513,5,frozen_learned_node_score,1
1245,1244,prospective_v4,REGISTERED_UNEVALUATED,243cd17e6b97a2d96709ddfc689a068038669341a52dcc0743c141d309e43b9f,746efc843d53dff4e61394e26d458ea3f50c93e4,6a018e3036187a26ac9bcffda9fd7379d65d86cde84514faa08f4ea349b0f4bb,expanding,V4_C,V4_NEW_PROSPECTIVE,19,0.13228161285581305,34,frozen_learned_node_score,0
1245,1244,prospective_v4,REGISTERED_UNEVALUATED,243cd17e6b97a2d96709ddfc689a068038669341a52dcc0743c141d309e43b9f,746efc843d53dff4e61394e26d458ea3f50c93e4,6a018e3036187a26ac9bcffda9fd7379d65d86cde84514faa08f4ea349b0f4bb,expanding,V4_C,V4_NEW_PROSPECTIVE,20,0.13333808946279518,11,frozen_learned_node_score,0
1245,1244,prospective_v4,REGISTERED_UNEVALUATED,243cd17e6b97a2d96709ddfc689a068038669341a52dcc0743c141d309e43b9f,746efc843d53dff4e61394e26d458ea3f50c93e4,6a018e3036187a26ac9bcffda9fd7379d65d86cde84514faa08f4ea349b0f4bb,expanding,V4_C,V4_NEW_PROSPECTIVE,21,0.13228161285581305,35,frozen_learned_node_score,0
1245,1244,prospective_v4,REGISTERED_UNEVALUATED,243cd17e6b97a2d96709ddfc689a068038669341a52dcc0743c141d309e43b9f,746efc843d53dff4e61394e26d458ea3f50c93e4,6a018e3036187a26ac9bcffda9fd7379d65d86cde84514faa08f4ea349b0f4bb,expanding,V4_C,V4_NEW_PROSPECTIVE,22,0.13228161285581305,36,frozen_learned_node_score,0
1245,1244,prospective_v4,REGISTERED_UNEVALUATED,243cd17e6b97a2d96709ddfc689a068038669341a52dcc0743c141d309e43b9f,746efc843d53dff4e61394e26d458ea3f50c93e4,6a018e3036187a26ac9bcffda9fd7379d65d86cde84514faa08f4ea349b0f4bb,expanding,V4_C,V4_NEW_PROSPECTIVE,23,0.13333808946279518,12,frozen_learned_node_score,0
1245,1244,prospective_v4,REGISTERED_UNEVALUATED,243cd17e6b97a2d96709ddfc689a068038669341a52dcc0743c141d309e43b9f,746efc843d53dff4e61394e26d458ea3f50c93e4,6a018e3036187a26ac9bcffda9fd7379d65d86cde84514faa08f4ea349b0f4bb,expanding,V4_C,V4_NEW_PROSPECTIVE,24,0.13333808946279518,13,frozen_learned_node_score,0
1245,1244,prospective_v4,REGISTERED_UNEVALUATED,243cd17e6b97a2d96709ddfc689a068038669341a52dcc0743c141d309e43b9f,746efc843d53dff4e61394e26d458ea3f50c93e4,6a018e3036187a26ac9bcffda9fd7379d65d86cde84514faa08f4ea349b0f4bb,expanding,V4_C,V4_NEW_PROSPECTIVE,25,0.13307503166679086,22,frozen_learned_node_score,0
1245,1244,prospective_v4,REGISTERED_UNEVALUATED,243cd17e6b97a2d96709ddfc689a068038669341a52dcc0743c141d309e43b9f,746efc843d53dff4e61394e26d458ea3f50c93e4,6a018e3036187a26ac9bcffda9fd7379d65d86cde84514faa08f4ea349b0f4bb,expanding,V4_C,V4_NEW_PROSPECTIVE,26,0.13228161285581305,37,frozen_learned_node_score,0
1245,1244,prospective_v4,REGISTERED_UNEVALUATED,243cd17e6b97a2d96709ddfc689a068038669341a52dcc0743c141d309e43b9f,746efc843d53dff4e61394e26d458ea3f50c93e4,6a018e3036187a26ac9bcffda9fd7379d65d86cde84514faa08f4ea349b0f4bb,expanding,V4_C,V4_NEW_PROSPECTIVE,27,0.13307503166679086,23,frozen_learned_node_score,0
1245,1244,prospective_v4,REGISTERED_UNEVALUATED,243cd17e6b97a2d96709ddfc689a068038669341a52dcc0743c141d309e43b9f,746efc843d53dff4e61394e26d458ea3f50c93e4,6a018e3036187a26ac9bcffda9fd7379d65d86cde84514faa08f4ea349b0f4bb,expanding,V4_C,V4_NEW_PROSPECTIVE,28,0.13307503166679086,24,frozen_learned_node_score,0
1245,1244,prospective_v4,REGISTERED_UNEVALUATED,243cd17e6b97a2d96709ddfc689a068038669341a52dcc0743c141d309e43b9f,746efc843d53dff4e61394e26d458ea3f50c93e4,6a018e3036187a26ac9bcffda9fd7379d65d86cde84514faa08f4ea349b0f4bb,expanding,V4_C,V4_NEW_PROSPECTIVE,29,0.13228161285581305,38,frozen_learned_node_score,0
1245,1244,prospective_v4,REGISTERED_UNEVALUATED,243cd17e6b97a2d96709ddfc689a068038669341a52dcc0743c141d309e43b9f,746efc843d53dff4e61394e26d458ea3f50c93e4,6a018e3036187a26ac9bcffda9fd7379d65d86cde84514faa08f4ea349b0f4bb,expanding,V4_C,V4_NEW_PROSPECTIVE,30,0.13307503166679086,25,frozen_learned_node_score,0
1245,1244,prospective_v4,REGISTERED_UNEVALUATED,243cd17e6b97a2d96709ddfc689a068038669341a52dcc0743c141d309e43b9f,746efc843d53dff4e61394e26d458ea3f50c93e4,6a018e3036187a26ac9bcffda9fd7379d65d86cde84514faa08f4ea349b0f4bb,expanding,V4_C,V4_NEW_PROSPECTIVE,31,0.13333808946279518,14,frozen_learned_node_score,0
1245,1244,prospective_v4,REGISTERED_UNEVALUATED,243cd17e6b97a2d96709ddfc689a068038669341a52dcc0743c141d309e43b9f,746efc843d53dff4e61394e26d458ea3f50c93e4,6a018e3036187a26ac9bcffda9fd7379d65d86cde84514faa08f4ea349b0f4bb,expanding,V4_C,V4_NEW_PROSPECTIVE,32,0.13333808946279518,15,frozen_learned_node_score,0
1245,1244,prospective_v4,REGISTERED_UNEVALUATED,243cd17e6b97a2d96709ddfc689a068038669341a52dcc0743c141d309e43b9f,746efc843d53dff4e61394e26d458ea3f50c93e4,6a018e3036187a26ac9bcffda9fd7379d65d86cde84514faa08f4ea349b0f4bb,expanding,V4_C,V4_NEW_PROSPECTIVE,33,0.13228161285581305,39,frozen_learned_node_score,0
1245,1244,prospective_v4,REGISTERED_UNEVALUATED,243cd17e6b97a2d96709ddfc689a068038669341a52dcc0743c141d309e43b9f,746efc843d53dff4e61394e26d458ea3f50c93e4,6a018e3036187a26ac9bcffda9fd7379d65d86cde84514faa08f4ea349b0f4bb,expanding,V4_C,V4_NEW_PROSPECTIVE,34,0.13740326741186587,3,frozen_learned_node_score,1
1245,1244,prospective_v4,REGISTERED_UNEVALUATED,243cd17e6b97a2d96709ddfc689a068038669341a52dcc0743c141d309e43b9f,746efc843d53dff4e61394e26d458ea3f50c93e4,6a018e3036187a26ac9bcffda9fd7379d65d86cde84514faa08f4ea349b0f4bb,expanding,V4_C,V4_NEW_PROSPECTIVE,35,0.13307503166679086,26,frozen_learned_node_score,0
1245,1244,prospective_v4,REGISTERED_UNEVALUATED,243cd17e6b97a2d96709ddfc689a068038669341a52dcc0743c141d309e43b9f,746efc843d53dff4e61394e26d458ea3f50c93e4,6a018e3036187a26ac9bcffda9fd7379d65d86cde84514faa08f4ea349b0f4bb,expanding,V4_C,V4_NEW_PROSPECTIVE,36,0.13228161285581305,40,frozen_learned_node_score,0
1245,1244,prospective_v4,REGISTERED_UNEVALUATED,243cd17e6b97a2d96709ddfc689a068038669341a52dcc0743c141d309e43b9f,746efc843d53dff4e61394e26d458ea3f50c93e4,6a018e3036187a26ac9bcffda9fd7379d65d86cde84514faa08f4ea349b0f4bb,expanding,V4_C,V4_NEW_PROSPECTIVE,37,0.13228161285581305,41,frozen_learned_node_score,0
1245,1244,prospective_v4,REGISTERED_UNEVALUATED,243cd17e6b97a2d96709ddfc689a068038669341a52dcc0743c141d309e43b9f,746efc843d53dff4e61394e26d458ea3f50c93e4,6a018e3036187a26ac9bcffda9fd7379d65d86cde84514faa08f4ea349b0f4bb,expanding,V4_C,V4_NEW_PROSPECTIVE,38,0.13400833829660513,6,frozen_learned_node_score,1
1245,1244,prospective_v4,REGISTERED_UNEVALUATED,243cd17e6b97a2d96709ddfc689a068038669341a52dcc0743c141d309e43b9f,746efc843d53dff4e61394e26d458ea3f50c93e4,6a018e3036187a26ac9bcffda9fd7379d65d86cde84514faa08f4ea349b0f4bb,expanding,V4_C,V4_NEW_PROSPECTIVE,39,0.13228161285581305,42,frozen_learned_node_score,0
1245,1244,prospective_v4,REGISTERED_UNEVALUATED,243cd17e6b97a2d96709ddfc689a068038669341a52dcc0743c141d309e43b9f,746efc843d53dff4e61394e26d458ea3f50c93e4,6a018e3036187a26ac9bcffda9fd7379d65d86cde84514faa08f4ea349b0f4bb,expanding,V4_C,V4_NEW_PROSPECTIVE,40,0.13228161285581305,43,frozen_learned_node_score,0
1245,1244,prospective_v4,REGISTERED_UNEVALUATED,243cd17e6b97a2d96709ddfc689a068038669341a52dcc0743c141d309e43b9f,746efc843d53dff4e61394e26d458ea3f50c93e4,6a018e3036187a26ac9bcffda9fd7379d65d86cde84514faa08f4ea349b0f4bb,expanding,V4_C,V4_NEW_PROSPECTIVE,41,0.13228161285581305,44,frozen_learned_node_score,0
1245,1244,prospective_v4,REGISTERED_UNEVALUATED,243cd17e6b97a2d96709ddfc689a068038669341a52dcc0743c141d309e43b9f,746efc843d53dff4e61394e26d458ea3f50c93e4,6a018e3036187a26ac9bcffda9fd7379d65d86cde84514faa08f4ea349b0f4bb,expanding,V4_C,V4_NEW_PROSPECTIVE,42,0.13228161285581305,45,frozen_learned_node_score,0
1245,1244,prospective_v4,REGISTERED_UNEVALUATED,243cd17e6b97a2d96709ddfc689a068038669341a52dcc0743c141d309e43b9f,746efc843d53dff4e61394e26d458ea3f50c93e4,6a018e3036187a26ac9bcffda9fd7379d65d86cde84514faa08f4ea349b0f4bb,expanding,V4_C,V4_NEW_PROSPECTIVE,43,0.13740326741186587,4,frozen_learned_node_score,1
1245,1244,prospective_v4,REGISTERED_UNEVALUATED,243cd17e6b97a2d96709ddfc689a068038669341a52dcc0743c141d309e43b9f,746efc843d53dff4e61394e26d458ea3f50c93e4,6a018e3036187a26ac9bcffda9fd7379d65d86cde84514faa08f4ea349b0f4bb,expanding,V4_C,V4_NEW_PROSPECTIVE,44,0.13333808946279518,16,frozen_learned_node_score,0
1245,1244,prospective_v4,REGISTERED_UNEVALUATED,243cd17e6b97a2d96709ddfc689a068038669341a52dcc0743c141d309e43b9f,746efc843d53dff4e61394e26d458ea3f50c93e4,6a018e3036187a26ac9bcffda9fd7379d65d86cde84514faa08f4ea349b0f4bb,expanding,V4_C,V4_NEW_PROSPECTIVE,45,0.13307503166679086,27,frozen_learned_node_score,0
1245,1244,prospective_v4,REGISTERED_UNEVALUATED,243cd17e6b97a2d96709ddfc689a068038669341a52dcc0743c141d309e43b9f,746efc843d53dff4e61394e26d458ea3f50c93e4,6a018e3036187a26ac9bcffda9fd7379d65d86cde84514faa08f4ea349b0f4bb,expanding,V4_M,V4_NEW_PROSPECTIVE,1,0.13183605245191515,35,frozen_learned_node_score,0
1245,1244,prospective_v4,REGISTERED_UNEVALUATED,243cd17e6b97a2d96709ddfc689a068038669341a52dcc0743c141d309e43b9f,746efc843d53dff4e61394e26d458ea3f50c93e4,6a018e3036187a26ac9bcffda9fd7379d65d86cde84514faa08f4ea349b0f4bb,expanding,V4_M,V4_NEW_PROSPECTIVE,2,0.13183605245191515,36,frozen_learned_node_score,0
1245,1244,prospective_v4,REGISTERED_UNEVALUATED,243cd17e6b97a2d96709ddfc689a068038669341a52dcc0743c141d309e43b9f,746efc843d53dff4e61394e26d458ea3f50c93e4,6a018e3036187a26ac9bcffda9fd7379d65d86cde84514faa08f4ea349b0f4bb,expanding,V4_M,V4_NEW_PROSPECTIVE,3,0.1349095283690555,1,frozen_learned_node_score,1
1245,1244,prospective_v4,REGISTERED_UNEVALUATED,243cd17e6b97a2d96709ddfc689a068038669341a52dcc0743c141d309e43b9f,746efc843d53dff4e61394e26d458ea3f50c93e4,6a018e3036187a26ac9bcffda9fd7379d65d86cde84514faa08f4ea349b0f4bb,expanding,V4_M,V4_NEW_PROSPECTIVE,4,0.13361773070510935,13,frozen_learned_node_score,0
1245,1244,prospective_v4,REGISTERED_UNEVALUATED,243cd17e6b97a2d96709ddfc689a068038669341a52dcc0743c141d309e43b9f,746efc843d53dff4e61394e26d458ea3f50c93e4,6a018e3036187a26ac9bcffda9fd7379d65d86cde84514faa08f4ea349b0f4bb,expanding,V4_M,V4_NEW_PROSPECTIVE,5,0.13301877062706272,26,frozen_learned_node_score,0
1245,1244,prospective_v4,REGISTERED_UNEVALUATED,243cd17e6b97a2d96709ddfc689a068038669341a52dcc0743c141d309e43b9f,746efc843d53dff4e61394e26d458ea3f50c93e4,6a018e3036187a26ac9bcffda9fd7379d65d86cde84514faa08f4ea349b0f4bb,expanding,V4_M,V4_NEW_PROSPECTIVE,6,0.13301877062706272,27,frozen_learned_node_score,0
1245,1244,prospective_v4,REGISTERED_UNEVALUATED,243cd17e6b97a2d96709ddfc689a068038669341a52dcc0743c141d309e43b9f,746efc843d53dff4e61394e26d458ea3f50c93e4,6a018e3036187a26ac9bcffda9fd7379d65d86cde84514faa08f4ea349b0f4bb,expanding,V4_M,V4_NEW_PROSPECTIVE,7,0.13361773070510935,14,frozen_learned_node_score,0
1245,1244,prospective_v4,REGISTERED_UNEVALUATED,243cd17e6b97a2d96709ddfc689a068038669341a52dcc0743c141d309e43b9f,746efc843d53dff4e61394e26d458ea3f50c93e4,6a018e3036187a26ac9bcffda9fd7379d65d86cde84514faa08f4ea349b0f4bb,expanding,V4_M,V4_NEW_PROSPECTIVE,8,0.13301877062706272,28,frozen_learned_node_score,0
1245,1244,prospective_v4,REGISTERED_UNEVALUATED,243cd17e6b97a2d96709ddfc689a068038669341a52dcc0743c141d309e43b9f,746efc843d53dff4e61394e26d458ea3f50c93e4,6a018e3036187a26ac9bcffda9fd7379d65d86cde84514faa08f4ea349b0f4bb,expanding,V4_M,V4_NEW_PROSPECTIVE,9,0.13361773070510935,15,frozen_learned_node_score,0
1245,1244,prospective_v4,REGISTERED_UNEVALUATED,243cd17e6b97a2d96709ddfc689a068038669341a52dcc0743c141d309e43b9f,746efc843d53dff4e61394e26d458ea3f50c93e4,6a018e3036187a26ac9bcffda9fd7379d65d86cde84514faa08f4ea349b0f4bb,expanding,V4_M,V4_NEW_PROSPECTIVE,10,0.1349095283690555,2,frozen_learned_node_score,1
1245,1244,prospective_v4,REGISTERED_UNEVALUATED,243cd17e6b97a2d96709ddfc689a068038669341a52dcc0743c141d309e43b9f,746efc843d53dff4e61394e26d458ea3f50c93e4,6a018e3036187a26ac9bcffda9fd7379d65d86cde84514faa08f4ea349b0f4bb,expanding,V4_M,V4_NEW_PROSPECTIVE,11,0.13361773070510935,16,frozen_learned_node_score,0
1245,1244,prospective_v4,REGISTERED_UNEVALUATED,243cd17e6b97a2d96709ddfc689a068038669341a52dcc0743c141d309e43b9f,746efc843d53dff4e61394e26d458ea3f50c93e4,6a018e3036187a26ac9bcffda9fd7379d65d86cde84514faa08f4ea349b0f4bb,expanding,V4_M,V4_NEW_PROSPECTIVE,12,0.13361773070510935,17,frozen_learned_node_score,0
1245,1244,prospective_v4,REGISTERED_UNEVALUATED,243cd17e6b97a2d96709ddfc689a068038669341a52dcc0743c141d309e43b9f,746efc843d53dff4e61394e26d458ea3f50c93e4,6a018e3036187a26ac9bcffda9fd7379d65d86cde84514faa08f4ea349b0f4bb,expanding,V4_M,V4_NEW_PROSPECTIVE,13,0.13361773070510935,18,frozen_learned_node_score,0
1245,1244,prospective_v4,REGISTERED_UNEVALUATED,243cd17e6b97a2d96709ddfc689a068038669341a52dcc0743c141d309e43b9f,746efc843d53dff4e61394e26d458ea3f50c93e4,6a018e3036187a26ac9bcffda9fd7379d65d86cde84514faa08f4ea349b0f4bb,expanding,V4_M,V4_NEW_PROSPECTIVE,14,0.13301877062706272,29,frozen_learned_node_score,0
1245,1244,prospective_v4,REGISTERED_UNEVALUATED,243cd17e6b97a2d96709ddfc689a068038669341a52dcc0743c141d309e43b9f,746efc843d53dff4e61394e26d458ea3f50c93e4,6a018e3036187a26ac9bcffda9fd7379d65d86cde84514faa08f4ea349b0f4bb,expanding,V4_M,V4_NEW_PROSPECTIVE,15,0.13183605245191515,37,frozen_learned_node_score,0
1245,1244,prospective_v4,REGISTERED_UNEVALUATED,243cd17e6b97a2d96709ddfc689a068038669341a52dcc0743c141d309e43b9f,746efc843d53dff4e61394e26d458ea3f50c93e4,6a018e3036187a26ac9bcffda9fd7379d65d86cde84514faa08f4ea349b0f4bb,expanding,V4_M,V4_NEW_PROSPECTIVE,16,0.13361773070510935,19,frozen_learned_node_score,0
1245,1244,prospective_v4,REGISTERED_UNEVALUATED,243cd17e6b97a2d96709ddfc689a068038669341a52dcc0743c141d309e43b9f,746efc843d53dff4e61394e26d458ea3f50c93e4,6a018e3036187a26ac9bcffda9fd7379d65d86cde84514faa08f4ea349b0f4bb,expanding,V4_M,V4_NEW_PROSPECTIVE,17,0.1349095283690555,3,frozen_learned_node_score,1
1245,1244,prospective_v4,REGISTERED_UNEVALUATED,243cd17e6b97a2d96709ddfc689a068038669341a52dcc0743c141d309e43b9f,746efc843d53dff4e61394e26d458ea3f50c93e4,6a018e3036187a26ac9bcffda9fd7379d65d86cde84514faa08f4ea349b0f4bb,expanding,V4_M,V4_NEW_PROSPECTIVE,18,0.13183605245191515,38,frozen_learned_node_score,0
1245,1244,prospective_v4,REGISTERED_UNEVALUATED,243cd17e6b97a2d96709ddfc689a068038669341a52dcc0743c141d309e43b9f,746efc843d53dff4e61394e26d458ea3f50c93e4,6a018e3036187a26ac9bcffda9fd7379d65d86cde84514faa08f4ea349b0f4bb,expanding,V4_M,V4_NEW_PROSPECTIVE,19,0.13361773070510935,20,frozen_learned_node_score,0
1245,1244,prospective_v4,REGISTERED_UNEVALUATED,243cd17e6b97a2d96709ddfc689a068038669341a52dcc0743c141d309e43b9f,746efc843d53dff4e61394e26d458ea3f50c93e4,6a018e3036187a26ac9bcffda9fd7379d65d86cde84514faa08f4ea349b0f4bb,expanding,V4_M,V4_NEW_PROSPECTIVE,20,0.13183605245191515,39,frozen_learned_node_score,0
1245,1244,prospective_v4,REGISTERED_UNEVALUATED,243cd17e6b97a2d96709ddfc689a068038669341a52dcc0743c141d309e43b9f,746efc843d53dff4e61394e26d458ea3f50c93e4,6a018e3036187a26ac9bcffda9fd7379d65d86cde84514faa08f4ea349b0f4bb,expanding,V4_M,V4_NEW_PROSPECTIVE,21,0.13301877062706272,30,frozen_learned_node_score,0
1245,1244,prospective_v4,REGISTERED_UNEVALUATED,243cd17e6b97a2d96709ddfc689a068038669341a52dcc0743c141d309e43b9f,746efc843d53dff4e61394e26d458ea3f50c93e4,6a018e3036187a26ac9bcffda9fd7379d65d86cde84514faa08f4ea349b0f4bb,expanding,V4_M,V4_NEW_PROSPECTIVE,22,0.13183605245191515,40,frozen_learned_node_score,0
1245,1244,prospective_v4,REGISTERED_UNEVALUATED,243cd17e6b97a2d96709ddfc689a068038669341a52dcc0743c141d309e43b9f,746efc843d53dff4e61394e26d458ea3f50c93e4,6a018e3036187a26ac9bcffda9fd7379d65d86cde84514faa08f4ea349b0f4bb,expanding,V4_M,V4_NEW_PROSPECTIVE,23,0.1349095283690555,4,frozen_learned_node_score,1
1245,1244,prospective_v4,REGISTERED_UNEVALUATED,243cd17e6b97a2d96709ddfc689a068038669341a52dcc0743c141d309e43b9f,746efc843d53dff4e61394e26d458ea3f50c93e4,6a018e3036187a26ac9bcffda9fd7379d65d86cde84514faa08f4ea349b0f4bb,expanding,V4_M,V4_NEW_PROSPECTIVE,24,0.13361773070510935,21,frozen_learned_node_score,0
1245,1244,prospective_v4,REGISTERED_UNEVALUATED,243cd17e6b97a2d96709ddfc689a068038669341a52dcc0743c141d309e43b9f,746efc843d53dff4e61394e26d458ea3f50c93e4,6a018e3036187a26ac9bcffda9fd7379d65d86cde84514faa08f4ea349b0f4bb,expanding,V4_M,V4_NEW_PROSPECTIVE,25,0.1349095283690555,5,frozen_learned_node_score,1
1245,1244,prospective_v4,REGISTERED_UNEVALUATED,243cd17e6b97a2d96709ddfc689a068038669341a52dcc0743c141d309e43b9f,746efc843d53dff4e61394e26d458ea3f50c93e4,6a018e3036187a26ac9bcffda9fd7379d65d86cde84514faa08f4ea349b0f4bb,expanding,V4_M,V4_NEW_PROSPECTIVE,26,0.13301877062706272,31,frozen_learned_node_score,0
1245,1244,prospective_v4,REGISTERED_UNEVALUATED,243cd17e6b97a2d96709ddfc689a068038669341a52dcc0743c141d309e43b9f,746efc843d53dff4e61394e26d458ea3f50c93e4,6a018e3036187a26ac9bcffda9fd7379d65d86cde84514faa08f4ea349b0f4bb,expanding,V4_M,V4_NEW_PROSPECTIVE,27,0.1349095283690555,6,frozen_learned_node_score,1
1245,1244,prospective_v4,REGISTERED_UNEVALUATED,243cd17e6b97a2d96709ddfc689a068038669341a52dcc0743c141d309e43b9f,746efc843d53dff4e61394e26d458ea3f50c93e4,6a018e3036187a26ac9bcffda9fd7379d65d86cde84514faa08f4ea349b0f4bb,expanding,V4_M,V4_NEW_PROSPECTIVE,28,0.1349095283690555,7,frozen_learned_node_score,0
1245,1244,prospective_v4,REGISTERED_UNEVALUATED,243cd17e6b97a2d96709ddfc689a068038669341a52dcc0743c141d309e43b9f,746efc843d53dff4e61394e26d458ea3f50c93e4,6a018e3036187a26ac9bcffda9fd7379d65d86cde84514faa08f4ea349b0f4bb,expanding,V4_M,V4_NEW_PROSPECTIVE,29,0.13361773070510935,22,frozen_learned_node_score,0
1245,1244,prospective_v4,REGISTERED_UNEVALUATED,243cd17e6b97a2d96709ddfc689a068038669341a52dcc0743c141d309e43b9f,746efc843d53dff4e61394e26d458ea3f50c93e4,6a018e3036187a26ac9bcffda9fd7379d65d86cde84514faa08f4ea349b0f4bb,expanding,V4_M,V4_NEW_PROSPECTIVE,30,0.1349095283690555,8,frozen_learned_node_score,0
1245,1244,prospective_v4,REGISTERED_UNEVALUATED,243cd17e6b97a2d96709ddfc689a068038669341a52dcc0743c141d309e43b9f,746efc843d53dff4e61394e26d458ea3f50c93e4,6a018e3036187a26ac9bcffda9fd7379d65d86cde84514faa08f4ea349b0f4bb,expanding,V4_M,V4_NEW_PROSPECTIVE,31,0.13183605245191515,41,frozen_learned_node_score,0
1245,1244,prospective_v4,REGISTERED_UNEVALUATED,243cd17e6b97a2d96709ddfc689a068038669341a52dcc0743c141d309e43b9f,746efc843d53dff4e61394e26d458ea3f50c93e4,6a018e3036187a26ac9bcffda9fd7379d65d86cde84514faa08f4ea349b0f4bb,expanding,V4_M,V4_NEW_PROSPECTIVE,32,0.1349095283690555,9,frozen_learned_node_score,0
1245,1244,prospective_v4,REGISTERED_UNEVALUATED,243cd17e6b97a2d96709ddfc689a068038669341a52dcc0743c141d309e43b9f,746efc843d53dff4e61394e26d458ea3f50c93e4,6a018e3036187a26ac9bcffda9fd7379d65d86cde84514faa08f4ea349b0f4bb,expanding,V4_M,V4_NEW_PROSPECTIVE,33,0.13301877062706272,32,frozen_learned_node_score,0
1245,1244,prospective_v4,REGISTERED_UNEVALUATED,243cd17e6b97a2d96709ddfc689a068038669341a52dcc0743c141d309e43b9f,746efc843d53dff4e61394e26d458ea3f50c93e4,6a018e3036187a26ac9bcffda9fd7379d65d86cde84514faa08f4ea349b0f4bb,expanding,V4_M,V4_NEW_PROSPECTIVE,34,0.13361773070510935,23,frozen_learned_node_score,0
1245,1244,prospective_v4,REGISTERED_UNEVALUATED,243cd17e6b97a2d96709ddfc689a068038669341a52dcc0743c141d309e43b9f,746efc843d53dff4e61394e26d458ea3f50c93e4,6a018e3036187a26ac9bcffda9fd7379d65d86cde84514faa08f4ea349b0f4bb,expanding,V4_M,V4_NEW_PROSPECTIVE,35,0.13301877062706272,33,frozen_learned_node_score,0
1245,1244,prospective_v4,REGISTERED_UNEVALUATED,243cd17e6b97a2d96709ddfc689a068038669341a52dcc0743c141d309e43b9f,746efc843d53dff4e61394e26d458ea3f50c93e4,6a018e3036187a26ac9bcffda9fd7379d65d86cde84514faa08f4ea349b0f4bb,expanding,V4_M,V4_NEW_PROSPECTIVE,36,0.1349095283690555,10,frozen_learned_node_score,0
1245,1244,prospective_v4,REGISTERED_UNEVALUATED,243cd17e6b97a2d96709ddfc689a068038669341a52dcc0743c141d309e43b9f,746efc843d53dff4e61394e26d458ea3f50c93e4,6a018e3036187a26ac9bcffda9fd7379d65d86cde84514faa08f4ea349b0f4bb,expanding,V4_M,V4_NEW_PROSPECTIVE,37,0.13361773070510935,24,frozen_learned_node_score,0
1245,1244,prospective_v4,REGISTERED_UNEVALUATED,243cd17e6b97a2d96709ddfc689a068038669341a52dcc0743c141d309e43b9f,746efc843d53dff4e61394e26d458ea3f50c93e4,6a018e3036187a26ac9bcffda9fd7379d65d86cde84514faa08f4ea349b0f4bb,expanding,V4_M,V4_NEW_PROSPECTIVE,38,0.13183605245191515,42,frozen_learned_node_score,0
1245,1244,prospective_v4,REGISTERED_UNEVALUATED,243cd17e6b97a2d96709ddfc689a068038669341a52dcc0743c141d309e43b9f,746efc843d53dff4e61394e26d458ea3f50c93e4,6a018e3036187a26ac9bcffda9fd7379d65d86cde84514faa08f4ea349b0f4bb,expanding,V4_M,V4_NEW_PROSPECTIVE,39,0.1349095283690555,11,frozen_learned_node_score,0
1245,1244,prospective_v4,REGISTERED_UNEVALUATED,243cd17e6b97a2d96709ddfc689a068038669341a52dcc0743c141d309e43b9f,746efc843d53dff4e61394e26d458ea3f50c93e4,6a018e3036187a26ac9bcffda9fd7379d65d86cde84514faa08f4ea349b0f4bb,expanding,V4_M,V4_NEW_PROSPECTIVE,40,0.13301877062706272,34,frozen_learned_node_score,0
1245,1244,prospective_v4,REGISTERED_UNEVALUATED,243cd17e6b97a2d96709ddfc689a068038669341a52dcc0743c141d309e43b9f,746efc843d53dff4e61394e26d458ea3f50c93e4,6a018e3036187a26ac9bcffda9fd7379d65d86cde84514faa08f4ea349b0f4bb,expanding,V4_M,V4_NEW_PROSPECTIVE,41,0.13183605245191515,43,frozen_learned_node_score,0
1245,1244,prospective_v4,REGISTERED_UNEVALUATED,243cd17e6b97a2d96709ddfc689a068038669341a52dcc0743c141d309e43b9f,746efc843d53dff4e61394e26d458ea3f50c93e4,6a018e3036187a26ac9bcffda9fd7379d65d86cde84514faa08f4ea349b0f4bb,expanding,V4_M,V4_NEW_PROSPECTIVE,42,0.13183605245191515,44,frozen_learned_node_score,0
1245,1244,prospective_v4,REGISTERED_UNEVALUATED,243cd17e6b97a2d96709ddfc689a068038669341a52dcc0743c141d309e43b9f,746efc843d53dff4e61394e26d458ea3f50c93e4,6a018e3036187a26ac9bcffda9fd7379d65d86cde84514faa08f4ea349b0f4bb,expanding,V4_M,V4_NEW_PROSPECTIVE,43,0.13361773070510935,25,frozen_learned_node_score,0
1245,1244,prospective_v4,REGISTERED_UNEVALUATED,243cd17e6b97a2d96709ddfc689a068038669341a52dcc0743c141d309e43b9f,746efc843d53dff4e61394e26d458ea3f50c93e4,6a018e3036187a26ac9bcffda9fd7379d65d86cde84514faa08f4ea349b0f4bb,expanding,V4_M,V4_NEW_PROSPECTIVE,44,0.13183605245191515,45,frozen_learned_node_score,0
1245,1244,prospective_v4,REGISTERED_UNEVALUATED,243cd17e6b97a2d96709ddfc689a068038669341a52dcc0743c141d309e43b9f,746efc843d53dff4e61394e26d458ea3f50c93e4,6a018e3036187a26ac9bcffda9fd7379d65d86cde84514faa08f4ea349b0f4bb,expanding,V4_M,V4_NEW_PROSPECTIVE,45,0.1349095283690555,12,frozen_learned_node_score,0
1245,1244,prospective_v4,REGISTERED_UNEVALUATED,243cd17e6b97a2d96709ddfc689a068038669341a52dcc0743c141d309e43b9f,746efc843d53dff4e61394e26d458ea3f50c93e4,6a018e3036187a26ac9bcffda9fd7379d65d86cde84514faa08f4ea349b0f4bb,expanding,V4_P,V4_NEW_PROSPECTIVE,1,0.253847995514355,10,frozen_learned_node_score,0
1245,1244,prospective_v4,REGISTERED_UNEVALUATED,243cd17e6b97a2d96709ddfc689a068038669341a52dcc0743c141d309e43b9f,746efc843d53dff4e61394e26d458ea3f50c93e4,6a018e3036187a26ac9bcffda9fd7379d65d86cde84514faa08f4ea349b0f4bb,expanding,V4_P,V4_NEW_PROSPECTIVE,2,-0.20846434174781553,33,frozen_learned_node_score,0
1245,1244,prospective_v4,REGISTERED_UNEVALUATED,243cd17e6b97a2d96709ddfc689a068038669341a52dcc0743c141d309e43b9f,746efc843d53dff4e61394e26d458ea3f50c93e4,6a018e3036187a26ac9bcffda9fd7379d65d86cde84514faa08f4ea349b0f4bb,expanding,V4_P,V4_NEW_PROSPECTIVE,3,0.08722169746867159,22,frozen_learned_node_score,0
1245,1244,prospective_v4,REGISTERED_UNEVALUATED,243cd17e6b97a2d96709ddfc689a068038669341a52dcc0743c141d309e43b9f,746efc843d53dff4e61394e26d458ea3f50c93e4,6a018e3036187a26ac9bcffda9fd7379d65d86cde84514faa08f4ea349b0f4bb,expanding,V4_P,V4_NEW_PROSPECTIVE,4,0.07112152870915023,24,frozen_learned_node_score,0
1245,1244,prospective_v4,REGISTERED_UNEVALUATED,243cd17e6b97a2d96709ddfc689a068038669341a52dcc0743c141d309e43b9f,746efc843d53dff4e61394e26d458ea3f50c93e4,6a018e3036187a26ac9bcffda9fd7379d65d86cde84514faa08f4ea349b0f4bb,expanding,V4_P,V4_NEW_PROSPECTIVE,5,-0.44169853845830803,40,frozen_learned_node_score,0
1245,1244,prospective_v4,REGISTERED_UNEVALUATED,243cd17e6b97a2d96709ddfc689a068038669341a52dcc0743c141d309e43b9f,746efc843d53dff4e61394e26d458ea3f50c93e4,6a018e3036187a26ac9bcffda9fd7379d65d86cde84514faa08f4ea349b0f4bb,expanding,V4_P,V4_NEW_PROSPECTIVE,6,-0.10680255538557581,30,frozen_learned_node_score,0
1245,1244,prospective_v4,REGISTERED_UNEVALUATED,243cd17e6b97a2d96709ddfc689a068038669341a52dcc0743c141d309e43b9f,746efc843d53dff4e61394e26d458ea3f50c93e4,6a018e3036187a26ac9bcffda9fd7379d65d86cde84514faa08f4ea349b0f4bb,expanding,V4_P,V4_NEW_PROSPECTIVE,7,0.14971004843598934,16,frozen_learned_node_score,0
1245,1244,prospective_v4,REGISTERED_UNEVALUATED,243cd17e6b97a2d96709ddfc689a068038669341a52dcc0743c141d309e43b9f,746efc843d53dff4e61394e26d458ea3f50c93e4,6a018e3036187a26ac9bcffda9fd7379d65d86cde84514faa08f4ea349b0f4bb,expanding,V4_P,V4_NEW_PROSPECTIVE,8,-0.3319308168259347,36,frozen_learned_node_score,0
1245,1244,prospective_v4,REGISTERED_UNEVALUATED,243cd17e6b97a2d96709ddfc689a068038669341a52dcc0743c141d309e43b9f,746efc843d53dff4e61394e26d458ea3f50c93e4,6a018e3036187a26ac9bcffda9fd7379d65d86cde84514faa08f4ea349b0f4bb,expanding,V4_P,V4_NEW_PROSPECTIVE,9,-0.6964982710034625,44,frozen_learned_node_score,0
1245,1244,prospective_v4,REGISTERED_UNEVALUATED,243cd17e6b97a2d96709ddfc689a068038669341a52dcc0743c141d309e43b9f,746efc843d53dff4e61394e26d458ea3f50c93e4,6a018e3036187a26ac9bcffda9fd7379d65d86cde84514faa08f4ea349b0f4bb,expanding,V4_P,V4_NEW_PROSPECTIVE,10,-0.04588704838869617,29,frozen_learned_node_score,0
1245,1244,prospective_v4,REGISTERED_UNEVALUATED,243cd17e6b97a2d96709ddfc689a068038669341a52dcc0743c141d309e43b9f,746efc843d53dff4e61394e26d458ea3f50c93e4,6a018e3036187a26ac9bcffda9fd7379d65d86cde84514faa08f4ea349b0f4bb,expanding,V4_P,V4_NEW_PROSPECTIVE,11,0.2835162347609905,9,frozen_learned_node_score,0
1245,1244,prospective_v4,REGISTERED_UNEVALUATED,243cd17e6b97a2d96709ddfc689a068038669341a52dcc0743c141d309e43b9f,746efc843d53dff4e61394e26d458ea3f50c93e4,6a018e3036187a26ac9bcffda9fd7379d65d86cde84514faa08f4ea349b0f4bb,expanding,V4_P,V4_NEW_PROSPECTIVE,12,0.44415600724765397,3,frozen_learned_node_score,1
1245,1244,prospective_v4,REGISTERED_UNEVALUATED,243cd17e6b97a2d96709ddfc689a068038669341a52dcc0743c141d309e43b9f,746efc843d53dff4e61394e26d458ea3f50c93e4,6a018e3036187a26ac9bcffda9fd7379d65d86cde84514faa08f4ea349b0f4bb,expanding,V4_P,V4_NEW_PROSPECTIVE,13,0.43606032600544997,4,frozen_learned_node_score,1
1245,1244,prospective_v4,REGISTERED_UNEVALUATED,243cd17e6b97a2d96709ddfc689a068038669341a52dcc0743c141d309e43b9f,746efc843d53dff4e61394e26d458ea3f50c93e4,6a018e3036187a26ac9bcffda9fd7379d65d86cde84514faa08f4ea349b0f4bb,expanding,V4_P,V4_NEW_PROSPECTIVE,14,0.23297257872906119,12,frozen_learned_node_score,0
1245,1244,prospective_v4,REGISTERED_UNEVALUATED,243cd17e6b97a2d96709ddfc689a068038669341a52dcc0743c141d309e43b9f,746efc843d53dff4e61394e26d458ea3f50c93e4,6a018e3036187a26ac9bcffda9fd7379d65d86cde84514faa08f4ea349b0f4bb,expanding,V4_P,V4_NEW_PROSPECTIVE,15,0.11424947194676971,19,frozen_learned_node_score,0
1245,1244,prospective_v4,REGISTERED_UNEVALUATED,243cd17e6b97a2d96709ddfc689a068038669341a52dcc0743c141d309e43b9f,746efc843d53dff4e61394e26d458ea3f50c93e4,6a018e3036187a26ac9bcffda9fd7379d65d86cde84514faa08f4ea349b0f4bb,expanding,V4_P,V4_NEW_PROSPECTIVE,16,0.3421334833441262,7,frozen_learned_node_score,0
1245,1244,prospective_v4,REGISTERED_UNEVALUATED,243cd17e6b97a2d96709ddfc689a068038669341a52dcc0743c141d309e43b9f,746efc843d53dff4e61394e26d458ea3f50c93e4,6a018e3036187a26ac9bcffda9fd7379d65d86cde84514faa08f4ea349b0f4bb,expanding,V4_P,V4_NEW_PROSPECTIVE,17,0.20583736401027042,13,frozen_learned_node_score,0
1245,1244,prospective_v4,REGISTERED_UNEVALUATED,243cd17e6b97a2d96709ddfc689a068038669341a52dcc0743c141d309e43b9f,746efc843d53dff4e61394e26d458ea3f50c93e4,6a018e3036187a26ac9bcffda9fd7379d65d86cde84514faa08f4ea349b0f4bb,expanding,V4_P,V4_NEW_PROSPECTIVE,18,0.36823161541543115,6,frozen_learned_node_score,1
1245,1244,prospective_v4,REGISTERED_UNEVALUATED,243cd17e6b97a2d96709ddfc689a068038669341a52dcc0743c141d309e43b9f,746efc843d53dff4e61394e26d458ea3f50c93e4,6a018e3036187a26ac9bcffda9fd7379d65d86cde84514faa08f4ea349b0f4bb,expanding,V4_P,V4_NEW_PROSPECTIVE,19,0.25362387626200356,11,frozen_learned_node_score,0
1245,1244,prospective_v4,REGISTERED_UNEVALUATED,243cd17e6b97a2d96709ddfc689a068038669341a52dcc0743c141d309e43b9f,746efc843d53dff4e61394e26d458ea3f50c93e4,6a018e3036187a26ac9bcffda9fd7379d65d86cde84514faa08f4ea349b0f4bb,expanding,V4_P,V4_NEW_PROSPECTIVE,20,0.16296516027217145,14,frozen_learned_node_score,0
1245,1244,prospective_v4,REGISTERED_UNEVALUATED,243cd17e6b97a2d96709ddfc689a068038669341a52dcc0743c141d309e43b9f,746efc843d53dff4e61394e26d458ea3f50c93e4,6a018e3036187a26ac9bcffda9fd7379d65d86cde84514faa08f4ea349b0f4bb,expanding,V4_P,V4_NEW_PROSPECTIVE,21,-0.02699865990179237,27,frozen_learned_node_score,0
1245,1244,prospective_v4,REGISTERED_UNEVALUATED,243cd17e6b97a2d96709ddfc689a068038669341a52dcc0743c141d309e43b9f,746efc843d53dff4e61394e26d458ea3f50c93e4,6a018e3036187a26ac9bcffda9fd7379d65d86cde84514faa08f4ea349b0f4bb,expanding,V4_P,V4_NEW_PROSPECTIVE,22,-0.4340786750583141,39,frozen_learned_node_score,0
1245,1244,prospective_v4,REGISTERED_UNEVALUATED,243cd17e6b97a2d96709ddfc689a068038669341a52dcc0743c141d309e43b9f,746efc843d53dff4e61394e26d458ea3f50c93e4,6a018e3036187a26ac9bcffda9fd7379d65d86cde84514faa08f4ea349b0f4bb,expanding,V4_P,V4_NEW_PROSPECTIVE,23,-0.6420371076108586,43,frozen_learned_node_score,0
1245,1244,prospective_v4,REGISTERED_UNEVALUATED,243cd17e6b97a2d96709ddfc689a068038669341a52dcc0743c141d309e43b9f,746efc843d53dff4e61394e26d458ea3f50c93e4,6a018e3036187a26ac9bcffda9fd7379d65d86cde84514faa08f4ea349b0f4bb,expanding,V4_P,V4_NEW_PROSPECTIVE,24,-0.1722160808361357,32,frozen_learned_node_score,0
1245,1244,prospective_v4,REGISTERED_UNEVALUATED,243cd17e6b97a2d96709ddfc689a068038669341a52dcc0743c141d309e43b9f,746efc843d53dff4e61394e26d458ea3f50c93e4,6a018e3036187a26ac9bcffda9fd7379d65d86cde84514faa08f4ea349b0f4bb,expanding,V4_P,V4_NEW_PROSPECTIVE,25,-0.12454361020144308,31,frozen_learned_node_score,0
1245,1244,prospective_v4,REGISTERED_UNEVALUATED,243cd17e6b97a2d96709ddfc689a068038669341a52dcc0743c141d309e43b9f,746efc843d53dff4e61394e26d458ea3f50c93e4,6a018e3036187a26ac9bcffda9fd7379d65d86cde84514faa08f4ea349b0f4bb,expanding,V4_P,V4_NEW_PROSPECTIVE,26,-0.3150529788842782,35,frozen_learned_node_score,0
1245,1244,prospective_v4,REGISTERED_UNEVALUATED,243cd17e6b97a2d96709ddfc689a068038669341a52dcc0743c141d309e43b9f,746efc843d53dff4e61394e26d458ea3f50c93e4,6a018e3036187a26ac9bcffda9fd7379d65d86cde84514faa08f4ea349b0f4bb,expanding,V4_P,V4_NEW_PROSPECTIVE,27,0.5728583544954414,2,frozen_learned_node_score,1
1245,1244,prospective_v4,REGISTERED_UNEVALUATED,243cd17e6b97a2d96709ddfc689a068038669341a52dcc0743c141d309e43b9f,746efc843d53dff4e61394e26d458ea3f50c93e4,6a018e3036187a26ac9bcffda9fd7379d65d86cde84514faa08f4ea349b0f4bb,expanding,V4_P,V4_NEW_PROSPECTIVE,28,-0.03269081649549501,28,frozen_learned_node_score,0
1245,1244,prospective_v4,REGISTERED_UNEVALUATED,243cd17e6b97a2d96709ddfc689a068038669341a52dcc0743c141d309e43b9f,746efc843d53dff4e61394e26d458ea3f50c93e4,6a018e3036187a26ac9bcffda9fd7379d65d86cde84514faa08f4ea349b0f4bb,expanding,V4_P,V4_NEW_PROSPECTIVE,29,-0.5223429543529776,41,frozen_learned_node_score,0
1245,1244,prospective_v4,REGISTERED_UNEVALUATED,243cd17e6b97a2d96709ddfc689a068038669341a52dcc0743c141d309e43b9f,746efc843d53dff4e61394e26d458ea3f50c93e4,6a018e3036187a26ac9bcffda9fd7379d65d86cde84514faa08f4ea349b0f4bb,expanding,V4_P,V4_NEW_PROSPECTIVE,30,-0.37934545289336885,38,frozen_learned_node_score,0
1245,1244,prospective_v4,REGISTERED_UNEVALUATED,243cd17e6b97a2d96709ddfc689a068038669341a52dcc0743c141d309e43b9f,746efc843d53dff4e61394e26d458ea3f50c93e4,6a018e3036187a26ac9bcffda9fd7379d65d86cde84514faa08f4ea349b0f4bb,expanding,V4_P,V4_NEW_PROSPECTIVE,31,0.12458269791410514,17,frozen_learned_node_score,0
1245,1244,prospective_v4,REGISTERED_UNEVALUATED,243cd17e6b97a2d96709ddfc689a068038669341a52dcc0743c141d309e43b9f,746efc843d53dff4e61394e26d458ea3f50c93e4,6a018e3036187a26ac9bcffda9fd7379d65d86cde84514faa08f4ea349b0f4bb,expanding,V4_P,V4_NEW_PROSPECTIVE,32,-0.7702462904989069,45,frozen_learned_node_score,0
1245,1244,prospective_v4,REGISTERED_UNEVALUATED,243cd17e6b97a2d96709ddfc689a068038669341a52dcc0743c141d309e43b9f,746efc843d53dff4e61394e26d458ea3f50c93e4,6a018e3036187a26ac9bcffda9fd7379d65d86cde84514faa08f4ea349b0f4bb,expanding,V4_P,V4_NEW_PROSPECTIVE,33,0.3864457854419261,5,frozen_learned_node_score,1
1245,1244,prospective_v4,REGISTERED_UNEVALUATED,243cd17e6b97a2d96709ddfc689a068038669341a52dcc0743c141d309e43b9f,746efc843d53dff4e61394e26d458ea3f50c93e4,6a018e3036187a26ac9bcffda9fd7379d65d86cde84514faa08f4ea349b0f4bb,expanding,V4_P,V4_NEW_PROSPECTIVE,34,0.8724234797746223,1,frozen_learned_node_score,1
1245,1244,prospective_v4,REGISTERED_UNEVALUATED,243cd17e6b97a2d96709ddfc689a068038669341a52dcc0743c141d309e43b9f,746efc843d53dff4e61394e26d458ea3f50c93e4,6a018e3036187a26ac9bcffda9fd7379d65d86cde84514faa08f4ea349b0f4bb,expanding,V4_P,V4_NEW_PROSPECTIVE,35,-0.22084186449877002,34,frozen_learned_node_score,0
1245,1244,prospective_v4,REGISTERED_UNEVALUATED,243cd17e6b97a2d96709ddfc689a068038669341a52dcc0743c141d309e43b9f,746efc843d53dff4e61394e26d458ea3f50c93e4,6a018e3036187a26ac9bcffda9fd7379d65d86cde84514faa08f4ea349b0f4bb,expanding,V4_P,V4_NEW_PROSPECTIVE,36,0.11341229186957041,20,frozen_learned_node_score,0
1245,1244,prospective_v4,REGISTERED_UNEVALUATED,243cd17e6b97a2d96709ddfc689a068038669341a52dcc0743c141d309e43b9f,746efc843d53dff4e61394e26d458ea3f50c93e4,6a018e3036187a26ac9bcffda9fd7379d65d86cde84514faa08f4ea349b0f4bb,expanding,V4_P,V4_NEW_PROSPECTIVE,37,0.30240191369607616,8,frozen_learned_node_score,0
1245,1244,prospective_v4,REGISTERED_UNEVALUATED,243cd17e6b97a2d96709ddfc689a068038669341a52dcc0743c141d309e43b9f,746efc843d53dff4e61394e26d458ea3f50c93e4,6a018e3036187a26ac9bcffda9fd7379d65d86cde84514faa08f4ea349b0f4bb,expanding,V4_P,V4_NEW_PROSPECTIVE,38,0.12026330945587738,18,frozen_learned_node_score,0
1245,1244,prospective_v4,REGISTERED_UNEVALUATED,243cd17e6b97a2d96709ddfc689a068038669341a52dcc0743c141d309e43b9f,746efc843d53dff4e61394e26d458ea3f50c93e4,6a018e3036187a26ac9bcffda9fd7379d65d86cde84514faa08f4ea349b0f4bb,expanding,V4_P,V4_NEW_PROSPECTIVE,39,0.07037740802323922,25,frozen_learned_node_score,0
1245,1244,prospective_v4,REGISTERED_UNEVALUATED,243cd17e6b97a2d96709ddfc689a068038669341a52dcc0743c141d309e43b9f,746efc843d53dff4e61394e26d458ea3f50c93e4,6a018e3036187a26ac9bcffda9fd7379d65d86cde84514faa08f4ea349b0f4bb,expanding,V4_P,V4_NEW_PROSPECTIVE,40,0.10112768330037658,21,frozen_learned_node_score,0
1245,1244,prospective_v4,REGISTERED_UNEVALUATED,243cd17e6b97a2d96709ddfc689a068038669341a52dcc0743c141d309e43b9f,746efc843d53dff4e61394e26d458ea3f50c93e4,6a018e3036187a26ac9bcffda9fd7379d65d86cde84514faa08f4ea349b0f4bb,expanding,V4_P,V4_NEW_PROSPECTIVE,41,-0.5974598780491173,42,frozen_learned_node_score,0
1245,1244,prospective_v4,REGISTERED_UNEVALUATED,243cd17e6b97a2d96709ddfc689a068038669341a52dcc0743c141d309e43b9f,746efc843d53dff4e61394e26d458ea3f50c93e4,6a018e3036187a26ac9bcffda9fd7379d65d86cde84514faa08f4ea349b0f4bb,expanding,V4_P,V4_NEW_PROSPECTIVE,42,-0.3428263117850423,37,frozen_learned_node_score,0
1245,1244,prospective_v4,REGISTERED_UNEVALUATED,243cd17e6b97a2d96709ddfc689a068038669341a52dcc0743c141d309e43b9f,746efc843d53dff4e61394e26d458ea3f50c93e4,6a018e3036187a26ac9bcffda9fd7379d65d86cde84514faa08f4ea349b0f4bb,expanding,V4_P,V4_NEW_PROSPECTIVE,43,0.07396158784458443,23,frozen_learned_node_score,0
1245,1244,prospective_v4,REGISTERED_UNEVALUATED,243cd17e6b97a2d96709ddfc689a068038669341a52dcc0743c141d309e43b9f,746efc843d53dff4e61394e26d458ea3f50c93e4,6a018e3036187a26ac9bcffda9fd7379d65d86cde84514faa08f4ea349b0f4bb,expanding,V4_P,V4_NEW_PROSPECTIVE,44,0.04584141808391884,26,frozen_learned_node_score,0
1245,1244,prospective_v4,REGISTERED_UNEVALUATED,243cd17e6b97a2d96709ddfc689a068038669341a52dcc0743c141d309e43b9f,746efc843d53dff4e61394e26d458ea3f50c93e4,6a018e3036187a26ac9bcffda9fd7379d65d86cde84514faa08f4ea349b0f4bb,expanding,V4_P,V4_NEW_PROSPECTIVE,45,0.15500545790494558,15,frozen_learned_node_score,0
1245,1244,prospective_v4,REGISTERED_UNEVALUATED,243cd17e6b97a2d96709ddfc689a068038669341a52dcc0743c141d309e43b9f,746efc843d53dff4e61394e26d458ea3f50c93e4,6a018e3036187a26ac9bcffda9fd7379d65d86cde84514faa08f4ea349b0f4bb,expanding,V4_T,V4_NEW_PROSPECTIVE,1,3.3083082705925015,11,frozen_learned_node_score,0
1245,1244,prospective_v4,REGISTERED_UNEVALUATED,243cd17e6b97a2d96709ddfc689a068038669341a52dcc0743c141d309e43b9f,746efc843d53dff4e61394e26d458ea3f50c93e4,6a018e3036187a26ac9bcffda9fd7379d65d86cde84514faa08f4ea349b0f4bb,expanding,V4_T,V4_NEW_PROSPECTIVE,2,-2.723332410605292,33,frozen_learned_node_score,0
1245,1244,prospective_v4,REGISTERED_UNEVALUATED,243cd17e6b97a2d96709ddfc689a068038669341a52dcc0743c141d309e43b9f,746efc843d53dff4e61394e26d458ea3f50c93e4,6a018e3036187a26ac9bcffda9fd7379d65d86cde84514faa08f4ea349b0f4bb,expanding,V4_T,V4_NEW_PROSPECTIVE,3,1.1424540697042096,22,frozen_learned_node_score,0
1245,1244,prospective_v4,REGISTERED_UNEVALUATED,243cd17e6b97a2d96709ddfc689a068038669341a52dcc0743c141d309e43b9f,746efc843d53dff4e61394e26d458ea3f50c93e4,6a018e3036187a26ac9bcffda9fd7379d65d86cde84514faa08f4ea349b0f4bb,expanding,V4_T,V4_NEW_PROSPECTIVE,4,0.9252781824168537,24,frozen_learned_node_score,0
1245,1244,prospective_v4,REGISTERED_UNEVALUATED,243cd17e6b97a2d96709ddfc689a068038669341a52dcc0743c141d309e43b9f,746efc843d53dff4e61394e26d458ea3f50c93e4,6a018e3036187a26ac9bcffda9fd7379d65d86cde84514faa08f4ea349b0f4bb,expanding,V4_T,V4_NEW_PROSPECTIVE,5,-5.829783052713956,40,frozen_learned_node_score,0
1245,1244,prospective_v4,REGISTERED_UNEVALUATED,243cd17e6b97a2d96709ddfc689a068038669341a52dcc0743c141d309e43b9f,746efc843d53dff4e61394e26d458ea3f50c93e4,6a018e3036187a26ac9bcffda9fd7379d65d86cde84514faa08f4ea349b0f4bb,expanding,V4_T,V4_NEW_PROSPECTIVE,6,-1.3724822055613355,30,frozen_learned_node_score,0
1245,1244,prospective_v4,REGISTERED_UNEVALUATED,243cd17e6b97a2d96709ddfc689a068038669341a52dcc0743c141d309e43b9f,746efc843d53dff4e61394e26d458ea3f50c93e4,6a018e3036187a26ac9bcffda9fd7379d65d86cde84514faa08f4ea349b0f4bb,expanding,V4_T,V4_NEW_PROSPECTIVE,7,1.9343461859474633,16,frozen_learned_node_score,0
1245,1244,prospective_v4,REGISTERED_UNEVALUATED,243cd17e6b97a2d96709ddfc689a068038669341a52dcc0743c141d309e43b9f,746efc843d53dff4e61394e26d458ea3f50c93e4,6a018e3036187a26ac9bcffda9fd7379d65d86cde84514faa08f4ea349b0f4bb,expanding,V4_T,V4_NEW_PROSPECTIVE,8,-4.304796530838794,36,frozen_learned_node_score,0
1245,1244,prospective_v4,REGISTERED_UNEVALUATED,243cd17e6b97a2d96709ddfc689a068038669341a52dcc0743c141d309e43b9f,746efc843d53dff4e61394e26d458ea3f50c93e4,6a018e3036187a26ac9bcffda9fd7379d65d86cde84514faa08f4ea349b0f4bb,expanding,V4_T,V4_NEW_PROSPECTIVE,9,-9.144276656482887,44,frozen_learned_node_score,0
1245,1244,prospective_v4,REGISTERED_UNEVALUATED,243cd17e6b97a2d96709ddfc689a068038669341a52dcc0743c141d309e43b9f,746efc843d53dff4e61394e26d458ea3f50c93e4,6a018e3036187a26ac9bcffda9fd7379d65d86cde84514faa08f4ea349b0f4bb,expanding,V4_T,V4_NEW_PROSPECTIVE,10,-0.6704026775217463,29,frozen_learned_node_score,0
1245,1244,prospective_v4,REGISTERED_UNEVALUATED,243cd17e6b97a2d96709ddfc689a068038669341a52dcc0743c141d309e43b9f,746efc843d53dff4e61394e26d458ea3f50c93e4,6a018e3036187a26ac9bcffda9fd7379d65d86cde84514faa08f4ea349b0f4bb,expanding,V4_T,V4_NEW_PROSPECTIVE,11,3.765760961349584,9,frozen_learned_node_score,0
1245,1244,prospective_v4,REGISTERED_UNEVALUATED,243cd17e6b97a2d96709ddfc689a068038669341a52dcc0743c141d309e43b9f,746efc843d53dff4e61394e26d458ea3f50c93e4,6a018e3036187a26ac9bcffda9fd7379d65d86cde84514faa08f4ea349b0f4bb,expanding,V4_T,V4_NEW_PROSPECTIVE,12,5.776091383993979,3,frozen_learned_node_score,1
1245,1244,prospective_v4,REGISTERED_UNEVALUATED,243cd17e6b97a2d96709ddfc689a068038669341a52dcc0743c141d309e43b9f,746efc843d53dff4e61394e26d458ea3f50c93e4,6a018e3036187a26ac9bcffda9fd7379d65d86cde84514faa08f4ea349b0f4bb,expanding,V4_T,V4_NEW_PROSPECTIVE,13,5.692467070508318,4,frozen_learned_node_score,1
1245,1244,prospective_v4,REGISTERED_UNEVALUATED,243cd17e6b97a2d96709ddfc689a068038669341a52dcc0743c141d309e43b9f,746efc843d53dff4e61394e26d458ea3f50c93e4,6a018e3036187a26ac9bcffda9fd7379d65d86cde84514faa08f4ea349b0f4bb,expanding,V4_T,V4_NEW_PROSPECTIVE,14,3.056963582115361,12,frozen_learned_node_score,0
1245,1244,prospective_v4,REGISTERED_UNEVALUATED,243cd17e6b97a2d96709ddfc689a068038669341a52dcc0743c141d309e43b9f,746efc843d53dff4e61394e26d458ea3f50c93e4,6a018e3036187a26ac9bcffda9fd7379d65d86cde84514faa08f4ea349b0f4bb,expanding,V4_T,V4_NEW_PROSPECTIVE,15,1.4912846959384503,19,frozen_learned_node_score,0
1245,1244,prospective_v4,REGISTERED_UNEVALUATED,243cd17e6b97a2d96709ddfc689a068038669341a52dcc0743c141d309e43b9f,746efc843d53dff4e61394e26d458ea3f50c93e4,6a018e3036187a26ac9bcffda9fd7379d65d86cde84514faa08f4ea349b0f4bb,expanding,V4_T,V4_NEW_PROSPECTIVE,16,4.542500548269608,7,frozen_learned_node_score,0
1245,1244,prospective_v4,REGISTERED_UNEVALUATED,243cd17e6b97a2d96709ddfc689a068038669341a52dcc0743c141d309e43b9f,746efc843d53dff4e61394e26d458ea3f50c93e4,6a018e3036187a26ac9bcffda9fd7379d65d86cde84514faa08f4ea349b0f4bb,expanding,V4_T,V4_NEW_PROSPECTIVE,17,2.684246800366528,13,frozen_learned_node_score,0
1245,1244,prospective_v4,REGISTERED_UNEVALUATED,243cd17e6b97a2d96709ddfc689a068038669341a52dcc0743c141d309e43b9f,746efc843d53dff4e61394e26d458ea3f50c93e4,6a018e3036187a26ac9bcffda9fd7379d65d86cde84514faa08f4ea349b0f4bb,expanding,V4_T,V4_NEW_PROSPECTIVE,18,4.829584941406686,6,frozen_learned_node_score,1
1245,1244,prospective_v4,REGISTERED_UNEVALUATED,243cd17e6b97a2d96709ddfc689a068038669341a52dcc0743c141d309e43b9f,746efc843d53dff4e61394e26d458ea3f50c93e4,6a018e3036187a26ac9bcffda9fd7379d65d86cde84514faa08f4ea349b0f4bb,expanding,V4_T,V4_NEW_PROSPECTIVE,19,3.3289298265710836,10,frozen_learned_node_score,0
1245,1244,prospective_v4,REGISTERED_UNEVALUATED,243cd17e6b97a2d96709ddfc689a068038669341a52dcc0743c141d309e43b9f,746efc843d53dff4e61394e26d458ea3f50c93e4,6a018e3036187a26ac9bcffda9fd7379d65d86cde84514faa08f4ea349b0f4bb,expanding,V4_T,V4_NEW_PROSPECTIVE,20,2.0924262003059786,14,frozen_learned_node_score,0
1245,1244,prospective_v4,REGISTERED_UNEVALUATED,243cd17e6b97a2d96709ddfc689a068038669341a52dcc0743c141d309e43b9f,746efc843d53dff4e61394e26d458ea3f50c93e4,6a018e3036187a26ac9bcffda9fd7379d65d86cde84514faa08f4ea349b0f4bb,expanding,V4_T,V4_NEW_PROSPECTIVE,21,-0.3662632263200555,27,frozen_learned_node_score,0
1245,1244,prospective_v4,REGISTERED_UNEVALUATED,243cd17e6b97a2d96709ddfc689a068038669341a52dcc0743c141d309e43b9f,746efc843d53dff4e61394e26d458ea3f50c93e4,6a018e3036187a26ac9bcffda9fd7379d65d86cde84514faa08f4ea349b0f4bb,expanding,V4_T,V4_NEW_PROSPECTIVE,22,-5.675135399445321,39,frozen_learned_node_score,0
1245,1244,prospective_v4,REGISTERED_UNEVALUATED,243cd17e6b97a2d96709ddfc689a068038669341a52dcc0743c141d309e43b9f,746efc843d53dff4e61394e26d458ea3f50c93e4,6a018e3036187a26ac9bcffda9fd7379d65d86cde84514faa08f4ea349b0f4bb,expanding,V4_T,V4_NEW_PROSPECTIVE,23,-8.449343310466865,43,frozen_learned_node_score,0
1245,1244,prospective_v4,REGISTERED_UNEVALUATED,243cd17e6b97a2d96709ddfc689a068038669341a52dcc0743c141d309e43b9f,746efc843d53dff4e61394e26d458ea3f50c93e4,6a018e3036187a26ac9bcffda9fd7379d65d86cde84514faa08f4ea349b0f4bb,expanding,V4_T,V4_NEW_PROSPECTIVE,24,-2.2983890555580446,32,frozen_learned_node_score,0
1245,1244,prospective_v4,REGISTERED_UNEVALUATED,243cd17e6b97a2d96709ddfc689a068038669341a52dcc0743c141d309e43b9f,746efc843d53dff4e61394e26d458ea3f50c93e4,6a018e3036187a26ac9bcffda9fd7379d65d86cde84514faa08f4ea349b0f4bb,expanding,V4_T,V4_NEW_PROSPECTIVE,25,-1.6013390347524163,31,frozen_learned_node_score,0
1245,1244,prospective_v4,REGISTERED_UNEVALUATED,243cd17e6b97a2d96709ddfc689a068038669341a52dcc0743c141d309e43b9f,746efc843d53dff4e61394e26d458ea3f50c93e4,6a018e3036187a26ac9bcffda9fd7379d65d86cde84514faa08f4ea349b0f4bb,expanding,V4_T,V4_NEW_PROSPECTIVE,26,-4.126518349151078,35,frozen_learned_node_score,0
1245,1244,prospective_v4,REGISTERED_UNEVALUATED,243cd17e6b97a2d96709ddfc689a068038669341a52dcc0743c141d309e43b9f,746efc843d53dff4e61394e26d458ea3f50c93e4,6a018e3036187a26ac9bcffda9fd7379d65d86cde84514faa08f4ea349b0f4bb,expanding,V4_T,V4_NEW_PROSPECTIVE,27,7.456060948145667,2,frozen_learned_node_score,1
1245,1244,prospective_v4,REGISTERED_UNEVALUATED,243cd17e6b97a2d96709ddfc689a068038669341a52dcc0743c141d309e43b9f,746efc843d53dff4e61394e26d458ea3f50c93e4,6a018e3036187a26ac9bcffda9fd7379d65d86cde84514faa08f4ea349b0f4bb,expanding,V4_T,V4_NEW_PROSPECTIVE,28,-0.4730188492927663,28,frozen_learned_node_score,0
1245,1244,prospective_v4,REGISTERED_UNEVALUATED,243cd17e6b97a2d96709ddfc689a068038669341a52dcc0743c141d309e43b9f,746efc843d53dff4e61394e26d458ea3f50c93e4,6a018e3036187a26ac9bcffda9fd7379d65d86cde84514faa08f4ea349b0f4bb,expanding,V4_T,V4_NEW_PROSPECTIVE,29,-6.84098716851962,41,frozen_learned_node_score,0
1245,1244,prospective_v4,REGISTERED_UNEVALUATED,243cd17e6b97a2d96709ddfc689a068038669341a52dcc0743c141d309e43b9f,746efc843d53dff4e61394e26d458ea3f50c93e4,6a018e3036187a26ac9bcffda9fd7379d65d86cde84514faa08f4ea349b0f4bb,expanding,V4_T,V4_NEW_PROSPECTIVE,30,-4.986620718951939,38,frozen_learned_node_score,0
1245,1244,prospective_v4,REGISTERED_UNEVALUATED,243cd17e6b97a2d96709ddfc689a068038669341a52dcc0743c141d309e43b9f,746efc843d53dff4e61394e26d458ea3f50c93e4,6a018e3036187a26ac9bcffda9fd7379d65d86cde84514faa08f4ea349b0f4bb,expanding,V4_T,V4_NEW_PROSPECTIVE,31,1.6275698709518465,17,frozen_learned_node_score,0
1245,1244,prospective_v4,REGISTERED_UNEVALUATED,243cd17e6b97a2d96709ddfc689a068038669341a52dcc0743c141d309e43b9f,746efc843d53dff4e61394e26d458ea3f50c93e4,6a018e3036187a26ac9bcffda9fd7379d65d86cde84514faa08f4ea349b0f4bb,expanding,V4_T,V4_NEW_PROSPECTIVE,32,-10.088304751470915,45,frozen_learned_node_score,0
1245,1244,prospective_v4,REGISTERED_UNEVALUATED,243cd17e6b97a2d96709ddfc689a068038669341a52dcc0743c141d309e43b9f,746efc843d53dff4e61394e26d458ea3f50c93e4,6a018e3036187a26ac9bcffda9fd7379d65d86cde84514faa08f4ea349b0f4bb,expanding,V4_T,V4_NEW_PROSPECTIVE,33,5.0922041968188,5,frozen_learned_node_score,1
1245,1244,prospective_v4,REGISTERED_UNEVALUATED,243cd17e6b97a2d96709ddfc689a068038669341a52dcc0743c141d309e43b9f,746efc843d53dff4e61394e26d458ea3f50c93e4,6a018e3036187a26ac9bcffda9fd7379d65d86cde84514faa08f4ea349b0f4bb,expanding,V4_T,V4_NEW_PROSPECTIVE,34,11.439499054396872,1,frozen_learned_node_score,1
1245,1244,prospective_v4,REGISTERED_UNEVALUATED,243cd17e6b97a2d96709ddfc689a068038669341a52dcc0743c141d309e43b9f,746efc843d53dff4e61394e26d458ea3f50c93e4,6a018e3036187a26ac9bcffda9fd7379d65d86cde84514faa08f4ea349b0f4bb,expanding,V4_T,V4_NEW_PROSPECTIVE,35,-2.921673486875259,34,frozen_learned_node_score,0
1245,1244,prospective_v4,REGISTERED_UNEVALUATED,243cd17e6b97a2d96709ddfc689a068038669341a52dcc0743c141d309e43b9f,746efc843d53dff4e61394e26d458ea3f50c93e4,6a018e3036187a26ac9bcffda9fd7379d65d86cde84514faa08f4ea349b0f4bb,expanding,V4_T,V4_NEW_PROSPECTIVE,36,1.432343277972706,20,frozen_learned_node_score,0
1245,1244,prospective_v4,REGISTERED_UNEVALUATED,243cd17e6b97a2d96709ddfc689a068038669341a52dcc0743c141d309e43b9f,746efc843d53dff4e61394e26d458ea3f50c93e4,6a018e3036187a26ac9bcffda9fd7379d65d86cde84514faa08f4ea349b0f4bb,expanding,V4_T,V4_NEW_PROSPECTIVE,37,3.953346611505187,8,frozen_learned_node_score,0
1245,1244,prospective_v4,REGISTERED_UNEVALUATED,243cd17e6b97a2d96709ddfc689a068038669341a52dcc0743c141d309e43b9f,746efc843d53dff4e61394e26d458ea3f50c93e4,6a018e3036187a26ac9bcffda9fd7379d65d86cde84514faa08f4ea349b0f4bb,expanding,V4_T,V4_NEW_PROSPECTIVE,38,1.5508518600566272,18,frozen_learned_node_score,0
1245,1244,prospective_v4,REGISTERED_UNEVALUATED,243cd17e6b97a2d96709ddfc689a068038669341a52dcc0743c141d309e43b9f,746efc843d53dff4e61394e26d458ea3f50c93e4,6a018e3036187a26ac9bcffda9fd7379d65d86cde84514faa08f4ea349b0f4bb,expanding,V4_T,V4_NEW_PROSPECTIVE,39,0.8612885185306142,25,frozen_learned_node_score,0
1245,1244,prospective_v4,REGISTERED_UNEVALUATED,243cd17e6b97a2d96709ddfc689a068038669341a52dcc0743c141d309e43b9f,746efc843d53dff4e61394e26d458ea3f50c93e4,6a018e3036187a26ac9bcffda9fd7379d65d86cde84514faa08f4ea349b0f4bb,expanding,V4_T,V4_NEW_PROSPECTIVE,40,1.3178502337195723,21,frozen_learned_node_score,0
1245,1244,prospective_v4,REGISTERED_UNEVALUATED,243cd17e6b97a2d96709ddfc689a068038669341a52dcc0743c141d309e43b9f,746efc843d53dff4e61394e26d458ea3f50c93e4,6a018e3036187a26ac9bcffda9fd7379d65d86cde84514faa08f4ea349b0f4bb,expanding,V4_T,V4_NEW_PROSPECTIVE,41,-7.839247599066972,42,frozen_learned_node_score,0
1245,1244,prospective_v4,REGISTERED_UNEVALUATED,243cd17e6b97a2d96709ddfc689a068038669341a52dcc0743c141d309e43b9f,746efc843d53dff4e61394e26d458ea3f50c93e4,6a018e3036187a26ac9bcffda9fd7379d65d86cde84514faa08f4ea349b0f4bb,expanding,V4_T,V4_NEW_PROSPECTIVE,42,-4.4951498071409155,37,frozen_learned_node_score,0
1245,1244,prospective_v4,REGISTERED_UNEVALUATED,243cd17e6b97a2d96709ddfc689a068038669341a52dcc0743c141d309e43b9f,746efc843d53dff4e61394e26d458ea3f50c93e4,6a018e3036187a26ac9bcffda9fd7379d65d86cde84514faa08f4ea349b0f4bb,expanding,V4_T,V4_NEW_PROSPECTIVE,43,0.9673435096739698,23,frozen_learned_node_score,0
1245,1244,prospective_v4,REGISTERED_UNEVALUATED,243cd17e6b97a2d96709ddfc689a068038669341a52dcc0743c141d309e43b9f,746efc843d53dff4e61394e26d458ea3f50c93e4,6a018e3036187a26ac9bcffda9fd7379d65d86cde84514faa08f4ea349b0f4bb,expanding,V4_T,V4_NEW_PROSPECTIVE,44,0.590548231378725,26,frozen_learned_node_score,0
1245,1244,prospective_v4,REGISTERED_UNEVALUATED,243cd17e6b97a2d96709ddfc689a068038669341a52dcc0743c141d309e43b9f,746efc843d53dff4e61394e26d458ea3f50c93e4,6a018e3036187a26ac9bcffda9fd7379d65d86cde84514faa08f4ea349b0f4bb,expanding,V4_T,V4_NEW_PROSPECTIVE,45,2.023864444196717,15,frozen_learned_node_score,0
1245,1244,prospective_v4,REGISTERED_UNEVALUATED,243cd17e6b97a2d96709ddfc689a068038669341a52dcc0743c141d309e43b9f,746efc843d53dff4e61394e26d458ea3f50c93e4,6a018e3036187a26ac9bcffda9fd7379d65d86cde84514faa08f4ea349b0f4bb,expanding,V4_S,V4_NEW_PROSPECTIVE,1,,,NOT_DEFINED_TICKET_ONLY_MODEL,1
1245,1244,prospective_v4,REGISTERED_UNEVALUATED,243cd17e6b97a2d96709ddfc689a068038669341a52dcc0743c141d309e43b9f,746efc843d53dff4e61394e26d458ea3f50c93e4,6a018e3036187a26ac9bcffda9fd7379d65d86cde84514faa08f4ea349b0f4bb,expanding,V4_S,V4_NEW_PROSPECTIVE,2,,,NOT_DEFINED_TICKET_ONLY_MODEL,0
1245,1244,prospective_v4,REGISTERED_UNEVALUATED,243cd17e6b97a2d96709ddfc689a068038669341a52dcc0743c141d309e43b9f,746efc843d53dff4e61394e26d458ea3f50c93e4,6a018e3036187a26ac9bcffda9fd7379d65d86cde84514faa08f4ea349b0f4bb,expanding,V4_S,V4_NEW_PROSPECTIVE,3,,,NOT_DEFINED_TICKET_ONLY_MODEL,0
1245,1244,prospective_v4,REGISTERED_UNEVALUATED,243cd17e6b97a2d96709ddfc689a068038669341a52dcc0743c141d309e43b9f,746efc843d53dff4e61394e26d458ea3f50c93e4,6a018e3036187a26ac9bcffda9fd7379d65d86cde84514faa08f4ea349b0f4bb,expanding,V4_S,V4_NEW_PROSPECTIVE,4,,,NOT_DEFINED_TICKET_ONLY_MODEL,0
1245,1244,prospective_v4,REGISTERED_UNEVALUATED,243cd17e6b97a2d96709ddfc689a068038669341a52dcc0743c141d309e43b9f,746efc843d53dff4e61394e26d458ea3f50c93e4,6a018e3036187a26ac9bcffda9fd7379d65d86cde84514faa08f4ea349b0f4bb,expanding,V4_S,V4_NEW_PROSPECTIVE,5,,,NOT_DEFINED_TICKET_ONLY_MODEL,0
1245,1244,prospective_v4,REGISTERED_UNEVALUATED,243cd17e6b97a2d96709ddfc689a068038669341a52dcc0743c141d309e43b9f,746efc843d53dff4e61394e26d458ea3f50c93e4,6a018e3036187a26ac9bcffda9fd7379d65d86cde84514faa08f4ea349b0f4bb,expanding,V4_S,V4_NEW_PROSPECTIVE,6,,,NOT_DEFINED_TICKET_ONLY_MODEL,0
1245,1244,prospective_v4,REGISTERED_UNEVALUATED,243cd17e6b97a2d96709ddfc689a068038669341a52dcc0743c141d309e43b9f,746efc843d53dff4e61394e26d458ea3f50c93e4,6a018e3036187a26ac9bcffda9fd7379d65d86cde84514faa08f4ea349b0f4bb,expanding,V4_S,V4_NEW_PROSPECTIVE,7,,,NOT_DEFINED_TICKET_ONLY_MODEL,0
1245,1244,prospective_v4,REGISTERED_UNEVALUATED,243cd17e6b97a2d96709ddfc689a068038669341a52dcc0743c141d309e43b9f,746efc843d53dff4e61394e26d458ea3f50c93e4,6a018e3036187a26ac9bcffda9fd7379d65d86cde84514faa08f4ea349b0f4bb,expanding,V4_S,V4_NEW_PROSPECTIVE,8,,,NOT_DEFINED_TICKET_ONLY_MODEL,0
1245,1244,prospective_v4,REGISTERED_UNEVALUATED,243cd17e6b97a2d96709ddfc689a068038669341a52dcc0743c141d309e43b9f,746efc843d53dff4e61394e26d458ea3f50c93e4,6a018e3036187a26ac9bcffda9fd7379d65d86cde84514faa08f4ea349b0f4bb,expanding,V4_S,V4_NEW_PROSPECTIVE,9,,,NOT_DEFINED_TICKET_ONLY_MODEL,0
1245,1244,prospective_v4,REGISTERED_UNEVALUATED,243cd17e6b97a2d96709ddfc689a068038669341a52dcc0743c141d309e43b9f,746efc843d53dff4e61394e26d458ea3f50c93e4,6a018e3036187a26ac9bcffda9fd7379d65d86cde84514faa08f4ea349b0f4bb,expanding,V4_S,V4_NEW_PROSPECTIVE,10,,,NOT_DEFINED_TICKET_ONLY_MODEL,0
1245,1244,prospective_v4,REGISTERED_UNEVALUATED,243cd17e6b97a2d96709ddfc689a068038669341a52dcc0743c141d309e43b9f,746efc843d53dff4e61394e26d458ea3f50c93e4,6a018e3036187a26ac9bcffda9fd7379d65d86cde84514faa08f4ea349b0f4bb,expanding,V4_S,V4_NEW_PROSPECTIVE,11,,,NOT_DEFINED_TICKET_ONLY_MODEL,0
1245,1244,prospective_v4,REGISTERED_UNEVALUATED,243cd17e6b97a2d96709ddfc689a068038669341a52dcc0743c141d309e43b9f,746efc843d53dff4e61394e26d458ea3f50c93e4,6a018e3036187a26ac9bcffda9fd7379d65d86cde84514faa08f4ea349b0f4bb,expanding,V4_S,V4_NEW_PROSPECTIVE,12,,,NOT_DEFINED_TICKET_ONLY_MODEL,0
1245,1244,prospective_v4,REGISTERED_UNEVALUATED,243cd17e6b97a2d96709ddfc689a068038669341a52dcc0743c141d309e43b9f,746efc843d53dff4e61394e26d458ea3f50c93e4,6a018e3036187a26ac9bcffda9fd7379d65d86cde84514faa08f4ea349b0f4bb,expanding,V4_S,V4_NEW_PROSPECTIVE,13,,,NOT_DEFINED_TICKET_ONLY_MODEL,0
1245,1244,prospective_v4,REGISTERED_UNEVALUATED,243cd17e6b97a2d96709ddfc689a068038669341a52dcc0743c141d309e43b9f,746efc843d53dff4e61394e26d458ea3f50c93e4,6a018e3036187a26ac9bcffda9fd7379d65d86cde84514faa08f4ea349b0f4bb,expanding,V4_S,V4_NEW_PROSPECTIVE,14,,,NOT_DEFINED_TICKET_ONLY_MODEL,0
1245,1244,prospective_v4,REGISTERED_UNEVALUATED,243cd17e6b97a2d96709ddfc689a068038669341a52dcc0743c141d309e43b9f,746efc843d53dff4e61394e26d458ea3f50c93e4,6a018e3036187a26ac9bcffda9fd7379d65d86cde84514faa08f4ea349b0f4bb,expanding,V4_S,V4_NEW_PROSPECTIVE,15,,,NOT_DEFINED_TICKET_ONLY_MODEL,0
1245,1244,prospective_v4,REGISTERED_UNEVALUATED,243cd17e6b97a2d96709ddfc689a068038669341a52dcc0743c141d309e43b9f,746efc843d53dff4e61394e26d458ea3f50c93e4,6a018e3036187a26ac9bcffda9fd7379d65d86cde84514faa08f4ea349b0f4bb,expanding,V4_S,V4_NEW_PROSPECTIVE,16,,,NOT_DEFINED_TICKET_ONLY_MODEL,0
1245,1244,prospective_v4,REGISTERED_UNEVALUATED,243cd17e6b97a2d96709ddfc689a068038669341a52dcc0743c141d309e43b9f,746efc843d53dff4e61394e26d458ea3f50c93e4,6a018e3036187a26ac9bcffda9fd7379d65d86cde84514faa08f4ea349b0f4bb,expanding,V4_S,V4_NEW_PROSPECTIVE,17,,,NOT_DEFINED_TICKET_ONLY_MODEL,0
1245,1244,prospective_v4,REGISTERED_UNEVALUATED,243cd17e6b97a2d96709ddfc689a068038669341a52dcc0743c141d309e43b9f,746efc843d53dff4e61394e26d458ea3f50c93e4,6a018e3036187a26ac9bcffda9fd7379d65d86cde84514faa08f4ea349b0f4bb,expanding,V4_S,V4_NEW_PROSPECTIVE,18,,,NOT_DEFINED_TICKET_ONLY_MODEL,0
1245,1244,prospective_v4,REGISTERED_UNEVALUATED,243cd17e6b97a2d96709ddfc689a068038669341a52dcc0743c141d309e43b9f,746efc843d53dff4e61394e26d458ea3f50c93e4,6a018e3036187a26ac9bcffda9fd7379d65d86cde84514faa08f4ea349b0f4bb,expanding,V4_S,V4_NEW_PROSPECTIVE,19,,,NOT_DEFINED_TICKET_ONLY_MODEL,0
1245,1244,prospective_v4,REGISTERED_UNEVALUATED,243cd17e6b97a2d96709ddfc689a068038669341a52dcc0743c141d309e43b9f,746efc843d53dff4e61394e26d458ea3f50c93e4,6a018e3036187a26ac9bcffda9fd7379d65d86cde84514faa08f4ea349b0f4bb,expanding,V4_S,V4_NEW_PROSPECTIVE,20,,,NOT_DEFINED_TICKET_ONLY_MODEL,1
1245,1244,prospective_v4,REGISTERED_UNEVALUATED,243cd17e6b97a2d96709ddfc689a068038669341a52dcc0743c141d309e43b9f,746efc843d53dff4e61394e26d458ea3f50c93e4,6a018e3036187a26ac9bcffda9fd7379d65d86cde84514faa08f4ea349b0f4bb,expanding,V4_S,V4_NEW_PROSPECTIVE,21,,,NOT_DEFINED_TICKET_ONLY_MODEL,0
1245,1244,prospective_v4,REGISTERED_UNEVALUATED,243cd17e6b97a2d96709ddfc689a068038669341a52dcc0743c141d309e43b9f,746efc843d53dff4e61394e26d458ea3f50c93e4,6a018e3036187a26ac9bcffda9fd7379d65d86cde84514faa08f4ea349b0f4bb,expanding,V4_S,V4_NEW_PROSPECTIVE,22,,,NOT_DEFINED_TICKET_ONLY_MODEL,1
1245,1244,prospective_v4,REGISTERED_UNEVALUATED,243cd17e6b97a2d96709ddfc689a068038669341a52dcc0743c141d309e43b9f,746efc843d53dff4e61394e26d458ea3f50c93e4,6a018e3036187a26ac9bcffda9fd7379d65d86cde84514faa08f4ea349b0f4bb,expanding,V4_S,V4_NEW_PROSPECTIVE,23,,,NOT_DEFINED_TICKET_ONLY_MODEL,0
1245,1244,prospective_v4,REGISTERED_UNEVALUATED,243cd17e6b97a2d96709ddfc689a068038669341a52dcc0743c141d309e43b9f,746efc843d53dff4e61394e26d458ea3f50c93e4,6a018e3036187a26ac9bcffda9fd7379d65d86cde84514faa08f4ea349b0f4bb,expanding,V4_S,V4_NEW_PROSPECTIVE,24,,,NOT_DEFINED_TICKET_ONLY_MODEL,0
1245,1244,prospective_v4,REGISTERED_UNEVALUATED,243cd17e6b97a2d96709ddfc689a068038669341a52dcc0743c141d309e43b9f,746efc843d53dff4e61394e26d458ea3f50c93e4,6a018e3036187a26ac9bcffda9fd7379d65d86cde84514faa08f4ea349b0f4bb,expanding,V4_S,V4_NEW_PROSPECTIVE,25,,,NOT_DEFINED_TICKET_ONLY_MODEL,1
1245,1244,prospective_v4,REGISTERED_UNEVALUATED,243cd17e6b97a2d96709ddfc689a068038669341a52dcc0743c141d309e43b9f,746efc843d53dff4e61394e26d458ea3f50c93e4,6a018e3036187a26ac9bcffda9fd7379d65d86cde84514faa08f4ea349b0f4bb,expanding,V4_S,V4_NEW_PROSPECTIVE,26,,,NOT_DEFINED_TICKET_ONLY_MODEL,0
1245,1244,prospective_v4,REGISTERED_UNEVALUATED,243cd17e6b97a2d96709ddfc689a068038669341a52dcc0743c141d309e43b9f,746efc843d53dff4e61394e26d458ea3f50c93e4,6a018e3036187a26ac9bcffda9fd7379d65d86cde84514faa08f4ea349b0f4bb,expanding,V4_S,V4_NEW_PROSPECTIVE,27,,,NOT_DEFINED_TICKET_ONLY_MODEL,0
1245,1244,prospective_v4,REGISTERED_UNEVALUATED,243cd17e6b97a2d96709ddfc689a068038669341a52dcc0743c141d309e43b9f,746efc843d53dff4e61394e26d458ea3f50c93e4,6a018e3036187a26ac9bcffda9fd7379d65d86cde84514faa08f4ea349b0f4bb,expanding,V4_S,V4_NEW_PROSPECTIVE,28,,,NOT_DEFINED_TICKET_ONLY_MODEL,0
1245,1244,prospective_v4,REGISTERED_UNEVALUATED,243cd17e6b97a2d96709ddfc689a068038669341a52dcc0743c141d309e43b9f,746efc843d53dff4e61394e26d458ea3f50c93e4,6a018e3036187a26ac9bcffda9fd7379d65d86cde84514faa08f4ea349b0f4bb,expanding,V4_S,V4_NEW_PROSPECTIVE,29,,,NOT_DEFINED_TICKET_ONLY_MODEL,0
1245,1244,prospective_v4,REGISTERED_UNEVALUATED,243cd17e6b97a2d96709ddfc689a068038669341a52dcc0743c141d309e43b9f,746efc843d53dff4e61394e26d458ea3f50c93e4,6a018e3036187a26ac9bcffda9fd7379d65d86cde84514faa08f4ea349b0f4bb,expanding,V4_S,V4_NEW_PROSPECTIVE,30,,,NOT_DEFINED_TICKET_ONLY_MODEL,0
1245,1244,prospective_v4,REGISTERED_UNEVALUATED,243cd17e6b97a2d96709ddfc689a068038669341a52dcc0743c141d309e43b9f,746efc843d53dff4e61394e26d458ea3f50c93e4,6a018e3036187a26ac9bcffda9fd7379d65d86cde84514faa08f4ea349b0f4bb,expanding,V4_S,V4_NEW_PROSPECTIVE,31,,,NOT_DEFINED_TICKET_ONLY_MODEL,0
1245,1244,prospective_v4,REGISTERED_UNEVALUATED,243cd17e6b97a2d96709ddfc689a068038669341a52dcc0743c141d309e43b9f,746efc843d53dff4e61394e26d458ea3f50c93e4,6a018e3036187a26ac9bcffda9fd7379d65d86cde84514faa08f4ea349b0f4bb,expanding,V4_S,V4_NEW_PROSPECTIVE,32,,,NOT_DEFINED_TICKET_ONLY_MODEL,0
1245,1244,prospective_v4,REGISTERED_UNEVALUATED,243cd17e6b97a2d96709ddfc689a068038669341a52dcc0743c141d309e43b9f,746efc843d53dff4e61394e26d458ea3f50c93e4,6a018e3036187a26ac9bcffda9fd7379d65d86cde84514faa08f4ea349b0f4bb,expanding,V4_S,V4_NEW_PROSPECTIVE,33,,,NOT_DEFINED_TICKET_ONLY_MODEL,0
1245,1244,prospective_v4,REGISTERED_UNEVALUATED,243cd17e6b97a2d96709ddfc689a068038669341a52dcc0743c141d309e43b9f,746efc843d53dff4e61394e26d458ea3f50c93e4,6a018e3036187a26ac9bcffda9fd7379d65d86cde84514faa08f4ea349b0f4bb,expanding,V4_S,V4_NEW_PROSPECTIVE,34,,,NOT_DEFINED_TICKET_ONLY_MODEL,0
1245,1244,prospective_v4,REGISTERED_UNEVALUATED,243cd17e6b97a2d96709ddfc689a068038669341a52dcc0743c141d309e43b9f,746efc843d53dff4e61394e26d458ea3f50c93e4,6a018e3036187a26ac9bcffda9fd7379d65d86cde84514faa08f4ea349b0f4bb,expanding,V4_S,V4_NEW_PROSPECTIVE,35,,,NOT_DEFINED_TICKET_ONLY_MODEL,0
1245,1244,prospective_v4,REGISTERED_UNEVALUATED,243cd17e6b97a2d96709ddfc689a068038669341a52dcc0743c141d309e43b9f,746efc843d53dff4e61394e26d458ea3f50c93e4,6a018e3036187a26ac9bcffda9fd7379d65d86cde84514faa08f4ea349b0f4bb,expanding,V4_S,V4_NEW_PROSPECTIVE,36,,,NOT_DEFINED_TICKET_ONLY_MODEL,1
1245,1244,prospective_v4,REGISTERED_UNEVALUATED,243cd17e6b97a2d96709ddfc689a068038669341a52dcc0743c141d309e43b9f,746efc843d53dff4e61394e26d458ea3f50c93e4,6a018e3036187a26ac9bcffda9fd7379d65d86cde84514faa08f4ea349b0f4bb,expanding,V4_S,V4_NEW_PROSPECTIVE,37,,,NOT_DEFINED_TICKET_ONLY_MODEL,0
1245,1244,prospective_v4,REGISTERED_UNEVALUATED,243cd17e6b97a2d96709ddfc689a068038669341a52dcc0743c141d309e43b9f,746efc843d53dff4e61394e26d458ea3f50c93e4,6a018e3036187a26ac9bcffda9fd7379d65d86cde84514faa08f4ea349b0f4bb,expanding,V4_S,V4_NEW_PROSPECTIVE,38,,,NOT_DEFINED_TICKET_ONLY_MODEL,0
1245,1244,prospective_v4,REGISTERED_UNEVALUATED,243cd17e6b97a2d96709ddfc689a068038669341a52dcc0743c141d309e43b9f,746efc843d53dff4e61394e26d458ea3f50c93e4,6a018e3036187a26ac9bcffda9fd7379d65d86cde84514faa08f4ea349b0f4bb,expanding,V4_S,V4_NEW_PROSPECTIVE,39,,,NOT_DEFINED_TICKET_ONLY_MODEL,0
1245,1244,prospective_v4,REGISTERED_UNEVALUATED,243cd17e6b97a2d96709ddfc689a068038669341a52dcc0743c141d309e43b9f,746efc843d53dff4e61394e26d458ea3f50c93e4,6a018e3036187a26ac9bcffda9fd7379d65d86cde84514faa08f4ea349b0f4bb,expanding,V4_S,V4_NEW_PROSPECTIVE,40,,,NOT_DEFINED_TICKET_ONLY_MODEL,0
1245,1244,prospective_v4,REGISTERED_UNEVALUATED,243cd17e6b97a2d96709ddfc689a068038669341a52dcc0743c141d309e43b9f,746efc843d53dff4e61394e26d458ea3f50c93e4,6a018e3036187a26ac9bcffda9fd7379d65d86cde84514faa08f4ea349b0f4bb,expanding,V4_S,V4_NEW_PROSPECTIVE,41,,,NOT_DEFINED_TICKET_ONLY_MODEL,1
1245,1244,prospective_v4,REGISTERED_UNEVALUATED,243cd17e6b97a2d96709ddfc689a068038669341a52dcc0743c141d309e43b9f,746efc843d53dff4e61394e26d458ea3f50c93e4,6a018e3036187a26ac9bcffda9fd7379d65d86cde84514faa08f4ea349b0f4bb,expanding,V4_S,V4_NEW_PROSPECTIVE,42,,,NOT_DEFINED_TICKET_ONLY_MODEL,0
1245,1244,prospective_v4,REGISTERED_UNEVALUATED,243cd17e6b97a2d96709ddfc689a068038669341a52dcc0743c141d309e43b9f,746efc843d53dff4e61394e26d458ea3f50c93e4,6a018e3036187a26ac9bcffda9fd7379d65d86cde84514faa08f4ea349b0f4bb,expanding,V4_S,V4_NEW_PROSPECTIVE,43,,,NOT_DEFINED_TICKET_ONLY_MODEL,0
1245,1244,prospective_v4,REGISTERED_UNEVALUATED,243cd17e6b97a2d96709ddfc689a068038669341a52dcc0743c141d309e43b9f,746efc843d53dff4e61394e26d458ea3f50c93e4,6a018e3036187a26ac9bcffda9fd7379d65d86cde84514faa08f4ea349b0f4bb,expanding,V4_S,V4_NEW_PROSPECTIVE,44,,,NOT_DEFINED_TICKET_ONLY_MODEL,0
1245,1244,prospective_v4,REGISTERED_UNEVALUATED,243cd17e6b97a2d96709ddfc689a068038669341a52dcc0743c141d309e43b9f,746efc843d53dff4e61394e26d458ea3f50c93e4,6a018e3036187a26ac9bcffda9fd7379d65d86cde84514faa08f4ea349b0f4bb,expanding,V4_S,V4_NEW_PROSPECTIVE,45,,,NOT_DEFINED_TICKET_ONLY_MODEL,0
1245,1244,prospective_v4,REGISTERED_UNEVALUATED,243cd17e6b97a2d96709ddfc689a068038669341a52dcc0743c141d309e43b9f,746efc843d53dff4e61394e26d458ea3f50c93e4,6a018e3036187a26ac9bcffda9fd7379d65d86cde84514faa08f4ea349b0f4bb,rolling300,V4_U,V4_NEW_PROSPECTIVE,1,0.13333333333333333,,uniform_inclusion_probability_not_rank,0
1245,1244,prospective_v4,REGISTERED_UNEVALUATED,243cd17e6b97a2d96709ddfc689a068038669341a52dcc0743c141d309e43b9f,746efc843d53dff4e61394e26d458ea3f50c93e4,6a018e3036187a26ac9bcffda9fd7379d65d86cde84514faa08f4ea349b0f4bb,rolling300,V4_U,V4_NEW_PROSPECTIVE,2,0.13333333333333333,,uniform_inclusion_probability_not_rank,0
1245,1244,prospective_v4,REGISTERED_UNEVALUATED,243cd17e6b97a2d96709ddfc689a068038669341a52dcc0743c141d309e43b9f,746efc843d53dff4e61394e26d458ea3f50c93e4,6a018e3036187a26ac9bcffda9fd7379d65d86cde84514faa08f4ea349b0f4bb,rolling300,V4_U,V4_NEW_PROSPECTIVE,3,0.13333333333333333,,uniform_inclusion_probability_not_rank,0
1245,1244,prospective_v4,REGISTERED_UNEVALUATED,243cd17e6b97a2d96709ddfc689a068038669341a52dcc0743c141d309e43b9f,746efc843d53dff4e61394e26d458ea3f50c93e4,6a018e3036187a26ac9bcffda9fd7379d65d86cde84514faa08f4ea349b0f4bb,rolling300,V4_U,V4_NEW_PROSPECTIVE,4,0.13333333333333333,,uniform_inclusion_probability_not_rank,0
1245,1244,prospective_v4,REGISTERED_UNEVALUATED,243cd17e6b97a2d96709ddfc689a068038669341a52dcc0743c141d309e43b9f,746efc843d53dff4e61394e26d458ea3f50c93e4,6a018e3036187a26ac9bcffda9fd7379d65d86cde84514faa08f4ea349b0f4bb,rolling300,V4_U,V4_NEW_PROSPECTIVE,5,0.13333333333333333,,uniform_inclusion_probability_not_rank,1
1245,1244,prospective_v4,REGISTERED_UNEVALUATED,243cd17e6b97a2d96709ddfc689a068038669341a52dcc0743c141d309e43b9f,746efc843d53dff4e61394e26d458ea3f50c93e4,6a018e3036187a26ac9bcffda9fd7379d65d86cde84514faa08f4ea349b0f4bb,rolling300,V4_U,V4_NEW_PROSPECTIVE,6,0.13333333333333333,,uniform_inclusion_probability_not_rank,0
1245,1244,prospective_v4,REGISTERED_UNEVALUATED,243cd17e6b97a2d96709ddfc689a068038669341a52dcc0743c141d309e43b9f,746efc843d53dff4e61394e26d458ea3f50c93e4,6a018e3036187a26ac9bcffda9fd7379d65d86cde84514faa08f4ea349b0f4bb,rolling300,V4_U,V4_NEW_PROSPECTIVE,7,0.13333333333333333,,uniform_inclusion_probability_not_rank,0
1245,1244,prospective_v4,REGISTERED_UNEVALUATED,243cd17e6b97a2d96709ddfc689a068038669341a52dcc0743c141d309e43b9f,746efc843d53dff4e61394e26d458ea3f50c93e4,6a018e3036187a26ac9bcffda9fd7379d65d86cde84514faa08f4ea349b0f4bb,rolling300,V4_U,V4_NEW_PROSPECTIVE,8,0.13333333333333333,,uniform_inclusion_probability_not_rank,0
1245,1244,prospective_v4,REGISTERED_UNEVALUATED,243cd17e6b97a2d96709ddfc689a068038669341a52dcc0743c141d309e43b9f,746efc843d53dff4e61394e26d458ea3f50c93e4,6a018e3036187a26ac9bcffda9fd7379d65d86cde84514faa08f4ea349b0f4bb,rolling300,V4_U,V4_NEW_PROSPECTIVE,9,0.13333333333333333,,uniform_inclusion_probability_not_rank,1
1245,1244,prospective_v4,REGISTERED_UNEVALUATED,243cd17e6b97a2d96709ddfc689a068038669341a52dcc0743c141d309e43b9f,746efc843d53dff4e61394e26d458ea3f50c93e4,6a018e3036187a26ac9bcffda9fd7379d65d86cde84514faa08f4ea349b0f4bb,rolling300,V4_U,V4_NEW_PROSPECTIVE,10,0.13333333333333333,,uniform_inclusion_probability_not_rank,0
1245,1244,prospective_v4,REGISTERED_UNEVALUATED,243cd17e6b97a2d96709ddfc689a068038669341a52dcc0743c141d309e43b9f,746efc843d53dff4e61394e26d458ea3f50c93e4,6a018e3036187a26ac9bcffda9fd7379d65d86cde84514faa08f4ea349b0f4bb,rolling300,V4_U,V4_NEW_PROSPECTIVE,11,0.13333333333333333,,uniform_inclusion_probability_not_rank,0
1245,1244,prospective_v4,REGISTERED_UNEVALUATED,243cd17e6b97a2d96709ddfc689a068038669341a52dcc0743c141d309e43b9f,746efc843d53dff4e61394e26d458ea3f50c93e4,6a018e3036187a26ac9bcffda9fd7379d65d86cde84514faa08f4ea349b0f4bb,rolling300,V4_U,V4_NEW_PROSPECTIVE,12,0.13333333333333333,,uniform_inclusion_probability_not_rank,0
1245,1244,prospective_v4,REGISTERED_UNEVALUATED,243cd17e6b97a2d96709ddfc689a068038669341a52dcc0743c141d309e43b9f,746efc843d53dff4e61394e26d458ea3f50c93e4,6a018e3036187a26ac9bcffda9fd7379d65d86cde84514faa08f4ea349b0f4bb,rolling300,V4_U,V4_NEW_PROSPECTIVE,13,0.13333333333333333,,uniform_inclusion_probability_not_rank,0
1245,1244,prospective_v4,REGISTERED_UNEVALUATED,243cd17e6b97a2d96709ddfc689a068038669341a52dcc0743c141d309e43b9f,746efc843d53dff4e61394e26d458ea3f50c93e4,6a018e3036187a26ac9bcffda9fd7379d65d86cde84514faa08f4ea349b0f4bb,rolling300,V4_U,V4_NEW_PROSPECTIVE,14,0.13333333333333333,,uniform_inclusion_probability_not_rank,0
1245,1244,prospective_v4,REGISTERED_UNEVALUATED,243cd17e6b97a2d96709ddfc689a068038669341a52dcc0743c141d309e43b9f,746efc843d53dff4e61394e26d458ea3f50c93e4,6a018e3036187a26ac9bcffda9fd7379d65d86cde84514faa08f4ea349b0f4bb,rolling300,V4_U,V4_NEW_PROSPECTIVE,15,0.13333333333333333,,uniform_inclusion_probability_not_rank,1
1245,1244,prospective_v4,REGISTERED_UNEVALUATED,243cd17e6b97a2d96709ddfc689a068038669341a52dcc0743c141d309e43b9f,746efc843d53dff4e61394e26d458ea3f50c93e4,6a018e3036187a26ac9bcffda9fd7379d65d86cde84514faa08f4ea349b0f4bb,rolling300,V4_U,V4_NEW_PROSPECTIVE,16,0.13333333333333333,,uniform_inclusion_probability_not_rank,0
1245,1244,prospective_v4,REGISTERED_UNEVALUATED,243cd17e6b97a2d96709ddfc689a068038669341a52dcc0743c141d309e43b9f,746efc843d53dff4e61394e26d458ea3f50c93e4,6a018e3036187a26ac9bcffda9fd7379d65d86cde84514faa08f4ea349b0f4bb,rolling300,V4_U,V4_NEW_PROSPECTIVE,17,0.13333333333333333,,uniform_inclusion_probability_not_rank,0
1245,1244,prospective_v4,REGISTERED_UNEVALUATED,243cd17e6b97a2d96709ddfc689a068038669341a52dcc0743c141d309e43b9f,746efc843d53dff4e61394e26d458ea3f50c93e4,6a018e3036187a26ac9bcffda9fd7379d65d86cde84514faa08f4ea349b0f4bb,rolling300,V4_U,V4_NEW_PROSPECTIVE,18,0.13333333333333333,,uniform_inclusion_probability_not_rank,0
1245,1244,prospective_v4,REGISTERED_UNEVALUATED,243cd17e6b97a2d96709ddfc689a068038669341a52dcc0743c141d309e43b9f,746efc843d53dff4e61394e26d458ea3f50c93e4,6a018e3036187a26ac9bcffda9fd7379d65d86cde84514faa08f4ea349b0f4bb,rolling300,V4_U,V4_NEW_PROSPECTIVE,19,0.13333333333333333,,uniform_inclusion_probability_not_rank,0
1245,1244,prospective_v4,REGISTERED_UNEVALUATED,243cd17e6b97a2d96709ddfc689a068038669341a52dcc0743c141d309e43b9f,746efc843d53dff4e61394e26d458ea3f50c93e4,6a018e3036187a26ac9bcffda9fd7379d65d86cde84514faa08f4ea349b0f4bb,rolling300,V4_U,V4_NEW_PROSPECTIVE,20,0.13333333333333333,,uniform_inclusion_probability_not_rank,1
1245,1244,prospective_v4,REGISTERED_UNEVALUATED,243cd17e6b97a2d96709ddfc689a068038669341a52dcc0743c141d309e43b9f,746efc843d53dff4e61394e26d458ea3f50c93e4,6a018e3036187a26ac9bcffda9fd7379d65d86cde84514faa08f4ea349b0f4bb,rolling300,V4_U,V4_NEW_PROSPECTIVE,21,0.13333333333333333,,uniform_inclusion_probability_not_rank,0
1245,1244,prospective_v4,REGISTERED_UNEVALUATED,243cd17e6b97a2d96709ddfc689a068038669341a52dcc0743c141d309e43b9f,746efc843d53dff4e61394e26d458ea3f50c93e4,6a018e3036187a26ac9bcffda9fd7379d65d86cde84514faa08f4ea349b0f4bb,rolling300,V4_U,V4_NEW_PROSPECTIVE,22,0.13333333333333333,,uniform_inclusion_probability_not_rank,0
1245,1244,prospective_v4,REGISTERED_UNEVALUATED,243cd17e6b97a2d96709ddfc689a068038669341a52dcc0743c141d309e43b9f,746efc843d53dff4e61394e26d458ea3f50c93e4,6a018e3036187a26ac9bcffda9fd7379d65d86cde84514faa08f4ea349b0f4bb,rolling300,V4_U,V4_NEW_PROSPECTIVE,23,0.13333333333333333,,uniform_inclusion_probability_not_rank,0
1245,1244,prospective_v4,REGISTERED_UNEVALUATED,243cd17e6b97a2d96709ddfc689a068038669341a52dcc0743c141d309e43b9f,746efc843d53dff4e61394e26d458ea3f50c93e4,6a018e3036187a26ac9bcffda9fd7379d65d86cde84514faa08f4ea349b0f4bb,rolling300,V4_U,V4_NEW_PROSPECTIVE,24,0.13333333333333333,,uniform_inclusion_probability_not_rank,0
1245,1244,prospective_v4,REGISTERED_UNEVALUATED,243cd17e6b97a2d96709ddfc689a068038669341a52dcc0743c141d309e43b9f,746efc843d53dff4e61394e26d458ea3f50c93e4,6a018e3036187a26ac9bcffda9fd7379d65d86cde84514faa08f4ea349b0f4bb,rolling300,V4_U,V4_NEW_PROSPECTIVE,25,0.13333333333333333,,uniform_inclusion_probability_not_rank,0
1245,1244,prospective_v4,REGISTERED_UNEVALUATED,243cd17e6b97a2d96709ddfc689a068038669341a52dcc0743c141d309e43b9f,746efc843d53dff4e61394e26d458ea3f50c93e4,6a018e3036187a26ac9bcffda9fd7379d65d86cde84514faa08f4ea349b0f4bb,rolling300,V4_U,V4_NEW_PROSPECTIVE,26,0.13333333333333333,,uniform_inclusion_probability_not_rank,0
1245,1244,prospective_v4,REGISTERED_UNEVALUATED,243cd17e6b97a2d96709ddfc689a068038669341a52dcc0743c141d309e43b9f,746efc843d53dff4e61394e26d458ea3f50c93e4,6a018e3036187a26ac9bcffda9fd7379d65d86cde84514faa08f4ea349b0f4bb,rolling300,V4_U,V4_NEW_PROSPECTIVE,27,0.13333333333333333,,uniform_inclusion_probability_not_rank,0
1245,1244,prospective_v4,REGISTERED_UNEVALUATED,243cd17e6b97a2d96709ddfc689a068038669341a52dcc0743c141d309e43b9f,746efc843d53dff4e61394e26d458ea3f50c93e4,6a018e3036187a26ac9bcffda9fd7379d65d86cde84514faa08f4ea349b0f4bb,rolling300,V4_U,V4_NEW_PROSPECTIVE,28,0.13333333333333333,,uniform_inclusion_probability_not_rank,0
1245,1244,prospective_v4,REGISTERED_UNEVALUATED,243cd17e6b97a2d96709ddfc689a068038669341a52dcc0743c141d309e43b9f,746efc843d53dff4e61394e26d458ea3f50c93e4,6a018e3036187a26ac9bcffda9fd7379d65d86cde84514faa08f4ea349b0f4bb,rolling300,V4_U,V4_NEW_PROSPECTIVE,29,0.13333333333333333,,uniform_inclusion_probability_not_rank,0
1245,1244,prospective_v4,REGISTERED_UNEVALUATED,243cd17e6b97a2d96709ddfc689a068038669341a52dcc0743c141d309e43b9f,746efc843d53dff4e61394e26d458ea3f50c93e4,6a018e3036187a26ac9bcffda9fd7379d65d86cde84514faa08f4ea349b0f4bb,rolling300,V4_U,V4_NEW_PROSPECTIVE,30,0.13333333333333333,,uniform_inclusion_probability_not_rank,0
1245,1244,prospective_v4,REGISTERED_UNEVALUATED,243cd17e6b97a2d96709ddfc689a068038669341a52dcc0743c141d309e43b9f,746efc843d53dff4e61394e26d458ea3f50c93e4,6a018e3036187a26ac9bcffda9fd7379d65d86cde84514faa08f4ea349b0f4bb,rolling300,V4_U,V4_NEW_PROSPECTIVE,31,0.13333333333333333,,uniform_inclusion_probability_not_rank,0
1245,1244,prospective_v4,REGISTERED_UNEVALUATED,243cd17e6b97a2d96709ddfc689a068038669341a52dcc0743c141d309e43b9f,746efc843d53dff4e61394e26d458ea3f50c93e4,6a018e3036187a26ac9bcffda9fd7379d65d86cde84514faa08f4ea349b0f4bb,rolling300,V4_U,V4_NEW_PROSPECTIVE,32,0.13333333333333333,,uniform_inclusion_probability_not_rank,0
1245,1244,prospective_v4,REGISTERED_UNEVALUATED,243cd17e6b97a2d96709ddfc689a068038669341a52dcc0743c141d309e43b9f,746efc843d53dff4e61394e26d458ea3f50c93e4,6a018e3036187a26ac9bcffda9fd7379d65d86cde84514faa08f4ea349b0f4bb,rolling300,V4_U,V4_NEW_PROSPECTIVE,33,0.13333333333333333,,uniform_inclusion_probability_not_rank,0
1245,1244,prospective_v4,REGISTERED_UNEVALUATED,243cd17e6b97a2d96709ddfc689a068038669341a52dcc0743c141d309e43b9f,746efc843d53dff4e61394e26d458ea3f50c93e4,6a018e3036187a26ac9bcffda9fd7379d65d86cde84514faa08f4ea349b0f4bb,rolling300,V4_U,V4_NEW_PROSPECTIVE,34,0.13333333333333333,,uniform_inclusion_probability_not_rank,0
1245,1244,prospective_v4,REGISTERED_UNEVALUATED,243cd17e6b97a2d96709ddfc689a068038669341a52dcc0743c141d309e43b9f,746efc843d53dff4e61394e26d458ea3f50c93e4,6a018e3036187a26ac9bcffda9fd7379d65d86cde84514faa08f4ea349b0f4bb,rolling300,V4_U,V4_NEW_PROSPECTIVE,35,0.13333333333333333,,uniform_inclusion_probability_not_rank,0
1245,1244,prospective_v4,REGISTERED_UNEVALUATED,243cd17e6b97a2d96709ddfc689a068038669341a52dcc0743c141d309e43b9f,746efc843d53dff4e61394e26d458ea3f50c93e4,6a018e3036187a26ac9bcffda9fd7379d65d86cde84514faa08f4ea349b0f4bb,rolling300,V4_U,V4_NEW_PROSPECTIVE,36,0.13333333333333333,,uniform_inclusion_probability_not_rank,0
1245,1244,prospective_v4,REGISTERED_UNEVALUATED,243cd17e6b97a2d96709ddfc689a068038669341a52dcc0743c141d309e43b9f,746efc843d53dff4e61394e26d458ea3f50c93e4,6a018e3036187a26ac9bcffda9fd7379d65d86cde84514faa08f4ea349b0f4bb,rolling300,V4_U,V4_NEW_PROSPECTIVE,37,0.13333333333333333,,uniform_inclusion_probability_not_rank,0
1245,1244,prospective_v4,REGISTERED_UNEVALUATED,243cd17e6b97a2d96709ddfc689a068038669341a52dcc0743c141d309e43b9f,746efc843d53dff4e61394e26d458ea3f50c93e4,6a018e3036187a26ac9bcffda9fd7379d65d86cde84514faa08f4ea349b0f4bb,rolling300,V4_U,V4_NEW_PROSPECTIVE,38,0.13333333333333333,,uniform_inclusion_probability_not_rank,1
1245,1244,prospective_v4,REGISTERED_UNEVALUATED,243cd17e6b97a2d96709ddfc689a068038669341a52dcc0743c141d309e43b9f,746efc843d53dff4e61394e26d458ea3f50c93e4,6a018e3036187a26ac9bcffda9fd7379d65d86cde84514faa08f4ea349b0f4bb,rolling300,V4_U,V4_NEW_PROSPECTIVE,39,0.13333333333333333,,uniform_inclusion_probability_not_rank,1
1245,1244,prospective_v4,REGISTERED_UNEVALUATED,243cd17e6b97a2d96709ddfc689a068038669341a52dcc0743c141d309e43b9f,746efc843d53dff4e61394e26d458ea3f50c93e4,6a018e3036187a26ac9bcffda9fd7379d65d86cde84514faa08f4ea349b0f4bb,rolling300,V4_U,V4_NEW_PROSPECTIVE,40,0.13333333333333333,,uniform_inclusion_probability_not_rank,0
1245,1244,prospective_v4,REGISTERED_UNEVALUATED,243cd17e6b97a2d96709ddfc689a068038669341a52dcc0743c141d309e43b9f,746efc843d53dff4e61394e26d458ea3f50c93e4,6a018e3036187a26ac9bcffda9fd7379d65d86cde84514faa08f4ea349b0f4bb,rolling300,V4_U,V4_NEW_PROSPECTIVE,41,0.13333333333333333,,uniform_inclusion_probability_not_rank,0
1245,1244,prospective_v4,REGISTERED_UNEVALUATED,243cd17e6b97a2d96709ddfc689a068038669341a52dcc0743c141d309e43b9f,746efc843d53dff4e61394e26d458ea3f50c93e4,6a018e3036187a26ac9bcffda9fd7379d65d86cde84514faa08f4ea349b0f4bb,rolling300,V4_U,V4_NEW_PROSPECTIVE,42,0.13333333333333333,,uniform_inclusion_probability_not_rank,0
1245,1244,prospective_v4,REGISTERED_UNEVALUATED,243cd17e6b97a2d96709ddfc689a068038669341a52dcc0743c141d309e43b9f,746efc843d53dff4e61394e26d458ea3f50c93e4,6a018e3036187a26ac9bcffda9fd7379d65d86cde84514faa08f4ea349b0f4bb,rolling300,V4_U,V4_NEW_PROSPECTIVE,43,0.13333333333333333,,uniform_inclusion_probability_not_rank,0
1245,1244,prospective_v4,REGISTERED_UNEVALUATED,243cd17e6b97a2d96709ddfc689a068038669341a52dcc0743c141d309e43b9f,746efc843d53dff4e61394e26d458ea3f50c93e4,6a018e3036187a26ac9bcffda9fd7379d65d86cde84514faa08f4ea349b0f4bb,rolling300,V4_U,V4_NEW_PROSPECTIVE,44,0.13333333333333333,,uniform_inclusion_probability_not_rank,0
1245,1244,prospective_v4,REGISTERED_UNEVALUATED,243cd17e6b97a2d96709ddfc689a068038669341a52dcc0743c141d309e43b9f,746efc843d53dff4e61394e26d458ea3f50c93e4,6a018e3036187a26ac9bcffda9fd7379d65d86cde84514faa08f4ea349b0f4bb,rolling300,V4_U,V4_NEW_PROSPECTIVE,45,0.13333333333333333,,uniform_inclusion_probability_not_rank,0
1245,1244,prospective_v4,REGISTERED_UNEVALUATED,243cd17e6b97a2d96709ddfc689a068038669341a52dcc0743c141d309e43b9f,746efc843d53dff4e61394e26d458ea3f50c93e4,6a018e3036187a26ac9bcffda9fd7379d65d86cde84514faa08f4ea349b0f4bb,rolling300,V4_F,V4_NEW_PROSPECTIVE,1,39,29,frozen_learned_node_score,0
1245,1244,prospective_v4,REGISTERED_UNEVALUATED,243cd17e6b97a2d96709ddfc689a068038669341a52dcc0743c141d309e43b9f,746efc843d53dff4e61394e26d458ea3f50c93e4,6a018e3036187a26ac9bcffda9fd7379d65d86cde84514faa08f4ea349b0f4bb,rolling300,V4_F,V4_NEW_PROSPECTIVE,2,33,39,frozen_learned_node_score,0
1245,1244,prospective_v4,REGISTERED_UNEVALUATED,243cd17e6b97a2d96709ddfc689a068038669341a52dcc0743c141d309e43b9f,746efc843d53dff4e61394e26d458ea3f50c93e4,6a018e3036187a26ac9bcffda9fd7379d65d86cde84514faa08f4ea349b0f4bb,rolling300,V4_F,V4_NEW_PROSPECTIVE,3,46,6,frozen_learned_node_score,1
1245,1244,prospective_v4,REGISTERED_UNEVALUATED,243cd17e6b97a2d96709ddfc689a068038669341a52dcc0743c141d309e43b9f,746efc843d53dff4e61394e26d458ea3f50c93e4,6a018e3036187a26ac9bcffda9fd7379d65d86cde84514faa08f4ea349b0f4bb,rolling300,V4_F,V4_NEW_PROSPECTIVE,4,34,38,frozen_learned_node_score,0
1245,1244,prospective_v4,REGISTERED_UNEVALUATED,243cd17e6b97a2d96709ddfc689a068038669341a52dcc0743c141d309e43b9f,746efc843d53dff4e61394e26d458ea3f50c93e4,6a018e3036187a26ac9bcffda9fd7379d65d86cde84514faa08f4ea349b0f4bb,rolling300,V4_F,V4_NEW_PROSPECTIVE,5,25,45,frozen_learned_node_score,0
1245,1244,prospective_v4,REGISTERED_UNEVALUATED,243cd17e6b97a2d96709ddfc689a068038669341a52dcc0743c141d309e43b9f,746efc843d53dff4e61394e26d458ea3f50c93e4,6a018e3036187a26ac9bcffda9fd7379d65d86cde84514faa08f4ea349b0f4bb,rolling300,V4_F,V4_NEW_PROSPECTIVE,6,48,2,frozen_learned_node_score,1
1245,1244,prospective_v4,REGISTERED_UNEVALUATED,243cd17e6b97a2d96709ddfc689a068038669341a52dcc0743c141d309e43b9f,746efc843d53dff4e61394e26d458ea3f50c93e4,6a018e3036187a26ac9bcffda9fd7379d65d86cde84514faa08f4ea349b0f4bb,rolling300,V4_F,V4_NEW_PROSPECTIVE,7,46,7,frozen_learned_node_score,0
1245,1244,prospective_v4,REGISTERED_UNEVALUATED,243cd17e6b97a2d96709ddfc689a068038669341a52dcc0743c141d309e43b9f,746efc843d53dff4e61394e26d458ea3f50c93e4,6a018e3036187a26ac9bcffda9fd7379d65d86cde84514faa08f4ea349b0f4bb,rolling300,V4_F,V4_NEW_PROSPECTIVE,8,31,42,frozen_learned_node_score,0
1245,1244,prospective_v4,REGISTERED_UNEVALUATED,243cd17e6b97a2d96709ddfc689a068038669341a52dcc0743c141d309e43b9f,746efc843d53dff4e61394e26d458ea3f50c93e4,6a018e3036187a26ac9bcffda9fd7379d65d86cde84514faa08f4ea349b0f4bb,rolling300,V4_F,V4_NEW_PROSPECTIVE,9,42,16,frozen_learned_node_score,0
1245,1244,prospective_v4,REGISTERED_UNEVALUATED,243cd17e6b97a2d96709ddfc689a068038669341a52dcc0743c141d309e43b9f,746efc843d53dff4e61394e26d458ea3f50c93e4,6a018e3036187a26ac9bcffda9fd7379d65d86cde84514faa08f4ea349b0f4bb,rolling300,V4_F,V4_NEW_PROSPECTIVE,10,32,40,frozen_learned_node_score,0
1245,1244,prospective_v4,REGISTERED_UNEVALUATED,243cd17e6b97a2d96709ddfc689a068038669341a52dcc0743c141d309e43b9f,746efc843d53dff4e61394e26d458ea3f50c93e4,6a018e3036187a26ac9bcffda9fd7379d65d86cde84514faa08f4ea349b0f4bb,rolling300,V4_F,V4_NEW_PROSPECTIVE,11,40,24,frozen_learned_node_score,0
1245,1244,prospective_v4,REGISTERED_UNEVALUATED,243cd17e6b97a2d96709ddfc689a068038669341a52dcc0743c141d309e43b9f,746efc843d53dff4e61394e26d458ea3f50c93e4,6a018e3036187a26ac9bcffda9fd7379d65d86cde84514faa08f4ea349b0f4bb,rolling300,V4_F,V4_NEW_PROSPECTIVE,12,45,10,frozen_learned_node_score,0
1245,1244,prospective_v4,REGISTERED_UNEVALUATED,243cd17e6b97a2d96709ddfc689a068038669341a52dcc0743c141d309e43b9f,746efc843d53dff4e61394e26d458ea3f50c93e4,6a018e3036187a26ac9bcffda9fd7379d65d86cde84514faa08f4ea349b0f4bb,rolling300,V4_F,V4_NEW_PROSPECTIVE,13,50,1,frozen_learned_node_score,1
1245,1244,prospective_v4,REGISTERED_UNEVALUATED,243cd17e6b97a2d96709ddfc689a068038669341a52dcc0743c141d309e43b9f,746efc843d53dff4e61394e26d458ea3f50c93e4,6a018e3036187a26ac9bcffda9fd7379d65d86cde84514faa08f4ea349b0f4bb,rolling300,V4_F,V4_NEW_PROSPECTIVE,14,39,30,frozen_learned_node_score,0
1245,1244,prospective_v4,REGISTERED_UNEVALUATED,243cd17e6b97a2d96709ddfc689a068038669341a52dcc0743c141d309e43b9f,746efc843d53dff4e61394e26d458ea3f50c93e4,6a018e3036187a26ac9bcffda9fd7379d65d86cde84514faa08f4ea349b0f4bb,rolling300,V4_F,V4_NEW_PROSPECTIVE,15,43,14,frozen_learned_node_score,0
1245,1244,prospective_v4,REGISTERED_UNEVALUATED,243cd17e6b97a2d96709ddfc689a068038669341a52dcc0743c141d309e43b9f,746efc843d53dff4e61394e26d458ea3f50c93e4,6a018e3036187a26ac9bcffda9fd7379d65d86cde84514faa08f4ea349b0f4bb,rolling300,V4_F,V4_NEW_PROSPECTIVE,16,47,4,frozen_learned_node_score,1
1245,1244,prospective_v4,REGISTERED_UNEVALUATED,243cd17e6b97a2d96709ddfc689a068038669341a52dcc0743c141d309e43b9f,746efc843d53dff4e61394e26d458ea3f50c93e4,6a018e3036187a26ac9bcffda9fd7379d65d86cde84514faa08f4ea349b0f4bb,rolling300,V4_F,V4_NEW_PROSPECTIVE,17,35,36,frozen_learned_node_score,0
1245,1244,prospective_v4,REGISTERED_UNEVALUATED,243cd17e6b97a2d96709ddfc689a068038669341a52dcc0743c141d309e43b9f,746efc843d53dff4e61394e26d458ea3f50c93e4,6a018e3036187a26ac9bcffda9fd7379d65d86cde84514faa08f4ea349b0f4bb,rolling300,V4_F,V4_NEW_PROSPECTIVE,18,43,15,frozen_learned_node_score,0
1245,1244,prospective_v4,REGISTERED_UNEVALUATED,243cd17e6b97a2d96709ddfc689a068038669341a52dcc0743c141d309e43b9f,746efc843d53dff4e61394e26d458ea3f50c93e4,6a018e3036187a26ac9bcffda9fd7379d65d86cde84514faa08f4ea349b0f4bb,rolling300,V4_F,V4_NEW_PROSPECTIVE,19,41,21,frozen_learned_node_score,0
1245,1244,prospective_v4,REGISTERED_UNEVALUATED,243cd17e6b97a2d96709ddfc689a068038669341a52dcc0743c141d309e43b9f,746efc843d53dff4e61394e26d458ea3f50c93e4,6a018e3036187a26ac9bcffda9fd7379d65d86cde84514faa08f4ea349b0f4bb,rolling300,V4_F,V4_NEW_PROSPECTIVE,20,40,25,frozen_learned_node_score,0
1245,1244,prospective_v4,REGISTERED_UNEVALUATED,243cd17e6b97a2d96709ddfc689a068038669341a52dcc0743c141d309e43b9f,746efc843d53dff4e61394e26d458ea3f50c93e4,6a018e3036187a26ac9bcffda9fd7379d65d86cde84514faa08f4ea349b0f4bb,rolling300,V4_F,V4_NEW_PROSPECTIVE,21,42,17,frozen_learned_node_score,0
1245,1244,prospective_v4,REGISTERED_UNEVALUATED,243cd17e6b97a2d96709ddfc689a068038669341a52dcc0743c141d309e43b9f,746efc843d53dff4e61394e26d458ea3f50c93e4,6a018e3036187a26ac9bcffda9fd7379d65d86cde84514faa08f4ea349b0f4bb,rolling300,V4_F,V4_NEW_PROSPECTIVE,22,39,31,frozen_learned_node_score,0
1245,1244,prospective_v4,REGISTERED_UNEVALUATED,243cd17e6b97a2d96709ddfc689a068038669341a52dcc0743c141d309e43b9f,746efc843d53dff4e61394e26d458ea3f50c93e4,6a018e3036187a26ac9bcffda9fd7379d65d86cde84514faa08f4ea349b0f4bb,rolling300,V4_F,V4_NEW_PROSPECTIVE,23,36,34,frozen_learned_node_score,0
1245,1244,prospective_v4,REGISTERED_UNEVALUATED,243cd17e6b97a2d96709ddfc689a068038669341a52dcc0743c141d309e43b9f,746efc843d53dff4e61394e26d458ea3f50c93e4,6a018e3036187a26ac9bcffda9fd7379d65d86cde84514faa08f4ea349b0f4bb,rolling300,V4_F,V4_NEW_PROSPECTIVE,24,44,11,frozen_learned_node_score,0
1245,1244,prospective_v4,REGISTERED_UNEVALUATED,243cd17e6b97a2d96709ddfc689a068038669341a52dcc0743c141d309e43b9f,746efc843d53dff4e61394e26d458ea3f50c93e4,6a018e3036187a26ac9bcffda9fd7379d65d86cde84514faa08f4ea349b0f4bb,rolling300,V4_F,V4_NEW_PROSPECTIVE,25,31,43,frozen_learned_node_score,0
1245,1244,prospective_v4,REGISTERED_UNEVALUATED,243cd17e6b97a2d96709ddfc689a068038669341a52dcc0743c141d309e43b9f,746efc843d53dff4e61394e26d458ea3f50c93e4,6a018e3036187a26ac9bcffda9fd7379d65d86cde84514faa08f4ea349b0f4bb,rolling300,V4_F,V4_NEW_PROSPECTIVE,26,41,22,frozen_learned_node_score,0
1245,1244,prospective_v4,REGISTERED_UNEVALUATED,243cd17e6b97a2d96709ddfc689a068038669341a52dcc0743c141d309e43b9f,746efc843d53dff4e61394e26d458ea3f50c93e4,6a018e3036187a26ac9bcffda9fd7379d65d86cde84514faa08f4ea349b0f4bb,rolling300,V4_F,V4_NEW_PROSPECTIVE,27,42,18,frozen_learned_node_score,0
1245,1244,prospective_v4,REGISTERED_UNEVALUATED,243cd17e6b97a2d96709ddfc689a068038669341a52dcc0743c141d309e43b9f,746efc843d53dff4e61394e26d458ea3f50c93e4,6a018e3036187a26ac9bcffda9fd7379d65d86cde84514faa08f4ea349b0f4bb,rolling300,V4_F,V4_NEW_PROSPECTIVE,28,40,26,frozen_learned_node_score,0
1245,1244,prospective_v4,REGISTERED_UNEVALUATED,243cd17e6b97a2d96709ddfc689a068038669341a52dcc0743c141d309e43b9f,746efc843d53dff4e61394e26d458ea3f50c93e4,6a018e3036187a26ac9bcffda9fd7379d65d86cde84514faa08f4ea349b0f4bb,rolling300,V4_F,V4_NEW_PROSPECTIVE,29,42,19,frozen_learned_node_score,0
1245,1244,prospective_v4,REGISTERED_UNEVALUATED,243cd17e6b97a2d96709ddfc689a068038669341a52dcc0743c141d309e43b9f,746efc843d53dff4e61394e26d458ea3f50c93e4,6a018e3036187a26ac9bcffda9fd7379d65d86cde84514faa08f4ea349b0f4bb,rolling300,V4_F,V4_NEW_PROSPECTIVE,30,46,8,frozen_learned_node_score,0
1245,1244,prospective_v4,REGISTERED_UNEVALUATED,243cd17e6b97a2d96709ddfc689a068038669341a52dcc0743c141d309e43b9f,746efc843d53dff4e61394e26d458ea3f50c93e4,6a018e3036187a26ac9bcffda9fd7379d65d86cde84514faa08f4ea349b0f4bb,rolling300,V4_F,V4_NEW_PROSPECTIVE,31,44,12,frozen_learned_node_score,0
1245,1244,prospective_v4,REGISTERED_UNEVALUATED,243cd17e6b97a2d96709ddfc689a068038669341a52dcc0743c141d309e43b9f,746efc843d53dff4e61394e26d458ea3f50c93e4,6a018e3036187a26ac9bcffda9fd7379d65d86cde84514faa08f4ea349b0f4bb,rolling300,V4_F,V4_NEW_PROSPECTIVE,32,36,35,frozen_learned_node_score,0
1245,1244,prospective_v4,REGISTERED_UNEVALUATED,243cd17e6b97a2d96709ddfc689a068038669341a52dcc0743c141d309e43b9f,746efc843d53dff4e61394e26d458ea3f50c93e4,6a018e3036187a26ac9bcffda9fd7379d65d86cde84514faa08f4ea349b0f4bb,rolling300,V4_F,V4_NEW_PROSPECTIVE,33,44,13,frozen_learned_node_score,0
1245,1244,prospective_v4,REGISTERED_UNEVALUATED,243cd17e6b97a2d96709ddfc689a068038669341a52dcc0743c141d309e43b9f,746efc843d53dff4e61394e26d458ea3f50c93e4,6a018e3036187a26ac9bcffda9fd7379d65d86cde84514faa08f4ea349b0f4bb,rolling300,V4_F,V4_NEW_PROSPECTIVE,34,41,23,frozen_learned_node_score,0
1245,1244,prospective_v4,REGISTERED_UNEVALUATED,243cd17e6b97a2d96709ddfc689a068038669341a52dcc0743c141d309e43b9f,746efc843d53dff4e61394e26d458ea3f50c93e4,6a018e3036187a26ac9bcffda9fd7379d65d86cde84514faa08f4ea349b0f4bb,rolling300,V4_F,V4_NEW_PROSPECTIVE,35,48,3,frozen_learned_node_score,1
1245,1244,prospective_v4,REGISTERED_UNEVALUATED,243cd17e6b97a2d96709ddfc689a068038669341a52dcc0743c141d309e43b9f,746efc843d53dff4e61394e26d458ea3f50c93e4,6a018e3036187a26ac9bcffda9fd7379d65d86cde84514faa08f4ea349b0f4bb,rolling300,V4_F,V4_NEW_PROSPECTIVE,36,39,32,frozen_learned_node_score,0
1245,1244,prospective_v4,REGISTERED_UNEVALUATED,243cd17e6b97a2d96709ddfc689a068038669341a52dcc0743c141d309e43b9f,746efc843d53dff4e61394e26d458ea3f50c93e4,6a018e3036187a26ac9bcffda9fd7379d65d86cde84514faa08f4ea349b0f4bb,rolling300,V4_F,V4_NEW_PROSPECTIVE,37,46,9,frozen_learned_node_score,0
1245,1244,prospective_v4,REGISTERED_UNEVALUATED,243cd17e6b97a2d96709ddfc689a068038669341a52dcc0743c141d309e43b9f,746efc843d53dff4e61394e26d458ea3f50c93e4,6a018e3036187a26ac9bcffda9fd7379d65d86cde84514faa08f4ea349b0f4bb,rolling300,V4_F,V4_NEW_PROSPECTIVE,38,47,5,frozen_learned_node_score,1
1245,1244,prospective_v4,REGISTERED_UNEVALUATED,243cd17e6b97a2d96709ddfc689a068038669341a52dcc0743c141d309e43b9f,746efc843d53dff4e61394e26d458ea3f50c93e4,6a018e3036187a26ac9bcffda9fd7379d65d86cde84514faa08f4ea349b0f4bb,rolling300,V4_F,V4_NEW_PROSPECTIVE,39,32,41,frozen_learned_node_score,0
1245,1244,prospective_v4,REGISTERED_UNEVALUATED,243cd17e6b97a2d96709ddfc689a068038669341a52dcc0743c141d309e43b9f,746efc843d53dff4e61394e26d458ea3f50c93e4,6a018e3036187a26ac9bcffda9fd7379d65d86cde84514faa08f4ea349b0f4bb,rolling300,V4_F,V4_NEW_PROSPECTIVE,40,40,27,frozen_learned_node_score,0
1245,1244,prospective_v4,REGISTERED_UNEVALUATED,243cd17e6b97a2d96709ddfc689a068038669341a52dcc0743c141d309e43b9f,746efc843d53dff4e61394e26d458ea3f50c93e4,6a018e3036187a26ac9bcffda9fd7379d65d86cde84514faa08f4ea349b0f4bb,rolling300,V4_F,V4_NEW_PROSPECTIVE,41,37,33,frozen_learned_node_score,0
1245,1244,prospective_v4,REGISTERED_UNEVALUATED,243cd17e6b97a2d96709ddfc689a068038669341a52dcc0743c141d309e43b9f,746efc843d53dff4e61394e26d458ea3f50c93e4,6a018e3036187a26ac9bcffda9fd7379d65d86cde84514faa08f4ea349b0f4bb,rolling300,V4_F,V4_NEW_PROSPECTIVE,42,35,37,frozen_learned_node_score,0
1245,1244,prospective_v4,REGISTERED_UNEVALUATED,243cd17e6b97a2d96709ddfc689a068038669341a52dcc0743c141d309e43b9f,746efc843d53dff4e61394e26d458ea3f50c93e4,6a018e3036187a26ac9bcffda9fd7379d65d86cde84514faa08f4ea349b0f4bb,rolling300,V4_F,V4_NEW_PROSPECTIVE,43,27,44,frozen_learned_node_score,0
1245,1244,prospective_v4,REGISTERED_UNEVALUATED,243cd17e6b97a2d96709ddfc689a068038669341a52dcc0743c141d309e43b9f,746efc843d53dff4e61394e26d458ea3f50c93e4,6a018e3036187a26ac9bcffda9fd7379d65d86cde84514faa08f4ea349b0f4bb,rolling300,V4_F,V4_NEW_PROSPECTIVE,44,40,28,frozen_learned_node_score,0
1245,1244,prospective_v4,REGISTERED_UNEVALUATED,243cd17e6b97a2d96709ddfc689a068038669341a52dcc0743c141d309e43b9f,746efc843d53dff4e61394e26d458ea3f50c93e4,6a018e3036187a26ac9bcffda9fd7379d65d86cde84514faa08f4ea349b0f4bb,rolling300,V4_F,V4_NEW_PROSPECTIVE,45,42,20,frozen_learned_node_score,0
1245,1244,prospective_v4,REGISTERED_UNEVALUATED,243cd17e6b97a2d96709ddfc689a068038669341a52dcc0743c141d309e43b9f,746efc843d53dff4e61394e26d458ea3f50c93e4,6a018e3036187a26ac9bcffda9fd7379d65d86cde84514faa08f4ea349b0f4bb,rolling300,V4_G,V4_NEW_PROSPECTIVE,1,0.1326718118338846,11,frozen_learned_node_score,0
1245,1244,prospective_v4,REGISTERED_UNEVALUATED,243cd17e6b97a2d96709ddfc689a068038669341a52dcc0743c141d309e43b9f,746efc843d53dff4e61394e26d458ea3f50c93e4,6a018e3036187a26ac9bcffda9fd7379d65d86cde84514faa08f4ea349b0f4bb,rolling300,V4_G,V4_NEW_PROSPECTIVE,2,0.12713518789653488,30,frozen_learned_node_score,0
1245,1244,prospective_v4,REGISTERED_UNEVALUATED,243cd17e6b97a2d96709ddfc689a068038669341a52dcc0743c141d309e43b9f,746efc843d53dff4e61394e26d458ea3f50c93e4,6a018e3036187a26ac9bcffda9fd7379d65d86cde84514faa08f4ea349b0f4bb,rolling300,V4_G,V4_NEW_PROSPECTIVE,3,0.1258244545915779,36,frozen_learned_node_score,0
1245,1244,prospective_v4,REGISTERED_UNEVALUATED,243cd17e6b97a2d96709ddfc689a068038669341a52dcc0743c141d309e43b9f,746efc843d53dff4e61394e26d458ea3f50c93e4,6a018e3036187a26ac9bcffda9fd7379d65d86cde84514faa08f4ea349b0f4bb,rolling300,V4_G,V4_NEW_PROSPECTIVE,4,0.12713518789653488,31,frozen_learned_node_score,0
1245,1244,prospective_v4,REGISTERED_UNEVALUATED,243cd17e6b97a2d96709ddfc689a068038669341a52dcc0743c141d309e43b9f,746efc843d53dff4e61394e26d458ea3f50c93e4,6a018e3036187a26ac9bcffda9fd7379d65d86cde84514faa08f4ea349b0f4bb,rolling300,V4_G,V4_NEW_PROSPECTIVE,5,0.1258244545915779,37,frozen_learned_node_score,0
1245,1244,prospective_v4,REGISTERED_UNEVALUATED,243cd17e6b97a2d96709ddfc689a068038669341a52dcc0743c141d309e43b9f,746efc843d53dff4e61394e26d458ea3f50c93e4,6a018e3036187a26ac9bcffda9fd7379d65d86cde84514faa08f4ea349b0f4bb,rolling300,V4_G,V4_NEW_PROSPECTIVE,6,0.14690058479532164,1,frozen_learned_node_score,1
1245,1244,prospective_v4,REGISTERED_UNEVALUATED,243cd17e6b97a2d96709ddfc689a068038669341a52dcc0743c141d309e43b9f,746efc843d53dff4e61394e26d458ea3f50c93e4,6a018e3036187a26ac9bcffda9fd7379d65d86cde84514faa08f4ea349b0f4bb,rolling300,V4_G,V4_NEW_PROSPECTIVE,7,0.13074851911685514,17,frozen_learned_node_score,0
1245,1244,prospective_v4,REGISTERED_UNEVALUATED,243cd17e6b97a2d96709ddfc689a068038669341a52dcc0743c141d309e43b9f,746efc843d53dff4e61394e26d458ea3f50c93e4,6a018e3036187a26ac9bcffda9fd7379d65d86cde84514faa08f4ea349b0f4bb,rolling300,V4_G,V4_NEW_PROSPECTIVE,8,0.1258244545915779,38,frozen_learned_node_score,0
1245,1244,prospective_v4,REGISTERED_UNEVALUATED,243cd17e6b97a2d96709ddfc689a068038669341a52dcc0743c141d309e43b9f,746efc843d53dff4e61394e26d458ea3f50c93e4,6a018e3036187a26ac9bcffda9fd7379d65d86cde84514faa08f4ea349b0f4bb,rolling300,V4_G,V4_NEW_PROSPECTIVE,9,0.1289228159457167,26,frozen_learned_node_score,0
1245,1244,prospective_v4,REGISTERED_UNEVALUATED,243cd17e6b97a2d96709ddfc689a068038669341a52dcc0743c141d309e43b9f,746efc843d53dff4e61394e26d458ea3f50c93e4,6a018e3036187a26ac9bcffda9fd7379d65d86cde84514faa08f4ea349b0f4bb,rolling300,V4_G,V4_NEW_PROSPECTIVE,10,0.12713518789653488,32,frozen_learned_node_score,0
1245,1244,prospective_v4,REGISTERED_UNEVALUATED,243cd17e6b97a2d96709ddfc689a068038669341a52dcc0743c141d309e43b9f,746efc843d53dff4e61394e26d458ea3f50c93e4,6a018e3036187a26ac9bcffda9fd7379d65d86cde84514faa08f4ea349b0f4bb,rolling300,V4_G,V4_NEW_PROSPECTIVE,11,0.13074851911685514,18,frozen_learned_node_score,0
1245,1244,prospective_v4,REGISTERED_UNEVALUATED,243cd17e6b97a2d96709ddfc689a068038669341a52dcc0743c141d309e43b9f,746efc843d53dff4e61394e26d458ea3f50c93e4,6a018e3036187a26ac9bcffda9fd7379d65d86cde84514faa08f4ea349b0f4bb,rolling300,V4_G,V4_NEW_PROSPECTIVE,12,0.14690058479532164,2,frozen_learned_node_score,1
1245,1244,prospective_v4,REGISTERED_UNEVALUATED,243cd17e6b97a2d96709ddfc689a068038669341a52dcc0743c141d309e43b9f,746efc843d53dff4e61394e26d458ea3f50c93e4,6a018e3036187a26ac9bcffda9fd7379d65d86cde84514faa08f4ea349b0f4bb,rolling300,V4_G,V4_NEW_PROSPECTIVE,13,0.1326718118338846,12,frozen_learned_node_score,0
1245,1244,prospective_v4,REGISTERED_UNEVALUATED,243cd17e6b97a2d96709ddfc689a068038669341a52dcc0743c141d309e43b9f,746efc843d53dff4e61394e26d458ea3f50c93e4,6a018e3036187a26ac9bcffda9fd7379d65d86cde84514faa08f4ea349b0f4bb,rolling300,V4_G,V4_NEW_PROSPECTIVE,14,0.1258244545915779,39,frozen_learned_node_score,0
1245,1244,prospective_v4,REGISTERED_UNEVALUATED,243cd17e6b97a2d96709ddfc689a068038669341a52dcc0743c141d309e43b9f,746efc843d53dff4e61394e26d458ea3f50c93e4,6a018e3036187a26ac9bcffda9fd7379d65d86cde84514faa08f4ea349b0f4bb,rolling300,V4_G,V4_NEW_PROSPECTIVE,15,0.14690058479532164,3,frozen_learned_node_score,1
1245,1244,prospective_v4,REGISTERED_UNEVALUATED,243cd17e6b97a2d96709ddfc689a068038669341a52dcc0743c141d309e43b9f,746efc843d53dff4e61394e26d458ea3f50c93e4,6a018e3036187a26ac9bcffda9fd7379d65d86cde84514faa08f4ea349b0f4bb,rolling300,V4_G,V4_NEW_PROSPECTIVE,16,0.12713518789653488,33,frozen_learned_node_score,0
1245,1244,prospective_v4,REGISTERED_UNEVALUATED,243cd17e6b97a2d96709ddfc689a068038669341a52dcc0743c141d309e43b9f,746efc843d53dff4e61394e26d458ea3f50c93e4,6a018e3036187a26ac9bcffda9fd7379d65d86cde84514faa08f4ea349b0f4bb,rolling300,V4_G,V4_NEW_PROSPECTIVE,17,0.1258244545915779,40,frozen_learned_node_score,0
1245,1244,prospective_v4,REGISTERED_UNEVALUATED,243cd17e6b97a2d96709ddfc689a068038669341a52dcc0743c141d309e43b9f,746efc843d53dff4e61394e26d458ea3f50c93e4,6a018e3036187a26ac9bcffda9fd7379d65d86cde84514faa08f4ea349b0f4bb,rolling300,V4_G,V4_NEW_PROSPECTIVE,18,0.1326718118338846,13,frozen_learned_node_score,0
1245,1244,prospective_v4,REGISTERED_UNEVALUATED,243cd17e6b97a2d96709ddfc689a068038669341a52dcc0743c141d309e43b9f,746efc843d53dff4e61394e26d458ea3f50c93e4,6a018e3036187a26ac9bcffda9fd7379d65d86cde84514faa08f4ea349b0f4bb,rolling300,V4_G,V4_NEW_PROSPECTIVE,19,0.13074851911685514,19,frozen_learned_node_score,0
1245,1244,prospective_v4,REGISTERED_UNEVALUATED,243cd17e6b97a2d96709ddfc689a068038669341a52dcc0743c141d309e43b9f,746efc843d53dff4e61394e26d458ea3f50c93e4,6a018e3036187a26ac9bcffda9fd7379d65d86cde84514faa08f4ea349b0f4bb,rolling300,V4_G,V4_NEW_PROSPECTIVE,20,0.13074851911685514,20,frozen_learned_node_score,0
1245,1244,prospective_v4,REGISTERED_UNEVALUATED,243cd17e6b97a2d96709ddfc689a068038669341a52dcc0743c141d309e43b9f,746efc843d53dff4e61394e26d458ea3f50c93e4,6a018e3036187a26ac9bcffda9fd7379d65d86cde84514faa08f4ea349b0f4bb,rolling300,V4_G,V4_NEW_PROSPECTIVE,21,0.14690058479532164,4,frozen_learned_node_score,1
1245,1244,prospective_v4,REGISTERED_UNEVALUATED,243cd17e6b97a2d96709ddfc689a068038669341a52dcc0743c141d309e43b9f,746efc843d53dff4e61394e26d458ea3f50c93e4,6a018e3036187a26ac9bcffda9fd7379d65d86cde84514faa08f4ea349b0f4bb,rolling300,V4_G,V4_NEW_PROSPECTIVE,22,0.13074851911685514,21,frozen_learned_node_score,0
1245,1244,prospective_v4,REGISTERED_UNEVALUATED,243cd17e6b97a2d96709ddfc689a068038669341a52dcc0743c141d309e43b9f,746efc843d53dff4e61394e26d458ea3f50c93e4,6a018e3036187a26ac9bcffda9fd7379d65d86cde84514faa08f4ea349b0f4bb,rolling300,V4_G,V4_NEW_PROSPECTIVE,23,0.13074851911685514,22,frozen_learned_node_score,0
1245,1244,prospective_v4,REGISTERED_UNEVALUATED,243cd17e6b97a2d96709ddfc689a068038669341a52dcc0743c141d309e43b9f,746efc843d53dff4e61394e26d458ea3f50c93e4,6a018e3036187a26ac9bcffda9fd7379d65d86cde84514faa08f4ea349b0f4bb,rolling300,V4_G,V4_NEW_PROSPECTIVE,24,0.1289228159457167,27,frozen_learned_node_score,0
1245,1244,prospective_v4,REGISTERED_UNEVALUATED,243cd17e6b97a2d96709ddfc689a068038669341a52dcc0743c141d309e43b9f,746efc843d53dff4e61394e26d458ea3f50c93e4,6a018e3036187a26ac9bcffda9fd7379d65d86cde84514faa08f4ea349b0f4bb,rolling300,V4_G,V4_NEW_PROSPECTIVE,25,0.1258244545915779,41,frozen_learned_node_score,0
1245,1244,prospective_v4,REGISTERED_UNEVALUATED,243cd17e6b97a2d96709ddfc689a068038669341a52dcc0743c141d309e43b9f,746efc843d53dff4e61394e26d458ea3f50c93e4,6a018e3036187a26ac9bcffda9fd7379d65d86cde84514faa08f4ea349b0f4bb,rolling300,V4_G,V4_NEW_PROSPECTIVE,26,0.1326718118338846,14,frozen_learned_node_score,0
1245,1244,prospective_v4,REGISTERED_UNEVALUATED,243cd17e6b97a2d96709ddfc689a068038669341a52dcc0743c141d309e43b9f,746efc843d53dff4e61394e26d458ea3f50c93e4,6a018e3036187a26ac9bcffda9fd7379d65d86cde84514faa08f4ea349b0f4bb,rolling300,V4_G,V4_NEW_PROSPECTIVE,27,0.1258244545915779,42,frozen_learned_node_score,0
1245,1244,prospective_v4,REGISTERED_UNEVALUATED,243cd17e6b97a2d96709ddfc689a068038669341a52dcc0743c141d309e43b9f,746efc843d53dff4e61394e26d458ea3f50c93e4,6a018e3036187a26ac9bcffda9fd7379d65d86cde84514faa08f4ea349b0f4bb,rolling300,V4_G,V4_NEW_PROSPECTIVE,28,0.1258244545915779,43,frozen_learned_node_score,0
1245,1244,prospective_v4,REGISTERED_UNEVALUATED,243cd17e6b97a2d96709ddfc689a068038669341a52dcc0743c141d309e43b9f,746efc843d53dff4e61394e26d458ea3f50c93e4,6a018e3036187a26ac9bcffda9fd7379d65d86cde84514faa08f4ea349b0f4bb,rolling300,V4_G,V4_NEW_PROSPECTIVE,29,0.14690058479532164,5,frozen_learned_node_score,1
1245,1244,prospective_v4,REGISTERED_UNEVALUATED,243cd17e6b97a2d96709ddfc689a068038669341a52dcc0743c141d309e43b9f,746efc843d53dff4e61394e26d458ea3f50c93e4,6a018e3036187a26ac9bcffda9fd7379d65d86cde84514faa08f4ea349b0f4bb,rolling300,V4_G,V4_NEW_PROSPECTIVE,30,0.1258244545915779,44,frozen_learned_node_score,0
1245,1244,prospective_v4,REGISTERED_UNEVALUATED,243cd17e6b97a2d96709ddfc689a068038669341a52dcc0743c141d309e43b9f,746efc843d53dff4e61394e26d458ea3f50c93e4,6a018e3036187a26ac9bcffda9fd7379d65d86cde84514faa08f4ea349b0f4bb,rolling300,V4_G,V4_NEW_PROSPECTIVE,31,0.12713518789653488,34,frozen_learned_node_score,0
1245,1244,prospective_v4,REGISTERED_UNEVALUATED,243cd17e6b97a2d96709ddfc689a068038669341a52dcc0743c141d309e43b9f,746efc843d53dff4e61394e26d458ea3f50c93e4,6a018e3036187a26ac9bcffda9fd7379d65d86cde84514faa08f4ea349b0f4bb,rolling300,V4_G,V4_NEW_PROSPECTIVE,32,0.13074851911685514,23,frozen_learned_node_score,0
1245,1244,prospective_v4,REGISTERED_UNEVALUATED,243cd17e6b97a2d96709ddfc689a068038669341a52dcc0743c141d309e43b9f,746efc843d53dff4e61394e26d458ea3f50c93e4,6a018e3036187a26ac9bcffda9fd7379d65d86cde84514faa08f4ea349b0f4bb,rolling300,V4_G,V4_NEW_PROSPECTIVE,33,0.13074851911685514,24,frozen_learned_node_score,0
1245,1244,prospective_v4,REGISTERED_UNEVALUATED,243cd17e6b97a2d96709ddfc689a068038669341a52dcc0743c141d309e43b9f,746efc843d53dff4e61394e26d458ea3f50c93e4,6a018e3036187a26ac9bcffda9fd7379d65d86cde84514faa08f4ea349b0f4bb,rolling300,V4_G,V4_NEW_PROSPECTIVE,34,0.1326718118338846,15,frozen_learned_node_score,0
1245,1244,prospective_v4,REGISTERED_UNEVALUATED,243cd17e6b97a2d96709ddfc689a068038669341a52dcc0743c141d309e43b9f,746efc843d53dff4e61394e26d458ea3f50c93e4,6a018e3036187a26ac9bcffda9fd7379d65d86cde84514faa08f4ea349b0f4bb,rolling300,V4_G,V4_NEW_PROSPECTIVE,35,0.14690058479532164,6,frozen_learned_node_score,1
1245,1244,prospective_v4,REGISTERED_UNEVALUATED,243cd17e6b97a2d96709ddfc689a068038669341a52dcc0743c141d309e43b9f,746efc843d53dff4e61394e26d458ea3f50c93e4,6a018e3036187a26ac9bcffda9fd7379d65d86cde84514faa08f4ea349b0f4bb,rolling300,V4_G,V4_NEW_PROSPECTIVE,36,0.13074851911685514,25,frozen_learned_node_score,0
1245,1244,prospective_v4,REGISTERED_UNEVALUATED,243cd17e6b97a2d96709ddfc689a068038669341a52dcc0743c141d309e43b9f,746efc843d53dff4e61394e26d458ea3f50c93e4,6a018e3036187a26ac9bcffda9fd7379d65d86cde84514faa08f4ea349b0f4bb,rolling300,V4_G,V4_NEW_PROSPECTIVE,37,0.14690058479532164,7,frozen_learned_node_score,0
1245,1244,prospective_v4,REGISTERED_UNEVALUATED,243cd17e6b97a2d96709ddfc689a068038669341a52dcc0743c141d309e43b9f,746efc843d53dff4e61394e26d458ea3f50c93e4,6a018e3036187a26ac9bcffda9fd7379d65d86cde84514faa08f4ea349b0f4bb,rolling300,V4_G,V4_NEW_PROSPECTIVE,38,0.1326718118338846,16,frozen_learned_node_score,0
1245,1244,prospective_v4,REGISTERED_UNEVALUATED,243cd17e6b97a2d96709ddfc689a068038669341a52dcc0743c141d309e43b9f,746efc843d53dff4e61394e26d458ea3f50c93e4,6a018e3036187a26ac9bcffda9fd7379d65d86cde84514faa08f4ea349b0f4bb,rolling300,V4_G,V4_NEW_PROSPECTIVE,39,0.14690058479532164,8,frozen_learned_node_score,0
1245,1244,prospective_v4,REGISTERED_UNEVALUATED,243cd17e6b97a2d96709ddfc689a068038669341a52dcc0743c141d309e43b9f,746efc843d53dff4e61394e26d458ea3f50c93e4,6a018e3036187a26ac9bcffda9fd7379d65d86cde84514faa08f4ea349b0f4bb,rolling300,V4_G,V4_NEW_PROSPECTIVE,40,0.14690058479532164,9,frozen_learned_node_score,0
1245,1244,prospective_v4,REGISTERED_UNEVALUATED,243cd17e6b97a2d96709ddfc689a068038669341a52dcc0743c141d309e43b9f,746efc843d53dff4e61394e26d458ea3f50c93e4,6a018e3036187a26ac9bcffda9fd7379d65d86cde84514faa08f4ea349b0f4bb,rolling300,V4_G,V4_NEW_PROSPECTIVE,41,0.12713518789653488,35,frozen_learned_node_score,0
1245,1244,prospective_v4,REGISTERED_UNEVALUATED,243cd17e6b97a2d96709ddfc689a068038669341a52dcc0743c141d309e43b9f,746efc843d53dff4e61394e26d458ea3f50c93e4,6a018e3036187a26ac9bcffda9fd7379d65d86cde84514faa08f4ea349b0f4bb,rolling300,V4_G,V4_NEW_PROSPECTIVE,42,0.14690058479532164,10,frozen_learned_node_score,0
1245,1244,prospective_v4,REGISTERED_UNEVALUATED,243cd17e6b97a2d96709ddfc689a068038669341a52dcc0743c141d309e43b9f,746efc843d53dff4e61394e26d458ea3f50c93e4,6a018e3036187a26ac9bcffda9fd7379d65d86cde84514faa08f4ea349b0f4bb,rolling300,V4_G,V4_NEW_PROSPECTIVE,43,0.1289228159457167,28,frozen_learned_node_score,0
1245,1244,prospective_v4,REGISTERED_UNEVALUATED,243cd17e6b97a2d96709ddfc689a068038669341a52dcc0743c141d309e43b9f,746efc843d53dff4e61394e26d458ea3f50c93e4,6a018e3036187a26ac9bcffda9fd7379d65d86cde84514faa08f4ea349b0f4bb,rolling300,V4_G,V4_NEW_PROSPECTIVE,44,0.1289228159457167,29,frozen_learned_node_score,0
1245,1244,prospective_v4,REGISTERED_UNEVALUATED,243cd17e6b97a2d96709ddfc689a068038669341a52dcc0743c141d309e43b9f,746efc843d53dff4e61394e26d458ea3f50c93e4,6a018e3036187a26ac9bcffda9fd7379d65d86cde84514faa08f4ea349b0f4bb,rolling300,V4_G,V4_NEW_PROSPECTIVE,45,0.1258244545915779,45,frozen_learned_node_score,0
1245,1244,prospective_v4,REGISTERED_UNEVALUATED,243cd17e6b97a2d96709ddfc689a068038669341a52dcc0743c141d309e43b9f,746efc843d53dff4e61394e26d458ea3f50c93e4,6a018e3036187a26ac9bcffda9fd7379d65d86cde84514faa08f4ea349b0f4bb,rolling300,V4_C,V4_NEW_PROSPECTIVE,1,0.1400245298446443,1,frozen_learned_node_score,1
1245,1244,prospective_v4,REGISTERED_UNEVALUATED,243cd17e6b97a2d96709ddfc689a068038669341a52dcc0743c141d309e43b9f,746efc843d53dff4e61394e26d458ea3f50c93e4,6a018e3036187a26ac9bcffda9fd7379d65d86cde84514faa08f4ea349b0f4bb,rolling300,V4_C,V4_NEW_PROSPECTIVE,2,0.1266529532765207,35,frozen_learned_node_score,0
1245,1244,prospective_v4,REGISTERED_UNEVALUATED,243cd17e6b97a2d96709ddfc689a068038669341a52dcc0743c141d309e43b9f,746efc843d53dff4e61394e26d458ea3f50c93e4,6a018e3036187a26ac9bcffda9fd7379d65d86cde84514faa08f4ea349b0f4bb,rolling300,V4_C,V4_NEW_PROSPECTIVE,3,0.12958752841831764,22,frozen_learned_node_score,0
1245,1244,prospective_v4,REGISTERED_UNEVALUATED,243cd17e6b97a2d96709ddfc689a068038669341a52dcc0743c141d309e43b9f,746efc843d53dff4e61394e26d458ea3f50c93e4,6a018e3036187a26ac9bcffda9fd7379d65d86cde84514faa08f4ea349b0f4bb,rolling300,V4_C,V4_NEW_PROSPECTIVE,4,0.1400245298446443,2,frozen_learned_node_score,1
1245,1244,prospective_v4,REGISTERED_UNEVALUATED,243cd17e6b97a2d96709ddfc689a068038669341a52dcc0743c141d309e43b9f,746efc843d53dff4e61394e26d458ea3f50c93e4,6a018e3036187a26ac9bcffda9fd7379d65d86cde84514faa08f4ea349b0f4bb,rolling300,V4_C,V4_NEW_PROSPECTIVE,5,0.12958752841831764,23,frozen_learned_node_score,0
1245,1244,prospective_v4,REGISTERED_UNEVALUATED,243cd17e6b97a2d96709ddfc689a068038669341a52dcc0743c141d309e43b9f,746efc843d53dff4e61394e26d458ea3f50c93e4,6a018e3036187a26ac9bcffda9fd7379d65d86cde84514faa08f4ea349b0f4bb,rolling300,V4_C,V4_NEW_PROSPECTIVE,6,0.1400245298446443,3,frozen_learned_node_score,1
1245,1244,prospective_v4,REGISTERED_UNEVALUATED,243cd17e6b97a2d96709ddfc689a068038669341a52dcc0743c141d309e43b9f,746efc843d53dff4e61394e26d458ea3f50c93e4,6a018e3036187a26ac9bcffda9fd7379d65d86cde84514faa08f4ea349b0f4bb,rolling300,V4_C,V4_NEW_PROSPECTIVE,7,0.1266529532765207,36,frozen_learned_node_score,0
1245,1244,prospective_v4,REGISTERED_UNEVALUATED,243cd17e6b97a2d96709ddfc689a068038669341a52dcc0743c141d309e43b9f,746efc843d53dff4e61394e26d458ea3f50c93e4,6a018e3036187a26ac9bcffda9fd7379d65d86cde84514faa08f4ea349b0f4bb,rolling300,V4_C,V4_NEW_PROSPECTIVE,8,0.12958752841831764,24,frozen_learned_node_score,0
1245,1244,prospective_v4,REGISTERED_UNEVALUATED,243cd17e6b97a2d96709ddfc689a068038669341a52dcc0743c141d309e43b9f,746efc843d53dff4e61394e26d458ea3f50c93e4,6a018e3036187a26ac9bcffda9fd7379d65d86cde84514faa08f4ea349b0f4bb,rolling300,V4_C,V4_NEW_PROSPECTIVE,9,0.1400245298446443,4,frozen_learned_node_score,1
1245,1244,prospective_v4,REGISTERED_UNEVALUATED,243cd17e6b97a2d96709ddfc689a068038669341a52dcc0743c141d309e43b9f,746efc843d53dff4e61394e26d458ea3f50c93e4,6a018e3036187a26ac9bcffda9fd7379d65d86cde84514faa08f4ea349b0f4bb,rolling300,V4_C,V4_NEW_PROSPECTIVE,10,0.1266529532765207,37,frozen_learned_node_score,0
1245,1244,prospective_v4,REGISTERED_UNEVALUATED,243cd17e6b97a2d96709ddfc689a068038669341a52dcc0743c141d309e43b9f,746efc843d53dff4e61394e26d458ea3f50c93e4,6a018e3036187a26ac9bcffda9fd7379d65d86cde84514faa08f4ea349b0f4bb,rolling300,V4_C,V4_NEW_PROSPECTIVE,11,0.13590116279069767,19,frozen_learned_node_score,0
1245,1244,prospective_v4,REGISTERED_UNEVALUATED,243cd17e6b97a2d96709ddfc689a068038669341a52dcc0743c141d309e43b9f,746efc843d53dff4e61394e26d458ea3f50c93e4,6a018e3036187a26ac9bcffda9fd7379d65d86cde84514faa08f4ea349b0f4bb,rolling300,V4_C,V4_NEW_PROSPECTIVE,12,0.1400245298446443,5,frozen_learned_node_score,1
1245,1244,prospective_v4,REGISTERED_UNEVALUATED,243cd17e6b97a2d96709ddfc689a068038669341a52dcc0743c141d309e43b9f,746efc843d53dff4e61394e26d458ea3f50c93e4,6a018e3036187a26ac9bcffda9fd7379d65d86cde84514faa08f4ea349b0f4bb,rolling300,V4_C,V4_NEW_PROSPECTIVE,13,0.11764705882352941,45,frozen_learned_node_score,0
1245,1244,prospective_v4,REGISTERED_UNEVALUATED,243cd17e6b97a2d96709ddfc689a068038669341a52dcc0743c141d309e43b9f,746efc843d53dff4e61394e26d458ea3f50c93e4,6a018e3036187a26ac9bcffda9fd7379d65d86cde84514faa08f4ea349b0f4bb,rolling300,V4_C,V4_NEW_PROSPECTIVE,14,0.12958752841831764,25,frozen_learned_node_score,0
1245,1244,prospective_v4,REGISTERED_UNEVALUATED,243cd17e6b97a2d96709ddfc689a068038669341a52dcc0743c141d309e43b9f,746efc843d53dff4e61394e26d458ea3f50c93e4,6a018e3036187a26ac9bcffda9fd7379d65d86cde84514faa08f4ea349b0f4bb,rolling300,V4_C,V4_NEW_PROSPECTIVE,15,0.1400245298446443,6,frozen_learned_node_score,1
1245,1244,prospective_v4,REGISTERED_UNEVALUATED,243cd17e6b97a2d96709ddfc689a068038669341a52dcc0743c141d309e43b9f,746efc843d53dff4e61394e26d458ea3f50c93e4,6a018e3036187a26ac9bcffda9fd7379d65d86cde84514faa08f4ea349b0f4bb,rolling300,V4_C,V4_NEW_PROSPECTIVE,16,0.1266529532765207,38,frozen_learned_node_score,0
1245,1244,prospective_v4,REGISTERED_UNEVALUATED,243cd17e6b97a2d96709ddfc689a068038669341a52dcc0743c141d309e43b9f,746efc843d53dff4e61394e26d458ea3f50c93e4,6a018e3036187a26ac9bcffda9fd7379d65d86cde84514faa08f4ea349b0f4bb,rolling300,V4_C,V4_NEW_PROSPECTIVE,17,0.12958752841831764,26,frozen_learned_node_score,0
1245,1244,prospective_v4,REGISTERED_UNEVALUATED,243cd17e6b97a2d96709ddfc689a068038669341a52dcc0743c141d309e43b9f,746efc843d53dff4e61394e26d458ea3f50c93e4,6a018e3036187a26ac9bcffda9fd7379d65d86cde84514faa08f4ea349b0f4bb,rolling300,V4_C,V4_NEW_PROSPECTIVE,18,0.12919896640826872,33,frozen_learned_node_score,0
1245,1244,prospective_v4,REGISTERED_UNEVALUATED,243cd17e6b97a2d96709ddfc689a068038669341a52dcc0743c141d309e43b9f,746efc843d53dff4e61394e26d458ea3f50c93e4,6a018e3036187a26ac9bcffda9fd7379d65d86cde84514faa08f4ea349b0f4bb,rolling300,V4_C,V4_NEW_PROSPECTIVE,19,0.1400245298446443,7,frozen_learned_node_score,0
1245,1244,prospective_v4,REGISTERED_UNEVALUATED,243cd17e6b97a2d96709ddfc689a068038669341a52dcc0743c141d309e43b9f,746efc843d53dff4e61394e26d458ea3f50c93e4,6a018e3036187a26ac9bcffda9fd7379d65d86cde84514faa08f4ea349b0f4bb,rolling300,V4_C,V4_NEW_PROSPECTIVE,20,0.1266529532765207,39,frozen_learned_node_score,0
1245,1244,prospective_v4,REGISTERED_UNEVALUATED,243cd17e6b97a2d96709ddfc689a068038669341a52dcc0743c141d309e43b9f,746efc843d53dff4e61394e26d458ea3f50c93e4,6a018e3036187a26ac9bcffda9fd7379d65d86cde84514faa08f4ea349b0f4bb,rolling300,V4_C,V4_NEW_PROSPECTIVE,21,0.1400245298446443,8,frozen_learned_node_score,0
1245,1244,prospective_v4,REGISTERED_UNEVALUATED,243cd17e6b97a2d96709ddfc689a068038669341a52dcc0743c141d309e43b9f,746efc843d53dff4e61394e26d458ea3f50c93e4,6a018e3036187a26ac9bcffda9fd7379d65d86cde84514faa08f4ea349b0f4bb,rolling300,V4_C,V4_NEW_PROSPECTIVE,22,0.1400245298446443,9,frozen_learned_node_score,0
1245,1244,prospective_v4,REGISTERED_UNEVALUATED,243cd17e6b97a2d96709ddfc689a068038669341a52dcc0743c141d309e43b9f,746efc843d53dff4e61394e26d458ea3f50c93e4,6a018e3036187a26ac9bcffda9fd7379d65d86cde84514faa08f4ea349b0f4bb,rolling300,V4_C,V4_NEW_PROSPECTIVE,23,0.1266529532765207,40,frozen_learned_node_score,0
1245,1244,prospective_v4,REGISTERED_UNEVALUATED,243cd17e6b97a2d96709ddfc689a068038669341a52dcc0743c141d309e43b9f,746efc843d53dff4e61394e26d458ea3f50c93e4,6a018e3036187a26ac9bcffda9fd7379d65d86cde84514faa08f4ea349b0f4bb,rolling300,V4_C,V4_NEW_PROSPECTIVE,24,0.1266529532765207,41,frozen_learned_node_score,0
1245,1244,prospective_v4,REGISTERED_UNEVALUATED,243cd17e6b97a2d96709ddfc689a068038669341a52dcc0743c141d309e43b9f,746efc843d53dff4e61394e26d458ea3f50c93e4,6a018e3036187a26ac9bcffda9fd7379d65d86cde84514faa08f4ea349b0f4bb,rolling300,V4_C,V4_NEW_PROSPECTIVE,25,0.12958752841831764,27,frozen_learned_node_score,0
1245,1244,prospective_v4,REGISTERED_UNEVALUATED,243cd17e6b97a2d96709ddfc689a068038669341a52dcc0743c141d309e43b9f,746efc843d53dff4e61394e26d458ea3f50c93e4,6a018e3036187a26ac9bcffda9fd7379d65d86cde84514faa08f4ea349b0f4bb,rolling300,V4_C,V4_NEW_PROSPECTIVE,26,0.1400245298446443,10,frozen_learned_node_score,0
1245,1244,prospective_v4,REGISTERED_UNEVALUATED,243cd17e6b97a2d96709ddfc689a068038669341a52dcc0743c141d309e43b9f,746efc843d53dff4e61394e26d458ea3f50c93e4,6a018e3036187a26ac9bcffda9fd7379d65d86cde84514faa08f4ea349b0f4bb,rolling300,V4_C,V4_NEW_PROSPECTIVE,27,0.12958752841831764,28,frozen_learned_node_score,0
1245,1244,prospective_v4,REGISTERED_UNEVALUATED,243cd17e6b97a2d96709ddfc689a068038669341a52dcc0743c141d309e43b9f,746efc843d53dff4e61394e26d458ea3f50c93e4,6a018e3036187a26ac9bcffda9fd7379d65d86cde84514faa08f4ea349b0f4bb,rolling300,V4_C,V4_NEW_PROSPECTIVE,28,0.12958752841831764,29,frozen_learned_node_score,0
1245,1244,prospective_v4,REGISTERED_UNEVALUATED,243cd17e6b97a2d96709ddfc689a068038669341a52dcc0743c141d309e43b9f,746efc843d53dff4e61394e26d458ea3f50c93e4,6a018e3036187a26ac9bcffda9fd7379d65d86cde84514faa08f4ea349b0f4bb,rolling300,V4_C,V4_NEW_PROSPECTIVE,29,0.1400245298446443,11,frozen_learned_node_score,0
1245,1244,prospective_v4,REGISTERED_UNEVALUATED,243cd17e6b97a2d96709ddfc689a068038669341a52dcc0743c141d309e43b9f,746efc843d53dff4e61394e26d458ea3f50c93e4,6a018e3036187a26ac9bcffda9fd7379d65d86cde84514faa08f4ea349b0f4bb,rolling300,V4_C,V4_NEW_PROSPECTIVE,30,0.12958752841831764,30,frozen_learned_node_score,0
1245,1244,prospective_v4,REGISTERED_UNEVALUATED,243cd17e6b97a2d96709ddfc689a068038669341a52dcc0743c141d309e43b9f,746efc843d53dff4e61394e26d458ea3f50c93e4,6a018e3036187a26ac9bcffda9fd7379d65d86cde84514faa08f4ea349b0f4bb,rolling300,V4_C,V4_NEW_PROSPECTIVE,31,0.1266529532765207,42,frozen_learned_node_score,0
1245,1244,prospective_v4,REGISTERED_UNEVALUATED,243cd17e6b97a2d96709ddfc689a068038669341a52dcc0743c141d309e43b9f,746efc843d53dff4e61394e26d458ea3f50c93e4,6a018e3036187a26ac9bcffda9fd7379d65d86cde84514faa08f4ea349b0f4bb,rolling300,V4_C,V4_NEW_PROSPECTIVE,32,0.1266529532765207,43,frozen_learned_node_score,0
1245,1244,prospective_v4,REGISTERED_UNEVALUATED,243cd17e6b97a2d96709ddfc689a068038669341a52dcc0743c141d309e43b9f,746efc843d53dff4e61394e26d458ea3f50c93e4,6a018e3036187a26ac9bcffda9fd7379d65d86cde84514faa08f4ea349b0f4bb,rolling300,V4_C,V4_NEW_PROSPECTIVE,33,0.1400245298446443,12,frozen_learned_node_score,0
1245,1244,prospective_v4,REGISTERED_UNEVALUATED,243cd17e6b97a2d96709ddfc689a068038669341a52dcc0743c141d309e43b9f,746efc843d53dff4e61394e26d458ea3f50c93e4,6a018e3036187a26ac9bcffda9fd7379d65d86cde84514faa08f4ea349b0f4bb,rolling300,V4_C,V4_NEW_PROSPECTIVE,34,0.13590116279069767,20,frozen_learned_node_score,0
1245,1244,prospective_v4,REGISTERED_UNEVALUATED,243cd17e6b97a2d96709ddfc689a068038669341a52dcc0743c141d309e43b9f,746efc843d53dff4e61394e26d458ea3f50c93e4,6a018e3036187a26ac9bcffda9fd7379d65d86cde84514faa08f4ea349b0f4bb,rolling300,V4_C,V4_NEW_PROSPECTIVE,35,0.12958752841831764,31,frozen_learned_node_score,0
1245,1244,prospective_v4,REGISTERED_UNEVALUATED,243cd17e6b97a2d96709ddfc689a068038669341a52dcc0743c141d309e43b9f,746efc843d53dff4e61394e26d458ea3f50c93e4,6a018e3036187a26ac9bcffda9fd7379d65d86cde84514faa08f4ea349b0f4bb,rolling300,V4_C,V4_NEW_PROSPECTIVE,36,0.1400245298446443,13,frozen_learned_node_score,0
1245,1244,prospective_v4,REGISTERED_UNEVALUATED,243cd17e6b97a2d96709ddfc689a068038669341a52dcc0743c141d309e43b9f,746efc843d53dff4e61394e26d458ea3f50c93e4,6a018e3036187a26ac9bcffda9fd7379d65d86cde84514faa08f4ea349b0f4bb,rolling300,V4_C,V4_NEW_PROSPECTIVE,37,0.1400245298446443,14,frozen_learned_node_score,0
1245,1244,prospective_v4,REGISTERED_UNEVALUATED,243cd17e6b97a2d96709ddfc689a068038669341a52dcc0743c141d309e43b9f,746efc843d53dff4e61394e26d458ea3f50c93e4,6a018e3036187a26ac9bcffda9fd7379d65d86cde84514faa08f4ea349b0f4bb,rolling300,V4_C,V4_NEW_PROSPECTIVE,38,0.12919896640826872,34,frozen_learned_node_score,0
1245,1244,prospective_v4,REGISTERED_UNEVALUATED,243cd17e6b97a2d96709ddfc689a068038669341a52dcc0743c141d309e43b9f,746efc843d53dff4e61394e26d458ea3f50c93e4,6a018e3036187a26ac9bcffda9fd7379d65d86cde84514faa08f4ea349b0f4bb,rolling300,V4_C,V4_NEW_PROSPECTIVE,39,0.1400245298446443,15,frozen_learned_node_score,0
1245,1244,prospective_v4,REGISTERED_UNEVALUATED,243cd17e6b97a2d96709ddfc689a068038669341a52dcc0743c141d309e43b9f,746efc843d53dff4e61394e26d458ea3f50c93e4,6a018e3036187a26ac9bcffda9fd7379d65d86cde84514faa08f4ea349b0f4bb,rolling300,V4_C,V4_NEW_PROSPECTIVE,40,0.1400245298446443,16,frozen_learned_node_score,0
1245,1244,prospective_v4,REGISTERED_UNEVALUATED,243cd17e6b97a2d96709ddfc689a068038669341a52dcc0743c141d309e43b9f,746efc843d53dff4e61394e26d458ea3f50c93e4,6a018e3036187a26ac9bcffda9fd7379d65d86cde84514faa08f4ea349b0f4bb,rolling300,V4_C,V4_NEW_PROSPECTIVE,41,0.1400245298446443,17,frozen_learned_node_score,0
1245,1244,prospective_v4,REGISTERED_UNEVALUATED,243cd17e6b97a2d96709ddfc689a068038669341a52dcc0743c141d309e43b9f,746efc843d53dff4e61394e26d458ea3f50c93e4,6a018e3036187a26ac9bcffda9fd7379d65d86cde84514faa08f4ea349b0f4bb,rolling300,V4_C,V4_NEW_PROSPECTIVE,42,0.1400245298446443,18,frozen_learned_node_score,0
1245,1244,prospective_v4,REGISTERED_UNEVALUATED,243cd17e6b97a2d96709ddfc689a068038669341a52dcc0743c141d309e43b9f,746efc843d53dff4e61394e26d458ea3f50c93e4,6a018e3036187a26ac9bcffda9fd7379d65d86cde84514faa08f4ea349b0f4bb,rolling300,V4_C,V4_NEW_PROSPECTIVE,43,0.13590116279069767,21,frozen_learned_node_score,0
1245,1244,prospective_v4,REGISTERED_UNEVALUATED,243cd17e6b97a2d96709ddfc689a068038669341a52dcc0743c141d309e43b9f,746efc843d53dff4e61394e26d458ea3f50c93e4,6a018e3036187a26ac9bcffda9fd7379d65d86cde84514faa08f4ea349b0f4bb,rolling300,V4_C,V4_NEW_PROSPECTIVE,44,0.1266529532765207,44,frozen_learned_node_score,0
1245,1244,prospective_v4,REGISTERED_UNEVALUATED,243cd17e6b97a2d96709ddfc689a068038669341a52dcc0743c141d309e43b9f,746efc843d53dff4e61394e26d458ea3f50c93e4,6a018e3036187a26ac9bcffda9fd7379d65d86cde84514faa08f4ea349b0f4bb,rolling300,V4_C,V4_NEW_PROSPECTIVE,45,0.12958752841831764,32,frozen_learned_node_score,0
1245,1244,prospective_v4,REGISTERED_UNEVALUATED,243cd17e6b97a2d96709ddfc689a068038669341a52dcc0743c141d309e43b9f,746efc843d53dff4e61394e26d458ea3f50c93e4,6a018e3036187a26ac9bcffda9fd7379d65d86cde84514faa08f4ea349b0f4bb,rolling300,V4_M,V4_NEW_PROSPECTIVE,1,0.13450292397660818,13,frozen_learned_node_score,0
1245,1244,prospective_v4,REGISTERED_UNEVALUATED,243cd17e6b97a2d96709ddfc689a068038669341a52dcc0743c141d309e43b9f,746efc843d53dff4e61394e26d458ea3f50c93e4,6a018e3036187a26ac9bcffda9fd7379d65d86cde84514faa08f4ea349b0f4bb,rolling300,V4_M,V4_NEW_PROSPECTIVE,2,0.13450292397660818,14,frozen_learned_node_score,0
1245,1244,prospective_v4,REGISTERED_UNEVALUATED,243cd17e6b97a2d96709ddfc689a068038669341a52dcc0743c141d309e43b9f,746efc843d53dff4e61394e26d458ea3f50c93e4,6a018e3036187a26ac9bcffda9fd7379d65d86cde84514faa08f4ea349b0f4bb,rolling300,V4_M,V4_NEW_PROSPECTIVE,3,0.1393939393939394,1,frozen_learned_node_score,1
1245,1244,prospective_v4,REGISTERED_UNEVALUATED,243cd17e6b97a2d96709ddfc689a068038669341a52dcc0743c141d309e43b9f,746efc843d53dff4e61394e26d458ea3f50c93e4,6a018e3036187a26ac9bcffda9fd7379d65d86cde84514faa08f4ea349b0f4bb,rolling300,V4_M,V4_NEW_PROSPECTIVE,4,0.12691081051358188,33,frozen_learned_node_score,0
1245,1244,prospective_v4,REGISTERED_UNEVALUATED,243cd17e6b97a2d96709ddfc689a068038669341a52dcc0743c141d309e43b9f,746efc843d53dff4e61394e26d458ea3f50c93e4,6a018e3036187a26ac9bcffda9fd7379d65d86cde84514faa08f4ea349b0f4bb,rolling300,V4_M,V4_NEW_PROSPECTIVE,5,0.1323548345564568,24,frozen_learned_node_score,0
1245,1244,prospective_v4,REGISTERED_UNEVALUATED,243cd17e6b97a2d96709ddfc689a068038669341a52dcc0743c141d309e43b9f,746efc843d53dff4e61394e26d458ea3f50c93e4,6a018e3036187a26ac9bcffda9fd7379d65d86cde84514faa08f4ea349b0f4bb,rolling300,V4_M,V4_NEW_PROSPECTIVE,6,0.1323548345564568,25,frozen_learned_node_score,0
1245,1244,prospective_v4,REGISTERED_UNEVALUATED,243cd17e6b97a2d96709ddfc689a068038669341a52dcc0743c141d309e43b9f,746efc843d53dff4e61394e26d458ea3f50c93e4,6a018e3036187a26ac9bcffda9fd7379d65d86cde84514faa08f4ea349b0f4bb,rolling300,V4_M,V4_NEW_PROSPECTIVE,7,0.12691081051358188,34,frozen_learned_node_score,0
1245,1244,prospective_v4,REGISTERED_UNEVALUATED,243cd17e6b97a2d96709ddfc689a068038669341a52dcc0743c141d309e43b9f,746efc843d53dff4e61394e26d458ea3f50c93e4,6a018e3036187a26ac9bcffda9fd7379d65d86cde84514faa08f4ea349b0f4bb,rolling300,V4_M,V4_NEW_PROSPECTIVE,8,0.1323548345564568,26,frozen_learned_node_score,0
1245,1244,prospective_v4,REGISTERED_UNEVALUATED,243cd17e6b97a2d96709ddfc689a068038669341a52dcc0743c141d309e43b9f,746efc843d53dff4e61394e26d458ea3f50c93e4,6a018e3036187a26ac9bcffda9fd7379d65d86cde84514faa08f4ea349b0f4bb,rolling300,V4_M,V4_NEW_PROSPECTIVE,9,0.12691081051358188,35,frozen_learned_node_score,0
1245,1244,prospective_v4,REGISTERED_UNEVALUATED,243cd17e6b97a2d96709ddfc689a068038669341a52dcc0743c141d309e43b9f,746efc843d53dff4e61394e26d458ea3f50c93e4,6a018e3036187a26ac9bcffda9fd7379d65d86cde84514faa08f4ea349b0f4bb,rolling300,V4_M,V4_NEW_PROSPECTIVE,10,0.1393939393939394,2,frozen_learned_node_score,1
1245,1244,prospective_v4,REGISTERED_UNEVALUATED,243cd17e6b97a2d96709ddfc689a068038669341a52dcc0743c141d309e43b9f,746efc843d53dff4e61394e26d458ea3f50c93e4,6a018e3036187a26ac9bcffda9fd7379d65d86cde84514faa08f4ea349b0f4bb,rolling300,V4_M,V4_NEW_PROSPECTIVE,11,0.12691081051358188,36,frozen_learned_node_score,0
1245,1244,prospective_v4,REGISTERED_UNEVALUATED,243cd17e6b97a2d96709ddfc689a068038669341a52dcc0743c141d309e43b9f,746efc843d53dff4e61394e26d458ea3f50c93e4,6a018e3036187a26ac9bcffda9fd7379d65d86cde84514faa08f4ea349b0f4bb,rolling300,V4_M,V4_NEW_PROSPECTIVE,12,0.12691081051358188,37,frozen_learned_node_score,0
1245,1244,prospective_v4,REGISTERED_UNEVALUATED,243cd17e6b97a2d96709ddfc689a068038669341a52dcc0743c141d309e43b9f,746efc843d53dff4e61394e26d458ea3f50c93e4,6a018e3036187a26ac9bcffda9fd7379d65d86cde84514faa08f4ea349b0f4bb,rolling300,V4_M,V4_NEW_PROSPECTIVE,13,0.12691081051358188,38,frozen_learned_node_score,0
1245,1244,prospective_v4,REGISTERED_UNEVALUATED,243cd17e6b97a2d96709ddfc689a068038669341a52dcc0743c141d309e43b9f,746efc843d53dff4e61394e26d458ea3f50c93e4,6a018e3036187a26ac9bcffda9fd7379d65d86cde84514faa08f4ea349b0f4bb,rolling300,V4_M,V4_NEW_PROSPECTIVE,14,0.1323548345564568,27,frozen_learned_node_score,0
1245,1244,prospective_v4,REGISTERED_UNEVALUATED,243cd17e6b97a2d96709ddfc689a068038669341a52dcc0743c141d309e43b9f,746efc843d53dff4e61394e26d458ea3f50c93e4,6a018e3036187a26ac9bcffda9fd7379d65d86cde84514faa08f4ea349b0f4bb,rolling300,V4_M,V4_NEW_PROSPECTIVE,15,0.13450292397660818,15,frozen_learned_node_score,0
1245,1244,prospective_v4,REGISTERED_UNEVALUATED,243cd17e6b97a2d96709ddfc689a068038669341a52dcc0743c141d309e43b9f,746efc843d53dff4e61394e26d458ea3f50c93e4,6a018e3036187a26ac9bcffda9fd7379d65d86cde84514faa08f4ea349b0f4bb,rolling300,V4_M,V4_NEW_PROSPECTIVE,16,0.12691081051358188,39,frozen_learned_node_score,0
1245,1244,prospective_v4,REGISTERED_UNEVALUATED,243cd17e6b97a2d96709ddfc689a068038669341a52dcc0743c141d309e43b9f,746efc843d53dff4e61394e26d458ea3f50c93e4,6a018e3036187a26ac9bcffda9fd7379d65d86cde84514faa08f4ea349b0f4bb,rolling300,V4_M,V4_NEW_PROSPECTIVE,17,0.1393939393939394,3,frozen_learned_node_score,1
1245,1244,prospective_v4,REGISTERED_UNEVALUATED,243cd17e6b97a2d96709ddfc689a068038669341a52dcc0743c141d309e43b9f,746efc843d53dff4e61394e26d458ea3f50c93e4,6a018e3036187a26ac9bcffda9fd7379d65d86cde84514faa08f4ea349b0f4bb,rolling300,V4_M,V4_NEW_PROSPECTIVE,18,0.13450292397660818,16,frozen_learned_node_score,0
1245,1244,prospective_v4,REGISTERED_UNEVALUATED,243cd17e6b97a2d96709ddfc689a068038669341a52dcc0743c141d309e43b9f,746efc843d53dff4e61394e26d458ea3f50c93e4,6a018e3036187a26ac9bcffda9fd7379d65d86cde84514faa08f4ea349b0f4bb,rolling300,V4_M,V4_NEW_PROSPECTIVE,19,0.12691081051358188,40,frozen_learned_node_score,0
1245,1244,prospective_v4,REGISTERED_UNEVALUATED,243cd17e6b97a2d96709ddfc689a068038669341a52dcc0743c141d309e43b9f,746efc843d53dff4e61394e26d458ea3f50c93e4,6a018e3036187a26ac9bcffda9fd7379d65d86cde84514faa08f4ea349b0f4bb,rolling300,V4_M,V4_NEW_PROSPECTIVE,20,0.13450292397660818,17,frozen_learned_node_score,0
1245,1244,prospective_v4,REGISTERED_UNEVALUATED,243cd17e6b97a2d96709ddfc689a068038669341a52dcc0743c141d309e43b9f,746efc843d53dff4e61394e26d458ea3f50c93e4,6a018e3036187a26ac9bcffda9fd7379d65d86cde84514faa08f4ea349b0f4bb,rolling300,V4_M,V4_NEW_PROSPECTIVE,21,0.1323548345564568,28,frozen_learned_node_score,0
1245,1244,prospective_v4,REGISTERED_UNEVALUATED,243cd17e6b97a2d96709ddfc689a068038669341a52dcc0743c141d309e43b9f,746efc843d53dff4e61394e26d458ea3f50c93e4,6a018e3036187a26ac9bcffda9fd7379d65d86cde84514faa08f4ea349b0f4bb,rolling300,V4_M,V4_NEW_PROSPECTIVE,22,0.13450292397660818,18,frozen_learned_node_score,0
1245,1244,prospective_v4,REGISTERED_UNEVALUATED,243cd17e6b97a2d96709ddfc689a068038669341a52dcc0743c141d309e43b9f,746efc843d53dff4e61394e26d458ea3f50c93e4,6a018e3036187a26ac9bcffda9fd7379d65d86cde84514faa08f4ea349b0f4bb,rolling300,V4_M,V4_NEW_PROSPECTIVE,23,0.1393939393939394,4,frozen_learned_node_score,1
1245,1244,prospective_v4,REGISTERED_UNEVALUATED,243cd17e6b97a2d96709ddfc689a068038669341a52dcc0743c141d309e43b9f,746efc843d53dff4e61394e26d458ea3f50c93e4,6a018e3036187a26ac9bcffda9fd7379d65d86cde84514faa08f4ea349b0f4bb,rolling300,V4_M,V4_NEW_PROSPECTIVE,24,0.12691081051358188,41,frozen_learned_node_score,0
1245,1244,prospective_v4,REGISTERED_UNEVALUATED,243cd17e6b97a2d96709ddfc689a068038669341a52dcc0743c141d309e43b9f,746efc843d53dff4e61394e26d458ea3f50c93e4,6a018e3036187a26ac9bcffda9fd7379d65d86cde84514faa08f4ea349b0f4bb,rolling300,V4_M,V4_NEW_PROSPECTIVE,25,0.1393939393939394,5,frozen_learned_node_score,1
1245,1244,prospective_v4,REGISTERED_UNEVALUATED,243cd17e6b97a2d96709ddfc689a068038669341a52dcc0743c141d309e43b9f,746efc843d53dff4e61394e26d458ea3f50c93e4,6a018e3036187a26ac9bcffda9fd7379d65d86cde84514faa08f4ea349b0f4bb,rolling300,V4_M,V4_NEW_PROSPECTIVE,26,0.1323548345564568,29,frozen_learned_node_score,0
1245,1244,prospective_v4,REGISTERED_UNEVALUATED,243cd17e6b97a2d96709ddfc689a068038669341a52dcc0743c141d309e43b9f,746efc843d53dff4e61394e26d458ea3f50c93e4,6a018e3036187a26ac9bcffda9fd7379d65d86cde84514faa08f4ea349b0f4bb,rolling300,V4_M,V4_NEW_PROSPECTIVE,27,0.1393939393939394,6,frozen_learned_node_score,1
1245,1244,prospective_v4,REGISTERED_UNEVALUATED,243cd17e6b97a2d96709ddfc689a068038669341a52dcc0743c141d309e43b9f,746efc843d53dff4e61394e26d458ea3f50c93e4,6a018e3036187a26ac9bcffda9fd7379d65d86cde84514faa08f4ea349b0f4bb,rolling300,V4_M,V4_NEW_PROSPECTIVE,28,0.1393939393939394,7,frozen_learned_node_score,0
1245,1244,prospective_v4,REGISTERED_UNEVALUATED,243cd17e6b97a2d96709ddfc689a068038669341a52dcc0743c141d309e43b9f,746efc843d53dff4e61394e26d458ea3f50c93e4,6a018e3036187a26ac9bcffda9fd7379d65d86cde84514faa08f4ea349b0f4bb,rolling300,V4_M,V4_NEW_PROSPECTIVE,29,0.12691081051358188,42,frozen_learned_node_score,0
1245,1244,prospective_v4,REGISTERED_UNEVALUATED,243cd17e6b97a2d96709ddfc689a068038669341a52dcc0743c141d309e43b9f,746efc843d53dff4e61394e26d458ea3f50c93e4,6a018e3036187a26ac9bcffda9fd7379d65d86cde84514faa08f4ea349b0f4bb,rolling300,V4_M,V4_NEW_PROSPECTIVE,30,0.1393939393939394,8,frozen_learned_node_score,0
1245,1244,prospective_v4,REGISTERED_UNEVALUATED,243cd17e6b97a2d96709ddfc689a068038669341a52dcc0743c141d309e43b9f,746efc843d53dff4e61394e26d458ea3f50c93e4,6a018e3036187a26ac9bcffda9fd7379d65d86cde84514faa08f4ea349b0f4bb,rolling300,V4_M,V4_NEW_PROSPECTIVE,31,0.13450292397660818,19,frozen_learned_node_score,0
1245,1244,prospective_v4,REGISTERED_UNEVALUATED,243cd17e6b97a2d96709ddfc689a068038669341a52dcc0743c141d309e43b9f,746efc843d53dff4e61394e26d458ea3f50c93e4,6a018e3036187a26ac9bcffda9fd7379d65d86cde84514faa08f4ea349b0f4bb,rolling300,V4_M,V4_NEW_PROSPECTIVE,32,0.1393939393939394,9,frozen_learned_node_score,0
1245,1244,prospective_v4,REGISTERED_UNEVALUATED,243cd17e6b97a2d96709ddfc689a068038669341a52dcc0743c141d309e43b9f,746efc843d53dff4e61394e26d458ea3f50c93e4,6a018e3036187a26ac9bcffda9fd7379d65d86cde84514faa08f4ea349b0f4bb,rolling300,V4_M,V4_NEW_PROSPECTIVE,33,0.1323548345564568,30,frozen_learned_node_score,0
1245,1244,prospective_v4,REGISTERED_UNEVALUATED,243cd17e6b97a2d96709ddfc689a068038669341a52dcc0743c141d309e43b9f,746efc843d53dff4e61394e26d458ea3f50c93e4,6a018e3036187a26ac9bcffda9fd7379d65d86cde84514faa08f4ea349b0f4bb,rolling300,V4_M,V4_NEW_PROSPECTIVE,34,0.12691081051358188,43,frozen_learned_node_score,0
1245,1244,prospective_v4,REGISTERED_UNEVALUATED,243cd17e6b97a2d96709ddfc689a068038669341a52dcc0743c141d309e43b9f,746efc843d53dff4e61394e26d458ea3f50c93e4,6a018e3036187a26ac9bcffda9fd7379d65d86cde84514faa08f4ea349b0f4bb,rolling300,V4_M,V4_NEW_PROSPECTIVE,35,0.1323548345564568,31,frozen_learned_node_score,0
1245,1244,prospective_v4,REGISTERED_UNEVALUATED,243cd17e6b97a2d96709ddfc689a068038669341a52dcc0743c141d309e43b9f,746efc843d53dff4e61394e26d458ea3f50c93e4,6a018e3036187a26ac9bcffda9fd7379d65d86cde84514faa08f4ea349b0f4bb,rolling300,V4_M,V4_NEW_PROSPECTIVE,36,0.1393939393939394,10,frozen_learned_node_score,0
1245,1244,prospective_v4,REGISTERED_UNEVALUATED,243cd17e6b97a2d96709ddfc689a068038669341a52dcc0743c141d309e43b9f,746efc843d53dff4e61394e26d458ea3f50c93e4,6a018e3036187a26ac9bcffda9fd7379d65d86cde84514faa08f4ea349b0f4bb,rolling300,V4_M,V4_NEW_PROSPECTIVE,37,0.12691081051358188,44,frozen_learned_node_score,0
1245,1244,prospective_v4,REGISTERED_UNEVALUATED,243cd17e6b97a2d96709ddfc689a068038669341a52dcc0743c141d309e43b9f,746efc843d53dff4e61394e26d458ea3f50c93e4,6a018e3036187a26ac9bcffda9fd7379d65d86cde84514faa08f4ea349b0f4bb,rolling300,V4_M,V4_NEW_PROSPECTIVE,38,0.13450292397660818,20,frozen_learned_node_score,0
1245,1244,prospective_v4,REGISTERED_UNEVALUATED,243cd17e6b97a2d96709ddfc689a068038669341a52dcc0743c141d309e43b9f,746efc843d53dff4e61394e26d458ea3f50c93e4,6a018e3036187a26ac9bcffda9fd7379d65d86cde84514faa08f4ea349b0f4bb,rolling300,V4_M,V4_NEW_PROSPECTIVE,39,0.1393939393939394,11,frozen_learned_node_score,0
1245,1244,prospective_v4,REGISTERED_UNEVALUATED,243cd17e6b97a2d96709ddfc689a068038669341a52dcc0743c141d309e43b9f,746efc843d53dff4e61394e26d458ea3f50c93e4,6a018e3036187a26ac9bcffda9fd7379d65d86cde84514faa08f4ea349b0f4bb,rolling300,V4_M,V4_NEW_PROSPECTIVE,40,0.1323548345564568,32,frozen_learned_node_score,0
1245,1244,prospective_v4,REGISTERED_UNEVALUATED,243cd17e6b97a2d96709ddfc689a068038669341a52dcc0743c141d309e43b9f,746efc843d53dff4e61394e26d458ea3f50c93e4,6a018e3036187a26ac9bcffda9fd7379d65d86cde84514faa08f4ea349b0f4bb,rolling300,V4_M,V4_NEW_PROSPECTIVE,41,0.13450292397660818,21,frozen_learned_node_score,0
1245,1244,prospective_v4,REGISTERED_UNEVALUATED,243cd17e6b97a2d96709ddfc689a068038669341a52dcc0743c141d309e43b9f,746efc843d53dff4e61394e26d458ea3f50c93e4,6a018e3036187a26ac9bcffda9fd7379d65d86cde84514faa08f4ea349b0f4bb,rolling300,V4_M,V4_NEW_PROSPECTIVE,42,0.13450292397660818,22,frozen_learned_node_score,0
1245,1244,prospective_v4,REGISTERED_UNEVALUATED,243cd17e6b97a2d96709ddfc689a068038669341a52dcc0743c141d309e43b9f,746efc843d53dff4e61394e26d458ea3f50c93e4,6a018e3036187a26ac9bcffda9fd7379d65d86cde84514faa08f4ea349b0f4bb,rolling300,V4_M,V4_NEW_PROSPECTIVE,43,0.12691081051358188,45,frozen_learned_node_score,0
1245,1244,prospective_v4,REGISTERED_UNEVALUATED,243cd17e6b97a2d96709ddfc689a068038669341a52dcc0743c141d309e43b9f,746efc843d53dff4e61394e26d458ea3f50c93e4,6a018e3036187a26ac9bcffda9fd7379d65d86cde84514faa08f4ea349b0f4bb,rolling300,V4_M,V4_NEW_PROSPECTIVE,44,0.13450292397660818,23,frozen_learned_node_score,0
1245,1244,prospective_v4,REGISTERED_UNEVALUATED,243cd17e6b97a2d96709ddfc689a068038669341a52dcc0743c141d309e43b9f,746efc843d53dff4e61394e26d458ea3f50c93e4,6a018e3036187a26ac9bcffda9fd7379d65d86cde84514faa08f4ea349b0f4bb,rolling300,V4_M,V4_NEW_PROSPECTIVE,45,0.1393939393939394,12,frozen_learned_node_score,0
1245,1244,prospective_v4,REGISTERED_UNEVALUATED,243cd17e6b97a2d96709ddfc689a068038669341a52dcc0743c141d309e43b9f,746efc843d53dff4e61394e26d458ea3f50c93e4,6a018e3036187a26ac9bcffda9fd7379d65d86cde84514faa08f4ea349b0f4bb,rolling300,V4_P,V4_NEW_PROSPECTIVE,1,-0.030034947214049618,24,frozen_learned_node_score,0
1245,1244,prospective_v4,REGISTERED_UNEVALUATED,243cd17e6b97a2d96709ddfc689a068038669341a52dcc0743c141d309e43b9f,746efc843d53dff4e61394e26d458ea3f50c93e4,6a018e3036187a26ac9bcffda9fd7379d65d86cde84514faa08f4ea349b0f4bb,rolling300,V4_P,V4_NEW_PROSPECTIVE,2,0.4345029193531815,9,frozen_learned_node_score,0
1245,1244,prospective_v4,REGISTERED_UNEVALUATED,243cd17e6b97a2d96709ddfc689a068038669341a52dcc0743c141d309e43b9f,746efc843d53dff4e61394e26d458ea3f50c93e4,6a018e3036187a26ac9bcffda9fd7379d65d86cde84514faa08f4ea349b0f4bb,rolling300,V4_P,V4_NEW_PROSPECTIVE,3,-0.2001993996272703,28,frozen_learned_node_score,0
1245,1244,prospective_v4,REGISTERED_UNEVALUATED,243cd17e6b97a2d96709ddfc689a068038669341a52dcc0743c141d309e43b9f,746efc843d53dff4e61394e26d458ea3f50c93e4,6a018e3036187a26ac9bcffda9fd7379d65d86cde84514faa08f4ea349b0f4bb,rolling300,V4_P,V4_NEW_PROSPECTIVE,4,-0.28011256682609387,29,frozen_learned_node_score,0
1245,1244,prospective_v4,REGISTERED_UNEVALUATED,243cd17e6b97a2d96709ddfc689a068038669341a52dcc0743c141d309e43b9f,746efc843d53dff4e61394e26d458ea3f50c93e4,6a018e3036187a26ac9bcffda9fd7379d65d86cde84514faa08f4ea349b0f4bb,rolling300,V4_P,V4_NEW_PROSPECTIVE,5,-0.6422234066544985,41,frozen_learned_node_score,0
1245,1244,prospective_v4,REGISTERED_UNEVALUATED,243cd17e6b97a2d96709ddfc689a068038669341a52dcc0743c141d309e43b9f,746efc843d53dff4e61394e26d458ea3f50c93e4,6a018e3036187a26ac9bcffda9fd7379d65d86cde84514faa08f4ea349b0f4bb,rolling300,V4_P,V4_NEW_PROSPECTIVE,6,0.3435384940134585,15,frozen_learned_node_score,0
1245,1244,prospective_v4,REGISTERED_UNEVALUATED,243cd17e6b97a2d96709ddfc689a068038669341a52dcc0743c141d309e43b9f,746efc843d53dff4e61394e26d458ea3f50c93e4,6a018e3036187a26ac9bcffda9fd7379d65d86cde84514faa08f4ea349b0f4bb,rolling300,V4_P,V4_NEW_PROSPECTIVE,7,-0.009353971157955332,23,frozen_learned_node_score,0
1245,1244,prospective_v4,REGISTERED_UNEVALUATED,243cd17e6b97a2d96709ddfc689a068038669341a52dcc0743c141d309e43b9f,746efc843d53dff4e61394e26d458ea3f50c93e4,6a018e3036187a26ac9bcffda9fd7379d65d86cde84514faa08f4ea349b0f4bb,rolling300,V4_P,V4_NEW_PROSPECTIVE,8,-0.006076582071404157,22,frozen_learned_node_score,0
1245,1244,prospective_v4,REGISTERED_UNEVALUATED,243cd17e6b97a2d96709ddfc689a068038669341a52dcc0743c141d309e43b9f,746efc843d53dff4e61394e26d458ea3f50c93e4,6a018e3036187a26ac9bcffda9fd7379d65d86cde84514faa08f4ea349b0f4bb,rolling300,V4_P,V4_NEW_PROSPECTIVE,9,-0.7485671342629918,43,frozen_learned_node_score,0
1245,1244,prospective_v4,REGISTERED_UNEVALUATED,243cd17e6b97a2d96709ddfc689a068038669341a52dcc0743c141d309e43b9f,746efc843d53dff4e61394e26d458ea3f50c93e4,6a018e3036187a26ac9bcffda9fd7379d65d86cde84514faa08f4ea349b0f4bb,rolling300,V4_P,V4_NEW_PROSPECTIVE,10,-1.1641369659238228,45,frozen_learned_node_score,0
1245,1244,prospective_v4,REGISTERED_UNEVALUATED,243cd17e6b97a2d96709ddfc689a068038669341a52dcc0743c141d309e43b9f,746efc843d53dff4e61394e26d458ea3f50c93e4,6a018e3036187a26ac9bcffda9fd7379d65d86cde84514faa08f4ea349b0f4bb,rolling300,V4_P,V4_NEW_PROSPECTIVE,11,0.7457314007049166,4,frozen_learned_node_score,1
1245,1244,prospective_v4,REGISTERED_UNEVALUATED,243cd17e6b97a2d96709ddfc689a068038669341a52dcc0743c141d309e43b9f,746efc843d53dff4e61394e26d458ea3f50c93e4,6a018e3036187a26ac9bcffda9fd7379d65d86cde84514faa08f4ea349b0f4bb,rolling300,V4_P,V4_NEW_PROSPECTIVE,12,1.0868266327580465,2,frozen_learned_node_score,1
1245,1244,prospective_v4,REGISTERED_UNEVALUATED,243cd17e6b97a2d96709ddfc689a068038669341a52dcc0743c141d309e43b9f,746efc843d53dff4e61394e26d458ea3f50c93e4,6a018e3036187a26ac9bcffda9fd7379d65d86cde84514faa08f4ea349b0f4bb,rolling300,V4_P,V4_NEW_PROSPECTIVE,13,0.377301015851371,10,frozen_learned_node_score,0
1245,1244,prospective_v4,REGISTERED_UNEVALUATED,243cd17e6b97a2d96709ddfc689a068038669341a52dcc0743c141d309e43b9f,746efc843d53dff4e61394e26d458ea3f50c93e4,6a018e3036187a26ac9bcffda9fd7379d65d86cde84514faa08f4ea349b0f4bb,rolling300,V4_P,V4_NEW_PROSPECTIVE,14,-0.39115857943644594,33,frozen_learned_node_score,0
1245,1244,prospective_v4,REGISTERED_UNEVALUATED,243cd17e6b97a2d96709ddfc689a068038669341a52dcc0743c141d309e43b9f,746efc843d53dff4e61394e26d458ea3f50c93e4,6a018e3036187a26ac9bcffda9fd7379d65d86cde84514faa08f4ea349b0f4bb,rolling300,V4_P,V4_NEW_PROSPECTIVE,15,0.363635517274379,12,frozen_learned_node_score,0
1245,1244,prospective_v4,REGISTERED_UNEVALUATED,243cd17e6b97a2d96709ddfc689a068038669341a52dcc0743c141d309e43b9f,746efc843d53dff4e61394e26d458ea3f50c93e4,6a018e3036187a26ac9bcffda9fd7379d65d86cde84514faa08f4ea349b0f4bb,rolling300,V4_P,V4_NEW_PROSPECTIVE,16,1.3126560995651597,1,frozen_learned_node_score,1
1245,1244,prospective_v4,REGISTERED_UNEVALUATED,243cd17e6b97a2d96709ddfc689a068038669341a52dcc0743c141d309e43b9f,746efc843d53dff4e61394e26d458ea3f50c93e4,6a018e3036187a26ac9bcffda9fd7379d65d86cde84514faa08f4ea349b0f4bb,rolling300,V4_P,V4_NEW_PROSPECTIVE,17,0.36041953423367035,13,frozen_learned_node_score,0
1245,1244,prospective_v4,REGISTERED_UNEVALUATED,243cd17e6b97a2d96709ddfc689a068038669341a52dcc0743c141d309e43b9f,746efc843d53dff4e61394e26d458ea3f50c93e4,6a018e3036187a26ac9bcffda9fd7379d65d86cde84514faa08f4ea349b0f4bb,rolling300,V4_P,V4_NEW_PROSPECTIVE,18,-0.37118850512199764,32,frozen_learned_node_score,0
1245,1244,prospective_v4,REGISTERED_UNEVALUATED,243cd17e6b97a2d96709ddfc689a068038669341a52dcc0743c141d309e43b9f,746efc843d53dff4e61394e26d458ea3f50c93e4,6a018e3036187a26ac9bcffda9fd7379d65d86cde84514faa08f4ea349b0f4bb,rolling300,V4_P,V4_NEW_PROSPECTIVE,19,-0.6235062736770236,40,frozen_learned_node_score,0
1245,1244,prospective_v4,REGISTERED_UNEVALUATED,243cd17e6b97a2d96709ddfc689a068038669341a52dcc0743c141d309e43b9f,746efc843d53dff4e61394e26d458ea3f50c93e4,6a018e3036187a26ac9bcffda9fd7379d65d86cde84514faa08f4ea349b0f4bb,rolling300,V4_P,V4_NEW_PROSPECTIVE,20,0.712848515988541,5,frozen_learned_node_score,1
1245,1244,prospective_v4,REGISTERED_UNEVALUATED,243cd17e6b97a2d96709ddfc689a068038669341a52dcc0743c141d309e43b9f,746efc843d53dff4e61394e26d458ea3f50c93e4,6a018e3036187a26ac9bcffda9fd7379d65d86cde84514faa08f4ea349b0f4bb,rolling300,V4_P,V4_NEW_PROSPECTIVE,21,-0.5710970019795678,38,frozen_learned_node_score,0
1245,1244,prospective_v4,REGISTERED_UNEVALUATED,243cd17e6b97a2d96709ddfc689a068038669341a52dcc0743c141d309e43b9f,746efc843d53dff4e61394e26d458ea3f50c93e4,6a018e3036187a26ac9bcffda9fd7379d65d86cde84514faa08f4ea349b0f4bb,rolling300,V4_P,V4_NEW_PROSPECTIVE,22,0.01860095199107259,20,frozen_learned_node_score,0
1245,1244,prospective_v4,REGISTERED_UNEVALUATED,243cd17e6b97a2d96709ddfc689a068038669341a52dcc0743c141d309e43b9f,746efc843d53dff4e61394e26d458ea3f50c93e4,6a018e3036187a26ac9bcffda9fd7379d65d86cde84514faa08f4ea349b0f4bb,rolling300,V4_P,V4_NEW_PROSPECTIVE,23,-0.36773901763534356,31,frozen_learned_node_score,0
1245,1244,prospective_v4,REGISTERED_UNEVALUATED,243cd17e6b97a2d96709ddfc689a068038669341a52dcc0743c141d309e43b9f,746efc843d53dff4e61394e26d458ea3f50c93e4,6a018e3036187a26ac9bcffda9fd7379d65d86cde84514faa08f4ea349b0f4bb,rolling300,V4_P,V4_NEW_PROSPECTIVE,24,-0.5097063585804205,37,frozen_learned_node_score,0
1245,1244,prospective_v4,REGISTERED_UNEVALUATED,243cd17e6b97a2d96709ddfc689a068038669341a52dcc0743c141d309e43b9f,746efc843d53dff4e61394e26d458ea3f50c93e4,6a018e3036187a26ac9bcffda9fd7379d65d86cde84514faa08f4ea349b0f4bb,rolling300,V4_P,V4_NEW_PROSPECTIVE,25,-0.309797462913204,30,frozen_learned_node_score,0
1245,1244,prospective_v4,REGISTERED_UNEVALUATED,243cd17e6b97a2d96709ddfc689a068038669341a52dcc0743c141d309e43b9f,746efc843d53dff4e61394e26d458ea3f50c93e4,6a018e3036187a26ac9bcffda9fd7379d65d86cde84514faa08f4ea349b0f4bb,rolling300,V4_P,V4_NEW_PROSPECTIVE,26,0.12767721936705245,19,frozen_learned_node_score,0
1245,1244,prospective_v4,REGISTERED_UNEVALUATED,243cd17e6b97a2d96709ddfc689a068038669341a52dcc0743c141d309e43b9f,746efc843d53dff4e61394e26d458ea3f50c93e4,6a018e3036187a26ac9bcffda9fd7379d65d86cde84514faa08f4ea349b0f4bb,rolling300,V4_P,V4_NEW_PROSPECTIVE,27,-0.16214653348635233,27,frozen_learned_node_score,0
1245,1244,prospective_v4,REGISTERED_UNEVALUATED,243cd17e6b97a2d96709ddfc689a068038669341a52dcc0743c141d309e43b9f,746efc843d53dff4e61394e26d458ea3f50c93e4,6a018e3036187a26ac9bcffda9fd7379d65d86cde84514faa08f4ea349b0f4bb,rolling300,V4_P,V4_NEW_PROSPECTIVE,28,0.6783446488281831,6,frozen_learned_node_score,1
1245,1244,prospective_v4,REGISTERED_UNEVALUATED,243cd17e6b97a2d96709ddfc689a068038669341a52dcc0743c141d309e43b9f,746efc843d53dff4e61394e26d458ea3f50c93e4,6a018e3036187a26ac9bcffda9fd7379d65d86cde84514faa08f4ea349b0f4bb,rolling300,V4_P,V4_NEW_PROSPECTIVE,29,0.4569161338467962,8,frozen_learned_node_score,0
1245,1244,prospective_v4,REGISTERED_UNEVALUATED,243cd17e6b97a2d96709ddfc689a068038669341a52dcc0743c141d309e43b9f,746efc843d53dff4e61394e26d458ea3f50c93e4,6a018e3036187a26ac9bcffda9fd7379d65d86cde84514faa08f4ea349b0f4bb,rolling300,V4_P,V4_NEW_PROSPECTIVE,30,0.36567359223797635,11,frozen_learned_node_score,0
1245,1244,prospective_v4,REGISTERED_UNEVALUATED,243cd17e6b97a2d96709ddfc689a068038669341a52dcc0743c141d309e43b9f,746efc843d53dff4e61394e26d458ea3f50c93e4,6a018e3036187a26ac9bcffda9fd7379d65d86cde84514faa08f4ea349b0f4bb,rolling300,V4_P,V4_NEW_PROSPECTIVE,31,1.0803384865334826,3,frozen_learned_node_score,1
1245,1244,prospective_v4,REGISTERED_UNEVALUATED,243cd17e6b97a2d96709ddfc689a068038669341a52dcc0743c141d309e43b9f,746efc843d53dff4e61394e26d458ea3f50c93e4,6a018e3036187a26ac9bcffda9fd7379d65d86cde84514faa08f4ea349b0f4bb,rolling300,V4_P,V4_NEW_PROSPECTIVE,32,-0.42263858571431234,35,frozen_learned_node_score,0
1245,1244,prospective_v4,REGISTERED_UNEVALUATED,243cd17e6b97a2d96709ddfc689a068038669341a52dcc0743c141d309e43b9f,746efc843d53dff4e61394e26d458ea3f50c93e4,6a018e3036187a26ac9bcffda9fd7379d65d86cde84514faa08f4ea349b0f4bb,rolling300,V4_P,V4_NEW_PROSPECTIVE,33,-0.07065872118596916,26,frozen_learned_node_score,0
1245,1244,prospective_v4,REGISTERED_UNEVALUATED,243cd17e6b97a2d96709ddfc689a068038669341a52dcc0743c141d309e43b9f,746efc843d53dff4e61394e26d458ea3f50c93e4,6a018e3036187a26ac9bcffda9fd7379d65d86cde84514faa08f4ea349b0f4bb,rolling300,V4_P,V4_NEW_PROSPECTIVE,34,0.3487917327494492,14,frozen_learned_node_score,0
1245,1244,prospective_v4,REGISTERED_UNEVALUATED,243cd17e6b97a2d96709ddfc689a068038669341a52dcc0743c141d309e43b9f,746efc843d53dff4e61394e26d458ea3f50c93e4,6a018e3036187a26ac9bcffda9fd7379d65d86cde84514faa08f4ea349b0f4bb,rolling300,V4_P,V4_NEW_PROSPECTIVE,35,0.20019111966156397,16,frozen_learned_node_score,0
1245,1244,prospective_v4,REGISTERED_UNEVALUATED,243cd17e6b97a2d96709ddfc689a068038669341a52dcc0743c141d309e43b9f,746efc843d53dff4e61394e26d458ea3f50c93e4,6a018e3036187a26ac9bcffda9fd7379d65d86cde84514faa08f4ea349b0f4bb,rolling300,V4_P,V4_NEW_PROSPECTIVE,36,-0.41153940920479704,34,frozen_learned_node_score,0
1245,1244,prospective_v4,REGISTERED_UNEVALUATED,243cd17e6b97a2d96709ddfc689a068038669341a52dcc0743c141d309e43b9f,746efc843d53dff4e61394e26d458ea3f50c93e4,6a018e3036187a26ac9bcffda9fd7379d65d86cde84514faa08f4ea349b0f4bb,rolling300,V4_P,V4_NEW_PROSPECTIVE,37,0.6423374528287731,7,frozen_learned_node_score,0
1245,1244,prospective_v4,REGISTERED_UNEVALUATED,243cd17e6b97a2d96709ddfc689a068038669341a52dcc0743c141d309e43b9f,746efc843d53dff4e61394e26d458ea3f50c93e4,6a018e3036187a26ac9bcffda9fd7379d65d86cde84514faa08f4ea349b0f4bb,rolling300,V4_P,V4_NEW_PROSPECTIVE,38,0.12889090124123542,18,frozen_learned_node_score,0
1245,1244,prospective_v4,REGISTERED_UNEVALUATED,243cd17e6b97a2d96709ddfc689a068038669341a52dcc0743c141d309e43b9f,746efc843d53dff4e61394e26d458ea3f50c93e4,6a018e3036187a26ac9bcffda9fd7379d65d86cde84514faa08f4ea349b0f4bb,rolling300,V4_P,V4_NEW_PROSPECTIVE,39,-0.44448565139320206,36,frozen_learned_node_score,0
1245,1244,prospective_v4,REGISTERED_UNEVALUATED,243cd17e6b97a2d96709ddfc689a068038669341a52dcc0743c141d309e43b9f,746efc843d53dff4e61394e26d458ea3f50c93e4,6a018e3036187a26ac9bcffda9fd7379d65d86cde84514faa08f4ea349b0f4bb,rolling300,V4_P,V4_NEW_PROSPECTIVE,40,0.1751213072997448,17,frozen_learned_node_score,0
1245,1244,prospective_v4,REGISTERED_UNEVALUATED,243cd17e6b97a2d96709ddfc689a068038669341a52dcc0743c141d309e43b9f,746efc843d53dff4e61394e26d458ea3f50c93e4,6a018e3036187a26ac9bcffda9fd7379d65d86cde84514faa08f4ea349b0f4bb,rolling300,V4_P,V4_NEW_PROSPECTIVE,41,-0.050689997811052934,25,frozen_learned_node_score,0
1245,1244,prospective_v4,REGISTERED_UNEVALUATED,243cd17e6b97a2d96709ddfc689a068038669341a52dcc0743c141d309e43b9f,746efc843d53dff4e61394e26d458ea3f50c93e4,6a018e3036187a26ac9bcffda9fd7379d65d86cde84514faa08f4ea349b0f4bb,rolling300,V4_P,V4_NEW_PROSPECTIVE,42,-0.5733981047251372,39,frozen_learned_node_score,0
1245,1244,prospective_v4,REGISTERED_UNEVALUATED,243cd17e6b97a2d96709ddfc689a068038669341a52dcc0743c141d309e43b9f,746efc843d53dff4e61394e26d458ea3f50c93e4,6a018e3036187a26ac9bcffda9fd7379d65d86cde84514faa08f4ea349b0f4bb,rolling300,V4_P,V4_NEW_PROSPECTIVE,43,-0.8471622646485106,44,frozen_learned_node_score,0
1245,1244,prospective_v4,REGISTERED_UNEVALUATED,243cd17e6b97a2d96709ddfc689a068038669341a52dcc0743c141d309e43b9f,746efc843d53dff4e61394e26d458ea3f50c93e4,6a018e3036187a26ac9bcffda9fd7379d65d86cde84514faa08f4ea349b0f4bb,rolling300,V4_P,V4_NEW_PROSPECTIVE,44,-0.6433294482886505,42,frozen_learned_node_score,0
1245,1244,prospective_v4,REGISTERED_UNEVALUATED,243cd17e6b97a2d96709ddfc689a068038669341a52dcc0743c141d309e43b9f,746efc843d53dff4e61394e26d458ea3f50c93e4,6a018e3036187a26ac9bcffda9fd7379d65d86cde84514faa08f4ea349b0f4bb,rolling300,V4_P,V4_NEW_PROSPECTIVE,45,0.0045595387193543835,21,frozen_learned_node_score,0
1245,1244,prospective_v4,REGISTERED_UNEVALUATED,243cd17e6b97a2d96709ddfc689a068038669341a52dcc0743c141d309e43b9f,746efc843d53dff4e61394e26d458ea3f50c93e4,6a018e3036187a26ac9bcffda9fd7379d65d86cde84514faa08f4ea349b0f4bb,rolling300,V4_T,V4_NEW_PROSPECTIVE,1,-0.38803408636248415,24,frozen_learned_node_score,0
1245,1244,prospective_v4,REGISTERED_UNEVALUATED,243cd17e6b97a2d96709ddfc689a068038669341a52dcc0743c141d309e43b9f,746efc843d53dff4e61394e26d458ea3f50c93e4,6a018e3036187a26ac9bcffda9fd7379d65d86cde84514faa08f4ea349b0f4bb,rolling300,V4_T,V4_NEW_PROSPECTIVE,2,5.569000859668689,9,frozen_learned_node_score,0
1245,1244,prospective_v4,REGISTERED_UNEVALUATED,243cd17e6b97a2d96709ddfc689a068038669341a52dcc0743c141d309e43b9f,746efc843d53dff4e61394e26d458ea3f50c93e4,6a018e3036187a26ac9bcffda9fd7379d65d86cde84514faa08f4ea349b0f4bb,rolling300,V4_T,V4_NEW_PROSPECTIVE,3,-2.706680625616962,28,frozen_learned_node_score,0
1245,1244,prospective_v4,REGISTERED_UNEVALUATED,243cd17e6b97a2d96709ddfc689a068038669341a52dcc0743c141d309e43b9f,746efc843d53dff4e61394e26d458ea3f50c93e4,6a018e3036187a26ac9bcffda9fd7379d65d86cde84514faa08f4ea349b0f4bb,rolling300,V4_T,V4_NEW_PROSPECTIVE,4,-3.577230047323634,29,frozen_learned_node_score,0
1245,1244,prospective_v4,REGISTERED_UNEVALUATED,243cd17e6b97a2d96709ddfc689a068038669341a52dcc0743c141d309e43b9f,746efc843d53dff4e61394e26d458ea3f50c93e4,6a018e3036187a26ac9bcffda9fd7379d65d86cde84514faa08f4ea349b0f4bb,rolling300,V4_T,V4_NEW_PROSPECTIVE,5,-8.23904873321116,41,frozen_learned_node_score,0
1245,1244,prospective_v4,REGISTERED_UNEVALUATED,243cd17e6b97a2d96709ddfc689a068038669341a52dcc0743c141d309e43b9f,746efc843d53dff4e61394e26d458ea3f50c93e4,6a018e3036187a26ac9bcffda9fd7379d65d86cde84514faa08f4ea349b0f4bb,rolling300,V4_T,V4_NEW_PROSPECTIVE,6,4.634424676463408,14,frozen_learned_node_score,0
1245,1244,prospective_v4,REGISTERED_UNEVALUATED,243cd17e6b97a2d96709ddfc689a068038669341a52dcc0743c141d309e43b9f,746efc843d53dff4e61394e26d458ea3f50c93e4,6a018e3036187a26ac9bcffda9fd7379d65d86cde84514faa08f4ea349b0f4bb,rolling300,V4_T,V4_NEW_PROSPECTIVE,7,-0.12387877007294668,23,frozen_learned_node_score,0
1245,1244,prospective_v4,REGISTERED_UNEVALUATED,243cd17e6b97a2d96709ddfc689a068038669341a52dcc0743c141d309e43b9f,746efc843d53dff4e61394e26d458ea3f50c93e4,6a018e3036187a26ac9bcffda9fd7379d65d86cde84514faa08f4ea349b0f4bb,rolling300,V4_T,V4_NEW_PROSPECTIVE,8,-0.003743871577314817,21,frozen_learned_node_score,0
1245,1244,prospective_v4,REGISTERED_UNEVALUATED,243cd17e6b97a2d96709ddfc689a068038669341a52dcc0743c141d309e43b9f,746efc843d53dff4e61394e26d458ea3f50c93e4,6a018e3036187a26ac9bcffda9fd7379d65d86cde84514faa08f4ea349b0f4bb,rolling300,V4_T,V4_NEW_PROSPECTIVE,9,-9.593170674566212,43,frozen_learned_node_score,0
1245,1244,prospective_v4,REGISTERED_UNEVALUATED,243cd17e6b97a2d96709ddfc689a068038669341a52dcc0743c141d309e43b9f,746efc843d53dff4e61394e26d458ea3f50c93e4,6a018e3036187a26ac9bcffda9fd7379d65d86cde84514faa08f4ea349b0f4bb,rolling300,V4_T,V4_NEW_PROSPECTIVE,10,-14.982698684424998,45,frozen_learned_node_score,0
1245,1244,prospective_v4,REGISTERED_UNEVALUATED,243cd17e6b97a2d96709ddfc689a068038669341a52dcc0743c141d309e43b9f,746efc843d53dff4e61394e26d458ea3f50c93e4,6a018e3036187a26ac9bcffda9fd7379d65d86cde84514faa08f4ea349b0f4bb,rolling300,V4_T,V4_NEW_PROSPECTIVE,11,10.000148180921224,4,frozen_learned_node_score,1
1245,1244,prospective_v4,REGISTERED_UNEVALUATED,243cd17e6b97a2d96709ddfc689a068038669341a52dcc0743c141d309e43b9f,746efc843d53dff4e61394e26d458ea3f50c93e4,6a018e3036187a26ac9bcffda9fd7379d65d86cde84514faa08f4ea349b0f4bb,rolling300,V4_T,V4_NEW_PROSPECTIVE,12,13.99907490500213,2,frozen_learned_node_score,1
1245,1244,prospective_v4,REGISTERED_UNEVALUATED,243cd17e6b97a2d96709ddfc689a068038669341a52dcc0743c141d309e43b9f,746efc843d53dff4e61394e26d458ea3f50c93e4,6a018e3036187a26ac9bcffda9fd7379d65d86cde84514faa08f4ea349b0f4bb,rolling300,V4_T,V4_NEW_PROSPECTIVE,13,4.7523117750887796,12,frozen_learned_node_score,0
1245,1244,prospective_v4,REGISTERED_UNEVALUATED,243cd17e6b97a2d96709ddfc689a068038669341a52dcc0743c141d309e43b9f,746efc843d53dff4e61394e26d458ea3f50c93e4,6a018e3036187a26ac9bcffda9fd7379d65d86cde84514faa08f4ea349b0f4bb,rolling300,V4_T,V4_NEW_PROSPECTIVE,14,-4.866101032278499,32,frozen_learned_node_score,0
1245,1244,prospective_v4,REGISTERED_UNEVALUATED,243cd17e6b97a2d96709ddfc689a068038669341a52dcc0743c141d309e43b9f,746efc843d53dff4e61394e26d458ea3f50c93e4,6a018e3036187a26ac9bcffda9fd7379d65d86cde84514faa08f4ea349b0f4bb,rolling300,V4_T,V4_NEW_PROSPECTIVE,15,4.709473654726888,13,frozen_learned_node_score,0
1245,1244,prospective_v4,REGISTERED_UNEVALUATED,243cd17e6b97a2d96709ddfc689a068038669341a52dcc0743c141d309e43b9f,746efc843d53dff4e61394e26d458ea3f50c93e4,6a018e3036187a26ac9bcffda9fd7379d65d86cde84514faa08f4ea349b0f4bb,rolling300,V4_T,V4_NEW_PROSPECTIVE,16,17.17625033198316,1,frozen_learned_node_score,1
1245,1244,prospective_v4,REGISTERED_UNEVALUATED,243cd17e6b97a2d96709ddfc689a068038669341a52dcc0743c141d309e43b9f,746efc843d53dff4e61394e26d458ea3f50c93e4,6a018e3036187a26ac9bcffda9fd7379d65d86cde84514faa08f4ea349b0f4bb,rolling300,V4_T,V4_NEW_PROSPECTIVE,17,4.602965959668844,15,frozen_learned_node_score,0
1245,1244,prospective_v4,REGISTERED_UNEVALUATED,243cd17e6b97a2d96709ddfc689a068038669341a52dcc0743c141d309e43b9f,746efc843d53dff4e61394e26d458ea3f50c93e4,6a018e3036187a26ac9bcffda9fd7379d65d86cde84514faa08f4ea349b0f4bb,rolling300,V4_T,V4_NEW_PROSPECTIVE,18,-5.053754139492037,33,frozen_learned_node_score,0
1245,1244,prospective_v4,REGISTERED_UNEVALUATED,243cd17e6b97a2d96709ddfc689a068038669341a52dcc0743c141d309e43b9f,746efc843d53dff4e61394e26d458ea3f50c93e4,6a018e3036187a26ac9bcffda9fd7379d65d86cde84514faa08f4ea349b0f4bb,rolling300,V4_T,V4_NEW_PROSPECTIVE,19,-8.073334518739514,40,frozen_learned_node_score,0
1245,1244,prospective_v4,REGISTERED_UNEVALUATED,243cd17e6b97a2d96709ddfc689a068038669341a52dcc0743c141d309e43b9f,746efc843d53dff4e61394e26d458ea3f50c93e4,6a018e3036187a26ac9bcffda9fd7379d65d86cde84514faa08f4ea349b0f4bb,rolling300,V4_T,V4_NEW_PROSPECTIVE,20,8.997112287867887,5,frozen_learned_node_score,1
1245,1244,prospective_v4,REGISTERED_UNEVALUATED,243cd17e6b97a2d96709ddfc689a068038669341a52dcc0743c141d309e43b9f,746efc843d53dff4e61394e26d458ea3f50c93e4,6a018e3036187a26ac9bcffda9fd7379d65d86cde84514faa08f4ea349b0f4bb,rolling300,V4_T,V4_NEW_PROSPECTIVE,21,-7.476377981002995,39,frozen_learned_node_score,0
1245,1244,prospective_v4,REGISTERED_UNEVALUATED,243cd17e6b97a2d96709ddfc689a068038669341a52dcc0743c141d309e43b9f,746efc843d53dff4e61394e26d458ea3f50c93e4,6a018e3036187a26ac9bcffda9fd7379d65d86cde84514faa08f4ea349b0f4bb,rolling300,V4_T,V4_NEW_PROSPECTIVE,22,0.6043433599428792,20,frozen_learned_node_score,0
1245,1244,prospective_v4,REGISTERED_UNEVALUATED,243cd17e6b97a2d96709ddfc689a068038669341a52dcc0743c141d309e43b9f,746efc843d53dff4e61394e26d458ea3f50c93e4,6a018e3036187a26ac9bcffda9fd7379d65d86cde84514faa08f4ea349b0f4bb,rolling300,V4_T,V4_NEW_PROSPECTIVE,23,-4.834967878685381,31,frozen_learned_node_score,0
1245,1244,prospective_v4,REGISTERED_UNEVALUATED,243cd17e6b97a2d96709ddfc689a068038669341a52dcc0743c141d309e43b9f,746efc843d53dff4e61394e26d458ea3f50c93e4,6a018e3036187a26ac9bcffda9fd7379d65d86cde84514faa08f4ea349b0f4bb,rolling300,V4_T,V4_NEW_PROSPECTIVE,24,-6.501904020790275,37,frozen_learned_node_score,0
1245,1244,prospective_v4,REGISTERED_UNEVALUATED,243cd17e6b97a2d96709ddfc689a068038669341a52dcc0743c141d309e43b9f,746efc843d53dff4e61394e26d458ea3f50c93e4,6a018e3036187a26ac9bcffda9fd7379d65d86cde84514faa08f4ea349b0f4bb,rolling300,V4_T,V4_NEW_PROSPECTIVE,25,-3.9346071157127858,30,frozen_learned_node_score,0
1245,1244,prospective_v4,REGISTERED_UNEVALUATED,243cd17e6b97a2d96709ddfc689a068038669341a52dcc0743c141d309e43b9f,746efc843d53dff4e61394e26d458ea3f50c93e4,6a018e3036187a26ac9bcffda9fd7379d65d86cde84514faa08f4ea349b0f4bb,rolling300,V4_T,V4_NEW_PROSPECTIVE,26,1.587182779790782,19,frozen_learned_node_score,0
1245,1244,prospective_v4,REGISTERED_UNEVALUATED,243cd17e6b97a2d96709ddfc689a068038669341a52dcc0743c141d309e43b9f,746efc843d53dff4e61394e26d458ea3f50c93e4,6a018e3036187a26ac9bcffda9fd7379d65d86cde84514faa08f4ea349b0f4bb,rolling300,V4_T,V4_NEW_PROSPECTIVE,27,-2.186494717260763,27,frozen_learned_node_score,0
1245,1244,prospective_v4,REGISTERED_UNEVALUATED,243cd17e6b97a2d96709ddfc689a068038669341a52dcc0743c141d309e43b9f,746efc843d53dff4e61394e26d458ea3f50c93e4,6a018e3036187a26ac9bcffda9fd7379d65d86cde84514faa08f4ea349b0f4bb,rolling300,V4_T,V4_NEW_PROSPECTIVE,28,8.95182276353759,6,frozen_learned_node_score,1
1245,1244,prospective_v4,REGISTERED_UNEVALUATED,243cd17e6b97a2d96709ddfc689a068038669341a52dcc0743c141d309e43b9f,746efc843d53dff4e61394e26d458ea3f50c93e4,6a018e3036187a26ac9bcffda9fd7379d65d86cde84514faa08f4ea349b0f4bb,rolling300,V4_T,V4_NEW_PROSPECTIVE,29,5.9565861421994235,8,frozen_learned_node_score,0
1245,1244,prospective_v4,REGISTERED_UNEVALUATED,243cd17e6b97a2d96709ddfc689a068038669341a52dcc0743c141d309e43b9f,746efc843d53dff4e61394e26d458ea3f50c93e4,6a018e3036187a26ac9bcffda9fd7379d65d86cde84514faa08f4ea349b0f4bb,rolling300,V4_T,V4_NEW_PROSPECTIVE,30,4.856943812429466,11,frozen_learned_node_score,0
1245,1244,prospective_v4,REGISTERED_UNEVALUATED,243cd17e6b97a2d96709ddfc689a068038669341a52dcc0743c141d309e43b9f,746efc843d53dff4e61394e26d458ea3f50c93e4,6a018e3036187a26ac9bcffda9fd7379d65d86cde84514faa08f4ea349b0f4bb,rolling300,V4_T,V4_NEW_PROSPECTIVE,31,13.969001169269172,3,frozen_learned_node_score,1
1245,1244,prospective_v4,REGISTERED_UNEVALUATED,243cd17e6b97a2d96709ddfc689a068038669341a52dcc0743c141d309e43b9f,746efc843d53dff4e61394e26d458ea3f50c93e4,6a018e3036187a26ac9bcffda9fd7379d65d86cde84514faa08f4ea349b0f4bb,rolling300,V4_T,V4_NEW_PROSPECTIVE,32,-5.498128743912128,35,frozen_learned_node_score,0
1245,1244,prospective_v4,REGISTERED_UNEVALUATED,243cd17e6b97a2d96709ddfc689a068038669341a52dcc0743c141d309e43b9f,746efc843d53dff4e61394e26d458ea3f50c93e4,6a018e3036187a26ac9bcffda9fd7379d65d86cde84514faa08f4ea349b0f4bb,rolling300,V4_T,V4_NEW_PROSPECTIVE,33,-1.0804739591964072,26,frozen_learned_node_score,0
1245,1244,prospective_v4,REGISTERED_UNEVALUATED,243cd17e6b97a2d96709ddfc689a068038669341a52dcc0743c141d309e43b9f,746efc843d53dff4e61394e26d458ea3f50c93e4,6a018e3036187a26ac9bcffda9fd7379d65d86cde84514faa08f4ea349b0f4bb,rolling300,V4_T,V4_NEW_PROSPECTIVE,34,5.020530829350237,10,frozen_learned_node_score,0
1245,1244,prospective_v4,REGISTERED_UNEVALUATED,243cd17e6b97a2d96709ddfc689a068038669341a52dcc0743c141d309e43b9f,746efc843d53dff4e61394e26d458ea3f50c93e4,6a018e3036187a26ac9bcffda9fd7379d65d86cde84514faa08f4ea349b0f4bb,rolling300,V4_T,V4_NEW_PROSPECTIVE,35,2.468288628483708,16,frozen_learned_node_score,0
1245,1244,prospective_v4,REGISTERED_UNEVALUATED,243cd17e6b97a2d96709ddfc689a068038669341a52dcc0743c141d309e43b9f,746efc843d53dff4e61394e26d458ea3f50c93e4,6a018e3036187a26ac9bcffda9fd7379d65d86cde84514faa08f4ea349b0f4bb,rolling300,V4_T,V4_NEW_PROSPECTIVE,36,-5.363134067196453,34,frozen_learned_node_score,0
1245,1244,prospective_v4,REGISTERED_UNEVALUATED,243cd17e6b97a2d96709ddfc689a068038669341a52dcc0743c141d309e43b9f,746efc843d53dff4e61394e26d458ea3f50c93e4,6a018e3036187a26ac9bcffda9fd7379d65d86cde84514faa08f4ea349b0f4bb,rolling300,V4_T,V4_NEW_PROSPECTIVE,37,8.281894580360152,7,frozen_learned_node_score,0
1245,1244,prospective_v4,REGISTERED_UNEVALUATED,243cd17e6b97a2d96709ddfc689a068038669341a52dcc0743c141d309e43b9f,746efc843d53dff4e61394e26d458ea3f50c93e4,6a018e3036187a26ac9bcffda9fd7379d65d86cde84514faa08f4ea349b0f4bb,rolling300,V4_T,V4_NEW_PROSPECTIVE,38,1.6746647679507083,18,frozen_learned_node_score,0
1245,1244,prospective_v4,REGISTERED_UNEVALUATED,243cd17e6b97a2d96709ddfc689a068038669341a52dcc0743c141d309e43b9f,746efc843d53dff4e61394e26d458ea3f50c93e4,6a018e3036187a26ac9bcffda9fd7379d65d86cde84514faa08f4ea349b0f4bb,rolling300,V4_T,V4_NEW_PROSPECTIVE,39,-5.867770390003047,36,frozen_learned_node_score,0
1245,1244,prospective_v4,REGISTERED_UNEVALUATED,243cd17e6b97a2d96709ddfc689a068038669341a52dcc0743c141d309e43b9f,746efc843d53dff4e61394e26d458ea3f50c93e4,6a018e3036187a26ac9bcffda9fd7379d65d86cde84514faa08f4ea349b0f4bb,rolling300,V4_T,V4_NEW_PROSPECTIVE,40,2.1739376879179058,17,frozen_learned_node_score,0
1245,1244,prospective_v4,REGISTERED_UNEVALUATED,243cd17e6b97a2d96709ddfc689a068038669341a52dcc0743c141d309e43b9f,746efc843d53dff4e61394e26d458ea3f50c93e4,6a018e3036187a26ac9bcffda9fd7379d65d86cde84514faa08f4ea349b0f4bb,rolling300,V4_T,V4_NEW_PROSPECTIVE,41,-0.5177544121164777,25,frozen_learned_node_score,0
1245,1244,prospective_v4,REGISTERED_UNEVALUATED,243cd17e6b97a2d96709ddfc689a068038669341a52dcc0743c141d309e43b9f,746efc843d53dff4e61394e26d458ea3f50c93e4,6a018e3036187a26ac9bcffda9fd7379d65d86cde84514faa08f4ea349b0f4bb,rolling300,V4_T,V4_NEW_PROSPECTIVE,42,-7.419210826172969,38,frozen_learned_node_score,0
1245,1244,prospective_v4,REGISTERED_UNEVALUATED,243cd17e6b97a2d96709ddfc689a068038669341a52dcc0743c141d309e43b9f,746efc843d53dff4e61394e26d458ea3f50c93e4,6a018e3036187a26ac9bcffda9fd7379d65d86cde84514faa08f4ea349b0f4bb,rolling300,V4_T,V4_NEW_PROSPECTIVE,43,-10.932619848777378,44,frozen_learned_node_score,0
1245,1244,prospective_v4,REGISTERED_UNEVALUATED,243cd17e6b97a2d96709ddfc689a068038669341a52dcc0743c141d309e43b9f,746efc843d53dff4e61394e26d458ea3f50c93e4,6a018e3036187a26ac9bcffda9fd7379d65d86cde84514faa08f4ea349b0f4bb,rolling300,V4_T,V4_NEW_PROSPECTIVE,44,-8.309545782208083,42,frozen_learned_node_score,0
1245,1244,prospective_v4,REGISTERED_UNEVALUATED,243cd17e6b97a2d96709ddfc689a068038669341a52dcc0743c141d309e43b9f,746efc843d53dff4e61394e26d458ea3f50c93e4,6a018e3036187a26ac9bcffda9fd7379d65d86cde84514faa08f4ea349b0f4bb,rolling300,V4_T,V4_NEW_PROSPECTIVE,45,-0.0336241695009184,22,frozen_learned_node_score,0
1245,1244,prospective_v4,REGISTERED_UNEVALUATED,243cd17e6b97a2d96709ddfc689a068038669341a52dcc0743c141d309e43b9f,746efc843d53dff4e61394e26d458ea3f50c93e4,6a018e3036187a26ac9bcffda9fd7379d65d86cde84514faa08f4ea349b0f4bb,rolling300,V4_S,V4_NEW_PROSPECTIVE,1,,,NOT_DEFINED_TICKET_ONLY_MODEL,1
1245,1244,prospective_v4,REGISTERED_UNEVALUATED,243cd17e6b97a2d96709ddfc689a068038669341a52dcc0743c141d309e43b9f,746efc843d53dff4e61394e26d458ea3f50c93e4,6a018e3036187a26ac9bcffda9fd7379d65d86cde84514faa08f4ea349b0f4bb,rolling300,V4_S,V4_NEW_PROSPECTIVE,2,,,NOT_DEFINED_TICKET_ONLY_MODEL,0
1245,1244,prospective_v4,REGISTERED_UNEVALUATED,243cd17e6b97a2d96709ddfc689a068038669341a52dcc0743c141d309e43b9f,746efc843d53dff4e61394e26d458ea3f50c93e4,6a018e3036187a26ac9bcffda9fd7379d65d86cde84514faa08f4ea349b0f4bb,rolling300,V4_S,V4_NEW_PROSPECTIVE,3,,,NOT_DEFINED_TICKET_ONLY_MODEL,0
1245,1244,prospective_v4,REGISTERED_UNEVALUATED,243cd17e6b97a2d96709ddfc689a068038669341a52dcc0743c141d309e43b9f,746efc843d53dff4e61394e26d458ea3f50c93e4,6a018e3036187a26ac9bcffda9fd7379d65d86cde84514faa08f4ea349b0f4bb,rolling300,V4_S,V4_NEW_PROSPECTIVE,4,,,NOT_DEFINED_TICKET_ONLY_MODEL,0
1245,1244,prospective_v4,REGISTERED_UNEVALUATED,243cd17e6b97a2d96709ddfc689a068038669341a52dcc0743c141d309e43b9f,746efc843d53dff4e61394e26d458ea3f50c93e4,6a018e3036187a26ac9bcffda9fd7379d65d86cde84514faa08f4ea349b0f4bb,rolling300,V4_S,V4_NEW_PROSPECTIVE,5,,,NOT_DEFINED_TICKET_ONLY_MODEL,0
1245,1244,prospective_v4,REGISTERED_UNEVALUATED,243cd17e6b97a2d96709ddfc689a068038669341a52dcc0743c141d309e43b9f,746efc843d53dff4e61394e26d458ea3f50c93e4,6a018e3036187a26ac9bcffda9fd7379d65d86cde84514faa08f4ea349b0f4bb,rolling300,V4_S,V4_NEW_PROSPECTIVE,6,,,NOT_DEFINED_TICKET_ONLY_MODEL,1
1245,1244,prospective_v4,REGISTERED_UNEVALUATED,243cd17e6b97a2d96709ddfc689a068038669341a52dcc0743c141d309e43b9f,746efc843d53dff4e61394e26d458ea3f50c93e4,6a018e3036187a26ac9bcffda9fd7379d65d86cde84514faa08f4ea349b0f4bb,rolling300,V4_S,V4_NEW_PROSPECTIVE,7,,,NOT_DEFINED_TICKET_ONLY_MODEL,0
1245,1244,prospective_v4,REGISTERED_UNEVALUATED,243cd17e6b97a2d96709ddfc689a068038669341a52dcc0743c141d309e43b9f,746efc843d53dff4e61394e26d458ea3f50c93e4,6a018e3036187a26ac9bcffda9fd7379d65d86cde84514faa08f4ea349b0f4bb,rolling300,V4_S,V4_NEW_PROSPECTIVE,8,,,NOT_DEFINED_TICKET_ONLY_MODEL,0
1245,1244,prospective_v4,REGISTERED_UNEVALUATED,243cd17e6b97a2d96709ddfc689a068038669341a52dcc0743c141d309e43b9f,746efc843d53dff4e61394e26d458ea3f50c93e4,6a018e3036187a26ac9bcffda9fd7379d65d86cde84514faa08f4ea349b0f4bb,rolling300,V4_S,V4_NEW_PROSPECTIVE,9,,,NOT_DEFINED_TICKET_ONLY_MODEL,0
1245,1244,prospective_v4,REGISTERED_UNEVALUATED,243cd17e6b97a2d96709ddfc689a068038669341a52dcc0743c141d309e43b9f,746efc843d53dff4e61394e26d458ea3f50c93e4,6a018e3036187a26ac9bcffda9fd7379d65d86cde84514faa08f4ea349b0f4bb,rolling300,V4_S,V4_NEW_PROSPECTIVE,10,,,NOT_DEFINED_TICKET_ONLY_MODEL,0
1245,1244,prospective_v4,REGISTERED_UNEVALUATED,243cd17e6b97a2d96709ddfc689a068038669341a52dcc0743c141d309e43b9f,746efc843d53dff4e61394e26d458ea3f50c93e4,6a018e3036187a26ac9bcffda9fd7379d65d86cde84514faa08f4ea349b0f4bb,rolling300,V4_S,V4_NEW_PROSPECTIVE,11,,,NOT_DEFINED_TICKET_ONLY_MODEL,0
1245,1244,prospective_v4,REGISTERED_UNEVALUATED,243cd17e6b97a2d96709ddfc689a068038669341a52dcc0743c141d309e43b9f,746efc843d53dff4e61394e26d458ea3f50c93e4,6a018e3036187a26ac9bcffda9fd7379d65d86cde84514faa08f4ea349b0f4bb,rolling300,V4_S,V4_NEW_PROSPECTIVE,12,,,NOT_DEFINED_TICKET_ONLY_MODEL,1
1245,1244,prospective_v4,REGISTERED_UNEVALUATED,243cd17e6b97a2d96709ddfc689a068038669341a52dcc0743c141d309e43b9f,746efc843d53dff4e61394e26d458ea3f50c93e4,6a018e3036187a26ac9bcffda9fd7379d65d86cde84514faa08f4ea349b0f4bb,rolling300,V4_S,V4_NEW_PROSPECTIVE,13,,,NOT_DEFINED_TICKET_ONLY_MODEL,0
1245,1244,prospective_v4,REGISTERED_UNEVALUATED,243cd17e6b97a2d96709ddfc689a068038669341a52dcc0743c141d309e43b9f,746efc843d53dff4e61394e26d458ea3f50c93e4,6a018e3036187a26ac9bcffda9fd7379d65d86cde84514faa08f4ea349b0f4bb,rolling300,V4_S,V4_NEW_PROSPECTIVE,14,,,NOT_DEFINED_TICKET_ONLY_MODEL,0
1245,1244,prospective_v4,REGISTERED_UNEVALUATED,243cd17e6b97a2d96709ddfc689a068038669341a52dcc0743c141d309e43b9f,746efc843d53dff4e61394e26d458ea3f50c93e4,6a018e3036187a26ac9bcffda9fd7379d65d86cde84514faa08f4ea349b0f4bb,rolling300,V4_S,V4_NEW_PROSPECTIVE,15,,,NOT_DEFINED_TICKET_ONLY_MODEL,0
1245,1244,prospective_v4,REGISTERED_UNEVALUATED,243cd17e6b97a2d96709ddfc689a068038669341a52dcc0743c141d309e43b9f,746efc843d53dff4e61394e26d458ea3f50c93e4,6a018e3036187a26ac9bcffda9fd7379d65d86cde84514faa08f4ea349b0f4bb,rolling300,V4_S,V4_NEW_PROSPECTIVE,16,,,NOT_DEFINED_TICKET_ONLY_MODEL,0
1245,1244,prospective_v4,REGISTERED_UNEVALUATED,243cd17e6b97a2d96709ddfc689a068038669341a52dcc0743c141d309e43b9f,746efc843d53dff4e61394e26d458ea3f50c93e4,6a018e3036187a26ac9bcffda9fd7379d65d86cde84514faa08f4ea349b0f4bb,rolling300,V4_S,V4_NEW_PROSPECTIVE,17,,,NOT_DEFINED_TICKET_ONLY_MODEL,0
1245,1244,prospective_v4,REGISTERED_UNEVALUATED,243cd17e6b97a2d96709ddfc689a068038669341a52dcc0743c141d309e43b9f,746efc843d53dff4e61394e26d458ea3f50c93e4,6a018e3036187a26ac9bcffda9fd7379d65d86cde84514faa08f4ea349b0f4bb,rolling300,V4_S,V4_NEW_PROSPECTIVE,18,,,NOT_DEFINED_TICKET_ONLY_MODEL,0
1245,1244,prospective_v4,REGISTERED_UNEVALUATED,243cd17e6b97a2d96709ddfc689a068038669341a52dcc0743c141d309e43b9f,746efc843d53dff4e61394e26d458ea3f50c93e4,6a018e3036187a26ac9bcffda9fd7379d65d86cde84514faa08f4ea349b0f4bb,rolling300,V4_S,V4_NEW_PROSPECTIVE,19,,,NOT_DEFINED_TICKET_ONLY_MODEL,0
1245,1244,prospective_v4,REGISTERED_UNEVALUATED,243cd17e6b97a2d96709ddfc689a068038669341a52dcc0743c141d309e43b9f,746efc843d53dff4e61394e26d458ea3f50c93e4,6a018e3036187a26ac9bcffda9fd7379d65d86cde84514faa08f4ea349b0f4bb,rolling300,V4_S,V4_NEW_PROSPECTIVE,20,,,NOT_DEFINED_TICKET_ONLY_MODEL,0
1245,1244,prospective_v4,REGISTERED_UNEVALUATED,243cd17e6b97a2d96709ddfc689a068038669341a52dcc0743c141d309e43b9f,746efc843d53dff4e61394e26d458ea3f50c93e4,6a018e3036187a26ac9bcffda9fd7379d65d86cde84514faa08f4ea349b0f4bb,rolling300,V4_S,V4_NEW_PROSPECTIVE,21,,,NOT_DEFINED_TICKET_ONLY_MODEL,0
1245,1244,prospective_v4,REGISTERED_UNEVALUATED,243cd17e6b97a2d96709ddfc689a068038669341a52dcc0743c141d309e43b9f,746efc843d53dff4e61394e26d458ea3f50c93e4,6a018e3036187a26ac9bcffda9fd7379d65d86cde84514faa08f4ea349b0f4bb,rolling300,V4_S,V4_NEW_PROSPECTIVE,22,,,NOT_DEFINED_TICKET_ONLY_MODEL,0
1245,1244,prospective_v4,REGISTERED_UNEVALUATED,243cd17e6b97a2d96709ddfc689a068038669341a52dcc0743c141d309e43b9f,746efc843d53dff4e61394e26d458ea3f50c93e4,6a018e3036187a26ac9bcffda9fd7379d65d86cde84514faa08f4ea349b0f4bb,rolling300,V4_S,V4_NEW_PROSPECTIVE,23,,,NOT_DEFINED_TICKET_ONLY_MODEL,0
1245,1244,prospective_v4,REGISTERED_UNEVALUATED,243cd17e6b97a2d96709ddfc689a068038669341a52dcc0743c141d309e43b9f,746efc843d53dff4e61394e26d458ea3f50c93e4,6a018e3036187a26ac9bcffda9fd7379d65d86cde84514faa08f4ea349b0f4bb,rolling300,V4_S,V4_NEW_PROSPECTIVE,24,,,NOT_DEFINED_TICKET_ONLY_MODEL,0
1245,1244,prospective_v4,REGISTERED_UNEVALUATED,243cd17e6b97a2d96709ddfc689a068038669341a52dcc0743c141d309e43b9f,746efc843d53dff4e61394e26d458ea3f50c93e4,6a018e3036187a26ac9bcffda9fd7379d65d86cde84514faa08f4ea349b0f4bb,rolling300,V4_S,V4_NEW_PROSPECTIVE,25,,,NOT_DEFINED_TICKET_ONLY_MODEL,0
1245,1244,prospective_v4,REGISTERED_UNEVALUATED,243cd17e6b97a2d96709ddfc689a068038669341a52dcc0743c141d309e43b9f,746efc843d53dff4e61394e26d458ea3f50c93e4,6a018e3036187a26ac9bcffda9fd7379d65d86cde84514faa08f4ea349b0f4bb,rolling300,V4_S,V4_NEW_PROSPECTIVE,26,,,NOT_DEFINED_TICKET_ONLY_MODEL,0
1245,1244,prospective_v4,REGISTERED_UNEVALUATED,243cd17e6b97a2d96709ddfc689a068038669341a52dcc0743c141d309e43b9f,746efc843d53dff4e61394e26d458ea3f50c93e4,6a018e3036187a26ac9bcffda9fd7379d65d86cde84514faa08f4ea349b0f4bb,rolling300,V4_S,V4_NEW_PROSPECTIVE,27,,,NOT_DEFINED_TICKET_ONLY_MODEL,0
1245,1244,prospective_v4,REGISTERED_UNEVALUATED,243cd17e6b97a2d96709ddfc689a068038669341a52dcc0743c141d309e43b9f,746efc843d53dff4e61394e26d458ea3f50c93e4,6a018e3036187a26ac9bcffda9fd7379d65d86cde84514faa08f4ea349b0f4bb,rolling300,V4_S,V4_NEW_PROSPECTIVE,28,,,NOT_DEFINED_TICKET_ONLY_MODEL,0
1245,1244,prospective_v4,REGISTERED_UNEVALUATED,243cd17e6b97a2d96709ddfc689a068038669341a52dcc0743c141d309e43b9f,746efc843d53dff4e61394e26d458ea3f50c93e4,6a018e3036187a26ac9bcffda9fd7379d65d86cde84514faa08f4ea349b0f4bb,rolling300,V4_S,V4_NEW_PROSPECTIVE,29,,,NOT_DEFINED_TICKET_ONLY_MODEL,0
1245,1244,prospective_v4,REGISTERED_UNEVALUATED,243cd17e6b97a2d96709ddfc689a068038669341a52dcc0743c141d309e43b9f,746efc843d53dff4e61394e26d458ea3f50c93e4,6a018e3036187a26ac9bcffda9fd7379d65d86cde84514faa08f4ea349b0f4bb,rolling300,V4_S,V4_NEW_PROSPECTIVE,30,,,NOT_DEFINED_TICKET_ONLY_MODEL,0
1245,1244,prospective_v4,REGISTERED_UNEVALUATED,243cd17e6b97a2d96709ddfc689a068038669341a52dcc0743c141d309e43b9f,746efc843d53dff4e61394e26d458ea3f50c93e4,6a018e3036187a26ac9bcffda9fd7379d65d86cde84514faa08f4ea349b0f4bb,rolling300,V4_S,V4_NEW_PROSPECTIVE,31,,,NOT_DEFINED_TICKET_ONLY_MODEL,0
1245,1244,prospective_v4,REGISTERED_UNEVALUATED,243cd17e6b97a2d96709ddfc689a068038669341a52dcc0743c141d309e43b9f,746efc843d53dff4e61394e26d458ea3f50c93e4,6a018e3036187a26ac9bcffda9fd7379d65d86cde84514faa08f4ea349b0f4bb,rolling300,V4_S,V4_NEW_PROSPECTIVE,32,,,NOT_DEFINED_TICKET_ONLY_MODEL,0
1245,1244,prospective_v4,REGISTERED_UNEVALUATED,243cd17e6b97a2d96709ddfc689a068038669341a52dcc0743c141d309e43b9f,746efc843d53dff4e61394e26d458ea3f50c93e4,6a018e3036187a26ac9bcffda9fd7379d65d86cde84514faa08f4ea349b0f4bb,rolling300,V4_S,V4_NEW_PROSPECTIVE,33,,,NOT_DEFINED_TICKET_ONLY_MODEL,1
1245,1244,prospective_v4,REGISTERED_UNEVALUATED,243cd17e6b97a2d96709ddfc689a068038669341a52dcc0743c141d309e43b9f,746efc843d53dff4e61394e26d458ea3f50c93e4,6a018e3036187a26ac9bcffda9fd7379d65d86cde84514faa08f4ea349b0f4bb,rolling300,V4_S,V4_NEW_PROSPECTIVE,34,,,NOT_DEFINED_TICKET_ONLY_MODEL,0
1245,1244,prospective_v4,REGISTERED_UNEVALUATED,243cd17e6b97a2d96709ddfc689a068038669341a52dcc0743c141d309e43b9f,746efc843d53dff4e61394e26d458ea3f50c93e4,6a018e3036187a26ac9bcffda9fd7379d65d86cde84514faa08f4ea349b0f4bb,rolling300,V4_S,V4_NEW_PROSPECTIVE,35,,,NOT_DEFINED_TICKET_ONLY_MODEL,1
1245,1244,prospective_v4,REGISTERED_UNEVALUATED,243cd17e6b97a2d96709ddfc689a068038669341a52dcc0743c141d309e43b9f,746efc843d53dff4e61394e26d458ea3f50c93e4,6a018e3036187a26ac9bcffda9fd7379d65d86cde84514faa08f4ea349b0f4bb,rolling300,V4_S,V4_NEW_PROSPECTIVE,36,,,NOT_DEFINED_TICKET_ONLY_MODEL,0
1245,1244,prospective_v4,REGISTERED_UNEVALUATED,243cd17e6b97a2d96709ddfc689a068038669341a52dcc0743c141d309e43b9f,746efc843d53dff4e61394e26d458ea3f50c93e4,6a018e3036187a26ac9bcffda9fd7379d65d86cde84514faa08f4ea349b0f4bb,rolling300,V4_S,V4_NEW_PROSPECTIVE,37,,,NOT_DEFINED_TICKET_ONLY_MODEL,0
1245,1244,prospective_v4,REGISTERED_UNEVALUATED,243cd17e6b97a2d96709ddfc689a068038669341a52dcc0743c141d309e43b9f,746efc843d53dff4e61394e26d458ea3f50c93e4,6a018e3036187a26ac9bcffda9fd7379d65d86cde84514faa08f4ea349b0f4bb,rolling300,V4_S,V4_NEW_PROSPECTIVE,38,,,NOT_DEFINED_TICKET_ONLY_MODEL,0
1245,1244,prospective_v4,REGISTERED_UNEVALUATED,243cd17e6b97a2d96709ddfc689a068038669341a52dcc0743c141d309e43b9f,746efc843d53dff4e61394e26d458ea3f50c93e4,6a018e3036187a26ac9bcffda9fd7379d65d86cde84514faa08f4ea349b0f4bb,rolling300,V4_S,V4_NEW_PROSPECTIVE,39,,,NOT_DEFINED_TICKET_ONLY_MODEL,0
1245,1244,prospective_v4,REGISTERED_UNEVALUATED,243cd17e6b97a2d96709ddfc689a068038669341a52dcc0743c141d309e43b9f,746efc843d53dff4e61394e26d458ea3f50c93e4,6a018e3036187a26ac9bcffda9fd7379d65d86cde84514faa08f4ea349b0f4bb,rolling300,V4_S,V4_NEW_PROSPECTIVE,40,,,NOT_DEFINED_TICKET_ONLY_MODEL,0
1245,1244,prospective_v4,REGISTERED_UNEVALUATED,243cd17e6b97a2d96709ddfc689a068038669341a52dcc0743c141d309e43b9f,746efc843d53dff4e61394e26d458ea3f50c93e4,6a018e3036187a26ac9bcffda9fd7379d65d86cde84514faa08f4ea349b0f4bb,rolling300,V4_S,V4_NEW_PROSPECTIVE,41,,,NOT_DEFINED_TICKET_ONLY_MODEL,1
1245,1244,prospective_v4,REGISTERED_UNEVALUATED,243cd17e6b97a2d96709ddfc689a068038669341a52dcc0743c141d309e43b9f,746efc843d53dff4e61394e26d458ea3f50c93e4,6a018e3036187a26ac9bcffda9fd7379d65d86cde84514faa08f4ea349b0f4bb,rolling300,V4_S,V4_NEW_PROSPECTIVE,42,,,NOT_DEFINED_TICKET_ONLY_MODEL,0
1245,1244,prospective_v4,REGISTERED_UNEVALUATED,243cd17e6b97a2d96709ddfc689a068038669341a52dcc0743c141d309e43b9f,746efc843d53dff4e61394e26d458ea3f50c93e4,6a018e3036187a26ac9bcffda9fd7379d65d86cde84514faa08f4ea349b0f4bb,rolling300,V4_S,V4_NEW_PROSPECTIVE,43,,,NOT_DEFINED_TICKET_ONLY_MODEL,0
1245,1244,prospective_v4,REGISTERED_UNEVALUATED,243cd17e6b97a2d96709ddfc689a068038669341a52dcc0743c141d309e43b9f,746efc843d53dff4e61394e26d458ea3f50c93e4,6a018e3036187a26ac9bcffda9fd7379d65d86cde84514faa08f4ea349b0f4bb,rolling300,V4_S,V4_NEW_PROSPECTIVE,44,,,NOT_DEFINED_TICKET_ONLY_MODEL,0
1245,1244,prospective_v4,REGISTERED_UNEVALUATED,243cd17e6b97a2d96709ddfc689a068038669341a52dcc0743c141d309e43b9f,746efc843d53dff4e61394e26d458ea3f50c93e4,6a018e3036187a26ac9bcffda9fd7379d65d86cde84514faa08f4ea349b0f4bb,rolling300,V4_S,V4_NEW_PROSPECTIVE,45,,,NOT_DEFINED_TICKET_ONLY_MODEL,0
